file,line,symbol,type,scope,mutability,synchronization,writer_evidence,reader_evidence,owner_identity,reset_teardown_disposition
ggml/src/ggml-sycl/ggml-sycl.cpp,214,t_pp_scratch_profile,pp_scratch_profile_state,anonymous-namespace,mutable,thread-local,unscoped lexical candidate: L225:t_pp_scratch_profile = {}; | L285:t_pp_scratch_profile = {};,unscoped lexical candidate: L226:t_pp_scratch_profile.active = pp_scratch_profile_enabled() && is_prompt_phase; | L230:if (!t_pp_scratch_profile.active) { | L233:t_pp_scratch_profile.current_op = op;,thread,lifecycle not inferred; no binding-resolved reset analysis
ggml/src/ggml-sycl/ggml-sycl.cpp,217,enabled,const bool,function-local:pp_scratch_profile_enabled,immutable binding,none evident,unscoped lexical candidate: L466:static const bool enabled = [] { | L475:static const bool enabled = [] { | L553:static const bool enabled = [] {,"unscoped lexical candidate: L221:return enabled; | L403:static std::atomic<int> g_ggml_sycl_unified_dispatch{ -1 }; // -1 = not initialized, 0 = disabled, 1 = enabled | L470:return enabled;",process or function lifetime (review required),not applicable: immutable binding
ggml/src/ggml-sycl/ggml-sycl.cpp,363,g_sycl_loaded,bool,file,mutable,none evident,unscoped lexical candidate: L26279:g_sycl_loaded = false; | L26285:g_sycl_loaded = true;,unscoped lexical candidate: L84214:if (!g_sycl_loaded) {,process or function lifetime (review required),lifecycle not inferred; no binding-resolved reset analysis
ggml/src/ggml-sycl/ggml-sycl.cpp,364,g_ggml_sycl_debug,int,file,mutable,none evident,unscoped lexical candidate: L26075:g_ggml_sycl_debug = debug_value;,"unscoped lexical candidate: L375:// normal runs (the mismatch warnings are otherwise gated on g_ggml_sycl_debug, | L4178:(g_ggml_sycl_debug || (route_log_env && std::atoi(route_log_env) != 0))) { | L5808:(g_ggml_sycl_debug || (route_env && std::atoi(route_env) != 0) || (path_env && std::atoi(path_env) != 0)) ?",process or function lifetime (review required),lifecycle not inferred; no binding-resolved reset analysis
ggml/src/ggml-sycl/ggml-sycl.cpp,365,g_ggml_sycl_debug_sync,int,file,mutable,none evident,none found by unscoped lexical scan,"unscoped lexical candidate: L26099:{ ""GGML_SYCL_DEBUG_SYNC"", &g_ggml_sycl_debug_sync, 0 }, | L26215:GGML_LOG_INFO("" GGML_SYCL_DEBUG_SYNC: %d\n"", g_ggml_sycl_debug_sync); | L82102:return g_ggml_sycl_debug_sync != 0 || (ops && *ops) || (names && *names);",process or function lifetime (review required),lifecycle not inferred; no binding-resolved reset analysis
ggml/src/ggml-sycl/ggml-sycl.cpp,367,g_ggml_sycl_tp_debug,int,file,mutable,none evident,none found by unscoped lexical scan,"unscoped lexical candidate: L26100:{ ""GGML_SYCL_TP_DEBUG"", &g_ggml_sycl_tp_debug, 0 }, | L26216:GGML_LOG_INFO("" GGML_SYCL_TP_DEBUG: %d\n"", g_ggml_sycl_tp_debug); | L41073:if (g_ggml_sycl_tp_debug && (is_embd || (init_dbg++ < 5))) {",process or function lifetime (review required),lifecycle not inferred; no binding-resolved reset analysis
ggml/src/ggml-sycl/ggml-sycl.cpp,368,g_ggml_sycl_tp_async_ffn,int,file,mutable,none evident,none found by unscoped lexical scan,unscoped lexical candidate: L50189:} else if (g_ggml_sycl_tp_async_ffn) {,process or function lifetime (review required),lifecycle not inferred; no binding-resolved reset analysis
ggml/src/ggml-sycl/ggml-sycl.cpp,369,g_ggml_sycl_disable_graph,int,file,mutable,none evident,unscoped lexical candidate: L26135:g_ggml_sycl_disable_graph = 1; | L37254:g_ggml_sycl_disable_graph = 1;,"unscoped lexical candidate: L9711:return g_ggml_sycl_disable_graph || ctx->graphs_disabled || ctx->moe_graphs_disabled; | L21825:return g_ggml_sycl_disable_graph || g_moe_segmented_graph_dispatch_active || g_moe_direct_tg_dispatch_active || | L26101:{ ""GGML_SYCL_DISABLE_GRAPH"", &g_ggml_sycl_disable_graph, 0 },",process or function lifetime (review required),lifecycle not inferred; no binding-resolved reset analysis
ggml/src/ggml-sycl/ggml-sycl.cpp,373,g_ggml_sycl_safe_mode,int,file,mutable,none evident,none found by unscoped lexical scan,"unscoped lexical candidate: L26102:{ ""GGML_SYCL_SAFE_MODE"", &g_ggml_sycl_safe_mode, 0 }, | L26134:if (g_ggml_sycl_safe_mode && !g_ggml_sycl_disable_graph) { | L26229:if (g_ggml_sycl_safe_mode) {",process or function lifetime (review required),lifecycle not inferred; no binding-resolved reset analysis
ggml/src/ggml-sycl/ggml-sycl.cpp,377,g_ggml_sycl_handle_strict,int,file,mutable,none evident,none found by unscoped lexical scan,"unscoped lexical candidate: L26103:{ ""GGML_SYCL_HANDLE_STRICT"", &g_ggml_sycl_handle_strict, 0 }, | L26237:if (g_ggml_sycl_handle_strict) {",process or function lifetime (review required),lifecycle not inferred; no binding-resolved reset analysis
ggml/src/ggml-sycl/ggml-sycl.cpp,378,g_ggml_sycl_disable_dnn,int,file,mutable,none evident,none found by unscoped lexical scan,"unscoped lexical candidate: L26104:{ ""GGML_SYCL_DISABLE_DNN"", &g_ggml_sycl_disable_dnn, 0 }, | L26243:GGML_LOG_INFO("" GGML_SYCL_DISABLE_DNN: %d\n"", g_ggml_sycl_disable_dnn);",process or function lifetime (review required),lifecycle not inferred; no binding-resolved reset analysis
ggml/src/ggml-sycl/ggml-sycl.cpp,379,g_ggml_sycl_prioritize_dmmv,int,file,mutable,none evident,none found by unscoped lexical scan,"unscoped lexical candidate: L26105:{ ""GGML_SYCL_PRIORITIZE_DMMV"", &g_ggml_sycl_prioritize_dmmv, 0 }, | L26248:GGML_LOG_INFO("" GGML_SYCL_PRIORITIZE_DMMV: %d\n"", g_ggml_sycl_prioritize_dmmv); | L54953:return !g_ggml_sycl_prioritize_dmmv;",process or function lifetime (review required),lifecycle not inferred; no binding-resolved reset analysis
ggml/src/ggml-sycl/ggml-sycl.cpp,380,g_ggml_sycl_use_async_mem_op,int,file,mutable,none evident,unscoped lexical candidate: L26146:g_ggml_sycl_use_async_mem_op = 0; | L56028:g_ggml_sycl_use_async_mem_op = enabled ? 1 : 0;,"unscoped lexical candidate: L26121:{ ""GGML_SYCL_ASYNC_MEM"", &g_ggml_sycl_use_async_mem_op, 0 }, | L26143:if (g_ggml_sycl_use_async_mem_op) { | L26225:GGML_LOG_INFO("" GGML_SYCL_ASYNC_MEM: %d\n"", g_ggml_sycl_use_async_mem_op);",process or function lifetime (review required),lifecycle not inferred; no binding-resolved reset analysis
ggml/src/ggml-sycl/ggml-sycl.cpp,381,g_ggml_sycl_kqv_force_simple,int,file,mutable,none evident,none found by unscoped lexical scan,"unscoped lexical candidate: L26106:{ ""GGML_SYCL_KQV_FORCE_SIMPLE"", &g_ggml_sycl_kqv_force_simple, 0 }, | L26217:GGML_LOG_INFO("" GGML_SYCL_KQV_FORCE_SIMPLE: %d\n"", g_ggml_sycl_kqv_force_simple); | L66024:const bool force_simple_kqv = (g_ggml_sycl_kqv_force_simple || g_ggml_sycl_kqv_disable_fp16) && kqv_matmul;",process or function lifetime (review required),lifecycle not inferred; no binding-resolved reset analysis
ggml/src/ggml-sycl/ggml-sycl.cpp,382,g_ggml_sycl_kqv_disable_fp16,int,file,mutable,none evident,none found by unscoped lexical scan,"unscoped lexical candidate: L26107:{ ""GGML_SYCL_KQV_DISABLE_FP16"", &g_ggml_sycl_kqv_disable_fp16, 0 }, | L26218:GGML_LOG_INFO("" GGML_SYCL_KQV_DISABLE_FP16: %d\n"", g_ggml_sycl_kqv_disable_fp16); | L66024:const bool force_simple_kqv = (g_ggml_sycl_kqv_force_simple || g_ggml_sycl_kqv_disable_fp16) && kqv_matmul;",process or function lifetime (review required),lifecycle not inferred; no binding-resolved reset analysis
ggml/src/ggml-sycl/ggml-sycl.cpp,384,g_ggml_sycl_use_xmx_gemm,int,file,mutable,none evident,none found by unscoped lexical scan,"unscoped lexical candidate: L26109:{ ""GGML_SYCL_USE_XMX_GEMM"", &g_ggml_sycl_use_xmx_gemm, 0 }, | L26250:GGML_LOG_INFO("" GGML_SYCL_USE_XMX_GEMM: %d (experimental, 5-11x slower)\n"", g_ggml_sycl_use_xmx_gemm); | L26251:if (g_ggml_sycl_use_xmx_gemm) {",process or function lifetime (review required),lifecycle not inferred; no binding-resolved reset analysis
ggml/src/ggml-sycl/ggml-sycl.cpp,400,g_ggml_sycl_xmx_threshold,int,file,mutable,none evident,none found by unscoped lexical scan,"unscoped lexical candidate: L26113:{ ""GGML_SYCL_XMX_THRESHOLD"", &g_ggml_sycl_xmx_threshold, 64 }, | L26252:GGML_LOG_INFO("" GGML_SYCL_XMX_THRESHOLD: %d (XMX for batch < %d)\n"", g_ggml_sycl_xmx_threshold, | L26253:g_ggml_sycl_xmx_threshold);",process or function lifetime (review required),lifecycle not inferred; no binding-resolved reset analysis
ggml/src/ggml-sycl/ggml-sycl.cpp,403,g_ggml_sycl_unified_dispatch,std::atomic<int>,file,mutable,intrinsic:atomic,none found by unscoped lexical scan,"unscoped lexical candidate: L9345:int val = g_ggml_sycl_unified_dispatch.load(std::memory_order_acquire); | L9350:g_ggml_sycl_unified_dispatch.compare_exchange_strong(val, new_val, std::memory_order_release, | L9352:val = g_ggml_sycl_unified_dispatch.load(std::memory_order_acquire);",process or function lifetime (review required),lifecycle not inferred; no binding-resolved reset analysis
ggml/src/ggml-sycl/ggml-sycl.cpp,404,g_ggml_sycl_graph_recording,bool,file,mutable,thread-local,unscoped lexical candidate: L9733:g_ggml_sycl_graph_recording = true; | L9735:g_ggml_sycl_graph_recording = false; | L97586:g_ggml_sycl_graph_recording = false;,"unscoped lexical candidate: L432:GGML_ASSERT(!g_ggml_sycl_graph_recording && g_recording_graph_ptr == nullptr && g_recording_queue_ptr == nullptr && | L435:return { g_ggml_sycl_graph_recording, g_ggml_sycl_graph_recording_depth, g_recording_graph_ptr, | L1109:if (!g_ggml_sycl_graph_recording) {",thread,lifecycle not inferred; no binding-resolved reset analysis
ggml/src/ggml-sycl/ggml-sycl.cpp,408,g_recording_graph_ptr,sycl_ex::command_graph<sycl_ex::graph_state::modifiable> *,file,mutable,thread-local,unscoped lexical candidate: L97583:g_recording_graph_ptr = nullptr; | L97634:g_recording_graph_ptr = &moe_graph; | L98520:g_recording_graph_ptr = &seg_graph;,"unscoped lexical candidate: L432:GGML_ASSERT(!g_ggml_sycl_graph_recording && g_recording_graph_ptr == nullptr && g_recording_queue_ptr == nullptr && | L435:return { g_ggml_sycl_graph_recording, g_ggml_sycl_graph_recording_depth, g_recording_graph_ptr, | L95556:ggml_sycl_graph_recorder::active()->open() && g_recording_graph_ptr && g_recording_queue_ptr &&",thread,lifecycle not inferred; no binding-resolved reset analysis
ggml/src/ggml-sycl/ggml-sycl.cpp,409,g_recording_queue_ptr,sycl::queue *,file,mutable,thread-local,unscoped lexical candidate: L97584:g_recording_queue_ptr = nullptr; | L97635:g_recording_queue_ptr = stream; | L98521:g_recording_queue_ptr = stream;,"unscoped lexical candidate: L432:GGML_ASSERT(!g_ggml_sycl_graph_recording && g_recording_graph_ptr == nullptr && g_recording_queue_ptr == nullptr && | L436:g_recording_queue_ptr, ggml_sycl::set_graph_retained_handle_sink, ctx.graph_recording_dispatch, | L95556:ggml_sycl_graph_recorder::active()->open() && g_recording_graph_ptr && g_recording_queue_ptr &&",thread,lifecycle not inferred; no binding-resolved reset analysis
ggml/src/ggml-sycl/ggml-sycl.cpp,411,g_ggml_sycl_graph_recording_depth,std::atomic<int>,file,mutable,intrinsic:atomic,"unscoped lexical candidate: L97588:g_ggml_sycl_graph_recording_depth.fetch_sub(1, std::memory_order_acq_rel); | L97630:g_ggml_sycl_graph_recording_depth.fetch_add(1, std::memory_order_acq_rel); | L98503:g_ggml_sycl_graph_recording_depth.fetch_add(1, std::memory_order_acq_rel);","unscoped lexical candidate: L435:return { g_ggml_sycl_graph_recording, g_ggml_sycl_graph_recording_depth, g_recording_graph_ptr,",process or function lifetime (review required),lifecycle not inferred; no binding-resolved reset analysis
ggml/src/ggml-sycl/ggml-sycl.cpp,412,g_sycl_barrier_count_during_recording,std::atomic<int>,file,mutable,intrinsic:atomic,unscoped lexical candidate: L109196:g_sycl_barrier_count_during_recording.store(0);,"unscoped lexical candidate: L109215:g_sycl_barrier_count_during_recording.load(),",process or function lifetime (review required),lifecycle not inferred; unscoped lexical reset candidate: L109196:g_sycl_barrier_count_during_recording.store(0);
ggml/src/ggml-sycl/ggml-sycl.cpp,413,g_sycl_submit_count_during_recording,std::atomic<int>,file,mutable,intrinsic:atomic,"unscoped lexical candidate: L95414:g_sycl_submit_count_during_recording.fetch_add(1, std::memory_order_relaxed); | L109197:g_sycl_submit_count_during_recording.store(0);","unscoped lexical candidate: L109216:g_sycl_submit_count_during_recording.load(),",process or function lifetime (review required),lifecycle not inferred; unscoped lexical reset candidate: L109197:g_sycl_submit_count_during_recording.store(0);
ggml/src/ggml-sycl/ggml-sycl.cpp,414,g_sycl_extra_submit_count_during_recording,std::atomic<int>,file,mutable,intrinsic:atomic,unscoped lexical candidate: L109198:g_sycl_extra_submit_count_during_recording.store(0);,"unscoped lexical candidate: L109217:g_sycl_extra_submit_count_during_recording.load(), cgraph->n_nodes);",process or function lifetime (review required),lifecycle not inferred; unscoped lexical reset candidate: L109198:g_sycl_extra_submit_count_during_recording.store(0);
ggml/src/ggml-sycl/ggml-sycl.cpp,455,g_sycl_kv_host_decline_count,std::atomic<uint64_t>,file,mutable,intrinsic:atomic,"unscoped lexical candidate: L110194:g_sycl_kv_host_decline_count.fetch_add(1, std::memory_order_relaxed); | L110243:g_sycl_kv_host_decline_count.fetch_add(1, std::memory_order_relaxed);",unscoped lexical candidate: L459:// Same shape/lifetime discipline as g_sycl_kv_host_decline_count above -- | L85203:// g_sycl_kv_host_decline_count for why it is process-global and may | L85210:const uint64_t kv_host_declines = g_sycl_kv_host_decline_count.load(std::memory_order_relaxed);,model/layer semantic state (review required),lifecycle not inferred; no binding-resolved reset analysis
ggml/src/ggml-sycl/ggml-sycl.cpp,463,g_sycl_attn_host_accept_count,std::atomic<uint64_t>,file,mutable,intrinsic:atomic,"unscoped lexical candidate: L110200:g_sycl_attn_host_accept_count.fetch_add(1, std::memory_order_relaxed); | L110234:g_sycl_attn_host_accept_count.fetch_add(1, std::memory_order_relaxed);",none found by unscoped lexical scan,process or function lifetime (review required),lifecycle not inferred; no binding-resolved reset analysis
ggml/src/ggml-sycl/ggml-sycl.cpp,466,enabled,const bool,function-local:ggml_sycl_moe_exact_runtime_stage_enabled,immutable binding,none evident,unscoped lexical candidate: L217:static const bool enabled = []() { | L475:static const bool enabled = [] { | L553:static const bool enabled = [] {,"unscoped lexical candidate: L221:return enabled; | L403:static std::atomic<int> g_ggml_sycl_unified_dispatch{ -1 }; // -1 = not initialized, 0 = disabled, 1 = enabled | L470:return enabled;",process or function lifetime (review required),not applicable: immutable binding
ggml/src/ggml-sycl/ggml-sycl.cpp,475,enabled,const bool,function-local:ggml_sycl_graph_diag_enabled,immutable binding,none evident,unscoped lexical candidate: L217:static const bool enabled = []() { | L466:static const bool enabled = [] { | L553:static const bool enabled = [] {,"unscoped lexical candidate: L221:return enabled; | L403:static std::atomic<int> g_ggml_sycl_unified_dispatch{ -1 }; // -1 = not initialized, 0 = disabled, 1 = enabled | L470:return enabled;",process or function lifetime (review required),not applicable: immutable binding
ggml/src/ggml-sycl/ggml-sycl.cpp,510,mode,const ggml_sycl_fa_graph_allow_mode,function-local:ggml_sycl_flash_attn_graph_allow_mode,immutable binding,none evident,"unscoped lexical candidate: L1454:static const int mode = []() { | L16396:""alt_soa=%zu kv_ubatch=%u top_k=%d envelope=%d envelope_ubatch=%u mode=%d\n"", | L26704:extra->layout.mode = GGML_LAYOUT_AOS;","unscoped lexical candidate: L169:static const char * ggml_sycl_layout_mode_name(ggml_layout_mode mode); | L370:// Safe mode: after every submit via ggml_sycl_compute_forward, drain the | L374:// Strict handle mode: surface data_handle/data_device divergence as a warning in",process or function lifetime (review required),not applicable: immutable binding
ggml/src/ggml-sycl/ggml-sycl.cpp,553,enabled,const bool,function-local:ggml_sycl_non_fa_attn_graph_allow_enabled,immutable binding,none evident,unscoped lexical candidate: L217:static const bool enabled = []() { | L466:static const bool enabled = [] { | L475:static const bool enabled = [] {,"unscoped lexical candidate: L221:return enabled; | L403:static std::atomic<int> g_ggml_sycl_unified_dispatch{ -1 }; // -1 = not initialized, 0 = disabled, 1 = enabled | L470:return enabled;",process or function lifetime (review required),not applicable: immutable binding
ggml/src/ggml-sycl/ggml-sycl.cpp,688,g_graph_diag_counters,ggml_sycl_graph_diag_counters,file,mutable,none evident,none found by unscoped lexical scan,unscoped lexical candidate: L718:const uint64_t records = ggml_sycl_graph_diag_load(g_graph_diag_counters.sequence_graphlet_record); | L719:const uint64_t replays = ggml_sycl_graph_diag_load(g_graph_diag_counters.sequence_graphlet_replay); | L721:ggml_sycl_graph_diag_load(g_graph_diag_counters.sequence_graphlet_direct_replay_calls);,process or function lifetime (review required),lifecycle not inferred; no binding-resolved reset analysis
ggml/src/ggml-sycl/ggml-sycl.cpp,689,g_moe_direct_graphlet_pending_replays,int,file,mutable,thread-local,unscoped lexical candidate: L95516:g_moe_direct_graphlet_pending_replays++; | L95622:g_moe_direct_graphlet_pending_replays = 0; | L109363:g_moe_direct_graphlet_pending_replays = 0;,"unscoped lexical candidate: L831:(unsigned long long) direct_drain_wait, g_moe_direct_graphlet_pending_replays, | L95610:const int pending_direct_graphlets = g_moe_direct_graphlet_pending_replays; | L109315:g_moe_direct_graphlet_pending_replays > 0 || g_moe_block_graphlet_pending_replays > 0;",thread,lifecycle not inferred; no binding-resolved reset analysis
ggml/src/ggml-sycl/ggml-sycl.cpp,690,g_moe_block_graphlet_pending_replays,int,file,mutable,thread-local,unscoped lexical candidate: L99074:g_moe_block_graphlet_pending_replays++; | L109370:g_moe_block_graphlet_pending_replays = 0;,"unscoped lexical candidate: L834:block_drain_ns / 1000000.0, (unsigned long long) block_drain_wait, g_moe_block_graphlet_pending_replays, | L109315:g_moe_direct_graphlet_pending_replays > 0 || g_moe_block_graphlet_pending_replays > 0; | L109353:if (g_moe_direct_graphlet_pending_replays > 0 || g_moe_block_graphlet_pending_replays > 0 ||",thread,lifecycle not inferred; no binding-resolved reset analysis
ggml/src/ggml-sycl/ggml-sycl.cpp,691,g_moe_sequence_graphlet_pending_replays,int,file,mutable,thread-local,unscoped lexical candidate: L98324:g_moe_sequence_graphlet_pending_replays++; | L109382:g_moe_sequence_graphlet_pending_replays = 0;,"unscoped lexical candidate: L762:g_moe_sequence_graphlet_pending_replays); | L842:g_moe_sequence_graphlet_pending_replays, sequence_refresh_ns / 1000000.0, sequence_match_ns / 1000000.0, | L95630:g_moe_sequence_graphlet_pending_replays > 0 && ggml_sycl_sequence_graphlet_timing_enabled();",thread,lifecycle not inferred; no binding-resolved reset analysis
ggml/src/ggml-sycl/ggml-sycl.cpp,692,g_moe_sequence_graphlet_skip_current_compute,bool,file,mutable,thread-local,unscoped lexical candidate: L93709:g_moe_sequence_graphlet_skip_current_compute = true; | L93715:~moe_sequence_graphlet_post_prompt_scope() { g_moe_sequence_graphlet_skip_current_compute = previous; } | L98015:g_moe_sequence_graphlet_skip_current_compute = true;,unscoped lexical candidate: L93699:previous(g_moe_sequence_graphlet_skip_current_compute) { | L98020:if (g_moe_sequence_graphlet_skip_current_compute) {,thread,lifecycle not inferred; no binding-resolved reset analysis
ggml/src/ggml-sycl/ggml-sycl.cpp,708,enabled,const bool,function-local:ggml_sycl_sequence_graphlet_timing_enabled,immutable binding,none evident,unscoped lexical candidate: L217:static const bool enabled = []() { | L466:static const bool enabled = [] { | L475:static const bool enabled = [] {,"unscoped lexical candidate: L221:return enabled; | L403:static std::atomic<int> g_ggml_sycl_unified_dispatch{ -1 }; // -1 = not initialized, 0 = disabled, 1 = enabled | L470:return enabled;",process or function lifetime (review required),not applicable: immutable binding
ggml/src/ggml-sycl/ggml-sycl.cpp,882,enabled,const bool,function-local:ggml_sycl_graph_replay_probe_enabled,immutable binding,none evident,unscoped lexical candidate: L217:static const bool enabled = []() { | L466:static const bool enabled = [] { | L475:static const bool enabled = [] {,"unscoped lexical candidate: L221:return enabled; | L403:static std::atomic<int> g_ggml_sycl_unified_dispatch{ -1 }; // -1 = not initialized, 0 = disabled, 1 = enabled | L470:return enabled;",process or function lifetime (review required),not applicable: immutable binding
ggml/src/ggml-sycl/ggml-sycl.cpp,890,names,const std::vector<std::string>,function-local:<function>,immutable binding,none evident,"unscoped lexical candidate: L82093:const char * names = std::getenv(""GGML_SYCL_DEBUG_SYNC_NAMES""); | L82101:const char * names = std::getenv(""GGML_SYCL_DEBUG_SYNC_NAMES"");","unscoped lexical candidate: L857:// leafs/nodes/srcs, substring-matches tensor names against | L871:// step names the un-refreshed input. Call site: graph_diag_report_once (see | L915:return names;",process or function lifetime (review required),not applicable: immutable binding
ggml/src/ggml-sycl/ggml-sycl.cpp,925,limit,const int,function-local:ggml_sycl_graph_replay_probe_dump,immutable binding,none evident,"unscoped lexical candidate: L1323:GGML_LOG_INFO(""[SYCL] FP16 weight cache enabled (%s, limit=%zuMB)\n"", | L28168:static const int limit = [] { | L38507:// Single allocation exceeds probed device limit -- force host-pinned.","unscoped lexical candidate: L931:if (call_idx > limit) { | L1253:// GGML_SYCL_FP16_CACHE_MB=N sets the VRAM limit (default 512MB). | L3914:static void ggml_sycl_moe_act_publish(int variant, float alpha, float limit) {",process or function lifetime (review required),not applicable: immutable binding
ggml/src/ggml-sycl/ggml-sycl.cpp,929,call_count,std::atomic<int>,function-local:ggml_sycl_graph_replay_probe_dump,mutable,intrinsic:atomic,"unscoped lexical candidate: L930:const int call_idx = call_count.fetch_add(1, std::memory_order_relaxed) + 1; | L64331:int call_count = 0; | L64355:call_count = 0;","unscoped lexical candidate: L64345:if (call_count == 0) { | L64348:GGML_LOG_INFO(""[SPLIT-PROFILE] %d ops: total=%.1fms cpu_vd=%.1fms"", call_count, total_us / 1000.0, | L64353:GGML_LOG_INFO("" per_op=%.1fus\n"", total_us / call_count);",process or function lifetime (review required),lifecycle not inferred; no binding-resolved reset analysis
ggml/src/ggml-sycl/ggml-sycl.cpp,1094,log_count,std::atomic<int>,function-local:ggml_sycl_moe_aggregation_diag,mutable,intrinsic:atomic,"unscoped lexical candidate: L1095:if (log_count.fetch_add(1, std::memory_order_relaxed) >= 4096) { | L23933:if (log_count.fetch_add(1, std::memory_order_relaxed) < 2) { | L32057:const int slot = log_count.fetch_add(1, std::memory_order_relaxed);",unscoped lexical candidate: L23932:static std::atomic<int> log_count{ 0 }; | L32056:static std::atomic<int> log_count{ 0 };,process or function lifetime (review required),lifecycle not inferred; no binding-resolved reset analysis
ggml/src/ggml-sycl/ggml-sycl.cpp,1105,g_graph_memcpy_count_during_recording,std::atomic<int>,file,mutable,intrinsic:atomic,"unscoped lexical candidate: L1112:int n = g_graph_memcpy_count_during_recording.fetch_add(1, std::memory_order_relaxed); | L109066:g_graph_memcpy_count_during_recording.store(0, std::memory_order_relaxed); | L109201:g_graph_memcpy_count_during_recording.store(0, std::memory_order_relaxed);",unscoped lexical candidate: L109070:int mc = g_graph_memcpy_count_during_recording.load(std::memory_order_relaxed); | L109208:int mc = g_graph_memcpy_count_during_recording.load(std::memory_order_relaxed);,process or function lifetime (review required),"lifecycle not inferred; unscoped lexical reset candidate: L109066:g_graph_memcpy_count_during_recording.store(0, std::memory_order_relaxed); | L109201:g_graph_memcpy_count_during_recording.store(0, std::memory_order_relaxed);"
ggml/src/ggml-sycl/ggml-sycl.cpp,1106,g_moe_post_pp_preload_pending,std::atomic<bool>,file,mutable,intrinsic:atomic,"unscoped lexical candidate: L107370:g_moe_post_pp_preload_pending.store(true, std::memory_order_release); | L107375:refresh_moe_after_pp = g_moe_post_pp_preload_pending.exchange(false, std::memory_order_acq_rel); | L111639:g_moe_post_pp_preload_pending.store(false, std::memory_order_relaxed);",unscoped lexical candidate: L93701:g_moe_post_pp_preload_pending.load(std::memory_order_acquire)); | L107324:if (cached_is_decode && g_moe_post_pp_preload_pending.load(std::memory_order_acquire) && | L107329:if (cached_is_decode && g_moe_post_pp_preload_pending.load(std::memory_order_acquire) &&,model/layer semantic state (review required),"lifecycle not inferred; unscoped lexical reset candidate: L111639:g_moe_post_pp_preload_pending.store(false, std::memory_order_relaxed);"
ggml/src/ggml-sycl/ggml-sycl.cpp,1117,g_graph_compute_forward_memcpy_node_idx,int,file,mutable,none evident,unscoped lexical candidate: L1123:g_graph_compute_forward_memcpy_node_idx = node_idx;,none found by unscoped lexical scan,process or function lifetime (review required),lifecycle not inferred; no binding-resolved reset analysis
ggml/src/ggml-sycl/ggml-sycl.cpp,1126,g_sycl_graph_compute_mutex,std::mutex,file,mutable,intrinsic:lock primitive,none found by unscoped lexical scan,unscoped lexical candidate: L107061:std::unique_lock<std::mutex> global_graph_lock(g_sycl_graph_compute_mutex);,process or function lifetime (review required),lifecycle not inferred; no binding-resolved reset analysis
ggml/src/ggml-sycl/ggml-sycl.cpp,1127,g_sycl_graph_inflight,std::atomic<int>,file,mutable,intrinsic:atomic,"unscoped lexical candidate: L107054:const int inflight_prev = g_sycl_graph_inflight.fetch_add(1, std::memory_order_relaxed);","unscoped lexical candidate: L2523:return g_sycl_graph_inflight.load(std::memory_order_acquire); | L36456:g_sycl_graph_inflight.load(std::memory_order_relaxed), | L107056:graph_inflight_guard inflight_guard(g_sycl_graph_inflight);",process or function lifetime (review required),lifecycle not inferred; no binding-resolved reset analysis
ggml/src/ggml-sycl/ggml-sycl.cpp,1128,g_sycl_graph_multithreaded,std::atomic<bool>,file,mutable,intrinsic:atomic,"unscoped lexical candidate: L107058:g_sycl_graph_multithreaded.store(true, std::memory_order_relaxed); | L107136:g_sycl_graph_multithreaded.store(true, std::memory_order_relaxed);",unscoped lexical candidate: L91552:f.multithreaded = g_sycl_graph_multithreaded.load(std::memory_order_relaxed); | L108055:use_sycl_graph = !g_ggml_sycl_disable_graph && !g_sycl_graph_multithreaded.load(std::memory_order_relaxed) && | L108058:use_sycl_graph = !g_ggml_sycl_disable_graph && !g_sycl_graph_multithreaded.load(std::memory_order_relaxed) &&,process or function lifetime (review required),lifecycle not inferred; no binding-resolved reset analysis
ggml/src/ggml-sycl/ggml-sycl.cpp,1129,g_ggml_sycl_debug_forced_off,std::atomic<bool>,file,mutable,intrinsic:atomic,"unscoped lexical candidate: L26076:g_ggml_sycl_debug_forced_off.store(debug_env_forced_off, std::memory_order_release);",none found by unscoped lexical scan,process or function lifetime (review required),lifecycle not inferred; no binding-resolved reset analysis
ggml/src/ggml-sycl/ggml-sycl.cpp,1132,g_ggml_sycl_force_vram,std::atomic<int>,file,mutable,intrinsic:atomic,none found by unscoped lexical scan,"unscoped lexical candidate: L9360:int val = g_ggml_sycl_force_vram.load(std::memory_order_acquire); | L9364:g_ggml_sycl_force_vram.compare_exchange_strong(val, new_val, std::memory_order_release, | L9366:val = g_ggml_sycl_force_vram.load(std::memory_order_acquire);",process or function lifetime (review required),lifecycle not inferred; no binding-resolved reset analysis
ggml/src/ggml-sycl/ggml-sycl.cpp,1142,g_sycl_load_summary_mutex,std::mutex,file,mutable,intrinsic:lock primitive,none found by unscoped lexical scan,unscoped lexical candidate: L1157:std::lock_guard<std::mutex> lock(g_sycl_load_summary_mutex); | L1172:std::lock_guard<std::mutex> lock(g_sycl_load_summary_mutex); | L1201:std::lock_guard<std::mutex> lock(g_sycl_load_summary_mutex);,process or function lifetime (review required),lifecycle not inferred; no binding-resolved reset analysis
ggml/src/ggml-sycl/ggml-sycl.cpp,1143,g_sycl_load_summary,"std::array<sycl_load_summary_state, GGML_SYCL_MAX_DEVICES>",file,mutable,none evident,none found by unscoped lexical scan,unscoped lexical candidate: L1158:for (auto & state : g_sycl_load_summary) { | L1173:auto & state = g_sycl_load_summary[device]; | L1202:const auto & state = g_sycl_load_summary[device];,device/process slot,lifecycle not inferred; no binding-resolved reset analysis
ggml/src/ggml-sycl/ggml-sycl.cpp,1146,cached,std::atomic<int>,function-local:ggml_sycl_layout_summary_enabled,mutable,intrinsic:atomic,"unscoped lexical candidate: L1151:cached.store(value, std::memory_order_release); | L2950:const auto cached = cache->get_placement_plan_snapshot(); | L3780:cached.store(v, std::memory_order_release);","unscoped lexical candidate: L1147:int value = cached.load(std::memory_order_acquire); | L1251:// passes skip the dequantization kernel entirely, reading cached FP16 directly. | L1381:// Returns cached FP16 pointer or nullptr if not cached",process or function lifetime (review required),lifecycle not inferred; no binding-resolved reset analysis
ggml/src/ggml-sycl/ggml-sycl.cpp,1451,g_fp16_cache,fp16_weight_cache,file,mutable,none evident,"unscoped lexical candidate: L66768:if (g_fp16_cache.store(wt_key, weights_scratch, weights_bytes, | L85318:g_fp16_cache.clear(*sycl_ctx->stream(sycl_ctx->device, 0));",unscoped lexical candidate: L66578:g_fp16_cache.init_once(); | L66727:} else if (g_fp16_cache.enabled_for(src0->type) && | L66747:sycl::half * cached = g_fp16_cache.lookup(wt_key);,model/layer semantic state (review required),"lifecycle not inferred; unscoped lexical reset candidate: L85317:GGML_LOG_INFO(""[SYCL] FP16 weight cache: freeing (%.1fMB)\n"", g_fp16_cache.total_bytes / (1024.0f * 1024.0f)); | L85318:g_fp16_cache.clear(*sycl_ctx->stream(sycl_ctx->device, 0));"
ggml/src/ggml-sycl/ggml-sycl.cpp,1454,mode,const int,function-local:onednn_pp_unified_scratch_enabled,immutable binding,none evident,"unscoped lexical candidate: L510:static const ggml_sycl_fa_graph_allow_mode mode = [] { | L16396:""alt_soa=%zu kv_ubatch=%u top_k=%d envelope=%d envelope_ubatch=%u mode=%d\n"", | L26704:extra->layout.mode = GGML_LAYOUT_AOS;","unscoped lexical candidate: L169:static const char * ggml_sycl_layout_mode_name(ggml_layout_mode mode); | L370:// Safe mode: after every submit via ggml_sycl_compute_forward, drain the | L374:// Strict handle mode: surface data_handle/data_device divergence as a warning in",process or function lifetime (review required),not applicable: immutable binding
ggml/src/ggml-sycl/ggml-sycl.cpp,1525,g_pp_moe_onednn_claim_failpoint,std::atomic<int>,file,mutable,intrinsic:atomic,"unscoped lexical candidate: L1573:return g_pp_moe_onednn_claim_failpoint.exchange(static_cast<int>(pp_moe_onednn_claim_failpoint::NONE), | L12835:g_pp_moe_onednn_claim_failpoint.store(static_cast<int>(pp_moe_onednn_claim_failpoint::FAIL_AFTER_LOCAL_RESERVATION),",none found by unscoped lexical scan,model/layer semantic state (review required),lifecycle not inferred; no binding-resolved reset analysis
ggml/src/ggml-sycl/ggml-sycl.cpp,1538,g_pp_moe_onednn_scratch_slot_state,"std::array<pp_moe_onednn_scratch_slot_state, GGML_SYCL_MAX_DEVICES>",file,mutable,none evident,none found by unscoped lexical scan,unscoped lexical candidate: L1585:pp_moe_onednn_scratch_slot_state & state = g_pp_moe_onednn_scratch_slot_state[device]; | L1605:pp_moe_onednn_scratch_slot_state & state = g_pp_moe_onednn_scratch_slot_state[device]; | L1698:pp_moe_onednn_scratch_slot_state & state = g_pp_moe_onednn_scratch_slot_state[device];,device/process slot,lifecycle not inferred; no binding-resolved reset analysis
ggml/src/ggml-sycl/ggml-sycl.cpp,2132,enabled,const bool,function-local:pp_split_timing_enabled,immutable binding,none evident,unscoped lexical candidate: L217:static const bool enabled = []() { | L466:static const bool enabled = [] { | L475:static const bool enabled = [] {,"unscoped lexical candidate: L221:return enabled; | L403:static std::atomic<int> g_ggml_sycl_unified_dispatch{ -1 }; // -1 = not initialized, 0 = disabled, 1 = enabled | L470:return enabled;",process or function lifetime (review required),not applicable: immutable binding
ggml/src/ggml-sycl/ggml-sycl.cpp,2149,g_pp_split_timing,pp_split_timing,file,mutable,thread-local,none found by unscoped lexical scan,unscoped lexical candidate: L2155:auto & t = g_pp_split_timing; | L2173:auto & t = g_pp_split_timing; | L65398:g_pp_split_timing.us_dequant_w +=,thread,lifecycle not inferred; no binding-resolved reset analysis
ggml/src/ggml-sycl/ggml-sycl.cpp,2195,enabled,const bool,function-local:mxfp4_tg_profile_enabled,immutable binding,none evident,unscoped lexical candidate: L217:static const bool enabled = []() { | L466:static const bool enabled = [] { | L475:static const bool enabled = [] {,"unscoped lexical candidate: L221:return enabled; | L403:static std::atomic<int> g_ggml_sycl_unified_dispatch{ -1 }; // -1 = not initialized, 0 = disabled, 1 = enabled | L470:return enabled;",process or function lifetime (review required),not applicable: immutable binding
ggml/src/ggml-sycl/ggml-sycl.cpp,2216,g_mxfp4_tg_timing,mxfp4_tg_timing,file,mutable,thread-local,none found by unscoped lexical scan,unscoped lexical candidate: L2222:auto & t = g_mxfp4_tg_timing; | L65448:g_mxfp4_tg_timing.us_soa_pp += | L65450:g_mxfp4_tg_timing.pp_soa_batches++;,thread,lifecycle not inferred; no binding-resolved reset analysis
ggml/src/ggml-sycl/ggml-sycl.cpp,2246,enabled,const bool,function-local:pp_dequant_bench_enabled,immutable binding,none evident,unscoped lexical candidate: L217:static const bool enabled = []() { | L466:static const bool enabled = [] { | L475:static const bool enabled = [] {,"unscoped lexical candidate: L221:return enabled; | L403:static std::atomic<int> g_ggml_sycl_unified_dispatch{ -1 }; // -1 = not initialized, 0 = disabled, 1 = enabled | L470:return enabled;",process or function lifetime (review required),not applicable: immutable binding
ggml/src/ggml-sycl/ggml-sycl.cpp,2292,g_pp_dequant_bench_stats,"std::unordered_map<pp_dequant_bench_key, pp_dequant_bench_stat, pp_dequant_bench_key_hash>",file,mutable,thread-local,unscoped lexical candidate: L2371:g_pp_dequant_bench_stats.clear();,unscoped lexical candidate: L2292:g_pp_dequant_bench_stats; | L2321:auto & stat = g_pp_dequant_bench_stats[key]; | L2329:if (!pp_dequant_bench_enabled() || g_pp_dequant_bench_stats.empty()) {,thread,lifecycle not inferred; unscoped lexical reset candidate: L2371:g_pp_dequant_bench_stats.clear();
ggml/src/ggml-sycl/ggml-sycl.cpp,2466,val,int,function-local:pp_pipeline_env_enabled,mutable,none evident,"unscoped lexical candidate: L2469:val = (env && std::atoi(env) != 0) ? 1 : 0; | L2536:const long val = std::strtol(std::string(view).c_str(), &end, 10); | L8645:int val = std::atoi(phase2_env);",unscoped lexical candidate: L2467:if (val < 0) { | L2470:if (val) { | L2474:return val != 0;,process or function lifetime (review required),lifecycle not inferred; no binding-resolved reset analysis
ggml/src/ggml-sycl/ggml-sycl.cpp,2477,g_pp_pipeline,pp_pipeline_state,file,mutable,thread-local,none found by unscoped lexical scan,unscoped lexical candidate: L66698:auto & pipe = g_pp_pipeline; | L94362:auto & pipe = g_pp_pipeline; | L96343:auto & pipe = g_pp_pipeline;,thread,lifecycle not inferred; no binding-resolved reset analysis
ggml/src/ggml-sycl/ggml-sycl.cpp,2572,g_ggml_sycl_debug_override,std::atomic<int>,file,mutable,intrinsic:atomic,"unscoped lexical candidate: L9478:g_ggml_sycl_debug_override.store(level, std::memory_order_release);",unscoped lexical candidate: L26059:const int debug_override = g_ggml_sycl_debug_override.load(std::memory_order_acquire);,process or function lifetime (review required),lifecycle not inferred; no binding-resolved reset analysis
ggml/src/ggml-sycl/ggml-sycl.cpp,2611,g_expert_prefetchers,ggml_sycl::ExpertPrefetcher [GGML_SYCL_MAX_DEVICES],file,mutable,none evident,none found by unscoped lexical scan,unscoped lexical candidate: L4904:if (!g_expert_prefetchers[dev].is_initialized()) { | L7587:g_expert_prefetchers[d].shutdown(); | L8895:auto & prefetcher = g_expert_prefetchers[device];,device/process slot,lifecycle not inferred; no binding-resolved reset analysis
ggml/src/ggml-sycl/ggml-sycl.cpp,2612,g_expert_predictors,ggml_sycl::ExpertPredictor [GGML_SYCL_MAX_DEVICES],file,mutable,none evident,unscoped lexical candidate: L111635:g_expert_predictors[d].reset();,unscoped lexical candidate: L8923:auto & predictor = g_expert_predictors[device]; | L59798:auto & predictor = g_expert_predictors[device]; | L77657:auto & predictor_cputg = g_expert_predictors[ctx.device];,device/process slot,lifecycle not inferred; unscoped lexical reset candidate: L111635:g_expert_predictors[d].reset();
ggml/src/ggml-sycl/ggml-sycl.cpp,2613,g_pinned_buffer_pools,ggml_sycl::PinnedBufferPool [GGML_SYCL_MAX_DEVICES],file,mutable,none evident,"unscoped lexical candidate: L23369:g_pinned_buffer_pools[pb.dev_id].release({ pb.act, pb.out }); | L23707:g_pinned_buffer_pools[pb.dev_id].release({ pb.act, pb.out });",unscoped lexical candidate: L7590:g_pinned_buffer_pools[d].shutdown(); | L9034:auto & pool = g_pinned_buffer_pools[device]; | L9064:auto & pool_d = g_pinned_buffer_pools[gpu_d];,device/process slot,"lifecycle not inferred; unscoped lexical reset candidate: L23369:g_pinned_buffer_pools[pb.dev_id].release({ pb.act, pb.out }); | L23707:g_pinned_buffer_pools[pb.dev_id].release({ pb.act, pb.out });"
ggml/src/ggml-sycl/ggml-sycl.cpp,2614,g_cpu_expert_pools,ggml_sycl::CpuExpertPool [GGML_SYCL_MAX_DEVICES],file,mutable,none evident,none found by unscoped lexical scan,unscoped lexical candidate: L2617:// g_cpu_expert_pools' lazy-init-on-first-use shape but keyed on demotion | L7588:g_cpu_expert_pools[d].shutdown(); | L9043:auto & cpu_pool = g_cpu_expert_pools[device];,device/process slot,lifecycle not inferred; no binding-resolved reset analysis
ggml/src/ggml-sycl/ggml-sycl.cpp,2619,g_attn_host_pools,ggml_sycl::AttnHostPool [GGML_SYCL_MAX_DEVICES],file,mutable,none evident,none found by unscoped lexical scan,"unscoped lexical candidate: L7589:g_attn_host_pools[d].shutdown(); | L83327:// not one per GPU (unlike g_attn_host_pools, which is per-device because | L83599:auto & pool = g_attn_host_pools[device];",device/process slot,lifecycle not inferred; no binding-resolved reset analysis
ggml/src/ggml-sycl/ggml-sycl.cpp,2620,g_moe_hybrid_init_success,std::atomic<bool> [GGML_SYCL_MAX_DEVICES],file,mutable,intrinsic:atomic,"unscoped lexical candidate: L4080:g_moe_hybrid_init_success[d].store(false, std::memory_order_release); | L107240:g_moe_hybrid_init_success[dev].store(true, std::memory_order_release); | L111728:g_moe_hybrid_init_success[0].store(true, std::memory_order_relaxed);","unscoped lexical candidate: L3956:// g_moe_hybrid_init_success[] gates that function, so the SECOND MoE model in a | L107230:if (!g_moe_hybrid_init_success[dev].load(std::memory_order_acquire)) { | L107232:if (!g_moe_hybrid_init_success[dev].load(std::memory_order_relaxed)) {",device/process slot,"lifecycle not inferred; unscoped lexical reset candidate: L4080:g_moe_hybrid_init_success[d].store(false, std::memory_order_release);"
ggml/src/ggml-sycl/ggml-sycl.cpp,2621,g_moe_hybrid_init_done,std::atomic<bool>,file,mutable,intrinsic:atomic,"unscoped lexical candidate: L4083:g_moe_hybrid_init_done.store(false, std::memory_order_release); | L107246:g_moe_hybrid_init_done.store(true, std::memory_order_release); | L111729:g_moe_hybrid_init_done.store(true, std::memory_order_relaxed);","unscoped lexical candidate: L94131:// reach graph_compute_impl, g_moe_hybrid_init_done is already true (after the | L94135:// a safety net for non-MoE models where g_moe_hybrid_init_done stays false. | L111772:!g_moe_hybrid_init_done.load(std::memory_order_relaxed) &&",model/layer semantic state (review required),"lifecycle not inferred; unscoped lexical reset candidate: L4083:g_moe_hybrid_init_done.store(false, std::memory_order_release);"
ggml/src/ggml-sycl/ggml-sycl.cpp,2634,g_moe_layer_seq,"std::unordered_map<int, int> [GGML_SYCL_MAX_DEVICES]",file,mutable,none evident,unscoped lexical candidate: L4040:g_moe_layer_seq[d] = state->layer_seq[d]; | L4081:g_moe_layer_seq[d].clear(); | L8003:g_moe_layer_seq[device][layer_id] = static_cast<int>(g_moe_layer_seq[device].size());,"unscoped lexical candidate: L3208:// g_moe_layer_seq[device] maps hash -> sequential; we invert it. | L3211:for (const auto & [hash_id, seq_id] : g_moe_layer_seq[0]) { | L3991:parked->layer_seq[d] = g_moe_layer_seq[d];",device/process slot,lifecycle not inferred; unscoped lexical reset candidate: L4081:g_moe_layer_seq[d].clear();
ggml/src/ggml-sycl/ggml-sycl.cpp,2639,g_moe_multi_gpu_active,std::atomic<bool>,file,mutable,intrinsic:atomic,"unscoped lexical candidate: L8299:g_moe_multi_gpu_active.store(true, std::memory_order_release); | L8341:g_moe_multi_gpu_active.store(true, std::memory_order_release); | L8344:g_moe_multi_gpu_active.store(false, std::memory_order_release);",unscoped lexical candidate: L8133:if (g_moe_multi_gpu_active.load(std::memory_order_acquire) || | L8340:if (plan_needs_secondary && !g_moe_multi_gpu_active.load(std::memory_order_acquire)) { | L8343:} else if (!plan_needs_secondary && g_moe_multi_gpu_active.load(std::memory_order_acquire)) {,device/process slot,"lifecycle not inferred; unscoped lexical reset candidate: L8344:g_moe_multi_gpu_active.store(false, std::memory_order_release); | L9115:g_moe_multi_gpu_active.store(false, std::memory_order_release); | L16524:g_moe_multi_gpu_active.store(false, std::memory_order_release);"
ggml/src/ggml-sycl/ggml-sycl.cpp,2647,g_placement_publication,std::shared_ptr<const ggml_sycl::lifecycle_plan_snapshot>,file,mutable,none evident,none found by unscoped lexical scan,"unscoped lexical candidate: L2686:return std::atomic_load_explicit(&g_placement_publication, std::memory_order_acquire); | L2920:candidate ? candidate : std::atomic_load_explicit(&g_placement_publication, std::memory_order_acquire); | L2941:const auto authority = std::atomic_load_explicit(&g_placement_publication, std::memory_order_acquire);",process or function lifetime (review required),lifecycle not inferred; no binding-resolved reset analysis
ggml/src/ggml-sycl/ggml-sycl.cpp,2657,g_runtime_expected_model_set,bool,file,mutable,thread-local,unscoped lexical candidate: L19283:~probe_expected_model_guard() { g_runtime_expected_model_set = false; } | L19287:g_runtime_expected_model_set = true; | L19358:g_runtime_expected_model_set = false;,"unscoped lexical candidate: L18268:if (g_runtime_expected_model_set && (current->model_id != g_runtime_expected_model.model_id || | L19256:// g_runtime_expected_model_set, set below by | L19260:// body's own in-lock re-check (`if (g_runtime_expected_model_set && ...)",thread,lifecycle not inferred; no binding-resolved reset analysis
ggml/src/ggml-sycl/ggml-sycl.cpp,2658,g_runtime_expected_model,ggml_sycl_model_token,file,mutable,thread-local,"unscoped lexical candidate: L19258:// `g_runtime_expected_model = model;` assignment, further down this | L19286:g_runtime_expected_model = model; | L19441:g_runtime_expected_model = model;",unscoped lexical candidate: L18268:if (g_runtime_expected_model_set && (current->model_id != g_runtime_expected_model.model_id || | L18269:current->load_txn_id != g_runtime_expected_model.load_txn_id || | L18270:current->slot != g_runtime_expected_model.slot ||,thread,lifecycle not inferred; no binding-resolved reset analysis
ggml/src/ggml-sycl/ggml-sycl.cpp,2659,g_runtime_update_succeeded,bool,file,mutable,thread-local,unscoped lexical candidate: L19126:g_runtime_update_succeeded = true; | L19444:g_runtime_update_succeeded = false;,unscoped lexical candidate: L19451:const bool inner_ok = g_runtime_update_succeeded;,thread,lifecycle not inferred; no binding-resolved reset analysis
ggml/src/ggml-sycl/ggml-sycl.cpp,2660,g_runtime_external_lease,bool,file,mutable,thread-local,unscoped lexical candidate: L19359:g_runtime_external_lease = false; | L19443:g_runtime_external_lease = true;,unscoped lexical candidate: L18290:auto owned_update = g_runtime_external_lease ? ggml_sycl::lifecycle::live_update_guard{} : | L18292:if (!g_runtime_external_lease && !owned_update) { | L19206:// body's own g_runtime_external_lease==false path acquires its own,thread,lifecycle not inferred; no binding-resolved reset analysis
ggml/src/ggml-sycl/ggml-sycl.cpp,2663,g_tensor_inventory_mutex,std::mutex,file,mutable,intrinsic:lock primitive,unscoped lexical candidate: L19491:// cannot run past a module shutdown) and g_tensor_inventory_mutex -- the,unscoped lexical candidate: L3001:std::lock_guard<std::mutex> lock(g_tensor_inventory_mutex); | L3006:std::lock_guard<std::mutex> lock(g_tensor_inventory_mutex); | L12563:std::lock_guard<std::mutex> lock(g_tensor_inventory_mutex);,tensor/allocation identity or registry,lifecycle not inferred; no binding-resolved reset analysis
ggml/src/ggml-sycl/ggml-sycl.cpp,2665,g_fail_next_plan_publication_prepare,std::atomic<bool>,file,mutable,intrinsic:atomic,"unscoped lexical candidate: L15334:if (g_fail_next_plan_publication_prepare.exchange(false, std::memory_order_acq_rel)) { | L16212:g_fail_next_plan_publication_prepare.store(true, std::memory_order_release);",none found by unscoped lexical scan,process or function lifetime (review required),lifecycle not inferred; no binding-resolved reset analysis
ggml/src/ggml-sycl/ggml-sycl.cpp,2733,g_sycl_buffer_owner_mutex,std::mutex,file,mutable,intrinsic:lock primitive,none found by unscoped lexical scan,unscoped lexical candidate: L2758:std::lock_guard<std::mutex> lock(g_sycl_buffer_owner_mutex); | L2779:std::lock_guard<std::mutex> lock(g_sycl_buffer_owner_mutex); | L2788:std::lock_guard<std::mutex> lock(g_sycl_buffer_owner_mutex);,process or function lifetime (review required),lifecycle not inferred; no binding-resolved reset analysis
ggml/src/ggml-sycl/ggml-sycl.cpp,2734,g_sycl_buffer_owners,"std::unordered_map<uint64_t, ggml_sycl::lifecycle::ModelToken>",file,mutable,none evident,unscoped lexical candidate: L2759:g_sycl_buffer_owners[id] = owner; | L2789:g_sycl_buffer_owners.erase(owner.model.value);,unscoped lexical candidate: L2780:const auto it = g_sycl_buffer_owners.find(model_id); | L2781:return it == g_sycl_buffer_owners.end() ? ggml_sycl::lifecycle::ModelToken{} : it->second;,model/layer semantic state (review required),lifecycle not inferred; unscoped lexical reset candidate: L2789:g_sycl_buffer_owners.erase(owner.model.value);
ggml/src/ggml-sycl/ggml-sycl.cpp,2767,logged_first_mint,std::atomic<bool>,function-local:ggml_sycl_mint_buffer_owner,mutable,intrinsic:atomic,"unscoped lexical candidate: L2768:if (!logged_first_mint.exchange(true, std::memory_order_acq_rel)) {",none found by unscoped lexical scan,process or function lifetime (review required),lifecycle not inferred; no binding-resolved reset analysis
ggml/src/ggml-sycl/ggml-sycl.cpp,2913,empty,const auto,function-local:<function>,immutable binding,none evident,"unscoped lexical candidate: L19835:// empty. clear() still walks the whole bucket array, which never shrinks, so",unscoped lexical candidate: L896:if (!tok.empty()) { | L901:if (result.empty()) { | L1211:if (!actual_weights && cache && !ggml_sycl_cache_plan_owner(cache)->entries.empty()) {,process or function lifetime (review required),not applicable: immutable binding
ggml/src/ggml-sycl/ggml-sycl.cpp,3019,g_prefetch_scan_done,bool,file,mutable,thread-local,unscoped lexical candidate: L93082:g_prefetch_scan_done = false; | L93138:g_prefetch_scan_done = !seq_to_hashes.empty();,none found by unscoped lexical scan,thread,lifecycle not inferred; no binding-resolved reset analysis
ggml/src/ggml-sycl/ggml-sycl.cpp,3026,pool,staging_buffer_pool,function-local:<function>,mutable,none evident,"unscoped lexical candidate: L308:fprintf(stderr, "" %s:visits=%llu pool=%llu/%llu pool_mb=%.1f device=%llu device_mb=%.1f"", | L318:fprintf(stderr, "" out_of_op:pool=%llu pool_mb=%.1f device=%llu device_mb=%.1f"", | L9034:auto & pool = g_pinned_buffer_pools[device];","unscoped lexical candidate: L113:#include ""ggml-sycl/pool-legacy-release.hpp"" | L2586:// MoE pinned buffer pool for CPU expert staging | L2587:#include ""ggml-sycl/pinned-buffer-pool.hpp""",process or function lifetime (review required),lifecycle not inferred; no binding-resolved reset analysis
ggml/src/ggml-sycl/ggml-sycl.cpp,3038,cached,std::atomic<int>,function-local:ggml_sycl_secondary_local_agg_enabled,mutable,intrinsic:atomic,"unscoped lexical candidate: L1151:cached.store(value, std::memory_order_release); | L2950:const auto cached = cache->get_placement_plan_snapshot(); | L3780:cached.store(v, std::memory_order_release);","unscoped lexical candidate: L1146:static std::atomic<int> cached{ -1 }; | L1147:int value = cached.load(std::memory_order_acquire); | L1251:// passes skip the dequantization kernel entirely, reading cached FP16 directly.",process or function lifetime (review required),lifecycle not inferred; no binding-resolved reset analysis
ggml/src/ggml-sycl/ggml-sycl.cpp,3059,MOE_MAX_LAYERS,constexpr int,file,immutable binding,none evident,none found by unscoped lexical scan,"unscoped lexical candidate: L3063:std::atomic<uint32_t> counts[MOE_MAX_LAYERS][MOE_MAX_EXPERTS] = {}; | L3071:std::atomic<uint32_t> epoch_counts[MOE_MAX_LAYERS][MOE_MAX_EXPERTS] = {}; | L3077:n_layers = std::min(nl, MOE_MAX_LAYERS);",model/layer semantic state (review required),not applicable: immutable binding
ggml/src/ggml-sycl/ggml-sycl.cpp,3060,MOE_MAX_EXPERTS,constexpr int,file,immutable binding,none evident,none found by unscoped lexical scan,"unscoped lexical candidate: L3063:std::atomic<uint32_t> counts[MOE_MAX_LAYERS][MOE_MAX_EXPERTS] = {}; | L3071:std::atomic<uint32_t> epoch_counts[MOE_MAX_LAYERS][MOE_MAX_EXPERTS] = {}; | L3078:n_experts = std::min(ne, MOE_MAX_EXPERTS);",model/layer semantic state (review required),not applicable: immutable binding
ggml/src/ggml-sycl/ggml-sycl.cpp,3196,g_moe_warmup,moe_warmup_state,file,mutable,none evident,unscoped lexical candidate: L4085:g_moe_warmup.reset();,unscoped lexical candidate: L3201:const int nl = g_moe_warmup.n_layers; | L3202:const int ne = g_moe_warmup.n_experts; | L3228:uint32_t c = g_moe_warmup.counts[l][e].load(std::memory_order_relaxed);,model/layer semantic state (review required),lifecycle not inferred; unscoped lexical reset candidate: L4085:g_moe_warmup.reset();
ggml/src/ggml-sycl/ggml-sycl.cpp,3287,MOE_PROFILE_ROLE_COUNT,constexpr int,file,immutable binding,none evident,none found by unscoped lexical scan,"unscoped lexical candidate: L3357:return idx >= 0 && idx < MOE_PROFILE_ROLE_COUNT ? idx : static_cast<int>(MOE_TENSOR_UNKNOWN); | L22318:std::array<route_stats, MOE_PROFILE_ROLE_COUNT> routes{}; | L22321:std::array<role_timing, MOE_PROFILE_ROLE_COUNT> role_timings{};",model/layer semantic state (review required),not applicable: immutable binding
ggml/src/ggml-sycl/ggml-sycl.cpp,3329,enabled,const bool,function-local:ggml_sycl_moe_gateup_single_xmx_enabled,immutable binding,none evident,unscoped lexical candidate: L217:static const bool enabled = []() { | L466:static const bool enabled = [] { | L475:static const bool enabled = [] {,"unscoped lexical candidate: L221:return enabled; | L403:static std::atomic<int> g_ggml_sycl_unified_dispatch{ -1 }; // -1 = not initialized, 0 = disabled, 1 = enabled | L470:return enabled;",process or function lifetime (review required),not applicable: immutable binding
ggml/src/ggml-sycl/ggml-sycl.cpp,3393,g_moe_expert_meta,std::vector<moe_expert_meta>,file,mutable,none evident,unscoped lexical candidate: L8253:g_moe_expert_meta.swap(new_expert_meta); | L111736:g_moe_expert_meta.push_back({});,"unscoped lexical candidate: L3964:// what rebuilds g_moe_expert_meta and g_expert_groups from that model's own | L4112:// g_moe_expert_meta and g_expert_groups together under a single scoped_lock, so | L4126:snapshot.meta = g_moe_expert_meta;",model/layer semantic state (review required),lifecycle not inferred; unscoped lexical reset candidate: L8253:g_moe_expert_meta.swap(new_expert_meta);
ggml/src/ggml-sycl/ggml-sycl.cpp,3394,g_moe_expert_meta_mutex,std::shared_mutex,file,mutable,none evident,none found by unscoped lexical scan,"unscoped lexical candidate: L4125:std::scoped_lock lock(g_moe_expert_meta_mutex, g_expert_groups_mutex); | L5534:std::shared_lock<std::shared_mutex> lock(g_moe_expert_meta_mutex); | L5947:std::shared_lock<std::shared_mutex> lock(g_moe_expert_meta_mutex);",model/layer semantic state (review required),lifecycle not inferred; no binding-resolved reset analysis
ggml/src/ggml-sycl/ggml-sycl.cpp,3407,g_expert_groups,"std::unordered_map<int64_t, expert_tensor_group>",file,mutable,none evident,unscoped lexical candidate: L8254:g_expert_groups.swap(new_expert_groups);,"unscoped lexical candidate: L3964:// what rebuilds g_moe_expert_meta and g_expert_groups from that model's own | L4112:// g_moe_expert_meta and g_expert_groups together under a single scoped_lock, so | L4127:snapshot.groups = g_expert_groups;",tensor/allocation identity or registry,lifecycle not inferred; unscoped lexical reset candidate: L8254:g_expert_groups.swap(new_expert_groups);
ggml/src/ggml-sycl/ggml-sycl.cpp,3408,g_expert_groups_mutex,std::shared_mutex,file,mutable,none evident,none found by unscoped lexical scan,"unscoped lexical candidate: L4125:std::scoped_lock lock(g_moe_expert_meta_mutex, g_expert_groups_mutex); | L4203:std::shared_lock<std::shared_mutex> lock(g_expert_groups_mutex); | L8252:std::scoped_lock lock(g_moe_expert_meta_mutex, g_expert_groups_mutex);",model/layer semantic state (review required),lifecycle not inferred; no binding-resolved reset analysis
ggml/src/ggml-sycl/ggml-sycl.cpp,3453,g_staging_failpoints,ggml_sycl_staging_failpoint_slot [GGML_SYCL_STAGING_FAILPOINT_COUNT],anonymous-namespace,mutable,none evident,none found by unscoped lexical scan,"unscoped lexical candidate: L3457:auto & slot = g_staging_failpoints[fp]; | L3600:g_staging_failpoints[fp].armed.store(fires, std::memory_order_relaxed); | L3604:for (auto & slot : g_staging_failpoints) {",process or function lifetime (review required),lifecycle not inferred; no binding-resolved reset analysis
ggml/src/ggml-sycl/ggml-sycl.cpp,3454,g_staging_failpoint_retirement_drains,std::atomic<uint32_t>,anonymous-namespace,mutable,intrinsic:atomic,"unscoped lexical candidate: L3488:g_staging_failpoint_retirement_drains.fetch_add(1, std::memory_order_relaxed) | L3609:g_staging_failpoint_retirement_drains.store(0, std::memory_order_relaxed);",unscoped lexical candidate: L3625:return g_staging_failpoint_retirement_drains.load(std::memory_order_relaxed);,process or function lifetime (review required),"lifecycle not inferred; unscoped lexical reset candidate: L3609:g_staging_failpoint_retirement_drains.store(0, std::memory_order_relaxed);"
ggml/src/ggml-sycl/ggml-sycl.cpp,3762,g_expert_popularity,"std::unordered_map<int64_t, int>",file,mutable,none evident,"unscoped lexical candidate: L3839:g_expert_popularity[make_popularity_key(layer_id, expert_id)] = rank; | L4044:g_expert_popularity = state->popularity; | L4088:g_expert_popularity.clear();","unscoped lexical candidate: L3833:auto it = g_expert_popularity.find(make_popularity_key(layer_id, expert_id)); | L3834:return (it != g_expert_popularity.end()) ? it->second : -1; | L3995:parked->popularity = g_expert_popularity;",model/layer semantic state (review required),lifecycle not inferred; unscoped lexical reset candidate: L4088:g_expert_popularity.clear();
ggml/src/ggml-sycl/ggml-sycl.cpp,3763,g_expert_popularity_mutex,std::shared_mutex,file,mutable,none evident,none found by unscoped lexical scan,unscoped lexical candidate: L3832:std::shared_lock<std::shared_mutex> lock(g_expert_popularity_mutex); | L3838:std::unique_lock<std::shared_mutex> lock(g_expert_popularity_mutex); | L3844:std::shared_lock<std::shared_mutex> lock(g_expert_popularity_mutex);,model/layer semantic state (review required),lifecycle not inferred; no binding-resolved reset analysis
ggml/src/ggml-sycl/ggml-sycl.cpp,3764,g_expert_popularity_initialized,bool,file,mutable,none evident,unscoped lexical candidate: L3840:g_expert_popularity_initialized = true; | L4045:g_expert_popularity_initialized = state->popularity_initialized; | L4089:g_expert_popularity_initialized = false;,unscoped lexical candidate: L3845:return g_expert_popularity_initialized; | L3996:parked->popularity_initialized = g_expert_popularity_initialized;,model/layer semantic state (review required),lifecycle not inferred; no binding-resolved reset analysis
ggml/src/ggml-sycl/ggml-sycl.cpp,3775,cached,std::atomic<int>,function-local:n04bq_probe_enabled,mutable,intrinsic:atomic,"unscoped lexical candidate: L1151:cached.store(value, std::memory_order_release); | L2950:const auto cached = cache->get_placement_plan_snapshot(); | L3780:cached.store(v, std::memory_order_release);","unscoped lexical candidate: L1146:static std::atomic<int> cached{ -1 }; | L1147:int value = cached.load(std::memory_order_acquire); | L1251:// passes skip the dequantization kernel entirely, reading cached FP16 directly.",process or function lifetime (review required),lifecycle not inferred; no binding-resolved reset analysis
ggml/src/ggml-sycl/ggml-sycl.cpp,3812,logged_mtx,std::mutex,function-local:n04bq_probe_log,mutable,intrinsic:lock primitive,none found by unscoped lexical scan,unscoped lexical candidate: L3816:std::lock_guard<std::mutex> lk(logged_mtx);,process or function lifetime (review required),lifecycle not inferred; no binding-resolved reset analysis
ggml/src/ggml-sycl/ggml-sycl.cpp,3813,logged,"std::unordered_set<key_t, key_hash>",function-local:n04bq_probe_log,mutable,none evident,"unscoped lexical candidate: L3817:if (!logged.insert(k).second) { | L4437:if (logged.fetch_add(1, std::memory_order_relaxed) < 1) { | L5826:should_log = logged.insert(key).second;",unscoped lexical candidate: L4436:static std::atomic<int> logged{ 0 }; | L5818:static std::unordered_set<std::string> logged; | L6022:static std::atomic<int> logged{ 0 };,process or function lifetime (review required),lifecycle not inferred; no binding-resolved reset analysis
ggml/src/ggml-sycl/ggml-sycl.cpp,3852,g_prestage_completed,std::atomic<bool>,file,mutable,intrinsic:atomic,"unscoped lexical candidate: L4084:g_prestage_completed.store(false, std::memory_order_release); | L4442:g_prestage_completed.store(true, std::memory_order_release); | L5377:g_prestage_completed.store(true, std::memory_order_release);",unscoped lexical candidate: L4177:if (g_prestage_completed.load(std::memory_order_acquire) && | L4432:// g_prestage_completed defined earlier (before is_expert_resident). | L4445:if (g_prestage_completed.load(std::memory_order_acquire)) {,process or function lifetime (review required),"lifecycle not inferred; unscoped lexical reset candidate: L4084:g_prestage_completed.store(false, std::memory_order_release);"
ggml/src/ggml-sycl/ggml-sycl.cpp,3856,g_moe_expert_vram_reserve,"std::array<size_t, GGML_SYCL_MAX_DEVICES>",file,mutable,none evident,unscoped lexical candidate: L4878:g_moe_expert_vram_reserve[d] = 0; | L36159:g_moe_expert_vram_reserve[d] = device_reserve; | L111636:g_moe_expert_vram_reserve[d] = 0;,unscoped lexical candidate: L4073:// g_moe_expert_vram_reserve is deliberately NOT touched here. Every | L4875:if (g_moe_expert_vram_reserve[d] > 0) { | L4877:g_moe_expert_vram_reserve[d] / (1024.0 * 1024.0));,device/process slot,lifecycle not inferred; no binding-resolved reset analysis
ggml/src/ggml-sycl/ggml-sycl.cpp,3875,g_moe_bias_state,ggml_sycl::moe_bias_activation_state,file,mutable,none evident,unscoped lexical candidate: L3930:g_moe_bias_state.clear(); | L3936:g_moe_bias_state = std::move(restored); | L3941:g_moe_bias_state.clear();,unscoped lexical candidate: L3884:const ggml_sycl::layer_expert_biases * entry = g_moe_bias_state.find_layer(layer); | L3894:return g_moe_bias_state.biases_scanned; | L3903:if (g_moe_bias_state.biases_scanned) {,model/layer semantic state (review required),lifecycle not inferred; unscoped lexical reset candidate: L3930:g_moe_bias_state.clear(); | L3941:g_moe_bias_state.clear();
ggml/src/ggml-sycl/ggml-sycl.cpp,3876,g_moe_bias_state_mutex,std::shared_mutex,file,mutable,none evident,none found by unscoped lexical scan,unscoped lexical candidate: L3870:// `g_moe_bias_state_mutex` is L3 strictly-leaf (canonical §12.5): every helper | L3883:std::shared_lock<std::shared_mutex> lock(g_moe_bias_state_mutex); | L3893:std::shared_lock<std::shared_mutex> lock(g_moe_bias_state_mutex);,model/layer semantic state (review required),lifecycle not inferred; no binding-resolved reset analysis
ggml/src/ggml-sycl/ggml-sycl.cpp,4104,g_moe_live_discovery,ggml_sycl_moe_live_discovery,file,mutable,none evident,none found by unscoped lexical scan,unscoped lexical candidate: L4105:static ggml_sycl::moe_discovery_registry g_moe_discovery_registry(g_moe_live_discovery); | L111632:g_moe_live_discovery.install_fresh();,model/layer semantic state (review required),lifecycle not inferred; no binding-resolved reset analysis
ggml/src/ggml-sycl/ggml-sycl.cpp,4153,layouts,const ggml_layout_mode [],function-local:is_expert_resident_in,immutable binding,none evident,"unscoped lexical candidate: L6324:layouts.push_back(layout); | L6498:auto layouts = ggml_sycl_moe_resolve_layouts(requested_layout, host_only); | L33748:const ggml_layout_mode layouts[] = {","unscoped lexical candidate: L4152:// Try multiple layouts — prestage may use SOA, COALESCED, XMX_TILED, or AOS | L4163:for (auto layout : layouts) { | L6321:std::vector<ggml_layout_mode> layouts;",process or function lifetime (review required),not applicable: immutable binding
ggml/src/ggml-sycl/ggml-sycl.cpp,4179,fail_log,std::atomic<int>,function-local:is_expert_resident_in,mutable,intrinsic:atomic,"unscoped lexical candidate: L4180:if (fail_log.fetch_add(1, std::memory_order_relaxed) < 3) {",none found by unscoped lexical scan,process or function lifetime (review required),lifecycle not inferred; no binding-resolved reset analysis
ggml/src/ggml-sycl/ggml-sycl.cpp,4369,logged_first,bool,function-local:ggml_sycl_graph_has_host_inputs,mutable,none evident,unscoped lexical candidate: L4378:logged_first = true; | L4391:logged_first = true;,unscoped lexical candidate: L4377:if (!logged_first) { | L4390:if (!logged_first) {,process or function lifetime (review required),lifecycle not inferred; no binding-resolved reset analysis
ggml/src/ggml-sycl/ggml-sycl.cpp,4405,cached,int,function-local:ggml_sycl_legacy_prestage_enabled,mutable,none evident,"unscoped lexical candidate: L1151:cached.store(value, std::memory_order_release); | L2950:const auto cached = cache->get_placement_plan_snapshot(); | L3780:cached.store(v, std::memory_order_release);","unscoped lexical candidate: L1146:static std::atomic<int> cached{ -1 }; | L1147:int value = cached.load(std::memory_order_acquire); | L1251:// passes skip the dequantization kernel entirely, reading cached FP16 directly.",process or function lifetime (review required),lifecycle not inferred; no binding-resolved reset analysis
ggml/src/ggml-sycl/ggml-sycl.cpp,4436,logged,std::atomic<int>,function-local:moe_prestage_popular_experts,mutable,intrinsic:atomic,"unscoped lexical candidate: L3817:if (!logged.insert(k).second) { | L4437:if (logged.fetch_add(1, std::memory_order_relaxed) < 1) { | L5826:should_log = logged.insert(key).second;","unscoped lexical candidate: L3813:static std::unordered_set<key_t, key_hash> logged; | L5818:static std::unordered_set<std::string> logged; | L6022:static std::atomic<int> logged{ 0 };",process or function lifetime (review required),lifecycle not inferred; no binding-resolved reset analysis
ggml/src/ggml-sycl/ggml-sycl.cpp,5343,pin_layouts,const ggml_layout_mode [],function-local:moe_prestage_popular_experts,immutable binding,none evident,none found by unscoped lexical scan,unscoped lexical candidate: L5349:for (auto layout : pin_layouts) {,process or function lifetime (review required),not applicable: immutable binding
ggml/src/ggml-sycl/ggml-sycl.cpp,5448,g_moe_decode_route_census,moe_decode_route_census,file,mutable,none evident,none found by unscoped lexical scan,"unscoped lexical candidate: L5502:(unsigned long long) g_moe_decode_route_census.mul_mat_id_calls.load(std::memory_order_relaxed), | L5503:(unsigned long long) g_moe_decode_route_census.ne12_eq1_calls.load(std::memory_order_relaxed), | L5504:(unsigned long long) g_moe_decode_route_census.raw_resolve_calls.load(std::memory_order_relaxed),",model/layer semantic state (review required),lifecycle not inferred; no binding-resolved reset analysis
ggml/src/ggml-sycl/ggml-sycl.cpp,5451,enabled,const bool,function-local:moe_decode_route_census_enabled,immutable binding,none evident,unscoped lexical candidate: L217:static const bool enabled = []() { | L466:static const bool enabled = [] { | L475:static const bool enabled = [] {,"unscoped lexical candidate: L221:return enabled; | L403:static std::atomic<int> g_ggml_sycl_unified_dispatch{ -1 }; // -1 = not initialized, 0 = disabled, 1 = enabled | L470:return enabled;",process or function lifetime (review required),not applicable: immutable binding
ggml/src/ggml-sycl/ggml-sycl.cpp,5475,g_mxfp4_pp_admit_probe_entries,uint64_t,file,mutable,thread-local,unscoped lexical candidate: L72728:g_mxfp4_pp_admit_probe_entries = 0;,unscoped lexical candidate: L29817:++g_mxfp4_pp_admit_probe_entries; | L72725:const uint64_t admit_probe_entries = g_mxfp4_pp_admit_probe_entries;,thread,lifecycle not inferred; no binding-resolved reset analysis
ggml/src/ggml-sycl/ggml-sycl.cpp,5476,g_mxfp4_pp_admit_resolve_fastpath,uint64_t,file,mutable,thread-local,unscoped lexical candidate: L72729:g_mxfp4_pp_admit_resolve_fastpath = 0;,unscoped lexical candidate: L6518:++g_mxfp4_pp_admit_resolve_fastpath; | L72726:const uint64_t admit_resolve_fastpath = g_mxfp4_pp_admit_resolve_fastpath;,thread,lifecycle not inferred; no binding-resolved reset analysis
ggml/src/ggml-sycl/ggml-sycl.cpp,5478,g_mxfp4_pp_admit_resolve_fallback,uint64_t,file,mutable,thread-local,unscoped lexical candidate: L72730:g_mxfp4_pp_admit_resolve_fallback = 0;,unscoped lexical candidate: L6531:++g_mxfp4_pp_admit_resolve_fallback; | L72727:const uint64_t admit_resolve_fallback = g_mxfp4_pp_admit_resolve_fallback;,thread,lifecycle not inferred; no binding-resolved reset analysis
ggml/src/ggml-sycl/ggml-sycl.cpp,5802,enabled,std::atomic<int>,function-local:ggml_sycl_log_moe_layout_route,mutable,intrinsic:atomic,unscoped lexical candidate: L217:static const bool enabled = []() { | L466:static const bool enabled = [] { | L475:static const bool enabled = [] {,"unscoped lexical candidate: L221:return enabled; | L403:static std::atomic<int> g_ggml_sycl_unified_dispatch{ -1 }; // -1 = not initialized, 0 = disabled, 1 = enabled | L470:return enabled;",process or function lifetime (review required),"lifecycle not inferred; unscoped lexical reset candidate: L7274:enabled.store(false, std::memory_order_release);"
ggml/src/ggml-sycl/ggml-sycl.cpp,5817,log_mutex,std::mutex,function-local:ggml_sycl_log_moe_layout_route,mutable,intrinsic:lock primitive,none found by unscoped lexical scan,unscoped lexical candidate: L5825:std::lock_guard<std::mutex> lock(log_mutex); | L29569:static std::mutex log_mutex; | L29574:std::lock_guard<std::mutex> lock(log_mutex);,process or function lifetime (review required),lifecycle not inferred; no binding-resolved reset analysis
ggml/src/ggml-sycl/ggml-sycl.cpp,5818,logged,std::unordered_set<std::string>,function-local:ggml_sycl_log_moe_layout_route,mutable,none evident,"unscoped lexical candidate: L3817:if (!logged.insert(k).second) { | L4437:if (logged.fetch_add(1, std::memory_order_relaxed) < 1) { | L5826:should_log = logged.insert(key).second;","unscoped lexical candidate: L3813:static std::unordered_set<key_t, key_hash> logged; | L4436:static std::atomic<int> logged{ 0 }; | L6022:static std::atomic<int> logged{ 0 };",process or function lifetime (review required),lifecycle not inferred; no binding-resolved reset analysis
ggml/src/ggml-sycl/ggml-sycl.cpp,5851,cached,std::atomic<int>,function-local:ggml_sycl_moe_route_log_enabled,mutable,intrinsic:atomic,"unscoped lexical candidate: L1151:cached.store(value, std::memory_order_release); | L2950:const auto cached = cache->get_placement_plan_snapshot(); | L3780:cached.store(v, std::memory_order_release);","unscoped lexical candidate: L1146:static std::atomic<int> cached{ -1 }; | L1147:int value = cached.load(std::memory_order_acquire); | L1251:// passes skip the dequantization kernel entirely, reading cached FP16 directly.",process or function lifetime (review required),lifecycle not inferred; no binding-resolved reset analysis
ggml/src/ggml-sycl/ggml-sycl.cpp,5864,logged_ensure,std::atomic<int>,function-local:ggml_sycl_ensure_moe_secondary_queues_for_plan,mutable,intrinsic:atomic,"unscoped lexical candidate: L5865:const int n = logged_ensure.fetch_add(1, std::memory_order_relaxed);",none found by unscoped lexical scan,process or function lifetime (review required),lifecycle not inferred; no binding-resolved reset analysis
ggml/src/ggml-sycl/ggml-sycl.cpp,5881,warn_count,std::atomic<int>,function-local:ggml_sycl_ensure_moe_secondary_queues_for_plan,mutable,intrinsic:atomic,"unscoped lexical candidate: L5882:const int n = warn_count.fetch_add(1, std::memory_order_relaxed); | L5931:const int n = warn_count.fetch_add(1, std::memory_order_relaxed); | L50722:static int warn_count = 0;",unscoped lexical candidate: L5930:static std::atomic<int> warn_count{ 0 };,process or function lifetime (review required),lifecycle not inferred; no binding-resolved reset analysis
ggml/src/ggml-sycl/ggml-sycl.cpp,5902,init_mutex,std::mutex,function-local:ggml_sycl_ensure_moe_secondary_queues_for_plan,mutable,intrinsic:lock primitive,none found by unscoped lexical scan,unscoped lexical candidate: L5903:std::lock_guard<std::mutex> lock(init_mutex); | L40448:static std::mutex init_mutex; | L40449:std::lock_guard<std::mutex> lock(init_mutex);,process or function lifetime (review required),lifecycle not inferred; no binding-resolved reset analysis
ggml/src/ggml-sycl/ggml-sycl.cpp,5924,logged_ready,bool,function-local:ggml_sycl_ensure_moe_secondary_queues_for_plan,mutable,none evident,unscoped lexical candidate: L5927:logged_ready = true;,unscoped lexical candidate: L5925:if (!logged_ready) {,process or function lifetime (review required),lifecycle not inferred; no binding-resolved reset analysis
ggml/src/ggml-sycl/ggml-sycl.cpp,5930,warn_count,std::atomic<int>,function-local:ggml_sycl_ensure_moe_secondary_queues_for_plan,mutable,intrinsic:atomic,"unscoped lexical candidate: L5882:const int n = warn_count.fetch_add(1, std::memory_order_relaxed); | L5931:const int n = warn_count.fetch_add(1, std::memory_order_relaxed); | L50722:static int warn_count = 0;",unscoped lexical candidate: L5881:static std::atomic<int> warn_count{ 0 };,process or function lifetime (review required),lifecycle not inferred; no binding-resolved reset analysis
ggml/src/ggml-sycl/ggml-sycl.cpp,6022,logged,std::atomic<int>,function-local:<lambda>,mutable,intrinsic:atomic,"unscoped lexical candidate: L3817:if (!logged.insert(k).second) { | L4437:if (logged.fetch_add(1, std::memory_order_relaxed) < 1) { | L5826:should_log = logged.insert(key).second;","unscoped lexical candidate: L3813:static std::unordered_set<key_t, key_hash> logged; | L4436:static std::atomic<int> logged{ 0 }; | L5818:static std::unordered_set<std::string> logged;",process or function lifetime (review required),lifecycle not inferred; no binding-resolved reset analysis
ggml/src/ggml-sycl/ggml-sycl.cpp,6189,logged_stage_fail,std::atomic<int>,function-local:<lambda>,mutable,intrinsic:atomic,"unscoped lexical candidate: L6190:const int n = logged_stage_fail.fetch_add(1, std::memory_order_relaxed);",none found by unscoped lexical scan,process or function lifetime (review required),lifecycle not inferred; no binding-resolved reset analysis
ggml/src/ggml-sycl/ggml-sycl.cpp,6227,logged_release_before_stage,std::atomic<int>,function-local:ggml_sycl_materialize_planned_expert_layout,mutable,intrinsic:atomic,"unscoped lexical candidate: L6228:const int n = logged_release_before_stage.fetch_add(1, std::memory_order_relaxed);",none found by unscoped lexical scan,process or function lifetime (review required),lifecycle not inferred; no binding-resolved reset analysis
ggml/src/ggml-sycl/ggml-sycl.cpp,6301,logged_ok,std::atomic<int>,function-local:ggml_sycl_materialize_planned_expert_layout,mutable,intrinsic:atomic,"unscoped lexical candidate: L6302:const int n = logged_ok.fetch_add(1, std::memory_order_relaxed);",none found by unscoped lexical scan,process or function lifetime (review required),lifecycle not inferred; no binding-resolved reset analysis
ggml/src/ggml-sycl/ggml-sycl.cpp,6500,logged_aos_request,std::atomic<int>,function-local:ggml_sycl_resolve_moe_expert_route,mutable,intrinsic:atomic,"unscoped lexical candidate: L6501:const int n = logged_aos_request.fetch_add(1, std::memory_order_relaxed);",none found by unscoped lexical scan,process or function lifetime (review required),lifecycle not inferred; no binding-resolved reset analysis
ggml/src/ggml-sycl/ggml-sycl.cpp,6576,logged_canonical,std::atomic<int>,function-local:ggml_sycl_resolve_moe_expert_route,mutable,intrinsic:atomic,"unscoped lexical candidate: L6577:const int n = logged_canonical.fetch_add(1, std::memory_order_relaxed);",none found by unscoped lexical scan,process or function lifetime (review required),lifecycle not inferred; no binding-resolved reset analysis
ggml/src/ggml-sycl/ggml-sycl.cpp,6595,logged_resolve,std::atomic<int>,function-local:ggml_sycl_resolve_moe_expert_route,mutable,intrinsic:atomic,"unscoped lexical candidate: L6596:const int n = logged_resolve.fetch_add(1, std::memory_order_relaxed);",none found by unscoped lexical scan,process or function lifetime (review required),lifecycle not inferred; no binding-resolved reset analysis
ggml/src/ggml-sycl/ggml-sycl.cpp,6620,logged_host_register,std::atomic<int>,function-local:ggml_sycl_resolve_moe_expert_route,mutable,intrinsic:atomic,"unscoped lexical candidate: L6621:const int n = logged_host_register.fetch_add(1, std::memory_order_relaxed);",none found by unscoped lexical scan,process or function lifetime (review required),lifecycle not inferred; no binding-resolved reset analysis
ggml/src/ggml-sycl/ggml-sycl.cpp,6638,logged,std::atomic<int>,function-local:ggml_sycl_resolve_moe_expert_route,mutable,intrinsic:atomic,"unscoped lexical candidate: L3817:if (!logged.insert(k).second) { | L4437:if (logged.fetch_add(1, std::memory_order_relaxed) < 1) { | L5826:should_log = logged.insert(key).second;","unscoped lexical candidate: L3813:static std::unordered_set<key_t, key_hash> logged; | L4436:static std::atomic<int> logged{ 0 }; | L5818:static std::unordered_set<std::string> logged;",process or function lifetime (review required),lifecycle not inferred; no binding-resolved reset analysis
ggml/src/ggml-sycl/ggml-sycl.cpp,6682,logged,std::atomic<int>,function-local:ggml_sycl_resolve_moe_expert_route,mutable,intrinsic:atomic,"unscoped lexical candidate: L3817:if (!logged.insert(k).second) { | L4437:if (logged.fetch_add(1, std::memory_order_relaxed) < 1) { | L5826:should_log = logged.insert(key).second;","unscoped lexical candidate: L3813:static std::unordered_set<key_t, key_hash> logged; | L4436:static std::atomic<int> logged{ 0 }; | L5818:static std::unordered_set<std::string> logged;",process or function lifetime (review required),lifecycle not inferred; no binding-resolved reset analysis
ggml/src/ggml-sycl/ggml-sycl.cpp,6879,logged_legacy_aos,std::atomic<int>,function-local:ggml_sycl_resolve_expert_ptr,mutable,intrinsic:atomic,"unscoped lexical candidate: L6880:const int n = logged_legacy_aos.fetch_add(1, std::memory_order_relaxed);",none found by unscoped lexical scan,process or function lifetime (review required),lifecycle not inferred; no binding-resolved reset analysis
ggml/src/ggml-sycl/ggml-sycl.cpp,7166,cached,int,function-local:kv_rebalance_enabled,mutable,none evident,"unscoped lexical candidate: L1151:cached.store(value, std::memory_order_release); | L2950:const auto cached = cache->get_placement_plan_snapshot(); | L3780:cached.store(v, std::memory_order_release);","unscoped lexical candidate: L1146:static std::atomic<int> cached{ -1 }; | L1147:int value = cached.load(std::memory_order_acquire); | L1251:// passes skip the dequantization kernel entirely, reading cached FP16 directly.",process or function lifetime (review required),lifecycle not inferred; no binding-resolved reset analysis
ggml/src/ggml-sycl/ggml-sycl.cpp,7493,g_adaptive_prestage,adaptive_prestage_state,file,mutable,none evident,none found by unscoped lexical scan,unscoped lexical candidate: L8161:g_adaptive_prestage.init(); | L74738:g_adaptive_prestage.tick(); | L77614:g_adaptive_prestage.tick();,process or function lifetime (review required),lifecycle not inferred; no binding-resolved reset analysis
ggml/src/ggml-sycl/ggml-sycl.cpp,7554,mutex,auto *,function-local:<function>,mutable,none evident,none found by unscoped lexical scan,unscoped lexical candidate: L39:#include <mutex> | L1126:static std::mutex g_sycl_graph_compute_mutex; | L1142:static std::mutex g_sycl_load_summary_mutex;,process or function lifetime (review required),lifecycle not inferred; no binding-resolved reset analysis
ggml/src/ggml-sycl/ggml-sycl.cpp,7559,buffers,auto *,function-local:<function>,mutable,none evident,"unscoped lexical candidate: L7571:auto & buffers = managed_host_pinned_buffers(); | L7572:buffers.erase(std::remove(buffers.begin(), buffers.end(), this), buffers.end()); | L18165:const ggml_sycl::zone_planned_buffer buffers[] = {","unscoped lexical candidate: L2379:// Two scratch buffers alternate: while GEMM runs on buffer A, dequant for the | L3878:// Readers copy the triple out from under the lock. The host buffers it points | L3979:// than copied out of it, because the map's pointers address the host buffers",process or function lifetime (review required),"lifecycle not inferred; unscoped lexical reset candidate: L7572:buffers.erase(std::remove(buffers.begin(), buffers.end(), this), buffers.end()); | L27294:// inside ~llama_model: pimpl.reset() frees the buffers first, taking the"
ggml/src/ggml-sycl/ggml-sycl.cpp,7700,g_secondary_staging_buffer,float *[GGML_SYCL_MAX_DEVICES],file,mutable,none evident,unscoped lexical candidate: L9080:g_secondary_staging_buffer[gpu_d] = g_secondary_staging_alloc[gpu_d].as<float>(); | L9093:g_secondary_staging_buffer[gpu_d] = nullptr; | L85282:g_secondary_staging_buffer[d] = nullptr;,unscoped lexical candidate: L9084:if (g_secondary_staging_buffer[gpu_d]) { | L9097:if (g_secondary_staging_buffer[gpu_d]) {,device/process slot,lifecycle not inferred; no binding-resolved reset analysis
ggml/src/ggml-sycl/ggml-sycl.cpp,7701,g_secondary_staging_size,size_t [GGML_SYCL_MAX_DEVICES],file,mutable,none evident,unscoped lexical candidate: L9081:g_secondary_staging_size[gpu_d] = staging_floats; | L9094:g_secondary_staging_size[gpu_d] = 0; | L85283:g_secondary_staging_size[d] = 0;,none found by unscoped lexical scan,device/process slot,lifecycle not inferred; no binding-resolved reset analysis
ggml/src/ggml-sycl/ggml-sycl.cpp,7702,g_secondary_staging_max_N,size_t [GGML_SYCL_MAX_DEVICES],file,mutable,none evident,unscoped lexical candidate: L9082:g_secondary_staging_max_N[gpu_d] = static_cast<size_t>(max_N); | L85284:g_secondary_staging_max_N[d] = 0;,none found by unscoped lexical scan,device/process slot,lifecycle not inferred; no binding-resolved reset analysis
ggml/src/ggml-sycl/ggml-sycl.cpp,7703,g_secondary_staging_alloc,managed_host_pinned_buffer [GGML_SYCL_MAX_DEVICES],file,mutable,none evident,unscoped lexical candidate: L85281:g_secondary_staging_alloc[d].reset();,unscoped lexical candidate: L9077:if (g_secondary_staging_alloc[gpu_d].ensure( | L9080:g_secondary_staging_buffer[gpu_d] = g_secondary_staging_alloc[gpu_d].as<float>();,tensor/allocation identity or registry,lifecycle not inferred; unscoped lexical reset candidate: L85281:g_secondary_staging_alloc[d].reset();
ggml/src/ggml-sycl/ggml-sycl.cpp,8058,s_host_extras,std::vector<std::unique_ptr<ggml_tensor_extra_gpu>>,function-local:moe_hybrid_init_once,mutable,none evident,unscoped lexical candidate: L8065:s_host_extras.push_back(std::move(new_extra));,none found by unscoped lexical scan,tensor/allocation identity or registry,lifecycle not inferred; no binding-resolved reset analysis
ggml/src/ggml-sycl/ggml-sycl.cpp,8059,s_host_extras_mutex,std::mutex,function-local:moe_hybrid_init_once,mutable,intrinsic:lock primitive,none found by unscoped lexical scan,unscoped lexical candidate: L8064:std::lock_guard<std::mutex> lock(s_host_extras_mutex);,process or function lifetime (review required),lifecycle not inferred; no binding-resolved reset analysis
ggml/src/ggml-sycl/ggml-sycl.cpp,9205,k_reorder_guard_bytes,constexpr size_t,file,immutable binding,none evident,none found by unscoped lexical scan,unscoped lexical candidate: L32359:reorder_guard = k_reorder_guard_bytes; | L32528:size_t reorder_guard = ggml_sycl_reorder_guard_enabled() ? k_reorder_guard_bytes : 0; | L36809:reorder_guard = k_reorder_guard_bytes;,process or function lifetime (review required),not applicable: immutable binding
ggml/src/ggml-sycl/ggml-sycl.cpp,9206,k_reorder_guard_pattern,constexpr uint8_t,file,immutable binding,none evident,none found by unscoped lexical scan,unscoped lexical candidate: L9441:if (guard[i] != k_reorder_guard_pattern) { | L9460:if (raw[i] != k_reorder_guard_pattern) { | L9468:if (suffix[i] != k_reorder_guard_pattern) {,process or function lifetime (review required),not applicable: immutable binding
ggml/src/ggml-sycl/ggml-sycl.cpp,9213,g_sycl_canonical_checksum_mutex,std::mutex,file,mutable,intrinsic:lock primitive,none found by unscoped lexical scan,unscoped lexical candidate: L9247:std::lock_guard<std::mutex> lock(g_sycl_canonical_checksum_mutex); | L9297:std::lock_guard<std::mutex> lock(g_sycl_canonical_checksum_mutex); | L9309:std::lock_guard<std::mutex> lock(g_sycl_canonical_checksum_mutex);,process or function lifetime (review required),lifecycle not inferred; no binding-resolved reset analysis
ggml/src/ggml-sycl/ggml-sycl.cpp,9221,g_sycl_canonical_checksums,"std::unordered_map<std::string, ggml_sycl_canonical_checksum_info>",file,mutable,none evident,"unscoped lexical candidate: L9248:g_sycl_canonical_checksums.clear(); | L9298:g_sycl_canonical_checksums[key] = ggml_sycl_canonical_checksum_info{ bytes, checksum }; | L12139:it = ggml_sycl_owner_name_key_matches(it->first, owner) ? g_sycl_canonical_checksums.erase(it) :",unscoped lexical candidate: L9310:auto it = g_sycl_canonical_checksums.find(key); | L9311:if (it == g_sycl_canonical_checksums.end()) { | L12138:for (auto it = g_sycl_canonical_checksums.begin(); it != g_sycl_canonical_checksums.end();) {,process or function lifetime (review required),"lifecycle not inferred; unscoped lexical reset candidate: L9248:g_sycl_canonical_checksums.clear(); | L12139:it = ggml_sycl_owner_name_key_matches(it->first, owner) ? g_sycl_canonical_checksums.erase(it) :"
ggml/src/ggml-sycl/ggml-sycl.cpp,9264,enabled,int,function-local:ggml_sycl_maybe_capture_canonical_checksum,mutable,none evident,unscoped lexical candidate: L217:static const bool enabled = []() { | L466:static const bool enabled = [] { | L475:static const bool enabled = [] {,"unscoped lexical candidate: L221:return enabled; | L403:static std::atomic<int> g_ggml_sycl_unified_dispatch{ -1 }; // -1 = not initialized, 0 = disabled, 1 = enabled | L470:return enabled;",process or function lifetime (review required),"lifecycle not inferred; unscoped lexical reset candidate: L7274:enabled.store(false, std::memory_order_release);"
ggml/src/ggml-sycl/ggml-sycl.cpp,9265,filter,std::string,function-local:ggml_sycl_maybe_capture_canonical_checksum,mutable,none evident,"unscoped lexical candidate: L9271:filter = env; | L16672:// backend, with or without this filter -- 1276 CPU / 4191 SYCL0 MUL_MAT nodes, | L52502:static const char * filter = std::getenv(""GGML_SYCL_NODE_CHECKSUM_DETAIL"");","unscoped lexical candidate: L9283:if (filter[0] != '\0' && std::strstr(tensor->name, filter.c_str()) == nullptr) { | L16668:// ⚠️ What this filter does NOT do, because the first version of this comment | L16674:// the filter against 21.43/21.29 without, in one binary, palindrome-ordered.",process or function lifetime (review required),lifecycle not inferred; no binding-resolved reset analysis
ggml/src/ggml-sycl/ggml-sycl.cpp,9266,bytes_limit,size_t,function-local:ggml_sycl_maybe_capture_canonical_checksum,mutable,none evident,unscoped lexical candidate: L9276:bytes_limit = static_cast<size_t>(v);,"unscoped lexical candidate: L9294:const size_t bytes = std::min(bytes_limit, size);",process or function lifetime (review required),lifecycle not inferred; no binding-resolved reset analysis
ggml/src/ggml-sycl/ggml-sycl.cpp,9376,enabled,int,function-local:ggml_sycl_unified_soa_enabled,mutable,none evident,unscoped lexical candidate: L217:static const bool enabled = []() { | L466:static const bool enabled = [] { | L475:static const bool enabled = [] {,"unscoped lexical candidate: L221:return enabled; | L403:static std::atomic<int> g_ggml_sycl_unified_dispatch{ -1 }; // -1 = not initialized, 0 = disabled, 1 = enabled | L470:return enabled;",process or function lifetime (review required),"lifecycle not inferred; unscoped lexical reset candidate: L7274:enabled.store(false, std::memory_order_release);"
ggml/src/ggml-sycl/ggml-sycl.cpp,9389,enabled,int,function-local:ggml_sycl_persistent_tg_soa_enabled,mutable,none evident,unscoped lexical candidate: L217:static const bool enabled = []() { | L466:static const bool enabled = [] { | L475:static const bool enabled = [] {,"unscoped lexical candidate: L221:return enabled; | L403:static std::atomic<int> g_ggml_sycl_unified_dispatch{ -1 }; // -1 = not initialized, 0 = disabled, 1 = enabled | L470:return enabled;",process or function lifetime (review required),"lifecycle not inferred; unscoped lexical reset candidate: L7274:enabled.store(false, std::memory_order_release);"
ggml/src/ggml-sycl/ggml-sycl.cpp,9423,enabled,int,function-local:ggml_sycl_debug_set_tensor_i32_enabled,mutable,none evident,unscoped lexical candidate: L217:static const bool enabled = []() { | L466:static const bool enabled = [] { | L475:static const bool enabled = [] {,"unscoped lexical candidate: L221:return enabled; | L403:static std::atomic<int> g_ggml_sycl_unified_dispatch{ -1 }; // -1 = not initialized, 0 = disabled, 1 = enabled | L470:return enabled;",process or function lifetime (review required),"lifecycle not inferred; unscoped lexical reset candidate: L7274:enabled.store(false, std::memory_order_release);"
ggml/src/ggml-sycl/ggml-sycl.cpp,9491,g_test_layout_override_active,std::atomic<int>,namespace:ggml_sycl,mutable,intrinsic:atomic,"unscoped lexical candidate: L9567:g_test_layout_override_active.store(1, std::memory_order_release); | L9571:g_test_layout_override_active.store(0, std::memory_order_release);",unscoped lexical candidate: L9575:if (g_test_layout_override_active.load(std::memory_order_acquire) == 0) {,process or function lifetime (review required),"lifecycle not inferred; unscoped lexical reset candidate: L9571:g_test_layout_override_active.store(0, std::memory_order_release);"
ggml/src/ggml-sycl/ggml-sycl.cpp,9492,g_test_layout_override_value,std::atomic<int>,namespace:ggml_sycl,mutable,intrinsic:atomic,"unscoped lexical candidate: L9566:g_test_layout_override_value.store(static_cast<int>(layout), std::memory_order_release);",unscoped lexical candidate: L9579:*out = static_cast<ggml_layout_mode>(g_test_layout_override_value.load(std::memory_order_acquire));,process or function lifetime (review required),lifecycle not inferred; no binding-resolved reset analysis
ggml/src/ggml-sycl/ggml-sycl.cpp,9493,g_test_orchestrator_calls,std::atomic<int>,namespace:ggml_sycl,mutable,intrinsic:atomic,"unscoped lexical candidate: L9559:g_test_orchestrator_calls.fetch_add(1, std::memory_order_relaxed); | L9678:g_test_orchestrator_calls.store(0, std::memory_order_relaxed);",unscoped lexical candidate: L9683:return g_test_orchestrator_calls.load(std::memory_order_relaxed);,process or function lifetime (review required),"lifecycle not inferred; unscoped lexical reset candidate: L9678:g_test_orchestrator_calls.store(0, std::memory_order_relaxed);"
ggml/src/ggml-sycl/ggml-sycl.cpp,9494,g_test_orchestrator_tracking,std::atomic<int>,namespace:ggml_sycl,mutable,intrinsic:atomic,"unscoped lexical candidate: L9679:g_test_orchestrator_tracking.store(1, std::memory_order_relaxed);",unscoped lexical candidate: L9558:if (g_test_orchestrator_tracking.load(std::memory_order_relaxed) != 0) {,process or function lifetime (review required),lifecycle not inferred; no binding-resolved reset analysis
ggml/src/ggml-sycl/ggml-sycl.cpp,9495,g_test_sycl_info_override_active,std::atomic<int>,namespace:ggml_sycl,mutable,intrinsic:atomic,"unscoped lexical candidate: L9643:g_test_sycl_info_override_active.store(1, std::memory_order_release); | L9647:g_test_sycl_info_override_active.store(0, std::memory_order_release);",unscoped lexical candidate: L9658:return g_test_sycl_info_override_active.load(std::memory_order_acquire) != 0; | L9662:if (g_test_sycl_info_override_active.load(std::memory_order_acquire) == 0) {,process or function lifetime (review required),"lifecycle not inferred; unscoped lexical reset candidate: L9647:g_test_sycl_info_override_active.store(0, std::memory_order_release);"
ggml/src/ggml-sycl/ggml-sycl.cpp,9496,g_test_sycl_info_override_mutex,std::mutex,namespace:ggml_sycl,mutable,intrinsic:lock primitive,none found by unscoped lexical scan,unscoped lexical candidate: L9639:std::lock_guard<std::mutex> lock(g_test_sycl_info_override_mutex);,process or function lifetime (review required),lifecycle not inferred; no binding-resolved reset analysis
ggml/src/ggml-sycl/ggml-sycl.cpp,9497,g_test_sycl_info_override,ggml_sycl_device_info,namespace:ggml_sycl,mutable,none evident,unscoped lexical candidate: L9640:g_test_sycl_info_override = info;,unscoped lexical candidate: L9665:return &g_test_sycl_info_override;,device/process slot,lifecycle not inferred; no binding-resolved reset analysis
ggml/src/ggml-sycl/ggml-sycl.cpp,9499,g_test_moe_ptr_table_ready_event_deps,std::atomic<uint64_t>,namespace:ggml_sycl,mutable,intrinsic:atomic,"unscoped lexical candidate: L10073:g_test_moe_ptr_table_ready_event_deps.store(0, std::memory_order_relaxed); | L10166:g_test_moe_ptr_table_ready_event_deps.store(0, std::memory_order_relaxed); | L10190:g_test_moe_ptr_table_ready_event_deps.store(0, std::memory_order_relaxed);",unscoped lexical candidate: L10089:const bool dep_chained = g_test_moe_ptr_table_ready_event_deps.load(std::memory_order_relaxed) > 0; | L10178:if (g_test_moe_ptr_table_ready_event_deps.load(std::memory_order_relaxed) == 0) { | L10198:const bool cached_dep_chained = g_test_moe_ptr_table_ready_event_deps.load(std::memory_order_relaxed) > 0;,model/layer semantic state (review required),"lifecycle not inferred; unscoped lexical reset candidate: L10073:g_test_moe_ptr_table_ready_event_deps.store(0, std::memory_order_relaxed); | L10166:g_test_moe_ptr_table_ready_event_deps.store(0, std::memory_order_relaxed); | L10190:g_test_moe_ptr_table_ready_event_deps.store(0, std::memory_order_relaxed);"
ggml/src/ggml-sycl/ggml-sycl.cpp,9500,g_runtime_sycl_info,std::atomic<const ggml_sycl_device_info *>,namespace:ggml_sycl,mutable,intrinsic:atomic,"unscoped lexical candidate: L25918:ggml_sycl::g_runtime_sycl_info.store(&info, std::memory_order_release);",unscoped lexical candidate: L9648:if (const ggml_sycl_device_info * runtime_info = g_runtime_sycl_info.load(std::memory_order_acquire)) {,device/process slot,lifecycle not inferred; no binding-resolved reset analysis
ggml/src/ggml-sycl/ggml-sycl.cpp,9513,g_test_moe_probe_override_mutex,std::mutex,namespace:ggml_sycl,mutable,intrinsic:lock primitive,none found by unscoped lexical scan,unscoped lexical candidate: L9591:std::lock_guard<std::mutex> lock(g_test_moe_probe_override_mutex); | L9605:std::lock_guard<std::mutex> lock(g_test_moe_probe_override_mutex); | L9616:std::lock_guard<std::mutex> lock(g_test_moe_probe_override_mutex);,model/layer semantic state (review required),lifecycle not inferred; no binding-resolved reset analysis
ggml/src/ggml-sycl/ggml-sycl.cpp,9514,g_test_moe_probe_overrides,std::vector<test_moe_planned_layout_probe_override>,namespace:ggml_sycl,mutable,none evident,"unscoped lexical candidate: L9601:g_test_moe_probe_overrides.push_back({ tensor, device, layout, local, secondary, host, missing }); | L9606:g_test_moe_probe_overrides.clear();",unscoped lexical candidate: L9592:for (test_moe_planned_layout_probe_override & record : g_test_moe_probe_overrides) { | L9617:for (const test_moe_planned_layout_probe_override & record : g_test_moe_probe_overrides) {,model/layer semantic state (review required),lifecycle not inferred; unscoped lexical reset candidate: L9606:g_test_moe_probe_overrides.clear();
ggml/src/ggml-sycl/ggml-sycl.cpp,10411,disabled,int,function-local:ggml_sycl_reorder_enabled,mutable,none evident,"unscoped lexical candidate: L794:""calls=%llu pp=%llu tg=%llu disabled=%llu "" | L10414:disabled = (env && std::atoi(env) != 0) ? 1 : 0; | L27822:static const bool disabled = (std::getenv(""GGML_SYCL_NO_GPU_REORDER"") != nullptr);","unscoped lexical candidate: L403:static std::atomic<int> g_ggml_sycl_unified_dispatch{ -1 }; // -1 = not initialized, 0 = disabled, 1 = enabled | L873:// per call after whichever path (record, replay, or disabled) actually | L1132:static std::atomic<int> g_ggml_sycl_force_vram{ -1 }; // -1 = not initialized, 0 = disabled, 1 = enabled",process or function lifetime (review required),lifecycle not inferred; no binding-resolved reset analysis
ggml/src/ggml-sycl/ggml-sycl.cpp,10591,g_sycl_error_context_node_idx,int,file,mutable,thread-local,unscoped lexical candidate: L10599:g_sycl_error_context_node_idx = node_idx; | L10607:g_sycl_error_context_node_idx = -1;,"unscoped lexical candidate: L10669:g_sycl_error_context_device, g_sycl_error_context_node_idx, g_sycl_error_context_n_nodes,",thread,lifecycle not inferred; no binding-resolved reset analysis
ggml/src/ggml-sycl/ggml-sycl.cpp,10592,g_sycl_error_context_n_nodes,int,file,mutable,thread-local,unscoped lexical candidate: L10600:g_sycl_error_context_n_nodes = n_nodes; | L10608:g_sycl_error_context_n_nodes = 0;,"unscoped lexical candidate: L10669:g_sycl_error_context_device, g_sycl_error_context_node_idx, g_sycl_error_context_n_nodes,",thread,lifecycle not inferred; no binding-resolved reset analysis
ggml/src/ggml-sycl/ggml-sycl.cpp,10593,g_sycl_error_context_device,int,file,mutable,thread-local,unscoped lexical candidate: L10598:g_sycl_error_context_device = device; | L10606:g_sycl_error_context_device = -1;,"unscoped lexical candidate: L10669:g_sycl_error_context_device, g_sycl_error_context_node_idx, g_sycl_error_context_n_nodes, | L10679:ggml_sycl_dump_error_tensor_handle_meta(""ERROR dst"", dst, g_sycl_error_context_device); | L10680:ggml_sycl_dump_error_tensor_handle_meta(""ERROR src0"", dst ? dst->src[0] : nullptr, g_sycl_error_context_device);",thread,lifecycle not inferred; no binding-resolved reset analysis
ggml/src/ggml-sycl/ggml-sycl.cpp,10594,g_sycl_error_context_node,const ggml_tensor *,file,mutable,thread-local,unscoped lexical candidate: L10601:g_sycl_error_context_node = node; | L10609:g_sycl_error_context_node = nullptr;,unscoped lexical candidate: L10667:const ggml_tensor * node = g_sycl_error_context_node;,thread,lifecycle not inferred; no binding-resolved reset analysis
ggml/src/ggml-sycl/ggml-sycl.cpp,10595,g_sycl_error_context_recording,bool,file,mutable,thread-local,unscoped lexical candidate: L10602:g_sycl_error_context_recording = g_ggml_sycl_graph_recording; | L10610:g_sycl_error_context_recording = false;,"unscoped lexical candidate: L10670:g_sycl_error_context_recording ? 1 : 0, node ? ggml_op_name(node->op) : ""none"",",thread,lifecycle not inferred; no binding-resolved reset analysis
ggml/src/ggml-sycl/ggml-sycl.cpp,10696,g_sycl_in_model_load,std::atomic<bool>,file,mutable,intrinsic:atomic,"unscoped lexical candidate: L12431:g_sycl_in_model_load.store(true, std::memory_order_release); | L12466:g_sycl_in_model_load.store(false, std::memory_order_release); | L12770:g_sycl_in_model_load.store(false, std::memory_order_release);",unscoped lexical candidate: L43389:const bool in_model_load = g_sycl_in_model_load.load(std::memory_order_acquire); | L109795:const bool async = !g_sycl_in_model_load.load(std::memory_order_acquire);,model/layer semantic state (review required),"lifecycle not inferred; unscoped lexical reset candidate: L12466:g_sycl_in_model_load.store(false, std::memory_order_release); | L12770:g_sycl_in_model_load.store(false, std::memory_order_release);"
ggml/src/ggml-sycl/ggml-sycl.cpp,10707,g_sycl_backend_refcount,std::atomic<int>,file,mutable,intrinsic:atomic,"unscoped lexical candidate: L85339:g_sycl_backend_refcount.fetch_sub(1, std::memory_order_acq_rel); | L112413:g_sycl_backend_refcount.fetch_add(1, std::memory_order_acq_rel);",none found by unscoped lexical scan,process or function lifetime (review required),lifecycle not inferred; no binding-resolved reset analysis
ggml/src/ggml-sycl/ggml-sycl.cpp,10720,g_sycl_host_weight_extras_mutex,std::mutex,file,mutable,intrinsic:lock primitive,none found by unscoped lexical scan,unscoped lexical candidate: L10770:std::lock_guard<std::mutex> lock(g_sycl_host_weight_extras_mutex); | L11398:std::lock_guard<std::mutex> lock(g_sycl_host_weight_extras_mutex); | L13571:std::lock_guard<std::mutex> lock(g_sycl_host_weight_extras_mutex);,model/layer semantic state (review required),lifecycle not inferred; no binding-resolved reset analysis
ggml/src/ggml-sycl/ggml-sycl.cpp,10721,g_sycl_host_weight_extras,"std::unordered_map<std::string, sycl_host_weight_extra_entry>",file,mutable,none evident,unscoped lexical candidate: L11408:it = g_sycl_host_weight_extras.erase(it); | L13573:g_sycl_host_weight_extras.clear(); | L13594:g_sycl_host_weight_extras.clear();,unscoped lexical candidate: L10772:auto it = g_sycl_host_weight_extras.find(key); | L10773:if (it != g_sycl_host_weight_extras.end()) { | L11399:for (auto it = g_sycl_host_weight_extras.begin(); it != g_sycl_host_weight_extras.end();) {,model/layer semantic state (review required),lifecycle not inferred; unscoped lexical reset candidate: L11408:it = g_sycl_host_weight_extras.erase(it); | L13573:g_sycl_host_weight_extras.clear(); | L13594:g_sycl_host_weight_extras.clear();
ggml/src/ggml-sycl/ggml-sycl.cpp,10807,g_sycl_weight_cache_uuid,std::atomic<uint64_t>,file,mutable,intrinsic:atomic,"unscoped lexical candidate: L11007:extra->cache_uuid = g_sycl_weight_cache_uuid.fetch_add(1, std::memory_order_relaxed); | L11382:const uint64_t uuid = g_sycl_weight_cache_uuid.fetch_add(1, std::memory_order_relaxed); | L14529:cache_uuid = g_sycl_weight_cache_uuid.fetch_add(1, std::memory_order_relaxed);",none found by unscoped lexical scan,model/layer semantic state (review required),lifecycle not inferred; no binding-resolved reset analysis
ggml/src/ggml-sycl/ggml-sycl.cpp,10839,g_routing_indices_cache,routing_indices_cache,file,mutable,none evident,none found by unscoped lexical scan,unscoped lexical candidate: L10887:std::lock_guard<std::mutex> lock(g_routing_indices_cache.mutex); | L10888:if (g_routing_indices_cache.capacity < count || g_routing_indices_cache.host_indices == nullptr) { | L10889:g_routing_indices_cache.wait_pending();,process or function lifetime (review required),lifecycle not inferred; no binding-resolved reset analysis
ggml/src/ggml-sycl/ggml-sycl.cpp,10857,enabled,std::atomic<int>,function-local:routing_index_capture_enabled,mutable,intrinsic:atomic,unscoped lexical candidate: L217:static const bool enabled = []() { | L466:static const bool enabled = [] { | L475:static const bool enabled = [] {,"unscoped lexical candidate: L221:return enabled; | L403:static std::atomic<int> g_ggml_sycl_unified_dispatch{ -1 }; // -1 = not initialized, 0 = disabled, 1 = enabled | L470:return enabled;",process or function lifetime (review required),"lifecycle not inferred; unscoped lexical reset candidate: L7274:enabled.store(false, std::memory_order_release);"
ggml/src/ggml-sycl/ggml-sycl.cpp,11056,k_weight_cache_guard_bytes,constexpr size_t,anonymous-namespace,immutable binding,none evident,none found by unscoped lexical scan,unscoped lexical candidate: L11063:size_t guard_size = k_weight_cache_guard_bytes; | L11235:const size_t guard = k_weight_cache_guard_bytes; | L11285:reinterpret_cast<uint8_t *>(ptr) - k_weight_cache_guard_bytes - sizeof(weight_cache_alloc_header));,model/layer semantic state (review required),not applicable: immutable binding
ggml/src/ggml-sycl/ggml-sycl.cpp,11057,k_weight_cache_guard_pattern,constexpr uint8_t,anonymous-namespace,immutable binding,none evident,none found by unscoped lexical scan,"unscoped lexical candidate: L11158:if (prefix[i] != k_weight_cache_guard_pattern) { | L11163:if (suffix[i] != k_weight_cache_guard_pattern) { | L11253:std::memset(prefix, k_weight_cache_guard_pattern, guard_size);",model/layer semantic state (review required),not applicable: immutable binding
ggml/src/ggml-sycl/ggml-sycl.cpp,11058,k_weight_cache_guard_magic,constexpr uint64_t,anonymous-namespace,immutable binding,none evident,none found by unscoped lexical scan,unscoped lexical candidate: L11061:uint64_t magic = k_weight_cache_guard_magic; | L11149:if (header->magic != k_weight_cache_guard_magic) { | L11224:header->magic = k_weight_cache_guard_magic;,model/layer semantic state (review required),not applicable: immutable binding
ggml/src/ggml-sycl/ggml-sycl.cpp,11068,g_weight_cache_alloc_mutex,std::mutex,anonymous-namespace,mutable,intrinsic:lock primitive,none found by unscoped lexical scan,unscoped lexical candidate: L11106:std::lock_guard<std::mutex> lock(g_weight_cache_alloc_mutex); | L11118:std::lock_guard<std::mutex> lock(g_weight_cache_alloc_mutex); | L11138:std::lock_guard<std::mutex> lock(g_weight_cache_alloc_mutex);,tensor/allocation identity or registry,lifecycle not inferred; no binding-resolved reset analysis
ggml/src/ggml-sycl/ggml-sycl.cpp,11069,g_weight_cache_allocations,std::vector<weight_cache_alloc_header *>,anonymous-namespace,mutable,none evident,unscoped lexical candidate: L11107:g_weight_cache_allocations.push_back(header); | L11121:g_weight_cache_allocations.erase(it);,"unscoped lexical candidate: L11119:auto it = std::find(g_weight_cache_allocations.begin(), g_weight_cache_allocations.end(), header); | L11120:if (it != g_weight_cache_allocations.end()) { | L11179:for (const auto * header : g_weight_cache_allocations) {",tensor/allocation identity or registry,lifecycle not inferred; unscoped lexical reset candidate: L11121:g_weight_cache_allocations.erase(it);
ggml/src/ggml-sycl/ggml-sycl.cpp,11070,g_weight_cache_alloc_tags,"std::unordered_map<const weight_cache_alloc_header *, std::string>",anonymous-namespace,mutable,none evident,unscoped lexical candidate: L11109:g_weight_cache_alloc_tags[header] = | L11123:g_weight_cache_alloc_tags.erase(header);,unscoped lexical candidate: L11130:auto it = g_weight_cache_alloc_tags.find(header); | L11131:return it != g_weight_cache_alloc_tags.end() ? it->second.c_str() : nullptr; | L11139:auto it = g_weight_cache_alloc_tags.find(header);,tensor/allocation identity or registry,lifecycle not inferred; unscoped lexical reset candidate: L11123:g_weight_cache_alloc_tags.erase(header);
ggml/src/ggml-sycl/ggml-sycl.cpp,11071,g_weight_cache_guard_enabled,std::atomic<int>,anonymous-namespace,mutable,intrinsic:atomic,"unscoped lexical candidate: L11084:g_weight_cache_guard_enabled.store(enabled, std::memory_order_release);",unscoped lexical candidate: L11075:int enabled = g_weight_cache_guard_enabled.load(std::memory_order_acquire);,model/layer semantic state (review required),lifecycle not inferred; no binding-resolved reset analysis
ggml/src/ggml-sycl/ggml-sycl.cpp,11072,g_weight_cache_guard_pages_enabled,std::atomic<int>,anonymous-namespace,mutable,intrinsic:atomic,"unscoped lexical candidate: L11095:g_weight_cache_guard_pages_enabled.store(enabled, std::memory_order_release);",unscoped lexical candidate: L11089:int enabled = g_weight_cache_guard_pages_enabled.load(std::memory_order_acquire);,model/layer semantic state (review required),lifecycle not inferred; no binding-resolved reset analysis
ggml/src/ggml-sycl/ggml-sycl.cpp,11320,g_sycl_weight_identity_mutex,std::mutex,file,mutable,intrinsic:lock primitive,none found by unscoped lexical scan,unscoped lexical candidate: L12110:std::lock_guard<std::mutex> lock(g_sycl_weight_identity_mutex); | L13707:std::lock_guard<std::mutex> lock_id(g_sycl_weight_identity_mutex); | L13948:std::lock_guard<std::mutex> lock(g_sycl_weight_identity_mutex);,model/layer semantic state (review required),lifecycle not inferred; no binding-resolved reset analysis
ggml/src/ggml-sycl/ggml-sycl.cpp,11321,g_sycl_weight_identities_by_name,"std::unordered_map<std::string, ggml_sycl_weight_identity>",file,mutable,none evident,"unscoped lexical candidate: L12115:it = g_sycl_weight_identities_by_name.erase(it); | L14031:g_sycl_weight_identities_by_name[ggml_sycl_owner_name_key(owner, name)] = identity; | L27118:g_sycl_weight_identities_by_name[owner_key] = identity;","unscoped lexical candidate: L11344:// g_sycl_weight_identities_by_name is scoped by ggml_sycl_owner_name_key(). | L12111:for (auto it = g_sycl_weight_identities_by_name.begin(); it != g_sycl_weight_identities_by_name.end();) { | L13710:auto name_it = g_sycl_weight_identities_by_name.find(ggml_sycl_owner_name_key(owner, name));",model/layer semantic state (review required),lifecycle not inferred; unscoped lexical reset candidate: L12115:it = g_sycl_weight_identities_by_name.erase(it);
ggml/src/ggml-sycl/ggml-sycl.cpp,11324,g_sycl_gguf_file_ids,"std::unordered_map<std::string, uint64_t>",file,mutable,none evident,"unscoped lexical candidate: L12124:it = ggml_sycl_owner_name_key_matches(it->first, owner) ? g_sycl_gguf_file_ids.erase(it) : std::next(it); | L13949:g_sycl_gguf_file_ids[key] = file_id;",unscoped lexical candidate: L12123:for (auto it = g_sycl_gguf_file_ids.begin(); it != g_sycl_gguf_file_ids.end();) { | L14017:auto file_it = g_sycl_gguf_file_ids.find(file_key); | L14018:if (file_it != g_sycl_gguf_file_ids.end()) {,process or function lifetime (review required),"lifecycle not inferred; unscoped lexical reset candidate: L12124:it = ggml_sycl_owner_name_key_matches(it->first, owner) ? g_sycl_gguf_file_ids.erase(it) : std::next(it);"
ggml/src/ggml-sycl/ggml-sycl.cpp,11347,g_sycl_weight_identities_unowned,"std::unordered_map<std::string, ggml_sycl_weight_identity>",file,mutable,none evident,unscoped lexical candidate: L13992:g_sycl_weight_identities_unowned[name] = identity;,unscoped lexical candidate: L14466:auto unowned_it = g_sycl_weight_identities_unowned.find(name); | L14467:if (unowned_it != g_sycl_weight_identities_unowned.end()) { | L27102:if (g_sycl_weight_identities_unowned.count(name) != 0) {,model/layer semantic state (review required),lifecycle not inferred; no binding-resolved reset analysis
ggml/src/ggml-sycl/ggml-sycl.cpp,11348,g_sycl_named_weight_cache_uuids,"std::unordered_map<std::string, uint64_t>",file,mutable,none evident,"unscoped lexical candidate: L11383:g_sycl_named_weight_cache_uuids.emplace(signature, uuid);",unscoped lexical candidate: L11378:auto it = g_sycl_named_weight_cache_uuids.find(signature); | L11379:if (it != g_sycl_named_weight_cache_uuids.end()) {,model/layer semantic state (review required),lifecycle not inferred; no binding-resolved reset analysis
ggml/src/ggml-sycl/ggml-sycl.cpp,11349,g_sycl_weight_usage_mutex,std::mutex,file,mutable,intrinsic:lock primitive,none found by unscoped lexical scan,unscoped lexical candidate: L12128:std::lock_guard<std::mutex> lock(g_sycl_weight_usage_mutex); | L14099:std::lock_guard<std::mutex> lock(g_sycl_weight_usage_mutex); | L14130:std::lock_guard<std::mutex> lock(g_sycl_weight_usage_mutex);,model/layer semantic state (review required),lifecycle not inferred; no binding-resolved reset analysis
ggml/src/ggml-sycl/ggml-sycl.cpp,11353,g_sycl_weight_usages,"std::unordered_map<std::string, tensor_usage>",file,mutable,none evident,"unscoped lexical candidate: L12130:it = ggml_sycl_owner_name_key_matches(it->first, owner) ? g_sycl_weight_usages.erase(it) : std::next(it); | L14102:return g_sycl_weight_usages.emplace(name, mapped).second;",unscoped lexical candidate: L12129:for (auto it = g_sycl_weight_usages.begin(); it != g_sycl_weight_usages.end();) { | L14100:auto it = g_sycl_weight_usages.find(name); | L14101:if (it == g_sycl_weight_usages.end()) {,tensor/allocation identity or registry,"lifecycle not inferred; unscoped lexical reset candidate: L12130:it = ggml_sycl_owner_name_key_matches(it->first, owner) ? g_sycl_weight_usages.erase(it) : std::next(it);"
ggml/src/ggml-sycl/ggml-sycl.cpp,11354,g_sycl_usage_unknown_mutex,std::mutex,file,mutable,intrinsic:lock primitive,none found by unscoped lexical scan,unscoped lexical candidate: L14140:std::lock_guard<std::mutex> lock(g_sycl_usage_unknown_mutex); | L14794:std::lock_guard<std::mutex> lock(g_sycl_usage_unknown_mutex);,process or function lifetime (review required),lifecycle not inferred; no binding-resolved reset analysis
ggml/src/ggml-sycl/ggml-sycl.cpp,11355,g_sycl_usage_unknown_once,std::unordered_set<std::string>,file,mutable,none evident,unscoped lexical candidate: L14141:if (g_sycl_usage_unknown_once.emplace(name).second) { | L14795:g_sycl_usage_unknown_once.clear();,none found by unscoped lexical scan,process or function lifetime (review required),lifecycle not inferred; unscoped lexical reset candidate: L14795:g_sycl_usage_unknown_once.clear();
ggml/src/ggml-sycl/ggml-sycl.cpp,11415,g_sycl_lifecycle_load_end_calls,std::atomic<uint64_t>,file,mutable,intrinsic:atomic,"unscoped lexical candidate: L13170:g_sycl_lifecycle_load_end_calls.fetch_add(1, std::memory_order_relaxed);",unscoped lexical candidate: L11577:out->load_end_calls = g_sycl_lifecycle_load_end_calls.load(std::memory_order_relaxed);,process or function lifetime (review required),lifecycle not inferred; no binding-resolved reset analysis
ggml/src/ggml-sycl/ggml-sycl.cpp,11416,g_sycl_lifecycle_release_slot_calls,std::atomic<uint64_t>,file,mutable,intrinsic:atomic,"unscoped lexical candidate: L12223:g_sycl_lifecycle_release_slot_calls.fetch_add(1, std::memory_order_relaxed);",unscoped lexical candidate: L11578:out->release_slot_calls = g_sycl_lifecycle_release_slot_calls.load(std::memory_order_relaxed);,process or function lifetime (review required),lifecycle not inferred; no binding-resolved reset analysis
ggml/src/ggml-sycl/ggml-sycl.cpp,11417,g_sycl_lifecycle_load_end_last_slot,std::atomic<uint32_t>,file,mutable,intrinsic:atomic,"unscoped lexical candidate: L13169:g_sycl_lifecycle_load_end_last_slot.store(ticket.token.owner.slot, std::memory_order_relaxed);",unscoped lexical candidate: L11579:out->load_end_last_slot = g_sycl_lifecycle_load_end_last_slot.load(std::memory_order_relaxed);,process or function lifetime (review required),lifecycle not inferred; no binding-resolved reset analysis
ggml/src/ggml-sycl/ggml-sycl.cpp,11418,g_sycl_lifecycle_release_slot_last_slot,std::atomic<uint32_t>,file,mutable,intrinsic:atomic,"unscoped lexical candidate: L12221:g_sycl_lifecycle_release_slot_last_slot.store(slot, std::memory_order_relaxed);",unscoped lexical candidate: L11580:out->release_slot_last_slot = g_sycl_lifecycle_release_slot_last_slot.load(std::memory_order_relaxed);,process or function lifetime (review required),lifecycle not inferred; no binding-resolved reset analysis
ggml/src/ggml-sycl/ggml-sycl.cpp,11419,g_sycl_lifecycle_release_slot_last_reclaimed,std::atomic<uint64_t>,file,mutable,intrinsic:atomic,"unscoped lexical candidate: L12222:g_sycl_lifecycle_release_slot_last_reclaimed.store(reclaimed, std::memory_order_relaxed);",unscoped lexical candidate: L11581:out->release_slot_last_reclaimed = g_sycl_lifecycle_release_slot_last_reclaimed.load(std::memory_order_relaxed);,process or function lifetime (review required),lifecycle not inferred; no binding-resolved reset analysis
ggml/src/ggml-sycl/ggml-sycl.cpp,11429,g_q1_nvfp4_test_scope_mutex,std::mutex,anonymous-namespace,mutable,intrinsic:lock primitive,none found by unscoped lexical scan,unscoped lexical candidate: L11459:std::lock_guard<std::mutex> lock(g_q1_nvfp4_test_scope_mutex); | L11468:std::lock_guard<std::mutex> lock(g_q1_nvfp4_test_scope_mutex); | L11488:std::lock_guard<std::mutex> lock(g_q1_nvfp4_test_scope_mutex);,process or function lifetime (review required),lifecycle not inferred; no binding-resolved reset analysis
ggml/src/ggml-sycl/ggml-sycl.cpp,11430,g_q1_nvfp4_test_scopes,"std::unordered_map<ggml_backend_t, q1_nvfp4_test_scope_record>",anonymous-namespace,mutable,none evident,unscoped lexical candidate: L11469:g_q1_nvfp4_test_scopes.erase(backend); | L11493:g_q1_nvfp4_test_scopes[backend] = record; | L11517:if (it != g_q1_nvfp4_test_scopes.end() && it->second.nonce == token->nonce) g_q1_nvfp4_test_scopes.erase(it);,unscoped lexical candidate: L11460:for (const auto & item : g_q1_nvfp4_test_scopes) { | L11502:auto it = g_q1_nvfp4_test_scopes.find(backend); | L11503:if (it == g_q1_nvfp4_test_scopes.end() || it->second.nonce != token->nonce ||,process or function lifetime (review required),lifecycle not inferred; unscoped lexical reset candidate: L11469:g_q1_nvfp4_test_scopes.erase(backend); | L11517:if (it != g_q1_nvfp4_test_scopes.end() && it->second.nonce == token->nonce) g_q1_nvfp4_test_scopes.erase(it);
ggml/src/ggml-sycl/ggml-sycl.cpp,11431,g_q1_nvfp4_test_nonce,std::atomic<uint64_t>,anonymous-namespace,mutable,intrinsic:atomic,"unscoped lexical candidate: L11490:uint64_t nonce = g_q1_nvfp4_test_nonce.fetch_add(1, std::memory_order_relaxed); | L11491:if (nonce == 0) nonce = g_q1_nvfp4_test_nonce.fetch_add(1, std::memory_order_relaxed);",none found by unscoped lexical scan,process or function lifetime (review required),lifecycle not inferred; no binding-resolved reset analysis
ggml/src/ggml-sycl/ggml-sycl.cpp,11432,g_q1_nvfp4_test_failure,std::atomic<uint32_t>,anonymous-namespace,mutable,intrinsic:atomic,"unscoped lexical candidate: L11534:g_q1_nvfp4_test_failure.store(static_cast<uint32_t>(failure), std::memory_order_release);",unscoped lexical candidate: L11474:const bool consumed = g_q1_nvfp4_test_failure.compare_exchange_strong(,process or function lifetime (review required),lifecycle not inferred; no binding-resolved reset analysis
ggml/src/ggml-sycl/ggml-sycl.cpp,11433,g_q1_nvfp4_test_candidate,std::atomic<uint64_t>,anonymous-namespace,mutable,intrinsic:atomic,"unscoped lexical candidate: L76241:g_q1_nvfp4_test_candidate.fetch_add(1, std::memory_order_relaxed);","unscoped lexical candidate: L11522:*out = { g_q1_nvfp4_test_candidate.load(std::memory_order_relaxed),",process or function lifetime (review required),lifecycle not inferred; no binding-resolved reset analysis
ggml/src/ggml-sycl/ggml-sycl.cpp,11434,g_q1_nvfp4_test_admit,std::atomic<uint64_t>,anonymous-namespace,mutable,intrinsic:atomic,"unscoped lexical candidate: L76333:g_q1_nvfp4_test_admit.fetch_add(1, std::memory_order_relaxed);","unscoped lexical candidate: L11523:g_q1_nvfp4_test_admit.load(std::memory_order_relaxed),",process or function lifetime (review required),lifecycle not inferred; no binding-resolved reset analysis
ggml/src/ggml-sycl/ggml-sycl.cpp,11435,g_q1_nvfp4_test_submit,std::atomic<uint64_t>,anonymous-namespace,mutable,intrinsic:atomic,"unscoped lexical candidate: L76377:g_q1_nvfp4_test_submit.fetch_add(1, std::memory_order_relaxed);","unscoped lexical candidate: L11524:g_q1_nvfp4_test_submit.load(std::memory_order_relaxed),",process or function lifetime (review required),lifecycle not inferred; no binding-resolved reset analysis
ggml/src/ggml-sycl/ggml-sycl.cpp,11436,g_q1_nvfp4_test_terminal,std::atomic<uint64_t>,anonymous-namespace,mutable,intrinsic:atomic,"unscoped lexical candidate: L76398:g_q1_nvfp4_test_terminal.fetch_add(1, std::memory_order_relaxed);","unscoped lexical candidate: L11525:g_q1_nvfp4_test_terminal.load(std::memory_order_relaxed),",process or function lifetime (review required),lifecycle not inferred; no binding-resolved reset analysis
ggml/src/ggml-sycl/ggml-sycl.cpp,11437,g_q1_nvfp4_test_recycle,std::atomic<uint64_t>,anonymous-namespace,mutable,intrinsic:atomic,"unscoped lexical candidate: L76403:if (recycled) g_q1_nvfp4_test_recycle.fetch_add(1, std::memory_order_relaxed);","unscoped lexical candidate: L11526:g_q1_nvfp4_test_recycle.load(std::memory_order_relaxed),",process or function lifetime (review required),lifecycle not inferred; no binding-resolved reset analysis
ggml/src/ggml-sycl/ggml-sycl.cpp,11438,g_q1_nvfp4_test_quarantine,std::atomic<uint64_t>,anonymous-namespace,mutable,intrinsic:atomic,"unscoped lexical candidate: L76387:g_q1_nvfp4_test_quarantine.fetch_add(1, std::memory_order_relaxed); | L76414:g_q1_nvfp4_test_quarantine.fetch_add(1, std::memory_order_relaxed);","unscoped lexical candidate: L11527:g_q1_nvfp4_test_quarantine.load(std::memory_order_relaxed),",process or function lifetime (review required),lifecycle not inferred; no binding-resolved reset analysis
ggml/src/ggml-sycl/ggml-sycl.cpp,11439,g_q1_nvfp4_test_failure_consumed,std::atomic<uint64_t>,anonymous-namespace,mutable,intrinsic:atomic,"unscoped lexical candidate: L11476:if (consumed) g_q1_nvfp4_test_failure_consumed.fetch_add(1, std::memory_order_relaxed);","unscoped lexical candidate: L11528:g_q1_nvfp4_test_failure_consumed.load(std::memory_order_relaxed),",process or function lifetime (review required),lifecycle not inferred; no binding-resolved reset analysis
ggml/src/ggml-sycl/ggml-sycl.cpp,11440,g_q1_nvfp4_test_workspace_slot,std::atomic<uint32_t>,anonymous-namespace,mutable,intrinsic:atomic,"unscoped lexical candidate: L76344:g_q1_nvfp4_test_workspace_slot.store(lease[0].slot(), std::memory_order_relaxed);","unscoped lexical candidate: L11529:g_q1_nvfp4_test_workspace_slot.load(std::memory_order_relaxed),",process or function lifetime (review required),lifecycle not inferred; no binding-resolved reset analysis
ggml/src/ggml-sycl/ggml-sycl.cpp,11441,g_q1_nvfp4_test_workspace_generation,std::atomic<uint64_t>,anonymous-namespace,mutable,intrinsic:atomic,"unscoped lexical candidate: L76345:g_q1_nvfp4_test_workspace_generation.store(lease[0].generation(), std::memory_order_relaxed);",unscoped lexical candidate: L11530:g_q1_nvfp4_test_workspace_generation.load(std::memory_order_relaxed) };,process or function lifetime (review required),lifecycle not inferred; no binding-resolved reset analysis
ggml/src/ggml-sycl/ggml-sycl.cpp,11544,k_moe_mmid_direct_route_validated,constexpr bool,file,immutable binding,none evident,none found by unscoped lexical scan,unscoped lexical candidate: L11554:constexpr bool k_moe_mmid_route_reachable_compiled = k_moe_mmid_direct_route_validated || k_moe_mmid_route_compiled; | L11559:if (k_moe_mmid_direct_route_validated) { | L76228:// k_moe_mmid_direct_route_validated. Do not re-spell this as a literal --,model/layer semantic state (review required),not applicable: immutable binding
ggml/src/ggml-sycl/ggml-sycl.cpp,11550,k_moe_mmid_route_compiled,constexpr bool,file,immutable binding,none evident,unscoped lexical candidate: L11552:constexpr bool k_moe_mmid_route_compiled = false;,unscoped lexical candidate: L11554:constexpr bool k_moe_mmid_route_reachable_compiled = k_moe_mmid_direct_route_validated || k_moe_mmid_route_compiled;,model/layer semantic state (review required),not applicable: immutable binding
ggml/src/ggml-sycl/ggml-sycl.cpp,11552,k_moe_mmid_route_compiled,constexpr bool,file,immutable binding,none evident,unscoped lexical candidate: L11550:constexpr bool k_moe_mmid_route_compiled = true;,unscoped lexical candidate: L11554:constexpr bool k_moe_mmid_route_reachable_compiled = k_moe_mmid_direct_route_validated || k_moe_mmid_route_compiled;,model/layer semantic state (review required),not applicable: immutable binding
ggml/src/ggml-sycl/ggml-sycl.cpp,11554,k_moe_mmid_route_reachable_compiled,constexpr bool,file,immutable binding,none evident,none found by unscoped lexical scan,unscoped lexical candidate: L13196:if (k_moe_mmid_route_reachable_compiled) {,model/layer semantic state (review required),not applicable: immutable binding
ggml/src/ggml-sycl/ggml-sycl.cpp,11773,g_execution_wrapper_failpoint,std::atomic<int>,file,mutable,intrinsic:atomic,"unscoped lexical candidate: L11831:g_execution_wrapper_failpoint.exchange(static_cast<int>(ggml_sycl_execution_wrapper_failpoint::NONE), | L11837:g_execution_wrapper_failpoint.store(static_cast<int>(ggml_sycl_execution_wrapper_failpoint::NEXT_EXTRACT_AFTER_FIRST_SWA | L12814:g_execution_wrapper_failpoint.store(static_cast<int>(ggml_sycl_execution_wrapper_failpoint::NEXT_BAD_ALLOC),",none found by unscoped lexical scan,process or function lifetime (review required),lifecycle not inferred; no binding-resolved reset analysis
ggml/src/ggml-sycl/ggml-sycl.cpp,11796,g_execution_backend_binding_mutex,std::mutex,file,mutable,intrinsic:lock primitive,none found by unscoped lexical scan,unscoped lexical candidate: L11777:// BINDING -> g_execution_backend_binding_mutex | L11803:std::lock_guard<std::mutex> lock(g_execution_backend_binding_mutex); | L11914:// with MISMATCH. Caller holds g_execution_backend_binding_mutex and,process or function lifetime (review required),lifecycle not inferred; no binding-resolved reset analysis
ggml/src/ggml-sycl/ggml-sycl.cpp,11797,g_execution_backend_bindings,"std::unordered_map<ggml_backend_sycl_context *, std::shared_ptr<ggml_sycl_execution_backend_binding>>",file,mutable,none evident,unscoped lexical candidate: L11952:it = g_execution_backend_bindings.erase(it); | L12019:g_execution_backend_bindings.erase(it); | L14884:g_execution_backend_bindings[backend_ctx] = std::move(binding);,"unscoped lexical candidate: L11817:snapshot.reserve(g_execution_backend_bindings.size()); | L11818:for (const auto & [backend, binding] : g_execution_backend_bindings) { | L11949:for (auto it = g_execution_backend_bindings.begin(); it != g_execution_backend_bindings.end();) {",process or function lifetime (review required),lifecycle not inferred; unscoped lexical reset candidate: L11952:it = g_execution_backend_bindings.erase(it); | L12019:g_execution_backend_bindings.erase(it); | L14897:g_execution_backend_bindings.erase(it);
ggml/src/ggml-sycl/ggml-sycl.cpp,12239,g_sycl_quarantine_queue,ggml_sycl::lifecycle::quarantine_queue,file,mutable,none evident,unscoped lexical candidate: L12373:(void) g_sycl_quarantine_queue.erase(owner);,unscoped lexical candidate: L12275:return g_sycl_quarantine_queue.enqueue(ggml_sycl_cpp_token(token)); | L12384:const size_t count = g_sycl_quarantine_queue.take_all(pending); | L12393:(void) g_sycl_quarantine_queue.enqueue(pending[i]);,device/process slot,lifecycle not inferred; unscoped lexical reset candidate: L12373:(void) g_sycl_quarantine_queue.erase(owner);
ggml/src/ggml-sycl/ggml-sycl.cpp,12245,g_sycl_module_admission_mutex,std::mutex,file,mutable,intrinsic:lock primitive,none found by unscoped lexical scan,unscoped lexical candidate: L12255:std::lock_guard<std::mutex> lock(g_sycl_module_admission_mutex); | L12265:std::lock_guard<std::mutex> lock(g_sycl_module_admission_mutex); | L111478:std::unique_lock<std::mutex> lock(g_sycl_module_admission_mutex);,process or function lifetime (review required),lifecycle not inferred; no binding-resolved reset analysis
ggml/src/ggml-sycl/ggml-sycl.cpp,12246,g_sycl_module_admission_cv,std::condition_variable,file,mutable,none evident,none found by unscoped lexical scan,"unscoped lexical candidate: L12267:g_sycl_module_admission_cv.notify_all(); | L111508:if (!g_sycl_module_admission_cv.wait_for(lock, mutation_drain_timeout,",process or function lifetime (review required),lifecycle not inferred; no binding-resolved reset analysis
ggml/src/ggml-sycl/ggml-sycl.cpp,12247,g_sycl_module_admission,sycl_module_admission_state,file,mutable,none evident,unscoped lexical candidate: L111480:g_sycl_module_admission = sycl_module_admission_state::RETRY_CLOSED; | L111497:g_sycl_module_admission = sycl_module_admission_state::ACTIVE; | L111522:g_sycl_module_admission = sycl_module_admission_state::ACTIVE;,unscoped lexical candidate: L12256:if (g_sycl_module_admission == sycl_module_admission_state::ACTIVE && | L111479:if (g_sycl_module_admission == sycl_module_admission_state::ACTIVE) { | L111482:} else if (g_sycl_module_admission != sycl_module_admission_state::RETRY_CLOSED) {,process or function lifetime (review required),lifecycle not inferred; no binding-resolved reset analysis
ggml/src/ggml-sycl/ggml-sycl.cpp,12248,g_sycl_module_mutations,size_t,file,mutable,none evident,none found by unscoped lexical scan,unscoped lexical candidate: L12257:g_sycl_module_mutations != SIZE_MAX) { | L12258:++g_sycl_module_mutations; | L12266:--g_sycl_module_mutations;,process or function lifetime (review required),lifecycle not inferred; no binding-resolved reset analysis
ggml/src/ggml-sycl/ggml-sycl.cpp,12249,g_sycl_module_shutdown_started,bool,file,mutable,none evident,unscoped lexical candidate: L111485:g_sycl_module_shutdown_started = false; | L111592:g_sycl_module_shutdown_started = false; | L111605:g_sycl_module_shutdown_started = true;,unscoped lexical candidate: L111534:if (!g_sycl_module_shutdown_started &&,process or function lifetime (review required),lifecycle not inferred; no binding-resolved reset analysis
ggml/src/ggml-sycl/ggml-sycl.cpp,12426,g_sycl_abort_load_exit,bool,file,mutable,thread-local,unscoped lexical candidate: L12772:g_sycl_abort_load_exit = false; | L12949:g_sycl_abort_load_exit = true; | L12951:g_sycl_abort_load_exit = false;,unscoped lexical candidate: L12468:if (g_sycl_abort_load_exit) {,thread,lifecycle not inferred; no binding-resolved reset analysis
ggml/src/ggml-sycl/ggml-sycl.cpp,12681,g_test_fail_next_abort_owner_effects_cleanup,std::atomic<bool>,file,mutable,intrinsic:atomic,"unscoped lexical candidate: L12686:if (g_test_fail_next_abort_owner_effects_cleanup.exchange(false, std::memory_order_acq_rel)) { | L111905:if (module_guard) g_test_fail_next_abort_owner_effects_cleanup.store(true, std::memory_order_release);",none found by unscoped lexical scan,process or function lifetime (review required),lifecycle not inferred; no binding-resolved reset analysis
ggml/src/ggml-sycl/ggml-sycl.cpp,12786,g_test_live_update_mutex,std::mutex,file,mutable,intrinsic:lock primitive,none found by unscoped lexical scan,unscoped lexical candidate: L12792:std::lock_guard<std::mutex> lock(g_test_live_update_mutex); | L12807:std::lock_guard<std::mutex> lock(g_test_live_update_mutex);,process or function lifetime (review required),lifecycle not inferred; no binding-resolved reset analysis
ggml/src/ggml-sycl/ggml-sycl.cpp,12787,g_test_live_update_guard,std::optional<ggml_sycl::lifecycle::live_update_guard>,file,mutable,none evident,unscoped lexical candidate: L12800:g_test_live_update_guard.emplace(std::move(guard)); | L12808:g_test_live_update_guard.reset();,unscoped lexical candidate: L12793:if (g_test_live_update_guard) {,process or function lifetime (review required),lifecycle not inferred; unscoped lexical reset candidate: L12808:g_test_live_update_guard.reset();
ggml/src/ggml-sycl/ggml-sycl.cpp,13017,last_issued,std::atomic<uint64_t>,function-local:ggml_sycl_next_mmid_queue_cookie,mutable,intrinsic:atomic,none found by unscoped lexical scan,unscoped lexical candidate: L13018:return ggml_sycl::moe_mmid_mint_monotonic_cookie(last_issued);,process or function lifetime (review required),lifecycle not inferred; no binding-resolved reset analysis
ggml/src/ggml-sycl/ggml-sycl.cpp,13296,legacy,ggml_sycl_load_txn,function-local:ggml_backend_sycl_set_model_loading,mutable,thread-local,"unscoped lexical candidate: L13312:legacy = {}; | L82444:if (const char * legacy = std::getenv(""GGML_SYCL_CPU_BATCH_THRESHOLD"")) {","unscoped lexical candidate: L113:#include ""ggml-sycl/pool-legacy-release.hpp"" | L3034:// descriptor; the legacy name-based map remains only for older fallback paths. | L3035:// Opt-out: GGML_SYCL_SECONDARY_LOCAL_AGG=0, or the legacy",thread,lifecycle not inferred; no binding-resolved reset analysis
ggml/src/ggml-sycl/ggml-sycl.cpp,13297,depth,uint64_t,function-local:ggml_backend_sycl_set_model_loading,mutable,thread-local,"unscoped lexical candidate: L23544:static bool ggml_sycl_tensor_depends_on(const ggml_tensor * tensor, const ggml_tensor * target, int depth = 0) { | L77681:// With depth=3, we get ~9ms of prefetch overlap time. | L103824:int depth = 0;",unscoped lexical candidate: L12429:// Transaction depth/authority lives only in Registry. | L12434:// load_tensors across load_all_data (nested calls increment depth). | L12900:// Push first: allocation failure leaves Registry depth unchanged. If,thread,lifecycle not inferred; no binding-resolved reset analysis
ggml/src/ggml-sycl/ggml-sycl.cpp,13374,g_pending_kv_layer_masks_mutex,std::mutex,file,mutable,intrinsic:lock primitive,none found by unscoped lexical scan,unscoped lexical candidate: L13444:std::lock_guard<std::mutex> lock(g_pending_kv_layer_masks_mutex); | L13464:std::lock_guard<std::mutex> lock(g_pending_kv_layer_masks_mutex); | L13483:std::lock_guard<std::mutex> lock(g_pending_kv_layer_masks_mutex);,model/layer semantic state (review required),lifecycle not inferred; no binding-resolved reset analysis
ggml/src/ggml-sycl/ggml-sycl.cpp,13375,g_pending_kv_layer_masks,std::deque<ggml_sycl_pending_kv_layer_mask> [GGML_SYCL_MAX_DEVICES],file,mutable,none evident,unscoped lexical candidate: L13445:g_pending_kv_layer_masks[device].push_back(std::move(entry));,unscoped lexical candidate: L13465:auto & queue = g_pending_kv_layer_masks[device]; | L13484:auto & queue = g_pending_kv_layer_masks[device]; | L13535:return static_cast<uint32_t>(g_pending_kv_layer_masks[device].size());,device/process slot,lifecycle not inferred; no binding-resolved reset analysis
ggml/src/ggml-sycl/ggml-sycl.cpp,13376,g_pending_kv_handoff_seq,std::atomic<uint64_t>,file,mutable,intrinsic:atomic,"unscoped lexical candidate: L13439:entry.handoff_id = g_pending_kv_handoff_seq.fetch_add(1, std::memory_order_relaxed) + 1;",none found by unscoped lexical scan,model/layer semantic state (review required),lifecycle not inferred; no binding-resolved reset analysis
ggml/src/ggml-sycl/ggml-sycl.cpp,13378,g_test_kv_push_mutex,std::mutex,file,mutable,intrinsic:lock primitive,none found by unscoped lexical scan,unscoped lexical candidate: L13386:std::lock_guard<std::mutex> lock(g_test_kv_push_mutex); | L13391:std::unique_lock<std::mutex> lock(g_test_kv_push_mutex); | L13395:std::lock_guard<std::mutex> lock(g_test_kv_push_mutex);,model/layer semantic state (review required),lifecycle not inferred; no binding-resolved reset analysis
ggml/src/ggml-sycl/ggml-sycl.cpp,13379,g_test_kv_push_cv,std::condition_variable,file,mutable,none evident,none found by unscoped lexical scan,"unscoped lexical candidate: L13392:g_test_kv_push_cv.wait(lock, [] { return g_test_kv_push_blocked; }); | L13398:g_test_kv_push_cv.notify_all(); | L13427:g_test_kv_push_cv.notify_all();",model/layer semantic state (review required),lifecycle not inferred; no binding-resolved reset analysis
ggml/src/ggml-sycl/ggml-sycl.cpp,13380,g_test_block_next_kv_push,bool,file,mutable,none evident,unscoped lexical candidate: L13387:g_test_block_next_kv_push = true; | L13396:g_test_block_next_kv_push = false;,"unscoped lexical candidate: L13425:if (g_test_block_next_kv_push) { | L13428:g_test_kv_push_cv.wait(lock, [] { return !g_test_block_next_kv_push; });",model/layer semantic state (review required),lifecycle not inferred; no binding-resolved reset analysis
ggml/src/ggml-sycl/ggml-sycl.cpp,13381,g_test_kv_push_blocked,bool,file,mutable,none evident,unscoped lexical candidate: L13388:g_test_kv_push_blocked = false; | L13397:g_test_kv_push_blocked = false; | L13426:g_test_kv_push_blocked = true;,"unscoped lexical candidate: L13392:g_test_kv_push_cv.wait(lock, [] { return g_test_kv_push_blocked; });",model/layer semantic state (review required),lifecycle not inferred; no binding-resolved reset analysis
ggml/src/ggml-sycl/ggml-sycl.cpp,13610,g_env_cached,std::atomic<int>,function-local:ggml_backend_sycl_weights_evictable,mutable,intrinsic:atomic,"unscoped lexical candidate: L13618:g_env_cached.store(resolved, std::memory_order_release);",unscoped lexical candidate: L13611:int env_cached = g_env_cached.load(std::memory_order_acquire);,process or function lifetime (review required),lifecycle not inferred; no binding-resolved reset analysis
ggml/src/ggml-sycl/ggml-sycl.cpp,13804,dkw0_registry_check_env,const char *,function-local:ggml_backend_sycl_register_host_weight_tensor,mutable,none evident,none found by unscoped lexical scan,unscoped lexical candidate: L13805:if (dkw0_registry_check_env && std::atoi(dkw0_registry_check_env) != 0) {,process or function lifetime (review required),lifecycle not inferred; no binding-resolved reset analysis
ggml/src/ggml-sycl/ggml-sycl.cpp,13806,dkw0_registry_check_count,std::atomic<int>,function-local:ggml_backend_sycl_register_host_weight_tensor,mutable,intrinsic:atomic,"unscoped lexical candidate: L13807:if (dkw0_registry_check_count.fetch_add(1, std::memory_order_relaxed) < 32) {",none found by unscoped lexical scan,process or function lifetime (review required),lifecycle not inferred; no binding-resolved reset analysis
ggml/src/ggml-sycl/ggml-sycl.cpp,14193,g_sycl_bf16_materialize_mutex,std::mutex,file,mutable,intrinsic:lock primitive,none found by unscoped lexical scan,unscoped lexical candidate: L14186:// g_sycl_bf16_materialize_mutex guards both maps below. It is held only for | L14208:std::lock_guard<std::mutex> lock(g_sycl_bf16_materialize_mutex); | L14283:std::lock_guard<std::mutex> lock(g_sycl_bf16_materialize_mutex);,process or function lifetime (review required),lifecycle not inferred; no binding-resolved reset analysis
ggml/src/ggml-sycl/ggml-sycl.cpp,14194,g_sycl_bf16_materialize_cache,"std::unordered_map<std::string, ggml_sycl::mem_handle>",file,mutable,none evident,"unscoped lexical candidate: L14210:it = ggml_sycl_owner_name_key_matches(it->first, owner) ? g_sycl_bf16_materialize_cache.erase(it) : | L14264:// second one's `g_sycl_bf16_materialize_cache[key] = std::move(handle)` | L14292:g_sycl_bf16_materialize_cache.erase(it);",unscoped lexical candidate: L12101:// llama.cpp-kmeq: defined next to g_sycl_bf16_materialize_cache itself | L14209:for (auto it = g_sycl_bf16_materialize_cache.begin(); it != g_sycl_bf16_materialize_cache.end();) { | L14284:auto it = g_sycl_bf16_materialize_cache.find(key);,process or function lifetime (review required),"lifecycle not inferred; unscoped lexical reset candidate: L14210:it = ggml_sycl_owner_name_key_matches(it->first, owner) ? g_sycl_bf16_materialize_cache.erase(it) : | L14292:g_sycl_bf16_materialize_cache.erase(it);"
ggml/src/ggml-sycl/ggml-sycl.cpp,14195,g_sycl_bf16_materialize_locks,"std::unordered_map<std::string, std::shared_ptr<std::mutex>>",file,mutable,intrinsic:lock primitive,"unscoped lexical candidate: L14214:it = ggml_sycl_owner_name_key_matches(it->first, owner) ? g_sycl_bf16_materialize_locks.erase(it) : | L14296:lock_it = g_sycl_bf16_materialize_locks.emplace(key, std::make_shared<std::mutex>()).first;","unscoped lexical candidate: L14191:// uses the per-key mutex in g_sycl_bf16_materialize_locks instead, held only | L14203:// g_sycl_bf16_materialize_locks entry that a racer still holds a shared_ptr | L14213:for (auto it = g_sycl_bf16_materialize_locks.begin(); it != g_sycl_bf16_materialize_locks.end();) {",process or function lifetime (review required),"lifecycle not inferred; unscoped lexical reset candidate: L14214:it = ggml_sycl_owner_name_key_matches(it->first, owner) ? g_sycl_bf16_materialize_locks.erase(it) :"
ggml/src/ggml-sycl/ggml-sycl.cpp,14554,dkw0_cache_id_check_env,const char *,function-local:ggml_backend_sycl_get_weight_cache_key,mutable,none evident,none found by unscoped lexical scan,unscoped lexical candidate: L14555:if (dkw0_cache_id_check_env && std::atoi(dkw0_cache_id_check_env) != 0) {,process or function lifetime (review required),lifecycle not inferred; no binding-resolved reset analysis
ggml/src/ggml-sycl/ggml-sycl.cpp,14556,dkw0_cache_id_check_count,std::atomic<int>,function-local:ggml_backend_sycl_get_weight_cache_key,mutable,intrinsic:atomic,"unscoped lexical candidate: L14557:if (dkw0_cache_id_check_count.fetch_add(1, std::memory_order_relaxed) < 8) {",none found by unscoped lexical scan,process or function lifetime (review required),lifecycle not inferred; no binding-resolved reset analysis
ggml/src/ggml-sycl/ggml-sycl.cpp,14653,legacy_address_identity,const bool,function-local:ggml_backend_sycl_get_tensor_cache_key,immutable binding,none evident,none found by unscoped lexical scan,unscoped lexical candidate: L14658:if (!legacy_address_identity && !is_graph_input) {,process or function lifetime (review required),not applicable: immutable binding
ggml/src/ggml-sycl/ggml-sycl.cpp,14691,g_tensor_inventory,"std::vector<std::pair<std::string, size_t>>",file,mutable,none evident,unscoped lexical candidate: L14769:g_tensor_inventory.clear(); | L15930:g_tensor_inventory.clear();,"unscoped lexical candidate: L15943:g_tensor_inventory.reserve(inventory->count); | L15950:size_t idx = g_tensor_inventory.size(); | L15951:g_tensor_inventory.emplace_back(name, inventory->tensors[i].size);",tensor/allocation identity or registry,lifecycle not inferred; unscoped lexical reset candidate: L14769:g_tensor_inventory.clear(); | L15930:g_tensor_inventory.clear();
ggml/src/ggml-sycl/ggml-sycl.cpp,14692,g_tensor_inventory_detail,std::vector<ggml_sycl::placement_tensor_info>,file,mutable,none evident,unscoped lexical candidate: L14770:g_tensor_inventory_detail.clear(); | L15931:g_tensor_inventory_detail.clear(); | L15960:g_tensor_inventory_detail.push_back(std::move(info));,unscoped lexical candidate: L15944:g_tensor_inventory_detail.reserve(inventory->count); | L15971:// g_tensor_inventory_detail carries type and ne under the same validity | L15975:ggml_sycl::zone_scoped_maxima(ggml_sycl::unified_cache_adapt_zone_inventory(g_tensor_inventory_detail));,tensor/allocation identity or registry,lifecycle not inferred; unscoped lexical reset candidate: L14770:g_tensor_inventory_detail.clear(); | L15931:g_tensor_inventory_detail.clear();
ggml/src/ggml-sycl/ggml-sycl.cpp,14693,g_tensor_inventory_index,"std::unordered_map<std::string, size_t>",file,mutable,none evident,unscoped lexical candidate: L14771:g_tensor_inventory_index.clear(); | L15932:g_tensor_inventory_index.clear(); | L15961:g_tensor_inventory_index[name] = idx;,unscoped lexical candidate: L15945:g_tensor_inventory_index.reserve(inventory->count); | L19739:auto it = g_tensor_inventory_index.find(tensor_name); | L19740:if (it == g_tensor_inventory_index.end()) {,tensor/allocation identity or registry,lifecycle not inferred; unscoped lexical reset candidate: L14771:g_tensor_inventory_index.clear(); | L15932:g_tensor_inventory_index.clear();
ggml/src/ggml-sycl/ggml-sycl.cpp,14694,g_tensor_inventory_total_size,size_t,file,mutable,none evident,unscoped lexical candidate: L14772:g_tensor_inventory_total_size = 0; | L15934:g_tensor_inventory_total_size = 0; | L15962:g_tensor_inventory_total_size += inventory->tensors[i].size;,"unscoped lexical candidate: L16591:g_tensor_inventory_total_size, g_moe_expert_total_bytes, g_moe_n_experts_total, g_moe_n_experts_used); | L16602:const bool model_size_exceeds_budget = g_tensor_inventory_total_size > weight_budget; | L16636:stream_gate_in.model_bytes = g_tensor_inventory_total_size;",tensor/allocation identity or registry,lifecycle not inferred; no binding-resolved reset analysis
ggml/src/ggml-sycl/ggml-sycl.cpp,14695,g_tensor_inventory_onednn_scratchpad_bytes,size_t,file,mutable,none evident,unscoped lexical candidate: L14773:g_tensor_inventory_onednn_scratchpad_bytes = 0; | L15935:g_tensor_inventory_onednn_scratchpad_bytes = 0; | L15985:g_tensor_inventory_onednn_scratchpad_bytes = inventory_maxima.onednn_reorder + inventory_maxima.onednn_eligible;,"unscoped lexical candidate: L15989:g_tensor_inventory_onednn_scratchpad_bytes / (1024.0 * 1024.0), | L15993:g_tensor_inventory_onednn_scratchpad_bytes);",tensor/allocation identity or registry,lifecycle not inferred; no binding-resolved reset analysis
ggml/src/ggml-sycl/ggml-sycl.cpp,14696,g_tensor_inventory_pp_pipeline_scratch_bytes,size_t,file,mutable,none evident,unscoped lexical candidate: L14774:g_tensor_inventory_pp_pipeline_scratch_bytes = 0; | L15936:g_tensor_inventory_pp_pipeline_scratch_bytes = 0; | L16030:g_tensor_inventory_pp_pipeline_scratch_bytes = pp_pipeline_enabled ? inventory->pp_pipeline_scratch_bytes : 0;,unscoped lexical candidate: L16033:g_tensor_inventory_pp_pipeline_scratch_bytes);,tensor/allocation identity or registry,lifecycle not inferred; no binding-resolved reset analysis
ggml/src/ggml-sycl/ggml-sycl.cpp,14697,g_tensor_inventory_pp_moe_onednn_weight_slot_bytes,size_t,file,mutable,none evident,unscoped lexical candidate: L14775:g_tensor_inventory_pp_moe_onednn_weight_slot_bytes = 0; | L15937:g_tensor_inventory_pp_moe_onednn_weight_slot_bytes = 0; | L16034:g_tensor_inventory_pp_moe_onednn_weight_slot_bytes = inventory->pp_moe_onednn_weight_slot_bytes;,"unscoped lexical candidate: L16040:ctx->device, g_tensor_inventory_pp_moe_onednn_weight_slot_bytes,",tensor/allocation identity or registry,lifecycle not inferred; no binding-resolved reset analysis
ggml/src/ggml-sycl/ggml-sycl.cpp,14698,g_tensor_inventory_pp_moe_onednn_activation_slot_bytes,size_t,file,mutable,none evident,unscoped lexical candidate: L14776:g_tensor_inventory_pp_moe_onednn_activation_slot_bytes = 0; | L15938:g_tensor_inventory_pp_moe_onednn_activation_slot_bytes = 0; | L16035:g_tensor_inventory_pp_moe_onednn_activation_slot_bytes = inventory->pp_moe_onednn_activation_slot_bytes;,"unscoped lexical candidate: L16041:g_tensor_inventory_pp_moe_onednn_activation_slot_bytes, g_tensor_inventory_pp_moe_onednn_output_slot_bytes,",tensor/allocation identity or registry,lifecycle not inferred; no binding-resolved reset analysis
ggml/src/ggml-sycl/ggml-sycl.cpp,14699,g_tensor_inventory_pp_moe_onednn_output_slot_bytes,size_t,file,mutable,none evident,unscoped lexical candidate: L14777:g_tensor_inventory_pp_moe_onednn_output_slot_bytes = 0; | L15939:g_tensor_inventory_pp_moe_onednn_output_slot_bytes = 0; | L16036:g_tensor_inventory_pp_moe_onednn_output_slot_bytes = inventory->pp_moe_onednn_output_slot_bytes;,"unscoped lexical candidate: L16041:g_tensor_inventory_pp_moe_onednn_activation_slot_bytes, g_tensor_inventory_pp_moe_onednn_output_slot_bytes,",tensor/allocation identity or registry,lifecycle not inferred; no binding-resolved reset analysis
ggml/src/ggml-sycl/ggml-sycl.cpp,14700,g_tensor_inventory_pp_moe_onednn_scratch_bytes,size_t,file,mutable,none evident,unscoped lexical candidate: L14778:g_tensor_inventory_pp_moe_onednn_scratch_bytes = 0; | L15940:g_tensor_inventory_pp_moe_onednn_scratch_bytes = 0; | L16037:g_tensor_inventory_pp_moe_onednn_scratch_bytes = inventory->pp_moe_onednn_scratch_bytes;,none found by unscoped lexical scan,tensor/allocation identity or registry,lifecycle not inferred; no binding-resolved reset analysis
ggml/src/ggml-sycl/ggml-sycl.cpp,14701,g_tensor_inventory_pp_moe_onednn_ring_depth,uint32_t,file,mutable,none evident,unscoped lexical candidate: L14779:g_tensor_inventory_pp_moe_onednn_ring_depth = 0; | L15941:g_tensor_inventory_pp_moe_onednn_ring_depth = 0; | L16038:g_tensor_inventory_pp_moe_onednn_ring_depth = inventory->pp_moe_onednn_ring_depth;,unscoped lexical candidate: L16042:g_tensor_inventory_pp_moe_onednn_ring_depth);,tensor/allocation identity or registry,lifecycle not inferred; no binding-resolved reset analysis
ggml/src/ggml-sycl/ggml-sycl.cpp,14702,g_tensor_inventory_device,int,file,mutable,none evident,unscoped lexical candidate: L14780:g_tensor_inventory_device = 0; | L15942:g_tensor_inventory_device = ctx->device;,none found by unscoped lexical scan,tensor/allocation identity or registry,lifecycle not inferred; no binding-resolved reset analysis
ggml/src/ggml-sycl/ggml-sycl.cpp,14703,g_moe_expert_total_bytes,size_t,file,mutable,none evident,unscoped lexical candidate: L14781:g_moe_expert_total_bytes = 0; | L16137:g_moe_expert_total_bytes = 0; | L16141:g_moe_expert_total_bytes += size;,"unscoped lexical candidate: L16144:if (g_moe_expert_total_bytes > 0) { | L16146:g_moe_n_experts_total, g_moe_n_experts_used, g_moe_expert_total_bytes / (1024.0 * 1024.0)); | L16591:g_tensor_inventory_total_size, g_moe_expert_total_bytes, g_moe_n_experts_total, g_moe_n_experts_used);",model/layer semantic state (review required),lifecycle not inferred; no binding-resolved reset analysis
ggml/src/ggml-sycl/ggml-sycl.cpp,14704,g_moe_n_experts_total,int,file,mutable,none evident,unscoped lexical candidate: L14782:g_moe_n_experts_total = 0; | L16134:g_moe_n_experts_total = inventory->n_expert;,"unscoped lexical candidate: L16138:if (g_moe_n_experts_total > 0) { | L16146:g_moe_n_experts_total, g_moe_n_experts_used, g_moe_expert_total_bytes / (1024.0 * 1024.0)); | L16289:const bool is_moe = g_moe_n_experts_total > 0;",model/layer semantic state (review required),lifecycle not inferred; no binding-resolved reset analysis
ggml/src/ggml-sycl/ggml-sycl.cpp,14705,g_moe_n_experts_used,int,file,mutable,none evident,unscoped lexical candidate: L14783:g_moe_n_experts_used = 0; | L16135:g_moe_n_experts_used = inventory->n_expert_used;,"unscoped lexical candidate: L16146:g_moe_n_experts_total, g_moe_n_experts_used, g_moe_expert_total_bytes / (1024.0 * 1024.0)); | L16591:g_tensor_inventory_total_size, g_moe_expert_total_bytes, g_moe_n_experts_total, g_moe_n_experts_used); | L19657:*n_expert_used = g_moe_n_experts_used;",model/layer semantic state (review required),lifecycle not inferred; no binding-resolved reset analysis
ggml/src/ggml-sycl/ggml-sycl.cpp,14706,g_model_n_layer,uint32_t,file,mutable,none evident,unscoped lexical candidate: L14784:g_model_n_layer = 0; | L15364:g_model_n_layer = publication.model_n_layer; | L16089:g_model_n_layer = inventory->n_layer;,"unscoped lexical candidate: L16281:g_model_n_layer); | L16365:ggml_sycl::compute_multi_device_plan(budgets, g_tensor_inventory_detail, static_cast<int>(g_model_n_layer), | L16439:ggml_sycl_make_provisional_plan_snapshot(std::move(plan_candidate), g_placement_kv_info, g_model_n_layer);",model/layer semantic state (review required),lifecycle not inferred; no binding-resolved reset analysis
ggml/src/ggml-sycl/ggml-sycl.cpp,14707,g_placement_kv_info,ggml_sycl::placement_kv_info,file,mutable,none evident,unscoped lexical candidate: L14785:g_placement_kv_info = ggml_sycl::placement_kv_info{}; | L15365:g_placement_kv_info = std::move(publication.kv_info); | L16248:g_placement_kv_info = {};,"unscoped lexical candidate: L14711:// distinct from g_placement_kv_info, which is the derived per-layer KV | L14713:// from"" reads g_placement_envelope, not g_placement_kv_info. | L14752:// or malformed, which would otherwise leave every field of g_placement_kv_info",model/layer semantic state (review required),lifecycle not inferred; no binding-resolved reset analysis
ggml/src/ggml-sycl/ggml-sycl.cpp,14717,g_placement_envelope,ggml_sycl_placement_envelope,file,mutable,none evident,unscoped lexical candidate: L14786:g_placement_envelope = ggml_sycl_placement_envelope{}; | L16834:g_placement_envelope = ggml_sycl_placement_envelope{}; | L16838:g_placement_envelope = *envelope;,"unscoped lexical candidate: L14713:// from"" reads g_placement_envelope, not g_placement_kv_info. | L16363:const ggml_sycl_placement_envelope * envelope_arg = g_placement_envelope_set ? &g_placement_envelope : nullptr; | L16427:const ggml_sycl_placement_envelope * envelope_arg = g_placement_envelope_set ? &g_placement_envelope : nullptr;",process or function lifetime (review required),lifecycle not inferred; no binding-resolved reset analysis
ggml/src/ggml-sycl/ggml-sycl.cpp,14718,g_placement_envelope_set,bool,file,mutable,none evident,unscoped lexical candidate: L14787:g_placement_envelope_set = false; | L16835:g_placement_envelope_set = false; | L16839:g_placement_envelope_set = true;,"unscoped lexical candidate: L14714:// g_placement_envelope_set distinguishes ""explicitly populated"" from | L16363:const ggml_sycl_placement_envelope * envelope_arg = g_placement_envelope_set ? &g_placement_envelope : nullptr; | L16427:const ggml_sycl_placement_envelope * envelope_arg = g_placement_envelope_set ? &g_placement_envelope : nullptr;",process or function lifetime (review required),lifecycle not inferred; no binding-resolved reset analysis
ggml/src/ggml-sycl/ggml-sycl.cpp,14735,g_tiered_enabled,std::atomic<bool>,file,mutable,intrinsic:atomic,"unscoped lexical candidate: L16162:g_tiered_enabled.store(true, std::memory_order_relaxed);","unscoped lexical candidate: L2706:// Not to be confused with g_tiered_enabled, which is the process-level ""the | L14325:// fallback. Under tiered mode (g_tiered_enabled, on for any normal | L14333:if (tensor->name[0] != '\0' && g_tiered_enabled.load(std::memory_order_relaxed)) {",process or function lifetime (review required),lifecycle not inferred; no binding-resolved reset analysis
ggml/src/ggml-sycl/ggml-sycl.cpp,15873,g_tiered_headroom_reserve,"std::array<size_t, GGML_SYCL_MAX_DEVICES>",file,mutable,none evident,unscoped lexical candidate: L16773:g_tiered_headroom_reserve[ctx->device] = desired_extra;,none found by unscoped lexical scan,device/process slot,lifecycle not inferred; no binding-resolved reset analysis
ggml/src/ggml-sycl/ggml-sycl.cpp,15877,g_layer_on_cpu,std::vector<bool>,file,mutable,none evident,"unscoped lexical candidate: L82339:g_layer_on_cpu.assign(static_cast<size_t>(max_layer + 1), false); | L82352:g_layer_on_cpu[layer_id] = target_device < 0; | L82390:g_layer_on_cpu.clear();",unscoped lexical candidate: L82314:// Initializes g_layer_on_cpu vector sized by max layer. | L82351:if (layer_id >= 0 && static_cast<size_t>(layer_id) < g_layer_on_cpu.size()) { | L82357:// Mutex protecting g_layer_on_cpu writes during incremental classification,model/layer semantic state (review required),lifecycle not inferred; unscoped lexical reset candidate: L82390:g_layer_on_cpu.clear();
ggml/src/ggml-sycl/ggml-sycl.cpp,15878,g_layer_plan_forced,std::vector<bool>,file,mutable,none evident,"unscoped lexical candidate: L82340:g_layer_plan_forced.assign(static_cast<size_t>(max_layer + 1), false); | L82391:g_layer_plan_forced.clear(); | L82412:g_layer_plan_forced[layer_id] = true;","unscoped lexical candidate: L82371:// build_layer_device_map(), so g_layer_on_cpu/g_layer_plan_forced/ | L82411:if (static_cast<size_t>(layer_id) < g_layer_plan_forced.size()) { | L82985:if (static_cast<size_t>(layer_id) < g_layer_plan_forced.size()) {",model/layer semantic state (review required),lifecycle not inferred; unscoped lexical reset candidate: L82391:g_layer_plan_forced.clear();
ggml/src/ggml-sycl/ggml-sycl.cpp,15879,g_layer_map_initialized,std::atomic<bool>,file,mutable,intrinsic:atomic,"unscoped lexical candidate: L82393:g_layer_map_initialized.store(false, std::memory_order_release); | L82922:g_layer_map_initialized.store(true, std::memory_order_release); | L94126:g_layer_map_initialized.store(true, std::memory_order_release);","unscoped lexical candidate: L82331:// No layers found — caller sets g_layer_map_initialized | L82337:// NOTE: caller must set g_layer_map_initialized AFTER g_layer_classified.assign() | L82365:// g_layer_map_initialized is a double-checked-locking ""run once"" guard around",model/layer semantic state (review required),"lifecycle not inferred; unscoped lexical reset candidate: L82393:g_layer_map_initialized.store(false, std::memory_order_release);"
ggml/src/ggml-sycl/ggml-sycl.cpp,16270,g_sycl_plan_load_effect_txn,uint64_t,file,mutable,thread-local,unscoped lexical candidate: L16866:g_sycl_plan_load_effect_txn = txn; | L16869:~plan_effect_scope() { g_sycl_plan_load_effect_txn = previous; },"unscoped lexical candidate: L16279:if (g_sycl_plan_load_effect_txn != 0) { | L16280:ggml_sycl::lifecycle_stage_no_placement_plan(g_sycl_plan_load_effect_txn, g_placement_kv_info, | L16444:if (g_sycl_plan_load_effect_txn != 0 && have_plan) {",thread,lifecycle not inferred; no binding-resolved reset analysis
ggml/src/ggml-sycl/ggml-sycl.cpp,16843,g_test_fail_next_stage_inventory_plan_early_after_first_device,std::atomic<bool>,file,mutable,intrinsic:atomic,"unscoped lexical candidate: L16931:if ((early && g_test_fail_next_stage_inventory_plan_early_after_first_device.exchange(false, std::memory_order_acq_rel)) | L111895:if (module_guard) g_test_fail_next_stage_inventory_plan_early_after_first_device.store(true, std::memory_order_release);",none found by unscoped lexical scan,device/process slot,lifecycle not inferred; no binding-resolved reset analysis
ggml/src/ggml-sycl/ggml-sycl.cpp,16844,g_test_fail_next_stage_inventory_plan_late_after_first_device,std::atomic<bool>,file,mutable,intrinsic:atomic,"unscoped lexical candidate: L16932:(!early && g_test_fail_next_stage_inventory_plan_late_after_first_device.exchange(false, std::memory_order_acq_rel))) { | L111900:if (module_guard) g_test_fail_next_stage_inventory_plan_late_after_first_device.store(true, std::memory_order_release);",none found by unscoped lexical scan,device/process slot,lifecycle not inferred; no binding-resolved reset analysis
ggml/src/ggml-sycl/ggml-sycl.cpp,17095,g_compute_buffer_host_fallbacks,std::atomic<uint64_t> [GGML_SYCL_MAX_DEVICES],file,mutable,intrinsic:atomic,"unscoped lexical candidate: L19167:g_compute_buffer_host_fallbacks[ctx->device].store(0, std::memory_order_relaxed); | L38574:g_compute_buffer_host_fallbacks[buft_ctx->device].fetch_add(1, std::memory_order_relaxed); | L38592:g_compute_buffer_host_fallbacks[buft_ctx->device].fetch_add(1, std::memory_order_relaxed);","unscoped lexical candidate: L17101:return g_compute_buffer_host_fallbacks[device].load(std::memory_order_relaxed); | L38514:// in g_compute_buffer_host_fallbacks, which",device/process slot,"lifecycle not inferred; unscoped lexical reset candidate: L19167:g_compute_buffer_host_fallbacks[ctx->device].store(0, std::memory_order_relaxed);"
ggml/src/ggml-sycl/ggml-sycl.cpp,17239,kSyclArenaMinExternalHeadroomBytes,constexpr size_t,file,immutable binding,none evident,none found by unscoped lexical scan,"unscoped lexical candidate: L17310:in.headroom_target = kSyclArenaMinExternalHeadroomBytes; | L17377:a.demand / mb, q.device, free_after / mb, a.free_before / mb, kSyclArenaMinExternalHeadroomBytes / mb, | L17417:free_after / mb, a.free_before / mb, kSyclArenaMinExternalHeadroomBytes / mb);",process or function lifetime (review required),not applicable: immutable binding
ggml/src/ggml-sycl/ggml-sycl.cpp,17795,k_pp_moe_ring_compute_reserve_bytes_per_row,constexpr size_t,file,immutable binding,none evident,none found by unscoped lexical scan,"unscoped lexical candidate: L17951:admit_in.compute_reserve_bytes_per_row = kv_zone ? k_pp_moe_ring_compute_reserve_bytes_per_row : 0; | L18083:admission.compute_reserve_bytes / mb, k_pp_moe_ring_compute_reserve_bytes_per_row / mb);",model/layer semantic state (review required),not applicable: immutable binding
ggml/src/ggml-sycl/ggml-sycl.cpp,18125,g_ggml_sycl_optional_layout_epoch,std::atomic<uint64_t>,file,mutable,intrinsic:atomic,"unscoped lexical candidate: L18128:g_ggml_sycl_optional_layout_epoch.fetch_add(1, std::memory_order_acq_rel);",unscoped lexical candidate: L107876:// g_ggml_sycl_optional_layout_epoch). Only when something was recorded -- | L107879:const uint64_t epoch = g_ggml_sycl_optional_layout_epoch.load(std::memory_order_acquire);,process or function lifetime (review required),lifecycle not inferred; no binding-resolved reset analysis
ggml/src/ggml-sycl/ggml-sycl.cpp,18418,global_multi_device_warned,std::atomic<bool>,function-local:ggml_sycl_run_runtime_context_transaction,mutable,intrinsic:atomic,unscoped lexical candidate: L18419:if (!global_multi_device_warned.exchange(true)) {,none found by unscoped lexical scan,device/process slot,lifecycle not inferred; no binding-resolved reset analysis
ggml/src/ggml-sycl/ggml-sycl.cpp,19832,g_data_ptr_cache,"std:: unordered_map<ggml_sycl_data_ptr_cache_key, ggml_sycl::mem_handle, ggml_sycl_data_ptr_cache_key_hash>",file,mutable,thread-local,"unscoped lexical candidate: L19839:g_data_ptr_cache.clear(); | L24447:g_data_ptr_cache[{ tensor, device }] = | L24478:g_data_ptr_cache.erase(it);","unscoped lexical candidate: L19832:g_data_ptr_cache; | L19838:if (!g_data_ptr_cache.empty()) { | L24472:auto it = g_data_ptr_cache.find({ tensor, device });",thread,lifecycle not inferred; unscoped lexical reset candidate: L19839:g_data_ptr_cache.clear(); | L24478:g_data_ptr_cache.erase(it);
ggml/src/ggml-sycl/ggml-sycl.cpp,19958,g_moe_ids_d2h_cache,"std::unordered_map<ggml_backend_sycl_context::moe_ids_cache_key, moe_ids_cache_entry, ggml_backend_sycl_context::moe_ids_cache_key_hash>",file,mutable,thread-local,unscoped lexical candidate: L20483:g_moe_ids_d2h_cache.clear();,"unscoped lexical candidate: L12164:// g_moe_prompt_admission_cache/g_moe_ids_d2h_cache themselves. See the call | L19958:g_moe_ids_d2h_cache; | L19971:// g_moe_ids_d2h_cache directly above -- ""same key"" already means ""same",thread,lifecycle not inferred; unscoped lexical reset candidate: L20483:g_moe_ids_d2h_cache.clear();
ggml/src/ggml-sycl/ggml-sycl.cpp,20014,g_moe_prompt_admission_cache,"std::unordered_map<ggml_backend_sycl_context::moe_ids_cache_key, moe_prompt_admission_cache_entry, ggml_backend_sycl_context::moe_ids_cache_key_hash>",file,mutable,thread-local,unscoped lexical candidate: L20496:g_moe_prompt_admission_cache.clear(); | L34365:g_moe_prompt_admission_cache.clear();,"unscoped lexical candidate: L12164:// g_moe_prompt_admission_cache/g_moe_ids_d2h_cache themselves. See the call | L12166:// teardown site needs it: g_moe_prompt_admission_cache is thread_local, not | L12196:// g_moe_prompt_admission_cache is thread_local and NOT owner-tracked (it",thread,lifecycle not inferred; unscoped lexical reset candidate: L20496:g_moe_prompt_admission_cache.clear(); | L34365:g_moe_prompt_admission_cache.clear();
ggml/src/ggml-sycl/ggml-sycl.cpp,20020,enabled,const bool,function-local:ggml_sycl_moe_admit_cache_enabled,immutable binding,none evident,unscoped lexical candidate: L217:static const bool enabled = []() { | L466:static const bool enabled = [] { | L475:static const bool enabled = [] {,"unscoped lexical candidate: L221:return enabled; | L403:static std::atomic<int> g_ggml_sycl_unified_dispatch{ -1 }; // -1 = not initialized, 0 = disabled, 1 = enabled | L470:return enabled;",process or function lifetime (review required),not applicable: immutable binding
ggml/src/ggml-sycl/ggml-sycl.cpp,20038,enabled,const bool,function-local:ggml_sycl_moe_admit_cache_skip_invalidation_test_enabled,immutable binding,none evident,unscoped lexical candidate: L217:static const bool enabled = []() { | L466:static const bool enabled = [] { | L475:static const bool enabled = [] {,"unscoped lexical candidate: L221:return enabled; | L403:static std::atomic<int> g_ggml_sycl_unified_dispatch{ -1 }; // -1 = not initialized, 0 = disabled, 1 = enabled | L470:return enabled;",process or function lifetime (review required),not applicable: immutable binding
ggml/src/ggml-sycl/ggml-sycl.cpp,20055,g_moe_layer_ids_cache,moe_layer_ids_cache,file,mutable,thread-local,unscoped lexical candidate: L20109:g_moe_layer_ids_cache.clear();,unscoped lexical candidate: L59337:auto it = g_moe_layer_ids_cache.find(blk_id); | L59338:if (it != g_moe_layer_ids_cache.end() && !it->second.ids_host.empty()) { | L59351:auto & entry = g_moe_layer_ids_cache[blk_id];,thread,lifecycle not inferred; unscoped lexical reset candidate: L20109:g_moe_layer_ids_cache.clear();
ggml/src/ggml-sycl/ggml-sycl.cpp,20540,g_moe_weights_by_layer,"std::unordered_map<int, moe_weights_layer_entry>",file,mutable,thread-local,"unscoped lexical candidate: L94058:g_moe_weights_by_layer.clear(); | L94074:g_moe_weights_by_layer[layer] = { storage.handle, storage.view_offset, sycl_ctx->device,",unscoped lexical candidate: L71371:// Requires pre-scanned gating weights in g_moe_weights_by_layer. | L71389:auto wit = g_moe_weights_by_layer.find(agg_layer_id); | L71390:if (wit != g_moe_weights_by_layer.end()) {,thread,lifecycle not inferred; unscoped lexical reset candidate: L94058:g_moe_weights_by_layer.clear();
ggml/src/ggml-sycl/ggml-sycl.cpp,20558,MOE_DIRECT_XMX_GLU_M,constexpr size_t,file,immutable binding,none evident,none found by unscoped lexical scan,"unscoped lexical candidate: L20639:if (!xmx_capabilities_match_int8_tile(caps, MOE_DIRECT_XMX_GLU_M, MOE_DIRECT_XMX_GLU_N, MOE_DIRECT_XMX_GLU_K)) { | L20715:MOE_DIRECT_XMX_GLU_M, MOE_DIRECT_XMX_GLU_N, MOE_DIRECT_XMX_GLU_K, gate.required_sg);",model/layer semantic state (review required),not applicable: immutable binding
ggml/src/ggml-sycl/ggml-sycl.cpp,20559,MOE_DIRECT_XMX_GLU_N,constexpr size_t,file,immutable binding,none evident,none found by unscoped lexical scan,"unscoped lexical candidate: L20639:if (!xmx_capabilities_match_int8_tile(caps, MOE_DIRECT_XMX_GLU_M, MOE_DIRECT_XMX_GLU_N, MOE_DIRECT_XMX_GLU_K)) { | L20715:MOE_DIRECT_XMX_GLU_M, MOE_DIRECT_XMX_GLU_N, MOE_DIRECT_XMX_GLU_K, gate.required_sg);",model/layer semantic state (review required),not applicable: immutable binding
ggml/src/ggml-sycl/ggml-sycl.cpp,20560,MOE_DIRECT_XMX_GLU_K,constexpr size_t,file,immutable binding,none evident,none found by unscoped lexical scan,"unscoped lexical candidate: L20639:if (!xmx_capabilities_match_int8_tile(caps, MOE_DIRECT_XMX_GLU_M, MOE_DIRECT_XMX_GLU_N, MOE_DIRECT_XMX_GLU_K)) { | L20715:MOE_DIRECT_XMX_GLU_M, MOE_DIRECT_XMX_GLU_N, MOE_DIRECT_XMX_GLU_K, gate.required_sg);",model/layer semantic state (review required),not applicable: immutable binding
ggml/src/ggml-sycl/ggml-sycl.cpp,20561,MOE_DIRECT_XMX_GLU_SG,constexpr size_t,file,immutable binding,none evident,none found by unscoped lexical scan,"unscoped lexical candidate: L20634:decision.required_sg = MOE_DIRECT_XMX_GLU_SG; | L20643:if (!xmx_capabilities_support_sub_group(caps, MOE_DIRECT_XMX_GLU_SG)) {",model/layer semantic state (review required),not applicable: immutable binding
ggml/src/ggml-sycl/ggml-sycl.cpp,20705,trace_log,std::atomic<int>,function-local:moe_layer_direct_xmx_trace_decisions,mutable,intrinsic:atomic,"unscoped lexical candidate: L20706:if (trace_log.fetch_add(1, std::memory_order_relaxed) >= 64) {",none found by unscoped lexical scan,process or function lifetime (review required),lifecycle not inferred; no binding-resolved reset analysis
ggml/src/ggml-sycl/ggml-sycl.cpp,20892,trace_enabled,const int,function-local:moe_layer_retain_executor_abi_until_barrier,immutable binding,none evident,unscoped lexical candidate: L23300:static const int trace_enabled = [] { | L68004:static const int trace_enabled = [] { | L82834:static const bool trace_enabled = [] {,unscoped lexical candidate: L20896:if (trace_enabled != 0) { | L23304:if (trace_enabled != 0 && g_moe_profile.token_active) { | L23307:if (n < 512 || trace_enabled > 1) {,process or function lifetime (review required),not applicable: immutable binding
ggml/src/ggml-sycl/ggml-sycl.cpp,20897,abi_log,std::atomic<int>,function-local:moe_layer_retain_executor_abi_until_barrier,mutable,intrinsic:atomic,"unscoped lexical candidate: L20898:if (abi_log.fetch_add(1, std::memory_order_relaxed) < 64) {",none found by unscoped lexical scan,process or function lifetime (review required),lifecycle not inferred; no binding-resolved reset analysis
ggml/src/ggml-sycl/ggml-sycl.cpp,21025,enabled,const int,function-local:ggml_sycl_moe_group_profile_enabled,immutable binding,none evident,unscoped lexical candidate: L217:static const bool enabled = []() { | L466:static const bool enabled = [] { | L475:static const bool enabled = [] {,"unscoped lexical candidate: L221:return enabled; | L403:static std::atomic<int> g_ggml_sycl_unified_dispatch{ -1 }; // -1 = not initialized, 0 = disabled, 1 = enabled | L470:return enabled;",process or function lifetime (review required),not applicable: immutable binding
ggml/src/ggml-sycl/ggml-sycl.cpp,21033,window,const int,function-local:ggml_sycl_moe_group_profile_window,immutable binding,none evident,"unscoped lexical candidate: L16957:// share when the answer falls below the window -- conservative, and the result | L21281:""[MOE-GROUP-PROFILE] roles=%lld window=%d layers=%lld device=%d layout=%s "" | L21382:""[MOE-HOTSET-PROFILE] window=%d layer_buckets gate=%lld up=%lld down=%lld ""","unscoped lexical candidate: L390:// This initializer therefore only covers the window before that parse, and is | L2830:// A load's finishing effects run in a window neither branch above can see: | L4114:// the same way. Taking them under separate locks admits a window in which a",process or function lifetime (review required),not applicable: immutable binding
ggml/src/ggml-sycl/ggml-sycl.cpp,21075,g_moe_layer_group_profile,moe_layer_group_profile_accum,file,mutable,thread-local,none found by unscoped lexical scan,unscoped lexical candidate: L21170:auto & p = g_moe_layer_group_profile;,thread,lifecycle not inferred; no binding-resolved reset analysis
ggml/src/ggml-sycl/ggml-sycl.cpp,21244,last_executor,const char *,function-local:moe_layer_group_profile_record,mutable,thread-local,"unscoped lexical candidate: L21245:last_executor = executor; | L21288:""layouts soa=%lld coalesced=%lld mxfp4_i8=%lld mxfp4_dpas=%lld aos=%lld last_executor=%s\n"",","unscoped lexical candidate: L21302:last_executor ? last_executor : ""?"");",thread,lifecycle not inferred; no binding-resolved reset analysis
ggml/src/ggml-sycl/ggml-sycl.cpp,21398,g_moe_gate_up_pairs,"std::unordered_map<int, moe_gate_up_pair>",file,mutable,thread-local,unscoped lexical candidate: L93147:g_moe_gate_up_pairs.clear();,unscoped lexical candidate: L31851:auto it = g_moe_gate_up_pairs.find(layer); | L31852:return it == g_moe_gate_up_pairs.end() ? nullptr : &it->second; | L31906:for (const auto & kv : g_moe_gate_up_pairs) {,thread,lifecycle not inferred; unscoped lexical reset candidate: L93147:g_moe_gate_up_pairs.clear();
ggml/src/ggml-sycl/ggml-sycl.cpp,21412,g_moe_decode_ptr_table_build_failed_generation,"std::unordered_map<int64_t, uint64_t>",file,mutable,thread-local,unscoped lexical candidate: L75398:g_moe_decode_ptr_table_build_failed_generation.erase(gate_fail_key); | L75400:g_moe_decode_ptr_table_build_failed_generation[gate_fail_key] = gate_generation; | L75432:g_moe_decode_ptr_table_build_failed_generation.erase(up_fail_key);,"unscoped lexical candidate: L75356:// failure, so g_moe_decode_ptr_table_build_failed_generation (keyed on | L75372:const auto gate_fail_it = g_moe_decode_ptr_table_build_failed_generation.find(gate_fail_key); | L75373:if (gate_fail_it != g_moe_decode_ptr_table_build_failed_generation.end() &&",thread,lifecycle not inferred; unscoped lexical reset candidate: L75398:g_moe_decode_ptr_table_build_failed_generation.erase(gate_fail_key); | L75432:g_moe_decode_ptr_table_build_failed_generation.erase(up_fail_key); | L75876:g_moe_decode_ptr_table_build_failed_generation.erase(down_fail_key);
ggml/src/ggml-sycl/ggml-sycl.cpp,21413,g_moe_precomputed_down_layer_skip,std::unordered_set<int>,file,mutable,thread-local,unscoped lexical candidate: L21808:g_moe_precomputed_down_layer_skip.clear(); | L97567:g_moe_precomputed_down_layer_skip = saved_down_layer_skip; | L99195:g_moe_precomputed_down_layer_skip = saved_down_layer_skip;,unscoped lexical candidate: L21527:return layer >= 0 && g_moe_precomputed_down_layer_skip.count(layer) != 0; | L97554:const auto saved_down_layer_skip = g_moe_precomputed_down_layer_skip; | L99182:const auto saved_down_layer_skip = g_moe_precomputed_down_layer_skip;,thread,lifecycle not inferred; unscoped lexical reset candidate: L21808:g_moe_precomputed_down_layer_skip.clear();
ggml/src/ggml-sycl/ggml-sycl.cpp,21414,g_moe_segmented_graph_dispatch_active,bool,file,mutable,thread-local,unscoped lexical candidate: L97648:g_moe_segmented_graph_dispatch_active = true; | L97656:g_moe_segmented_graph_dispatch_active = previous_segmented; | L98419:segmented_dispatch_scope() { g_moe_segmented_graph_dispatch_active = true; },unscoped lexical candidate: L21822:if (g_ggml_sycl_graph_recording && !g_moe_segmented_graph_dispatch_active) { | L21825:return g_ggml_sycl_disable_graph || g_moe_segmented_graph_dispatch_active || g_moe_direct_tg_dispatch_active || | L95429:!g_moe_segmented_graph_dispatch_active && !g_ggml_sycl_disable_graph && !sycl_ctx->graphs_disabled &&,thread,lifecycle not inferred; no binding-resolved reset analysis
ggml/src/ggml-sycl/ggml-sycl.cpp,21415,g_moe_descriptor_dispatch_graph_recording_active,bool,file,mutable,thread-local,unscoped lexical candidate: L97650:g_moe_descriptor_dispatch_graph_recording_active = true; | L97654:g_moe_descriptor_dispatch_graph_recording_active = previous_graph_recording;,unscoped lexical candidate: L95557:!g_moe_descriptor_dispatch_graph_recording_active) { | L97647:previous_graph_recording(g_moe_descriptor_dispatch_graph_recording_active) {,thread,lifecycle not inferred; no binding-resolved reset analysis
ggml/src/ggml-sycl/ggml-sycl.cpp,21416,g_moe_descriptor_recording_detail_stage,const char *,file,mutable,thread-local,"unscoped lexical candidate: L97661:g_moe_descriptor_recording_detail_stage = ""compute-forward"";","unscoped lexical candidate: L97695:(g_moe_descriptor_recording_detail_stage ? g_moe_descriptor_recording_detail_stage : ""unknown"") + "":"" + | L97712:(g_moe_descriptor_recording_detail_stage ? g_moe_descriptor_recording_detail_stage : ""unknown"") + "":"" +",thread,lifecycle not inferred; no binding-resolved reset analysis
ggml/src/ggml-sycl/ggml-sycl.cpp,21437,g_moe_precomputed_mmid_skip,moe_precomputed_skip_set,file,mutable,thread-local,unscoped lexical candidate: L21805:g_moe_precomputed_mmid_skip.clear(); | L97564:g_moe_precomputed_mmid_skip = saved_mmid_skip; | L99192:g_moe_precomputed_mmid_skip = saved_mmid_skip;,"unscoped lexical candidate: L21522:ggml_sycl_moe_precomputed_skip_contains(g_moe_precomputed_mmid_skip, dst, device)) { | L73112:ggml_sycl_moe_precomputed_skip_contains(g_moe_precomputed_mmid_skip, dst, ctx.device)) { | L73818:!ggml_sycl_moe_precomputed_skip_contains(g_moe_precomputed_mmid_skip, pair.up_dst, ctx.device) &&",thread,lifecycle not inferred; unscoped lexical reset candidate: L21805:g_moe_precomputed_mmid_skip.clear();
ggml/src/ggml-sycl/ggml-sycl.cpp,21438,g_moe_precomputed_node_skip,moe_precomputed_skip_set,file,mutable,thread-local,unscoped lexical candidate: L21806:g_moe_precomputed_node_skip.clear(); | L97565:g_moe_precomputed_node_skip = saved_node_skip; | L99193:g_moe_precomputed_node_skip = saved_node_skip;,"unscoped lexical candidate: L21529:return ggml_sycl_moe_precomputed_skip_contains(g_moe_precomputed_node_skip, dst, device); | L21599:ggml_sycl_moe_precomputed_skip_erase(g_moe_precomputed_node_skip, tensor, device); | L73949:g_moe_precomputed_node_skip.reserve(g_moe_precomputed_node_skip.size() + 1);",thread,lifecycle not inferred; unscoped lexical reset candidate: L21806:g_moe_precomputed_node_skip.clear();
ggml/src/ggml-sycl/ggml-sycl.cpp,21439,g_moe_precomputed_residual_add_id_skip,moe_precomputed_skip_set,file,mutable,thread-local,unscoped lexical candidate: L21807:g_moe_precomputed_residual_add_id_skip.clear(); | L97566:g_moe_precomputed_residual_add_id_skip = saved_residual_add_id_skip; | L99194:g_moe_precomputed_residual_add_id_skip = saved_residual_add_id_skip;,"unscoped lexical candidate: L21567:ggml_sycl_moe_precomputed_skip_insert(g_moe_precomputed_residual_add_id_skip, tensor, device); | L21593:!ggml_sycl_moe_precomputed_skip_contains(g_moe_precomputed_residual_add_id_skip, tensor, device)) { | L21596:ggml_sycl_moe_precomputed_skip_erase(g_moe_precomputed_residual_add_id_skip, tensor, device);",thread,lifecycle not inferred; unscoped lexical reset candidate: L21807:g_moe_precomputed_residual_add_id_skip.clear();
ggml/src/ggml-sycl/ggml-sycl.cpp,21440,g_moe_last_residual_add_id_skip_tensor,const ggml_tensor *,file,mutable,thread-local,unscoped lexical candidate: L21572:g_moe_last_residual_add_id_skip_tensor = nullptr; | L21600:g_moe_last_residual_add_id_skip_tensor = tensor; | L97570:g_moe_last_residual_add_id_skip_tensor = saved_last_residual_add_id_tensor;,unscoped lexical candidate: L21577:const bool matched = tensor && g_moe_last_residual_add_id_skip_tensor == tensor; | L97557:const auto saved_last_residual_add_id_tensor = g_moe_last_residual_add_id_skip_tensor; | L99185:const auto saved_last_residual_add_id_tensor = g_moe_last_residual_add_id_skip_tensor;,thread,lifecycle not inferred; no binding-resolved reset analysis
ggml/src/ggml-sycl/ggml-sycl.cpp,21441,g_moe_last_residual_add_id_skip_kind,const char *,file,mutable,thread-local,unscoped lexical candidate: L21573:g_moe_last_residual_add_id_skip_kind = nullptr; | L21601:g_moe_last_residual_add_id_skip_kind = kind; | L97571:g_moe_last_residual_add_id_skip_kind = saved_last_residual_add_id_kind;,unscoped lexical candidate: L21579:*out_kind = matched ? g_moe_last_residual_add_id_skip_kind : nullptr; | L97558:const auto saved_last_residual_add_id_kind = g_moe_last_residual_add_id_skip_kind; | L99186:const auto saved_last_residual_add_id_kind = g_moe_last_residual_add_id_skip_kind;,thread,lifecycle not inferred; no binding-resolved reset analysis
ggml/src/ggml-sycl/ggml-sycl.cpp,21442,g_moe_down_sum_fusion_disabled,moe_precomputed_skip_set,file,mutable,thread-local,unscoped lexical candidate: L21809:g_moe_down_sum_fusion_disabled.clear(); | L97568:g_moe_down_sum_fusion_disabled = saved_down_sum_fusion_disabled; | L99196:g_moe_down_sum_fusion_disabled = saved_down_sum_fusion_disabled;,"unscoped lexical candidate: L86583:ggml_sycl_moe_precomputed_skip_insert(g_moe_down_sum_fusion_disabled, mul, ctx.device); | L86677:ggml_sycl_moe_precomputed_skip_contains(g_moe_down_sum_fusion_disabled, candidate, ctx.device)) { | L95406:if (!ggml_sycl_moe_precomputed_skip_contains(g_moe_down_sum_fusion_disabled, node, sycl_ctx->device) &&",thread,lifecycle not inferred; unscoped lexical reset candidate: L21809:g_moe_down_sum_fusion_disabled.clear();
ggml/src/ggml-sycl/ggml-sycl.cpp,21444,g_moe_precomputed_down_sum_final,"std::unordered_map<moe_precomputed_skip_key, int, moe_precomputed_skip_key_hash>",file,mutable,thread-local,unscoped lexical candidate: L21497:g_moe_precomputed_down_sum_final[key] = final_idx; | L21513:g_moe_precomputed_down_sum_final.erase(it); | L21810:g_moe_precomputed_down_sum_final.clear();,unscoped lexical candidate: L21444:g_moe_precomputed_down_sum_final; | L21506:auto it = g_moe_precomputed_down_sum_final.find(key); | L21507:if (it == g_moe_precomputed_down_sum_final.end()) {,thread,lifecycle not inferred; unscoped lexical reset candidate: L21513:g_moe_precomputed_down_sum_final.erase(it); | L21810:g_moe_precomputed_down_sum_final.clear();
ggml/src/ggml-sycl/ggml-sycl.cpp,21451,g_moe_prompt_fusion_publication_store,ggml_sycl::moe_fused::PublicationStore,file,mutable,thread-local,none found by unscoped lexical scan,unscoped lexical candidate: L61247:g_moe_prompt_fusion_publication_store.flush(); | L74220:// now file-scope (g_moe_prompt_fusion_publication_store) | L74226:const auto before = g_moe_prompt_fusion_publication_store.snapshot();,thread,lifecycle not inferred; no binding-resolved reset analysis
ggml/src/ggml-sycl/ggml-sycl.cpp,21533,enabled,const int,function-local:ggml_sycl_moe_skip_residual_add_id_enabled,immutable binding,none evident,unscoped lexical candidate: L217:static const bool enabled = []() { | L466:static const bool enabled = [] { | L475:static const bool enabled = [] {,"unscoped lexical candidate: L221:return enabled; | L403:static std::atomic<int> g_ggml_sycl_unified_dispatch{ -1 }; // -1 = not initialized, 0 = disabled, 1 = enabled | L470:return enabled;",process or function lifetime (review required),not applicable: immutable binding
ggml/src/ggml-sycl/ggml-sycl.cpp,21541,enabled,const int,function-local:ggml_sycl_moe_skip_residual_add_id_debug_enabled,immutable binding,none evident,unscoped lexical candidate: L217:static const bool enabled = []() { | L466:static const bool enabled = [] { | L475:static const bool enabled = [] {,"unscoped lexical candidate: L221:return enabled; | L403:static std::atomic<int> g_ggml_sycl_unified_dispatch{ -1 }; // -1 = not initialized, 0 = disabled, 1 = enabled | L470:return enabled;",process or function lifetime (review required),not applicable: immutable binding
ggml/src/ggml-sycl/ggml-sycl.cpp,21652,g_moe_down_shadow,"std::unordered_map<moe_down_shadow_key, moe_down_shadow_entry, moe_down_shadow_key_hash>",file,mutable,thread-local,"unscoped lexical candidate: L21756:auto inserted = g_moe_down_shadow.insert_or_assign(std::move(key), std::move(entry)); | L21779:g_moe_down_shadow.erase(it); | L21801:g_moe_down_shadow.erase(it);",unscoped lexical candidate: L21652:g_moe_down_shadow; | L21770:auto it = g_moe_down_shadow.find(key); | L21771:if (it == g_moe_down_shadow.end()) {,thread,lifecycle not inferred; unscoped lexical reset candidate: L21779:g_moe_down_shadow.erase(it); | L21801:g_moe_down_shadow.erase(it); | L21811:g_moe_down_shadow.clear();
ggml/src/ggml-sycl/ggml-sycl.cpp,21662,g_moe_down_sum_shadow_entries,"std::unordered_map<const ggml_tensor *, moe_down_sum_shadow_entry>",file,mutable,thread-local,unscoped lexical candidate: L21812:g_moe_down_sum_shadow_entries.clear(); | L86139:g_moe_down_sum_shadow_entries[final] = std::move(entry); | L86153:g_moe_down_sum_shadow_entries.erase(it);,unscoped lexical candidate: L86147:auto it = g_moe_down_sum_shadow_entries.find(tensor); | L86148:if (it == g_moe_down_sum_shadow_entries.end()) { | L97560:const auto saved_down_sum_shadow_entries = g_moe_down_sum_shadow_entries;,thread,lifecycle not inferred; unscoped lexical reset candidate: L21812:g_moe_down_sum_shadow_entries.clear(); | L86153:g_moe_down_sum_shadow_entries.erase(it);
ggml/src/ggml-sycl/ggml-sycl.cpp,21664,g_moe_direct_tg_dispatch_active,bool,file,mutable,thread-local,unscoped lexical candidate: L107269:g_moe_direct_tg_dispatch_active = true; | L107274:g_moe_direct_tg_dispatch_active = false;,unscoped lexical candidate: L21825:return g_ggml_sycl_disable_graph || g_moe_segmented_graph_dispatch_active || g_moe_direct_tg_dispatch_active ||,thread,lifecycle not inferred; no binding-resolved reset analysis
ggml/src/ggml-sycl/ggml-sycl.cpp,21665,g_moe_descriptor_capture_decode_phase,bool,file,mutable,thread-local,unscoped lexical candidate: L97649:g_moe_descriptor_capture_decode_phase = true; | L97655:g_moe_descriptor_capture_decode_phase = previous_descriptor; | L98765:g_moe_descriptor_capture_decode_phase = true;,unscoped lexical candidate: L21826:g_moe_descriptor_capture_decode_phase; | L31709:return (g_moe_descriptor_capture_decode_phase && moe_layer_descriptor_executor_enabled()) || | L93702:if (!ctx || !g_moe_descriptor_capture_decode_phase || !moe_default_fast_path_runtime_enabled() ||,thread,lifecycle not inferred; no binding-resolved reset analysis
ggml/src/ggml-sycl/ggml-sycl.cpp,21668,enabled,const int,function-local:ggml_sycl_moe_down_shadow_enabled,immutable binding,none evident,unscoped lexical candidate: L217:static const bool enabled = []() { | L466:static const bool enabled = [] { | L475:static const bool enabled = [] {,"unscoped lexical candidate: L221:return enabled; | L403:static std::atomic<int> g_ggml_sycl_unified_dispatch{ -1 }; // -1 = not initialized, 0 = disabled, 1 = enabled | L470:return enabled;",process or function lifetime (review required),not applicable: immutable binding
ggml/src/ggml-sycl/ggml-sycl.cpp,21971,g_pending_scatter,pending_cpu_scatter,file,mutable,thread-local,none found by unscoped lexical scan,unscoped lexical candidate: L21976:// can populate g_pending_scatter (which is thread_local and therefore not | L23360:auto & pb = g_pending_scatter.prev_bufs; | L23401:if (!g_pending_scatter.active) {,thread,lifecycle not inferred; no binding-resolved reset analysis
ggml/src/ggml-sycl/ggml-sycl.cpp,21972,g_cpu_tg_direct_pending_scatter,std::vector<sycl::event>,file,mutable,thread-local,unscoped lexical candidate: L24397:g_cpu_tg_direct_pending_scatter.clear(); | L73108:g_cpu_tg_direct_pending_scatter.clear();,unscoped lexical candidate: L24395:if (!g_cpu_tg_direct_pending_scatter.empty()) { | L24396:sycl::event::wait(g_cpu_tg_direct_pending_scatter); | L73106:if (!g_cpu_tg_direct_pending_scatter.empty()) {,thread,lifecycle not inferred; unscoped lexical reset candidate: L24397:g_cpu_tg_direct_pending_scatter.clear(); | L73108:g_cpu_tg_direct_pending_scatter.clear();
ggml/src/ggml-sycl/ggml-sycl.cpp,22162,g_moe_fusions,"std::unordered_map<int, moe_fusion_state>",file,mutable,thread-local,unscoped lexical candidate: L22185:g_moe_fusions.erase(it); | L22190:g_moe_fusions.clear();,unscoped lexical candidate: L22169:auto it = g_moe_fusions.find(layer_id); | L22170:return it != g_moe_fusions.end() ? &it->second : nullptr; | L22175:return g_moe_fusions[layer_id];,thread,lifecycle not inferred; unscoped lexical reset candidate: L22185:g_moe_fusions.erase(it); | L22190:g_moe_fusions.clear();
ggml/src/ggml-sycl/ggml-sycl.cpp,22199,g_moe_profile_enabled,bool,file,mutable,none evident,unscoped lexical candidate: L22212:g_moe_profile_enabled = (env && std::atoi(env) != 0); | L22215:g_moe_profile_enabled = true; | L22221:g_moe_profile_enabled = true;,unscoped lexical candidate: L22224:if (g_moe_profile_enabled) { | L23479:if (g_moe_profile_enabled) { | L24275:if (g_moe_profile_enabled) {,model/layer semantic state (review required),lifecycle not inferred; no binding-resolved reset analysis
ggml/src/ggml-sycl/ggml-sycl.cpp,22200,g_moe_profile_initialized,bool,file,mutable,none evident,unscoped lexical candidate: L22210:g_moe_profile_initialized = true;,unscoped lexical candidate: L22207:if (g_moe_profile_initialized) {,model/layer semantic state (review required),lifecycle not inferred; no binding-resolved reset analysis
ggml/src/ggml-sycl/ggml-sycl.cpp,22203,g_moe_pp_profile_enabled,bool,file,mutable,none evident,unscoped lexical candidate: L22222:g_moe_pp_profile_enabled = true;,"unscoped lexical candidate: L22225:int warmup = (g_moe_pp_profile_enabled || g_moe_dual_tg_profile_enabled) ? 0 : 2; | L22226:int profile = g_moe_pp_profile_enabled ? 1 : (g_moe_dual_tg_profile_enabled ? 4 : 10); | L22228:g_moe_pp_profile_enabled ? "" (PP mode)"" : """",",model/layer semantic state (review required),lifecycle not inferred; no binding-resolved reset analysis
ggml/src/ggml-sycl/ggml-sycl.cpp,22204,g_moe_dual_tg_profile_enabled,bool,file,mutable,none evident,unscoped lexical candidate: L22216:g_moe_dual_tg_profile_enabled = true;,"unscoped lexical candidate: L22225:int warmup = (g_moe_pp_profile_enabled || g_moe_dual_tg_profile_enabled) ? 0 : 2; | L22226:int profile = g_moe_pp_profile_enabled ? 1 : (g_moe_dual_tg_profile_enabled ? 4 : 10); | L22229:g_moe_dual_tg_profile_enabled ? "" (dual-TG route mode)"" : """", warmup, profile);",model/layer semantic state (review required),lifecycle not inferred; no binding-resolved reset analysis
ggml/src/ggml-sycl/ggml-sycl.cpp,23273,g_moe_profile,moe_profile_state,file,mutable,thread-local,none found by unscoped lexical scan,"unscoped lexical candidate: L23304:if (trace_enabled != 0 && g_moe_profile.token_active) { | L23309:const double elapsed_us = moe_profile_state::us(g_moe_profile.op_start, now); | L23311:site ? site : ""?"", g_moe_profile.current_layer, moe_tensor_type_name(g_moe_profile.cur_op_role),",thread,lifecycle not inferred; no binding-resolved reset analysis
ggml/src/ggml-sycl/ggml-sycl.cpp,23276,enabled,const bool,function-local:ggml_sycl_moe_pp_phase_trace_enabled,immutable binding,none evident,unscoped lexical candidate: L217:static const bool enabled = []() { | L466:static const bool enabled = [] { | L475:static const bool enabled = [] {,"unscoped lexical candidate: L221:return enabled; | L403:static std::atomic<int> g_ggml_sycl_unified_dispatch{ -1 }; // -1 = not initialized, 0 = disabled, 1 = enabled | L470:return enabled;",process or function lifetime (review required),not applicable: immutable binding
ggml/src/ggml-sycl/ggml-sycl.cpp,23284,enabled,const bool,function-local:ggml_sycl_moe_pp_local_trace_enabled,immutable binding,none evident,unscoped lexical candidate: L217:static const bool enabled = []() { | L466:static const bool enabled = [] { | L475:static const bool enabled = [] {,"unscoped lexical candidate: L221:return enabled; | L403:static std::atomic<int> g_ggml_sycl_unified_dispatch{ -1 }; // -1 = not initialized, 0 = disabled, 1 = enabled | L470:return enabled;",process or function lifetime (review required),not applicable: immutable binding
ggml/src/ggml-sycl/ggml-sycl.cpp,23292,enabled,const bool,function-local:ggml_sycl_moe_pp_cpu_reference_enabled,immutable binding,none evident,unscoped lexical candidate: L217:static const bool enabled = []() { | L466:static const bool enabled = [] { | L475:static const bool enabled = [] {,"unscoped lexical candidate: L221:return enabled; | L403:static std::atomic<int> g_ggml_sycl_unified_dispatch{ -1 }; // -1 = not initialized, 0 = disabled, 1 = enabled | L470:return enabled;",process or function lifetime (review required),not applicable: immutable binding
ggml/src/ggml-sycl/ggml-sycl.cpp,23300,trace_enabled,const int,function-local:moe_profile_ids_done_at,immutable binding,none evident,unscoped lexical candidate: L20892:static const int trace_enabled = [] { | L68004:static const int trace_enabled = [] { | L82834:static const bool trace_enabled = [] {,unscoped lexical candidate: L20896:if (trace_enabled != 0) { | L23304:if (trace_enabled != 0 && g_moe_profile.token_active) { | L23307:if (n < 512 || trace_enabled > 1) {,process or function lifetime (review required),not applicable: immutable binding
ggml/src/ggml-sycl/ggml-sycl.cpp,23305,trace_count,std::atomic<int>,function-local:moe_profile_ids_done_at,mutable,intrinsic:atomic,"unscoped lexical candidate: L23306:const int n = trace_count.fetch_add(1, std::memory_order_relaxed); | L74940:const int n = trace_count.fetch_add(1, std::memory_order_relaxed); | L75153:const int n = trace_count.fetch_add(1, std::memory_order_relaxed);",unscoped lexical candidate: L74939:static std::atomic<int> trace_count{ 0 }; | L75152:static std::atomic<int> trace_count{ 0 }; | L75200:static std::atomic<int> trace_count{ 0 };,process or function lifetime (review required),lifecycle not inferred; no binding-resolved reset analysis
ggml/src/ggml-sycl/ggml-sycl.cpp,23340,warned,std::atomic<bool>,function-local:ggml_sycl_moe_fusion_enabled,mutable,intrinsic:atomic,"unscoped lexical candidate: L23341:if (!warned.exchange(true, std::memory_order_acq_rel)) { | L43991:first_hit = warned.insert(key).second; | L46342:stats.warned = true;","unscoped lexical candidate: L18157:// RUNTIME requests, which spill (counted, warned about, refused if the device cannot take them) rather than fail. | L43987:static std::unordered_set<std::string> warned; | L46341:if (!stats.warned) {",process or function lifetime (review required),lifecycle not inferred; no binding-resolved reset analysis
ggml/src/ggml-sycl/ggml-sycl.cpp,23627,val,std::atomic<int>,function-local:ggml_sycl_pipeline_cpu_enabled,mutable,intrinsic:atomic,"unscoped lexical candidate: L2466:static int val = -1; | L2469:val = (env && std::atoi(env) != 0) ? 1 : 0; | L2536:const long val = std::strtol(std::string(view).c_str(), &end, 10);",unscoped lexical candidate: L2467:if (val < 0) { | L2470:if (val) { | L2474:return val != 0;,process or function lifetime (review required),lifecycle not inferred; no binding-resolved reset analysis
ggml/src/ggml-sycl/ggml-sycl.cpp,23695,g_pending_cpu_pipeline,pending_cpu_pipeline,file,mutable,thread-local,none found by unscoped lexical scan,unscoped lexical candidate: L23698:auto & pb = g_pending_cpu_pipeline.prev_bufs; | L23732:if (!g_pending_cpu_pipeline.active) { | L23737:if (g_pending_cpu_pipeline.future.valid()) {,thread,lifecycle not inferred; no binding-resolved reset analysis
ggml/src/ggml-sycl/ggml-sycl.cpp,23761,pipeline_log,std::atomic<int>,function-local:flush_pending_cpu_pipeline,mutable,intrinsic:atomic,"unscoped lexical candidate: L23762:if (pipeline_log.fetch_add(1, std::memory_order_relaxed) < 5) {",none found by unscoped lexical scan,process or function lifetime (review required),lifecycle not inferred; no binding-resolved reset analysis
ggml/src/ggml-sycl/ggml-sycl.cpp,23877,g_pending_secondary_scatter,pending_secondary_scatter,file,mutable,thread-local,unscoped lexical candidate: L24308:// --- Pipeline mode: check both pipeline slots and g_pending_secondary_scatter ---,unscoped lexical candidate: L23880:return g_pending_secondary_scatter.active || !g_pending_secondary_scatter.entries.empty() || | L23881:!g_pending_secondary_scatter.bulk_entries.empty(); | L24071:if (!g_pending_secondary_scatter.active) {,thread,lifecycle not inferred; no binding-resolved reset analysis
ggml/src/ggml-sycl/ggml-sycl.cpp,23908,PIPELINE_SLOTS,constexpr int,file,immutable binding,none evident,none found by unscoped lexical scan,unscoped lexical candidate: L23909:static thread_local pipeline_scatter_slot g_pipeline_scatter[PIPELINE_SLOTS] = {}; | L24047:for (int i = 0; i < PIPELINE_SLOTS; i++) { | L24328:for (int i = 0; i < PIPELINE_SLOTS; i++) {,process or function lifetime (review required),not applicable: immutable binding
ggml/src/ggml-sycl/ggml-sycl.cpp,23909,g_pipeline_scatter,pipeline_scatter_slot [PIPELINE_SLOTS],file,mutable,thread-local,none found by unscoped lexical scan,unscoped lexical candidate: L23899:// g_pipeline_scatter[slot] holds the scatter from the PREVIOUS layer. | L24030:auto & slot = g_pipeline_scatter[slot_idx]; | L24313:auto & slot = g_pipeline_scatter[slot_idx];,thread,lifecycle not inferred; no binding-resolved reset analysis
ggml/src/ggml-sycl/ggml-sycl.cpp,23910,g_pipeline_slot_idx,int,file,mutable,thread-local,unscoped lexical candidate: L24365:g_pipeline_slot_idx = (g_pipeline_slot_idx + 1) % PIPELINE_SLOTS;,unscoped lexical candidate: L24364:int slot_idx = g_pipeline_slot_idx;,thread,lifecycle not inferred; no binding-resolved reset analysis
ggml/src/ggml-sycl/ggml-sycl.cpp,23914,g_pipeline_copy_queue,sycl::queue *[GGML_SYCL_MAX_DEVICES],file,mutable,none evident,"unscoped lexical candidate: L23930:g_pipeline_copy_queue[device] = new sycl::queue(dev0.default_queue().get_context(), | L85183:g_pipeline_copy_queue[d] = nullptr;",unscoped lexical candidate: L23918:if (g_pipeline_copy_queue[device]) { | L23919:return g_pipeline_copy_queue[device]; | L23922:if (g_pipeline_copy_queue[device]) {,device/process slot,lifecycle not inferred; no binding-resolved reset analysis
ggml/src/ggml-sycl/ggml-sycl.cpp,23915,g_pipeline_copy_queue_mutex,std::mutex,file,mutable,intrinsic:lock primitive,none found by unscoped lexical scan,unscoped lexical candidate: L23921:std::lock_guard<std::mutex> lock(g_pipeline_copy_queue_mutex); | L85175:std::lock_guard<std::mutex> lock(g_pipeline_copy_queue_mutex); | L111818:std::lock_guard<std::mutex> queue_lock(g_pipeline_copy_queue_mutex);,device/process slot,lifecycle not inferred; no binding-resolved reset analysis
ggml/src/ggml-sycl/ggml-sycl.cpp,23932,log_count,std::atomic<int>,function-local:get_pipeline_copy_queue,mutable,intrinsic:atomic,"unscoped lexical candidate: L1095:if (log_count.fetch_add(1, std::memory_order_relaxed) >= 4096) { | L23933:if (log_count.fetch_add(1, std::memory_order_relaxed) < 2) { | L32057:const int slot = log_count.fetch_add(1, std::memory_order_relaxed);",unscoped lexical candidate: L1094:static std::atomic<int> log_count{ 0 }; | L32056:static std::atomic<int> log_count{ 0 };,process or function lifetime (review required),lifecycle not inferred; no binding-resolved reset analysis
ggml/src/ggml-sycl/ggml-sycl.cpp,24205,verify_secondary_scatter,const int,function-local:flush_pending_secondary_scatter,immutable binding,none evident,none found by unscoped lexical scan,unscoped lexical candidate: L24209:if (verify_secondary_scatter != 0) {,process or function lifetime (review required),not applicable: immutable binding
ggml/src/ggml-sycl/ggml-sycl.cpp,24210,verify_logs,std::atomic<int>,function-local:flush_pending_secondary_scatter,mutable,intrinsic:atomic,"unscoped lexical candidate: L24211:const int log_idx = verify_logs.fetch_add(1, std::memory_order_relaxed);",none found by unscoped lexical scan,process or function lifetime (review required),lifecycle not inferred; no binding-resolved reset analysis
ggml/src/ggml-sycl/ggml-sycl.cpp,24930,ggml_backend_sycl_probe_buffer_interface,const ggml_backend_buffer_i,file,immutable binding,none evident,none found by unscoped lexical scan,"unscoped lexical candidate: L24959:return ggml_backend_buffer_init(buft, ggml_backend_sycl_probe_buffer_interface, alloc_ctx, size);",process or function lifetime (review required),not applicable: immutable binding
ggml/src/ggml-sycl/ggml-sycl.cpp,24974,ggml_backend_sycl_probe_buffer_type_interface,const ggml_backend_buffer_type_i,file,immutable binding,none evident,none found by unscoped lexical scan,none found by unscoped lexical scan,process or function lifetime (review required),not applicable: immutable binding
ggml/src/ggml-sycl/ggml-sycl.cpp,25917,info,ggml_sycl_device_info,function-local:<function>,mutable,none evident,unscoped lexical candidate: L4242:const auto * info = ggml_sycl::alloc_registry::instance().lookup(ptr); | L4267:if (const auto * info = ggml_sycl::alloc_registry::instance().lookup(ptr)) { | L5862:const auto & info = ggml_sycl_info();,unscoped lexical candidate: L1554:return evt.get_info<sycl::info::event::command_execution_status>() == | L1555:sycl::info::event_command_status::complete; | L4243:if (info && info->type == ggml_sycl::alloc_type::DEVICE) {,device/process slot,lifecycle not inferred; no binding-resolved reset analysis
ggml/src/ggml-sycl/ggml-sycl.cpp,26039,initialized,bool,function-local:ggml_check_sycl,mutable,none evident,unscoped lexical candidate: L26278:initialized = true; | L26284:initialized = true; | L40447:static bool initialized = false;,"unscoped lexical candidate: L403:static std::atomic<int> g_ggml_sycl_unified_dispatch{ -1 }; // -1 = not initialized, 0 = disabled, 1 = enabled | L1132:static std::atomic<int> g_ggml_sycl_force_vram{ -1 }; // -1 = not initialized, 0 = disabled, 1 = enabled | L8154:GGML_SYCL_DEBUG(""[MOE-HYBRID] Popularity tracking initialized: %d layers, %d experts/layer\n"", n_moe_layers,",process or function lifetime (review required),lifecycle not inferred; unscoped lexical reset candidate: L49372:w.initialized.store(false);
ggml/src/ggml-sycl/ggml-sycl.cpp,26461,g_backend_context_by_device_mutex,std::mutex,file,mutable,intrinsic:lock primitive,none found by unscoped lexical scan,unscoped lexical candidate: L26466:std::lock_guard<std::mutex> lock(g_backend_context_by_device_mutex); | L26475:std::lock_guard<std::mutex> lock(g_backend_context_by_device_mutex); | L44738:std::lock_guard<std::mutex> lock(g_backend_context_by_device_mutex);,device/process slot,lifecycle not inferred; no binding-resolved reset analysis
ggml/src/ggml-sycl/ggml-sycl.cpp,26462,g_backend_context_by_device,std::vector<ggml_backend_sycl_context *> [GGML_SYCL_MAX_DEVICES],file,mutable,none evident,unscoped lexical candidate: L112411:g_backend_context_by_device[device].push_back(ctx.get());,unscoped lexical candidate: L26467:const auto & contexts = g_backend_context_by_device[device]; | L26476:for (const ggml_backend_sycl_context * c : g_backend_context_by_device[device]) { | L44740:auto & contexts = g_backend_context_by_device[device];,device/process slot,lifecycle not inferred; no binding-resolved reset analysis
ggml/src/ggml-sycl/ggml-sycl.cpp,26532,armed,const bool,function-local:ggml_sycl_dump_report_armed,immutable binding,none evident,"unscoped lexical candidate: L3459:uint32_t armed = slot.armed.load(std::memory_order_relaxed); | L3600:g_staging_failpoints[fp].armed.store(fires, std::memory_order_relaxed); | L3605:slot.armed.store(0, std::memory_order_relaxed);","unscoped lexical candidate: L3448:std::atomic<uint32_t> armed{ 0 }; | L3460:while (armed != 0 && !slot.armed.compare_exchange_weak(armed, armed - 1, std::memory_order_relaxed)) { | L3462:if (armed == 0) {",process or function lifetime (review required),not applicable: immutable binding
ggml/src/ggml-sycl/ggml-sycl.cpp,26723,mutex,std::mutex,function-local:ggml_sycl_control_host_context,mutable,intrinsic:lock primitive,unscoped lexical candidate: L7554:static auto * mutex = new std::mutex();,unscoped lexical candidate: L39:#include <mutex> | L1126:static std::mutex g_sycl_graph_compute_mutex; | L1142:static std::mutex g_sycl_load_summary_mutex;,process or function lifetime (review required),lifecycle not inferred; no binding-resolved reset analysis
ggml/src/ggml-sycl/ggml-sycl.cpp,26724,shared_ctx,std::unique_ptr<sycl::context>,function-local:ggml_sycl_control_host_context,mutable,none evident,unscoped lexical candidate: L26743:shared_ctx = std::make_unique<sycl::context>(devices); | L26748:shared_ctx.reset();,unscoped lexical candidate: L26752:return shared_ctx ? *shared_ctx : fallback_queue.get_context();,process or function lifetime (review required),lifecycle not inferred; unscoped lexical reset candidate: L26748:shared_ctx.reset();
ggml/src/ggml-sycl/ggml-sycl.cpp,26725,attempted,bool,function-local:ggml_sycl_control_host_context,mutable,none evident,unscoped lexical candidate: L26729:attempted = true;,unscoped lexical candidate: L17971:// both the F13 pre-check below (never attempted Step 3 at all) and the | L17972:// post-Step-3-failure path (Step 3 was attempted and failed). | L21401:// attempted and FAILED -- either ggml_sycl_update_moe_ptr_table() itself,process or function lifetime (review required),lifecycle not inferred; no binding-resolved reset analysis
ggml/src/ggml-sycl/ggml-sycl.cpp,26870,logged,std::atomic<bool>,function-local:ggml_sycl_init_cross_device_control_tensor,mutable,intrinsic:atomic,"unscoped lexical candidate: L3817:if (!logged.insert(k).second) { | L4437:if (logged.fetch_add(1, std::memory_order_relaxed) < 1) { | L5826:should_log = logged.insert(key).second;","unscoped lexical candidate: L3813:static std::unordered_set<key_t, key_hash> logged; | L4436:static std::atomic<int> logged{ 0 }; | L5818:static std::unordered_set<std::string> logged;",process or function lifetime (review required),lifecycle not inferred; no binding-resolved reset analysis
ggml/src/ggml-sycl/ggml-sycl.cpp,27136,logged_first_registration,std::atomic<bool>,function-local:ggml_sycl_register_buffer_tensor_provenance,mutable,intrinsic:atomic,"unscoped lexical candidate: L27137:if (!logged_first_registration.exchange(true, std::memory_order_acq_rel)) {",none found by unscoped lexical scan,process or function lifetime (review required),lifecycle not inferred; no binding-resolved reset analysis
ggml/src/ggml-sycl/ggml-sycl.cpp,27349,logged_reuse_retain,std::atomic<bool>,function-local:ggml_backend_sycl_buffer_init_tensor,mutable,intrinsic:atomic,"unscoped lexical candidate: L27350:if (!logged_reuse_retain.exchange(true, std::memory_order_acq_rel)) {",none found by unscoped lexical scan,process or function lifetime (review required),lifecycle not inferred; no binding-resolved reset analysis
ggml/src/ggml-sycl/ggml-sycl.cpp,27822,disabled,const bool,function-local:ggml_sycl_gpu_reorder_disabled,immutable binding,none evident,"unscoped lexical candidate: L794:""calls=%llu pp=%llu tg=%llu disabled=%llu "" | L10411:static int disabled = -1; | L10414:disabled = (env && std::atoi(env) != 0) ? 1 : 0;","unscoped lexical candidate: L403:static std::atomic<int> g_ggml_sycl_unified_dispatch{ -1 }; // -1 = not initialized, 0 = disabled, 1 = enabled | L873:// per call after whichever path (record, replay, or disabled) actually | L1132:static std::atomic<int> g_ggml_sycl_force_vram{ -1 }; // -1 = not initialized, 0 = disabled, 1 = enabled",process or function lifetime (review required),not applicable: immutable binding
ggml/src/ggml-sycl/ggml-sycl.cpp,27828,xmx_tiled_env,const int,function-local:ggml_sycl_xmx_tiled_enabled_for_device,immutable binding,none evident,none found by unscoped lexical scan,unscoped lexical candidate: L27836:if (xmx_tiled_env == 0) {,process or function lifetime (review required),not applicable: immutable binding
ggml/src/ggml-sycl/ggml-sycl.cpp,27873,allow,const bool,function-local:ggml_sycl_xmx_moe_allow_unsafe_pp,immutable binding,none evident,unscoped lexical candidate: L62372:static int allow = -1; | L62378:allow = (env == nullptr || std::atoi(env) != 0) ? 1 : 0;,"unscoped lexical candidate: L9402:// Returns true if we should force AoS (for backward compatibility), false to allow SoA. | L9409:// If SoA is explicitly enabled, allow it. | L27885:return allow;",process or function lifetime (review required),not applicable: immutable binding
ggml/src/ggml-sycl/ggml-sycl.cpp,27908,policy,const ggml_sycl_xmx_moe_policy,function-local:ggml_sycl_get_xmx_moe_policy,immutable binding,none evident,unscoped lexical candidate: L27382:const auto policy = ggml_sycl_make_moe_device_policy( | L27991:const auto policy = ggml_sycl_make_moe_device_policy( | L29583:policy = ggml_sycl_make_moe_device_policy(,"unscoped lexical candidate: L120:#include ""ggml-sycl/simple-consumer-route-policy.hpp"" | L970:// tests/test-sycl-alloc-policy.sh RED. Route through the sanctioned | L5409:// no tg128 delta across default env, policy env, and the GPT-OSS chat gate.",model/layer semantic state (review required),not applicable: immutable binding
ggml/src/ggml-sycl/ggml-sycl.cpp,27923,enabled,const bool,function-local:ggml_sycl_moe_gateup_bundle4_enabled,immutable binding,none evident,unscoped lexical candidate: L217:static const bool enabled = []() { | L466:static const bool enabled = [] { | L475:static const bool enabled = [] {,"unscoped lexical candidate: L221:return enabled; | L403:static std::atomic<int> g_ggml_sycl_unified_dispatch{ -1 }; // -1 = not initialized, 0 = disabled, 1 = enabled | L470:return enabled;",process or function lifetime (review required),not applicable: immutable binding
ggml/src/ggml-sycl/ggml-sycl.cpp,28129,threshold,int,function-local:ggml_sycl_onednn_pp_min_batch,mutable,none evident,"unscoped lexical candidate: L7264:""promote threshold=%u hits\\n"", | L21881:// Disabled by default (threshold=0.0); the unified cache planner handles | L28132:threshold = env ? std::atoi(env) : 16;","unscoped lexical candidate: L385:// Max batch size for XMX (XMX is used for 1 <= N < threshold). | L391:// deliberately fail-closed (0 makes `batch < threshold` false, i.e. no XMX) | L395:// (""Increase XMX threshold to 1024 (was 64) for broader XMX usage"") changed",process or function lifetime (review required),lifecycle not inferred; no binding-resolved reset analysis
ggml/src/ggml-sycl/ggml-sycl.cpp,28141,enabled,bool,function-local:ggml_sycl_onednn_pp_enabled,mutable,none evident,unscoped lexical candidate: L217:static const bool enabled = []() { | L466:static const bool enabled = [] { | L475:static const bool enabled = [] {,"unscoped lexical candidate: L221:return enabled; | L403:static std::atomic<int> g_ggml_sycl_unified_dispatch{ -1 }; // -1 = not initialized, 0 = disabled, 1 = enabled | L470:return enabled;",process or function lifetime (review required),"lifecycle not inferred; unscoped lexical reset candidate: L7274:enabled.store(false, std::memory_order_release);"
ggml/src/ggml-sycl/ggml-sycl.cpp,28142,checked,bool,function-local:ggml_sycl_onednn_pp_enabled,mutable,none evident,"unscoped lexical candidate: L4847:int ok = 0, fail = 0, checked = 0; | L4850:checked++; | L17564:// the cause is not something this code checked -- it may be","unscoped lexical candidate: L4727:// Each tensor (gate/up/down) is checked individually. If the plan | L4848:for (size_t gi = 0; gi < sorted_groups.size() && checked < 10; gi++) { | L4860:ok, checked, device, cache->entry_count());",process or function lifetime (review required),lifecycle not inferred; no binding-resolved reset analysis
ggml/src/ggml-sycl/ggml-sycl.cpp,28152,enabled,const bool,function-local:ggml_sycl_onednn_pp_trace_enabled,immutable binding,none evident,unscoped lexical candidate: L217:static const bool enabled = []() { | L466:static const bool enabled = [] { | L475:static const bool enabled = [] {,"unscoped lexical candidate: L221:return enabled; | L403:static std::atomic<int> g_ggml_sycl_unified_dispatch{ -1 }; // -1 = not initialized, 0 = disabled, 1 = enabled | L470:return enabled;",process or function lifetime (review required),not applicable: immutable binding
ggml/src/ggml-sycl/ggml-sycl.cpp,28160,enabled,const bool,function-local:ggml_sycl_mul_mat_route_trace_enabled,immutable binding,none evident,unscoped lexical candidate: L217:static const bool enabled = []() { | L466:static const bool enabled = [] { | L475:static const bool enabled = [] {,"unscoped lexical candidate: L221:return enabled; | L403:static std::atomic<int> g_ggml_sycl_unified_dispatch{ -1 }; // -1 = not initialized, 0 = disabled, 1 = enabled | L470:return enabled;",process or function lifetime (review required),not applicable: immutable binding
ggml/src/ggml-sycl/ggml-sycl.cpp,28168,limit,const int,function-local:ggml_sycl_mul_mat_route_trace_limit,immutable binding,none evident,"unscoped lexical candidate: L925:static const int limit = [] { | L1323:GGML_LOG_INFO(""[SYCL] FP16 weight cache enabled (%s, limit=%zuMB)\n"", | L38507:// Single allocation exceeds probed device limit -- force host-pinned.","unscoped lexical candidate: L931:if (call_idx > limit) { | L1253:// GGML_SYCL_FP16_CACHE_MB=N sets the VRAM limit (default 512MB). | L3914:static void ggml_sycl_moe_act_publish(int variant, float alpha, float limit) {",process or function lifetime (review required),not applicable: immutable binding
ggml/src/ggml-sycl/ggml-sycl.cpp,28202,skip_q4_0,bool,function-local:ggml_sycl_onednn_pp_skip_type,mutable,none evident,none found by unscoped lexical scan,unscoped lexical candidate: L28206:return skip_q4_0 && type == GGML_TYPE_Q4_0;,process or function lifetime (review required),lifecycle not inferred; no binding-resolved reset analysis
ggml/src/ggml-sycl/ggml-sycl.cpp,28226,enabled,const bool,function-local:ggml_sycl_dense_woq_alternates_enabled,immutable binding,none evident,unscoped lexical candidate: L217:static const bool enabled = []() { | L466:static const bool enabled = [] { | L475:static const bool enabled = [] {,"unscoped lexical candidate: L221:return enabled; | L403:static std::atomic<int> g_ggml_sycl_unified_dispatch{ -1 }; // -1 = not initialized, 0 = disabled, 1 = enabled | L470:return enabled;",process or function lifetime (review required),not applicable: immutable binding
ggml/src/ggml-sycl/ggml-sycl.cpp,28272,onednn_pp_candidate_trace,std::atomic<int>,function-local:<lambda>,mutable,intrinsic:atomic,"unscoped lexical candidate: L28273:const int trace_idx = onednn_pp_candidate_trace.fetch_add(1, std::memory_order_relaxed);",none found by unscoped lexical scan,process or function lifetime (review required),lifecycle not inferred; no binding-resolved reset analysis
ggml/src/ggml-sycl/ggml-sycl.cpp,28874,logged,std::atomic<int>,function-local:ggml_sycl_try_decode_secondary_moe_route_on_device,mutable,intrinsic:atomic,"unscoped lexical candidate: L3817:if (!logged.insert(k).second) { | L4437:if (logged.fetch_add(1, std::memory_order_relaxed) < 1) { | L5826:should_log = logged.insert(key).second;","unscoped lexical candidate: L3813:static std::unordered_set<key_t, key_hash> logged; | L4436:static std::atomic<int> logged{ 0 }; | L5818:static std::unordered_set<std::string> logged;",process or function lifetime (review required),lifecycle not inferred; no binding-resolved reset analysis
ggml/src/ggml-sycl/ggml-sycl.cpp,28933,logged,std::atomic<int>,function-local:ggml_sycl_resolve_moe_expert_route_for_dispatch,mutable,intrinsic:atomic,"unscoped lexical candidate: L3817:if (!logged.insert(k).second) { | L4437:if (logged.fetch_add(1, std::memory_order_relaxed) < 1) { | L5826:should_log = logged.insert(key).second;","unscoped lexical candidate: L3813:static std::unordered_set<key_t, key_hash> logged; | L4436:static std::atomic<int> logged{ 0 }; | L5818:static std::unordered_set<std::string> logged;",process or function lifetime (review required),lifecycle not inferred; no binding-resolved reset analysis
ggml/src/ggml-sycl/ggml-sycl.cpp,29364,logged,std::atomic<int>,function-local:ggml_sycl_try_pp_host_moe_route,mutable,intrinsic:atomic,"unscoped lexical candidate: L3817:if (!logged.insert(k).second) { | L4437:if (logged.fetch_add(1, std::memory_order_relaxed) < 1) { | L5826:should_log = logged.insert(key).second;","unscoped lexical candidate: L3813:static std::unordered_set<key_t, key_hash> logged; | L4436:static std::atomic<int> logged{ 0 }; | L5818:static std::unordered_set<std::string> logged;",process or function lifetime (review required),lifecycle not inferred; no binding-resolved reset analysis
ggml/src/ggml-sycl/ggml-sycl.cpp,29569,log_mutex,std::mutex,function-local:ggml_sycl_select_moe_mmvq_layout,mutable,intrinsic:lock primitive,none found by unscoped lexical scan,unscoped lexical candidate: L5817:static std::mutex log_mutex; | L5825:std::lock_guard<std::mutex> lock(log_mutex); | L29574:std::lock_guard<std::mutex> lock(log_mutex);,process or function lifetime (review required),lifecycle not inferred; no binding-resolved reset analysis
ggml/src/ggml-sycl/ggml-sycl.cpp,29570,logged,std::unordered_set<std::string>,function-local:ggml_sycl_select_moe_mmvq_layout,mutable,none evident,"unscoped lexical candidate: L3817:if (!logged.insert(k).second) { | L4437:if (logged.fetch_add(1, std::memory_order_relaxed) < 1) { | L5826:should_log = logged.insert(key).second;","unscoped lexical candidate: L3813:static std::unordered_set<key_t, key_hash> logged; | L4436:static std::atomic<int> logged{ 0 }; | L5818:static std::unordered_set<std::string> logged;",process or function lifetime (review required),lifecycle not inferred; no binding-resolved reset analysis
ggml/src/ggml-sycl/ggml-sycl.cpp,29604,enabled,const bool,function-local:ggml_sycl_moe_decode_down_i8_selected_enabled,immutable binding,none evident,unscoped lexical candidate: L217:static const bool enabled = []() { | L466:static const bool enabled = [] { | L475:static const bool enabled = [] {,"unscoped lexical candidate: L221:return enabled; | L403:static std::atomic<int> g_ggml_sycl_unified_dispatch{ -1 }; // -1 = not initialized, 0 = disabled, 1 = enabled | L470:return enabled;",process or function lifetime (review required),not applicable: immutable binding
ggml/src/ggml-sycl/ggml-sycl.cpp,29612,enabled,const bool,function-local:ggml_sycl_moe_decode_down_dpas_selected_enabled,immutable binding,none evident,unscoped lexical candidate: L217:static const bool enabled = []() { | L466:static const bool enabled = [] { | L475:static const bool enabled = [] {,"unscoped lexical candidate: L221:return enabled; | L403:static std::atomic<int> g_ggml_sycl_unified_dispatch{ -1 }; // -1 = not initialized, 0 = disabled, 1 = enabled | L470:return enabled;",process or function lifetime (review required),not applicable: immutable binding
ggml/src/ggml-sycl/ggml-sycl.cpp,29687,selected_dpas_materialize,const bool,function-local:ggml_sycl_select_moe_decode_down_layout,immutable binding,none evident,none found by unscoped lexical scan,unscoped lexical candidate: L29692:selected_dpas_materialize || (extra && get_effective_layout_mode(extra) == GGML_LAYOUT_MXFP4_DPAS);,process or function lifetime (review required),not applicable: immutable binding
ggml/src/ggml-sycl/ggml-sycl.cpp,29702,decode_dpas_suppressed_log,std::atomic<int>,function-local:ggml_sycl_select_moe_decode_down_layout,mutable,intrinsic:atomic,"unscoped lexical candidate: L29703:if (decode_dpas_suppressed_log.fetch_add(1, std::memory_order_relaxed) < 96) {",none found by unscoped lexical scan,process or function lifetime (review required),lifecycle not inferred; no binding-resolved reset analysis
ggml/src/ggml-sycl/ggml-sycl.cpp,29863,enabled,const bool,function-local:moe_grouped_decode_candidate_env_enabled,immutable binding,none evident,unscoped lexical candidate: L217:static const bool enabled = []() { | L466:static const bool enabled = [] { | L475:static const bool enabled = [] {,"unscoped lexical candidate: L221:return enabled; | L403:static std::atomic<int> g_ggml_sycl_unified_dispatch{ -1 }; // -1 = not initialized, 0 = disabled, 1 = enabled | L470:return enabled;",process or function lifetime (review required),not applicable: immutable binding
ggml/src/ggml-sycl/ggml-sycl.cpp,29871,enabled,const bool,function-local:moe_aggressive_partial_tg_env_enabled,immutable binding,none evident,unscoped lexical candidate: L217:static const bool enabled = []() { | L466:static const bool enabled = [] { | L475:static const bool enabled = [] {,"unscoped lexical candidate: L221:return enabled; | L403:static std::atomic<int> g_ggml_sycl_unified_dispatch{ -1 }; // -1 = not initialized, 0 = disabled, 1 = enabled | L470:return enabled;",process or function lifetime (review required),not applicable: immutable binding
ggml/src/ggml-sycl/ggml-sycl.cpp,29880,enabled,const bool,function-local:moe_aggressive_partial_tg_xmx_tiled_env_enabled,immutable binding,none evident,unscoped lexical candidate: L217:static const bool enabled = []() { | L466:static const bool enabled = [] { | L475:static const bool enabled = [] {,"unscoped lexical candidate: L221:return enabled; | L403:static std::atomic<int> g_ggml_sycl_unified_dispatch{ -1 }; // -1 = not initialized, 0 = disabled, 1 = enabled | L470:return enabled;",process or function lifetime (review required),not applicable: immutable binding
ggml/src/ggml-sycl/ggml-sycl.cpp,29888,enabled,const bool,function-local:ggml_sycl_moe_down_xmx_tiled_enabled,immutable binding,none evident,unscoped lexical candidate: L217:static const bool enabled = []() { | L466:static const bool enabled = [] { | L475:static const bool enabled = [] {,"unscoped lexical candidate: L221:return enabled; | L403:static std::atomic<int> g_ggml_sycl_unified_dispatch{ -1 }; // -1 = not initialized, 0 = disabled, 1 = enabled | L470:return enabled;",process or function lifetime (review required),not applicable: immutable binding
ggml/src/ggml-sycl/ggml-sycl.cpp,29906,enabled,const bool,function-local:ggml_sycl_moe_phase_down_xmx_enabled,immutable binding,none evident,unscoped lexical candidate: L217:static const bool enabled = []() { | L466:static const bool enabled = [] { | L475:static const bool enabled = [] {,"unscoped lexical candidate: L221:return enabled; | L403:static std::atomic<int> g_ggml_sycl_unified_dispatch{ -1 }; // -1 = not initialized, 0 = disabled, 1 = enabled | L470:return enabled;",process or function lifetime (review required),not applicable: immutable binding
ggml/src/ggml-sycl/ggml-sycl.cpp,29984,enabled,const bool,function-local:ggml_sycl_moe_prompt_specialized_layouts_enabled,immutable binding,none evident,unscoped lexical candidate: L217:static const bool enabled = []() { | L466:static const bool enabled = [] { | L475:static const bool enabled = [] {,"unscoped lexical candidate: L221:return enabled; | L403:static std::atomic<int> g_ggml_sycl_unified_dispatch{ -1 }; // -1 = not initialized, 0 = disabled, 1 = enabled | L470:return enabled;",process or function lifetime (review required),not applicable: immutable binding
ggml/src/ggml-sycl/ggml-sycl.cpp,29992,enabled,const bool,function-local:ggml_sycl_moe_prompt_down_specialized_layouts_enabled,immutable binding,none evident,unscoped lexical candidate: L217:static const bool enabled = []() { | L466:static const bool enabled = [] { | L475:static const bool enabled = [] {,"unscoped lexical candidate: L221:return enabled; | L403:static std::atomic<int> g_ggml_sycl_unified_dispatch{ -1 }; // -1 = not initialized, 0 = disabled, 1 = enabled | L470:return enabled;",process or function lifetime (review required),not applicable: immutable binding
ggml/src/ggml-sycl/ggml-sycl.cpp,30000,enabled,const bool,function-local:ggml_sycl_moe_prompt_down_transient_soa_enabled,immutable binding,none evident,unscoped lexical candidate: L217:static const bool enabled = []() { | L466:static const bool enabled = [] { | L475:static const bool enabled = [] {,"unscoped lexical candidate: L221:return enabled; | L403:static std::atomic<int> g_ggml_sycl_unified_dispatch{ -1 }; // -1 = not initialized, 0 = disabled, 1 = enabled | L470:return enabled;",process or function lifetime (review required),not applicable: immutable binding
ggml/src/ggml-sycl/ggml-sycl.cpp,30122,cached_down_specialized_skip_log,std::atomic<int>,function-local:ggml_sycl_select_moe_planned_graph_layout,mutable,intrinsic:atomic,"unscoped lexical candidate: L30123:if (cached_down_specialized_skip_log.fetch_add(1, std::memory_order_relaxed) < 96) {",none found by unscoped lexical scan,process or function lifetime (review required),lifecycle not inferred; no binding-resolved reset analysis
ggml/src/ggml-sycl/ggml-sycl.cpp,30176,planned_down_specialized_skip_log,std::atomic<int>,function-local:ggml_sycl_select_moe_planned_graph_layout,mutable,intrinsic:atomic,"unscoped lexical candidate: L30177:if (planned_down_specialized_skip_log.fetch_add(1, std::memory_order_relaxed) < 96) {",none found by unscoped lexical scan,process or function lifetime (review required),lifecycle not inferred; no binding-resolved reset analysis
ggml/src/ggml-sycl/ggml-sycl.cpp,30383,logged_prompt_xmx_diag,std::atomic<int>,function-local:ggml_sycl_select_moe_planned_graph_layout,mutable,intrinsic:atomic,"unscoped lexical candidate: L30384:const int n = logged_prompt_xmx_diag.fetch_add(1, std::memory_order_relaxed);",none found by unscoped lexical scan,process or function lifetime (review required),lifecycle not inferred; no binding-resolved reset analysis
ggml/src/ggml-sycl/ggml-sycl.cpp,30397,logged_prompt_bundle4_skip,std::atomic<int>,function-local:ggml_sycl_select_moe_planned_graph_layout,mutable,intrinsic:atomic,"unscoped lexical candidate: L30398:const int n = logged_prompt_bundle4_skip.fetch_add(1, std::memory_order_relaxed);",none found by unscoped lexical scan,process or function lifetime (review required),lifecycle not inferred; no binding-resolved reset analysis
ggml/src/ggml-sycl/ggml-sycl.cpp,30411,logged_incomplete_xmx,std::atomic<int>,function-local:ggml_sycl_select_moe_planned_graph_layout,mutable,intrinsic:atomic,"unscoped lexical candidate: L30412:const int n = logged_incomplete_xmx.fetch_add(1, std::memory_order_relaxed);",none found by unscoped lexical scan,process or function lifetime (review required),lifecycle not inferred; no binding-resolved reset analysis
ggml/src/ggml-sycl/ggml-sycl.cpp,30433,logged_prompt_down_specialized_skip,std::atomic<int>,function-local:ggml_sycl_select_moe_planned_graph_layout,mutable,intrinsic:atomic,"unscoped lexical candidate: L30434:const int n = logged_prompt_down_specialized_skip.fetch_add(1, std::memory_order_relaxed);",none found by unscoped lexical scan,process or function lifetime (review required),lifecycle not inferred; no binding-resolved reset analysis
ggml/src/ggml-sycl/ggml-sycl.cpp,30448,logged_prompt_specialized_skip,std::atomic<int>,function-local:ggml_sycl_select_moe_planned_graph_layout,mutable,intrinsic:atomic,"unscoped lexical candidate: L30449:const int n = logged_prompt_specialized_skip.fetch_add(1, std::memory_order_relaxed);",none found by unscoped lexical scan,process or function lifetime (review required),lifecycle not inferred; no binding-resolved reset analysis
ggml/src/ggml-sycl/ggml-sycl.cpp,30479,logged_skip,std::atomic<int>,function-local:ggml_sycl_select_moe_planned_graph_layout,mutable,intrinsic:atomic,"unscoped lexical candidate: L30480:const int n = logged_skip.fetch_add(1, std::memory_order_relaxed);",none found by unscoped lexical scan,process or function lifetime (review required),lifecycle not inferred; no binding-resolved reset analysis
ggml/src/ggml-sycl/ggml-sycl.cpp,30589,prompt_down_i8_guard_log,std::atomic<int>,function-local:ggml_sycl_moe_layout_for_selected_rows,mutable,intrinsic:atomic,"unscoped lexical candidate: L30590:if (prompt_down_i8_guard_log.fetch_add(1, std::memory_order_relaxed) < 96) {",none found by unscoped lexical scan,process or function lifetime (review required),lifecycle not inferred; no binding-resolved reset analysis
ggml/src/ggml-sycl/ggml-sycl.cpp,30622,prompt_xmx_keep_log,std::atomic<int>,function-local:ggml_sycl_moe_layout_for_selected_rows,mutable,intrinsic:atomic,"unscoped lexical candidate: L30623:if (prompt_xmx_keep_log.fetch_add(1, std::memory_order_relaxed) < 96) {",none found by unscoped lexical scan,process or function lifetime (review required),lifecycle not inferred; no binding-resolved reset analysis
ggml/src/ggml-sycl/ggml-sycl.cpp,30638,prompt_xmx_watchdog_log,std::atomic<int>,function-local:ggml_sycl_moe_layout_for_selected_rows,mutable,intrinsic:atomic,"unscoped lexical candidate: L30639:if (prompt_xmx_watchdog_log.fetch_add(1, std::memory_order_relaxed) < 96) {",none found by unscoped lexical scan,process or function lifetime (review required),lifecycle not inferred; no binding-resolved reset analysis
ggml/src/ggml-sycl/ggml-sycl.cpp,30651,prompt_soa_log,std::atomic<int>,function-local:ggml_sycl_moe_layout_for_selected_rows,mutable,intrinsic:atomic,"unscoped lexical candidate: L30652:if (prompt_soa_log.fetch_add(1, std::memory_order_relaxed) < 96) {",none found by unscoped lexical scan,process or function lifetime (review required),lifecycle not inferred; no binding-resolved reset analysis
ggml/src/ggml-sycl/ggml-sycl.cpp,30666,small_decode_log,std::atomic<int>,function-local:ggml_sycl_moe_layout_for_selected_rows,mutable,intrinsic:atomic,"unscoped lexical candidate: L30667:if (small_decode_log.fetch_add(1, std::memory_order_relaxed) < 96) {",none found by unscoped lexical scan,process or function lifetime (review required),lifecycle not inferred; no binding-resolved reset analysis
ggml/src/ggml-sycl/ggml-sycl.cpp,30678,small_decode_direct_log,std::atomic<int>,function-local:ggml_sycl_moe_layout_for_selected_rows,mutable,intrinsic:atomic,"unscoped lexical candidate: L30679:if (small_decode_direct_log.fetch_add(1, std::memory_order_relaxed) < 96) {",none found by unscoped lexical scan,process or function lifetime (review required),lifecycle not inferred; no binding-resolved reset analysis
ggml/src/ggml-sycl/ggml-sycl.cpp,30695,row_limit_verified_log,std::atomic<int>,function-local:ggml_sycl_moe_layout_for_selected_rows,mutable,intrinsic:atomic,"unscoped lexical candidate: L30696:if (row_limit_verified_log.fetch_add(1, std::memory_order_relaxed) < 96) {",none found by unscoped lexical scan,process or function lifetime (review required),lifecycle not inferred; no binding-resolved reset analysis
ggml/src/ggml-sycl/ggml-sycl.cpp,30708,row_limit_keep_log,std::atomic<int>,function-local:ggml_sycl_moe_layout_for_selected_rows,mutable,intrinsic:atomic,"unscoped lexical candidate: L30709:if (row_limit_keep_log.fetch_add(1, std::memory_order_relaxed) < 96) {",none found by unscoped lexical scan,process or function lifetime (review required),lifecycle not inferred; no binding-resolved reset analysis
ggml/src/ggml-sycl/ggml-sycl.cpp,30722,row_limit_log,std::atomic<int>,function-local:ggml_sycl_moe_layout_for_selected_rows,mutable,intrinsic:atomic,"unscoped lexical candidate: L30723:if (row_limit_log.fetch_add(1, std::memory_order_relaxed) < 96) {",none found by unscoped lexical scan,process or function lifetime (review required),lifecycle not inferred; no binding-resolved reset analysis
ggml/src/ggml-sycl/ggml-sycl.cpp,30743,GGML_SYCL_GRAPH_BOUNDARY_DRAIN_RETAINED,constexpr uint32_t,file,immutable binding,none evident,none found by unscoped lexical scan,unscoped lexical candidate: L30756:return GGML_SYCL_GRAPH_BOUNDARY_DRAIN_RETAINED; | L107175:if (boundary_actions & GGML_SYCL_GRAPH_BOUNDARY_DRAIN_RETAINED) {,process or function lifetime (review required),not applicable: immutable binding
ggml/src/ggml-sycl/ggml-sycl.cpp,30744,GGML_SYCL_GRAPH_BOUNDARY_CLEAR_ACTIVE,constexpr uint32_t,file,immutable binding,none evident,none found by unscoped lexical scan,unscoped lexical candidate: L30754:return GGML_SYCL_GRAPH_BOUNDARY_CLEAR_ACTIVE | GGML_SYCL_GRAPH_BOUNDARY_RESET_ARENAS; | L107172:if (boundary_actions & GGML_SYCL_GRAPH_BOUNDARY_CLEAR_ACTIVE) { | L108748:if (boundary_actions & GGML_SYCL_GRAPH_BOUNDARY_CLEAR_ACTIVE) {,process or function lifetime (review required),not applicable: immutable binding
ggml/src/ggml-sycl/ggml-sycl.cpp,30745,GGML_SYCL_GRAPH_BOUNDARY_RESET_ARENAS,constexpr uint32_t,file,immutable binding,none evident,none found by unscoped lexical scan,unscoped lexical candidate: L30751:return GGML_SYCL_GRAPH_BOUNDARY_RESET_ARENAS; | L30754:return GGML_SYCL_GRAPH_BOUNDARY_CLEAR_ACTIVE | GGML_SYCL_GRAPH_BOUNDARY_RESET_ARENAS; | L107178:if (boundary_actions & GGML_SYCL_GRAPH_BOUNDARY_RESET_ARENAS) {,process or function lifetime (review required),not applicable: immutable binding
ggml/src/ggml-sycl/ggml-sycl.cpp,30817,g_test_moe_down_sum_direct_final_candidates,std::atomic<uint64_t>,namespace:ggml_sycl,mutable,intrinsic:atomic,"unscoped lexical candidate: L30829:g_test_moe_down_sum_direct_final_candidates.fetch_add(1, std::memory_order_relaxed); | L30898:g_test_moe_down_sum_direct_final_candidates.store(0, std::memory_order_relaxed);","unscoped lexical candidate: L30905:return { g_test_moe_down_sum_direct_final_candidates.load(std::memory_order_relaxed),",model/layer semantic state (review required),"lifecycle not inferred; unscoped lexical reset candidate: L30898:g_test_moe_down_sum_direct_final_candidates.store(0, std::memory_order_relaxed);"
ggml/src/ggml-sycl/ggml-sycl.cpp,30818,g_test_moe_down_sum_direct_final_accepted,std::atomic<uint64_t>,namespace:ggml_sycl,mutable,intrinsic:atomic,"unscoped lexical candidate: L30893:g_test_moe_down_sum_direct_final_accepted.fetch_add(1, std::memory_order_relaxed); | L30899:g_test_moe_down_sum_direct_final_accepted.store(0, std::memory_order_relaxed);","unscoped lexical candidate: L30906:g_test_moe_down_sum_direct_final_accepted.load(std::memory_order_relaxed),",model/layer semantic state (review required),"lifecycle not inferred; unscoped lexical reset candidate: L30899:g_test_moe_down_sum_direct_final_accepted.store(0, std::memory_order_relaxed);"
ggml/src/ggml-sycl/ggml-sycl.cpp,30819,g_test_moe_down_sum_direct_final_rejected,std::atomic<uint64_t>,namespace:ggml_sycl,mutable,intrinsic:atomic,"unscoped lexical candidate: L30823:g_test_moe_down_sum_direct_final_rejected.fetch_add(1, std::memory_order_relaxed); | L30900:g_test_moe_down_sum_direct_final_rejected.store(0, std::memory_order_relaxed);","unscoped lexical candidate: L30907:g_test_moe_down_sum_direct_final_rejected.load(std::memory_order_relaxed),",model/layer semantic state (review required),"lifecycle not inferred; unscoped lexical reset candidate: L30900:g_test_moe_down_sum_direct_final_rejected.store(0, std::memory_order_relaxed);"
ggml/src/ggml-sycl/ggml-sycl.cpp,30820,g_test_moe_down_sum_direct_final_submit_saved,std::atomic<uint64_t>,namespace:ggml_sycl,mutable,intrinsic:atomic,"unscoped lexical candidate: L30901:g_test_moe_down_sum_direct_final_submit_saved.store(0, std::memory_order_relaxed); | L30912:g_test_moe_down_sum_direct_final_submit_saved.fetch_add(1, std::memory_order_relaxed);",unscoped lexical candidate: L30908:g_test_moe_down_sum_direct_final_submit_saved.load(std::memory_order_relaxed) };,model/layer semantic state (review required),"lifecycle not inferred; unscoped lexical reset candidate: L30901:g_test_moe_down_sum_direct_final_submit_saved.store(0, std::memory_order_relaxed);"
ggml/src/ggml-sycl/ggml-sycl.cpp,31144,g_test_moe_glu_q8_candidates,std::atomic<uint64_t>,namespace:ggml_sycl,mutable,intrinsic:atomic,"unscoped lexical candidate: L31160:g_test_moe_glu_q8_candidates.fetch_add(1, std::memory_order_relaxed); | L31190:g_test_moe_glu_q8_candidates.store(0, std::memory_order_relaxed);","unscoped lexical candidate: L31199:return { g_test_moe_glu_q8_candidates.load(std::memory_order_relaxed),",model/layer semantic state (review required),"lifecycle not inferred; unscoped lexical reset candidate: L31190:g_test_moe_glu_q8_candidates.store(0, std::memory_order_relaxed);"
ggml/src/ggml-sycl/ggml-sycl.cpp,31145,g_test_moe_glu_q8_fused_store,std::atomic<uint64_t>,namespace:ggml_sycl,mutable,intrinsic:atomic,"unscoped lexical candidate: L31173:g_test_moe_glu_q8_fused_store.fetch_add(1, std::memory_order_relaxed); | L31191:g_test_moe_glu_q8_fused_store.store(0, std::memory_order_relaxed);","unscoped lexical candidate: L31200:g_test_moe_glu_q8_fused_store.load(std::memory_order_relaxed),",model/layer semantic state (review required),"lifecycle not inferred; unscoped lexical reset candidate: L31191:g_test_moe_glu_q8_fused_store.store(0, std::memory_order_relaxed);"
ggml/src/ggml-sycl/ggml-sycl.cpp,31146,g_test_moe_glu_q8_publish,std::atomic<uint64_t>,namespace:ggml_sycl,mutable,intrinsic:atomic,"unscoped lexical candidate: L31184:g_test_moe_glu_q8_publish.fetch_add(1, std::memory_order_relaxed); | L31192:g_test_moe_glu_q8_publish.store(0, std::memory_order_relaxed);","unscoped lexical candidate: L31201:g_test_moe_glu_q8_publish.load(std::memory_order_relaxed),",model/layer semantic state (review required),"lifecycle not inferred; unscoped lexical reset candidate: L31192:g_test_moe_glu_q8_publish.store(0, std::memory_order_relaxed);"
ggml/src/ggml-sycl/ggml-sycl.cpp,31147,g_test_moe_glu_q8_invalidated,std::atomic<uint64_t>,namespace:ggml_sycl,mutable,intrinsic:atomic,"unscoped lexical candidate: L31153:g_test_moe_glu_q8_invalidated.fetch_add(1, std::memory_order_relaxed); | L31193:g_test_moe_glu_q8_invalidated.store(0, std::memory_order_relaxed);","unscoped lexical candidate: L31202:g_test_moe_glu_q8_invalidated.load(std::memory_order_relaxed),",model/layer semantic state (review required),"lifecycle not inferred; unscoped lexical reset candidate: L31193:g_test_moe_glu_q8_invalidated.store(0, std::memory_order_relaxed);"
ggml/src/ggml-sycl/ggml-sycl.cpp,31148,g_test_moe_glu_q8_cached_allow,std::atomic<uint64_t>,namespace:ggml_sycl,mutable,intrinsic:atomic,"unscoped lexical candidate: L31174:g_test_moe_glu_q8_cached_allow.fetch_add(1, std::memory_order_relaxed); | L31185:g_test_moe_glu_q8_cached_allow.fetch_add(1, std::memory_order_relaxed); | L31194:g_test_moe_glu_q8_cached_allow.store(0, std::memory_order_relaxed);","unscoped lexical candidate: L31203:g_test_moe_glu_q8_cached_allow.load(std::memory_order_relaxed),",model/layer semantic state (review required),"lifecycle not inferred; unscoped lexical reset candidate: L31194:g_test_moe_glu_q8_cached_allow.store(0, std::memory_order_relaxed);"
ggml/src/ggml-sycl/ggml-sycl.cpp,31149,g_test_moe_glu_q8_cached_reject,std::atomic<uint64_t>,namespace:ggml_sycl,mutable,intrinsic:atomic,"unscoped lexical candidate: L31155:g_test_moe_glu_q8_cached_reject.fetch_add(1, std::memory_order_relaxed); | L31195:g_test_moe_glu_q8_cached_reject.store(0, std::memory_order_relaxed);",unscoped lexical candidate: L31204:g_test_moe_glu_q8_cached_reject.load(std::memory_order_relaxed) };,model/layer semantic state (review required),"lifecycle not inferred; unscoped lexical reset candidate: L31195:g_test_moe_glu_q8_cached_reject.store(0, std::memory_order_relaxed);"
ggml/src/ggml-sycl/ggml-sycl.cpp,31207,g_test_moe_glu_q8_fused_store_candidates,std::atomic<uint64_t>,namespace:ggml_sycl,mutable,intrinsic:atomic,"unscoped lexical candidate: L31259:g_test_moe_glu_q8_fused_store_candidates.fetch_add(1, std::memory_order_relaxed); | L31285:g_test_moe_glu_q8_fused_store_candidates.store(0, std::memory_order_relaxed);","unscoped lexical candidate: L31291:return { g_test_moe_glu_q8_fused_store_candidates.load(std::memory_order_relaxed),",model/layer semantic state (review required),"lifecycle not inferred; unscoped lexical reset candidate: L31285:g_test_moe_glu_q8_fused_store_candidates.store(0, std::memory_order_relaxed);"
ggml/src/ggml-sycl/ggml-sycl.cpp,31208,g_test_moe_glu_q8_fused_store_accepted,std::atomic<uint64_t>,namespace:ggml_sycl,mutable,intrinsic:atomic,"unscoped lexical candidate: L31280:g_test_moe_glu_q8_fused_store_accepted.fetch_add(1, std::memory_order_relaxed); | L31286:g_test_moe_glu_q8_fused_store_accepted.store(0, std::memory_order_relaxed);","unscoped lexical candidate: L31292:g_test_moe_glu_q8_fused_store_accepted.load(std::memory_order_relaxed),",model/layer semantic state (review required),"lifecycle not inferred; unscoped lexical reset candidate: L31286:g_test_moe_glu_q8_fused_store_accepted.store(0, std::memory_order_relaxed);"
ggml/src/ggml-sycl/ggml-sycl.cpp,31209,g_test_moe_glu_q8_fused_store_rejected,std::atomic<uint64_t>,namespace:ggml_sycl,mutable,intrinsic:atomic,"unscoped lexical candidate: L31212:g_test_moe_glu_q8_fused_store_rejected.fetch_add(1, std::memory_order_relaxed); | L31287:g_test_moe_glu_q8_fused_store_rejected.store(0, std::memory_order_relaxed);",unscoped lexical candidate: L31293:g_test_moe_glu_q8_fused_store_rejected.load(std::memory_order_relaxed) };,model/layer semantic state (review required),"lifecycle not inferred; unscoped lexical reset candidate: L31287:g_test_moe_glu_q8_fused_store_rejected.store(0, std::memory_order_relaxed);"
ggml/src/ggml-sycl/ggml-sycl.cpp,31296,g_test_moe_gateup_prepack_candidates,std::atomic<uint64_t>,namespace:ggml_sycl,mutable,intrinsic:atomic,"unscoped lexical candidate: L31314:g_test_moe_gateup_prepack_candidates.fetch_add(1, std::memory_order_relaxed); | L31341:g_test_moe_gateup_prepack_candidates.store(0, std::memory_order_relaxed);","unscoped lexical candidate: L31347:return { g_test_moe_gateup_prepack_candidates.load(std::memory_order_relaxed),",model/layer semantic state (review required),"lifecycle not inferred; unscoped lexical reset candidate: L31341:g_test_moe_gateup_prepack_candidates.store(0, std::memory_order_relaxed);"
ggml/src/ggml-sycl/ggml-sycl.cpp,31297,g_test_moe_gateup_prepack_accepted,std::atomic<uint64_t>,namespace:ggml_sycl,mutable,intrinsic:atomic,"unscoped lexical candidate: L31336:g_test_moe_gateup_prepack_accepted.fetch_add(1, std::memory_order_relaxed); | L31342:g_test_moe_gateup_prepack_accepted.store(0, std::memory_order_relaxed);","unscoped lexical candidate: L31348:g_test_moe_gateup_prepack_accepted.load(std::memory_order_relaxed),",model/layer semantic state (review required),"lifecycle not inferred; unscoped lexical reset candidate: L31342:g_test_moe_gateup_prepack_accepted.store(0, std::memory_order_relaxed);"
ggml/src/ggml-sycl/ggml-sycl.cpp,31298,g_test_moe_gateup_prepack_rejected,std::atomic<uint64_t>,namespace:ggml_sycl,mutable,intrinsic:atomic,"unscoped lexical candidate: L31309:g_test_moe_gateup_prepack_rejected.fetch_add(1, std::memory_order_relaxed); | L31343:g_test_moe_gateup_prepack_rejected.store(0, std::memory_order_relaxed);",unscoped lexical candidate: L31349:g_test_moe_gateup_prepack_rejected.load(std::memory_order_relaxed) };,model/layer semantic state (review required),"lifecycle not inferred; unscoped lexical reset candidate: L31343:g_test_moe_gateup_prepack_rejected.store(0, std::memory_order_relaxed);"
ggml/src/ggml-sycl/ggml-sycl.cpp,31392,logged,std::atomic<bool>,function-local:moe_block_graphlet_log_bulk_xmx_phase_disabled_once,mutable,intrinsic:atomic,"unscoped lexical candidate: L3817:if (!logged.insert(k).second) { | L4437:if (logged.fetch_add(1, std::memory_order_relaxed) < 1) { | L5826:should_log = logged.insert(key).second;","unscoped lexical candidate: L3813:static std::unordered_set<key_t, key_hash> logged; | L4436:static std::atomic<int> logged{ 0 }; | L5818:static std::unordered_set<std::string> logged;",process or function lifetime (review required),lifecycle not inferred; no binding-resolved reset analysis
ggml/src/ggml-sycl/ggml-sycl.cpp,31624,logged,std::atomic<int>,function-local:moe_sequence_graphlets_recording_enabled,mutable,intrinsic:atomic,"unscoped lexical candidate: L3817:if (!logged.insert(k).second) { | L4437:if (logged.fetch_add(1, std::memory_order_relaxed) < 1) { | L5826:should_log = logged.insert(key).second;","unscoped lexical candidate: L3813:static std::unordered_set<key_t, key_hash> logged; | L4436:static std::atomic<int> logged{ 0 }; | L5818:static std::unordered_set<std::string> logged;",process or function lifetime (review required),lifecycle not inferred; no binding-resolved reset analysis
ggml/src/ggml-sycl/ggml-sycl.cpp,31662,enabled,const bool,function-local:moe_layer_descriptor_executor_enabled,immutable binding,none evident,unscoped lexical candidate: L217:static const bool enabled = []() { | L466:static const bool enabled = [] { | L475:static const bool enabled = [] {,"unscoped lexical candidate: L221:return enabled; | L403:static std::atomic<int> g_ggml_sycl_unified_dispatch{ -1 }; // -1 = not initialized, 0 = disabled, 1 = enabled | L470:return enabled;",process or function lifetime (review required),not applicable: immutable binding
ggml/src/ggml-sycl/ggml-sycl.cpp,31839,residency_reject_log,std::atomic<int>,function-local:persistent_tg_validate_residency_descriptor,mutable,intrinsic:atomic,"unscoped lexical candidate: L31840:if (residency_reject_log.fetch_add(1, std::memory_order_relaxed) < 64) {",none found by unscoped lexical scan,process or function lifetime (review required),lifecycle not inferred; no binding-resolved reset analysis
ggml/src/ggml-sycl/ggml-sycl.cpp,32056,log_count,std::atomic<int>,function-local:persistent_tg_capture_moe_descriptors,mutable,intrinsic:atomic,"unscoped lexical candidate: L1095:if (log_count.fetch_add(1, std::memory_order_relaxed) >= 4096) { | L23933:if (log_count.fetch_add(1, std::memory_order_relaxed) < 2) { | L32057:const int slot = log_count.fetch_add(1, std::memory_order_relaxed);",unscoped lexical candidate: L1094:static std::atomic<int> log_count{ 0 }; | L23932:static std::atomic<int> log_count{ 0 };,process or function lifetime (review required),lifecycle not inferred; no binding-resolved reset analysis
ggml/src/ggml-sycl/ggml-sycl.cpp,32634,GGML_SYCL_MXFP4_DPAS_REPEAT,constexpr int,file,immutable binding,none evident,none found by unscoped lexical scan,"unscoped lexical candidate: L32641:return ggml_sycl_align_up(static_cast<size_t>(nrows), GGML_SYCL_MXFP4_DPAS_REPEAT); | L55463:const size_t tile_m = static_cast<size_t>(row) / GGML_SYCL_MXFP4_DPAS_REPEAT; | L55464:const size_t row_m = static_cast<size_t>(row) % GGML_SYCL_MXFP4_DPAS_REPEAT;",process or function lifetime (review required),not applicable: immutable binding
ggml/src/ggml-sycl/ggml-sycl.cpp,32635,GGML_SYCL_MXFP4_DPAS_K,constexpr int,file,immutable binding,none evident,none found by unscoped lexical scan,unscoped lexical candidate: L32645:if (ncols <= 0 || nrows <= 0 || (ncols % GGML_SYCL_MXFP4_DPAS_K) != 0) { | L32649:const size_t k_tiles = static_cast<size_t>(ncols / GGML_SYCL_MXFP4_DPAS_K); | L32650:return rows_padded * k_tiles * GGML_SYCL_MXFP4_DPAS_K;,process or function lifetime (review required),not applicable: immutable binding
ggml/src/ggml-sycl/ggml-sycl.cpp,33004,remaining,std::atomic<int>,function-local:ggml_sycl_xmx_tiled_validate_fill_take,mutable,intrinsic:atomic,"unscoped lexical candidate: L5301:""(budget remaining=%.1f MB)\n"", | L57676:const size_t remaining = budget - dense_used; | L66961:const int remaining = compare_remaining.fetch_sub(1);","unscoped lexical candidate: L4809:// Final flush: wait for all remaining in-flight fills | L4889:// Budget is SOA-aware: each device tracks remaining bytes, not just slot | L8414:// secondary GPU with the most remaining slots.",process or function lifetime (review required),lifecycle not inferred; no binding-resolved reset analysis
ggml/src/ggml-sycl/ggml-sycl.cpp,33226,fill_validate_log,std::atomic<int>,function-local:ggml_sycl_fill_xmx_tiled,mutable,intrinsic:atomic,"unscoped lexical candidate: L33227:const int n = fill_validate_log.fetch_add(1, std::memory_order_relaxed);",none found by unscoped lexical scan,process or function lifetime (review required),lifecycle not inferred; no binding-resolved reset analysis
ggml/src/ggml-sycl/ggml-sycl.cpp,33535,remaining,std::atomic<int>,function-local:ggml_sycl_xmx_tiled_materialize_original_validate_take,mutable,intrinsic:atomic,"unscoped lexical candidate: L5301:""(budget remaining=%.1f MB)\n"", | L57676:const size_t remaining = budget - dense_used; | L66961:const int remaining = compare_remaining.fetch_sub(1);","unscoped lexical candidate: L4809:// Final flush: wait for all remaining in-flight fills | L4889:// Budget is SOA-aware: each device tracks remaining bytes, not just slot | L8414:// secondary GPU with the most remaining slots.",process or function lifetime (review required),lifecycle not inferred; no binding-resolved reset analysis
ggml/src/ggml-sycl/ggml-sycl.cpp,34401,s1_use_device_queue,const bool,function-local:ggml_sycl_preload_model_weights,immutable binding,none evident,none found by unscoped lexical scan,"unscoped lexical candidate: L34405:sycl::queue * s1_preload_q = s1_use_device_queue ? &cache->get_queue() : &cache->get_bcs_queue(); | L34409:s1_use_device_queue ? ""device"" : ""BCS"");",device/process slot,not applicable: immutable binding
ggml/src/ggml-sycl/ggml-sycl.cpp,34406,logged_s1_queue,bool,function-local:ggml_sycl_preload_model_weights,mutable,none evident,unscoped lexical candidate: L34410:logged_s1_queue = true;,unscoped lexical candidate: L34407:if (!logged_s1_queue) {,device/process slot,lifecycle not inferred; no binding-resolved reset analysis
ggml/src/ggml-sycl/ggml-sycl.cpp,34430,s1_event_trace,const bool,function-local:ggml_sycl_preload_model_weights,immutable binding,none evident,none found by unscoped lexical scan,unscoped lexical candidate: L34435:if (s1_event_trace) { | L34443:if (s1_event_trace) { | L34460:if (s1_event_trace || wait_ms > 10000.0) {,process or function lifetime (review required),not applicable: immutable binding
ggml/src/ggml-sycl/ggml-sycl.cpp,34564,preload_down_i8,const bool,function-local:ggml_sycl_preload_model_weights,immutable binding,none evident,none found by unscoped lexical scan,unscoped lexical candidate: L34568:if (!have_plan && preload_down_i8 && tensor->type == GGML_TYPE_MXFP4 &&,process or function lifetime (review required),not applicable: immutable binding
ggml/src/ggml-sycl/ggml-sycl.cpp,34848,bulk_stage_enabled,const bool,function-local:<lambda>,immutable binding,none evident,none found by unscoped lexical scan,unscoped lexical candidate: L34852:if (!bulk_stage_enabled) {,process or function lifetime (review required),not applicable: immutable binding
ggml/src/ggml-sycl/ggml-sycl.cpp,35452,dkw0_mint_check_env,const char *,function-local:ggml_sycl_preload_model_weights,mutable,none evident,none found by unscoped lexical scan,unscoped lexical candidate: L35453:if (dkw0_mint_check_env && std::atoi(dkw0_mint_check_env) != 0) {,process or function lifetime (review required),lifecycle not inferred; no binding-resolved reset analysis
ggml/src/ggml-sycl/ggml-sycl.cpp,35454,dkw0_mint_check_count,std::atomic<int>,function-local:ggml_sycl_preload_model_weights,mutable,intrinsic:atomic,"unscoped lexical candidate: L35455:if (dkw0_mint_check_count.fetch_add(1, std::memory_order_relaxed) < 16) {",none found by unscoped lexical scan,process or function lifetime (review required),lifecycle not inferred; no binding-resolved reset analysis
ggml/src/ggml-sycl/ggml-sycl.cpp,35594,dense_aos_fallback_logs,std::atomic<int>,function-local:ggml_sycl_preload_model_weights,mutable,intrinsic:atomic,"unscoped lexical candidate: L35595:if (dense_aos_fallback_logs.fetch_add(1, std::memory_order_relaxed) < 16) {",none found by unscoped lexical scan,process or function lifetime (review required),lifecycle not inferred; no binding-resolved reset analysis
ggml/src/ggml-sycl/ggml-sycl.cpp,35660,preload_full_dpas_down,const bool,function-local:ggml_sycl_preload_model_weights,immutable binding,none evident,none found by unscoped lexical scan,unscoped lexical candidate: L35664:if (preload_full_dpas_down) {,process or function lifetime (review required),not applicable: immutable binding
ggml/src/ggml-sycl/ggml-sycl.cpp,36024,dkw0_bind_check_env,const char *,function-local:ggml_sycl_preload_model_weights,mutable,none evident,none found by unscoped lexical scan,unscoped lexical candidate: L36025:if (dkw0_bind_check_env && std::atoi(dkw0_bind_check_env) != 0) {,process or function lifetime (review required),lifecycle not inferred; no binding-resolved reset analysis
ggml/src/ggml-sycl/ggml-sycl.cpp,36026,dkw0_bind_check_count,std::atomic<int>,function-local:ggml_sycl_preload_model_weights,mutable,intrinsic:atomic,"unscoped lexical candidate: L36027:if (dkw0_bind_check_count.fetch_add(1, std::memory_order_relaxed) < 16) {",none found by unscoped lexical scan,process or function lifetime (review required),lifecycle not inferred; no binding-resolved reset analysis
ggml/src/ggml-sycl/ggml-sycl.cpp,36615,dkw0_weight_check_env,const char *,function-local:ggml_backend_sycl_buffer_set_tensor,mutable,none evident,"unscoped lexical candidate: L65035:static const char * dkw0_weight_check_env = std::getenv(""GGML_SYCL_DKW0_WEIGHT_CHECK"");",unscoped lexical candidate: L36616:if (dkw0_weight_check_env && std::atoi(dkw0_weight_check_env) != 0) { | L65036:if (dkw0_weight_check_env && std::atoi(dkw0_weight_check_env) != 0) {,model/layer semantic state (review required),lifecycle not inferred; no binding-resolved reset analysis
ggml/src/ggml-sycl/ggml-sycl.cpp,36656,get_set_tensor_sync_mode,auto,function-local:ggml_backend_sycl_buffer_set_tensor,mutable,none evident,none found by unscoped lexical scan,unscoped lexical candidate: L36680:switch (get_set_tensor_sync_mode()) {,tensor/allocation identity or registry,lifecycle not inferred; no binding-resolved reset analysis
ggml/src/ggml-sycl/ggml-sycl.cpp,36657,cached,std::atomic<int>,function-local:<lambda>,mutable,intrinsic:atomic,"unscoped lexical candidate: L1151:cached.store(value, std::memory_order_release); | L2950:const auto cached = cache->get_placement_plan_snapshot(); | L3780:cached.store(v, std::memory_order_release);","unscoped lexical candidate: L1146:static std::atomic<int> cached{ -1 }; | L1147:int value = cached.load(std::memory_order_acquire); | L1251:// passes skip the dequantization kernel entirely, reading cached FP16 directly.",process or function lifetime (review required),lifecycle not inferred; no binding-resolved reset analysis
ggml/src/ggml-sycl/ggml-sycl.cpp,37169,g_sycl_force_kernel_readback,std::atomic<int> [GGML_SYCL_MAX_DEVICES],file,mutable,intrinsic:atomic,none found by unscoped lexical scan,"unscoped lexical candidate: L37178:g_sycl_force_kernel_readback[device].load(std::memory_order_acquire) != 0; | L37249:if (g_sycl_force_kernel_readback[device].compare_exchange_strong(expected, 1, std::memory_order_acq_rel,",device/process slot,lifecycle not inferred; no binding-resolved reset analysis
ggml/src/ggml-sycl/ggml-sycl.cpp,37170,g_sycl_lowmem_kernel_readback_notified,std::atomic<int> [GGML_SYCL_MAX_DEVICES],file,mutable,intrinsic:atomic,none found by unscoped lexical scan,"unscoped lexical candidate: L37226:if (g_sycl_lowmem_kernel_readback_notified[device].compare_exchange_strong(expected, 1, std::memory_order_acq_rel,",device/process slot,lifecycle not inferred; no binding-resolved reset analysis
ggml/src/ggml-sycl/ggml-sycl.cpp,37186,s_min_size_mb,std::atomic<int>,function-local:ggml_sycl_should_prefer_kernel_readback,mutable,intrinsic:atomic,"unscoped lexical candidate: L37193:s_min_size_mb.store(parsed, std::memory_order_release);",unscoped lexical candidate: L37187:int min_size_mb = s_min_size_mb.load(std::memory_order_acquire);,process or function lifetime (review required),lifecycle not inferred; no binding-resolved reset analysis
ggml/src/ggml-sycl/ggml-sycl.cpp,37203,s_lowmem_threshold_mb,std::atomic<int>,function-local:ggml_sycl_should_prefer_kernel_readback,mutable,intrinsic:atomic,"unscoped lexical candidate: L37210:s_lowmem_threshold_mb.store(parsed, std::memory_order_release);",unscoped lexical candidate: L37204:int threshold_mb = s_lowmem_threshold_mb.load(std::memory_order_acquire);,process or function lifetime (review required),lifecycle not inferred; no binding-resolved reset analysis
ggml/src/ggml-sycl/ggml-sycl.cpp,37276,s_get_tensor_trace,int,function-local:ggml_backend_sycl_buffer_get_tensor,mutable,none evident,unscoped lexical candidate: L37279:s_get_tensor_trace = (env && std::atoi(env) != 0) ? 1 : 0;,unscoped lexical candidate: L37277:if (s_get_tensor_trace < 0) { | L37294:if (s_get_tensor_trace) {,tensor/allocation identity or registry,lifecycle not inferred; no binding-resolved reset analysis
ggml/src/ggml-sycl/ggml-sycl.cpp,37323,s_force_shared_fallback,int,function-local:ggml_backend_sycl_buffer_get_tensor,mutable,none evident,unscoped lexical candidate: L37326:s_force_shared_fallback = (env && std::atoi(env) != 0) ? 1 : 0;,unscoped lexical candidate: L37324:if (s_force_shared_fallback < 0) { | L37328:const bool force_shared_readback = (s_force_shared_fallback != 0) ||,process or function lifetime (review required),lifecycle not inferred; no binding-resolved reset analysis
ggml/src/ggml-sycl/ggml-sycl.cpp,37434,s_shared_fallback_trace,int,function-local:ggml_sycl_readback_via_shared_kernel,mutable,none evident,unscoped lexical candidate: L37437:s_shared_fallback_trace = (env && std::atoi(env) != 0) ? 1 : 0;,unscoped lexical candidate: L37435:if (s_shared_fallback_trace < 0) { | L37446:if (s_shared_fallback_trace) { | L37454:if (s_shared_fallback_trace) {,process or function lifetime (review required),lifecycle not inferred; no binding-resolved reset analysis
ggml/src/ggml-sycl/ggml-sycl.cpp,37734,s_clear_trace,int,function-local:ggml_backend_sycl_buffer_clear,mutable,none evident,unscoped lexical candidate: L37737:s_clear_trace = (env && std::atoi(env) != 0) ? 1 : 0;,unscoped lexical candidate: L37735:if (s_clear_trace < 0) { | L37739:if (s_clear_trace) {,process or function lifetime (review required),lifecycle not inferred; no binding-resolved reset analysis
ggml/src/ggml-sycl/ggml-sycl.cpp,37766,s_clear_chunk_mb,std::atomic<int>,function-local:ggml_backend_sycl_buffer_clear,mutable,intrinsic:atomic,"unscoped lexical candidate: L37773:s_clear_chunk_mb.store(parsed, std::memory_order_release);",unscoped lexical candidate: L37767:int clear_chunk_mb = s_clear_chunk_mb.load(std::memory_order_acquire);,process or function lifetime (review required),lifecycle not inferred; no binding-resolved reset analysis
ggml/src/ggml-sycl/ggml-sycl.cpp,37859,g_sycl_debug_last_compute_buffer_extra_count,std::atomic<size_t>,file,mutable,intrinsic:atomic,"unscoped lexical candidate: L37983:g_sycl_debug_last_compute_buffer_extra_count.store(v.size(), std::memory_order_relaxed);",unscoped lexical candidate: L38057:// Test-only accessor for g_sycl_debug_last_compute_buffer_extra_count (see its | L38063:return g_sycl_debug_last_compute_buffer_extra_count.load(std::memory_order_relaxed); | L39157:// g_sycl_debug_last_compute_buffer_extra_count above -- ggml_backend_sched,process or function lifetime (review required),lifecycle not inferred; no binding-resolved reset analysis
ggml/src/ggml-sycl/ggml-sycl.cpp,37885,g_sycl_kv_view_epoch,std::atomic<uint64_t>,file,mutable,intrinsic:atomic,"unscoped lexical candidate: L37957:g_sycl_kv_view_epoch.fetch_add(1, std::memory_order_relaxed);","unscoped lexical candidate: L37955:// per-rebuild clock -- see g_sycl_kv_view_epoch's own comment above for | L38928:// `epoch` is stamped from g_sycl_kv_view_epoch (declared near | L39036:// (g_sycl_kv_view_epoch, declared near ggml_backend_sycl_buffer_reset):",model/layer semantic state (review required),lifecycle not inferred; no binding-resolved reset analysis
ggml/src/ggml-sycl/ggml-sycl.cpp,37997,leak_probe,const bool,function-local:ggml_backend_sycl_buffer_reset,immutable binding,none evident,none found by unscoped lexical scan,unscoped lexical candidate: L38001:if (leak_probe) {,process or function lifetime (review required),not applicable: immutable binding
ggml/src/ggml-sycl/ggml-sycl.cpp,38024,preserved_total,std::atomic<size_t>,function-local:ggml_backend_sycl_buffer_reset,mutable,intrinsic:atomic,"unscoped lexical candidate: L38026:const size_t total = preserved_total.fetch_add(n, std::memory_order_relaxed) + n;",unscoped lexical candidate: L38003:// preserved_total is a running SUM OF THE PER-CALL VECTOR SIZES,process or function lifetime (review required),lifecycle not inferred; no binding-resolved reset analysis
ggml/src/ggml-sycl/ggml-sycl.cpp,38076,ggml_backend_sycl_buffer_interface,const ggml_backend_buffer_i,file,immutable binding,none evident,none found by unscoped lexical scan,"unscoped lexical candidate: L38185:return ggml_backend_buffer_init(buft, ggml_backend_sycl_buffer_interface, ctx, size);",process or function lifetime (review required),not applicable: immutable binding
ggml/src/ggml-sycl/ggml-sycl.cpp,38129,GGML_SYCL_BUFFER_BASE_ALIGNMENT,constexpr size_t,file,immutable binding,none evident,none found by unscoped lexical scan,"unscoped lexical candidate: L38152:if (ctx->dev_ptr != nullptr && (reinterpret_cast<uintptr_t>(ctx->dev_ptr) % GGML_SYCL_BUFFER_BASE_ALIGNMENT) != 0) { | L38156:origin, ctx->dev_ptr, GGML_SYCL_BUFFER_BASE_ALIGNMENT, | L38157:GGML_SYCL_BUFFER_BASE_ALIGNMENT -",process or function lifetime (review required),not applicable: immutable binding
ggml/src/ggml-sycl/ggml-sycl.cpp,38792,ggml_backend_sycl_buffer_type_interface,const ggml_backend_buffer_type_i,file,immutable binding,none evident,none found by unscoped lexical scan,"unscoped lexical candidate: L38824:/* .iface = */ ggml_backend_sycl_buffer_type_interface, | L38854:/* .iface = */ ggml_backend_sycl_buffer_type_interface,",process or function lifetime (review required),not applicable: immutable binding
ggml/src/ggml-sycl/ggml-sycl.cpp,38804,mutex,std::mutex,function-local:ggml_backend_sycl_buffer_type,mutable,intrinsic:lock primitive,unscoped lexical candidate: L7554:static auto * mutex = new std::mutex();,unscoped lexical candidate: L39:#include <mutex> | L1126:static std::mutex g_sycl_graph_compute_mutex; | L1142:static std::mutex g_sycl_load_summary_mutex;,process or function lifetime (review required),lifecycle not inferred; no binding-resolved reset analysis
ggml/src/ggml-sycl/ggml-sycl.cpp,38816,ggml_backend_sycl_buffer_types,struct ggml_backend_buffer_type [GGML_SYCL_MAX_DEVICES],function-local:ggml_backend_sycl_buffer_type,mutable,none evident,unscoped lexical candidate: L38823:ggml_backend_sycl_buffer_types[i] = { | L38853:ggml_backend_sycl_buffer_types[i] = {,unscoped lexical candidate: L38836:return &ggml_backend_sycl_buffer_types[device]; | L38849:static struct ggml_backend_buffer_type ggml_backend_sycl_buffer_types[GGML_SYCL_MAX_DEVICES]; | L38864:return &ggml_backend_sycl_buffer_types[device];,device/process slot,lifecycle not inferred; no binding-resolved reset analysis
ggml/src/ggml-sycl/ggml-sycl.cpp,38818,ggml_backend_sycl_buffer_type_initialized,bool,function-local:ggml_backend_sycl_buffer_type,mutable,none evident,unscoped lexical candidate: L38834:ggml_backend_sycl_buffer_type_initialized = true; | L38850:static bool ggml_backend_sycl_buffer_type_initialized = false; | L38862:ggml_backend_sycl_buffer_type_initialized = true;,unscoped lexical candidate: L38819:if (!ggml_backend_sycl_buffer_type_initialized) { | L38851:if (!ggml_backend_sycl_buffer_type_initialized) {,process or function lifetime (review required),lifecycle not inferred; no binding-resolved reset analysis
ggml/src/ggml-sycl/ggml-sycl.cpp,38849,ggml_backend_sycl_buffer_types,struct ggml_backend_buffer_type [GGML_SYCL_MAX_DEVICES],function-local:ggml_backend_sycl_buffer_type,mutable,none evident,unscoped lexical candidate: L38823:ggml_backend_sycl_buffer_types[i] = { | L38853:ggml_backend_sycl_buffer_types[i] = {,unscoped lexical candidate: L38816:static struct ggml_backend_buffer_type ggml_backend_sycl_buffer_types[GGML_SYCL_MAX_DEVICES]; | L38836:return &ggml_backend_sycl_buffer_types[device]; | L38864:return &ggml_backend_sycl_buffer_types[device];,device/process slot,lifecycle not inferred; no binding-resolved reset analysis
ggml/src/ggml-sycl/ggml-sycl.cpp,38850,ggml_backend_sycl_buffer_type_initialized,bool,function-local:ggml_backend_sycl_buffer_type,mutable,none evident,unscoped lexical candidate: L38818:static bool ggml_backend_sycl_buffer_type_initialized = false; | L38834:ggml_backend_sycl_buffer_type_initialized = true; | L38862:ggml_backend_sycl_buffer_type_initialized = true;,unscoped lexical candidate: L38819:if (!ggml_backend_sycl_buffer_type_initialized) { | L38851:if (!ggml_backend_sycl_buffer_type_initialized) {,process or function lifetime (review required),lifecycle not inferred; no binding-resolved reset analysis
ggml/src/ggml-sycl/ggml-sycl.cpp,39162,g_sycl_debug_last_kv_view_extra_count,std::atomic<size_t>,file,mutable,intrinsic:atomic,"unscoped lexical candidate: L39196:g_sycl_debug_last_kv_view_extra_count.store(ctx->view_extras.size(), std::memory_order_relaxed); | L39265:g_sycl_debug_last_kv_view_extra_count.store(ctx->view_extras.size(), std::memory_order_relaxed);",unscoped lexical candidate: L39386:// Test-only accessor for g_sycl_debug_last_kv_view_extra_count (see its | L39392:return g_sycl_debug_last_kv_view_extra_count.load(std::memory_order_relaxed);,model/layer semantic state (review required),lifecycle not inferred; no binding-resolved reset analysis
ggml/src/ggml-sycl/ggml-sycl.cpp,39641,tiered_kv_buffer_interface,const ggml_backend_buffer_i,file,immutable binding,none evident,none found by unscoped lexical scan,"unscoped lexical candidate: L40086:return ggml_backend_buffer_init(buft, tiered_kv_buffer_interface, ctx, size); | L40420:auto * buffer = ggml_backend_buffer_init(buft, tiered_kv_buffer_interface, ctx, size);",model/layer semantic state (review required),not applicable: immutable binding
ggml/src/ggml-sycl/ggml-sycl.cpp,39675,empty_kv_geometry,const ggml_sycl::placement_kv_info,function-local:tiered_kv_buft_alloc_buffer,immutable binding,none evident,none found by unscoped lexical scan,unscoped lexical candidate: L39676:const auto & kv_geometry = lifecycle_owner ? lifecycle_owner->kv_info : empty_kv_geometry;,model/layer semantic state (review required),not applicable: immutable binding
ggml/src/ggml-sycl/ggml-sycl.cpp,39684,cached_kv_host,std::atomic<int>,function-local:tiered_kv_buft_alloc_buffer,mutable,intrinsic:atomic,"unscoped lexical candidate: L39689:cached_kv_host.store(kv_host_val, std::memory_order_release);",unscoped lexical candidate: L39685:int kv_host_val = cached_kv_host.load(std::memory_order_acquire);,model/layer semantic state (review required),lifecycle not inferred; no binding-resolved reset analysis
ggml/src/ggml-sycl/ggml-sycl.cpp,39795,block_exec_candidate_kv_enabled,const bool,function-local:tiered_kv_buft_alloc_buffer,immutable binding,none evident,none found by unscoped lexical scan,unscoped lexical candidate: L39799:if (block_exec_candidate_kv_enabled && !runtime_kv_plan.candidate_layer_blocks.empty()) {,model/layer semantic state (review required),not applicable: immutable binding
ggml/src/ggml-sycl/ggml-sycl.cpp,40435,tiered_kv_buft_interface,const ggml_backend_buffer_type_i,file,immutable binding,none evident,none found by unscoped lexical scan,"unscoped lexical candidate: L40455:/* .iface = */ tiered_kv_buft_interface,",model/layer semantic state (review required),not applicable: immutable binding
ggml/src/ggml-sycl/ggml-sycl.cpp,40446,tiered_kv_buft,struct ggml_backend_buffer_type [GGML_SYCL_MAX_DEVICES],function-local:ggml_backend_sycl_tiered_kv_buffer_type,mutable,none evident,unscoped lexical candidate: L40454:tiered_kv_buft[i] = {,unscoped lexical candidate: L40462:return &tiered_kv_buft[device];,device/process slot,lifecycle not inferred; no binding-resolved reset analysis
ggml/src/ggml-sycl/ggml-sycl.cpp,40447,initialized,bool,function-local:ggml_backend_sycl_tiered_kv_buffer_type,mutable,none evident,unscoped lexical candidate: L26039:static bool initialized = false; | L26278:initialized = true; | L26284:initialized = true;,"unscoped lexical candidate: L403:static std::atomic<int> g_ggml_sycl_unified_dispatch{ -1 }; // -1 = not initialized, 0 = disabled, 1 = enabled | L1132:static std::atomic<int> g_ggml_sycl_force_vram{ -1 }; // -1 = not initialized, 0 = disabled, 1 = enabled | L8154:GGML_SYCL_DEBUG(""[MOE-HYBRID] Popularity tracking initialized: %d layers, %d experts/layer\n"", n_moe_layers,",process or function lifetime (review required),lifecycle not inferred; unscoped lexical reset candidate: L49372:w.initialized.store(false);
ggml/src/ggml-sycl/ggml-sycl.cpp,40448,init_mutex,std::mutex,function-local:ggml_backend_sycl_tiered_kv_buffer_type,mutable,intrinsic:lock primitive,none found by unscoped lexical scan,unscoped lexical candidate: L5902:static std::mutex init_mutex; | L5903:std::lock_guard<std::mutex> lock(init_mutex); | L40449:std::lock_guard<std::mutex> lock(init_mutex);,process or function lifetime (review required),lifecycle not inferred; no binding-resolved reset analysis
ggml/src/ggml-sycl/ggml-sycl.cpp,40841,ggml_backend_sycl_split_buffer_interface,struct ggml_backend_buffer_i,file,mutable,none evident,none found by unscoped lexical scan,"unscoped lexical candidate: L40923:return ggml_backend_buffer_init(buft, ggml_backend_sycl_split_buffer_interface, ctx, size);",process or function lifetime (review required),lifecycle not inferred; no binding-resolved reset analysis
ggml/src/ggml-sycl/ggml-sycl.cpp,40964,ggml_backend_sycl_split_buffer_type_interface,ggml_backend_buffer_type_i,file,mutable,none evident,none found by unscoped lexical scan,"unscoped lexical candidate: L41010:/* .iface = */ ggml_backend_sycl_split_buffer_type_interface,",process or function lifetime (review required),lifecycle not inferred; no binding-resolved reset analysis
ggml/src/ggml-sycl/ggml-sycl.cpp,40980,mutex,std::mutex,function-local:ggml_backend_sycl_split_buffer_type,mutable,intrinsic:lock primitive,unscoped lexical candidate: L7554:static auto * mutex = new std::mutex();,unscoped lexical candidate: L39:#include <mutex> | L1126:static std::mutex g_sycl_graph_compute_mutex; | L1142:static std::mutex g_sycl_load_summary_mutex;,process or function lifetime (review required),lifecycle not inferred; no binding-resolved reset analysis
ggml/src/ggml-sycl/ggml-sycl.cpp,40986,buft_map,"std::map<std::array<float, GGML_SYCL_MAX_DEVICES>, struct ggml_backend_buffer_type>",function-local:ggml_backend_sycl_split_buffer_type,mutable,none evident,"unscoped lexical candidate: L41015:auto result = buft_map.emplace(tensor_split_arr, buft); | L41774:auto result = buft_map.emplace(main_device, buft);","unscoped lexical candidate: L41004:auto it = buft_map.find(tensor_split_arr); | L41005:if (it != buft_map.end()) { | L41734:static std::map<int, ggml_backend_buffer_type> buft_map;",device/process slot,lifecycle not inferred; no binding-resolved reset analysis
ggml/src/ggml-sycl/ggml-sycl.cpp,41070,init_dbg,int,function-local:ggml_backend_sycl_tp_buffer_init_tensor,mutable,none evident,unscoped lexical candidate: L41073:if (g_ggml_sycl_tp_debug && (is_embd || (init_dbg++ < 5))) {,none found by unscoped lexical scan,process or function lifetime (review required),lifecycle not inferred; no binding-resolved reset analysis
ggml/src/ggml-sycl/ggml-sycl.cpp,41145,shard_dbg,int,function-local:ggml_backend_sycl_tp_buffer_init_tensor,mutable,none evident,unscoped lexical candidate: L41146:if (g_ggml_sycl_tp_debug && shard_dbg++ < 20 && tensor->name[0] &&,none found by unscoped lexical scan,process or function lifetime (review required),lifecycle not inferred; no binding-resolved reset analysis
ggml/src/ggml-sycl/ggml-sycl.cpp,41273,shard_verify_dbg,int,function-local:ggml_backend_sycl_tp_buffer_init_tensor,mutable,none evident,unscoped lexical candidate: L41274:if (g_ggml_sycl_tp_debug && shard_verify_dbg++ < 10 && tensor->name[0]) {,none found by unscoped lexical scan,process or function lifetime (review required),lifecycle not inferred; no binding-resolved reset analysis
ggml/src/ggml-sycl/ggml-sycl.cpp,41311,mp_dbg,int,function-local:ggml_backend_sycl_tp_buffer_init_tensor,mutable,none evident,unscoped lexical candidate: L41312:if (mp_dbg++ < 10) {,none found by unscoped lexical scan,process or function lifetime (review required),lifecycle not inferred; no binding-resolved reset analysis
ggml/src/ggml-sycl/ggml-sycl.cpp,41610,ggml_backend_sycl_tp_buffer_interface,struct ggml_backend_buffer_i,file,mutable,none evident,none found by unscoped lexical scan,"unscoped lexical candidate: L41668:return ggml_backend_buffer_init(buft, ggml_backend_sycl_tp_buffer_interface, ctx, size);",process or function lifetime (review required),lifecycle not inferred; no binding-resolved reset analysis
ggml/src/ggml-sycl/ggml-sycl.cpp,41719,ggml_backend_sycl_tp_buffer_type_interface,const ggml_backend_buffer_type_i,file,immutable binding,none evident,none found by unscoped lexical scan,"unscoped lexical candidate: L41769:/* .iface = */ ggml_backend_sycl_tp_buffer_type_interface,",process or function lifetime (review required),not applicable: immutable binding
ggml/src/ggml-sycl/ggml-sycl.cpp,41732,mutex,std::mutex,function-local:get_tp_buffer_type_for_device,mutable,intrinsic:lock primitive,unscoped lexical candidate: L7554:static auto * mutex = new std::mutex();,unscoped lexical candidate: L39:#include <mutex> | L1126:static std::mutex g_sycl_graph_compute_mutex; | L1142:static std::mutex g_sycl_load_summary_mutex;,process or function lifetime (review required),lifecycle not inferred; no binding-resolved reset analysis
ggml/src/ggml-sycl/ggml-sycl.cpp,41734,buft_map,"std::map<int, ggml_backend_buffer_type>",function-local:get_tp_buffer_type_for_device,mutable,none evident,"unscoped lexical candidate: L41015:auto result = buft_map.emplace(tensor_split_arr, buft); | L41774:auto result = buft_map.emplace(main_device, buft);","unscoped lexical candidate: L40986:static std::map<std::array<float, GGML_SYCL_MAX_DEVICES>, struct ggml_backend_buffer_type> buft_map; | L41004:auto it = buft_map.find(tensor_split_arr); | L41005:if (it != buft_map.end()) {",process or function lifetime (review required),lifecycle not inferred; no binding-resolved reset analysis
ggml/src/ggml-sycl/ggml-sycl.cpp,41785,tp_initialized,bool,function-local:ggml_backend_sycl_tp_buffer_type,mutable,none evident,unscoped lexical candidate: L41806:tp_initialized = true;,unscoped lexical candidate: L41787:if (!tp_initialized) { | L41789:if (!tp_initialized) {,process or function lifetime (review required),lifecycle not inferred; no binding-resolved reset analysis
ggml/src/ggml-sycl/ggml-sycl.cpp,41786,init_mutex,std::mutex,function-local:ggml_backend_sycl_tp_buffer_type,mutable,intrinsic:lock primitive,none found by unscoped lexical scan,unscoped lexical candidate: L5902:static std::mutex init_mutex; | L5903:std::lock_guard<std::mutex> lock(init_mutex); | L40448:static std::mutex init_mutex;,process or function lifetime (review required),lifecycle not inferred; no binding-resolved reset analysis
ggml/src/ggml-sycl/ggml-sycl.cpp,42906,g_batch_logits_info,"struct { float * logits_ptr; // Device pointer to [n_tokens, n_vocab] logits int n_tokens; // Number of tokens with logits int n_vocab; // Vocabulary size bool valid; }",file,mutable,thread-local,"unscoped lexical candidate: L42906:} g_batch_logits_info = { nullptr, 0, 0, false };",unscoped lexical candidate: L42910:g_batch_logits_info.logits_ptr = logits_device_ptr; | L42912:g_batch_logits_info.n_tokens = n_tokens; | L42913:g_batch_logits_info.n_vocab = n_vocab;,thread,lifecycle not inferred; no binding-resolved reset analysis
ggml/src/ggml-sycl/ggml-sycl.cpp,43181,cap,const size_t,function-local:ggml_backend_sycl_host_buffer_type_chunk_cap,immutable binding,none evident,unscoped lexical candidate: L29068:const moe_route_capability cap = ggml_sycl_moe_query_route_capability( | L39951:const size_t cap = plan_cache->host_zone_capacity(ggml_sycl::host_zone_id::KV); | L69348:// exactly like a complete population. max seq < cap => the rate is exact;,"unscoped lexical candidate: L17662:// refusal (moe-scratch-admission.hpp's ""activation-cap""/""output-cap"") and | L19316:// accessor so llama-context.cpp's auto micro-batch ladder can cap a MoE | L25713:// ggml_backend_probe_max_alloc_size() to refine the cap. The probe",process or function lifetime (review required),not applicable: immutable binding
ggml/src/ggml-sycl/ggml-sycl.cpp,43472,ggml_backend_sycl_buffer_type_host,struct ggml_backend_buffer_type,function-local:ggml_backend_sycl_host_buffer_type,mutable,none evident,none found by unscoped lexical scan,unscoped lexical candidate: L43487:return &ggml_backend_sycl_buffer_type_host;,process or function lifetime (review required),lifecycle not inferred; no binding-resolved reset analysis
ggml/src/ggml-sycl/ggml-sycl.cpp,43512,buffer_type_kv_host,ggml_backend_buffer_type,function-local:ggml_backend_sycl_kv_host_buffer_type,mutable,none evident,none found by unscoped lexical scan,unscoped lexical candidate: L43517:return &buffer_type_kv_host;,model/layer semantic state (review required),lifecycle not inferred; no binding-resolved reset analysis
ggml/src/ggml-sycl/ggml-sycl.cpp,43551,buffer_type_cpu_activation,ggml_backend_buffer_type,function-local:ggml_backend_sycl_cpu_activation_buffer_type,mutable,none evident,none found by unscoped lexical scan,unscoped lexical candidate: L43556:return &buffer_type_cpu_activation;,process or function lifetime (review required),lifecycle not inferred; no binding-resolved reset analysis
ggml/src/ggml-sycl/ggml-sycl.cpp,43573,initialized,std::once_flag,function-local:ggml_backend_sycl_host_buffer_type_for_device,mutable,intrinsic:lock primitive,unscoped lexical candidate: L26039:static bool initialized = false; | L26278:initialized = true; | L26284:initialized = true;,"unscoped lexical candidate: L403:static std::atomic<int> g_ggml_sycl_unified_dispatch{ -1 }; // -1 = not initialized, 0 = disabled, 1 = enabled | L1132:static std::atomic<int> g_ggml_sycl_force_vram{ -1 }; // -1 = not initialized, 0 = disabled, 1 = enabled | L8154:GGML_SYCL_DEBUG(""[MOE-HYBRID] Popularity tracking initialized: %d layers, %d experts/layer\n"", n_moe_layers,",process or function lifetime (review required),lifecycle not inferred; unscoped lexical reset candidate: L49372:w.initialized.store(false);
ggml/src/ggml-sycl/ggml-sycl.cpp,43574,per_device,"std::array<ggml_backend_buffer_type, GGML_SYCL_MAX_DEVICES>",function-local:ggml_backend_sycl_host_buffer_type_for_device,mutable,none evident,unscoped lexical candidate: L43579:per_device[i] = prototype;,"unscoped lexical candidate: L18595:residency.refused_device, in.available[residency.per_device.size() - 1] / mb, n_ctx, | L18608:for (size_t i = 0; i < residency.per_device.size(); ++i) { | L18609:const ggml_sycl::kv_demotion_result & fit = residency.per_device[i];",device/process slot,lifecycle not inferred; no binding-resolved reset analysis
ggml/src/ggml-sycl/ggml-sycl.cpp,43595,name,std::string,function-local:ggml_backend_sycl_host_compute_buffer_type_name,mutable,none evident,"unscoped lexical candidate: L945:fprintf(stderr, ""[GRAPH-REPLAY-PROBE] call=%d graph_replay=%d name=%s op=%s: pointer unresolved\n"", | L957:""[GRAPH-REPLAY-PROBE] call=%d graph_replay=%d name=%s op=%s type=%d: unsupported type, "" | L993:fprintf(stderr, ""[GRAPH-REPLAY-PROBE] call=%d graph_replay=%d name=%s op=%s: readback failed: %s\n"",",unscoped lexical candidate: L145:// that name nothing pointing at the missing option. CMake rejects the same | L188:static int parse_layer_id_from_name(const char * name); | L593:return (t->flags & GGML_TENSOR_FLAG_INPUT) && t->name && t->name[0] != '\0';,process or function lifetime (review required),lifecycle not inferred; unscoped lexical reset candidate: L36699:extra->optimized_feature.reset_reorder(tensor->name);
ggml/src/ggml-sycl/ggml-sycl.cpp,43688,ggml_backend_sycl_host_compute_buffer_type_interface,const ggml_backend_buffer_type_i,file,immutable binding,none evident,none found by unscoped lexical scan,"unscoped lexical candidate: L43717:/* .iface = */ ggml_backend_sycl_host_compute_buffer_type_interface,",process or function lifetime (review required),not applicable: immutable binding
ggml/src/ggml-sycl/ggml-sycl.cpp,43700,mutex,std::mutex,function-local:ggml_backend_sycl_host_compute_buffer_type,mutable,intrinsic:lock primitive,unscoped lexical candidate: L7554:static auto * mutex = new std::mutex();,unscoped lexical candidate: L39:#include <mutex> | L1126:static std::mutex g_sycl_graph_compute_mutex; | L1142:static std::mutex g_sycl_load_summary_mutex;,process or function lifetime (review required),lifecycle not inferred; no binding-resolved reset analysis
ggml/src/ggml-sycl/ggml-sycl.cpp,43708,ggml_backend_sycl_host_compute_buffer_types,struct ggml_backend_buffer_type [GGML_SYCL_MAX_DEVICES],function-local:ggml_backend_sycl_host_compute_buffer_type,mutable,none evident,unscoped lexical candidate: L43716:ggml_backend_sycl_host_compute_buffer_types[i] = {,unscoped lexical candidate: L43727:return &ggml_backend_sycl_host_compute_buffer_types[device];,device/process slot,lifecycle not inferred; no binding-resolved reset analysis
ggml/src/ggml-sycl/ggml-sycl.cpp,43709,initialized,bool,function-local:ggml_backend_sycl_host_compute_buffer_type,mutable,none evident,unscoped lexical candidate: L26039:static bool initialized = false; | L26278:initialized = true; | L26284:initialized = true;,"unscoped lexical candidate: L403:static std::atomic<int> g_ggml_sycl_unified_dispatch{ -1 }; // -1 = not initialized, 0 = disabled, 1 = enabled | L1132:static std::atomic<int> g_ggml_sycl_force_vram{ -1 }; // -1 = not initialized, 0 = disabled, 1 = enabled | L8154:GGML_SYCL_DEBUG(""[MOE-HYBRID] Popularity tracking initialized: %d layers, %d experts/layer\n"", n_moe_layers,",process or function lifetime (review required),lifecycle not inferred; unscoped lexical reset candidate: L49372:w.initialized.store(false);
ggml/src/ggml-sycl/ggml-sycl.cpp,43735,name,std::string,function-local:ggml_backend_sycl_cpu_offload_compute_buffer_type_name,mutable,none evident,"unscoped lexical candidate: L945:fprintf(stderr, ""[GRAPH-REPLAY-PROBE] call=%d graph_replay=%d name=%s op=%s: pointer unresolved\n"", | L957:""[GRAPH-REPLAY-PROBE] call=%d graph_replay=%d name=%s op=%s type=%d: unsupported type, "" | L993:fprintf(stderr, ""[GRAPH-REPLAY-PROBE] call=%d graph_replay=%d name=%s op=%s: readback failed: %s\n"",",unscoped lexical candidate: L145:// that name nothing pointing at the missing option. CMake rejects the same | L188:static int parse_layer_id_from_name(const char * name); | L593:return (t->flags & GGML_TENSOR_FLAG_INPUT) && t->name && t->name[0] != '\0';,process or function lifetime (review required),lifecycle not inferred; unscoped lexical reset candidate: L36699:extra->optimized_feature.reset_reorder(tensor->name);
ggml/src/ggml-sycl/ggml-sycl.cpp,43800,ggml_backend_sycl_cpu_offload_compute_buffer_type_interface,const ggml_backend_buffer_type_i,file,immutable binding,none evident,none found by unscoped lexical scan,"unscoped lexical candidate: L43827:/* .iface = */ ggml_backend_sycl_cpu_offload_compute_buffer_type_interface,",process or function lifetime (review required),not applicable: immutable binding
ggml/src/ggml-sycl/ggml-sycl.cpp,43812,mutex,std::mutex,function-local:ggml_backend_sycl_cpu_offload_compute_buffer_type,mutable,intrinsic:lock primitive,unscoped lexical candidate: L7554:static auto * mutex = new std::mutex();,unscoped lexical candidate: L39:#include <mutex> | L1126:static std::mutex g_sycl_graph_compute_mutex; | L1142:static std::mutex g_sycl_load_summary_mutex;,process or function lifetime (review required),lifecycle not inferred; no binding-resolved reset analysis
ggml/src/ggml-sycl/ggml-sycl.cpp,43820,ggml_backend_sycl_cpu_offload_compute_buffer_types,struct ggml_backend_buffer_type [GGML_SYCL_MAX_DEVICES],function-local:ggml_backend_sycl_cpu_offload_compute_buffer_type,mutable,none evident,unscoped lexical candidate: L43826:ggml_backend_sycl_cpu_offload_compute_buffer_types[i] = {,unscoped lexical candidate: L43837:return &ggml_backend_sycl_cpu_offload_compute_buffer_types[device];,device/process slot,lifecycle not inferred; no binding-resolved reset analysis
ggml/src/ggml-sycl/ggml-sycl.cpp,43821,initialized,bool,function-local:ggml_backend_sycl_cpu_offload_compute_buffer_type,mutable,none evident,unscoped lexical candidate: L26039:static bool initialized = false; | L26278:initialized = true; | L26284:initialized = true;,"unscoped lexical candidate: L403:static std::atomic<int> g_ggml_sycl_unified_dispatch{ -1 }; // -1 = not initialized, 0 = disabled, 1 = enabled | L1132:static std::atomic<int> g_ggml_sycl_force_vram{ -1 }; // -1 = not initialized, 0 = disabled, 1 = enabled | L8154:GGML_SYCL_DEBUG(""[MOE-HYBRID] Popularity tracking initialized: %d layers, %d experts/layer\n"", n_moe_layers,",process or function lifetime (review required),lifecycle not inferred; unscoped lexical reset candidate: L49372:w.initialized.store(false);
ggml/src/ggml-sycl/ggml-sycl.cpp,43846,g_sycl_alloc_trace_mutex,std::mutex,file,mutable,intrinsic:lock primitive,none found by unscoped lexical scan,unscoped lexical candidate: L43892:std::lock_guard<std::mutex> lock(g_sycl_alloc_trace_mutex); | L43902:std::lock_guard<std::mutex> lock(g_sycl_alloc_trace_mutex);,tensor/allocation identity or registry,lifecycle not inferred; no binding-resolved reset analysis
ggml/src/ggml-sycl/ggml-sycl.cpp,43847,g_sycl_alloc_trace_entries,"std::unordered_map<std::string, ggml_sycl_alloc_trace_entry>",file,mutable,none evident,none found by unscoped lexical scan,unscoped lexical candidate: L43893:auto & entry = g_sycl_alloc_trace_entries[key]; | L43903:if (g_sycl_alloc_trace_entries.empty()) { | L43916:entries.reserve(g_sycl_alloc_trace_entries.size());,tensor/allocation identity or registry,lifecycle not inferred; no binding-resolved reset analysis
ggml/src/ggml-sycl/ggml-sycl.cpp,43855,guard,ggml_sycl_alloc_trace_guard,function-local:<function>,mutable,none evident,"unscoped lexical candidate: L9439:const uint8_t * guard = static_cast<const uint8_t *>(base) + size; | L9442:GGML_LOG_ERROR(""[SYCL] reorder guard corrupted at %s for %s (size=%zu guard=%zu)\n"", where, | L9461:GGML_LOG_ERROR(""[SYCL] reorder guard prefix corrupted at %s for %s (size=%zu guard=%zu)\n"", where,","unscoped lexical candidate: L144:// this guard, enabling only the first yields four undeclared-identifier errors | L2858:// guard in tests/test-sycl-resolve-tensor-owner-source.py, which fails if the | L5686:// DEVICE_VRAM-tier overcommit guard, handled the same way.",tensor/allocation identity or registry,lifecycle not inferred; no binding-resolved reset analysis
ggml/src/ggml-sycl/ggml-sycl.cpp,43860,enabled,int,function-local:ggml_sycl_alloc_trace_enabled_impl,mutable,none evident,unscoped lexical candidate: L217:static const bool enabled = []() { | L466:static const bool enabled = [] { | L475:static const bool enabled = [] {,"unscoped lexical candidate: L221:return enabled; | L403:static std::atomic<int> g_ggml_sycl_unified_dispatch{ -1 }; // -1 = not initialized, 0 = disabled, 1 = enabled | L470:return enabled;",process or function lifetime (review required),"lifecycle not inferred; unscoped lexical reset candidate: L7274:enabled.store(false, std::memory_order_release);"
ggml/src/ggml-sycl/ggml-sycl.cpp,43878,once,std::once_flag,function-local:ggml_sycl_alloc_trace_init,mutable,intrinsic:lock primitive,"unscoped lexical candidate: L85204:// print more than once -- read the LAST line, never sum) so a single","unscoped lexical candidate: L451:// prints the running PROCESS-GLOBAL total on every call, and is called once | L453:// (see the NOTE in that function) -- if it prints more than once, read the | L524:// signal the value was never recognized. Read once, so this warns",process or function lifetime (review required),lifecycle not inferred; no binding-resolved reset analysis
ggml/src/ggml-sycl/ggml-sycl.cpp,43947,once,std::once_flag,function-local:ggml_sycl_alloc_trace_dump_if_requested,mutable,intrinsic:lock primitive,"unscoped lexical candidate: L85204:// print more than once -- read the LAST line, never sum) so a single","unscoped lexical candidate: L451:// prints the running PROCESS-GLOBAL total on every call, and is called once | L453:// (see the NOTE in that function) -- if it prints more than once, read the | L524:// signal the value was never recognized. Read once, so this warns",process or function lifetime (review required),lifecycle not inferred; no binding-resolved reset analysis
ggml/src/ggml-sycl/ggml-sycl.cpp,43952,mode,std::atomic<int>,function-local:ggml_sycl_direct_alloc_guard_mode,mutable,intrinsic:atomic,"unscoped lexical candidate: L510:static const ggml_sycl_fa_graph_allow_mode mode = [] { | L1454:static const int mode = []() { | L16396:""alt_soa=%zu kv_ubatch=%u top_k=%d envelope=%d envelope_ubatch=%u mode=%d\n"",","unscoped lexical candidate: L169:static const char * ggml_sycl_layout_mode_name(ggml_layout_mode mode); | L370:// Safe mode: after every submit via ggml_sycl_compute_forward, drain the | L374:// Strict handle mode: surface data_handle/data_device divergence as a warning in",process or function lifetime (review required),lifecycle not inferred; no binding-resolved reset analysis
ggml/src/ggml-sycl/ggml-sycl.cpp,43986,once_mutex,std::mutex,function-local:ggml_sycl_note_direct_allocation,mutable,intrinsic:lock primitive,none found by unscoped lexical scan,unscoped lexical candidate: L43990:std::lock_guard<std::mutex> lock(once_mutex);,process or function lifetime (review required),lifecycle not inferred; no binding-resolved reset analysis
ggml/src/ggml-sycl/ggml-sycl.cpp,43987,warned,std::unordered_set<std::string>,function-local:ggml_sycl_note_direct_allocation,mutable,none evident,"unscoped lexical candidate: L23341:if (!warned.exchange(true, std::memory_order_acq_rel)) { | L43991:first_hit = warned.insert(key).second; | L46342:stats.warned = true;","unscoped lexical candidate: L18157:// RUNTIME requests, which spill (counted, warned about, refused if the device cannot take them) rather than fail. | L23340:static std::atomic<bool> warned{ false }; | L46341:if (!stats.warned) {",process or function lifetime (review required),lifecycle not inferred; no binding-resolved reset analysis
ggml/src/ggml-sycl/ggml-sycl.cpp,44060,MAX_SYCL_BUFFERS,const int,class:ggml_sycl_pool_leg,immutable binding,none evident,none found by unscoped lexical scan,unscoped lexical candidate: L44070:ggml_sycl_buffer buffer_pool[MAX_SYCL_BUFFERS] = {}; | L44094:for (int i = 0; i < MAX_SYCL_BUFFERS; ++i) { | L44210:for (int i = 0; i < MAX_SYCL_BUFFERS; ++i) {,class:ggml_sycl_pool_leg,not applicable: immutable binding
ggml/src/ggml-sycl/ggml-sycl.cpp,44399,warned_devices,std::unordered_set<int>,function-local:free,mutable,none evident,unscoped lexical candidate: L44402:if (warned_devices.insert(device).second) {,none found by unscoped lexical scan,device/process slot,lifecycle not inferred; no binding-resolved reset analysis
ggml/src/ggml-sycl/ggml-sycl.cpp,44400,warned_devices_mutex,std::mutex,function-local:free,mutable,intrinsic:lock primitive,none found by unscoped lexical scan,unscoped lexical candidate: L44401:std::lock_guard<std::mutex> lock(warned_devices_mutex);,device/process slot,lifecycle not inferred; no binding-resolved reset analysis
ggml/src/ggml-sycl/ggml-sycl.cpp,44483,MAX_POOL_SIZE,constexpr int,class:ggml_sycl_pool_host,immutable binding,none evident,none found by unscoped lexical scan,unscoped lexical candidate: L44484:std::vector<ggml_sycl_buffer> buffer_pool = std::vector<ggml_sycl_buffer>(MAX_POOL_SIZE); | L44491:for (int i = 0; i < MAX_POOL_SIZE; ++i) { | L44520:for (int i = 0; i < MAX_POOL_SIZE; ++i) {,class:ggml_sycl_pool_host,not applicable: immutable binding
ggml/src/ggml-sycl/ggml-sycl.cpp,45315,in_resource_exhaustion_fallback,bool,function-local:ggml_sycl_run_resource_exhaustion_recovery,mutable,thread-local,unscoped lexical candidate: L45331:in_resource_exhaustion_fallback = true; | L45338:in_resource_exhaustion_fallback = false;,unscoped lexical candidate: L45316:if (in_resource_exhaustion_fallback) {,thread,lifecycle not inferred; no binding-resolved reset analysis
ggml/src/ggml-sycl/ggml-sycl.cpp,46253,coalesced_trace_count,std::atomic<int>,function-local:ggml_sycl_trace_q8_0_coalesced_dequant,mutable,intrinsic:atomic,"unscoped lexical candidate: L46254:const int trace_idx = coalesced_trace_count.fetch_add(1, std::memory_order_relaxed);",none found by unscoped lexical scan,process or function lifetime (review required),lifecycle not inferred; no binding-resolved reset analysis
ggml/src/ggml-sycl/ggml-sycl.cpp,46264,g_ggml_sycl_scratch_caller,const char *,file,mutable,thread-local,unscoped lexical candidate: L46274:g_ggml_sycl_scratch_caller = name; | L46277:~ggml_sycl_scratch_caller_scope() { g_ggml_sycl_scratch_caller = previous; },"unscoped lexical candidate: L46267:return g_ggml_sycl_scratch_caller ? g_ggml_sycl_scratch_caller : ""mul_mat dispatch""; | L46273:explicit ggml_sycl_scratch_caller_scope(const char * name) : previous(g_ggml_sycl_scratch_caller) {",thread,lifecycle not inferred; no binding-resolved reset analysis
ggml/src/ggml-sycl/ggml-sycl.cpp,46730,woq_q8_trace_count,std::atomic<int>,function-local:ggml_sycl_op_mul_mat_sycl,mutable,intrinsic:atomic,"unscoped lexical candidate: L46731:const int trace_idx = woq_q8_trace_count.fetch_add(1, std::memory_order_relaxed);",none found by unscoped lexical scan,process or function lifetime (review required),lifecycle not inferred; no binding-resolved reset analysis
ggml/src/ggml-sycl/ggml-sycl.cpp,46811,dkw0_dequant_check_env,const char *,function-local:ggml_sycl_op_mul_mat_sycl,mutable,none evident,none found by unscoped lexical scan,unscoped lexical candidate: L46812:if (dkw0_dequant_check_env && std::atoi(dkw0_dequant_check_env) != 0) {,process or function lifetime (review required),lifecycle not inferred; no binding-resolved reset analysis
ggml/src/ggml-sycl/ggml-sycl.cpp,46813,dkw0_dequant_check_count,std::atomic<int>,function-local:ggml_sycl_op_mul_mat_sycl,mutable,intrinsic:atomic,"unscoped lexical candidate: L46814:if (dkw0_dequant_check_count.fetch_add(1, std::memory_order_relaxed) == 0) {",none found by unscoped lexical scan,process or function lifetime (review required),lifecycle not inferred; no binding-resolved reset analysis
ggml/src/ggml-sycl/ggml-sycl.cpp,46978,dkw0_dequant_check_env2,const char *,function-local:ggml_sycl_op_mul_mat_sycl,mutable,none evident,none found by unscoped lexical scan,unscoped lexical candidate: L46979:if (dkw0_dequant_check_env2 && std::atoi(dkw0_dequant_check_env2) != 0) {,process or function lifetime (review required),lifecycle not inferred; no binding-resolved reset analysis
ggml/src/ggml-sycl/ggml-sycl.cpp,46980,dkw0_dequant_check_count2,std::atomic<int>,function-local:ggml_sycl_op_mul_mat_sycl,mutable,intrinsic:atomic,"unscoped lexical candidate: L46981:if (dkw0_dequant_check_count2.fetch_add(1, std::memory_order_relaxed) == 0) {",none found by unscoped lexical scan,process or function lifetime (review required),lifecycle not inferred; no binding-resolved reset analysis
ggml/src/ggml-sycl/ggml-sycl.cpp,47241,peer_access_enabled,bool,function-local:ggml_sycl_set_peer_access,mutable,none evident,unscoped lexical candidate: L47273:peer_access_enabled = enable_peer_access;,unscoped lexical candidate: L47245:if (peer_access_enabled == enable_peer_access) {,process or function lifetime (review required),lifecycle not inferred; no binding-resolved reset analysis
ggml/src/ggml-sycl/ggml-sycl.cpp,47315,g_mul_mat_exc_ctx,ggml_sycl_mul_mat_exc_ctx,file,mutable,thread-local,none found by unscoped lexical scan,unscoped lexical candidate: L47542:ggml_sycl_mul_mat_exc_ctx & exc_ctx = g_mul_mat_exc_ctx; | L48741:const ggml_sycl_mul_mat_exc_ctx & exc_ctx = g_mul_mat_exc_ctx;,thread,lifecycle not inferred; no binding-resolved reset analysis
ggml/src/ggml-sycl/ggml-sycl.cpp,47453,stream_debug_checked,bool,function-local:ggml_sycl_mul_mat_stream_slice,mutable,none evident,unscoped lexical candidate: L47457:stream_debug_checked = true;,unscoped lexical candidate: L47455:if (!stream_debug_checked) {,device/process slot,lifecycle not inferred; no binding-resolved reset analysis
ggml/src/ggml-sycl/ggml-sycl.cpp,47454,do_stream_debug,bool,function-local:ggml_sycl_mul_mat_stream_slice,mutable,none evident,"unscoped lexical candidate: L47456:do_stream_debug = (std::getenv(""GGML_SYCL_MUL_MAT_STREAM_DEBUG"") != nullptr);",unscoped lexical candidate: L47459:if (do_stream_debug) {,device/process slot,lifecycle not inferred; no binding-resolved reset analysis
ggml/src/ggml-sycl/ggml-sycl.cpp,47572,mmvq_stage_timing_checked,bool,function-local:ggml_sycl_op_mul_mat,mutable,none evident,unscoped lexical candidate: L47578:mmvq_stage_timing_checked = true;,unscoped lexical candidate: L47575:if (!mmvq_stage_timing_checked) {,process or function lifetime (review required),lifecycle not inferred; no binding-resolved reset analysis
ggml/src/ggml-sycl/ggml-sycl.cpp,47573,mmvq_stage_timing,bool,function-local:ggml_sycl_op_mul_mat,mutable,none evident,"unscoped lexical candidate: L47576:mmvq_stage_timing = std::getenv(""GGML_SYCL_MMVQ_STAGE_TIMING"") != nullptr;",unscoped lexical candidate: L48137:if (mmvq_stage_timing) { | L48143:if (mmvq_stage_timing) { | L48267:if (mmvq_stage_timing) {,process or function lifetime (review required),lifecycle not inferred; no binding-resolved reset analysis
ggml/src/ggml-sycl/ggml-sycl.cpp,47574,mmvq_stage_trace,bool,function-local:ggml_sycl_op_mul_mat,mutable,none evident,"unscoped lexical candidate: L47577:mmvq_stage_trace = std::getenv(""GGML_SYCL_MMVQ_STAGE_TRACE"") != nullptr;",unscoped lexical candidate: L47975:if (mmvq_stage_trace) { | L48055:if (mmvq_stage_trace) { | L48113:if (mmvq_stage_trace) {,process or function lifetime (review required),lifecycle not inferred; no binding-resolved reset analysis
ggml/src/ggml-sycl/ggml-sycl.cpp,47785,dkw0_origin_check_env,const char *,function-local:ggml_sycl_op_mul_mat,mutable,none evident,none found by unscoped lexical scan,unscoped lexical candidate: L47786:if (dkw0_origin_check_env && std::atoi(dkw0_origin_check_env) != 0) {,process or function lifetime (review required),lifecycle not inferred; no binding-resolved reset analysis
ggml/src/ggml-sycl/ggml-sycl.cpp,47787,dkw0_origin_check_count,std::atomic<int>,function-local:ggml_sycl_op_mul_mat,mutable,intrinsic:atomic,"unscoped lexical candidate: L47799:const int idx = dkw0_origin_check_count.fetch_add(1, std::memory_order_relaxed);",none found by unscoped lexical scan,process or function lifetime (review required),lifecycle not inferred; no binding-resolved reset analysis
ggml/src/ggml-sycl/ggml-sycl.cpp,47824,dkw0_attnq_check_env,const char *,function-local:ggml_sycl_op_mul_mat,mutable,none evident,none found by unscoped lexical scan,unscoped lexical candidate: L47825:if (dkw0_attnq_check_env && std::atoi(dkw0_attnq_check_env) != 0) {,process or function lifetime (review required),lifecycle not inferred; no binding-resolved reset analysis
ggml/src/ggml-sycl/ggml-sycl.cpp,47826,dkw0_attnq_check_count,std::atomic<int>,function-local:ggml_sycl_op_mul_mat,mutable,intrinsic:atomic,"unscoped lexical candidate: L47827:const int idx = dkw0_attnq_check_count.fetch_add(1, std::memory_order_relaxed);",none found by unscoped lexical scan,process or function lifetime (review required),lifecycle not inferred; no binding-resolved reset analysis
ggml/src/ggml-sycl/ggml-sycl.cpp,47897,mulmat_entry_debug_checked,bool,function-local:ggml_sycl_op_mul_mat,mutable,none evident,unscoped lexical candidate: L47901:mulmat_entry_debug_checked = true;,unscoped lexical candidate: L47899:if (!mulmat_entry_debug_checked) {,process or function lifetime (review required),lifecycle not inferred; no binding-resolved reset analysis
ggml/src/ggml-sycl/ggml-sycl.cpp,47898,do_mulmat_entry_debug,bool,function-local:ggml_sycl_op_mul_mat,mutable,none evident,"unscoped lexical candidate: L47900:do_mulmat_entry_debug = (getenv(""GGML_SYCL_RMS_DEBUG"") != nullptr);",unscoped lexical candidate: L47903:if (do_mulmat_entry_debug && src1_on_device && src1_is_contiguous) {,process or function lifetime (review required),lifecycle not inferred; no binding-resolved reset analysis
ggml/src/ggml-sycl/ggml-sycl.cpp,47925,buffer_alias_debug_checked,bool,function-local:ggml_sycl_op_mul_mat,mutable,none evident,unscoped lexical candidate: L47929:buffer_alias_debug_checked = true;,unscoped lexical candidate: L47927:if (!buffer_alias_debug_checked) {,process or function lifetime (review required),lifecycle not inferred; no binding-resolved reset analysis
ggml/src/ggml-sycl/ggml-sycl.cpp,47926,do_buffer_alias_debug,bool,function-local:ggml_sycl_op_mul_mat,mutable,none evident,"unscoped lexical candidate: L47928:do_buffer_alias_debug = (getenv(""GGML_SYCL_BUFFER_ALIAS_DEBUG"") != nullptr);",unscoped lexical candidate: L47931:if (do_buffer_alias_debug) { | L48064:if (do_buffer_alias_debug) {,process or function lifetime (review required),lifecycle not inferred; no binding-resolved reset analysis
ggml/src/ggml-sycl/ggml-sycl.cpp,48300,mmq_input_trace_limit,const int,function-local:ggml_sycl_op_mul_mat,immutable binding,none evident,none found by unscoped lexical scan,unscoped lexical candidate: L48313:static std::atomic<int> mmq_input_trace_remaining{ mmq_input_trace_limit };,process or function lifetime (review required),not applicable: immutable binding
ggml/src/ggml-sycl/ggml-sycl.cpp,48313,mmq_input_trace_remaining,std::atomic<int>,function-local:ggml_sycl_op_mul_mat,mutable,intrinsic:atomic,none found by unscoped lexical scan,unscoped lexical candidate: L48314:int mmq_trace_remaining = mmq_input_trace_remaining.load(std::memory_order_acquire); | L48315:while (mmq_trace_remaining > 0 && !mmq_input_trace_remaining.compare_exchange_weak(,process or function lifetime (review required),lifecycle not inferred; no binding-resolved reset analysis
ggml/src/ggml-sycl/ggml-sycl.cpp,48617,env_slice_rows,int64_t,function-local:ggml_sycl_op_mul_mat,mutable,none evident,"unscoped lexical candidate: L48621:env_slice_rows = env ? std::max<int64_t>(1, std::strtoll(env, nullptr, 10)) : 512;",unscoped lexical candidate: L48618:if (env_slice_rows == -2) { | L48623:slice_rows = env_slice_rows;,process or function lifetime (review required),lifecycle not inferred; no binding-resolved reset analysis
ggml/src/ggml-sycl/ggml-sycl.cpp,49009,g_tp_ffn_inputs,"std::unordered_map<int, ffn_input_storage>",file,mutable,none evident,"unscoped lexical candidate: L49790:g_tp_ffn_inputs[layer] = ffn_input_storage{ input_dev1, K, batch, src1_size, std::move(input_dev1_handle) }; | L50241:g_tp_ffn_inputs.erase(it); | L50715:g_tp_ffn_inputs.erase(it);",unscoped lexical candidate: L49665:g_tp_ffn_inputs.size()); | L49786:auto it = g_tp_ffn_inputs.find(layer); | L49787:if (it != g_tp_ffn_inputs.end() && it->second.data_ptr() != nullptr) {,process or function lifetime (review required),lifecycle not inferred; unscoped lexical reset candidate: L50241:g_tp_ffn_inputs.erase(it); | L50715:g_tp_ffn_inputs.erase(it);
ggml/src/ggml-sycl/ggml-sycl.cpp,49011,g_tp_ffn_input_mutex,std::mutex,file,mutable,intrinsic:lock primitive,none found by unscoped lexical scan,unscoped lexical candidate: L49785:std::lock_guard<std::mutex> lock(g_tp_ffn_input_mutex); | L50236:std::lock_guard<std::mutex> lock(g_tp_ffn_input_mutex); | L50250:std::lock_guard<std::mutex> lock(g_tp_ffn_input_mutex);,process or function lifetime (review required),lifecycle not inferred; no binding-resolved reset analysis
ggml/src/ggml-sycl/ggml-sycl.cpp,49033,g_tp_ffn_weights,"std::unordered_map<int, ffn_weight_refs>",file,mutable,none evident,none found by unscoped lexical scan,unscoped lexical candidate: L49602:g_tp_ffn_weights[layer].gate = tensor; | L49604:g_tp_ffn_weights[layer].up = tensor; | L49607:g_tp_ffn_weights[layer].down = tensor;,model/layer semantic state (review required),lifecycle not inferred; no binding-resolved reset analysis
ggml/src/ggml-sycl/ggml-sycl.cpp,49034,g_tp_ffn_weight_mutex,std::mutex,file,mutable,intrinsic:lock primitive,none found by unscoped lexical scan,unscoped lexical candidate: L49600:std::lock_guard<std::mutex> lock(g_tp_ffn_weight_mutex); | L49804:std::lock_guard<std::mutex> lock(g_tp_ffn_weight_mutex); | L50273:std::lock_guard<std::mutex> lock(g_tp_ffn_weight_mutex);,model/layer semantic state (review required),lifecycle not inferred; no binding-resolved reset analysis
ggml/src/ggml-sycl/ggml-sycl.cpp,49039,g_tp_attn_inputs,"std::unordered_map<int, attn_input_storage>",file,mutable,none evident,"unscoped lexical candidate: L49855:g_tp_attn_inputs[layer] = attn_input_storage{ input_dev1, K, batch, src1_size, std::move(input_dev1_handle) }; | L51421:g_tp_attn_inputs.erase(it);",unscoped lexical candidate: L49851:auto it = g_tp_attn_inputs.find(layer); | L49852:if (it != g_tp_attn_inputs.end() && it->second.data_ptr() != nullptr) { | L49862:g_tp_attn_inputs.size());,process or function lifetime (review required),lifecycle not inferred; unscoped lexical reset candidate: L51421:g_tp_attn_inputs.erase(it);
ggml/src/ggml-sycl/ggml-sycl.cpp,49041,g_tp_attn_input_mutex,std::mutex,file,mutable,intrinsic:lock primitive,none found by unscoped lexical scan,unscoped lexical candidate: L49850:std::lock_guard<std::mutex> lock(g_tp_attn_input_mutex); | L50740:std::lock_guard<std::mutex> lock(g_tp_attn_input_mutex); | L51417:std::lock_guard<std::mutex> lock(g_tp_attn_input_mutex);,process or function lifetime (review required),lifecycle not inferred; no binding-resolved reset analysis
ggml/src/ggml-sycl/ggml-sycl.cpp,49045,g_tp_attn_weights,"std::unordered_map<int, attn_weight_refs>",file,mutable,none evident,none found by unscoped lexical scan,unscoped lexical candidate: L49615:g_tp_attn_weights[layer].o = tensor; | L49617:g_tp_attn_weights[layer].q = tensor; | L49619:g_tp_attn_weights[layer].k = tensor;,model/layer semantic state (review required),lifecycle not inferred; no binding-resolved reset analysis
ggml/src/ggml-sycl/ggml-sycl.cpp,49046,g_tp_attn_weight_mutex,std::mutex,file,mutable,intrinsic:lock primitive,none found by unscoped lexical scan,unscoped lexical candidate: L49613:std::lock_guard<std::mutex> lock(g_tp_attn_weight_mutex); | L50761:std::lock_guard<std::mutex> lock(g_tp_attn_weight_mutex);,model/layer semantic state (review required),lifecycle not inferred; no binding-resolved reset analysis
ggml/src/ggml-sycl/ggml-sycl.cpp,49049,g_tp_async_ffn_jobs,"std::unordered_map<int, tp_async_ffn_job>",file,mutable,none evident,unscoped lexical candidate: L49085:g_tp_async_ffn_jobs.erase(it);,unscoped lexical candidate: L49081:auto it = g_tp_async_ffn_jobs.find(layer); | L49082:if (it == g_tp_async_ffn_jobs.end()) { | L50030:auto & slot = g_tp_async_ffn_jobs[layer];,process or function lifetime (review required),lifecycle not inferred; unscoped lexical reset candidate: L49085:g_tp_async_ffn_jobs.erase(it);
ggml/src/ggml-sycl/ggml-sycl.cpp,49051,g_tp_async_ffn_mutex,std::mutex,file,mutable,intrinsic:lock primitive,none found by unscoped lexical scan,unscoped lexical candidate: L49080:std::lock_guard<std::mutex> lock(g_tp_async_ffn_mutex); | L50028:std::lock_guard<std::mutex> lock(g_tp_async_ffn_mutex); | L50054:std::lock_guard<std::mutex> lock(g_tp_async_ffn_mutex);,process or function lifetime (review required),lifecycle not inferred; no binding-resolved reset analysis
ggml/src/ggml-sycl/ggml-sycl.cpp,49054,g_tp_async_attn_jobs,"std::unordered_map<int, tp_async_attn_job>",file,mutable,none evident,none found by unscoped lexical scan,none found by unscoped lexical scan,process or function lifetime (review required),lifecycle not inferred; no binding-resolved reset analysis
ggml/src/ggml-sycl/ggml-sycl.cpp,49055,g_tp_async_attn_mutex,std::mutex,file,mutable,intrinsic:lock primitive,none found by unscoped lexical scan,none found by unscoped lexical scan,process or function lifetime (review required),lifecycle not inferred; no binding-resolved reset analysis
ggml/src/ggml-sycl/ggml-sycl.cpp,49091,g_tp_device1_worker,tp_device1_worker,file,mutable,none evident,none found by unscoped lexical scan,"unscoped lexical candidate: L49108:auto & w = g_tp_device1_worker; | L49143:lock, [] { return g_tp_device1_worker.shutdown.load() || !g_tp_device1_worker.work_queue.empty(); }); | L49327:auto & w = g_tp_device1_worker;",device/process slot,lifecycle not inferred; no binding-resolved reset analysis
ggml/src/ggml-sycl/ggml-sycl.cpp,49101,g_ggml_sycl_tp_threaded_ffn,int,file,mutable,none evident,none found by unscoped lexical scan,unscoped lexical candidate: L49331:if (!g_ggml_sycl_tp_threaded_ffn) { | L49812:if (g_ggml_sycl_tp_threaded_ffn) { | L50179:if (g_ggml_sycl_tp_threaded_ffn && g_tp_device1_worker.initialized.load()) {,process or function lifetime (review required),lifecycle not inferred; no binding-resolved reset analysis
ggml/src/ggml-sycl/ggml-sycl.cpp,49115,worker_queue,sycl::queue *,function-local:tp_device1_worker_thread_func,mutable,none evident,"unscoped lexical candidate: L49117:worker_queue = new sycl::queue(dev, default_queue_properties());",unscoped lexical candidate: L49116:if (!worker_queue) { | L49119:queue_ptr stream = worker_queue;,device/process slot,lifecycle not inferred; no binding-resolved reset analysis
ggml/src/ggml-sycl/ggml-sycl.cpp,49128,worker_ctx,ggml_backend_sycl_context *,function-local:tp_device1_worker_thread_func,mutable,none evident,unscoped lexical candidate: L49130:worker_ctx = new ggml_backend_sycl_context(device);,"unscoped lexical candidate: L49129:if (!worker_ctx) { | L49132:worker_ctx->name = ""tp_worker""; | L49134:ggml_backend_sycl_context & ctx = *worker_ctx;",process or function lifetime (review required),lifecycle not inferred; no binding-resolved reset analysis
ggml/src/ggml-sycl/ggml-sycl.cpp,49445,g_tp_dev1_kv_cache,"std::unordered_map<int, dev1_kv_cache_entry>",file,mutable,none evident,unscoped lexical candidate: L49461:g_tp_dev1_kv_cache.erase(it); | L49483:g_tp_dev1_kv_cache[layer] = std::move(entry); | L49585:g_tp_dev1_kv_cache.clear();,unscoped lexical candidate: L49453:auto it = g_tp_dev1_kv_cache.find(layer); | L49454:if (it != g_tp_dev1_kv_cache.end()) { | L49500:auto it = g_tp_dev1_kv_cache.find(layer);,model/layer semantic state (review required),lifecycle not inferred; unscoped lexical reset candidate: L49461:g_tp_dev1_kv_cache.erase(it); | L49585:g_tp_dev1_kv_cache.clear();
ggml/src/ggml-sycl/ggml-sycl.cpp,49447,g_tp_dev1_kv_cache_mutex,std::mutex,file,mutable,intrinsic:lock primitive,none found by unscoped lexical scan,unscoped lexical candidate: L49452:std::lock_guard<std::mutex> lock(g_tp_dev1_kv_cache_mutex); | L49499:std::lock_guard<std::mutex> lock(g_tp_dev1_kv_cache_mutex); | L49540:std::lock_guard<std::mutex> lock(g_tp_dev1_kv_cache_mutex);,model/layer semantic state (review required),lifecycle not inferred; no binding-resolved reset analysis
ggml/src/ggml-sycl/ggml-sycl.cpp,49484,log_count,int,function-local:init_dev1_kv_cache,mutable,none evident,"unscoped lexical candidate: L1095:if (log_count.fetch_add(1, std::memory_order_relaxed) >= 4096) { | L23933:if (log_count.fetch_add(1, std::memory_order_relaxed) < 2) { | L32057:const int slot = log_count.fetch_add(1, std::memory_order_relaxed);",unscoped lexical candidate: L1094:static std::atomic<int> log_count{ 0 }; | L23932:static std::atomic<int> log_count{ 0 }; | L32056:static std::atomic<int> log_count{ 0 };,process or function lifetime (review required),lifecycle not inferred; no binding-resolved reset analysis
ggml/src/ggml-sycl/ggml-sycl.cpp,49503,warn,int,function-local:append_to_dev1_kv_cache,mutable,none evident,unscoped lexical candidate: L49504:if (warn++ < 5) { | L50700:static int warn = 0; | L50701:if (warn++ < 3) {,"unscoped lexical candidate: L518:// llama.cpp-dyi3 round 8: warn on a value that is neither ""auto"" nor | L12629:// so it is a success here rather than something to warn about. | L37154:// Non-AOS layout failed to materialize - warn since these provide performance benefits",process or function lifetime (review required),lifecycle not inferred; no binding-resolved reset analysis
ggml/src/ggml-sycl/ggml-sycl.cpp,49531,dbg_count,int,function-local:append_to_dev1_kv_cache,mutable,none evident,unscoped lexical candidate: L49532:if (g_ggml_sycl_tp_debug && dbg_count++ < 3) { // Reduced debug output | L106080:const int dbg_count = g_persistent_set_rows_dbg.debug_count;,"unscoped lexical candidate: L106081:if (dbg && dbg_count > 0) { | L106082:const int idx_debug = (int) dbg[2 * dbg_count]; | L106083:GGML_LOG_INFO(""[PERSISTENT-TG] SET_ROWS debug (kernel): idx=%d sample=%d\n"", idx_debug, dbg_count);",process or function lifetime (review required),lifecycle not inferred; no binding-resolved reset analysis
ggml/src/ggml-sycl/ggml-sycl.cpp,49572,log_count,int,function-local:reset_dev1_kv_cache,mutable,none evident,"unscoped lexical candidate: L1095:if (log_count.fetch_add(1, std::memory_order_relaxed) >= 4096) { | L23933:if (log_count.fetch_add(1, std::memory_order_relaxed) < 2) { | L32057:const int slot = log_count.fetch_add(1, std::memory_order_relaxed);",unscoped lexical candidate: L1094:static std::atomic<int> log_count{ 0 }; | L23932:static std::atomic<int> log_count{ 0 }; | L32056:static std::atomic<int> log_count{ 0 };,process or function lifetime (review required),lifecycle not inferred; no binding-resolved reset analysis
ggml/src/ggml-sycl/ggml-sycl.cpp,49662,col_par_decode_dbg,int,function-local:ggml_sycl_mul_mat_tp_column_parallel_post,mutable,none evident,unscoped lexical candidate: L49663:if (g_ggml_sycl_tp_debug && src1->ne[1] == 1 && is_ffn_gate && col_par_decode_dbg++ < 100) {,none found by unscoped lexical scan,process or function lifetime (review required),lifecycle not inferred; no binding-resolved reset analysis
ggml/src/ggml-sycl/ggml-sycl.cpp,49668,layer_input_dbg,int,function-local:ggml_sycl_mul_mat_tp_column_parallel_post,mutable,none evident,unscoped lexical candidate: L49670:if (g_ggml_sycl_tp_debug && src1->ne[1] == 1 && is_debug_layer && is_attn_q && layer_input_dbg++ < 200) {,none found by unscoped lexical scan,model/layer semantic state (review required),lifecycle not inferred; no binding-resolved reset analysis
ggml/src/ggml-sycl/ggml-sycl.cpp,49699,dev0_input_dbg,int,function-local:ggml_sycl_mul_mat_tp_column_parallel_post,mutable,none evident,unscoped lexical candidate: L49701:(g_ggml_sycl_tp_debug && is_ffn_gate && layer < 3 && dev0_input_dbg++ < 10); // Enable for first few layers,none found by unscoped lexical scan,process or function lifetime (review required),lifecycle not inferred; no binding-resolved reset analysis
ggml/src/ggml-sycl/ggml-sycl.cpp,49758,ffn_store_dbg,int,function-local:ggml_sycl_mul_mat_tp_column_parallel_post,mutable,none evident,unscoped lexical candidate: L49759:bool debug_layer = (batch == 1 && layer == 0 && ffn_store_dbg++ < 0); // Disabled | L49792:static int ffn_store_dbg = 0; | L49793:if (g_ggml_sycl_tp_debug && batch == 1 && ffn_store_dbg++ < 100) {,none found by unscoped lexical scan,process or function lifetime (review required),lifecycle not inferred; no binding-resolved reset analysis
ggml/src/ggml-sycl/ggml-sycl.cpp,49792,ffn_store_dbg,int,function-local:ggml_sycl_mul_mat_tp_column_parallel_post,mutable,none evident,unscoped lexical candidate: L49758:static int ffn_store_dbg = 0; | L49759:bool debug_layer = (batch == 1 && layer == 0 && ffn_store_dbg++ < 0); // Disabled | L49793:if (g_ggml_sycl_tp_debug && batch == 1 && ffn_store_dbg++ < 100) {,none found by unscoped lexical scan,process or function lifetime (review required),lifecycle not inferred; no binding-resolved reset analysis
ggml/src/ggml-sycl/ggml-sycl.cpp,49828,thread_launch_count,int,function-local:ggml_sycl_mul_mat_tp_column_parallel_post,mutable,none evident,unscoped lexical candidate: L49829:if (thread_launch_count++ < 3) {,none found by unscoped lexical scan,process or function lifetime (review required),lifecycle not inferred; no binding-resolved reset analysis
ggml/src/ggml-sycl/ggml-sycl.cpp,49842,no_weights_count,int,function-local:ggml_sycl_mul_mat_tp_column_parallel_post,mutable,none evident,unscoped lexical candidate: L49843:if (no_weights_count++ < 3) {,none found by unscoped lexical scan,model/layer semantic state (review required),lifecycle not inferred; no binding-resolved reset analysis
ggml/src/ggml-sycl/ggml-sycl.cpp,49857,attn_store_dbg,int,function-local:ggml_sycl_mul_mat_tp_column_parallel_post,mutable,none evident,unscoped lexical candidate: L49859:if (g_ggml_sycl_tp_debug && batch == 1 && attn_store_dbg++ < 40) {,none found by unscoped lexical scan,process or function lifetime (review required),lifecycle not inferred; no binding-resolved reset analysis
ggml/src/ggml-sycl/ggml-sycl.cpp,50035,launch_dbg,int,function-local:ggml_sycl_tp_launch_async_ffn,mutable,none evident,unscoped lexical candidate: L50036:if (launch_dbg++ < 5) {,none found by unscoped lexical scan,process or function lifetime (review required),lifecycle not inferred; no binding-resolved reset analysis
ggml/src/ggml-sycl/ggml-sycl.cpp,50079,wait_dbg,int,function-local:ggml_sycl_tp_wait_async_ffn,mutable,none evident,unscoped lexical candidate: L50080:if (wait_dbg++ < 5) {,none found by unscoped lexical scan,process or function lifetime (review required),lifecycle not inferred; no binding-resolved reset analysis
ggml/src/ggml-sycl/ggml-sycl.cpp,50170,ffn_dbg_count,int,function-local:ggml_sycl_mul_mat_tp_row_parallel_post,mutable,none evident,unscoped lexical candidate: L50171:if (g_ggml_sycl_tp_debug && ffn_dbg_count++ < 3) {,none found by unscoped lexical scan,process or function lifetime (review required),lifecycle not inferred; no binding-resolved reset analysis
ggml/src/ggml-sycl/ggml-sycl.cpp,50195,async_used_count,int,function-local:ggml_sycl_mul_mat_tp_row_parallel_post,mutable,none evident,unscoped lexical candidate: L50196:if (g_ggml_sycl_tp_debug && async_used_count++ < 5) {,unscoped lexical candidate: L50216:if (g_ggml_sycl_tp_debug && async_used_count <= 3) {,process or function lifetime (review required),lifecycle not inferred; no binding-resolved reset analysis
ggml/src/ggml-sycl/ggml-sycl.cpp,50258,ffn_lookup_dbg,int,function-local:ggml_sycl_mul_mat_tp_row_parallel_post,mutable,none evident,unscoped lexical candidate: L50259:if (g_ggml_sycl_tp_debug && ne11 == 1 && ffn_lookup_dbg++ < 40) {,none found by unscoped lexical scan,process or function lifetime (review required),lifecycle not inferred; no binding-resolved reset analysis
ggml/src/ggml-sycl/ggml-sycl.cpp,50265,ffn_found,int,function-local:ggml_sycl_mul_mat_tp_row_parallel_post,mutable,none evident,unscoped lexical candidate: L50266:if (g_ggml_sycl_tp_debug && ffn_found++ < 3) {,none found by unscoped lexical scan,process or function lifetime (review required),lifecycle not inferred; no binding-resolved reset analysis
ggml/src/ggml-sycl/ggml-sycl.cpp,50280,ffn_weight_dbg,int,function-local:ggml_sycl_mul_mat_tp_row_parallel_post,mutable,none evident,unscoped lexical candidate: L50281:if (g_ggml_sycl_tp_debug && ne11 == 1 && ffn_weight_dbg++ < 10) {,none found by unscoped lexical scan,model/layer semantic state (review required),lifecycle not inferred; no binding-resolved reset analysis
ggml/src/ggml-sycl/ggml-sycl.cpp,50300,weight_dbg,int,function-local:ggml_sycl_mul_mat_tp_row_parallel_post,mutable,none evident,unscoped lexical candidate: L50301:if (g_ggml_sycl_tp_debug && weight_dbg++ < 3) {,none found by unscoped lexical scan,model/layer semantic state (review required),lifecycle not inferred; no binding-resolved reset analysis
ggml/src/ggml-sycl/ggml-sycl.cpp,50364,ffn_in_dbg,int,function-local:ggml_sycl_mul_mat_tp_row_parallel_post,mutable,none evident,unscoped lexical candidate: L50366:(g_ggml_sycl_tp_debug && ffn_in_dbg++ < 3); // Enable for first 3 to debug quant,none found by unscoped lexical scan,process or function lifetime (review required),lifecycle not inferred; no binding-resolved reset analysis
ggml/src/ggml-sycl/ggml-sycl.cpp,50418,ffn_inter_dbg,int,function-local:ggml_sycl_mul_mat_tp_row_parallel_post,mutable,none evident,unscoped lexical candidate: L50419:bool debug_this = (ffn_inter_dbg++ < 0); // Disabled,none found by unscoped lexical scan,process or function lifetime (review required),lifecycle not inferred; no binding-resolved reset analysis
ggml/src/ggml-sycl/ggml-sycl.cpp,50473,hidden_dbg,int,function-local:ggml_sycl_mul_mat_tp_row_parallel_post,mutable,none evident,unscoped lexical candidate: L50474:bool debug_hidden = (hidden_dbg++ < 0); // Disabled,none found by unscoped lexical scan,process or function lifetime (review required),lifecycle not inferred; no binding-resolved reset analysis
ggml/src/ggml-sycl/ggml-sycl.cpp,50491,quant_dbg,int,function-local:ggml_sycl_mul_mat_tp_row_parallel_post,mutable,none evident,unscoped lexical candidate: L50493:if (quant_dbg++ < 0) {,none found by unscoped lexical scan,process or function lifetime (review required),lifecycle not inferred; no binding-resolved reset analysis
ggml/src/ggml-sycl/ggml-sycl.cpp,50522,down_dbg,int,function-local:ggml_sycl_mul_mat_tp_row_parallel_post,mutable,none evident,unscoped lexical candidate: L50523:if (down_dbg++ < 0) {,none found by unscoped lexical scan,process or function lifetime (review required),lifecycle not inferred; no binding-resolved reset analysis
ggml/src/ggml-sycl/ggml-sycl.cpp,50547,ffn_reduce_dbg,int,function-local:ggml_sycl_mul_mat_tp_row_parallel_post,mutable,none evident,unscoped lexical candidate: L50548:bool debug_reduce = (g_ggml_sycl_tp_debug && ffn_reduce_dbg++ < 150);,none found by unscoped lexical scan,process or function lifetime (review required),lifecycle not inferred; no binding-resolved reset analysis
ggml/src/ggml-sycl/ggml-sycl.cpp,50700,warn,int,function-local:ggml_sycl_mul_mat_tp_row_parallel_post,mutable,none evident,unscoped lexical candidate: L49503:static int warn = 0; | L49504:if (warn++ < 5) { | L50701:if (warn++ < 3) {,"unscoped lexical candidate: L518:// llama.cpp-dyi3 round 8: warn on a value that is neither ""auto"" nor | L12629:// so it is a success here rather than something to warn about. | L37154:// Non-AOS layout failed to materialize - warn since these provide performance benefits",process or function lifetime (review required),lifecycle not inferred; no binding-resolved reset analysis
ggml/src/ggml-sycl/ggml-sycl.cpp,50722,warn_count,int,function-local:ggml_sycl_mul_mat_tp_row_parallel_post,mutable,none evident,"unscoped lexical candidate: L5882:const int n = warn_count.fetch_add(1, std::memory_order_relaxed); | L5931:const int n = warn_count.fetch_add(1, std::memory_order_relaxed); | L50723:if (warn_count++ < 3) {",unscoped lexical candidate: L5881:static std::atomic<int> warn_count{ 0 }; | L5930:static std::atomic<int> warn_count{ 0 };,process or function lifetime (review required),lifecycle not inferred; no binding-resolved reset analysis
ggml/src/ggml-sycl/ggml-sycl.cpp,50733,attn_dbg_count,int,function-local:ggml_sycl_mul_mat_tp_row_parallel_post,mutable,none evident,unscoped lexical candidate: L50734:if (g_ggml_sycl_tp_debug && attn_dbg_count++ < 40) {,none found by unscoped lexical scan,process or function lifetime (review required),lifecycle not inferred; no binding-resolved reset analysis
ggml/src/ggml-sycl/ggml-sycl.cpp,50747,attn_lookup_dbg,int,function-local:ggml_sycl_mul_mat_tp_row_parallel_post,mutable,none evident,unscoped lexical candidate: L50748:if (g_ggml_sycl_tp_debug && ne11 == 1 && attn_lookup_dbg++ < 100) {,none found by unscoped lexical scan,process or function lifetime (review required),lifecycle not inferred; no binding-resolved reset analysis
ggml/src/ggml-sycl/ggml-sycl.cpp,50753,attn_found,int,function-local:ggml_sycl_mul_mat_tp_row_parallel_post,mutable,none evident,unscoped lexical candidate: L50754:if (g_ggml_sycl_tp_debug && attn_found++ < 40) {,none found by unscoped lexical scan,process or function lifetime (review required),lifecycle not inferred; no binding-resolved reset analysis
ggml/src/ggml-sycl/ggml-sycl.cpp,50778,reset_count,int,function-local:ggml_sycl_mul_mat_tp_row_parallel_post,mutable,none evident,unscoped lexical candidate: L50779:if (g_ggml_sycl_tp_debug && reset_count++ < 5) {,none found by unscoped lexical scan,process or function lifetime (review required),lifecycle not inferred; no binding-resolved reset analysis
ggml/src/ggml-sycl/ggml-sycl.cpp,50803,warn,int,function-local:ggml_sycl_mul_mat_tp_row_parallel_post,mutable,none evident,unscoped lexical candidate: L49503:static int warn = 0; | L49504:if (warn++ < 5) { | L50700:static int warn = 0;,"unscoped lexical candidate: L518:// llama.cpp-dyi3 round 8: warn on a value that is neither ""auto"" nor | L12629:// so it is a success here rather than something to warn about. | L37154:// Non-AOS layout failed to materialize - warn since these provide performance benefits",process or function lifetime (review required),lifecycle not inferred; no binding-resolved reset analysis
ggml/src/ggml-sycl/ggml-sycl.cpp,50813,o_weight_dbg,int,function-local:ggml_sycl_mul_mat_tp_row_parallel_post,mutable,none evident,unscoped lexical candidate: L50814:if (g_ggml_sycl_tp_debug && o_weight_dbg++ < 3) {,none found by unscoped lexical scan,model/layer semantic state (review required),lifecycle not inferred; no binding-resolved reset analysis
ggml/src/ggml-sycl/ggml-sycl.cpp,50945,q_before_rope_dbg,int,function-local:ggml_sycl_mul_mat_tp_row_parallel_post,mutable,none evident,unscoped lexical candidate: L50946:if (g_ggml_sycl_tp_debug && layer == 0 && q_before_rope_dbg++ < 3) {,none found by unscoped lexical scan,process or function lifetime (review required),lifecycle not inferred; no binding-resolved reset analysis
ggml/src/ggml-sycl/ggml-sycl.cpp,51010,sp_post_rope_dbg,int,function-local:ggml_sycl_mul_mat_tp_row_parallel_post,mutable,none evident,unscoped lexical candidate: L51011:if (g_ggml_sycl_tp_debug && layer == 0 && sp_post_rope_dbg++ < 3) {,none found by unscoped lexical scan,process or function lifetime (review required),lifecycle not inferred; no binding-resolved reset analysis
ggml/src/ggml-sycl/ggml-sycl.cpp,51182,dev1_attn_dbg,int,function-local:ggml_sycl_mul_mat_tp_row_parallel_post,mutable,none evident,unscoped lexical candidate: L51183:if (g_ggml_sycl_tp_debug && dev1_attn_dbg++ < 3) {,none found by unscoped lexical scan,process or function lifetime (review required),lifecycle not inferred; no binding-resolved reset analysis
ggml/src/ggml-sycl/ggml-sycl.cpp,51226,attn_reduce_dbg,int,function-local:ggml_sycl_mul_mat_tp_row_parallel_post,mutable,none evident,unscoped lexical candidate: L51227:bool do_attn_dbg = (g_ggml_sycl_tp_debug && attn_reduce_dbg++ < 3);,none found by unscoped lexical scan,process or function lifetime (review required),lifecycle not inferred; no binding-resolved reset analysis
ggml/src/ggml-sycl/ggml-sycl.cpp,51307,quant_attn_dbg,int,function-local:ggml_sycl_mul_mat_tp_row_parallel_post,mutable,none evident,unscoped lexical candidate: L51309:if (g_ggml_sycl_tp_debug && quant_attn_dbg++ < 6) {,none found by unscoped lexical scan,process or function lifetime (review required),lifecycle not inferred; no binding-resolved reset analysis
ggml/src/ggml-sycl/ggml-sycl.cpp,51385,nonquant_attn_dbg,int,function-local:ggml_sycl_mul_mat_tp_row_parallel_post,mutable,none evident,unscoped lexical candidate: L51387:if (g_ggml_sycl_tp_debug && nonquant_attn_dbg++ < 6) {,none found by unscoped lexical scan,process or function lifetime (review required),lifecycle not inferred; no binding-resolved reset analysis
ggml/src/ggml-sycl/ggml-sycl.cpp,51409,warn,int,function-local:ggml_sycl_mul_mat_tp_row_parallel_post,mutable,none evident,unscoped lexical candidate: L49503:static int warn = 0; | L49504:if (warn++ < 5) { | L50700:static int warn = 0;,"unscoped lexical candidate: L518:// llama.cpp-dyi3 round 8: warn on a value that is neither ""auto"" nor | L12629:// so it is a success here rather than something to warn about. | L37154:// Non-AOS layout failed to materialize - warn since these provide performance benefits",process or function lifetime (review required),lifecycle not inferred; no binding-resolved reset analysis
ggml/src/ggml-sycl/ggml-sycl.cpp,51428,warn,int,function-local:ggml_sycl_mul_mat_tp_row_parallel_post,mutable,none evident,unscoped lexical candidate: L49503:static int warn = 0; | L49504:if (warn++ < 5) { | L50700:static int warn = 0;,"unscoped lexical candidate: L518:// llama.cpp-dyi3 round 8: warn on a value that is neither ""auto"" nor | L12629:// so it is a success here rather than something to warn about. | L37154:// Non-AOS layout failed to materialize - warn since these provide performance benefits",process or function lifetime (review required),lifecycle not inferred; no binding-resolved reset analysis
ggml/src/ggml-sycl/ggml-sycl.cpp,52312,live_logs,std::atomic<int>,function-local:ggml_sycl_routed_activation_device_ptr_live,mutable,intrinsic:atomic,"unscoped lexical candidate: L52313:if (live_logs.fetch_add(1, std::memory_order_relaxed) < 128) {",none found by unscoped lexical scan,process or function lifetime (review required),lifecycle not inferred; no binding-resolved reset analysis
ggml/src/ggml-sycl/ggml-sycl.cpp,52451,enabled,const bool,function-local:ggml_sycl_node_checksum_enabled,immutable binding,none evident,unscoped lexical candidate: L217:static const bool enabled = []() { | L466:static const bool enabled = [] { | L475:static const bool enabled = [] {,"unscoped lexical candidate: L221:return enabled; | L403:static std::atomic<int> g_ggml_sycl_unified_dispatch{ -1 }; // -1 = not initialized, 0 = disabled, 1 = enabled | L470:return enabled;",process or function lifetime (review required),not applicable: immutable binding
ggml/src/ggml-sycl/ggml-sycl.cpp,52502,filter,const char *,function-local:ggml_sycl_node_checksum_detail_filter,mutable,none evident,"unscoped lexical candidate: L9271:filter = env; | L16672:// backend, with or without this filter -- 1276 CPU / 4191 SYCL0 MUL_MAT nodes,","unscoped lexical candidate: L9265:static std::string filter; | L9283:if (filter[0] != '\0' && std::strstr(tensor->name, filter.c_str()) == nullptr) { | L16668:// ⚠️ What this filter does NOT do, because the first version of this comment",process or function lifetime (review required),lifecycle not inferred; no binding-resolved reset analysis
ggml/src/ggml-sycl/ggml-sycl.cpp,52556,g_node_checksum_seq,std::atomic<uint64_t>,function-local:ggml_sycl_compute_forward,mutable,intrinsic:atomic,"unscoped lexical candidate: L52557:const uint64_t seq = g_node_checksum_seq.fetch_add(1, std::memory_order_relaxed);",none found by unscoped lexical scan,process or function lifetime (review required),lifecycle not inferred; no binding-resolved reset analysis
ggml/src/ggml-sycl/ggml-sycl.cpp,53255,logged,std::atomic<bool>,function-local:ggml_sycl_log_storage_handle_miss,mutable,intrinsic:atomic,"unscoped lexical candidate: L3817:if (!logged.insert(k).second) { | L4437:if (logged.fetch_add(1, std::memory_order_relaxed) < 1) { | L5826:should_log = logged.insert(key).second;","unscoped lexical candidate: L3813:static std::unordered_set<key_t, key_hash> logged; | L4436:static std::atomic<int> logged{ 0 }; | L5818:static std::unordered_set<std::string> logged;",process or function lifetime (review required),lifecycle not inferred; no binding-resolved reset analysis
ggml/src/ggml-sycl/ggml-sycl.cpp,53359,bridge_log,std::atomic<int>,function-local:ggml_sycl_ensure_tensor_storage_handle,mutable,intrinsic:atomic,"unscoped lexical candidate: L53360:if (bridge_log.fetch_add(1, std::memory_order_relaxed) < 8) {",none found by unscoped lexical scan,process or function lifetime (review required),lifecycle not inferred; no binding-resolved reset analysis
ggml/src/ggml-sycl/ggml-sycl.cpp,53607,g_sycl_simple_consumer_route_depth,int,file,mutable,thread-local,unscoped lexical candidate: L53610:ggml_sycl_scoped_simple_consumer_route() { g_sycl_simple_consumer_route_depth++; } | L53612:~ggml_sycl_scoped_simple_consumer_route() { g_sycl_simple_consumer_route_depth--; },unscoped lexical candidate: L53620:if (g_sycl_simple_consumer_route_depth > 0) {,thread,lifecycle not inferred; no binding-resolved reset analysis
ggml/src/ggml-sycl/ggml-sycl.cpp,53871,route_logs,std::atomic<int>,function-local:ggml_sycl_try_route_simple_consumer,mutable,intrinsic:atomic,"unscoped lexical candidate: L53872:const int log_idx = route_logs.fetch_add(1, std::memory_order_relaxed);",none found by unscoped lexical scan,process or function lifetime (review required),lifecycle not inferred; no binding-resolved reset analysis
ggml/src/ggml-sycl/ggml-sycl.cpp,54679,route_log_count,std::atomic<int>,function-local:ggml_sycl_try_route_mul_mat_weight_owner,mutable,intrinsic:atomic,"unscoped lexical candidate: L54680:if (route_log_count.fetch_add(1, std::memory_order_relaxed) < 64) {",none found by unscoped lexical scan,process or function lifetime (review required),lifecycle not inferred; no binding-resolved reset analysis
ggml/src/ggml-sycl/ggml-sycl.cpp,55417,table,constexpr int8_t [16],function-local:mxfp4_i8_code_value,immutable binding,none evident,"unscoped lexical candidate: L20218:const void * const * table = moe_fusion_ensure_gpu0_ptrs(ctx, &tensor, routed, 1, 13); | L57498:const void * const * table = ggml_sycl_upload_moe_transient_ptr_table(ctx, weight, slots, layer_hash, layout); | L57608:void * table = resolved.ptr;","unscoped lexical candidate: L388:// sycl_env_settings table in ggml_check_sycl(), which overwrites this | L394:// It used to read 1024 and lose to the table's 64 on every run: 05519d18f | L399:// decision to make in the table, not a cleanup to make here (llama.cpp-d5h0).",process or function lifetime (review required),not applicable: immutable binding
ggml/src/ggml-sycl/ggml-sycl.cpp,56478,cached,std::atomic<int64_t>,function-local:ggml_sycl_onednn_pack_batch,mutable,intrinsic:atomic,"unscoped lexical candidate: L1151:cached.store(value, std::memory_order_release); | L2950:const auto cached = cache->get_placement_plan_snapshot(); | L3780:cached.store(v, std::memory_order_release);","unscoped lexical candidate: L1146:static std::atomic<int> cached{ -1 }; | L1147:int value = cached.load(std::memory_order_acquire); | L1251:// passes skip the dequantization kernel entirely, reading cached FP16 directly.",process or function lifetime (review required),lifecycle not inferred; no binding-resolved reset analysis
ggml/src/ggml-sycl/ggml-sycl.cpp,57316,incomplete_ptr_table_log,std::atomic<int>,function-local:moe_fusion_ensure_gpu0_ptrs,mutable,intrinsic:atomic,"unscoped lexical candidate: L57317:if (incomplete_ptr_table_log.fetch_add(1, std::memory_order_relaxed) < 64) {",none found by unscoped lexical scan,process or function lifetime (review required),lifecycle not inferred; no binding-resolved reset analysis
ggml/src/ggml-sycl/ggml-sycl.cpp,57714,enabled,const bool,function-local:ggml_sycl_moe_decode_down_i8_hotset_enabled,immutable binding,none evident,unscoped lexical candidate: L217:static const bool enabled = []() { | L466:static const bool enabled = [] { | L475:static const bool enabled = [] {,"unscoped lexical candidate: L221:return enabled; | L403:static std::atomic<int> g_ggml_sycl_unified_dispatch{ -1 }; // -1 = not initialized, 0 = disabled, 1 = enabled | L470:return enabled;",process or function lifetime (review required),not applicable: immutable binding
ggml/src/ggml-sycl/ggml-sycl.cpp,57722,topk,const int,function-local:ggml_sycl_moe_down_i8_hotset_topk,immutable binding,none evident,"unscoped lexical candidate: L20711:""[MOE-DIRECT-XMX-PLAN] layer=%d device=%d entries=%zu topk=%lld layout=%s "" | L58059:const int topk = std::min<int>(ggml_sycl_moe_down_i8_hotset_topk(), ranked.size()); | L58108:""[MOE-DOWN-I8-HOTSET] tensor=%s device=%d topk=%d considered=%zu materialized=%zu skipped=%zu ""","unscoped lexical candidate: L10848:// - ""*moe*topk*"" (top-k selection) | L10853:(strstr(lower_name, ""topk"") != nullptr); | L57729:return topk;",process or function lifetime (review required),not applicable: immutable binding
ggml/src/ggml-sycl/ggml-sycl.cpp,57736,configured,const size_t,function-local:ggml_sycl_moe_down_i8_hotset_budget_bytes,immutable binding,none evident,none found by unscoped lexical scan,"unscoped lexical candidate: L5693:GGML_LOG_INFO(""[HOST-ARENA] Zones configured: WEIGHT=%.1f MB KV=%.1f MB STAGING=%.1f MB SCRATCH=%.1f MB\n"", | L16802:// are configured, so all-VRAM models do not allocate a full host copy here. | L38712:// - zone_cap == 0 (arena not fully configured): fall back to cap.",process or function lifetime (review required),not applicable: immutable binding
ggml/src/ggml-sycl/ggml-sycl.cpp,57753,enabled,const bool,function-local:ggml_sycl_moe_down_i8_hotset_replace_phase_i8_enabled,immutable binding,none evident,unscoped lexical candidate: L217:static const bool enabled = []() { | L466:static const bool enabled = [] { | L475:static const bool enabled = [] {,"unscoped lexical candidate: L221:return enabled; | L403:static std::atomic<int> g_ggml_sycl_unified_dispatch{ -1 }; // -1 = not initialized, 0 = disabled, 1 = enabled | L470:return enabled;",process or function lifetime (review required),not applicable: immutable binding
ggml/src/ggml-sycl/ggml-sycl.cpp,57761,enabled,const bool,function-local:ggml_sycl_moe_down_i8_hotset_on_demand_enabled,immutable binding,none evident,unscoped lexical candidate: L217:static const bool enabled = []() { | L466:static const bool enabled = [] { | L475:static const bool enabled = [] {,"unscoped lexical candidate: L221:return enabled; | L403:static std::atomic<int> g_ggml_sycl_unified_dispatch{ -1 }; // -1 = not initialized, 0 = disabled, 1 = enabled | L470:return enabled;",process or function lifetime (review required),not applicable: immutable binding
ggml/src/ggml-sycl/ggml-sycl.cpp,57926,selected_materialize_log,std::atomic<int>,function-local:ggml_sycl_materialize_moe_down_i8_hotset_selected,mutable,intrinsic:atomic,"unscoped lexical candidate: L57927:const int n = selected_materialize_log.fetch_add(1, std::memory_order_relaxed);",none found by unscoped lexical scan,process or function lifetime (review required),lifecycle not inferred; no binding-resolved reset analysis
ggml/src/ggml-sycl/ggml-sycl.cpp,57962,hotset_route_log,std::atomic<int>,function-local:ggml_sycl_moe_maybe_use_down_i8_hotset,mutable,intrinsic:atomic,"unscoped lexical candidate: L57963:const int n = hotset_route_log.fetch_add(1, std::memory_order_relaxed);",none found by unscoped lexical scan,process or function lifetime (review required),lifecycle not inferred; no binding-resolved reset analysis
ggml/src/ggml-sycl/ggml-sycl.cpp,58104,hotset_materialize_log,std::atomic<int>,function-local:ggml_sycl_materialize_moe_down_i8_hotset_for_tensor,mutable,intrinsic:atomic,"unscoped lexical candidate: L58105:const int n = hotset_materialize_log.fetch_add(1, std::memory_order_relaxed);",none found by unscoped lexical scan,process or function lifetime (review required),lifecycle not inferred; no binding-resolved reset analysis
ggml/src/ggml-sycl/ggml-sycl.cpp,58245,ids_owner_warn,std::atomic<int>,function-local:ggml_sycl_copy_ids_to_host,mutable,intrinsic:atomic,"unscoped lexical candidate: L58246:if (ids_owner_warn.fetch_add(1, std::memory_order_relaxed) < 16) {",none found by unscoped lexical scan,process or function lifetime (review required),lifecycle not inferred; no binding-resolved reset analysis
ggml/src/ggml-sycl/ggml-sycl.cpp,58478,ids_stage_profile_enabled,const bool,function-local:ggml_sycl_get_moe_ids_device_ptr_exact,immutable binding,none evident,none found by unscoped lexical scan,"unscoped lexical candidate: L58484:ids_stage_profile_enabled ? ids_stage_profile_count.fetch_add(1, std::memory_order_relaxed) : -1; | L58485:const bool ids_stage_profile = ids_stage_profile_enabled && ids_stage_profile_index < 256;",process or function lifetime (review required),not applicable: immutable binding
ggml/src/ggml-sycl/ggml-sycl.cpp,58482,ids_stage_profile_count,std::atomic<int>,function-local:ggml_sycl_get_moe_ids_device_ptr_exact,mutable,intrinsic:atomic,"unscoped lexical candidate: L58484:ids_stage_profile_enabled ? ids_stage_profile_count.fetch_add(1, std::memory_order_relaxed) : -1;",none found by unscoped lexical scan,process or function lifetime (review required),lifecycle not inferred; no binding-resolved reset analysis
ggml/src/ggml-sycl/ggml-sycl.cpp,58834,enabled,const bool,function-local:ggml_sycl_moe_route_table_debug_enabled,immutable binding,none evident,unscoped lexical candidate: L217:static const bool enabled = []() { | L466:static const bool enabled = [] { | L475:static const bool enabled = [] {,"unscoped lexical candidate: L221:return enabled; | L403:static std::atomic<int> g_ggml_sycl_unified_dispatch{ -1 }; // -1 = not initialized, 0 = disabled, 1 = enabled | L470:return enabled;",process or function lifetime (review required),not applicable: immutable binding
ggml/src/ggml-sycl/ggml-sycl.cpp,59098,logged_ptr_enter,std::atomic<int>,function-local:ggml_sycl_update_moe_ptr_table,mutable,intrinsic:atomic,"unscoped lexical candidate: L59099:const int n = logged_ptr_enter.fetch_add(1, std::memory_order_relaxed);",none found by unscoped lexical scan,process or function lifetime (review required),lifecycle not inferred; no binding-resolved reset analysis
ggml/src/ggml-sycl/ggml-sycl.cpp,59196,logged_ptr_aos,std::atomic<int>,function-local:<lambda>,mutable,intrinsic:atomic,"unscoped lexical candidate: L59197:const int n = logged_ptr_aos.fetch_add(1, std::memory_order_relaxed);",none found by unscoped lexical scan,process or function lifetime (review required),lifecycle not inferred; no binding-resolved reset analysis
ggml/src/ggml-sycl/ggml-sycl.cpp,59253,missing_route_lease_log,std::atomic<int>,function-local:<lambda>,mutable,intrinsic:atomic,"unscoped lexical candidate: L59254:if (missing_route_lease_log.fetch_add(1, std::memory_order_relaxed) < 10) {",none found by unscoped lexical scan,process or function lifetime (review required),lifecycle not inferred; no binding-resolved reset analysis
ggml/src/ggml-sycl/ggml-sycl.cpp,59373,k_conflicting_decode_layouts,constexpr layout_mode [],function-local:ggml_sycl_update_moe_ptr_table,immutable binding,none evident,none found by unscoped lexical scan,unscoped lexical candidate: L59378:for (layout_mode old_layout : k_conflicting_decode_layouts) {,process or function lifetime (review required),not applicable: immutable binding
ggml/src/ggml-sycl/ggml-sycl.cpp,59592,exact_plan_miss_log,std::atomic<int>,function-local:ggml_sycl_update_moe_ptr_table,mutable,intrinsic:atomic,"unscoped lexical candidate: L59593:if (exact_plan_miss_log.fetch_add(1, std::memory_order_relaxed) < 8) {",none found by unscoped lexical scan,process or function lifetime (review required),lifecycle not inferred; no binding-resolved reset analysis
ggml/src/ggml-sycl/ggml-sycl.cpp,59609,exact_runtime_miss_log,std::atomic<int>,function-local:ggml_sycl_update_moe_ptr_table,mutable,intrinsic:atomic,"unscoped lexical candidate: L59610:if (exact_runtime_miss_log.fetch_add(1, std::memory_order_relaxed) < 8) {",none found by unscoped lexical scan,process or function lifetime (review required),lifecycle not inferred; no binding-resolved reset analysis
ggml/src/ggml-sycl/ggml-sycl.cpp,59688,plan_miss_log,std::atomic<int>,function-local:ggml_sycl_update_moe_ptr_table,mutable,intrinsic:atomic,"unscoped lexical candidate: L59689:if (plan_miss_log.fetch_add(1, std::memory_order_relaxed) < 5) {",none found by unscoped lexical scan,process or function lifetime (review required),lifecycle not inferred; no binding-resolved reset analysis
ggml/src/ggml-sycl/ggml-sycl.cpp,59871,moe_dispatch_count,int,function-local:ggml_sycl_update_moe_ptr_table,mutable,thread-local,unscoped lexical candidate: L59875:moe_dispatch_count++; | L59884:moe_dispatch_count = 1; // reset count for new token | L59891:moe_dispatch_count = 0;,unscoped lexical candidate: L59883:moe_ops_per_token = moe_dispatch_count - 1; | L59890:if (moe_dispatch_count >= moe_ops_per_token) {,thread,lifecycle not inferred; no binding-resolved reset analysis
ggml/src/ggml-sycl/ggml-sycl.cpp,59872,moe_ops_per_token,int,function-local:ggml_sycl_update_moe_ptr_table,mutable,thread-local,unscoped lexical candidate: L59883:moe_ops_per_token = moe_dispatch_count - 1;,unscoped lexical candidate: L59877:if (moe_ops_per_token == 0) { | L59890:if (moe_dispatch_count >= moe_ops_per_token) {,thread,lifecycle not inferred; no binding-resolved reset analysis
ggml/src/ggml-sycl/ggml-sycl.cpp,59873,seen_tensor_names,std::unordered_set<int>,function-local:ggml_sycl_update_moe_ptr_table,mutable,thread-local,unscoped lexical candidate: L59880:seen_tensor_names.insert(tensor_name_id); | L59885:seen_tensor_names.clear();,unscoped lexical candidate: L59879:if (seen_tensor_names.count(tensor_name_id) == 0) {,thread,lifecycle not inferred; unscoped lexical reset candidate: L59885:seen_tensor_names.clear();
ggml/src/ggml-sycl/ggml-sycl.cpp,60022,BLIND_PRELOAD_THRESHOLD,const int,file,immutable binding,none evident,none found by unscoped lexical scan,unscoped lexical candidate: L60025:return BLIND_PRELOAD_THRESHOLD;,process or function lifetime (review required),not applicable: immutable binding
ggml/src/ggml-sycl/ggml-sycl.cpp,60097,g_moe_phase_tiled_demoted_mutex,std::mutex,file,mutable,intrinsic:lock primitive,none found by unscoped lexical scan,unscoped lexical candidate: L60103:std::lock_guard<std::mutex> lock(g_moe_phase_tiled_demoted_mutex); | L60108:std::lock_guard<std::mutex> lock(g_moe_phase_tiled_demoted_mutex); | L60135:std::lock_guard<std::mutex> lock(g_moe_phase_tiled_demoted_mutex);,model/layer semantic state (review required),lifecycle not inferred; no binding-resolved reset analysis
ggml/src/ggml-sycl/ggml-sycl.cpp,60098,g_moe_phase_tiled_demoted,std::unordered_set<const ggml_tensor *>,file,mutable,none evident,unscoped lexical candidate: L60109:g_moe_phase_tiled_demoted.insert(src0); | L60136:g_moe_phase_tiled_demoted.clear();,unscoped lexical candidate: L60104:return g_moe_phase_tiled_demoted.find(src0) != g_moe_phase_tiled_demoted.end();,tensor/allocation identity or registry,lifecycle not inferred; unscoped lexical reset candidate: L60136:g_moe_phase_tiled_demoted.clear();
ggml/src/ggml-sycl/ggml-sycl.cpp,60099,g_moe_phase_i8_demoted_mutex,std::mutex,file,mutable,intrinsic:lock primitive,none found by unscoped lexical scan,unscoped lexical candidate: L60113:std::lock_guard<std::mutex> lock(g_moe_phase_i8_demoted_mutex); | L60118:std::lock_guard<std::mutex> lock(g_moe_phase_i8_demoted_mutex); | L60139:std::lock_guard<std::mutex> lock(g_moe_phase_i8_demoted_mutex);,model/layer semantic state (review required),lifecycle not inferred; no binding-resolved reset analysis
ggml/src/ggml-sycl/ggml-sycl.cpp,60100,g_moe_phase_i8_demoted,std::unordered_set<const ggml_tensor *>,file,mutable,none evident,unscoped lexical candidate: L60119:g_moe_phase_i8_demoted.insert(src0); | L60140:g_moe_phase_i8_demoted.clear();,unscoped lexical candidate: L60114:return g_moe_phase_i8_demoted.find(src0) != g_moe_phase_i8_demoted.end();,tensor/allocation identity or registry,lifecycle not inferred; unscoped lexical reset candidate: L60140:g_moe_phase_i8_demoted.clear();
ggml/src/ggml-sycl/ggml-sycl.cpp,60257,decode_release_log,std::atomic<int>,function-local:ggml_sycl_release_prompt_down_soa_before_decode,mutable,intrinsic:atomic,"unscoped lexical candidate: L60258:const int n = decode_release_log.fetch_add(1, std::memory_order_relaxed);",none found by unscoped lexical scan,process or function lifetime (review required),lifecycle not inferred; no binding-resolved reset analysis
ggml/src/ggml-sycl/ggml-sycl.cpp,60299,lease_release_log,std::atomic<int>,function-local:ggml_sycl_release_moe_ptr_table_leases_for_layout,mutable,intrinsic:atomic,"unscoped lexical candidate: L60300:const int n = lease_release_log.fetch_add(1, std::memory_order_relaxed);",none found by unscoped lexical scan,process or function lifetime (review required),lifecycle not inferred; no binding-resolved reset analysis
ggml/src/ggml-sycl/ggml-sycl.cpp,60380,selected_release_log,std::atomic<int>,function-local:ggml_sycl_release_moe_expert_layout_subset,mutable,intrinsic:atomic,"unscoped lexical candidate: L60381:const int n = selected_release_log.fetch_add(1, std::memory_order_relaxed);",none found by unscoped lexical scan,process or function lifetime (review required),lifecycle not inferred; no binding-resolved reset analysis
ggml/src/ggml-sycl/ggml-sycl.cpp,60461,k_phase_layouts,constexpr layout_mode [],function-local:ggml_sycl_release_moe_tensor_phase_layouts_except_two,immutable binding,none evident,none found by unscoped lexical scan,unscoped lexical candidate: L60466:for (layout_mode layout : k_phase_layouts) {,process or function lifetime (review required),not applicable: immutable binding
ggml/src/ggml-sycl/ggml-sycl.cpp,60536,enabled,const bool,function-local:ggml_sycl_moe_phase_down_i8_enabled,immutable binding,none evident,unscoped lexical candidate: L217:static const bool enabled = []() { | L466:static const bool enabled = [] { | L475:static const bool enabled = [] {,"unscoped lexical candidate: L221:return enabled; | L403:static std::atomic<int> g_ggml_sycl_unified_dispatch{ -1 }; // -1 = not initialized, 0 = disabled, 1 = enabled | L470:return enabled;",process or function lifetime (review required),not applicable: immutable binding
ggml/src/ggml-sycl/ggml-sycl.cpp,60544,enabled,const bool,function-local:ggml_sycl_moe_phase_down_i8_bulk_enabled,immutable binding,none evident,unscoped lexical candidate: L217:static const bool enabled = []() { | L466:static const bool enabled = [] { | L475:static const bool enabled = [] {,"unscoped lexical candidate: L221:return enabled; | L403:static std::atomic<int> g_ggml_sycl_unified_dispatch{ -1 }; // -1 = not initialized, 0 = disabled, 1 = enabled | L470:return enabled;",process or function lifetime (review required),not applicable: immutable binding
ggml/src/ggml-sycl/ggml-sycl.cpp,60552,value,const size_t,function-local:ggml_sycl_moe_phase_down_i8_bulk_chunk_experts,immutable binding,none evident,unscoped lexical candidate: L1147:int value = cached.load(std::memory_order_acquire); | L1150:value = (env && *env && std::atoi(env) != 0) ? 1 : 0; | L14816:context->value = id.value;,"unscoped lexical candidate: L518:// llama.cpp-dyi3 round 8: warn on a value that is neither ""auto"" nor | L521:// falling through"") of naming the bad value instead of silently | L524:// signal the value was never recognized. Read once, so this warns",process or function lifetime (review required),not applicable: immutable binding
ggml/src/ggml-sycl/ggml-sycl.cpp,60625,restore_log,std::atomic<int>,function-local:ggml_sycl_ensure_moe_tensor_storage_handles,mutable,intrinsic:atomic,"unscoped lexical candidate: L60626:const int n = restore_log.fetch_add(1, std::memory_order_relaxed);",none found by unscoped lexical scan,process or function lifetime (review required),lifecycle not inferred; no binding-resolved reset analysis
ggml/src/ggml-sycl/ggml-sycl.cpp,60676,phase_release_log,std::atomic<int>,function-local:ggml_sycl_materialize_moe_tensor_phase_layout,mutable,intrinsic:atomic,"unscoped lexical candidate: L60677:const int n = phase_release_log.fetch_add(1, std::memory_order_relaxed);",none found by unscoped lexical scan,process or function lifetime (review required),lifecycle not inferred; no binding-resolved reset analysis
ggml/src/ggml-sycl/ggml-sycl.cpp,60800,bulk_fail_log,std::atomic<int>,function-local:ggml_sycl_materialize_moe_tensor_phase_layout,mutable,intrinsic:atomic,"unscoped lexical candidate: L60801:const int n = bulk_fail_log.fetch_add(1, std::memory_order_relaxed); | L60981:const int n = bulk_fail_log.fetch_add(1, std::memory_order_relaxed);",unscoped lexical candidate: L60980:static std::atomic<int> bulk_fail_log{ 0 };,process or function lifetime (review required),lifecycle not inferred; no binding-resolved reset analysis
ggml/src/ggml-sycl/ggml-sycl.cpp,60845,bulk_log,std::atomic<int>,function-local:ggml_sycl_materialize_moe_tensor_phase_layout,mutable,intrinsic:atomic,"unscoped lexical candidate: L60846:const int n = bulk_log.fetch_add(1, std::memory_order_relaxed); | L61017:const int n = bulk_log.fetch_add(1, std::memory_order_relaxed);",unscoped lexical candidate: L61016:static std::atomic<int> bulk_log{ 0 };,process or function lifetime (review required),lifecycle not inferred; no binding-resolved reset analysis
ggml/src/ggml-sycl/ggml-sycl.cpp,60980,bulk_fail_log,std::atomic<int>,function-local:ggml_sycl_materialize_moe_tensor_phase_layout,mutable,intrinsic:atomic,"unscoped lexical candidate: L60801:const int n = bulk_fail_log.fetch_add(1, std::memory_order_relaxed); | L60981:const int n = bulk_fail_log.fetch_add(1, std::memory_order_relaxed);",unscoped lexical candidate: L60800:static std::atomic<int> bulk_fail_log{ 0 };,process or function lifetime (review required),lifecycle not inferred; no binding-resolved reset analysis
ggml/src/ggml-sycl/ggml-sycl.cpp,61016,bulk_log,std::atomic<int>,function-local:ggml_sycl_materialize_moe_tensor_phase_layout,mutable,intrinsic:atomic,"unscoped lexical candidate: L60846:const int n = bulk_log.fetch_add(1, std::memory_order_relaxed); | L61017:const int n = bulk_log.fetch_add(1, std::memory_order_relaxed);",unscoped lexical candidate: L60845:static std::atomic<int> bulk_log{ 0 };,process or function lifetime (review required),lifecycle not inferred; no binding-resolved reset analysis
ggml/src/ggml-sycl/ggml-sycl.cpp,61070,phase_layout_log,std::atomic<int>,function-local:ggml_sycl_materialize_moe_tensor_phase_layout,mutable,intrinsic:atomic,"unscoped lexical candidate: L61071:const int n = phase_layout_log.fetch_add(1, std::memory_order_relaxed);",none found by unscoped lexical scan,process or function lifetime (review required),lifecycle not inferred; no binding-resolved reset analysis
ggml/src/ggml-sycl/ggml-sycl.cpp,61205,planned_layout_log,std::atomic<int>,function-local:ggml_sycl_materialize_moe_tensor_planned_layout,mutable,intrinsic:atomic,"unscoped lexical candidate: L61206:const int n = planned_layout_log.fetch_add(1, std::memory_order_relaxed);",none found by unscoped lexical scan,process or function lifetime (review required),lifecycle not inferred; no binding-resolved reset analysis
ggml/src/ggml-sycl/ggml-sycl.cpp,61220,enabled,const bool,function-local:ggml_sycl_moe_phase_release_source_after_xmx_enabled,immutable binding,none evident,unscoped lexical candidate: L217:static const bool enabled = []() { | L466:static const bool enabled = [] { | L475:static const bool enabled = [] {,"unscoped lexical candidate: L221:return enabled; | L403:static std::atomic<int> g_ggml_sycl_unified_dispatch{ -1 }; // -1 = not initialized, 0 = disabled, 1 = enabled | L470:return enabled;",process or function lifetime (review required),not applicable: immutable binding
ggml/src/ggml-sycl/ggml-sycl.cpp,61336,source_release_log,std::atomic<int>,function-local:ggml_sycl_materialize_moe_phase_layouts,mutable,intrinsic:atomic,"unscoped lexical candidate: L61337:const int n = source_release_log.fetch_add(1, std::memory_order_relaxed);",none found by unscoped lexical scan,process or function lifetime (review required),lifecycle not inferred; no binding-resolved reset analysis
ggml/src/ggml-sycl/ggml-sycl.cpp,61488,phase_need_log,std::atomic<int>,function-local:ggml_sycl_moe_phase_materialization_needed,mutable,intrinsic:atomic,"unscoped lexical candidate: L61489:const int n = phase_need_log.fetch_add(1, std::memory_order_relaxed);",none found by unscoped lexical scan,process or function lifetime (review required),lifecycle not inferred; no binding-resolved reset analysis
ggml/src/ggml-sycl/ggml-sycl.cpp,61512,routing_prestage_enabled,std::atomic<int>,function-local:graph_preload_moe_experts,mutable,intrinsic:atomic,none found by unscoped lexical scan,"unscoped lexical candidate: L61513:int routing_prestage_val = routing_prestage_enabled.load(std::memory_order_acquire); | L61517:routing_prestage_enabled.compare_exchange_strong(routing_prestage_val, new_val, std::memory_order_release, | L61519:routing_prestage_val = routing_prestage_enabled.load(std::memory_order_acquire);",process or function lifetime (review required),lifecycle not inferred; no binding-resolved reset analysis
ggml/src/ggml-sycl/ggml-sycl.cpp,61575,prompt_down_preload_layout_log,std::atomic<int>,function-local:graph_preload_moe_experts,mutable,intrinsic:atomic,"unscoped lexical candidate: L61576:if (prompt_down_preload_layout_log.fetch_add(1, std::memory_order_relaxed) < 96) {",none found by unscoped lexical scan,process or function lifetime (review required),lifecycle not inferred; no binding-resolved reset analysis
ggml/src/ggml-sycl/ggml-sycl.cpp,61688,planned_graph_skip_log,std::atomic<int>,function-local:graph_preload_moe_experts,mutable,intrinsic:atomic,"unscoped lexical candidate: L61689:const int n = planned_graph_skip_log.fetch_add(1, std::memory_order_relaxed);",none found by unscoped lexical scan,process or function lifetime (review required),lifecycle not inferred; no binding-resolved reset analysis
ggml/src/ggml-sycl/ggml-sycl.cpp,61883,graph_lease_release_log,std::atomic<int>,function-local:graph_release_moe_expert_leases_for_tensor_layout,mutable,intrinsic:atomic,"unscoped lexical candidate: L61884:if (graph_lease_release_log.fetch_add(1, std::memory_order_relaxed) < 96) {",none found by unscoped lexical scan,process or function lifetime (review required),lifecycle not inferred; no binding-resolved reset analysis
ggml/src/ggml-sycl/ggml-sycl.cpp,61903,weight_streaming_enabled,bool,function-local:graph_preload_weights,mutable,none evident,none found by unscoped lexical scan,unscoped lexical candidate: L61906:if (!weight_streaming_enabled && !weights_evictable) {,device/process slot,lifecycle not inferred; no binding-resolved reset analysis
ggml/src/ggml-sycl/ggml-sycl.cpp,62301,k_mul_mat_priority,constexpr ggml_sycl_mul_mat_kernel [],file,immutable binding,none evident,none found by unscoped lexical scan,"unscoped lexical candidate: L46620:// choice (pick_kernel_for_layout / k_mul_mat_priority), eligible by | L62422:// (k_mul_mat_priority, the override-check switch, ggml_sycl_select_preferred_kernel, | L62855:// Iterate priority list (same as current k_mul_mat_priority)",process or function lifetime (review required),not applicable: immutable binding
ggml/src/ggml-sycl/ggml-sycl.cpp,62343,k_mul_mat_kernel_caps,constexpr ggml_sycl_mul_mat_kernel_caps [],file,immutable binding,none evident,none found by unscoped lexical scan,unscoped lexical candidate: L62363:for (const auto & caps : k_mul_mat_kernel_caps) {,process or function lifetime (review required),not applicable: immutable binding
ggml/src/ggml-sycl/ggml-sycl.cpp,62372,allow,int,function-local:ggml_sycl_dmmv_allow_reordered_layouts,mutable,none evident,unscoped lexical candidate: L27873:static const bool allow = [] { | L62378:allow = (env == nullptr || std::atoi(env) != 0) ? 1 : 0;,"unscoped lexical candidate: L9402:// Returns true if we should force AoS (for backward compatibility), false to allow SoA. | L9409:// If SoA is explicitly enabled, allow it. | L27885:return allow;",process or function lifetime (review required),lifecycle not inferred; no binding-resolved reset analysis
ggml/src/ggml-sycl/ggml-sycl.cpp,62389,enabled,int,function-local:ggml_sycl_q8_0_onednn_coalesced_enabled,mutable,none evident,unscoped lexical candidate: L217:static const bool enabled = []() { | L466:static const bool enabled = [] { | L475:static const bool enabled = [] {,"unscoped lexical candidate: L221:return enabled; | L403:static std::atomic<int> g_ggml_sycl_unified_dispatch{ -1 }; // -1 = not initialized, 0 = disabled, 1 = enabled | L470:return enabled;",process or function lifetime (review required),"lifecycle not inferred; unscoped lexical reset candidate: L7274:enabled.store(false, std::memory_order_release);"
ggml/src/ggml-sycl/ggml-sycl.cpp,62413,enabled,int,function-local:ggml_sycl_onednn_woq_q8_enabled,mutable,none evident,unscoped lexical candidate: L217:static const bool enabled = []() { | L466:static const bool enabled = [] { | L475:static const bool enabled = [] {,"unscoped lexical candidate: L221:return enabled; | L403:static std::atomic<int> g_ggml_sycl_unified_dispatch{ -1 }; // -1 = not initialized, 0 = disabled, 1 = enabled | L470:return enabled;",process or function lifetime (review required),"lifecycle not inferred; unscoped lexical reset candidate: L7274:enabled.store(false, std::memory_order_release);"
ggml/src/ggml-sycl/ggml-sycl.cpp,62434,enabled,int,function-local:ggml_sycl_q8_0_onednn_soa_enabled,mutable,none evident,unscoped lexical candidate: L217:static const bool enabled = []() { | L466:static const bool enabled = [] { | L475:static const bool enabled = [] {,"unscoped lexical candidate: L221:return enabled; | L403:static std::atomic<int> g_ggml_sycl_unified_dispatch{ -1 }; // -1 = not initialized, 0 = disabled, 1 = enabled | L470:return enabled;",process or function lifetime (review required),"lifecycle not inferred; unscoped lexical reset candidate: L7274:enabled.store(false, std::memory_order_release);"
ggml/src/ggml-sycl/ggml-sycl.cpp,62521,kernel_map,const struct { const char * name; ggml_sycl_mul_mat_kernel kernel; } [],function-local:ggml_sycl_parse_force_kernel,immutable binding,none evident,unscoped lexical candidate: L62521:} kernel_map[] = {,unscoped lexical candidate: L62538:for (const auto & entry : kernel_map) {,process or function lifetime (review required),not applicable: immutable binding
ggml/src/ggml-sycl/ggml-sycl.cpp,62563,g_ggml_sycl_select_quiet_depth,int,file,mutable,thread-local,unscoped lexical candidate: L62570:ggml_sycl_select_quiet_scope() { g_ggml_sycl_select_quiet_depth++; } | L62572:~ggml_sycl_select_quiet_scope() { g_ggml_sycl_select_quiet_depth--; },unscoped lexical candidate: L62566:return g_ggml_sycl_select_quiet_depth > 0;,thread,lifecycle not inferred; no binding-resolved reset analysis
ggml/src/ggml-sycl/ggml-sycl.cpp,62642,force_mmq_env,bool,function-local:ggml_sycl_select_preferred_kernel,mutable,none evident,none found by unscoped lexical scan,unscoped lexical candidate: L62646:if (force_mmq_env && use_mmq) {,process or function lifetime (review required),lifecycle not inferred; no binding-resolved reset analysis
ggml/src/ggml-sycl/ggml-sycl.cpp,62643,force_dmmv_env,bool,function-local:ggml_sycl_select_preferred_kernel,mutable,none evident,none found by unscoped lexical scan,unscoped lexical candidate: L62650:if (force_dmmv_env && use_dmmv) {,process or function lifetime (review required),lifecycle not inferred; no binding-resolved reset analysis
ggml/src/ggml-sycl/ggml-sycl.cpp,63124,env_checked,std::atomic<int>,function-local:ggml_sycl_layout_override_active,mutable,intrinsic:atomic,"unscoped lexical candidate: L63130:env_checked.store(1, std::memory_order_release); | L63135:env_checked.store(0, std::memory_order_release);",unscoped lexical candidate: L63126:int checked = env_checked.load(std::memory_order_acquire); | L63137:checked = env_checked.load(std::memory_order_acquire);,process or function lifetime (review required),"lifecycle not inferred; unscoped lexical reset candidate: L63135:env_checked.store(0, std::memory_order_release);"
ggml/src/ggml-sycl/ggml-sycl.cpp,63125,env_layout,layout_mode,function-local:ggml_sycl_layout_override_active,mutable,none evident,none found by unscoped lexical scan,"unscoped lexical candidate: L63129:if (env && env[0] != '\0' && ggml_sycl_layout_mode_from_string(env, &env_layout)) { | L63140:override_layout = env_layout;",process or function lifetime (review required),lifecycle not inferred; no binding-resolved reset analysis
ggml/src/ggml-sycl/ggml-sycl.cpp,63255,force_kernel_env,auto,function-local:select,mutable,none evident,none found by unscoped lexical scan,unscoped lexical candidate: L63257:forced_kernel.has_value() ? forced_kernel : force_kernel_env;,process or function lifetime (review required),lifecycle not inferred; no binding-resolved reset analysis
ggml/src/ggml-sycl/ggml-sycl.cpp,63423,g_split_config,split_device_config,file,mutable,none evident,unscoped lexical candidate: L63813:g_split_config = {};,unscoped lexical candidate: L63823:if (g_split_config.queue[0]) { | L63826:g_split_config.queue[0] = primary_queue; | L63827:g_split_config.device[0] = ggml_sycl_get_device_id_from_queue(*primary_queue);,device/process slot,lifecycle not inferred; no binding-resolved reset analysis
ggml/src/ggml-sycl/ggml-sycl.cpp,63424,g_split_secondary_queue_owner,std::unique_ptr<sycl::queue>,file,mutable,none evident,unscoped lexical candidate: L63816:g_split_secondary_queue_owner.reset(); | L63889:g_split_secondary_queue_owner = | L63924:g_split_secondary_queue_owner.reset();,unscoped lexical candidate: L63891:sycl::queue & q1 = *g_split_secondary_queue_owner;,device/process slot,lifecycle not inferred; unscoped lexical reset candidate: L63816:g_split_secondary_queue_owner.reset(); | L63924:g_split_secondary_queue_owner.reset();
ggml/src/ggml-sycl/ggml-sycl.cpp,63425,g_split_merge_queue_owner,std::unique_ptr<sycl::queue>,file,mutable,none evident,unscoped lexical candidate: L63815:g_split_merge_queue_owner.reset(); | L63912:g_split_merge_queue_owner = std::make_unique<sycl::queue>(primary_dev); | L63925:g_split_merge_queue_owner.reset();,unscoped lexical candidate: L63913:g_split_merge_queue = g_split_merge_queue_owner.get();,device/process slot,lifecycle not inferred; unscoped lexical reset candidate: L63815:g_split_merge_queue_owner.reset(); | L63925:g_split_merge_queue_owner.reset();
ggml/src/ggml-sycl/ggml-sycl.cpp,63426,g_split_coord_queue_owner,std::unique_ptr<sycl::queue>,file,mutable,none evident,unscoped lexical candidate: L63690:g_split_coord_queue_owner = | L63814:g_split_coord_queue_owner.reset();,unscoped lexical candidate: L63692:r.coord_queue = g_split_coord_queue_owner.get();,device/process slot,lifecycle not inferred; unscoped lexical reset candidate: L63814:g_split_coord_queue_owner.reset();
ggml/src/ggml-sycl/ggml-sycl.cpp,63455,g_split_persistent,split_persistent_resources,file,mutable,none evident,none found by unscoped lexical scan,unscoped lexical candidate: L63548:auto & r = g_split_persistent; | L63812:g_split_persistent.coord_queue = nullptr; | L85252:auto & r = g_split_persistent;,process or function lifetime (review required),lifecycle not inferred; no binding-resolved reset analysis
ggml/src/ggml-sycl/ggml-sycl.cpp,63478,g_split_secondary_kernel,std::unique_ptr<ggml_sycl::UnifiedKernel>,file,mutable,none evident,unscoped lexical candidate: L63809:g_split_secondary_kernel.reset(); | L107520:g_split_secondary_kernel.reset(new ggml_sycl::UnifiedKernel(*q2));,unscoped lexical candidate: L107518:if (!g_split_secondary_kernel) { | L107522:g_split_secondary_kernel->configure(xmx2); | L107528:ggml_sycl::UnifiedKernel & secondary = *g_split_secondary_kernel;,process or function lifetime (review required),lifecycle not inferred; unscoped lexical reset candidate: L63809:g_split_secondary_kernel.reset(); | L107520:g_split_secondary_kernel.reset(new ggml_sycl::UnifiedKernel(*q2));
ggml/src/ggml-sycl/ggml-sycl.cpp,63484,g_cached_secondary_ops,std::vector<secondary_matmul_info>,file,mutable,none evident,unscoped lexical candidate: L63808:g_cached_secondary_ops.clear(); | L107553:g_cached_secondary_ops.clear(); | L107572:g_cached_secondary_ops.clear();,unscoped lexical candidate: L107566:secondary_ops = g_cached_secondary_ops;,process or function lifetime (review required),lifecycle not inferred; unscoped lexical reset candidate: L63808:g_cached_secondary_ops.clear(); | L107553:g_cached_secondary_ops.clear(); | L107572:g_cached_secondary_ops.clear();
ggml/src/ggml-sycl/ggml-sycl.cpp,63485,g_split_plan_cached,bool,file,mutable,none evident,unscoped lexical candidate: L63810:g_split_plan_cached = false; | L107552:g_split_plan_cached = false; | L107571:g_split_plan_cached = false;,unscoped lexical candidate: L107542:if (g_split_plan_cached && primary.has_cached_plan()) { | L107771:if (!g_split_plan_cached) { | L107868:if (g_split_plan_cached) {,process or function lifetime (review required),lifecycle not inferred; no binding-resolved reset analysis
ggml/src/ggml-sycl/ggml-sycl.cpp,63706,g_split_merge_queue,sycl::queue *,file,mutable,none evident,unscoped lexical candidate: L63811:g_split_merge_queue = nullptr; | L63913:g_split_merge_queue = g_split_merge_queue_owner.get(); | L63926:g_split_merge_queue = nullptr;,none found by unscoped lexical scan,device/process slot,lifecycle not inferred; no binding-resolved reset analysis
ggml/src/ggml-sycl/ggml-sycl.cpp,63707,g_pending_merges,std::vector<sycl::event>,file,mutable,none evident,unscoped lexical candidate: L63740:g_pending_merges.clear(); | L63807:g_pending_merges.clear(); | L64670:g_pending_merges.push_back(ggml_sycl::mem_copy_async(,unscoped lexical candidate: L63734:if (g_pending_merges.empty()) { | L63737:for (auto & e : g_pending_merges) { | L63829:g_pending_merges.reserve(16);,process or function lifetime (review required),lifecycle not inferred; unscoped lexical reset candidate: L63740:g_pending_merges.clear(); | L63807:g_pending_merges.clear();
ggml/src/ggml-sycl/ggml-sycl.cpp,63713,MERGE_RING_SIZE,constexpr int,file,immutable binding,none evident,none found by unscoped lexical scan,unscoped lexical candidate: L63715:static float * s_second_out_ring[MERGE_RING_SIZE] = {}; | L63717:static managed_host_pinned_buffer s_second_out_ring_alloc[MERGE_RING_SIZE]; | L63719:static float * s_cpu_out_ring[MERGE_RING_SIZE] = {};,process or function lifetime (review required),not applicable: immutable binding
ggml/src/ggml-sycl/ggml-sycl.cpp,63715,s_second_out_ring,float *[MERGE_RING_SIZE],file,mutable,none evident,unscoped lexical candidate: L64563:s_second_out_ring[i] = nullptr; | L64568:s_second_out_ring[i] = s_second_out_ring_alloc[i].as<float>(); | L85236:s_second_out_ring[i] = nullptr;,unscoped lexical candidate: L64571:s_second_out_ring_sz = s_second_out_ring[0] ? second_out_bytes : 0; | L64573:if (!s_second_out_ring[ring_slot]) {,process or function lifetime (review required),lifecycle not inferred; no binding-resolved reset analysis
ggml/src/ggml-sycl/ggml-sycl.cpp,63716,s_second_out_ring_sz,size_t,file,mutable,none evident,unscoped lexical candidate: L64571:s_second_out_ring_sz = s_second_out_ring[0] ? second_out_bytes : 0; | L85243:s_second_out_ring_sz = 0;,unscoped lexical candidate: L64560:if (s_second_out_ring_sz < second_out_bytes) {,process or function lifetime (review required),lifecycle not inferred; no binding-resolved reset analysis
ggml/src/ggml-sycl/ggml-sycl.cpp,63717,s_second_out_ring_alloc,managed_host_pinned_buffer [MERGE_RING_SIZE],file,mutable,none evident,unscoped lexical candidate: L64564:s_second_out_ring_alloc[i].reset(); | L85235:s_second_out_ring_alloc[i].reset();,"unscoped lexical candidate: L64565:if (s_second_out_ring_alloc[i].ensure( | L64568:s_second_out_ring[i] = s_second_out_ring_alloc[i].as<float>(); | L64606:e_second_out = ggml_sycl::mem_copy_async(s_second_out_ring_alloc[ring_slot].as_mem_handle(),",tensor/allocation identity or registry,lifecycle not inferred; unscoped lexical reset candidate: L64564:s_second_out_ring_alloc[i].reset(); | L85235:s_second_out_ring_alloc[i].reset();
ggml/src/ggml-sycl/ggml-sycl.cpp,63719,s_cpu_out_ring,float *[MERGE_RING_SIZE],file,mutable,none evident,unscoped lexical candidate: L64617:s_cpu_out_ring[i] = nullptr; | L64622:s_cpu_out_ring[i] = s_cpu_out_ring_alloc[i].as<float>(); | L85238:s_cpu_out_ring[i] = nullptr;,unscoped lexical candidate: L64625:s_cpu_out_ring_sz = s_cpu_out_ring[0] ? cpu_out_bytes : 0; | L64627:if (!s_cpu_out_ring[ring_slot]) { | L64643:g_cpu_worker.output = s_cpu_out_ring[ring_slot];,process or function lifetime (review required),lifecycle not inferred; no binding-resolved reset analysis
ggml/src/ggml-sycl/ggml-sycl.cpp,63720,s_cpu_out_ring_sz,size_t,file,mutable,none evident,unscoped lexical candidate: L64625:s_cpu_out_ring_sz = s_cpu_out_ring[0] ? cpu_out_bytes : 0; | L85244:s_cpu_out_ring_sz = 0;,unscoped lexical candidate: L64614:if (s_cpu_out_ring_sz < cpu_out_bytes) {,process or function lifetime (review required),lifecycle not inferred; no binding-resolved reset analysis
ggml/src/ggml-sycl/ggml-sycl.cpp,63721,s_cpu_out_ring_alloc,managed_host_pinned_buffer [MERGE_RING_SIZE],file,mutable,none evident,unscoped lexical candidate: L64618:s_cpu_out_ring_alloc[i].reset(); | L85237:s_cpu_out_ring_alloc[i].reset();,"unscoped lexical candidate: L64619:if (s_cpu_out_ring_alloc[i].ensure(*stream, device, cpu_out_bytes, ggml_sycl::alloc_role::STAGING, | L64622:s_cpu_out_ring[i] = s_cpu_out_ring_alloc[i].as<float>(); | L64683:s_cpu_out_ring_alloc[ring_slot].as_mem_handle(), N_cpu * sizeof(float), *stream));",tensor/allocation identity or registry,lifecycle not inferred; unscoped lexical reset candidate: L64618:s_cpu_out_ring_alloc[i].reset(); | L85237:s_cpu_out_ring_alloc[i].reset();
ggml/src/ggml-sycl/ggml-sycl.cpp,63723,s_src1_ring,float *[MERGE_RING_SIZE],file,mutable,none evident,unscoped lexical candidate: L64513:s_src1_ring[i] = nullptr; | L64517:s_src1_ring[i] = s_src1_ring_alloc[i].as<float>(); | L85240:s_src1_ring[i] = nullptr;,unscoped lexical candidate: L64520:s_src1_ring_sz = s_src1_ring[0] ? src1_f32_bytes : 0; | L64522:if (!s_src1_ring[ring_slot]) { | L64642:g_cpu_worker.src1 = s_src1_ring[ring_slot];,process or function lifetime (review required),lifecycle not inferred; no binding-resolved reset analysis
ggml/src/ggml-sycl/ggml-sycl.cpp,63724,s_src1_ring_sz,size_t,file,mutable,none evident,unscoped lexical candidate: L64520:s_src1_ring_sz = s_src1_ring[0] ? src1_f32_bytes : 0; | L85245:s_src1_ring_sz = 0;,unscoped lexical candidate: L64510:if (s_src1_ring_sz < src1_f32_bytes) {,process or function lifetime (review required),lifecycle not inferred; no binding-resolved reset analysis
ggml/src/ggml-sycl/ggml-sycl.cpp,63725,s_src1_ring_alloc,managed_host_pinned_buffer [MERGE_RING_SIZE],file,mutable,none evident,unscoped lexical candidate: L64514:s_src1_ring_alloc[i].reset(); | L85239:s_src1_ring_alloc[i].reset();,"unscoped lexical candidate: L64515:if (s_src1_ring_alloc[i].ensure(*stream, device, src1_f32_bytes, ggml_sycl::alloc_role::STAGING, | L64517:s_src1_ring[i] = s_src1_ring_alloc[i].as<float>(); | L64528:auto src1_ring_handle = s_src1_ring_alloc[ring_slot].as_mem_handle();",tensor/allocation identity or registry,lifecycle not inferred; unscoped lexical reset candidate: L64514:s_src1_ring_alloc[i].reset(); | L85239:s_src1_ring_alloc[i].reset();
ggml/src/ggml-sycl/ggml-sycl.cpp,63727,s_ring_idx,int,file,mutable,none evident,unscoped lexical candidate: L63741:s_ring_idx = 0; | L64685:s_ring_idx++; | L85246:s_ring_idx = 0;,unscoped lexical candidate: L64503:const int ring_slot = s_ring_idx % MERGE_RING_SIZE;,process or function lifetime (review required),lifecycle not inferred; no binding-resolved reset analysis
ggml/src/ggml-sycl/ggml-sycl.cpp,63766,g_cpu_worker,struct cpu_split_worker { std::thread thread; std::mutex mtx; std::condition_variable cv_work; std::condition_variable cv_done; std::atomic<bool> has_work{ false }; std::atomic<bool> done{ true }; std::atomic<bool> shutdown{ false }; // Work parameters (set by host before signaling) sycl::event e_src1; ggml_type type; int ne00; const void * src0; const float * src1; float * output; int n_rows; },file,mutable,intrinsic:atomic,none found by unscoped lexical scan,"unscoped lexical candidate: L63766:} g_cpu_worker; | L63769:std::unique_lock<std::mutex> lock(g_cpu_worker.mtx); | L63771:g_cpu_worker.cv_work.wait(lock, [] { return g_cpu_worker.has_work.load() || g_cpu_worker.shutdown.load(); });",process or function lifetime (review required),lifecycle not inferred; no binding-resolved reset analysis
ggml/src/ggml-sycl/ggml-sycl.cpp,63948,atexit_registered,bool,function-local:split_config_init,mutable,none evident,unscoped lexical candidate: L63951:atexit_registered = true;,unscoped lexical candidate: L63949:if (!atexit_registered) {,process or function lifetime (review required),lifecycle not inferred; no binding-resolved reset analysis
ggml/src/ggml-sycl/ggml-sycl.cpp,63965,pct,const int,function-local:ggml_sycl_tensor_split_pct,immutable binding,none evident,"unscoped lexical candidate: L21370:auto pct = [](int64_t num, int64_t den) -> double { | L23031:double pct = dtok.token_total_us > 0 ? 100.0 * total_us / dtok.token_total_us : 0; | L23169:double pct = avg_total > 0 ? 100.0 * total_us / avg_total : 0;",unscoped lexical candidate: L13634:void ggml_backend_sycl_set_unified_cache_budget_pct(int pct) { | L13635:ggml_sycl::set_unified_cache_budget_pct(pct); | L13638:void ggml_backend_sycl_set_unified_cache_host_budget_pct(int pct) {,process or function lifetime (review required),not applicable: immutable binding
ggml/src/ggml-sycl/ggml-sycl.cpp,63976,SPLIT_MAX_DEVICES,constexpr int,file,immutable binding,none evident,none found by unscoped lexical scan,unscoped lexical candidate: L63987:static split_staging g_split_staging[SPLIT_MAX_DEVICES]; | L63990:if (dev_idx < 0 || dev_idx >= SPLIT_MAX_DEVICES) {,device/process slot,not applicable: immutable binding
ggml/src/ggml-sycl/ggml-sycl.cpp,63987,g_split_staging,split_staging [SPLIT_MAX_DEVICES],file,mutable,none evident,none found by unscoped lexical scan,unscoped lexical candidate: L63993:auto & s = g_split_staging[dev_idx]; | L64761:if (g_split_staging[0].src1_host && g_split_staging[0].output) { | L64762:auto dst_handle = g_split_staging[0].src1_alloc.as_mem_handle();,device/process slot,lifecycle not inferred; no binding-resolved reset analysis
ggml/src/ggml-sycl/ggml-sycl.cpp,64036,g_split_secondary_gpu,struct { char * q8_dev = nullptr; // Q8_1 quantized src1 on secondary GPU device float * f32_dev = nullptr; // f32 src1 copy on secondary GPU device (Q8 input) size_t q8_size = 0; size_t f32_size = 0; ggml_sycl::mem_handle q8_handle; ggml_sycl::mem_handle f32_handle; },file,mutable,none evident,none found by unscoped lexical scan,unscoped lexical candidate: L64036:} g_split_secondary_gpu; | L64085:const bool grow_q8 = g_split_secondary_gpu.q8_size < q8_bytes || | L64087:const bool grow_f32 = g_split_secondary_gpu.f32_size < f32_bytes ||,device/process slot,lifecycle not inferred; no binding-resolved reset analysis
ggml/src/ggml-sycl/ggml-sycl.cpp,64208,g_split_weight_staging,struct { void * data = nullptr; size_t bytes = 0; managed_host_pinned_buffer alloc; },file,mutable,none evident,none found by unscoped lexical scan,unscoped lexical candidate: L64208:} g_split_weight_staging; | L64211:if (g_split_weight_staging.bytes >= needed) { | L64214:g_split_weight_staging.data = nullptr;,tensor/allocation identity or registry,lifecycle not inferred; no binding-resolved reset analysis
ggml/src/ggml-sycl/ggml-sycl.cpp,64265,g_split_weight_cache,"std::unordered_map<split_weight_cache_key, split_weight_cache_entry, split_weight_cache_key_hash>",file,mutable,none evident,"unscoped lexical candidate: L64321:g_split_weight_cache[key] = { buf, cpu_weight_bytes, std::move(handle) }; | L85310:g_split_weight_cache.clear();",unscoped lexical candidate: L64265:g_split_weight_cache; | L64288:auto it = g_split_weight_cache.find(key); | L64289:if (it != g_split_weight_cache.end() && it->second.bytes >= cpu_weight_bytes) {,model/layer semantic state (review required),lifecycle not inferred; unscoped lexical reset candidate: L85310:g_split_weight_cache.clear();
ggml/src/ggml-sycl/ggml-sycl.cpp,64334,e,const bool,function-local:enabled,immutable binding,none evident,unscoped lexical candidate: L3166:for (int e = 0; e < MOE_MAX_EXPERTS; ++e) { | L3187:for (int e = 0; e < n_experts; e++) { | L3227:for (int e = 0; e < ne; e++) {,"unscoped lexical candidate: L391:// deliberately fail-closed (0 makes `batch < threshold` false, i.e. no XMX) | L500:// control agrees on only 11/48 tokens while forced agrees on 14/48 -- i.e. | L523:// a typo (e.g. ""atuo"") silently behave exactly like unset, with no",process or function lifetime (review required),not applicable: immutable binding
ggml/src/ggml-sycl/ggml-sycl.cpp,64340,d,const bool,function-local:deep,immutable binding,none evident,unscoped lexical candidate: L3716:for (int d = 0; d < n_devs; ++d) { | L3990:for (int d = 0; d < GGML_SYCL_MAX_DEVICES; ++d) { | L4039:for (int d = 0; d < GGML_SYCL_MAX_DEVICES; ++d) {,"unscoped lexical candidate: L753:""pending=%d\n"", | L793:""[GRAPH-DIAG] phase=%s use_graph=%d has_exec=%d moe_rerecord=%d seg_valid=%d "" | L800:""direct_submit=%.3fms direct_drain=%.3fms/%llu waits pending=%d """,process or function lifetime (review required),not applicable: immutable binding
ggml/src/ggml-sycl/ggml-sycl.cpp,64359,g_split_prof,split_profile,file,mutable,none evident,none found by unscoped lexical scan,unscoped lexical candidate: L64654:g_split_prof.sync_primary_us += us_since(t_s); | L64658:g_split_prof.sync_secondary_us += us_since(t_s); | L64688:g_split_prof.total_us += us_since(t_start);,process or function lifetime (review required),lifecycle not inferred; no binding-resolved reset analysis
ggml/src/ggml-sycl/ggml-sycl.cpp,64540,s_second_out_dev,float *,function-local:ggml_sycl_mul_mat_tensor_split,mutable,none evident,none found by unscoped lexical scan,"unscoped lexical candidate: L64552:!split_secondary_gpu_ensure(q8_bytes, src1_f32_bytes, second_out_bytes, s_second_out_dev, | L64594:second_args.output = s_second_out_dev;",process or function lifetime (review required),lifecycle not inferred; no binding-resolved reset analysis
ggml/src/ggml-sycl/ggml-sycl.cpp,64541,s_second_out_dev_sz,size_t,function-local:ggml_sycl_mul_mat_tensor_split,mutable,none evident,none found by unscoped lexical scan,"unscoped lexical candidate: L64553:s_second_out_dev_sz, s_second_out_dev_handle, stream_second)) {",process or function lifetime (review required),lifecycle not inferred; no binding-resolved reset analysis
ggml/src/ggml-sycl/ggml-sycl.cpp,64542,s_second_out_dev_handle,ggml_sycl::mem_handle,function-local:ggml_sycl_mul_mat_tensor_split,mutable,none evident,none found by unscoped lexical scan,"unscoped lexical candidate: L64553:s_second_out_dev_sz, s_second_out_dev_handle, stream_second)) { | L64607:s_second_out_dev_handle, second_out_bytes, *stream_second);",process or function lifetime (review required),lifecycle not inferred; no binding-resolved reset analysis
ggml/src/ggml-sycl/ggml-sycl.cpp,65035,dkw0_weight_check_env,const char *,function-local:ggml_sycl_mul_mat,mutable,none evident,"unscoped lexical candidate: L36615:static const char * dkw0_weight_check_env = std::getenv(""GGML_SYCL_DKW0_WEIGHT_CHECK"");",unscoped lexical candidate: L36616:if (dkw0_weight_check_env && std::atoi(dkw0_weight_check_env) != 0) { | L65036:if (dkw0_weight_check_env && std::atoi(dkw0_weight_check_env) != 0) {,model/layer semantic state (review required),lifecycle not inferred; no binding-resolved reset analysis
ggml/src/ggml-sycl/ggml-sycl.cpp,65037,dkw0_weight_check_count,std::atomic<int>,function-local:ggml_sycl_mul_mat,mutable,intrinsic:atomic,none found by unscoped lexical scan,unscoped lexical candidate: L65040:std::atomic<int> & dkw0_counter = dkw0_is_embd ? dkw0_weight_check_count_embd : dkw0_weight_check_count;,model/layer semantic state (review required),lifecycle not inferred; no binding-resolved reset analysis
ggml/src/ggml-sycl/ggml-sycl.cpp,65038,dkw0_weight_check_count_embd,std::atomic<int>,function-local:ggml_sycl_mul_mat,mutable,intrinsic:atomic,none found by unscoped lexical scan,unscoped lexical candidate: L65040:std::atomic<int> & dkw0_counter = dkw0_is_embd ? dkw0_weight_check_count_embd : dkw0_weight_check_count;,model/layer semantic state (review required),lifecycle not inferred; no binding-resolved reset analysis
ggml/src/ggml-sycl/ggml-sycl.cpp,65090,route_trace_count,std::atomic<int>,function-local:ggml_sycl_mul_mat,mutable,intrinsic:atomic,"unscoped lexical candidate: L65091:route_trace_idx = route_trace_count.fetch_add(1, std::memory_order_relaxed);",none found by unscoped lexical scan,process or function lifetime (review required),lifecycle not inferred; no binding-resolved reset analysis
ggml/src/ggml-sycl/ggml-sycl.cpp,65324,onednn_pp_direct_trace,std::atomic<int>,function-local:ggml_sycl_mul_mat,mutable,intrinsic:atomic,"unscoped lexical candidate: L65325:const int trace_idx = onednn_pp_direct_trace.fetch_add(1, std::memory_order_relaxed);",none found by unscoped lexical scan,process or function lifetime (review required),lifecycle not inferred; no binding-resolved reset analysis
ggml/src/ggml-sycl/ggml-sycl.cpp,65623,cpu_host_mat_disabled,const bool,function-local:ggml_sycl_mul_mat,immutable binding,none evident,none found by unscoped lexical scan,unscoped lexical candidate: L65635:if (!cpu_host_mat_disabled && !src0_on_device && src0_planned_host && src1->ne[1] == 1 && // batch=1 (TG only),process or function lifetime (review required),not applicable: immutable binding
ggml/src/ggml-sycl/ggml-sycl.cpp,65648,tl_src1_host,std::vector<float>,function-local:ggml_sycl_mul_mat,mutable,thread-local,unscoped lexical candidate: L65650:tl_src1_host.resize(K); | L65754:tl_src1_host.resize(src1_total_bytes / sizeof(float)); | L65855:tl_src1_host.resize(static_cast<size_t>(K));,"unscoped lexical candidate: L65663:auto src1_host_handle = ggml_sycl::mem_handle::from_direct(tl_src1_host.data(), GGML_LAYOUT_AOS, false, | L65679:ggml_sycl_cpu_vec_dot_rows(src0->type, static_cast<int>(K), weight_host, tl_src1_host.data(), | L65751:static thread_local std::vector<float> tl_src1_host;",thread,lifecycle not inferred; no binding-resolved reset analysis
ggml/src/ggml-sycl/ggml-sycl.cpp,65649,tl_dst_host,std::vector<float>,function-local:ggml_sycl_mul_mat,mutable,thread-local,unscoped lexical candidate: L65651:tl_dst_host.resize(N); | L65755:tl_dst_host.resize(dst_total_bytes / sizeof(float)); | L65856:tl_dst_host.resize(static_cast<size_t>(N));,"unscoped lexical candidate: L65665:auto dst_host_handle = ggml_sycl::mem_handle::from_direct(tl_dst_host.data(), GGML_LAYOUT_AOS, false, | L65680:tl_dst_host.data(), static_cast<int>(N)); | L65752:static thread_local std::vector<float> tl_dst_host;",thread,lifecycle not inferred; no binding-resolved reset analysis
ggml/src/ggml-sycl/ggml-sycl.cpp,65698,cpu_pp_enabled,const bool,function-local:ggml_sycl_mul_mat,immutable binding,none evident,none found by unscoped lexical scan,unscoped lexical candidate: L65711:if (cpu_pp_enabled && M_pp >= cpu_pp_threshold && // PP workload (large batch),process or function lifetime (review required),not applicable: immutable binding
ggml/src/ggml-sycl/ggml-sycl.cpp,65703,cpu_pp_threshold,const int,function-local:ggml_sycl_mul_mat,immutable binding,none evident,none found by unscoped lexical scan,unscoped lexical candidate: L65711:if (cpu_pp_enabled && M_pp >= cpu_pp_threshold && // PP workload (large batch),process or function lifetime (review required),not applicable: immutable binding
ggml/src/ggml-sycl/ggml-sycl.cpp,65751,tl_src1_host,std::vector<float>,function-local:ggml_sycl_mul_mat,mutable,thread-local,unscoped lexical candidate: L65650:tl_src1_host.resize(K); | L65754:tl_src1_host.resize(src1_total_bytes / sizeof(float)); | L65855:tl_src1_host.resize(static_cast<size_t>(K));,"unscoped lexical candidate: L65648:static thread_local std::vector<float> tl_src1_host; | L65663:auto src1_host_handle = ggml_sycl::mem_handle::from_direct(tl_src1_host.data(), GGML_LAYOUT_AOS, false, | L65679:ggml_sycl_cpu_vec_dot_rows(src0->type, static_cast<int>(K), weight_host, tl_src1_host.data(),",thread,lifecycle not inferred; no binding-resolved reset analysis
ggml/src/ggml-sycl/ggml-sycl.cpp,65752,tl_dst_host,std::vector<float>,function-local:ggml_sycl_mul_mat,mutable,thread-local,unscoped lexical candidate: L65651:tl_dst_host.resize(N); | L65755:tl_dst_host.resize(dst_total_bytes / sizeof(float)); | L65856:tl_dst_host.resize(static_cast<size_t>(N));,"unscoped lexical candidate: L65649:static thread_local std::vector<float> tl_dst_host; | L65665:auto dst_host_handle = ggml_sycl::mem_handle::from_direct(tl_dst_host.data(), GGML_LAYOUT_AOS, false, | L65680:tl_dst_host.data(), static_cast<int>(N));",thread,lifecycle not inferred; no binding-resolved reset analysis
ggml/src/ggml-sycl/ggml-sycl.cpp,65815,output_weight_cpu_fallback,const int,function-local:ggml_sycl_mul_mat,immutable binding,none evident,none found by unscoped lexical scan,unscoped lexical candidate: L65907:if (is_result_output_weight && output_weight_cpu_fallback != 0) { | L66111:if (output_weight_cpu_fallback != 0) {,model/layer semantic state (review required),not applicable: immutable binding
ggml/src/ggml-sycl/ggml-sycl.cpp,65853,tl_src1_host,std::vector<float>,function-local:<lambda>,mutable,thread-local,unscoped lexical candidate: L65650:tl_src1_host.resize(K); | L65754:tl_src1_host.resize(src1_total_bytes / sizeof(float)); | L65855:tl_src1_host.resize(static_cast<size_t>(K));,"unscoped lexical candidate: L65648:static thread_local std::vector<float> tl_src1_host; | L65663:auto src1_host_handle = ggml_sycl::mem_handle::from_direct(tl_src1_host.data(), GGML_LAYOUT_AOS, false, | L65679:ggml_sycl_cpu_vec_dot_rows(src0->type, static_cast<int>(K), weight_host, tl_src1_host.data(),",thread,lifecycle not inferred; no binding-resolved reset analysis
ggml/src/ggml-sycl/ggml-sycl.cpp,65854,tl_dst_host,std::vector<float>,function-local:<lambda>,mutable,thread-local,unscoped lexical candidate: L65651:tl_dst_host.resize(N); | L65755:tl_dst_host.resize(dst_total_bytes / sizeof(float)); | L65856:tl_dst_host.resize(static_cast<size_t>(N));,"unscoped lexical candidate: L65649:static thread_local std::vector<float> tl_dst_host; | L65665:auto dst_host_handle = ggml_sycl::mem_handle::from_direct(tl_dst_host.data(), GGML_LAYOUT_AOS, false, | L65680:tl_dst_host.data(), static_cast<int>(N));",thread,lifecycle not inferred; no binding-resolved reset analysis
ggml/src/ggml-sycl/ggml-sycl.cpp,65922,tg_fast_disabled,const bool,function-local:ggml_sycl_mul_mat,immutable binding,none evident,none found by unscoped lexical scan,unscoped lexical candidate: L65931:if (!tg_fast_disabled && src0_gpu_accessible && src1->ne[1] == 1 && !fast_split &&,process or function lifetime (review required),not applicable: immutable binding
ggml/src/ggml-sycl/ggml-sycl.cpp,66075,tp_mm_dbg,int,function-local:ggml_sycl_mul_mat,mutable,none evident,unscoped lexical candidate: L66076:if (g_ggml_sycl_tp_debug && tp_mm_dbg++ < 10) {,none found by unscoped lexical scan,process or function lifetime (review required),lifecycle not inferred; no binding-resolved reset analysis
ggml/src/ggml-sycl/ggml-sycl.cpp,66108,output_dbg,int,function-local:ggml_sycl_mul_mat,mutable,none evident,unscoped lexical candidate: L66118:if (g_ggml_sycl_tp_debug && is_output_weight && output_dbg++ < 3) {,none found by unscoped lexical scan,process or function lifetime (review required),lifecycle not inferred; no binding-resolved reset analysis
ggml/src/ggml-sycl/ggml-sycl.cpp,66204,force_mmq,bool,function-local:ggml_sycl_mul_mat,mutable,none evident,none found by unscoped lexical scan,unscoped lexical candidate: L66206:if (force_mmq && use_mul_mat_q) {,process or function lifetime (review required),lifecycle not inferred; no binding-resolved reset analysis
ggml/src/ggml-sycl/ggml-sycl.cpp,66205,force_dmmv,bool,function-local:ggml_sycl_mul_mat,mutable,none evident,none found by unscoped lexical scan,unscoped lexical candidate: L66210:if (force_dmmv && use_dequantize_mul_mat_vec) {,process or function lifetime (review required),lifecycle not inferred; no binding-resolved reset analysis
ggml/src/ggml-sycl/ggml-sycl.cpp,66255,path_debug_count,int,function-local:ggml_sycl_mul_mat,mutable,none evident,unscoped lexical candidate: L66266:path_debug_count++;,unscoped lexical candidate: L66262:} else if (src1->ne[1] > 1 && path_debug_count < 5) {,process or function lifetime (review required),lifecycle not inferred; no binding-resolved reset analysis
ggml/src/ggml-sycl/ggml-sycl.cpp,66256,batch1_debug_count,int,function-local:ggml_sycl_mul_mat,mutable,none evident,unscoped lexical candidate: L66261:batch1_debug_count++;,unscoped lexical candidate: L66258:if (src1->ne[1] == 1 && batch1_debug_count < 5) {,process or function lifetime (review required),lifecycle not inferred; no binding-resolved reset analysis
ggml/src/ggml-sycl/ggml-sycl.cpp,66281,path_dbg,int [32],function-local:ggml_sycl_mul_mat,mutable,none evident,"unscoped lexical candidate: L66290:if (strstr(mm_name, gate_name) && src1->ne[1] == 1 && path_dbg[l]++ < 2) {",none found by unscoped lexical scan,process or function lifetime (review required),lifecycle not inferred; no binding-resolved reset analysis
ggml/src/ggml-sycl/ggml-sycl.cpp,66282,weight_check_dbg,int,function-local:ggml_sycl_mul_mat,mutable,none evident,unscoped lexical candidate: L66294:if (l == 31 && weight_check_dbg++ < 3) {,none found by unscoped lexical scan,model/layer semantic state (review required),lifecycle not inferred; no binding-resolved reset analysis
ggml/src/ggml-sycl/ggml-sycl.cpp,66527,force_legacy,bool,function-local:ggml_sycl_mul_mat,mutable,none evident,none found by unscoped lexical scan,unscoped lexical candidate: L66529:if (!force_legacy) { | L67212:} // end !force_legacy block,process or function lifetime (review required),lifecycle not inferred; no binding-resolved reset analysis
ggml/src/ggml-sycl/ggml-sycl.cpp,66600,unified_trace_count,std::atomic<int>,function-local:ggml_sycl_mul_mat,mutable,intrinsic:atomic,"unscoped lexical candidate: L66601:const int trace_idx = unified_trace_count.fetch_add(1, std::memory_order_relaxed);",none found by unscoped lexical scan,process or function lifetime (review required),lifecycle not inferred; no binding-resolved reset analysis
ggml/src/ggml-sycl/ggml-sycl.cpp,66936,compare_enabled,int,function-local:ggml_sycl_mul_mat,mutable,none evident,"unscoped lexical candidate: L66939:compare_enabled = (env && std::string(env) == ""1"") ? 1 : 0;",unscoped lexical candidate: L66937:if (compare_enabled < 0) { | L66941:if (compare_enabled) {,process or function lifetime (review required),lifecycle not inferred; no binding-resolved reset analysis
ggml/src/ggml-sycl/ggml-sycl.cpp,66945,compare_limit,int,function-local:ggml_sycl_mul_mat,mutable,none evident,unscoped lexical candidate: L66951:compare_limit = parsed_limit > 0 ? parsed_limit : 1; | L80411:const int compare_limit = [] {,unscoped lexical candidate: L66948:if (compare_limit < 0) { | L66952:compare_remaining.store(compare_limit); | L80415:if (compare_idx < compare_limit) {,process or function lifetime (review required),lifecycle not inferred; no binding-resolved reset analysis
ggml/src/ggml-sycl/ggml-sycl.cpp,66946,compare_required_m,int,function-local:ggml_sycl_mul_mat,mutable,none evident,unscoped lexical candidate: L66956:compare_required_m = require_m_env ? std::atoi(require_m_env) : -1;,unscoped lexical candidate: L66954:if (compare_required_m == -2) { | L66959:(compare_required_m < 0) || (M == static_cast<int64_t>(compare_required_m));,process or function lifetime (review required),lifecycle not inferred; no binding-resolved reset analysis
ggml/src/ggml-sycl/ggml-sycl.cpp,66947,compare_remaining,std::atomic<int>,function-local:ggml_sycl_mul_mat,mutable,intrinsic:atomic,unscoped lexical candidate: L66952:compare_remaining.store(compare_limit); | L66961:const int remaining = compare_remaining.fetch_sub(1);,none found by unscoped lexical scan,process or function lifetime (review required),lifecycle not inferred; no binding-resolved reset analysis
ggml/src/ggml-sycl/ggml-sycl.cpp,67000,device_checksum_enabled,int,function-local:ggml_sycl_mul_mat,mutable,none evident,unscoped lexical candidate: L67004:device_checksum_enabled = (env && env[0] != '\0') ? 1 : 0;,unscoped lexical candidate: L67002:if (device_checksum_enabled < 0) { | L67013:if (device_checksum_enabled && weight_bytes > 0) {,device/process slot,lifecycle not inferred; no binding-resolved reset analysis
ggml/src/ggml-sycl/ggml-sycl.cpp,67001,device_checksum_limit,size_t,function-local:ggml_sycl_mul_mat,mutable,none evident,unscoped lexical candidate: L67009:device_checksum_limit = static_cast<size_t>(v);,"unscoped lexical candidate: L67014:const size_t bytes = std::min(device_checksum_limit, weight_bytes);",device/process slot,lifecycle not inferred; no binding-resolved reset analysis
ggml/src/ggml-sycl/ggml-sycl.cpp,67081,compare_sample_cols,int,function-local:ggml_sycl_mul_mat,mutable,none evident,unscoped lexical candidate: L67084:compare_sample_cols = env ? std::atoi(env) : 64; | L67086:compare_sample_cols = 64;,"unscoped lexical candidate: L67082:if (compare_sample_cols < 0) { | L67085:if (compare_sample_cols <= 0) { | L67090:std::min<int64_t>(N, static_cast<int64_t>(compare_sample_cols));",process or function lifetime (review required),lifecycle not inferred; no binding-resolved reset analysis
ggml/src/ggml-sycl/ggml-sycl.cpp,67242,warned_tensors,std::unordered_set<std::string>,function-local:ggml_sycl_mul_mat,mutable,none evident,unscoped lexical candidate: L67246:if (warned_tensors.insert(name).second) {,none found by unscoped lexical scan,tensor/allocation identity or registry,lifecycle not inferred; no binding-resolved reset analysis
ggml/src/ggml-sycl/ggml-sycl.cpp,67243,warned_tensors_mutex,std::mutex,function-local:ggml_sycl_mul_mat,mutable,intrinsic:lock primitive,none found by unscoped lexical scan,unscoped lexical candidate: L67245:std::lock_guard<std::mutex> lock(warned_tensors_mutex);,tensor/allocation identity or registry,lifecycle not inferred; no binding-resolved reset analysis
ggml/src/ggml-sycl/ggml-sycl.cpp,67363,gate_dbg,int [32],function-local:ggml_sycl_mul_mat,mutable,none evident,unscoped lexical candidate: L67386:(layer == 0 || layer == 30 || layer == 31) && gate_dbg[layer]++ < 3;,none found by unscoped lexical scan,process or function lifetime (review required),lifecycle not inferred; no binding-resolved reset analysis
ggml/src/ggml-sycl/ggml-sycl.cpp,67364,call_seq,int,function-local:ggml_sycl_mul_mat,mutable,none evident,unscoped lexical candidate: L67399:call_seq++;,"unscoped lexical candidate: L67423:call_seq, layer, is_gate ? ""GATE"" : ""UP"", (long long) batch, in_vals[0], in_vals[1], in_vals[2], | L67425:fprintf(stderr, ""TP DEBUG #%d L%d weight: ptr=%p ne=[%lld,%lld] is_tp=%d\n"", call_seq, layer, weight_ptr,",process or function lifetime (review required),lifecycle not inferred; no binding-resolved reset analysis
ggml/src/ggml-sycl/ggml-sycl.cpp,67387,l31_batch2,int,function-local:ggml_sycl_mul_mat,mutable,none evident,unscoped lexical candidate: L67388:bool batch2_debug = g_ggml_sycl_tp_debug && layer == 31 && dst->ne[1] == 2 && l31_batch2++ < 3;,none found by unscoped lexical scan,process or function lifetime (review required),lifecycle not inferred; no binding-resolved reset analysis
ggml/src/ggml-sycl/ggml-sycl.cpp,67429,ffn_mm_dbg,int,function-local:ggml_sycl_mul_mat,mutable,none evident,unscoped lexical candidate: L67433:if (g_ggml_sycl_tp_debug && ffn_mm_dbg++ < 20 && (is_ffn_down_l0 || (is_ffn_down_by_shape && ffn_mm_dbg < 3))) {,none found by unscoped lexical scan,process or function lifetime (review required),lifecycle not inferred; no binding-resolved reset analysis
ggml/src/ggml-sycl/ggml-sycl.cpp,67466,ffn_post_dbg,int,function-local:ggml_sycl_mul_mat,mutable,none evident,unscoped lexical candidate: L67467:if (g_ggml_sycl_tp_debug && is_ffn_down_l0 && ffn_post_dbg++ < 3) {,none found by unscoped lexical scan,process or function lifetime (review required),lifecycle not inferred; no binding-resolved reset analysis
ggml/src/ggml-sycl/ggml-sycl.cpp,67608,g_moe_debug_enabled,bool,file,mutable,none evident,none found by unscoped lexical scan,unscoped lexical candidate: L75960:if (g_moe_debug_enabled) { | L81869:if (g_moe_debug_enabled && !g_ggml_sycl_graph_recording) {,model/layer semantic state (review required),lifecycle not inferred; no binding-resolved reset analysis
ggml/src/ggml-sycl/ggml-sycl.cpp,67610,g_moe_debug_call_count,int,file,mutable,none evident,unscoped lexical candidate: L75961:g_moe_debug_call_count++;,"unscoped lexical candidate: L75962:fprintf(stderr, ""\n[MoE DEBUG] call=%d ne12=%ld n_as=%ld n_ids=%ld ids_ne1=%ld\n"", g_moe_debug_call_count,",model/layer semantic state (review required),lifecycle not inferred; no binding-resolved reset analysis
ggml/src/ggml-sycl/ggml-sycl.cpp,67629,fused_moe_disabled,bool,function-local:ggml_sycl_mul_mat_id_fused,mutable,none evident,"unscoped lexical candidate: L79066:static bool fused_moe_disabled = (std::getenv(""GGML_SYCL_DISABLE_FUSED_MOE"") != nullptr);",unscoped lexical candidate: L67631:if (fused_moe_disabled) { | L79071:const bool use_fused_moe = !fused_moe_disabled && fused_moe_esimd_available() && !use_expert_cache &&,model/layer semantic state (review required),lifecycle not inferred; no binding-resolved reset analysis
ggml/src/ggml-sycl/ggml-sycl.cpp,67952,enabled,const bool,function-local:ggml_sycl_xmx_moe_runtime_prealloc_enabled,immutable binding,none evident,unscoped lexical candidate: L217:static const bool enabled = []() { | L466:static const bool enabled = [] { | L475:static const bool enabled = [] {,"unscoped lexical candidate: L221:return enabled; | L403:static std::atomic<int> g_ggml_sycl_unified_dispatch{ -1 }; // -1 = not initialized, 0 = disabled, 1 = enabled | L470:return enabled;",process or function lifetime (review required),not applicable: immutable binding
ggml/src/ggml-sycl/ggml-sycl.cpp,68004,trace_enabled,const int,function-local:<lambda>,immutable binding,none evident,unscoped lexical candidate: L20892:static const int trace_enabled = [] { | L23300:static const int trace_enabled = [] { | L82834:static const bool trace_enabled = [] {,unscoped lexical candidate: L20896:if (trace_enabled != 0) { | L23304:if (trace_enabled != 0 && g_moe_profile.token_active) { | L23307:if (n < 512 || trace_enabled > 1) {,process or function lifetime (review required),not applicable: immutable binding
ggml/src/ggml-sycl/ggml-sycl.cpp,68009,reject_log,std::atomic<int>,function-local:<lambda>,mutable,intrinsic:atomic,"unscoped lexical candidate: L68010:if (reject_log.fetch_add(1, std::memory_order_relaxed) < 128) { | L79722:if (reject_log.fetch_add(1, std::memory_order_relaxed) < 64) {",unscoped lexical candidate: L79721:static std::atomic<int> reject_log{ 0 };,process or function lifetime (review required),lifecycle not inferred; no binding-resolved reset analysis
ggml/src/ggml-sycl/ggml-sycl.cpp,68033,fused_enabled,bool,function-local:try_xmx_sorted_moe,mutable,none evident,"unscoped lexical candidate: L68046:GGML_SYCL_DEBUG(""[XMX-DEBUG] XMX MoE: forced=%d fused_enabled=%d tiled_enabled=%d\n"", xmx_forced ? 1 : 0,","unscoped lexical candidate: L68047:fused_enabled ? 1 : 0, tiled_enabled ? 1 : 0); | L68421:(src0->type == GGML_TYPE_MXFP4) && (fused_enabled || require_tiled_mxfp4 || g_ggml_sycl_graph_recording); | L68946:if ((fused_enabled || g_ggml_sycl_graph_recording) && !require_tiled_mxfp4 && src0->type == GGML_TYPE_MXFP4 &&",process or function lifetime (review required),lifecycle not inferred; no binding-resolved reset analysis
ggml/src/ggml-sycl/ggml-sycl.cpp,68034,xmx_trace_enabled,const int,function-local:try_xmx_sorted_moe,immutable binding,none evident,none found by unscoped lexical scan,unscoped lexical candidate: L68039:if (xmx_trace_enabled != 0) { | L68690:if (xmx_trace_enabled != 0) {,process or function lifetime (review required),not applicable: immutable binding
ggml/src/ggml-sycl/ggml-sycl.cpp,68131,xmx_sorted_wrapper_enabled,const bool,function-local:try_xmx_sorted_moe,immutable binding,none evident,none found by unscoped lexical scan,unscoped lexical candidate: L68135:if (!xmx_sorted_wrapper_enabled) {,process or function lifetime (review required),not applicable: immutable binding
ggml/src/ggml-sycl/ggml-sycl.cpp,69350,k_moe_canonical_publish_log_cap,constexpr uint32_t,file,immutable binding,none evident,none found by unscoped lexical scan,unscoped lexical candidate: L69373:while (current < k_moe_canonical_publish_log_cap && | L69376:if (current >= k_moe_canonical_publish_log_cap) {,model/layer semantic state (review required),not applicable: immutable binding
ggml/src/ggml-sycl/ggml-sycl.cpp,69351,g_moe_decode_canonical_publish_diagnostics,std::atomic<uint32_t>,file,mutable,intrinsic:atomic,none found by unscoped lexical scan,"unscoped lexical candidate: L76192:ggml_sycl_moe_log_canonical_publish_pre_admission(g_moe_decode_canonical_publish_diagnostics,",model/layer semantic state (review required),lifecycle not inferred; no binding-resolved reset analysis
ggml/src/ggml-sycl/ggml-sycl.cpp,69352,g_moe_prompt_canonical_publish_diagnostics,std::atomic<uint32_t>,file,mutable,intrinsic:atomic,none found by unscoped lexical scan,"unscoped lexical candidate: L73452:ggml_sycl_moe_log_canonical_publish_pre_admission(g_moe_prompt_canonical_publish_diagnostics,",model/layer semantic state (review required),lifecycle not inferred; no binding-resolved reset analysis
ggml/src/ggml-sycl/ggml-sycl.cpp,69353,g_moe_direct_authority_candidates,std::atomic<uint32_t>,file,mutable,intrinsic:atomic,none found by unscoped lexical scan,"unscoped lexical candidate: L69428:uint32_t current = g_moe_direct_authority_candidates.load(std::memory_order_relaxed); | L69430:!g_moe_direct_authority_candidates.compare_exchange_weak(current, current + 1, std::memory_order_relaxed)) {",model/layer semantic state (review required),lifecycle not inferred; no binding-resolved reset analysis
ggml/src/ggml-sycl/ggml-sycl.cpp,69425,k_moe_direct_authority_log_cap,constexpr uint32_t,file,immutable binding,none evident,none found by unscoped lexical scan,unscoped lexical candidate: L69429:while (current < k_moe_direct_authority_log_cap && | L69432:if (current < k_moe_direct_authority_log_cap) {,model/layer semantic state (review required),not applicable: immutable binding
ggml/src/ggml-sycl/ggml-sycl.cpp,69439,cached,std::atomic<int>,function-local:ggml_sycl_moe_row_agg_debug_enabled,mutable,intrinsic:atomic,"unscoped lexical candidate: L1151:cached.store(value, std::memory_order_release); | L2950:const auto cached = cache->get_placement_plan_snapshot(); | L3780:cached.store(v, std::memory_order_release);","unscoped lexical candidate: L1146:static std::atomic<int> cached{ -1 }; | L1147:int value = cached.load(std::memory_order_acquire); | L1251:// passes skip the dequantization kernel entirely, reading cached FP16 directly.",process or function lifetime (review required),lifecycle not inferred; no binding-resolved reset analysis
ggml/src/ggml-sycl/ggml-sycl.cpp,69453,limit,const int,function-local:ggml_sycl_moe_row_agg_debug_limit,immutable binding,none evident,"unscoped lexical candidate: L925:static const int limit = [] { | L1323:GGML_LOG_INFO(""[SYCL] FP16 weight cache enabled (%s, limit=%zuMB)\n"", | L28168:static const int limit = [] {","unscoped lexical candidate: L931:if (call_idx > limit) { | L1253:// GGML_SYCL_FP16_CACHE_MB=N sets the VRAM limit (default 512MB). | L3914:static void ggml_sycl_moe_act_publish(int variant, float alpha, float limit) {",process or function lifetime (review required),not applicable: immutable binding
ggml/src/ggml-sycl/ggml-sycl.cpp,69461,counter,std::atomic<int>,function-local:ggml_sycl_moe_row_agg_should_log_selected,mutable,intrinsic:atomic,"unscoped lexical candidate: L69463:const int n = counter.fetch_add(1, std::memory_order_relaxed); | L69470:const int n = counter.fetch_add(1, std::memory_order_relaxed); | L69477:const int n = counter.fetch_add(1, std::memory_order_relaxed);","unscoped lexical candidate: L412:static std::atomic<int> g_sycl_barrier_count_during_recording{ 0 }; // DIAG: barrier counter during graph recording | L2745:// discriminator is existing monotonic identity, not a second counter. Returns | L7296:// Lightweight: just increments a counter and occasionally signals the worker.",process or function lifetime (review required),lifecycle not inferred; no binding-resolved reset analysis
ggml/src/ggml-sycl/ggml-sycl.cpp,69468,counter,std::atomic<int>,function-local:ggml_sycl_moe_row_agg_should_log_routed,mutable,intrinsic:atomic,"unscoped lexical candidate: L69463:const int n = counter.fetch_add(1, std::memory_order_relaxed); | L69470:const int n = counter.fetch_add(1, std::memory_order_relaxed); | L69477:const int n = counter.fetch_add(1, std::memory_order_relaxed);","unscoped lexical candidate: L412:static std::atomic<int> g_sycl_barrier_count_during_recording{ 0 }; // DIAG: barrier counter during graph recording | L2745:// discriminator is existing monotonic identity, not a second counter. Returns | L7296:// Lightweight: just increments a counter and occasionally signals the worker.",process or function lifetime (review required),lifecycle not inferred; no binding-resolved reset analysis
ggml/src/ggml-sycl/ggml-sycl.cpp,69475,counter,std::atomic<int>,function-local:ggml_sycl_moe_row_agg_should_log_descriptor,mutable,intrinsic:atomic,"unscoped lexical candidate: L69463:const int n = counter.fetch_add(1, std::memory_order_relaxed); | L69470:const int n = counter.fetch_add(1, std::memory_order_relaxed); | L69477:const int n = counter.fetch_add(1, std::memory_order_relaxed);","unscoped lexical candidate: L412:static std::atomic<int> g_sycl_barrier_count_during_recording{ 0 }; // DIAG: barrier counter during graph recording | L2745:// discriminator is existing monotonic identity, not a second counter. Returns | L7296:// Lightweight: just increments a counter and occasionally signals the worker.",process or function lifetime (review required),lifecycle not inferred; no binding-resolved reset analysis
ggml/src/ggml-sycl/ggml-sycl.cpp,70567,raw_log,std::atomic<int>,function-local:ggml_sycl_expert_entry_weight_ptr,mutable,intrinsic:atomic,"unscoped lexical candidate: L70568:if (raw_log.fetch_add(1, std::memory_order_relaxed) < 16) {",none found by unscoped lexical scan,process or function lifetime (review required),lifecycle not inferred; no binding-resolved reset analysis
ggml/src/ggml-sycl/ggml-sycl.cpp,70779,rings,secondary_ring_buffers [GGML_SYCL_MAX_DEVICES],function-local:dispatch_experts_secondary_gpu_impl,mutable,thread-local,none found by unscoped lexical scan,unscoped lexical candidate: L70780:auto & ring = rings[target_device];,thread,lifecycle not inferred; no binding-resolved reset analysis
ggml/src/ggml-sycl/ggml-sycl.cpp,71182,ptrs_host,std::vector<void *>,function-local:dispatch_experts_secondary_gpu_impl,mutable,thread-local,unscoped lexical candidate: L71184:ptrs_host.resize(chunk_sz); | L71196:ptrs_host[ci] = resolved_weight_ptrs[gpu_indices[chunk_start + ci]];,"unscoped lexical candidate: L71200:sycl::event ptrs_event = copy_host_payload_to_device(ring.dev_ptrs_handle, 0, ptrs_host.data(),",thread,lifecycle not inferred; no binding-resolved reset analysis
ggml/src/ggml-sycl/ggml-sycl.cpp,71183,ids_host,std::vector<int32_t>,function-local:dispatch_experts_secondary_gpu_impl,mutable,thread-local,"unscoped lexical candidate: L10147:ids_host.push_back(e); | L10326:ids_host.push_back(e); | L20403:std::vector<int32_t> ids_host = { 0, 1, 2, 3 };","unscoped lexical candidate: L10127:std::vector<int32_t> ids_host; | L10128:ids_host.reserve(static_cast<size_t>(tensor.ne[2])); | L10169:moe_ptr_table_coverage::SELECTED_IDS, &ids_host,",thread,lifecycle not inferred; no binding-resolved reset analysis
ggml/src/ggml-sycl/ggml-sycl.cpp,71207,compact_log_count,std::atomic<int>,function-local:dispatch_experts_secondary_gpu_impl,mutable,intrinsic:atomic,"unscoped lexical candidate: L71209:const int n = compact_log_count.fetch_add(1, std::memory_order_relaxed);",none found by unscoped lexical scan,process or function lifetime (review required),lifecycle not inferred; no binding-resolved reset analysis
ggml/src/ggml-sycl/ggml-sycl.cpp,71550,agg_log,std::atomic<int>,function-local:dispatch_experts_secondary_gpu_impl,mutable,intrinsic:atomic,"unscoped lexical candidate: L71551:if (agg_log.fetch_add(1, std::memory_order_relaxed) < 5) {",none found by unscoped lexical scan,process or function lifetime (review required),lifecycle not inferred; no binding-resolved reset analysis
ggml/src/ggml-sycl/ggml-sycl.cpp,71663,sec_timing_log,std::atomic<int>,function-local:dispatch_experts_secondary_gpu_impl,mutable,intrinsic:atomic,"unscoped lexical candidate: L71664:if (sec_timing_log.fetch_add(1, std::memory_order_relaxed) < 20) {",none found by unscoped lexical scan,process or function lifetime (review required),lifecycle not inferred; no binding-resolved reset analysis
ggml/src/ggml-sycl/ggml-sycl.cpp,71722,enabled,const bool,function-local:ggml_sycl_moe_pp_woq_enabled,immutable binding,none evident,unscoped lexical candidate: L217:static const bool enabled = []() { | L466:static const bool enabled = [] { | L475:static const bool enabled = [] {,"unscoped lexical candidate: L221:return enabled; | L403:static std::atomic<int> g_ggml_sycl_unified_dispatch{ -1 }; // -1 = not initialized, 0 = disabled, 1 = enabled | L470:return enabled;",process or function lifetime (review required),not applicable: immutable binding
ggml/src/ggml-sycl/ggml-sycl.cpp,71756,enabled,const bool,function-local:mxfp4_pp_batched_profile_enabled,immutable binding,none evident,unscoped lexical candidate: L217:static const bool enabled = []() { | L466:static const bool enabled = [] { | L475:static const bool enabled = [] {,"unscoped lexical candidate: L221:return enabled; | L403:static std::atomic<int> g_ggml_sycl_unified_dispatch{ -1 }; // -1 = not initialized, 0 = disabled, 1 = enabled | L470:return enabled;",process or function lifetime (review required),not applicable: immutable binding
ggml/src/ggml-sycl/ggml-sycl.cpp,71774,requested,const bool,function-local:mxfp4_pp_woq_3d_requested,immutable binding,none evident,"unscoped lexical candidate: L5840:""requested=%s actual=%s tier=%s reason=%s xmx=%d int8=%d slm=%zu tile_m=%d tile_n=%d coalesced_ok=%d\n"", | L6504:""[MOE-AOS-REQUEST] tensor=%s expert=%d current=%d planned=%d requested=%s "" | L6600:""requested=%d layout=%d resolved=%d reason=%s ptr=%p\n"",","unscoped lexical candidate: L5933:GGML_LOG_WARN(""[MOE-MULTI-GPU] Planner requested secondary device %d, but no isolated queue is available\n"", | L6320:static std::vector<ggml_layout_mode> ggml_sycl_moe_resolve_layouts(ggml_layout_mode requested, bool host_only) { | L6331:add(requested);",process or function lifetime (review required),not applicable: immutable binding
ggml/src/ggml-sycl/ggml-sycl.cpp,71879,mxfp4_pp_node_class_count,constexpr int,file,immutable binding,none evident,none found by unscoped lexical scan,unscoped lexical candidate: L72062:double node_us[mxfp4_pp_node_class_count] = {}; | L72063:int64_t node_calls[mxfp4_pp_node_class_count] = {}; | L72571:for (int c = 0; c < mxfp4_pp_node_class_count; ++c) {,process or function lifetime (review required),not applicable: immutable binding
ggml/src/ggml-sycl/ggml-sycl.cpp,72271,g_mxfp4_pp_batched_profile,mxfp4_pp_batched_profile_accum,file,mutable,thread-local,unscoped lexical candidate: L109516:g_mxfp4_pp_batched_profile = mxfp4_pp_batched_profile_accum{};,unscoped lexical candidate: L72322:auto & p = g_mxfp4_pp_batched_profile; | L72333:auto & p = g_mxfp4_pp_batched_profile; | L72825:auto & p = g_mxfp4_pp_batched_profile;,thread,lifecycle not inferred; no binding-resolved reset analysis
ggml/src/ggml-sycl/ggml-sycl.cpp,72984,e,const bool,function-local:enabled,immutable binding,none evident,unscoped lexical candidate: L3166:for (int e = 0; e < MOE_MAX_EXPERTS; ++e) { | L3187:for (int e = 0; e < n_experts; e++) { | L3227:for (int e = 0; e < ne; e++) {,"unscoped lexical candidate: L391:// deliberately fail-closed (0 makes `batch < threshold` false, i.e. no XMX) | L500:// control agrees on only 11/48 tokens while forced agrees on 14/48 -- i.e. | L523:// a typo (e.g. ""atuo"") silently behave exactly like unset, with no",process or function lifetime (review required),not applicable: immutable binding
ggml/src/ggml-sycl/ggml-sycl.cpp,72994,ns_total,std::atomic<uint64_t>,function-local:b1_mmid_host_timer,mutable,intrinsic:atomic,"unscoped lexical candidate: L72998:const uint64_t t = ns_total.fetch_add(ns, std::memory_order_relaxed) + ns;",none found by unscoped lexical scan,process or function lifetime (review required),lifecycle not inferred; no binding-resolved reset analysis
ggml/src/ggml-sycl/ggml-sycl.cpp,72995,calls,std::atomic<uint64_t>,function-local:b1_mmid_host_timer,mutable,intrinsic:atomic,"unscoped lexical candidate: L794:""calls=%llu pp=%llu tg=%llu disabled=%llu "" | L2285:uint64_t calls = 0; | L2322:stat.calls++;","unscoped lexical candidate: L149:""GGML_SYCL_XMX_GEMM requires GGML_SYCL_MMQ_XMX: the XMX GEMM dispatch calls ggml_sycl_xmx_available()/ggml_sycl_xmx_supp | L441:// Graph replay diagnostic variables removed — the memcpy().wait() calls they | L634:std::atomic<uint64_t> calls{ 0 };",process or function lifetime (review required),lifecycle not inferred; no binding-resolved reset analysis
ggml/src/ggml-sycl/ggml-sycl.cpp,73146,call_count,int,function-local:ggml_sycl_mul_mat_id,mutable,none evident,"unscoped lexical candidate: L930:const int call_idx = call_count.fetch_add(1, std::memory_order_relaxed) + 1; | L64331:int call_count = 0; | L64355:call_count = 0;","unscoped lexical candidate: L929:static std::atomic<int> call_count{ 0 }; | L64345:if (call_count == 0) { | L64348:GGML_LOG_INFO(""[SPLIT-PROFILE] %d ops: total=%.1fms cpu_vd=%.1fms"", call_count, total_us / 1000.0,",process or function lifetime (review required),lifecycle not inferred; no binding-resolved reset analysis
ggml/src/ggml-sycl/ggml-sycl.cpp,73154,mtx,std::mutex,function-local:ggml_sycl_mul_mat_id,mutable,intrinsic:lock primitive,none found by unscoped lexical scan,unscoped lexical candidate: L1290:std::mutex mtx; | L1386:std::lock_guard<std::mutex> lock(mtx); | L1406:std::lock_guard<std::mutex> lock(mtx);,process or function lifetime (review required),lifecycle not inferred; no binding-resolved reset analysis
ggml/src/ggml-sycl/ggml-sycl.cpp,73155,seen,std::unordered_set<std::string>,function-local:ggml_sycl_mul_mat_id,mutable,none evident,unscoped lexical candidate: L27003:if (tensor && seen.insert(tensor).second) { | L45128:if (!seen.insert(t).second) { | L57800:seen[slot] = 1;,"unscoped lexical candidate: L22002:// FIRST_SAVED — first arrival seen; routing resolved, weight data saved | L22421:// No MoE ops seen — create a minimal entry | L27000:std::unordered_set<ggml_tensor *> seen;",process or function lifetime (review required),lifecycle not inferred; unscoped lexical reset candidate: L89146:seen.clear();
ggml/src/ggml-sycl/ggml-sycl.cpp,73193,s_mul_mat_id_extras,std::vector<std::unique_ptr<ggml_tensor_extra_gpu>>,function-local:ggml_sycl_mul_mat_id,mutable,none evident,unscoped lexical candidate: L73204:s_mul_mat_id_extras.push_back(std::move(new_extra));,none found by unscoped lexical scan,tensor/allocation identity or registry,lifecycle not inferred; no binding-resolved reset analysis
ggml/src/ggml-sycl/ggml-sycl.cpp,73194,s_mul_mat_id_extras_mutex,std::mutex,function-local:ggml_sycl_mul_mat_id,mutable,intrinsic:lock primitive,none found by unscoped lexical scan,unscoped lexical candidate: L73203:std::lock_guard<std::mutex> lock(s_mul_mat_id_extras_mutex);,process or function lifetime (review required),lifecycle not inferred; no binding-resolved reset analysis
ggml/src/ggml-sycl/ggml-sycl.cpp,73804,pp_bias_fusion_enabled,const bool,function-local:ggml_sycl_mul_mat_id,immutable binding,none evident,none found by unscoped lexical scan,"unscoped lexical candidate: L73809:pp_bias_fusion_enabled || (!pair.gate_bias && !pair.up_bias && !pair.down_bias); | L73897:pp_bias_fusion_enabled ? 1 : 0, pair.gate_bias ? 1 : 0, pair.up_bias ? 1 : 0,",process or function lifetime (review required),not applicable: immutable binding
ggml/src/ggml-sycl/ggml-sycl.cpp,74426,path_trace_enabled,const int,function-local:<lambda>,immutable binding,none evident,unscoped lexical candidate: L79027:static const int path_trace_enabled = [] {,unscoped lexical candidate: L74430:if (path_trace_enabled == 0) { | L79031:if (path_trace_enabled != 0) {,process or function lifetime (review required),not applicable: immutable binding
ggml/src/ggml-sycl/ggml-sycl.cpp,74457,cpu_ref_router_log,std::atomic<int>,function-local:ggml_sycl_mul_mat_id,mutable,intrinsic:atomic,"unscoped lexical candidate: L74458:if (cpu_ref_router_log.fetch_add(1, std::memory_order_relaxed) < 64) {",none found by unscoped lexical scan,process or function lifetime (review required),lifecycle not inferred; no binding-resolved reset analysis
ggml/src/ggml-sycl/ggml-sycl.cpp,74471,grouped_down_i8_guard_log,std::atomic<int>,function-local:<lambda>,mutable,intrinsic:atomic,"unscoped lexical candidate: L74472:if (grouped_down_i8_guard_log.fetch_add(1, std::memory_order_relaxed) < 96) {",none found by unscoped lexical scan,process or function lifetime (review required),lifecycle not inferred; no binding-resolved reset analysis
ggml/src/ggml-sycl/ggml-sycl.cpp,74523,grouped_down_reject_log,std::atomic<int>,function-local:<lambda>,mutable,intrinsic:atomic,"unscoped lexical candidate: L74524:if (grouped_down_reject_log.fetch_add(1, std::memory_order_relaxed) < 96) {",none found by unscoped lexical scan,process or function lifetime (review required),lifecycle not inferred; no binding-resolved reset analysis
ggml/src/ggml-sycl/ggml-sycl.cpp,74587,grouped_down_log,std::atomic<int>,function-local:<lambda>,mutable,intrinsic:atomic,"unscoped lexical candidate: L74588:if (grouped_down_log.fetch_add(1, std::memory_order_relaxed) < 96) {",none found by unscoped lexical scan,process or function lifetime (review required),lifecycle not inferred; no binding-resolved reset analysis
ggml/src/ggml-sycl/ggml-sycl.cpp,74664,raw_fastpath_skip_log,std::atomic<int>,function-local:ggml_sycl_mul_mat_id,mutable,intrinsic:atomic,"unscoped lexical candidate: L74665:const int n = raw_fastpath_skip_log.fetch_add(1, std::memory_order_relaxed);",none found by unscoped lexical scan,process or function lifetime (review required),lifecycle not inferred; no binding-resolved reset analysis
ggml/src/ggml-sycl/ggml-sycl.cpp,74831,primary_reject_log,std::atomic<int>,function-local:<lambda>,mutable,intrinsic:atomic,"unscoped lexical candidate: L74832:const int n = primary_reject_log.fetch_add(1, std::memory_order_relaxed);",none found by unscoped lexical scan,process or function lifetime (review required),lifecycle not inferred; no binding-resolved reset analysis
ggml/src/ggml-sycl/ggml-sycl.cpp,74939,trace_count,std::atomic<int>,function-local:<lambda>,mutable,intrinsic:atomic,"unscoped lexical candidate: L23306:const int n = trace_count.fetch_add(1, std::memory_order_relaxed); | L74940:const int n = trace_count.fetch_add(1, std::memory_order_relaxed); | L75153:const int n = trace_count.fetch_add(1, std::memory_order_relaxed);",unscoped lexical candidate: L23305:static std::atomic<int> trace_count{ 0 }; | L75152:static std::atomic<int> trace_count{ 0 }; | L75200:static std::atomic<int> trace_count{ 0 };,process or function lifetime (review required),lifecycle not inferred; no binding-resolved reset analysis
ggml/src/ggml-sycl/ggml-sycl.cpp,75039,pp_batched_probe_skip_log,std::atomic<int>,function-local:ggml_sycl_mul_mat_id,mutable,intrinsic:atomic,"unscoped lexical candidate: L75040:if (pp_batched_probe_skip_log.fetch_add(1, std::memory_order_relaxed) < 96) {",none found by unscoped lexical scan,process or function lifetime (review required),lifecycle not inferred; no binding-resolved reset analysis
ggml/src/ggml-sycl/ggml-sycl.cpp,75068,prompt_down_legacy_probe_skip_log,std::atomic<int>,function-local:ggml_sycl_mul_mat_id,mutable,intrinsic:atomic,"unscoped lexical candidate: L75069:if (prompt_down_legacy_probe_skip_log.fetch_add(1, std::memory_order_relaxed) < 96) {",none found by unscoped lexical scan,process or function lifetime (review required),lifecycle not inferred; no binding-resolved reset analysis
ggml/src/ggml-sycl/ggml-sycl.cpp,75152,trace_count,std::atomic<int>,function-local:<lambda>,mutable,intrinsic:atomic,"unscoped lexical candidate: L23306:const int n = trace_count.fetch_add(1, std::memory_order_relaxed); | L74940:const int n = trace_count.fetch_add(1, std::memory_order_relaxed); | L75153:const int n = trace_count.fetch_add(1, std::memory_order_relaxed);",unscoped lexical candidate: L23305:static std::atomic<int> trace_count{ 0 }; | L74939:static std::atomic<int> trace_count{ 0 }; | L75200:static std::atomic<int> trace_count{ 0 };,process or function lifetime (review required),lifecycle not inferred; no binding-resolved reset analysis
ggml/src/ggml-sycl/ggml-sycl.cpp,75190,ids_copy_trace_enabled,const bool,function-local:ggml_sycl_mul_mat_id,immutable binding,none evident,none found by unscoped lexical scan,unscoped lexical candidate: L75199:if (ids_copy_trace_enabled) {,process or function lifetime (review required),not applicable: immutable binding
ggml/src/ggml-sycl/ggml-sycl.cpp,75200,trace_count,std::atomic<int>,function-local:ggml_sycl_mul_mat_id,mutable,intrinsic:atomic,"unscoped lexical candidate: L23306:const int n = trace_count.fetch_add(1, std::memory_order_relaxed); | L74940:const int n = trace_count.fetch_add(1, std::memory_order_relaxed); | L75153:const int n = trace_count.fetch_add(1, std::memory_order_relaxed);",unscoped lexical candidate: L23305:static std::atomic<int> trace_count{ 0 }; | L74939:static std::atomic<int> trace_count{ 0 }; | L75152:static std::atomic<int> trace_count{ 0 };,process or function lifetime (review required),lifecycle not inferred; no binding-resolved reset analysis
ggml/src/ggml-sycl/ggml-sycl.cpp,75340,decode_ptr_table_build_enabled,const bool,function-local:ggml_sycl_mul_mat_id,immutable binding,none evident,none found by unscoped lexical scan,unscoped lexical candidate: L75349:if (pair_layout_ok && decode_ptr_table_build_enabled) { | L75840:decode_ptr_table_build_enabled) {,process or function lifetime (review required),not applicable: immutable binding
ggml/src/ggml-sycl/ggml-sycl.cpp,75484,xmx_grouped_pp_enabled,const int,function-local:ggml_sycl_mul_mat_id,immutable binding,none evident,none found by unscoped lexical scan,unscoped lexical candidate: L75515:if (xmx_grouped_pp_enabled == 0 && !grouped_decode_candidate) {,process or function lifetime (review required),not applicable: immutable binding
ggml/src/ggml-sycl/ggml-sycl.cpp,75553,direct_xmx_probe_enabled,const int,function-local:ggml_sycl_mul_mat_id,immutable binding,none evident,none found by unscoped lexical scan,unscoped lexical candidate: L75564:const bool direct_xmx_probe = direct_xmx_probe_enabled != 0 || direct_xmx_glu_env_enabled != 0;,process or function lifetime (review required),not applicable: immutable binding
ggml/src/ggml-sycl/ggml-sycl.cpp,75557,direct_xmx_glu_env_enabled,const int,function-local:ggml_sycl_mul_mat_id,immutable binding,none evident,none found by unscoped lexical scan,unscoped lexical candidate: L75564:const bool direct_xmx_probe = direct_xmx_probe_enabled != 0 || direct_xmx_glu_env_enabled != 0;,process or function lifetime (review required),not applicable: immutable binding
ggml/src/ggml-sycl/ggml-sycl.cpp,75600,decode_pair_path_trace_enabled,const int,function-local:ggml_sycl_mul_mat_id,immutable binding,none evident,none found by unscoped lexical scan,unscoped lexical candidate: L75604:if (decode_pair_path_trace_enabled != 0 && use_device_ids_for_pair_glu) { | L75927:} else if (decode_pair_path_trace_enabled != 0) {,process or function lifetime (review required),not applicable: immutable binding
ggml/src/ggml-sycl/ggml-sycl.cpp,75671,moe_glu_dispatch_trace_filter,const char *,function-local:ggml_sycl_mul_mat_id,mutable,none evident,none found by unscoped lexical scan,"unscoped lexical candidate: L75678:if (moe_glu_dispatch_trace_filter && pair.gate_weight && pair.gate_weight->name && | L75679:(moe_glu_dispatch_trace_filter[0] == '\0' || | L75680:std::strstr(pair.gate_weight->name, moe_glu_dispatch_trace_filter))) {",model/layer semantic state (review required),lifecycle not inferred; no binding-resolved reset analysis
ggml/src/ggml-sycl/ggml-sycl.cpp,75681,glu_dispatch_launch_seq,std::atomic<uint64_t>,function-local:ggml_sycl_mul_mat_id,mutable,intrinsic:atomic,"unscoped lexical candidate: L75683:glu_dispatch_launch_seq.fetch_add(1, std::memory_order_relaxed);",none found by unscoped lexical scan,process or function lifetime (review required),lifecycle not inferred; no binding-resolved reset analysis
ggml/src/ggml-sycl/ggml-sycl.cpp,76127,logged_dispatch_layout,std::atomic<int>,function-local:ggml_sycl_mul_mat_id,mutable,intrinsic:atomic,"unscoped lexical candidate: L76128:const int n = logged_dispatch_layout.fetch_add(1, std::memory_order_relaxed);",none found by unscoped lexical scan,process or function lifetime (review required),lifecycle not inferred; no binding-resolved reset analysis
ggml/src/ggml-sycl/ggml-sycl.cpp,76472,plan_hybrid_log,std::atomic<int>,function-local:ggml_sycl_mul_mat_id,mutable,intrinsic:atomic,"unscoped lexical candidate: L76473:if (plan_hybrid_log.fetch_add(1, std::memory_order_relaxed) < 3) {",none found by unscoped lexical scan,process or function lifetime (review required),lifecycle not inferred; no binding-resolved reset analysis
ggml/src/ggml-sycl/ggml-sycl.cpp,76590,first_pass_staged,std::atomic<bool>,function-local:ggml_sycl_mul_mat_id,mutable,intrinsic:atomic,"unscoped lexical candidate: L76598:!first_pass_staged.exchange(true, std::memory_order_acq_rel)) {",unscoped lexical candidate: L76591:if (use_expert_cache && !has_placement_plan && !first_pass_staged.load(std::memory_order_acquire)) {,process or function lifetime (review required),lifecycle not inferred; no binding-resolved reset analysis
ggml/src/ggml-sycl/ggml-sycl.cpp,76687,local_extra,ggml_tensor_extra_gpu,function-local:ggml_sycl_mul_mat_id,mutable,thread-local,none found by unscoped lexical scan,unscoped lexical candidate: L76705:} local_extra_cleanup{ &local_extra }; | L76708:local_extra.cache_uuid = src0_extra->cache_uuid; | L76709:local_extra.model_id = src0_extra->model_id;,thread,lifecycle not inferred; no binding-resolved reset analysis
ggml/src/ggml-sycl/ggml-sycl.cpp,76842,moe_token_counter,std::atomic<uint64_t>,function-local:ggml_sycl_mul_mat_id,mutable,intrinsic:atomic,"unscoped lexical candidate: L77619:moe_token_counter.fetch_add(1, std::memory_order_relaxed); | L77882:moe_token_counter.fetch_add(1, std::memory_order_relaxed);",none found by unscoped lexical scan,model/layer semantic state (review required),lifecycle not inferred; no binding-resolved reset analysis
ggml/src/ggml-sycl/ggml-sycl.cpp,76893,s_act_staging,managed_host_pinned_buffer,function-local:ggml_sycl_mul_mat_id,mutable,thread-local,none found by unscoped lexical scan,"unscoped lexical candidate: L76895:if (s_act_staging.ensure(*stream, ctx.device, needed, ggml_sycl::alloc_role::EXPERT_STAGING, | L76897:shared_act_handle = s_act_staging.as_mem_handle(); | L76909:shared_act_host = s_act_staging.as<float>();",thread,lifecycle not inferred; no binding-resolved reset analysis
ggml/src/ggml-sycl/ggml-sycl.cpp,76968,warned_pool_capacity,std::atomic<bool>,function-local:<lambda>,mutable,intrinsic:atomic,"unscoped lexical candidate: L76969:if (!warned_pool_capacity.exchange(true, std::memory_order_relaxed)) {",none found by unscoped lexical scan,process or function lifetime (review required),lifecycle not inferred; no binding-resolved reset analysis
ggml/src/ggml-sycl/ggml-sycl.cpp,77549,hybrid_route_log,std::atomic<int>,function-local:ggml_sycl_mul_mat_id,mutable,intrinsic:atomic,"unscoped lexical candidate: L77550:if (hybrid_route_log.fetch_add(1, std::memory_order_relaxed) < 3) {",none found by unscoped lexical scan,process or function lifetime (review required),lifecycle not inferred; no binding-resolved reset analysis
ggml/src/ggml-sycl/ggml-sycl.cpp,77650,last_seq_layer_cputg,int,function-local:ggml_sycl_mul_mat_id,mutable,thread-local,unscoped lexical candidate: L77654:last_seq_layer_cputg = seq_layer_id_cputg;,unscoped lexical candidate: L77651:if (seq_layer_id_cputg >= 0 && seq_layer_id_cputg <= last_seq_layer_cputg) {,thread,lifecycle not inferred; no binding-resolved reset analysis
ggml/src/ggml-sycl/ggml-sycl.cpp,77822,host_fallback_log,std::atomic<int>,function-local:<lambda>,mutable,intrinsic:atomic,"unscoped lexical candidate: L77823:if (host_fallback_log.fetch_add(1, std::memory_order_relaxed) < 64) {",none found by unscoped lexical scan,process or function lifetime (review required),lifecycle not inferred; no binding-resolved reset analysis
ggml/src/ggml-sycl/ggml-sycl.cpp,78188,planner_batched_skip_log,std::atomic<int>,function-local:ggml_sycl_mul_mat_id,mutable,intrinsic:atomic,"unscoped lexical candidate: L78189:if (planner_batched_skip_log.fetch_add(1, std::memory_order_relaxed) < 64) {",none found by unscoped lexical scan,process or function lifetime (review required),lifecycle not inferred; no binding-resolved reset analysis
ggml/src/ggml-sycl/ggml-sycl.cpp,78203,route_ptr_log,std::atomic<int>,function-local:ggml_sycl_mul_mat_id,mutable,intrinsic:atomic,"unscoped lexical candidate: L78204:if (route_ptr_log.fetch_add(1, std::memory_order_relaxed) < 96) {",none found by unscoped lexical scan,process or function lifetime (review required),lifecycle not inferred; no binding-resolved reset analysis
ggml/src/ggml-sycl/ggml-sycl.cpp,78231,batched_reject_log,std::atomic<int>,function-local:ggml_sycl_mul_mat_id,mutable,intrinsic:atomic,"unscoped lexical candidate: L78232:if (batched_reject_log.fetch_add(1, std::memory_order_relaxed) < 96) {",none found by unscoped lexical scan,process or function lifetime (review required),lifecycle not inferred; no binding-resolved reset analysis
ggml/src/ggml-sycl/ggml-sycl.cpp,78319,moe_layer_count,std::atomic<int>,function-local:ggml_sycl_mul_mat_id,mutable,intrinsic:atomic,"unscoped lexical candidate: L57653:moe_layer_count = 1; | L78327:int lc = moe_layer_count.fetch_add(1, std::memory_order_relaxed);",unscoped lexical candidate: L57648:int moe_layer_count) { | L57652:if (moe_layer_count <= 0) { | L57677:const size_t per_layer_budget = remaining / static_cast<size_t>(moe_layer_count);,model/layer semantic state (review required),lifecycle not inferred; no binding-resolved reset analysis
ggml/src/ggml-sycl/ggml-sycl.cpp,78395,last_seq_layer,int,function-local:ggml_sycl_mul_mat_id,mutable,thread-local,unscoped lexical candidate: L78400:last_seq_layer = seq_layer_rec;,unscoped lexical candidate: L78396:if (seq_layer_rec >= 0 && seq_layer_rec <= last_seq_layer) {,thread,lifecycle not inferred; no binding-resolved reset analysis
ggml/src/ggml-sycl/ggml-sycl.cpp,78418,batch_experts_val,const int,function-local:ggml_sycl_mul_mat_id,immutable binding,none evident,none found by unscoped lexical scan,unscoped lexical candidate: L78695:if (batch_experts_val != 0 && pp_legacy_batched_allowed && pp_mmvq_batched_shape && | L78870:} else if (batch_experts_val != 0 && !pp_legacy_batched_allowed &&,model/layer semantic state (review required),not applicable: immutable binding
ggml/src/ggml-sycl/ggml-sycl.cpp,78832,batched_gate_log,std::atomic<int>,function-local:ggml_sycl_mul_mat_id,mutable,intrinsic:atomic,"unscoped lexical candidate: L78833:if (batched_gate_log.fetch_add(1, std::memory_order_relaxed) < 96) {",none found by unscoped lexical scan,process or function lifetime (review required),lifecycle not inferred; no binding-resolved reset analysis
ggml/src/ggml-sycl/ggml-sycl.cpp,78863,batch_log,std::atomic<int>,function-local:ggml_sycl_mul_mat_id,mutable,intrinsic:atomic,"unscoped lexical candidate: L78864:if (batch_log.fetch_add(1, std::memory_order_relaxed) < 3) {",none found by unscoped lexical scan,process or function lifetime (review required),lifecycle not inferred; no binding-resolved reset analysis
ggml/src/ggml-sycl/ggml-sycl.cpp,78872,pp_legacy_batch_skip_log,std::atomic<int>,function-local:ggml_sycl_mul_mat_id,mutable,intrinsic:atomic,"unscoped lexical candidate: L78873:if (pp_legacy_batch_skip_log.fetch_add(1, std::memory_order_relaxed) < 64) {",none found by unscoped lexical scan,process or function lifetime (review required),lifecycle not inferred; no binding-resolved reset analysis
ggml/src/ggml-sycl/ggml-sycl.cpp,79027,path_trace_enabled,const int,function-local:ggml_sycl_mul_mat_id,immutable binding,none evident,unscoped lexical candidate: L74426:static const int path_trace_enabled = [] {,unscoped lexical candidate: L74430:if (path_trace_enabled == 0) { | L79031:if (path_trace_enabled != 0) {,process or function lifetime (review required),not applicable: immutable binding
ggml/src/ggml-sycl/ggml-sycl.cpp,79066,fused_moe_disabled,bool,function-local:ggml_sycl_mul_mat_id,mutable,none evident,"unscoped lexical candidate: L67629:static bool fused_moe_disabled = (std::getenv(""GGML_SYCL_DISABLE_FUSED_MOE"") != nullptr);",unscoped lexical candidate: L67631:if (fused_moe_disabled) { | L79071:const bool use_fused_moe = !fused_moe_disabled && fused_moe_esimd_available() && !use_expert_cache &&,model/layer semantic state (review required),lifecycle not inferred; no binding-resolved reset analysis
ggml/src/ggml-sycl/ggml-sycl.cpp,79201,planned_batch_reject_log,std::atomic<int>,function-local:<lambda>,mutable,intrinsic:atomic,"unscoped lexical candidate: L79202:if (planned_batch_reject_log.fetch_add(1, std::memory_order_relaxed) < 96) {",none found by unscoped lexical scan,process or function lifetime (review required),lifecycle not inferred; no binding-resolved reset analysis
ggml/src/ggml-sycl/ggml-sycl.cpp,79253,planned_batch_log,std::atomic<int>,function-local:<lambda>,mutable,intrinsic:atomic,"unscoped lexical candidate: L79254:if (planned_batch_log.fetch_add(1, std::memory_order_relaxed) < 64) {",none found by unscoped lexical scan,process or function lifetime (review required),lifecycle not inferred; no binding-resolved reset analysis
ggml/src/ggml-sycl/ggml-sycl.cpp,79485,pp_cpu_island_log,std::atomic<int>,function-local:<lambda>,mutable,intrinsic:atomic,"unscoped lexical candidate: L79486:if (pp_cpu_island_log.fetch_add(1, std::memory_order_relaxed) < 32) {",none found by unscoped lexical scan,process or function lifetime (review required),lifecycle not inferred; no binding-resolved reset analysis
ggml/src/ggml-sycl/ggml-sycl.cpp,79608,pp_mxfp4_soa_f16_env_enabled,const bool,function-local:ggml_sycl_mul_mat_id,immutable binding,none evident,none found by unscoped lexical scan,unscoped lexical candidate: L79627:const bool pp_mxfp4_soa_f16_candidate = pp_mxfp4_soa_f16_env_enabled && src0->type == GGML_TYPE_MXFP4 &&,process or function lifetime (review required),not applicable: immutable binding
ggml/src/ggml-sycl/ggml-sycl.cpp,79644,pp_mxfp4_soa_f16_batched_trace,const bool,function-local:<lambda>,immutable binding,none evident,none found by unscoped lexical scan,unscoped lexical candidate: L79664:if (pp_mxfp4_soa_f16_batched_trace) { | L80013:if (pp_mxfp4_soa_f16_batched_trace) {,process or function lifetime (review required),not applicable: immutable binding
ggml/src/ggml-sycl/ggml-sycl.cpp,79665,trace_count,std::atomic<int>,function-local:<lambda>,mutable,intrinsic:atomic,"unscoped lexical candidate: L23306:const int n = trace_count.fetch_add(1, std::memory_order_relaxed); | L74940:const int n = trace_count.fetch_add(1, std::memory_order_relaxed); | L75153:const int n = trace_count.fetch_add(1, std::memory_order_relaxed);",unscoped lexical candidate: L23305:static std::atomic<int> trace_count{ 0 }; | L74939:static std::atomic<int> trace_count{ 0 }; | L75152:static std::atomic<int> trace_count{ 0 };,process or function lifetime (review required),lifecycle not inferred; no binding-resolved reset analysis
ggml/src/ggml-sycl/ggml-sycl.cpp,79687,tiled_claim_msg,std::string,function-local:<lambda>,mutable,thread-local,"unscoped lexical candidate: L79688:tiled_claim_msg = std::string(""[MOE-PP-ONEDNN-BATCHED] XMX_TILED-claimed op '"") +",unscoped lexical candidate: L79693:throw ggml_sycl_fallback_error(tiled_claim_msg.c_str());,thread,lifecycle not inferred; no binding-resolved reset analysis
ggml/src/ggml-sycl/ggml-sycl.cpp,79721,reject_log,std::atomic<int>,function-local:<lambda>,mutable,intrinsic:atomic,"unscoped lexical candidate: L68010:if (reject_log.fetch_add(1, std::memory_order_relaxed) < 128) { | L79722:if (reject_log.fetch_add(1, std::memory_order_relaxed) < 64) {",unscoped lexical candidate: L68009:static std::atomic<int> reject_log{ 0 };,process or function lifetime (review required),lifecycle not inferred; no binding-resolved reset analysis
ggml/src/ggml-sycl/ggml-sycl.cpp,80003,batched_scratch_refusal_latch,ggml_sycl::pp_moe_onednn_scratch_refusal_latch,function-local:<lambda>,mutable,none evident,none found by unscoped lexical scan,"unscoped lexical candidate: L80004:if (ggml_sycl::pp_moe_onednn_should_report_refusal(admission, batched_scratch_refusal_latch)) {",model/layer semantic state (review required),lifecycle not inferred; no binding-resolved reset analysis
ggml/src/ggml-sycl/ggml-sycl.cpp,80306,gemm_fail_log,std::atomic<int>,function-local:<lambda>,mutable,intrinsic:atomic,"unscoped lexical candidate: L80307:if (gemm_fail_log.fetch_add(1, std::memory_order_relaxed) < 8) {",none found by unscoped lexical scan,process or function lifetime (review required),lifecycle not inferred; no binding-resolved reset analysis
ggml/src/ggml-sycl/ggml-sycl.cpp,80322,tiled_claim_gemm_msg,std::string,function-local:<lambda>,mutable,thread-local,"unscoped lexical candidate: L80323:tiled_claim_gemm_msg = std::string(""[MOE-PP-ONEDNN-BATCHED] XMX_TILED-claimed op '"") +",unscoped lexical candidate: L80325:throw ggml_sycl_fallback_error(tiled_claim_gemm_msg.c_str());,thread,lifecycle not inferred; no binding-resolved reset analysis
ggml/src/ggml-sycl/ggml-sycl.cpp,80409,compare_count,std::atomic<int>,function-local:<lambda>,mutable,intrinsic:atomic,"unscoped lexical candidate: L80410:const int compare_idx = compare_count.fetch_add(1, std::memory_order_relaxed); | L81333:const int cmp_idx = compare_count.fetch_add(1, std::memory_order_relaxed);",unscoped lexical candidate: L81332:static std::atomic<int> compare_count{ 0 };,process or function lifetime (review required),lifecycle not inferred; no binding-resolved reset analysis
ggml/src/ggml-sycl/ggml-sycl.cpp,80678,transient_down_release_log,std::atomic<int>,function-local:<lambda>,mutable,intrinsic:atomic,"unscoped lexical candidate: L80679:if (transient_down_release_log.fetch_add(1, std::memory_order_relaxed) < 96) { | L81812:if (transient_down_release_log.fetch_add(1, std::memory_order_relaxed) < 96) {",unscoped lexical candidate: L81811:static std::atomic<int> transient_down_release_log{ 0 };,process or function lifetime (review required),lifecycle not inferred; no binding-resolved reset analysis
ggml/src/ggml-sycl/ggml-sycl.cpp,80701,batched_log,std::atomic<int>,function-local:<lambda>,mutable,intrinsic:atomic,"unscoped lexical candidate: L80702:if (batched_log.fetch_add(1, std::memory_order_relaxed) < 96) {",none found by unscoped lexical scan,process or function lifetime (review required),lifecycle not inferred; no binding-resolved reset analysis
ggml/src/ggml-sycl/ggml-sycl.cpp,80793,staging_scratch_refusal_latch,ggml_sycl::pp_moe_onednn_scratch_refusal_latch,function-local:ggml_sycl_mul_mat_id,mutable,none evident,none found by unscoped lexical scan,"unscoped lexical candidate: L80794:if (ggml_sycl::pp_moe_onednn_should_report_refusal(admission, staging_scratch_refusal_latch)) {",model/layer semantic state (review required),lifecycle not inferred; no binding-resolved reset analysis
ggml/src/ggml-sycl/ggml-sycl.cpp,80964,validate_count,std::atomic<int>,function-local:<lambda>,mutable,intrinsic:atomic,"unscoped lexical candidate: L80965:const int idx = validate_count.fetch_add(1, std::memory_order_relaxed);",none found by unscoped lexical scan,process or function lifetime (review required),lifecycle not inferred; no binding-resolved reset analysis
ggml/src/ggml-sycl/ggml-sycl.cpp,81083,warned,std::atomic<int>,function-local:<lambda>,mutable,intrinsic:atomic,"unscoped lexical candidate: L23341:if (!warned.exchange(true, std::memory_order_acq_rel)) { | L43991:first_hit = warned.insert(key).second; | L46342:stats.warned = true;","unscoped lexical candidate: L18157:// RUNTIME requests, which spill (counted, warned about, refused if the device cannot take them) rather than fail. | L23340:static std::atomic<bool> warned{ false }; | L43987:static std::unordered_set<std::string> warned;",process or function lifetime (review required),lifecycle not inferred; no binding-resolved reset analysis
ggml/src/ggml-sycl/ggml-sycl.cpp,81089,warned,std::atomic<int>,function-local:<lambda>,mutable,intrinsic:atomic,"unscoped lexical candidate: L23341:if (!warned.exchange(true, std::memory_order_acq_rel)) { | L43991:first_hit = warned.insert(key).second; | L46342:stats.warned = true;","unscoped lexical candidate: L18157:// RUNTIME requests, which spill (counted, warned about, refused if the device cannot take them) rather than fail. | L23340:static std::atomic<bool> warned{ false }; | L43987:static std::unordered_set<std::string> warned;",process or function lifetime (review required),lifecycle not inferred; no binding-resolved reset analysis
ggml/src/ggml-sycl/ggml-sycl.cpp,81332,compare_count,std::atomic<int>,function-local:<lambda>,mutable,intrinsic:atomic,"unscoped lexical candidate: L80410:const int compare_idx = compare_count.fetch_add(1, std::memory_order_relaxed); | L81333:const int cmp_idx = compare_count.fetch_add(1, std::memory_order_relaxed);",unscoped lexical candidate: L80409:static std::atomic<int> compare_count{ 0 };,process or function lifetime (review required),lifecycle not inferred; no binding-resolved reset analysis
ggml/src/ggml-sycl/ggml-sycl.cpp,81469,missing_weight_warn,std::atomic<int>,function-local:<lambda>,mutable,intrinsic:atomic,"unscoped lexical candidate: L81470:if (missing_weight_warn.fetch_add(1, std::memory_order_relaxed) < 16) {",none found by unscoped lexical scan,model/layer semantic state (review required),lifecycle not inferred; no binding-resolved reset analysis
ggml/src/ggml-sycl/ggml-sycl.cpp,81495,copy_warn,std::atomic<int>,function-local:<lambda>,mutable,intrinsic:atomic,"unscoped lexical candidate: L81496:if (copy_warn.fetch_add(1, std::memory_order_relaxed) < 16) { | L81522:if (copy_warn.fetch_add(1, std::memory_order_relaxed) < 16) {",unscoped lexical candidate: L81521:static std::atomic<int> copy_warn{ 0 };,process or function lifetime (review required),lifecycle not inferred; no binding-resolved reset analysis
ggml/src/ggml-sycl/ggml-sycl.cpp,81521,copy_warn,std::atomic<int>,function-local:<lambda>,mutable,intrinsic:atomic,"unscoped lexical candidate: L81496:if (copy_warn.fetch_add(1, std::memory_order_relaxed) < 16) { | L81522:if (copy_warn.fetch_add(1, std::memory_order_relaxed) < 16) {",unscoped lexical candidate: L81495:static std::atomic<int> copy_warn{ 0 };,process or function lifetime (review required),lifecycle not inferred; no binding-resolved reset analysis
ggml/src/ggml-sycl/ggml-sycl.cpp,81530,cpu_ref_log,std::atomic<int>,function-local:<lambda>,mutable,intrinsic:atomic,"unscoped lexical candidate: L81531:if (cpu_ref_log.fetch_add(1, std::memory_order_relaxed) < 96) {",none found by unscoped lexical scan,process or function lifetime (review required),lifecycle not inferred; no binding-resolved reset analysis
ggml/src/ggml-sycl/ggml-sycl.cpp,81568,warned,std::atomic<int>,function-local:ggml_sycl_mul_mat_id,mutable,intrinsic:atomic,"unscoped lexical candidate: L23341:if (!warned.exchange(true, std::memory_order_acq_rel)) { | L43991:first_hit = warned.insert(key).second; | L46342:stats.warned = true;","unscoped lexical candidate: L18157:// RUNTIME requests, which spill (counted, warned about, refused if the device cannot take them) rather than fail. | L23340:static std::atomic<bool> warned{ false }; | L43987:static std::unordered_set<std::string> warned;",process or function lifetime (review required),lifecycle not inferred; no binding-resolved reset analysis
ggml/src/ggml-sycl/ggml-sycl.cpp,81577,warned,std::atomic<int>,function-local:ggml_sycl_mul_mat_id,mutable,intrinsic:atomic,"unscoped lexical candidate: L23341:if (!warned.exchange(true, std::memory_order_acq_rel)) { | L43991:first_hit = warned.insert(key).second; | L46342:stats.warned = true;","unscoped lexical candidate: L18157:// RUNTIME requests, which spill (counted, warned about, refused if the device cannot take them) rather than fail. | L23340:static std::atomic<bool> warned{ false }; | L43987:static std::unordered_set<std::string> warned;",process or function lifetime (review required),lifecycle not inferred; no binding-resolved reset analysis
ggml/src/ggml-sycl/ggml-sycl.cpp,81674,f16_fallback_warned,std::atomic<int>,function-local:ggml_sycl_mul_mat_id,mutable,intrinsic:atomic,"unscoped lexical candidate: L81675:if (f16_fallback_warned.fetch_add(1, std::memory_order_relaxed) < 8) {",none found by unscoped lexical scan,process or function lifetime (review required),lifecycle not inferred; no binding-resolved reset analysis
ggml/src/ggml-sycl/ggml-sycl.cpp,81729,local_trace_count,std::atomic<int>,function-local:ggml_sycl_mul_mat_id,mutable,intrinsic:atomic,"unscoped lexical candidate: L81730:const int n = local_trace_count.fetch_add(1, std::memory_order_relaxed);",none found by unscoped lexical scan,process or function lifetime (review required),lifecycle not inferred; no binding-resolved reset analysis
ggml/src/ggml-sycl/ggml-sycl.cpp,81811,transient_down_release_log,std::atomic<int>,function-local:ggml_sycl_mul_mat_id,mutable,intrinsic:atomic,"unscoped lexical candidate: L80679:if (transient_down_release_log.fetch_add(1, std::memory_order_relaxed) < 96) { | L81812:if (transient_down_release_log.fetch_add(1, std::memory_order_relaxed) < 96) {",unscoped lexical candidate: L80678:static std::atomic<int> transient_down_release_log{ 0 };,process or function lifetime (review required),lifecycle not inferred; no binding-resolved reset analysis
ggml/src/ggml-sycl/ggml-sycl.cpp,82006,enabled,const bool,function-local:ggml_sycl_non_fa_attn_dump_enabled,immutable binding,none evident,unscoped lexical candidate: L217:static const bool enabled = []() { | L466:static const bool enabled = [] { | L475:static const bool enabled = [] {,"unscoped lexical candidate: L221:return enabled; | L403:static std::atomic<int> g_ggml_sycl_unified_dispatch{ -1 }; // -1 = not initialized, 0 = disabled, 1 = enabled | L470:return enabled;",process or function lifetime (review required),not applicable: immutable binding
ggml/src/ggml-sycl/ggml-sycl.cpp,82014,limit,const int,function-local:ggml_sycl_non_fa_attn_dump_call_limit,immutable binding,none evident,"unscoped lexical candidate: L925:static const int limit = [] { | L1323:GGML_LOG_INFO(""[SYCL] FP16 weight cache enabled (%s, limit=%zuMB)\n"", | L28168:static const int limit = [] {","unscoped lexical candidate: L931:if (call_idx > limit) { | L1253:// GGML_SYCL_FP16_CACHE_MB=N sets the VRAM limit (default 512MB). | L3914:static void ggml_sycl_moe_act_publish(int variant, float alpha, float limit) {",process or function lifetime (review required),not applicable: immutable binding
ggml/src/ggml-sycl/ggml-sycl.cpp,82025,elems,const size_t,function-local:ggml_sycl_non_fa_attn_dump_sample_elems,immutable binding,none evident,unscoped lexical candidate: L1266:int64_t elems = 0; | L1883:size_t elems = 0; | L1896:elems = 0;,"unscoped lexical candidate: L1273:elems == other.elems && bytes == other.bytes; | L1282:h = ggml_sycl::detail::cache_hash_combine(h, std::hash<int64_t>()(key.elems)); | L82037:return elems;",process or function lifetime (review required),not applicable: immutable binding
ggml/src/ggml-sycl/ggml-sycl.cpp,82107,mode,const int,function-local:ggml_sycl_op_timing_mode,immutable binding,none evident,"unscoped lexical candidate: L510:static const ggml_sycl_fa_graph_allow_mode mode = [] { | L1454:static const int mode = []() { | L16396:""alt_soa=%zu kv_ubatch=%u top_k=%d envelope=%d envelope_ubatch=%u mode=%d\n"",","unscoped lexical candidate: L169:static const char * ggml_sycl_layout_mode_name(ggml_layout_mode mode); | L370:// Safe mode: after every submit via ggml_sycl_compute_forward, drain the | L374:// Strict handle mode: surface data_handle/data_device divergence as a warning in",process or function lifetime (review required),not applicable: immutable binding
ggml/src/ggml-sycl/ggml-sycl.cpp,82117,enabled,const bool,function-local:ggml_sycl_nan_check_enabled,immutable binding,none evident,unscoped lexical candidate: L217:static const bool enabled = []() { | L466:static const bool enabled = [] { | L475:static const bool enabled = [] {,"unscoped lexical candidate: L221:return enabled; | L403:static std::atomic<int> g_ggml_sycl_unified_dispatch{ -1 }; // -1 = not initialized, 0 = disabled, 1 = enabled | L470:return enabled;",process or function lifetime (review required),not applicable: immutable binding
ggml/src/ggml-sycl/ggml-sycl.cpp,82127,pattern,const char *,function-local:ggml_sycl_tensor_trace_pattern,mutable,none evident,none found by unscoped lexical scan,"unscoped lexical candidate: L2859:// pattern is re-inlined anywhere outside this function's body. | L5466:// consumed later"" pattern gemm.hpp already uses for its own accumulator) | L6766:"" | LIKELY CAUSE: this tensor name matches no known expert-tensor pattern, so the placement planner """,process or function lifetime (review required),lifecycle not inferred; no binding-resolved reset analysis
ggml/src/ggml-sycl/ggml-sycl.cpp,82132,enabled,const bool,function-local:ggml_sycl_non_fa_attn_sync_enabled,immutable binding,none evident,unscoped lexical candidate: L217:static const bool enabled = []() { | L466:static const bool enabled = [] { | L475:static const bool enabled = [] {,"unscoped lexical candidate: L221:return enabled; | L403:static std::atomic<int> g_ggml_sycl_unified_dispatch{ -1 }; // -1 = not initialized, 0 = disabled, 1 = enabled | L470:return enabled;",process or function lifetime (review required),not applicable: immutable binding
ggml/src/ggml-sycl/ggml-sycl.cpp,82193,kq_count,int,function-local:dump_non_fa_attention_tensor,mutable,none evident,none found by unscoped lexical scan,unscoped lexical candidate: L82199:call_num = ++kq_count;,process or function lifetime (review required),lifecycle not inferred; no binding-resolved reset analysis
ggml/src/ggml-sycl/ggml-sycl.cpp,82194,kq_soft_max_count,int,function-local:dump_non_fa_attention_tensor,mutable,none evident,none found by unscoped lexical scan,unscoped lexical candidate: L82201:call_num = ++kq_soft_max_count;,process or function lifetime (review required),lifecycle not inferred; no binding-resolved reset analysis
ggml/src/ggml-sycl/ggml-sycl.cpp,82195,kqv_count,int,function-local:dump_non_fa_attention_tensor,mutable,none evident,none found by unscoped lexical scan,unscoped lexical candidate: L82203:call_num = ++kqv_count;,process or function lifetime (review required),lifecycle not inferred; no binding-resolved reset analysis
ggml/src/ggml-sycl/ggml-sycl.cpp,82196,fattn_count,int,function-local:dump_non_fa_attention_tensor,mutable,none evident,none found by unscoped lexical scan,unscoped lexical candidate: L82205:call_num = ++fattn_count;,process or function lifetime (review required),lifecycle not inferred; no binding-resolved reset analysis
ggml/src/ggml-sycl/ggml-sycl.cpp,82358,g_layer_map_mutex,std::mutex,file,mutable,intrinsic:lock primitive,none found by unscoped lexical scan,unscoped lexical candidate: L82389:std::lock_guard<std::mutex> lock(g_layer_map_mutex); | L82916:std::lock_guard<std::mutex> lock(g_layer_map_mutex); | L82958:std::lock_guard<std::mutex> lock(g_layer_map_mutex);,model/layer semantic state (review required),lifecycle not inferred; no binding-resolved reset analysis
ggml/src/ggml-sycl/ggml-sycl.cpp,82361,g_layer_classified,std::vector<bool>,file,mutable,none evident,unscoped lexical candidate: L82337:// NOTE: caller must set g_layer_map_initialized AFTER g_layer_classified.assign() | L82392:g_layer_classified.clear(); | L82410:g_layer_classified[layer_id] = true;,unscoped lexical candidate: L82372:// g_layer_classified stayed sized (and populated) for that first model's | L82406:if (layer_id < 0 || static_cast<size_t>(layer_id) >= g_layer_classified.size()) { | L82912:// The release store must happen AFTER g_layer_classified is sized to,model/layer semantic state (review required),lifecycle not inferred; unscoped lexical reset candidate: L82392:g_layer_classified.clear();
ggml/src/ggml-sycl/ggml-sycl.cpp,82417,g_preclassified_cpu_flags,const int8_t *,file,mutable,thread-local,unscoped lexical candidate: L94343:g_preclassified_cpu_flags = cpu_offload_active && !node_cpu_flags.empty() ? node_cpu_flags.data() : nullptr; | L94350:g_preclassified_cpu_flags = nullptr;,unscoped lexical candidate: L82894:if (g_preclassified_cpu_flags && g_preclassified_node_idx >= 0 && g_preclassified_node_idx < g_preclassified_size) { | L82895:bool result = g_preclassified_cpu_flags[g_preclassified_node_idx] == 1; | L94264:// because g_preclassified_cpu_flags holds a raw pointer to its data.,thread,lifecycle not inferred; no binding-resolved reset analysis
ggml/src/ggml-sycl/ggml-sycl.cpp,82418,g_preclassified_node_idx,int,file,mutable,thread-local,unscoped lexical candidate: L86548:g_preclassified_node_idx = j; | L86601:g_preclassified_node_idx = j; | L94351:g_preclassified_node_idx = -1;,unscoped lexical candidate: L82894:if (g_preclassified_cpu_flags && g_preclassified_node_idx >= 0 && g_preclassified_node_idx < g_preclassified_size) { | L82895:bool result = g_preclassified_cpu_flags[g_preclassified_node_idx] == 1; | L94528:// g_preclassified_node_idx and the MoE direct-dispatch graph state index,thread,lifecycle not inferred; no binding-resolved reset analysis
ggml/src/ggml-sycl/ggml-sycl.cpp,82419,g_preclassified_size,int,file,mutable,thread-local,unscoped lexical candidate: L94344:g_preclassified_size = (int) node_cpu_flags.size(); | L94352:g_preclassified_size = 0;,unscoped lexical candidate: L82894:if (g_preclassified_cpu_flags && g_preclassified_node_idx >= 0 && g_preclassified_node_idx < g_preclassified_size) {,thread,lifecycle not inferred; no binding-resolved reset analysis
ggml/src/ggml-sycl/ggml-sycl.cpp,82442,cfg,cpu_batch_threshold_config,function-local:ggml_sycl_cpu_batch_thresholds,mutable,none evident,unscoped lexical candidate: L6101:const auto cfg = moe_xmx_fused::MXFPXMXConfig::from_device(device); | L33983:const auto cfg = moe_xmx_fused::MXFPXMXConfig::from_device(device); | L34653:const auto cfg = moe_xmx_fused::MXFPXMXConfig::from_device(device);,"unscoped lexical candidate: L6102:const auto info = moe_xmx_fused::MXFPXMXLayoutInfo::compute(meta->ne1, meta->ne0, cfg); | L33984:const auto info = moe_xmx_fused::MXFPXMXLayoutInfo::compute(nrows, ncols, cfg); | L34654:const auto info = moe_xmx_fused::MXFPXMXLayoutInfo::compute(nrows, ncols, cfg);",process or function lifetime (review required),lifecycle not inferred; no binding-resolved reset analysis
ggml/src/ggml-sycl/ggml-sycl.cpp,82474,enabled,int,function-local:ggml_sycl_result_output_diag_enabled,mutable,none evident,unscoped lexical candidate: L217:static const bool enabled = []() { | L466:static const bool enabled = [] { | L475:static const bool enabled = [] {,"unscoped lexical candidate: L221:return enabled; | L403:static std::atomic<int> g_ggml_sycl_unified_dispatch{ -1 }; // -1 = not initialized, 0 = disabled, 1 = enabled | L470:return enabled;",process or function lifetime (review required),"lifecycle not inferred; unscoped lexical reset candidate: L7274:enabled.store(false, std::memory_order_release);"
ggml/src/ggml-sycl/ggml-sycl.cpp,82553,samples_remaining,std::atomic<int>,function-local:ggml_sycl_result_output_diag,mutable,intrinsic:atomic,"unscoped lexical candidate: L82560:samples_remaining.store(parsed, std::memory_order_release); | L82566:if (samples_remaining.fetch_sub(1, std::memory_order_acq_rel) <= 0) {",unscoped lexical candidate: L82554:int remaining = samples_remaining.load(std::memory_order_acquire);,process or function lifetime (review required),lifecycle not inferred; no binding-resolved reset analysis
ggml/src/ggml-sycl/ggml-sycl.cpp,82733,enabled,const bool,function-local:ggml_sycl_moe_routing_device_enabled,immutable binding,none evident,unscoped lexical candidate: L217:static const bool enabled = []() { | L466:static const bool enabled = [] { | L475:static const bool enabled = [] {,"unscoped lexical candidate: L221:return enabled; | L403:static std::atomic<int> g_ggml_sycl_unified_dispatch{ -1 }; // -1 = not initialized, 0 = disabled, 1 = enabled | L470:return enabled;",process or function lifetime (review required),not applicable: immutable binding
ggml/src/ggml-sycl/ggml-sycl.cpp,82752,mtx,std::mutex,function-local:<lambda>,mutable,intrinsic:lock primitive,none found by unscoped lexical scan,unscoped lexical candidate: L1290:std::mutex mtx; | L1386:std::lock_guard<std::mutex> lock(mtx); | L1406:std::lock_guard<std::mutex> lock(mtx);,process or function lifetime (review required),lifecycle not inferred; no binding-resolved reset analysis
ggml/src/ggml-sycl/ggml-sycl.cpp,82753,seen,std::unordered_set<std::string>,function-local:<lambda>,mutable,none evident,unscoped lexical candidate: L27003:if (tensor && seen.insert(tensor).second) { | L45128:if (!seen.insert(t).second) { | L57800:seen[slot] = 1;,"unscoped lexical candidate: L22002:// FIRST_SAVED — first arrival seen; routing resolved, weight data saved | L22421:// No MoE ops seen — create a minimal entry | L27000:std::unordered_set<ggml_tensor *> seen;",process or function lifetime (review required),lifecycle not inferred; unscoped lexical reset candidate: L89146:seen.clear();
ggml/src/ggml-sycl/ggml-sycl.cpp,82768,g_last_dispatch_query,const ggml_tensor *,function-local:should_dispatch_to_cpu,mutable,thread-local,unscoped lexical candidate: L82784:g_last_dispatch_query = dst; | L82855:g_last_dispatch_query = dst; | L82863:g_last_dispatch_query = dst;,unscoped lexical candidate: L82902:if (dst == g_last_dispatch_query) {,thread,lifecycle not inferred; no binding-resolved reset analysis
ggml/src/ggml-sycl/ggml-sycl.cpp,82769,g_last_dispatch_result,bool,function-local:should_dispatch_to_cpu,mutable,thread-local,unscoped lexical candidate: L82785:g_last_dispatch_result = true; | L82856:g_last_dispatch_result = false; | L82864:g_last_dispatch_result = false;,"unscoped lexical candidate: L82903:return n04bq_probe_ret(g_last_dispatch_result, ""memoized"");",thread,lifecycle not inferred; no binding-resolved reset analysis
ggml/src/ggml-sycl/ggml-sycl.cpp,82776,host_mul_mat_log_count,std::atomic<int>,function-local:should_dispatch_to_cpu,mutable,intrinsic:atomic,"unscoped lexical candidate: L82777:if (host_mul_mat_log_count.fetch_add(1, std::memory_order_relaxed) < 64) {",none found by unscoped lexical scan,process or function lifetime (review required),lifecycle not inferred; no binding-resolved reset analysis
ggml/src/ggml-sycl/ggml-sycl.cpp,82834,trace_enabled,const bool,function-local:should_dispatch_to_cpu,immutable binding,none evident,unscoped lexical candidate: L20892:static const int trace_enabled = [] { | L23300:static const int trace_enabled = [] { | L68004:static const int trace_enabled = [] {,unscoped lexical candidate: L20896:if (trace_enabled != 0) { | L23304:if (trace_enabled != 0 && g_moe_profile.token_active) { | L23307:if (n < 512 || trace_enabled > 1) {,process or function lifetime (review required),not applicable: immutable binding
ggml/src/ggml-sycl/ggml-sycl.cpp,82839,trace_count,std::atomic<int>,function-local:should_dispatch_to_cpu,mutable,intrinsic:atomic,"unscoped lexical candidate: L23306:const int n = trace_count.fetch_add(1, std::memory_order_relaxed); | L74940:const int n = trace_count.fetch_add(1, std::memory_order_relaxed); | L75153:const int n = trace_count.fetch_add(1, std::memory_order_relaxed);",unscoped lexical candidate: L23305:static std::atomic<int> trace_count{ 0 }; | L74939:static std::atomic<int> trace_count{ 0 }; | L75152:static std::atomic<int> trace_count{ 0 };,process or function lifetime (review required),lifecycle not inferred; no binding-resolved reset analysis
ggml/src/ggml-sycl/ggml-sycl.cpp,82990,cpu_log_count,int,function-local:should_dispatch_to_cpu,mutable,none evident,unscoped lexical candidate: L82991:if (cpu_log_count++ < 64) {,none found by unscoped lexical scan,process or function lifetime (review required),lifecycle not inferred; no binding-resolved reset analysis
ggml/src/ggml-sycl/ggml-sycl.cpp,83036,enabled,int,function-local:ggml_sycl_hybrid_dispatch_enabled,mutable,none evident,unscoped lexical candidate: L217:static const bool enabled = []() { | L466:static const bool enabled = [] { | L475:static const bool enabled = [] {,"unscoped lexical candidate: L221:return enabled; | L403:static std::atomic<int> g_ggml_sycl_unified_dispatch{ -1 }; // -1 = not initialized, 0 = disabled, 1 = enabled | L470:return enabled;",process or function lifetime (review required),"lifecycle not inferred; unscoped lexical reset candidate: L7274:enabled.store(false, std::memory_order_release);"
ggml/src/ggml-sycl/ggml-sycl.cpp,83066,g_sycl_timeline_graph_spans_enabled,bool,file,mutable,thread-local,unscoped lexical candidate: L93490:g_sycl_timeline_graph_spans_enabled = enabled; | L93493:~timeline_graph_span_flag_guard() { g_sycl_timeline_graph_spans_enabled = previous; },unscoped lexical candidate: L84302:if (g_sycl_timeline_graph_spans_enabled) { | L84526:if (g_sycl_timeline_graph_spans_enabled) { | L93286:const bool timeline_wait_span_enabled = g_sycl_timeline_graph_spans_enabled;,thread,lifecycle not inferred; no binding-resolved reset analysis
ggml/src/ggml-sycl/ggml-sycl.cpp,83117,enabled,const bool,function-local:ggml_sycl_attn_host_dispatch_enabled,immutable binding,none evident,unscoped lexical candidate: L217:static const bool enabled = []() { | L466:static const bool enabled = [] { | L475:static const bool enabled = [] {,"unscoped lexical candidate: L221:return enabled; | L403:static std::atomic<int> g_ggml_sycl_unified_dispatch{ -1 }; // -1 = not initialized, 0 = disabled, 1 = enabled | L470:return enabled;",process or function lifetime (review required),not applicable: immutable binding
ggml/src/ggml-sycl/ggml-sycl.cpp,83134,g_attn_host_cpu_backend,ggml_backend_t,file,mutable,none evident,unscoped lexical candidate: L83392:g_attn_host_cpu_backend = be; | L83413:g_attn_host_cpu_backend = nullptr;,unscoped lexical candidate: L83346:ggml_backend_t be = g_attn_host_cpu_backend; | L83351:if (g_attn_host_cpu_backend) { | L83352:return g_attn_host_cpu_backend;,process or function lifetime (review required),lifecycle not inferred; no binding-resolved reset analysis
ggml/src/ggml-sycl/ggml-sycl.cpp,83135,g_attn_host_cpu_threadpool,ggml_threadpool *,file,mutable,none evident,unscoped lexical candidate: L83380:g_attn_host_cpu_threadpool = ggml_threadpool_new(&tpp); | L83417:g_attn_host_cpu_threadpool = nullptr;,"unscoped lexical candidate: L83381:if (g_attn_host_cpu_threadpool) { | L83382:ggml_backend_cpu_set_threadpool(be, g_attn_host_cpu_threadpool); | L83400:// g_attn_host_cpu_backend/g_attn_host_cpu_threadpool in a DL build (it",process or function lifetime (review required),lifecycle not inferred; no binding-resolved reset analysis
ggml/src/ggml-sycl/ggml-sycl.cpp,83136,g_attn_host_cpu_backend_mutex,std::mutex,file,mutable,intrinsic:lock primitive,none found by unscoped lexical scan,unscoped lexical candidate: L83350:std::lock_guard<std::mutex> lock(g_attn_host_cpu_backend_mutex); | L83410:std::lock_guard<std::mutex> lock(g_attn_host_cpu_backend_mutex);,process or function lifetime (review required),lifecycle not inferred; no binding-resolved reset analysis
ggml/src/ggml-sycl/ggml-sycl.cpp,83168,g_attn_host_staging,auto * const,file,immutable binding,none evident,unscoped lexical candidate: L83320:g_attn_host_staging[d][k] = ggml_sycl_attn_host_staging_slot{};,unscoped lexical candidate: L83205:ggml_sycl_attn_host_staging_slot & slot = g_attn_host_staging[device][kind]; | L83251:ggml_sycl_attn_host_staging_slot & slot = g_attn_host_staging[device][kind]; | L83300:const ggml_sycl_attn_host_staging_slot & slot = g_attn_host_staging[d][k];,process or function lifetime (review required),not applicable: immutable binding
ggml/src/ggml-sycl/ggml-sycl.cpp,83183,mask,const int,function-local:ggml_sycl_attn_host_staging_enabled,immutable binding,none evident,"unscoped lexical candidate: L13440:entry.mask.assign(layer_mask, layer_mask + layer_count); | L13506:std::vector<uint8_t> mask = std::move(front.mask); | L13520:const std::vector<uint8_t> mask = ggml_sycl_pop_kv_layer_mask(device);","unscoped lexical candidate: L560:// llama.cpp-dyi3: verify every FLASH_ATTN_EXT node's mask/sinks dependency | L860:// selection, Q projection, attention mask, KV cache, attention output, and | L978:// activation/KV/mask name list this probe matches (plain ggml",process or function lifetime (review required),not applicable: immutable binding
ggml/src/ggml-sycl/ggml-sycl.cpp,83200,idle_slots,const bool,function-local:ggml_sycl_attn_host_staging_get,immutable binding,none evident,none found by unscoped lexical scan,unscoped lexical candidate: L83204:if (idle_slots && ggml_sycl_attn_host_staging_enabled(kind)) {,process or function lifetime (review required),not applicable: immutable binding
ggml/src/ggml-sycl/ggml-sycl.cpp,83482,g_pending_attn_dispatch,pending_attn_dispatch [GGML_SYCL_MAX_DEVICES],file,mutable,thread-local,none found by unscoped lexical scan,unscoped lexical candidate: L83505:pending_attn_dispatch & pending = g_pending_attn_dispatch[device]; | L83541:pending_attn_dispatch & pending = g_pending_attn_dispatch[device]; | L83581:if (g_pending_attn_dispatch[device].active) {,thread,lifecycle not inferred; no binding-resolved reset analysis
ggml/src/ggml-sycl/ggml-sycl.cpp,83483,g_stale_attn_dispatch,pending_attn_dispatch [GGML_SYCL_MAX_DEVICES],file,mutable,thread-local,unscoped lexical candidate: L83529:g_stale_attn_dispatch[device] = std::move(pending);,"unscoped lexical candidate: L83486:pending_attn_dispatch & stale = g_stale_attn_dispatch[device]; | L83651:// EMPTY, so the g_stale_attn_dispatch deferred-release mechanism no",thread,lifecycle not inferred; no binding-resolved reset analysis
ggml/src/ggml-sycl/ggml-sycl.cpp,83785,enabled,const bool,function-local:ggml_sycl_attn_sync_profile_enabled,immutable binding,none evident,unscoped lexical candidate: L217:static const bool enabled = []() { | L466:static const bool enabled = [] { | L475:static const bool enabled = [] {,"unscoped lexical candidate: L221:return enabled; | L403:static std::atomic<int> g_ggml_sycl_unified_dispatch{ -1 }; // -1 = not initialized, 0 = disabled, 1 = enabled | L470:return enabled;",process or function lifetime (review required),not applicable: immutable binding
ggml/src/ggml-sycl/ggml-sycl.cpp,83793,g_attn_graph_profile_t0,std::chrono::steady_clock::time_point,file,mutable,thread-local,unscoped lexical candidate: L109472:g_attn_graph_profile_t0 = t0;,unscoped lexical candidate: L83996:(long long) std::chrono::duration_cast<std::chrono::microseconds>(t_entry - g_attn_graph_profile_t0) | L84094:g_attn_graph_profile_t0),thread,lifecycle not inferred; no binding-resolved reset analysis
ggml/src/ggml-sycl/ggml-sycl.cpp,84207,g_ggml_sycl_block_exec_dense_active,bool,file,mutable,thread-local,unscoped lexical candidate: L91190:g_ggml_sycl_block_exec_dense_active = false; | L91269:g_ggml_sycl_block_exec_dense_active = true; | L91297:g_ggml_sycl_block_exec_dense_active = false;,unscoped lexical candidate: L84210:return g_ggml_sycl_block_exec_dense_active; | L84454:const bool per_op_routes = !g_ggml_sycl_block_exec_dense_active;,thread,lifecycle not inferred; no binding-resolved reset analysis
ggml/src/ggml-sycl/ggml-sycl.cpp,84246,dispatch_timing_mode,const int,function-local:ggml_sycl_compute_forward_impl,immutable binding,none evident,none found by unscoped lexical scan,unscoped lexical candidate: L84273:dispatch_timer dt{ .enabled = dispatch_timing_mode > 0 }; | L84948:if (dispatch_timing_mode >= 2) {,process or function lifetime (review required),not applicable: immutable binding
ggml/src/ggml-sycl/ggml-sycl.cpp,84317,op_trace,int,function-local:ggml_sycl_compute_forward_impl,mutable,none evident,unscoped lexical candidate: L84318:if (op_trace++ < 100) {,none found by unscoped lexical scan,process or function lifetime (review required),lifecycle not inferred; no binding-resolved reset analysis
ggml/src/ggml-sycl/ggml-sycl.cpp,84343,skip_log,int,function-local:ggml_sycl_compute_forward_impl,mutable,none evident,unscoped lexical candidate: L84344:if (skip_log++ < 5) {,none found by unscoped lexical scan,process or function lifetime (review required),lifecycle not inferred; no binding-resolved reset analysis
ggml/src/ggml-sycl/ggml-sycl.cpp,84370,moe_routing_device_trace_enabled,const bool,function-local:ggml_sycl_compute_forward_impl,immutable binding,none evident,none found by unscoped lexical scan,unscoped lexical candidate: L84375:moe_routing_device_trace_enabled &&,device/process slot,not applicable: immutable binding
ggml/src/ggml-sycl/ggml-sycl.cpp,84389,branch_trace_count,std::atomic<int>,function-local:ggml_sycl_compute_forward_impl,mutable,intrinsic:atomic,"unscoped lexical candidate: L84390:const int idx = branch_trace_count.fetch_add(1, std::memory_order_relaxed);",none found by unscoped lexical scan,process or function lifetime (review required),lifecycle not inferred; no binding-resolved reset analysis
ggml/src/ggml-sycl/ggml-sycl.cpp,84938,acc,"struct { double flush_us = 0, cpu_check_us = 0, resolve_us = 0, switch_us = 0, kernel_us = 0; int count = 0, graphs = 0; }",function-local:ggml_sycl_compute_forward_impl,mutable,thread-local,unscoped lexical candidate: L70259:float acc = 0.0f; | L70263:acc += weights[r] * v; | L71516:float acc = 0.0f;,"unscoped lexical candidate: L69882:[](size_t acc, const std::vector<expert_dispatch_entry> & entries) { | L69883:return acc + entries.size(); | L70265:dst[j] = acc * inv_first_weight;",thread,lifecycle not inferred; no binding-resolved reset analysis
ggml/src/ggml-sycl/ggml-sycl.cpp,84989,wait_after_name,const char *,function-local:ggml_sycl_compute_forward_impl,mutable,none evident,none found by unscoped lexical scan,"unscoped lexical candidate: L85000:(wait_after_name && wait_after_name[0]) || (wait_after_op && wait_after_op[0]) || wait_after_layer >= 0; | L85005:if (wait_after_name && wait_after_name[0]) { | L85006:match = std::strstr(dst_name, wait_after_name) != nullptr;",process or function lifetime (review required),lifecycle not inferred; no binding-resolved reset analysis
ggml/src/ggml-sycl/ggml-sycl.cpp,84990,wait_after_op,const char *,function-local:ggml_sycl_compute_forward_impl,mutable,none evident,none found by unscoped lexical scan,"unscoped lexical candidate: L85000:(wait_after_name && wait_after_name[0]) || (wait_after_op && wait_after_op[0]) || wait_after_layer >= 0; | L85008:if (match && wait_after_op && wait_after_op[0]) { | L85009:match = std::strstr(op_name, wait_after_op) != nullptr;",process or function lifetime (review required),lifecycle not inferred; no binding-resolved reset analysis
ggml/src/ggml-sycl/ggml-sycl.cpp,84991,wait_after_layer,const int,function-local:ggml_sycl_compute_forward_impl,immutable binding,none evident,none found by unscoped lexical scan,unscoped lexical candidate: L85000:(wait_after_name && wait_after_name[0]) || (wait_after_op && wait_after_op[0]) || wait_after_layer >= 0; | L85011:if (match && wait_after_layer >= 0) { | L85012:match = parse_layer_id_from_name(dst_name) == wait_after_layer;,model/layer semantic state (review required),not applicable: immutable binding
ggml/src/ggml-sycl/ggml-sycl.cpp,84995,wait_after_log,const bool,function-local:ggml_sycl_compute_forward_impl,immutable binding,none evident,none found by unscoped lexical scan,unscoped lexical candidate: L85015:if (wait_after_log) {,process or function lifetime (review required),not applicable: immutable binding
ggml/src/ggml-sycl/ggml-sycl.cpp,85108,g_mem_cache_ts,std::atomic<int64_t> [GGML_SYCL_MAX_DEVICES],file,mutable,intrinsic:atomic,"unscoped lexical candidate: L85147:g_mem_cache_ts[device].store(now, std::memory_order_release);",unscoped lexical candidate: L85120:if (now - g_mem_cache_ts[device].load(std::memory_order_acquire) < MEM_CACHE_TTL_NS) {,device/process slot,lifecycle not inferred; no binding-resolved reset analysis
ggml/src/ggml-sycl/ggml-sycl.cpp,85109,g_mem_cache_free,std::atomic<size_t> [GGML_SYCL_MAX_DEVICES],file,mutable,intrinsic:atomic,"unscoped lexical candidate: L85142:g_mem_cache_free[device].store(*free, std::memory_order_relaxed);",unscoped lexical candidate: L85121:*free = g_mem_cache_free[device].load(std::memory_order_relaxed);,device/process slot,lifecycle not inferred; no binding-resolved reset analysis
ggml/src/ggml-sycl/ggml-sycl.cpp,85110,g_mem_cache_total,std::atomic<size_t> [GGML_SYCL_MAX_DEVICES],file,mutable,intrinsic:atomic,"unscoped lexical candidate: L85143:g_mem_cache_total[device].store(*total, std::memory_order_relaxed);",unscoped lexical candidate: L85122:*total = g_mem_cache_total[device].load(std::memory_order_relaxed);,device/process slot,lifecycle not inferred; no binding-resolved reset analysis
ggml/src/ggml-sycl/ggml-sycl.cpp,85111,MEM_CACHE_TTL_NS,constexpr int64_t,file,immutable binding,none evident,none found by unscoped lexical scan,unscoped lexical candidate: L19554:// could land inside the same 10 ms TTL cache window (MEM_CACHE_TTL_NS) | L85120:if (now - g_mem_cache_ts[device].load(std::memory_order_acquire) < MEM_CACHE_TTL_NS) {,process or function lifetime (review required),not applicable: immutable binding
ggml/src/ggml-sycl/ggml-sycl.cpp,86058,enabled,const int,function-local:ggml_sycl_moe_down_sum_shadow_enabled,immutable binding,none evident,unscoped lexical candidate: L217:static const bool enabled = []() { | L466:static const bool enabled = [] { | L475:static const bool enabled = [] {,"unscoped lexical candidate: L221:return enabled; | L403:static std::atomic<int> g_ggml_sycl_unified_dispatch{ -1 }; // -1 = not initialized, 0 = disabled, 1 = enabled | L470:return enabled;",process or function lifetime (review required),not applicable: immutable binding
ggml/src/ggml-sycl/ggml-sycl.cpp,86066,enabled,const int,function-local:ggml_sycl_moe_down_sum_shadow_write_final_enabled,immutable binding,none evident,unscoped lexical candidate: L217:static const bool enabled = []() { | L466:static const bool enabled = [] { | L475:static const bool enabled = [] {,"unscoped lexical candidate: L221:return enabled; | L403:static std::atomic<int> g_ggml_sycl_unified_dispatch{ -1 }; // -1 = not initialized, 0 = disabled, 1 = enabled | L470:return enabled;",process or function lifetime (review required),not applicable: immutable binding
ggml/src/ggml-sycl/ggml-sycl.cpp,86313,enabled,const int,function-local:ggml_sycl_moe_down_sum_trace_enabled,immutable binding,none evident,unscoped lexical candidate: L217:static const bool enabled = []() { | L466:static const bool enabled = [] { | L475:static const bool enabled = [] {,"unscoped lexical candidate: L221:return enabled; | L403:static std::atomic<int> g_ggml_sycl_unified_dispatch{ -1 }; // -1 = not initialized, 0 = disabled, 1 = enabled | L470:return enabled;",process or function lifetime (review required),not applicable: immutable binding
ggml/src/ggml-sycl/ggml-sycl.cpp,86481,down_sum_tg_only,const bool,function-local:ggml_sycl_try_fuse_moe_down_weighted_sum,immutable binding,none evident,none found by unscoped lexical scan,unscoped lexical candidate: L86485:if (down_sum_tg_only && down->ne[2] != 1) {,process or function lifetime (review required),not applicable: immutable binding
ggml/src/ggml-sycl/ggml-sycl.cpp,86526,replay_chain,const bool,function-local:ggml_sycl_try_fuse_moe_down_weighted_sum,immutable binding,none evident,none found by unscoped lexical scan,unscoped lexical candidate: L86530:if (replay_chain) {,process or function lifetime (review required),not applicable: immutable binding
ggml/src/ggml-sycl/ggml-sycl.cpp,86623,down_sum_drain,const bool,function-local:ggml_sycl_try_fuse_moe_down_weighted_sum,immutable binding,none evident,none found by unscoped lexical scan,unscoped lexical candidate: L86627:if (down_sum_drain) { | L86641:if (down_sum_drain) {,process or function lifetime (review required),not applicable: immutable binding
ggml/src/ggml-sycl/ggml-sycl.cpp,86708,router_debug,const bool,function-local:ggml_sycl_try_fuse_tg_router_f32_add_argsort,immutable binding,none evident,none found by unscoped lexical scan,unscoped lexical candidate: L86710:if (router_debug) { | L86740:if (router_debug) { | L86782:if (router_debug) {,process or function lifetime (review required),not applicable: immutable binding
ggml/src/ggml-sycl/ggml-sycl.cpp,87090,can_fuse_debug,int,function-local:can_fuse_ffn,mutable,none evident,unscoped lexical candidate: L87091:bool debug_this = (can_fuse_debug++ < 5);,none found by unscoped lexical scan,process or function lifetime (review required),lifecycle not inferred; no binding-resolved reset analysis
ggml/src/ggml-sycl/ggml-sycl.cpp,87160,ffn_debug_count,int,function-local:execute_ffn_fusion,mutable,none evident,unscoped lexical candidate: L87161:if (ffn_debug_count++ < 3) {,none found by unscoped lexical scan,process or function lifetime (review required),lifecycle not inferred; no binding-resolved reset analysis
ggml/src/ggml-sycl/ggml-sycl.cpp,87203,input_debug,int,function-local:execute_ffn_fusion,mutable,none evident,unscoped lexical candidate: L87204:if (input_debug++ < 5) {,none found by unscoped lexical scan,process or function lifetime (review required),lifecycle not inferred; no binding-resolved reset analysis
ggml/src/ggml-sycl/ggml-sycl.cpp,87230,addr_debug,int,function-local:execute_ffn_fusion,mutable,none evident,unscoped lexical candidate: L87231:if (addr_debug++ < 5) {,none found by unscoped lexical scan,process or function lifetime (review required),lifecycle not inferred; no binding-resolved reset analysis
ggml/src/ggml-sycl/ggml-sycl.cpp,87242,use_single_row,bool,function-local:execute_ffn_fusion,mutable,none evident,none found by unscoped lexical scan,unscoped lexical candidate: L87244:if (use_single_row) {,process or function lifetime (review required),lifecycle not inferred; no binding-resolved reset analysis
ggml/src/ggml-sycl/ggml-sycl.cpp,87266,fusion_debug_count,int,function-local:execute_ffn_fusion,mutable,none evident,unscoped lexical candidate: L87268:if (fusion_debug_count++ < 5) {,"unscoped lexical candidate: L87276:fusion_debug_count, (long long) N, (long long) batch, dst_vals[0], dst_vals[1], dst_vals[2], | L87287:fusion_debug_count, input_vals[0], input_vals[1], input_vals[2], input_vals[3], input_vals[4],",process or function lifetime (review required),lifecycle not inferred; no binding-resolved reset analysis
ggml/src/ggml-sycl/ggml-sycl.cpp,87304,g_persistent_trace_ops,std::vector<persistent_trace_entry>,file,mutable,none evident,unscoped lexical candidate: L101795:g_persistent_trace_ops.clear(); | L102346:g_persistent_trace_ops.push_back(entry);,unscoped lexical candidate: L87509:for (size_t i = 0; i < g_persistent_trace_ops.size(); ++i) { | L87510:const auto & entry = g_persistent_trace_ops[i];,process or function lifetime (review required),lifecycle not inferred; unscoped lexical reset candidate: L101795:g_persistent_trace_ops.clear();
ggml/src/ggml-sycl/ggml-sycl.cpp,87305,g_sycl_tg_trace_hash,bool,file,mutable,none evident,unscoped lexical candidate: L87408:g_sycl_tg_trace_hash = (env && std::atoi(env) != 0);,unscoped lexical candidate: L87472:if (!g_sycl_tg_trace_hash || !tensor || !output_ptr) { | L87506:if (!g_sycl_tg_trace_hash) { | L91550:f.tensor_trace = ggml_sycl_tensor_trace_pattern() != nullptr || g_sycl_tg_trace_hash || g_sycl_tg_dump_rms ||,process or function lifetime (review required),lifecycle not inferred; no binding-resolved reset analysis
ggml/src/ggml-sycl/ggml-sycl.cpp,87306,g_sycl_tg_trace_init,bool,file,mutable,none evident,unscoped lexical candidate: L87425:g_sycl_tg_trace_init = true;,unscoped lexical candidate: L87404:if (g_sycl_tg_trace_init) {,process or function lifetime (review required),lifecycle not inferred; no binding-resolved reset analysis
ggml/src/ggml-sycl/ggml-sycl.cpp,87307,g_sycl_tg_trace_max_bytes,size_t,file,mutable,none evident,unscoped lexical candidate: L87414:g_sycl_tg_trace_max_bytes = (size_t) val;,"unscoped lexical candidate: L87481:const size_t bytes = std::min(nbytes, g_sycl_tg_trace_max_bytes); | L87521:(size_t) g_sycl_tg_trace_max_bytes, (unsigned long long) h); | L105628:kernel.set_persistent_debug_hash(dbg, (int) g_sycl_tg_trace_max_bytes);",process or function lifetime (review required),lifecycle not inferred; no binding-resolved reset analysis
ggml/src/ggml-sycl/ggml-sycl.cpp,87308,g_sycl_trace_op_index,int,file,mutable,none evident,"unscoped lexical candidate: L94096:g_sycl_trace_op_index = 0; | L95805:ggml_sycl_trace_tensor_hash(*sycl_ctx, node, out_ptr, ""base"", g_sycl_trace_op_index++, node->op); | L101796:g_sycl_trace_op_index = 0;",none found by unscoped lexical scan,process or function lifetime (review required),lifecycle not inferred; no binding-resolved reset analysis
ggml/src/ggml-sycl/ggml-sycl.cpp,87309,g_persistent_debug_hash_ptr,uint64_t *,file,mutable,none evident,unscoped lexical candidate: L87528:g_persistent_debug_hash_ptr = nullptr; | L101799:g_persistent_debug_hash_ptr = nullptr; | L105627:g_persistent_debug_hash_ptr = dbg;,unscoped lexical candidate: L87511:if (g_persistent_debug_hash_ptr) { | L87513:const uint64_t h = (op_index >= 0) ? g_persistent_debug_hash_ptr[op_index] : 0; | L87526:if (g_persistent_debug_hash_ptr) {,process or function lifetime (review required),lifecycle not inferred; no binding-resolved reset analysis
ggml/src/ggml-sycl/ggml-sycl.cpp,87310,g_persistent_debug_hash_handle,ggml_sycl::mem_handle,file,mutable,none evident,unscoped lexical candidate: L87527:g_persistent_debug_hash_handle = {}; | L101798:g_persistent_debug_hash_handle = {}; | L107806:g_persistent_debug_hash_handle = {};,"unscoped lexical candidate: L105624:q, ctx.device, max_ops * sizeof(uint64_t), ""ptg_hash_dbg"", g_persistent_debug_hash_handle));",process or function lifetime (review required),lifecycle not inferred; no binding-resolved reset analysis
ggml/src/ggml-sycl/ggml-sycl.cpp,87311,g_sycl_tg_dump_rms,bool,file,mutable,none evident,unscoped lexical candidate: L87418:g_sycl_tg_dump_rms = (env_dump && std::atoi(env_dump) != 0);,unscoped lexical candidate: L91550:f.tensor_trace = ggml_sycl_tensor_trace_pattern() != nullptr || g_sycl_tg_trace_hash || g_sycl_tg_dump_rms || | L94092:if (g_sycl_tg_dump_rms) { | L95816:if (g_sycl_tg_dump_rms && !g_sycl_tg_dump_rms_base_done && node->op == GGML_OP_RMS_NORM &&,process or function lifetime (review required),lifecycle not inferred; no binding-resolved reset analysis
ggml/src/ggml-sycl/ggml-sycl.cpp,87312,g_sycl_tg_dump_rms_base_done,bool,file,mutable,none evident,unscoped lexical candidate: L95880:g_sycl_tg_dump_rms_base_done = true;,unscoped lexical candidate: L95816:if (g_sycl_tg_dump_rms && !g_sycl_tg_dump_rms_base_done && node->op == GGML_OP_RMS_NORM &&,process or function lifetime (review required),lifecycle not inferred; no binding-resolved reset analysis
ggml/src/ggml-sycl/ggml-sycl.cpp,87313,g_sycl_tg_dump_matmul,bool,file,mutable,none evident,unscoped lexical candidate: L87420:g_sycl_tg_dump_matmul = (env_matmul && std::atoi(env_matmul) != 0);,unscoped lexical candidate: L91551:g_sycl_tg_dump_matmul || g_sycl_tg_dump_mul || g_sycl_tg_dump_add; | L95884:if (g_sycl_tg_dump_matmul && !g_sycl_tg_dump_matmul_base_done && node->op == GGML_OP_MUL_MAT &&,process or function lifetime (review required),lifecycle not inferred; no binding-resolved reset analysis
ggml/src/ggml-sycl/ggml-sycl.cpp,87314,g_sycl_tg_dump_matmul_base_done,bool,file,mutable,none evident,unscoped lexical candidate: L95925:g_sycl_tg_dump_matmul_base_done = true;,unscoped lexical candidate: L95884:if (g_sycl_tg_dump_matmul && !g_sycl_tg_dump_matmul_base_done && node->op == GGML_OP_MUL_MAT &&,process or function lifetime (review required),lifecycle not inferred; no binding-resolved reset analysis
ggml/src/ggml-sycl/ggml-sycl.cpp,87315,g_sycl_tg_dump_mul,bool,file,mutable,none evident,unscoped lexical candidate: L87422:g_sycl_tg_dump_mul = (env_mul && std::atoi(env_mul) != 0);,unscoped lexical candidate: L91551:g_sycl_tg_dump_matmul || g_sycl_tg_dump_mul || g_sycl_tg_dump_add; | L95929:if (g_sycl_tg_dump_mul && !g_sycl_tg_dump_mul_base_done && node->op == GGML_OP_MUL &&,process or function lifetime (review required),lifecycle not inferred; no binding-resolved reset analysis
ggml/src/ggml-sycl/ggml-sycl.cpp,87316,g_sycl_tg_dump_mul_base_done,bool,file,mutable,none evident,unscoped lexical candidate: L95970:g_sycl_tg_dump_mul_base_done = true;,unscoped lexical candidate: L95929:if (g_sycl_tg_dump_mul && !g_sycl_tg_dump_mul_base_done && node->op == GGML_OP_MUL &&,process or function lifetime (review required),lifecycle not inferred; no binding-resolved reset analysis
ggml/src/ggml-sycl/ggml-sycl.cpp,87317,g_sycl_tg_dump_add,bool,file,mutable,none evident,unscoped lexical candidate: L87424:g_sycl_tg_dump_add = (env_add && std::atoi(env_add) != 0);,unscoped lexical candidate: L91551:g_sycl_tg_dump_matmul || g_sycl_tg_dump_mul || g_sycl_tg_dump_add; | L95974:if (g_sycl_tg_dump_add && !g_sycl_tg_dump_add_base_done && node->op == GGML_OP_ADD &&,process or function lifetime (review required),lifecycle not inferred; no binding-resolved reset analysis
ggml/src/ggml-sycl/ggml-sycl.cpp,87318,g_sycl_tg_dump_add_base_done,bool,file,mutable,none evident,unscoped lexical candidate: L96015:g_sycl_tg_dump_add_base_done = true;,unscoped lexical candidate: L95974:if (g_sycl_tg_dump_add && !g_sycl_tg_dump_add_base_done && node->op == GGML_OP_ADD &&,process or function lifetime (review required),lifecycle not inferred; no binding-resolved reset analysis
ggml/src/ggml-sycl/ggml-sycl.cpp,87575,FLAG_UNKNOWN,constexpr int8_t,file,immutable binding,none evident,none found by unscoped lexical scan,unscoped lexical candidate: L93015:int8_t last = FLAG_UNKNOWN; | L93022:if (last == FLAG_UNKNOWN || dom != last) { | L93023:if (dump_plan && last != FLAG_UNKNOWN) {,process or function lifetime (review required),not applicable: immutable binding
ggml/src/ggml-sycl/ggml-sycl.cpp,87576,FLAG_GPU,constexpr int8_t,file,immutable binding,none evident,none found by unscoped lexical scan,unscoped lexical candidate: L87642:return flag == FLAG_CPU ? FLAG_CPU : FLAG_GPU; | L87647:if (offload_plan_domain(node_cpu_flags[i]) != FLAG_GPU) { | L87657:if (offload_plan_domain(node_cpu_flags[j]) == FLAG_GPU) {,device/process slot,not applicable: immutable binding
ggml/src/ggml-sycl/ggml-sycl.cpp,87577,FLAG_CPU,constexpr int8_t,file,immutable binding,none evident,none found by unscoped lexical scan,unscoped lexical candidate: L87642:return flag == FLAG_CPU ? FLAG_CPU : FLAG_GPU; | L87653:if (offload_plan_domain(node_cpu_flags[j]) == FLAG_CPU) { | L87667:if (offload_plan_domain(node_cpu_flags[j]) == FLAG_CPU) {,process or function lifetime (review required),not applicable: immutable binding
ggml/src/ggml-sycl/ggml-sycl.cpp,87578,FLAG_GPU_ISLAND,constexpr int8_t,file,immutable binding,none evident,none found by unscoped lexical scan,unscoped lexical candidate: L87678:node_cpu_flags[i] = FLAG_GPU_ISLAND; | L87695:if (f == FLAG_GPU_ISLAND) { | L94275:const bool node_island = flag == FLAG_GPU_ISLAND;,device/process slot,not applicable: immutable binding
ggml/src/ggml-sycl/ggml-sycl.cpp,87581,enabled,int,function-local:ggml_sycl_offload_locality_enabled,mutable,none evident,unscoped lexical candidate: L217:static const bool enabled = []() { | L466:static const bool enabled = [] { | L475:static const bool enabled = [] {,"unscoped lexical candidate: L221:return enabled; | L403:static std::atomic<int> g_ggml_sycl_unified_dispatch{ -1 }; // -1 = not initialized, 0 = disabled, 1 = enabled | L470:return enabled;",process or function lifetime (review required),"lifecycle not inferred; unscoped lexical reset candidate: L7274:enabled.store(false, std::memory_order_release);"
ggml/src/ggml-sycl/ggml-sycl.cpp,87590,env_value,std::atomic<int>,function-local:ggml_sycl_offload_cross_cost,mutable,intrinsic:atomic,"unscoped lexical candidate: L87595:env_value.store(value, std::memory_order_release); | L87610:env_value.store(value, std::memory_order_release);","unscoped lexical candidate: L3320:static bool ggml_sycl_moe_gateup_single_xmx_enabled_from_env(const char * env_value, const char * name) { | L3321:if (!env_value || std::atoi(env_value) == 0) { | L3340:static bool ggml_sycl_moe_single_xmx_chunked_fallback_policy(const char * env_value,",process or function lifetime (review required),lifecycle not inferred; no binding-resolved reset analysis
ggml/src/ggml-sycl/ggml-sycl.cpp,87605,env_value,std::atomic<int>,function-local:ggml_sycl_offload_hysteresis,mutable,intrinsic:atomic,"unscoped lexical candidate: L87595:env_value.store(value, std::memory_order_release); | L87610:env_value.store(value, std::memory_order_release);","unscoped lexical candidate: L3320:static bool ggml_sycl_moe_gateup_single_xmx_enabled_from_env(const char * env_value, const char * name) { | L3321:if (!env_value || std::atoi(env_value) == 0) { | L3340:static bool ggml_sycl_moe_single_xmx_chunked_fallback_policy(const char * env_value,",process or function lifetime (review required),lifecycle not inferred; no binding-resolved reset analysis
ggml/src/ggml-sycl/ggml-sycl.cpp,87619,cached,std::atomic<long long>,function-local:ggml_sycl_offload_boundary_wait_bytes,mutable,intrinsic:atomic,"unscoped lexical candidate: L1151:cached.store(value, std::memory_order_release); | L2950:const auto cached = cache->get_placement_plan_snapshot(); | L3780:cached.store(v, std::memory_order_release);","unscoped lexical candidate: L1146:static std::atomic<int> cached{ -1 }; | L1147:int value = cached.load(std::memory_order_acquire); | L1251:// passes skip the dequantization kernel entirely, reading cached FP16 directly.",process or function lifetime (review required),lifecycle not inferred; no binding-resolved reset analysis
ggml/src/ggml-sycl/ggml-sycl.cpp,87633,enabled,int,function-local:ggml_sycl_offload_plan_dump_enabled,mutable,none evident,unscoped lexical candidate: L217:static const bool enabled = []() { | L466:static const bool enabled = [] { | L475:static const bool enabled = [] {,"unscoped lexical candidate: L221:return enabled; | L403:static std::atomic<int> g_ggml_sycl_unified_dispatch{ -1 }; // -1 = not initialized, 0 = disabled, 1 = enabled | L470:return enabled;",process or function lifetime (review required),"lifecycle not inferred; unscoped lexical reset candidate: L7274:enabled.store(false, std::memory_order_release);"
ggml/src/ggml-sycl/ggml-sycl.cpp,88296,enabled,int,function-local:ggml_sycl_block_exec_plan_trace_enabled,mutable,none evident,unscoped lexical candidate: L217:static const bool enabled = []() { | L466:static const bool enabled = [] { | L475:static const bool enabled = [] {,"unscoped lexical candidate: L221:return enabled; | L403:static std::atomic<int> g_ggml_sycl_unified_dispatch{ -1 }; // -1 = not initialized, 0 = disabled, 1 = enabled | L470:return enabled;",process or function lifetime (review required),"lifecycle not inferred; unscoped lexical reset candidate: L7274:enabled.store(false, std::memory_order_release);"
ggml/src/ggml-sycl/ggml-sycl.cpp,88351,layouts,const ggml_layout_mode [],function-local:ggml_sycl_block_exec_tensor_storage_state,immutable binding,none evident,"unscoped lexical candidate: L4153:static const ggml_layout_mode layouts[] = { GGML_LAYOUT_SOA, GGML_LAYOUT_COALESCED, GGML_LAYOUT_MXFP4_I8, | L6324:layouts.push_back(layout); | L6498:auto layouts = ggml_sycl_moe_resolve_layouts(requested_layout, host_only);","unscoped lexical candidate: L4152:// Try multiple layouts — prestage may use SOA, COALESCED, XMX_TILED, or AOS | L4163:for (auto layout : layouts) { | L6321:std::vector<ggml_layout_mode> layouts;",process or function lifetime (review required),not applicable: immutable binding
ggml/src/ggml-sycl/ggml-sycl.cpp,88493,logged,std::atomic<int>,function-local:ggml_sycl_block_exec_trace_queue_for_device,mutable,intrinsic:atomic,"unscoped lexical candidate: L3817:if (!logged.insert(k).second) { | L4437:if (logged.fetch_add(1, std::memory_order_relaxed) < 1) { | L5826:should_log = logged.insert(key).second;","unscoped lexical candidate: L3813:static std::unordered_set<key_t, key_hash> logged; | L4436:static std::atomic<int> logged{ 0 }; | L5818:static std::unordered_set<std::string> logged;",process or function lifetime (review required),lifecycle not inferred; no binding-resolved reset analysis
ggml/src/ggml-sycl/ggml-sycl.cpp,88579,copy_queue_mutex,std::mutex,function-local:ggml_sycl_block_exec_copy_queue_for_device,mutable,intrinsic:lock primitive,none found by unscoped lexical scan,unscoped lexical candidate: L88582:std::lock_guard<std::mutex> lock(copy_queue_mutex);,device/process slot,lifecycle not inferred; no binding-resolved reset analysis
ggml/src/ggml-sycl/ggml-sycl.cpp,88580,copy_queues,"std::array<std::unique_ptr<sycl::queue>, GGML_SYCL_MAX_DEVICES>",function-local:ggml_sycl_block_exec_copy_queue_for_device,mutable,none evident,unscoped lexical candidate: L88588:copy_queues[device] = | L88595:copy_queues[device].reset();,"unscoped lexical candidate: L88583:if (copy_queues[device] && ggml_sycl_block_exec_queue_matches_device(*copy_queues[device], device, true)) { | L88584:return copy_queues[device].get(); | L88590:ggml_sycl_block_exec_trace_queue_for_device(device, ""copy-created"", copy_queues[device].get());",device/process slot,lifecycle not inferred; unscoped lexical reset candidate: L88595:copy_queues[device].reset();
ggml/src/ggml-sycl/ggml-sycl.cpp,88988,max_static_leaf_bytes,constexpr size_t,function-local:<lambda>,immutable binding,none evident,none found by unscoped lexical scan,unscoped lexical candidate: L88989:if (leaf.bytes > max_static_leaf_bytes) {,process or function lifetime (review required),not applicable: immutable binding
ggml/src/ggml-sycl/ggml-sycl.cpp,89268,logged,std::atomic<bool>,function-local:ggml_sycl_probe_block_exec_leaf_materialization,mutable,intrinsic:atomic,"unscoped lexical candidate: L3817:if (!logged.insert(k).second) { | L4437:if (logged.fetch_add(1, std::memory_order_relaxed) < 1) { | L5826:should_log = logged.insert(key).second;","unscoped lexical candidate: L3813:static std::unordered_set<key_t, key_hash> logged; | L4436:static std::atomic<int> logged{ 0 }; | L5818:static std::unordered_set<std::string> logged;",process or function lifetime (review required),lifecycle not inferred; no binding-resolved reset analysis
ggml/src/ggml-sycl/ggml-sycl.cpp,89273,logged,std::atomic<bool>,function-local:ggml_sycl_probe_block_exec_leaf_materialization,mutable,intrinsic:atomic,"unscoped lexical candidate: L3817:if (!logged.insert(k).second) { | L4437:if (logged.fetch_add(1, std::memory_order_relaxed) < 1) { | L5826:should_log = logged.insert(key).second;","unscoped lexical candidate: L3813:static std::unordered_set<key_t, key_hash> logged; | L4436:static std::atomic<int> logged{ 0 }; | L5818:static std::unordered_set<std::string> logged;",process or function lifetime (review required),lifecycle not inferred; no binding-resolved reset analysis
ggml/src/ggml-sycl/ggml-sycl.cpp,89299,logged,std::atomic<bool>,function-local:ggml_sycl_probe_block_exec_leaf_materialization,mutable,intrinsic:atomic,"unscoped lexical candidate: L3817:if (!logged.insert(k).second) { | L4437:if (logged.fetch_add(1, std::memory_order_relaxed) < 1) { | L5826:should_log = logged.insert(key).second;","unscoped lexical candidate: L3813:static std::unordered_set<key_t, key_hash> logged; | L4436:static std::atomic<int> logged{ 0 }; | L5818:static std::unordered_set<std::string> logged;",process or function lifetime (review required),lifecycle not inferred; no binding-resolved reset analysis
ggml/src/ggml-sycl/ggml-sycl.cpp,89305,logged,std::atomic<bool>,function-local:ggml_sycl_probe_block_exec_leaf_materialization,mutable,intrinsic:atomic,"unscoped lexical candidate: L3817:if (!logged.insert(k).second) { | L4437:if (logged.fetch_add(1, std::memory_order_relaxed) < 1) { | L5826:should_log = logged.insert(key).second;","unscoped lexical candidate: L3813:static std::unordered_set<key_t, key_hash> logged; | L4436:static std::atomic<int> logged{ 0 }; | L5818:static std::unordered_set<std::string> logged;",process or function lifetime (review required),lifecycle not inferred; no binding-resolved reset analysis
ggml/src/ggml-sycl/ggml-sycl.cpp,89795,enabled,int,function-local:ggml_sycl_block_exec_execute_enabled,mutable,none evident,unscoped lexical candidate: L217:static const bool enabled = []() { | L466:static const bool enabled = [] { | L475:static const bool enabled = [] {,"unscoped lexical candidate: L221:return enabled; | L403:static std::atomic<int> g_ggml_sycl_unified_dispatch{ -1 }; // -1 = not initialized, 0 = disabled, 1 = enabled | L470:return enabled;",process or function lifetime (review required),"lifecycle not inferred; unscoped lexical reset candidate: L7274:enabled.store(false, std::memory_order_release);"
ggml/src/ggml-sycl/ggml-sycl.cpp,89804,interval,int,function-local:ggml_sycl_block_exec_drain_interval,mutable,none evident,unscoped lexical candidate: L3084:// cache planner. Rerank is disabled by default (interval=0). | L72409:// opaque interval -- see the comment above for why its own | L89097:const int interval = ggml_sycl_block_exec_drain_interval();,"unscoped lexical candidate: L3083:// Warmup tokens and rerank interval are auto-determined by the unified | L3138:// Uses aggressive initial re-ranking: first 5 epochs use interval/10 (min 10) | L3139:// to fill VRAM cache 10x faster during warmup, then settles to normal interval.",process or function lifetime (review required),lifecycle not inferred; no binding-resolved reset analysis
ggml/src/ggml-sycl/ggml-sycl.cpp,89816,max_mb,long long,function-local:ggml_sycl_block_exec_max_prepare_leaf_bytes,mutable,none evident,unscoped lexical candidate: L89819:max_mb = env ? std::atoll(env) : 8; | L89821:max_mb = 0;,unscoped lexical candidate: L89817:if (max_mb < 0) { | L89820:if (max_mb < 0) { | L89824:return static_cast<size_t>(max_mb) * 1024ull * 1024ull;,process or function lifetime (review required),lifecycle not inferred; no binding-resolved reset analysis
ggml/src/ggml-sycl/ggml-sycl.cpp,89828,min_bytes,long long,function-local:ggml_sycl_block_exec_min_boundary_bytes,mutable,none evident,unscoped lexical candidate: L89831:min_bytes = env ? std::atoll(env) : 64 * 1024; | L89833:min_bytes = 0;,unscoped lexical candidate: L89829:if (min_bytes < 0) { | L89832:if (min_bytes < 0) { | L89836:return static_cast<size_t>(min_bytes);,process or function lifetime (review required),lifecycle not inferred; no binding-resolved reset analysis
ggml/src/ggml-sycl/ggml-sycl.cpp,89870,mixed_prompt_enabled,const int,function-local:ggml_sycl_block_exec_has_unsupported_secondary_prompt_moe,immutable binding,none evident,none found by unscoped lexical scan,unscoped lexical candidate: L89874:if (mixed_prompt_enabled != 0) {,process or function lifetime (review required),not applicable: immutable binding
ggml/src/ggml-sycl/ggml-sycl.cpp,90831,enabled,const bool,function-local:ggml_sycl_block_exec_dense_enabled,immutable binding,none evident,unscoped lexical candidate: L217:static const bool enabled = []() { | L466:static const bool enabled = [] { | L475:static const bool enabled = [] {,"unscoped lexical candidate: L221:return enabled; | L403:static std::atomic<int> g_ggml_sycl_unified_dispatch{ -1 }; // -1 = not initialized, 0 = disabled, 1 = enabled | L470:return enabled;",process or function lifetime (review required),not applicable: immutable binding
ggml/src/ggml-sycl/ggml-sycl.cpp,90836,bytes,const size_t,function-local:ggml_sycl_block_exec_dense_max_arena_bytes,immutable binding,none evident,unscoped lexical candidate: L982:// silently misinterpret the bytes -- see the llama.cpp-dkw0 | L1258:size_t bytes = 0; | L1267:size_t bytes = 0;,"unscoped lexical candidate: L253:static void pp_scratch_profile_note_pool_alloc(size_t bytes, bool ok) { | L259:bucket.pool_alloc_bytes += bytes; | L265:static void pp_scratch_profile_note_pool_free(size_t bytes) {",process or function lifetime (review required),not applicable: immutable binding
ggml/src/ggml-sycl/ggml-sycl.cpp,91069,g_ggml_sycl_block_exec_dense_states_mutex,std::mutex,file,mutable,intrinsic:lock primitive,none found by unscoped lexical scan,unscoped lexical candidate: L91074:std::lock_guard<std::mutex> lock(g_ggml_sycl_block_exec_dense_states_mutex); | L91085:std::lock_guard<std::mutex> lock(g_ggml_sycl_block_exec_dense_states_mutex); | L91108:std::lock_guard<std::mutex> lock(g_ggml_sycl_block_exec_dense_states_mutex);,process or function lifetime (review required),lifecycle not inferred; no binding-resolved reset analysis
ggml/src/ggml-sycl/ggml-sycl.cpp,91071,g_ggml_sycl_block_exec_dense_states,"std::unordered_map<const ggml_backend_sycl_context *, std::unique_ptr<ggml_sycl_block_exec_dense_state>>",file,mutable,none evident,unscoped lexical candidate: L91091:g_ggml_sycl_block_exec_dense_states.erase(it);,unscoped lexical candidate: L91071:g_ggml_sycl_block_exec_dense_states; | L91075:auto & state = g_ggml_sycl_block_exec_dense_states[&ctx]; | L91086:auto it = g_ggml_sycl_block_exec_dense_states.find(ctx);,process or function lifetime (review required),lifecycle not inferred; unscoped lexical reset candidate: L91091:g_ggml_sycl_block_exec_dense_states.erase(it);
ggml/src/ggml-sycl/ggml-sycl.cpp,91143,enabled,const bool,function-local:ggml_sycl_block_exec_dense_graph_enabled,immutable binding,none evident,unscoped lexical candidate: L217:static const bool enabled = []() { | L466:static const bool enabled = [] { | L475:static const bool enabled = [] {,"unscoped lexical candidate: L221:return enabled; | L403:static std::atomic<int> g_ggml_sycl_unified_dispatch{ -1 }; // -1 = not initialized, 0 = disabled, 1 = enabled | L470:return enabled;",process or function lifetime (review required),not applicable: immutable binding
ggml/src/ggml-sycl/ggml-sycl.cpp,91910,mode_names,const char * const[],function-local:trace_graphs,immutable binding,none evident,none found by unscoped lexical scan,"unscoped lexical candidate: L91916:mode_names[static_cast<int>(range_modes_[r])], (unsigned long long) st.graphs[r].records,",process or function lifetime (review required),not applicable: immutable binding
ggml/src/ggml-sycl/ggml-sycl.cpp,92110,memo,ggml_sycl::dense_exec_block_memo,function-local:<function>,mutable,thread-local,unscoped lexical candidate: L73984:const auto memo = expert_identity.find(operand.expert_id);,unscoped lexical candidate: L60095:// stay on SOA; without this memo the phase pass would re-attempt the swap | L60122:// Load-boundary reset for the two memo sets above (llama.cpp-k7b0). Both are | L72679:// dominating inner 12:1 -- this splits outer further into the memo-HIT,thread,lifecycle not inferred; no binding-resolved reset analysis
ggml/src/ggml-sycl/ggml-sycl.cpp,92990,cached,block_exec_classify_cache,function-local:ggml_sycl_classify_block_exec_graph_cached,mutable,thread-local,"unscoped lexical candidate: L1151:cached.store(value, std::memory_order_release); | L2950:const auto cached = cache->get_placement_plan_snapshot(); | L3780:cached.store(v, std::memory_order_release);","unscoped lexical candidate: L1146:static std::atomic<int> cached{ -1 }; | L1147:int value = cached.load(std::memory_order_acquire); | L1251:// passes skip the dequantization kernel entirely, reading cached FP16 directly.",thread,lifecycle not inferred; no binding-resolved reset analysis
ggml/src/ggml-sycl/ggml-sycl.cpp,93141,g_moe_descriptor_prescanned_for_dispatch,bool,file,mutable,thread-local,unscoped lexical candidate: L94085:g_moe_descriptor_prescanned_for_dispatch = false; | L107433:g_moe_descriptor_prescanned_for_dispatch = true;,unscoped lexical candidate: L94083:const bool capture_moe_descriptors = !g_moe_descriptor_prescanned_for_dispatch;,thread,lifecycle not inferred; no binding-resolved reset analysis
ggml/src/ggml-sycl/ggml-sycl.cpp,93280,enabled,const bool,function-local:ggml_sycl_trace_queue_wait,immutable binding,none evident,unscoped lexical candidate: L217:static const bool enabled = []() { | L466:static const bool enabled = [] { | L475:static const bool enabled = [] {,"unscoped lexical candidate: L221:return enabled; | L403:static std::atomic<int> g_ggml_sycl_unified_dispatch{ -1 }; // -1 = not initialized, 0 = disabled, 1 = enabled | L470:return enabled;",process or function lifetime (review required),not applicable: immutable binding
ggml/src/ggml-sycl/ggml-sycl.cpp,93455,g_in_compute_impl,bool,function-local:ggml_backend_sycl_graph_compute_impl,mutable,thread-local,unscoped lexical candidate: L93499:g_in_compute_impl = true; | L93567:g_in_compute_impl = false;,"unscoped lexical candidate: L93498:GGML_ASSERT(!g_in_compute_impl && ""Re-entrant compute_impl"");",thread,lifecycle not inferred; no binding-resolved reset analysis
ggml/src/ggml-sycl/ggml-sycl.cpp,93719,impl_phase_timing,const bool,function-local:ggml_backend_sycl_graph_compute_impl,immutable binding,none evident,none found by unscoped lexical scan,"unscoped lexical candidate: L93722:impl_phase_timing ? impl_phase_log_counter.fetch_add(1, std::memory_order_relaxed) : -1; | L93725:if (!impl_phase_timing || impl_phase_log_idx >= 80) {",process or function lifetime (review required),not applicable: immutable binding
ggml/src/ggml-sycl/ggml-sycl.cpp,93720,impl_phase_log_counter,std::atomic<int>,function-local:ggml_backend_sycl_graph_compute_impl,mutable,intrinsic:atomic,"unscoped lexical candidate: L93722:impl_phase_timing ? impl_phase_log_counter.fetch_add(1, std::memory_order_relaxed) : -1;",none found by unscoped lexical scan,process or function lifetime (review required),lifecycle not inferred; no binding-resolved reset analysis
ggml/src/ggml-sycl/ggml-sycl.cpp,93746,pp_configured,bool,function-local:ggml_backend_sycl_graph_compute_impl,mutable,none evident,unscoped lexical candidate: L93749:pp_configured = true;,unscoped lexical candidate: L93747:if (!pp_configured) {,process or function lifetime (review required),lifecycle not inferred; no binding-resolved reset analysis
ggml/src/ggml-sycl/ggml-sycl.cpp,93752,dual_tg_configured,bool,function-local:ggml_backend_sycl_graph_compute_impl,mutable,none evident,unscoped lexical candidate: L93755:dual_tg_configured = true;,unscoped lexical candidate: L93753:if (!dual_tg_configured) {,process or function lifetime (review required),lifecycle not inferred; no binding-resolved reset analysis
ggml/src/ggml-sycl/ggml-sycl.cpp,94091,g_sycl_rms_seen_per_layer,"std::unordered_map<int, int>",function-local:ggml_backend_sycl_graph_compute_impl,mutable,none evident,unscoped lexical candidate: L94093:g_sycl_rms_seen_per_layer.clear(); | L95857:const int current = g_sycl_rms_seen_per_layer[node_layer]++;,none found by unscoped lexical scan,model/layer semantic state (review required),lifecycle not inferred; unscoped lexical reset candidate: L94093:g_sycl_rms_seen_per_layer.clear();
ggml/src/ggml-sycl/ggml-sycl.cpp,94146,disable_fusion_env,bool,function-local:ggml_backend_sycl_graph_compute_impl,mutable,none evident,none found by unscoped lexical scan,unscoped lexical candidate: L94156:bool disable_fusion = disable_fusion_env || (g_sycl_tp_config.enabled && g_sycl_tp_config.world_size > 1);,process or function lifetime (review required),lifecycle not inferred; no binding-resolved reset analysis
ggml/src/ggml-sycl/ggml-sycl.cpp,94147,moe_down_sum_fusion_enabled,bool,function-local:ggml_backend_sycl_graph_compute_impl,mutable,none evident,none found by unscoped lexical scan,unscoped lexical candidate: L95385:if (!disable_fusion && moe_down_sum_fusion_enabled && moe_down_sum_from_bias_enabled && | L95404:if (!disable_fusion && moe_down_sum_fusion_enabled && node->op == GGML_OP_MUL) {,model/layer semantic state (review required),lifecycle not inferred; no binding-resolved reset analysis
ggml/src/ggml-sycl/ggml-sycl.cpp,94151,moe_down_sum_from_bias_enabled,bool,function-local:ggml_backend_sycl_graph_compute_impl,mutable,none evident,none found by unscoped lexical scan,unscoped lexical candidate: L95385:if (!disable_fusion && moe_down_sum_fusion_enabled && moe_down_sum_from_bias_enabled &&,model/layer semantic state (review required),lifecycle not inferred; no binding-resolved reset analysis
ggml/src/ggml-sycl/ggml-sycl.cpp,94172,fusion_site_mask,const unsigned,function-local:ggml_backend_sycl_graph_compute_impl,immutable binding,none evident,none found by unscoped lexical scan,unscoped lexical candidate: L94177:return !disable_fusion && (fusion_site_mask & (1u << bit));,process or function lifetime (review required),not applicable: immutable binding
ggml/src/ggml-sycl/ggml-sycl.cpp,94188,fusion_use_count_debug,const bool,function-local:ggml_backend_sycl_graph_compute_impl,immutable binding,none evident,none found by unscoped lexical scan,unscoped lexical candidate: L94784:if (fusion_use_count_debug) {,process or function lifetime (review required),not applicable: immutable binding
ggml/src/ggml-sycl/ggml-sycl.cpp,94199,fusion_skip_mul_prefix,const char *,function-local:ggml_backend_sycl_graph_compute_impl,mutable,none evident,none found by unscoped lexical scan,unscoped lexical candidate: L94671:// fusion_skip_mul_prefix for why this exists). Every RMS_NORM node gets one | L94751:if (fusion_skip_mul_prefix && fusion_skip_mul_prefix[0] && i + 1 < cgraph->n_nodes) { | L94752:const size_t plen = strlen(fusion_skip_mul_prefix);,process or function lifetime (review required),lifecycle not inferred; no binding-resolved reset analysis
ggml/src/ggml-sycl/ggml-sycl.cpp,94200,fusion_skip_count,int,function-local:ggml_backend_sycl_graph_compute_impl,mutable,none evident,unscoped lexical candidate: L94765:fusion_skip_count++;,unscoped lexical candidate: L94771:fusion_skip_count);,process or function lifetime (review required),lifecycle not inferred; no binding-resolved reset analysis
ggml/src/ggml-sycl/ggml-sycl.cpp,94214,fusion_bit1_reach_debug,const bool,function-local:ggml_backend_sycl_graph_compute_impl,immutable binding,none evident,none found by unscoped lexical scan,unscoped lexical candidate: L94675:if (fusion_bit1_reach_debug) {,process or function lifetime (review required),not applicable: immutable binding
ggml/src/ggml-sycl/ggml-sycl.cpp,94226,hist_done,std::atomic<int>,function-local:ggml_backend_sycl_graph_compute_impl,mutable,intrinsic:atomic,unscoped lexical candidate: L94227:if (cgraph->n_nodes > 100 && cgraph->n_nodes < 2000 && hist_done.exchange(1) == 0) {,none found by unscoped lexical scan,process or function lifetime (review required),lifecycle not inferred; no binding-resolved reset analysis
ggml/src/ggml-sycl/ggml-sycl.cpp,94256,host_compute_enabled,const bool,function-local:ggml_backend_sycl_graph_compute_impl,immutable binding,none evident,none found by unscoped lexical scan,unscoped lexical candidate: L95095:if (!host_compute_enabled) { | L95185:if (!host_compute_enabled) { | L95225:if (node_on_cpu && host_compute_enabled) {,process or function lifetime (review required),not applicable: immutable binding
ggml/src/ggml-sycl/ggml-sycl.cpp,94292,retained_mode_env,int,function-local:ggml_backend_sycl_graph_compute_impl,mutable,none evident,unscoped lexical candidate: L94295:retained_mode_env = (env != nullptr && std::atoi(env) != 0) ? 1 : 0;,unscoped lexical candidate: L94293:if (retained_mode_env < 0) { | L94297:const bool retained_mode_requested = cpu_offload_active && retained_mode_env != 0;,process or function lifetime (review required),lifecycle not inferred; no binding-resolved reset analysis
ggml/src/ggml-sycl/ggml-sycl.cpp,94322,warned_gpu_islands,std::atomic<bool>,function-local:ggml_backend_sycl_graph_compute_impl,mutable,intrinsic:atomic,unscoped lexical candidate: L94323:if (!warned_gpu_islands.exchange(true)) {,none found by unscoped lexical scan,device/process slot,lifecycle not inferred; no binding-resolved reset analysis
ggml/src/ggml-sycl/ggml-sycl.cpp,94330,warned_host_compute,std::atomic<bool>,function-local:ggml_backend_sycl_graph_compute_impl,mutable,intrinsic:atomic,unscoped lexical candidate: L94331:if (!warned_host_compute.exchange(true)) {,none found by unscoped lexical scan,process or function lifetime (review required),lifecycle not inferred; no binding-resolved reset analysis
ggml/src/ggml-sycl/ggml-sycl.cpp,94367,pp_threshold,int,function-local:ggml_backend_sycl_graph_compute_impl,mutable,none evident,unscoped lexical candidate: L94370:pp_threshold = env ? std::atoi(env) : 16; | L94372:pp_threshold = 16;,unscoped lexical candidate: L94368:if (pp_threshold < 0) { | L94371:if (pp_threshold < 1) { | L94388:if (M < pp_threshold) {,process or function lifetime (review required),lifecycle not inferred; no binding-resolved reset analysis
ggml/src/ggml-sycl/ggml-sycl.cpp,94493,logged,bool,function-local:ggml_backend_sycl_graph_compute_impl,mutable,none evident,"unscoped lexical candidate: L3817:if (!logged.insert(k).second) { | L4437:if (logged.fetch_add(1, std::memory_order_relaxed) < 1) { | L5826:should_log = logged.insert(key).second;","unscoped lexical candidate: L3813:static std::unordered_set<key_t, key_hash> logged; | L4436:static std::atomic<int> logged{ 0 }; | L5818:static std::unordered_set<std::string> logged;",process or function lifetime (review required),lifecycle not inferred; no binding-resolved reset analysis
ggml/src/ggml-sycl/ggml-sycl.cpp,94555,node_trace,int,function-local:ggml_backend_sycl_graph_compute_impl,mutable,none evident,unscoped lexical candidate: L94556:if (node_trace++ < 30) {,none found by unscoped lexical scan,process or function lifetime (review required),lifecycle not inferred; no binding-resolved reset analysis
ggml/src/ggml-sycl/ggml-sycl.cpp,94564,skip_debug,int,function-local:ggml_backend_sycl_graph_compute_impl,mutable,none evident,unscoped lexical candidate: L94565:if (skip_debug++ < 20) {,none found by unscoped lexical scan,process or function lifetime (review required),lifecycle not inferred; no binding-resolved reset analysis
ggml/src/ggml-sycl/ggml-sycl.cpp,94596,graph_route_trace_count,std::atomic<int>,function-local:ggml_backend_sycl_graph_compute_impl,mutable,intrinsic:atomic,"unscoped lexical candidate: L94597:const int trace_idx = graph_route_trace_count.fetch_add(1, std::memory_order_relaxed);",none found by unscoped lexical scan,process or function lifetime (review required),lifecycle not inferred; no binding-resolved reset analysis
ggml/src/ggml-sycl/ggml-sycl.cpp,94950,dkw0_bit6_decline_env,const char *,function-local:ggml_backend_sycl_graph_compute_impl,mutable,none evident,none found by unscoped lexical scan,unscoped lexical candidate: L94951:if (dkw0_bit6_decline_env && std::atoi(dkw0_bit6_decline_env) != 0) {,process or function lifetime (review required),lifecycle not inferred; no binding-resolved reset analysis
ggml/src/ggml-sycl/ggml-sycl.cpp,94952,dkw0_bit6_decline_count,std::atomic<int>,function-local:ggml_backend_sycl_graph_compute_impl,mutable,intrinsic:atomic,"unscoped lexical candidate: L94953:if (dkw0_bit6_decline_count.fetch_add(1, std::memory_order_relaxed) < 16) {",none found by unscoped lexical scan,process or function lifetime (review required),lifecycle not inferred; no binding-resolved reset analysis
ggml/src/ggml-sycl/ggml-sycl.cpp,94985,ffn_env,const char *,function-local:ggml_backend_sycl_graph_compute_impl,mutable,none evident,none found by unscoped lexical scan,unscoped lexical candidate: L94986:static bool ffn_fusion_requested = (ffn_env != nullptr && atoi(ffn_env) != 0);,process or function lifetime (review required),lifecycle not inferred; no binding-resolved reset analysis
ggml/src/ggml-sycl/ggml-sycl.cpp,94986,ffn_fusion_requested,bool,function-local:ggml_backend_sycl_graph_compute_impl,mutable,none evident,none found by unscoped lexical scan,unscoped lexical candidate: L94990:static bool ffn_fusion_enabled = ffn_fusion_requested && g_ggml_sycl_disable_graph; | L94992:if (ffn_fusion_requested && !g_ggml_sycl_disable_graph && !ffn_graph_warning_shown) { | L94998:static bool ffn_fusion_enabled = ffn_fusion_requested;,process or function lifetime (review required),lifecycle not inferred; no binding-resolved reset analysis
ggml/src/ggml-sycl/ggml-sycl.cpp,94990,ffn_fusion_enabled,bool,function-local:ggml_backend_sycl_graph_compute_impl,mutable,none evident,unscoped lexical candidate: L94998:static bool ffn_fusion_enabled = ffn_fusion_requested;,unscoped lexical candidate: L95001:if (fusion_site_on(7) && ffn_fusion_enabled && node->op == GGML_OP_MUL_MAT) {,process or function lifetime (review required),lifecycle not inferred; no binding-resolved reset analysis
ggml/src/ggml-sycl/ggml-sycl.cpp,94991,ffn_graph_warning_shown,bool,function-local:ggml_backend_sycl_graph_compute_impl,mutable,none evident,unscoped lexical candidate: L94995:ffn_graph_warning_shown = true;,unscoped lexical candidate: L94992:if (ffn_fusion_requested && !g_ggml_sycl_disable_graph && !ffn_graph_warning_shown) {,process or function lifetime (review required),lifecycle not inferred; no binding-resolved reset analysis
ggml/src/ggml-sycl/ggml-sycl.cpp,94998,ffn_fusion_enabled,bool,function-local:ggml_backend_sycl_graph_compute_impl,mutable,none evident,unscoped lexical candidate: L94990:static bool ffn_fusion_enabled = ffn_fusion_requested && g_ggml_sycl_disable_graph;,unscoped lexical candidate: L95001:if (fusion_site_on(7) && ffn_fusion_enabled && node->op == GGML_OP_MUL_MAT) {,process or function lifetime (review required),lifecycle not inferred; no binding-resolved reset analysis
ggml/src/ggml-sycl/ggml-sycl.cpp,95000,ffn_debug_trace,int,function-local:ggml_backend_sycl_graph_compute_impl,mutable,none evident,unscoped lexical candidate: L95004:if (ffn_debug_trace++ < 5) {,unscoped lexical candidate: L95013:if (ffn_debug_trace < 10) { | L95029:if (ffn_debug_trace < 10) {,process or function lifetime (review required),lifecycle not inferred; no binding-resolved reset analysis
ggml/src/ggml-sycl/ggml-sycl.cpp,95059,mulmat_debug,int,function-local:ggml_backend_sycl_graph_compute_impl,mutable,none evident,unscoped lexical candidate: L95060:if (node->op == GGML_OP_MUL_MAT && node->src[1] && mulmat_debug++ < 40) {,none found by unscoped lexical scan,process or function lifetime (review required),lifecycle not inferred; no binding-resolved reset analysis
ggml/src/ggml-sycl/ggml-sycl.cpp,95522,logged,std::atomic<bool>,function-local:ggml_backend_sycl_graph_compute_impl,mutable,intrinsic:atomic,"unscoped lexical candidate: L3817:if (!logged.insert(k).second) { | L4437:if (logged.fetch_add(1, std::memory_order_relaxed) < 1) { | L5826:should_log = logged.insert(key).second;","unscoped lexical candidate: L3813:static std::unordered_set<key_t, key_hash> logged; | L4436:static std::atomic<int> logged{ 0 }; | L5818:static std::unordered_set<std::string> logged;",process or function lifetime (review required),lifecycle not inferred; no binding-resolved reset analysis
ggml/src/ggml-sycl/ggml-sycl.cpp,95534,logged,std::atomic<bool>,function-local:ggml_backend_sycl_graph_compute_impl,mutable,intrinsic:atomic,"unscoped lexical candidate: L3817:if (!logged.insert(k).second) { | L4437:if (logged.fetch_add(1, std::memory_order_relaxed) < 1) { | L5826:should_log = logged.insert(key).second;","unscoped lexical candidate: L3813:static std::unordered_set<key_t, key_hash> logged; | L4436:static std::atomic<int> logged{ 0 }; | L5818:static std::unordered_set<std::string> logged;",process or function lifetime (review required),lifecycle not inferred; no binding-resolved reset analysis
ggml/src/ggml-sycl/ggml-sycl.cpp,95671,op_stats,"std::unordered_map<int, std::pair<double, int>>",function-local:ggml_backend_sycl_graph_compute_impl,mutable,thread-local,unscoped lexical candidate: L95744:op_stats.clear();,"unscoped lexical candidate: L95674:// folded into the current op_stats window -- op_stats is only | L95682:auto & [total_ms, count] = op_stats[node->op]; | L95714:// Nothing is skipped -- op_stats accumulates from graph 1",thread,lifecycle not inferred; unscoped lexical reset candidate: L95744:op_stats.clear();
ggml/src/ggml-sycl/ggml-sycl.cpp,95672,op_graph_count,int,function-local:ggml_backend_sycl_graph_compute_impl,mutable,thread-local,unscoped lexical candidate: L95712:op_graph_count++;,"unscoped lexical candidate: L95724:if (op_graph_count > 2 && (op_graph_count % 5) == 3) { | L95732:graphs_in_window, op_graph_count, graph_total, graph_total / graphs_in_window);",thread,lifecycle not inferred; no binding-resolved reset analysis
ggml/src/ggml-sycl/ggml-sycl.cpp,95680,graphs_in_window,int,function-local:ggml_backend_sycl_graph_compute_impl,mutable,thread-local,unscoped lexical candidate: L95713:graphs_in_window++; | L95745:graphs_in_window = 0;,"unscoped lexical candidate: L95716:// graphs_in_window). Only the PRINT is deferred: it waits | L95723:// graphs_in_window==3 for the first window). | L95732:graphs_in_window, op_graph_count, graph_total, graph_total / graphs_in_window);",thread,lifecycle not inferred; no binding-resolved reset analysis
ggml/src/ggml-sycl/ggml-sycl.cpp,95765,drain_interval,int,function-local:ggml_backend_sycl_graph_compute_impl,mutable,none evident,none found by unscoped lexical scan,unscoped lexical candidate: L95769:if (!g_ggml_sycl_graph_recording && drain_interval > 0 && | L95770:(i % drain_interval) == (drain_interval - 1)) {,process or function lifetime (review required),lifecycle not inferred; no binding-resolved reset analysis
ggml/src/ggml-sycl/ggml-sycl.cpp,96047,scan_full,const bool,function-local:<lambda>,immutable binding,none evident,none found by unscoped lexical scan,unscoped lexical candidate: L96060:if (scan_full) {,process or function lifetime (review required),not applicable: immutable binding
ggml/src/ggml-sycl/ggml-sycl.cpp,96051,env_limit,const int64_t,function-local:<lambda>,immutable binding,none evident,none found by unscoped lexical scan,"unscoped lexical candidate: L96063:if (env_limit > 0) { | L96064:return std::min<int64_t>(n, env_limit);",process or function lifetime (review required),not applicable: immutable binding
ggml/src/ggml-sycl/ggml-sycl.cpp,96201,abort_env,const char *,function-local:ggml_backend_sycl_graph_compute_impl,mutable,none evident,none found by unscoped lexical scan,unscoped lexical candidate: L96202:if (abort_env != nullptr && std::atoi(abort_env) != 0) {,process or function lifetime (review required),lifecycle not inferred; no binding-resolved reset analysis
ggml/src/ggml-sycl/ggml-sycl.cpp,96210,tensor_trace_limit,const int,function-local:ggml_backend_sycl_graph_compute_impl,immutable binding,none evident,none found by unscoped lexical scan,unscoped lexical candidate: L96229:if (tensor_trace_limit <= 0 || log_idx < tensor_trace_limit) {,tensor/allocation identity or registry,not applicable: immutable binding
ggml/src/ggml-sycl/ggml-sycl.cpp,96214,tensor_trace_sample,const int64_t,function-local:ggml_backend_sycl_graph_compute_impl,immutable binding,none evident,none found by unscoped lexical scan,"unscoped lexical candidate: L96234:0, std::min<int64_t>(n_el, tensor_trace_sample > 0 ? tensor_trace_sample : n_el));",tensor/allocation identity or registry,not applicable: immutable binding
ggml/src/ggml-sycl/ggml-sycl.cpp,96223,tensor_trace_logs,std::atomic<int>,function-local:ggml_backend_sycl_graph_compute_impl,mutable,intrinsic:atomic,"unscoped lexical candidate: L96228:const int log_idx = tensor_trace_logs.fetch_add(1, std::memory_order_relaxed);",none found by unscoped lexical scan,tensor/allocation identity or registry,lifecycle not inferred; no binding-resolved reset analysis
ggml/src/ggml-sycl/ggml-sycl.cpp,96358,gpu_probe,const bool,function-local:ggml_backend_sycl_graph_compute_impl,immutable binding,none evident,none found by unscoped lexical scan,unscoped lexical candidate: L96359:if (gpu_probe) {,device/process slot,not applicable: immutable binding
ggml/src/ggml-sycl/ggml-sycl.cpp,96365,gpu_probe_count,int,function-local:ggml_backend_sycl_graph_compute_impl,mutable,none evident,unscoped lexical candidate: L96366:if (gpu_probe_count++ < 10) {,none found by unscoped lexical scan,device/process slot,lifecycle not inferred; no binding-resolved reset analysis
ggml/src/ggml-sycl/ggml-sycl.cpp,96378,compute_timing,std::atomic<int>,function-local:ggml_backend_sycl_graph_compute_impl,mutable,intrinsic:atomic,"unscoped lexical candidate: L96380:if (token_timing_enabled && compute_timing.fetch_add(1, std::memory_order_relaxed) < 30) {",none found by unscoped lexical scan,process or function lifetime (review required),lifecycle not inferred; no binding-resolved reset analysis
ggml/src/ggml-sycl/ggml-sycl.cpp,96379,token_timing_enabled,const bool,function-local:ggml_backend_sycl_graph_compute_impl,immutable binding,none evident,none found by unscoped lexical scan,"unscoped lexical candidate: L96380:if (token_timing_enabled && compute_timing.fetch_add(1, std::memory_order_relaxed) < 30) {",process or function lifetime (review required),not applicable: immutable binding
ggml/src/ggml-sycl/ggml-sycl.cpp,96608,enabled,const bool,function-local:moe_graph_descriptor_candidate_debug_enabled,immutable binding,none evident,unscoped lexical candidate: L217:static const bool enabled = []() { | L466:static const bool enabled = [] { | L475:static const bool enabled = [] {,"unscoped lexical candidate: L221:return enabled; | L403:static std::atomic<int> g_ggml_sycl_unified_dispatch{ -1 }; // -1 = not initialized, 0 = disabled, 1 = enabled | L470:return enabled;",process or function lifetime (review required),not applicable: immutable binding
ggml/src/ggml-sycl/ggml-sycl.cpp,96731,descriptor_logged,std::atomic<int>,function-local:moe_graph_dispatch_identity_signature,mutable,intrinsic:atomic,"unscoped lexical candidate: L96732:const int idx = descriptor_logged.fetch_add(1, std::memory_order_relaxed);",none found by unscoped lexical scan,process or function lifetime (review required),lifecycle not inferred; no binding-resolved reset analysis
ggml/src/ggml-sycl/ggml-sycl.cpp,96957,logged,std::atomic<int>,function-local:<lambda>,mutable,intrinsic:atomic,"unscoped lexical candidate: L3817:if (!logged.insert(k).second) { | L4437:if (logged.fetch_add(1, std::memory_order_relaxed) < 1) { | L5826:should_log = logged.insert(key).second;","unscoped lexical candidate: L3813:static std::unordered_set<key_t, key_hash> logged; | L4436:static std::atomic<int> logged{ 0 }; | L5818:static std::unordered_set<std::string> logged;",process or function lifetime (review required),lifecycle not inferred; no binding-resolved reset analysis
ggml/src/ggml-sycl/ggml-sycl.cpp,97137,logged,std::atomic<int>,function-local:moe_graph_sequence_dispatch_identity_signature,mutable,intrinsic:atomic,"unscoped lexical candidate: L3817:if (!logged.insert(k).second) { | L4437:if (logged.fetch_add(1, std::memory_order_relaxed) < 1) { | L5826:should_log = logged.insert(key).second;","unscoped lexical candidate: L3813:static std::unordered_set<key_t, key_hash> logged; | L4436:static std::atomic<int> logged{ 0 }; | L5818:static std::unordered_set<std::string> logged;",process or function lifetime (review required),lifecycle not inferred; no binding-resolved reset analysis
ggml/src/ggml-sycl/ggml-sycl.cpp,97172,logged,std::atomic<int>,function-local:moe_graph_descriptor_moe_dispatch_candidate_count,mutable,intrinsic:atomic,"unscoped lexical candidate: L3817:if (!logged.insert(k).second) { | L4437:if (logged.fetch_add(1, std::memory_order_relaxed) < 1) { | L5826:should_log = logged.insert(key).second;","unscoped lexical candidate: L3813:static std::unordered_set<key_t, key_hash> logged; | L4436:static std::atomic<int> logged{ 0 }; | L5818:static std::unordered_set<std::string> logged;",process or function lifetime (review required),lifecycle not inferred; no binding-resolved reset analysis
ggml/src/ggml-sycl/ggml-sycl.cpp,97206,min_graph_recording_free,const size_t,function-local:moe_graph_descriptor_recording_headroom_ok,immutable binding,none evident,none found by unscoped lexical scan,unscoped lexical candidate: L97214:return free_vram >= min_graph_recording_free;,process or function lifetime (review required),not applicable: immutable binding
ggml/src/ggml-sycl/ggml-sycl.cpp,98147,policy_log_count,std::atomic<int>,function-local:moe_graph_try_sequence_graphlet_for_node,mutable,intrinsic:atomic,"unscoped lexical candidate: L98148:const int policy_log_index = policy_log_count.fetch_add(1, std::memory_order_relaxed);",none found by unscoped lexical scan,process or function lifetime (review required),lifecycle not inferred; no binding-resolved reset analysis
ggml/src/ggml-sycl/ggml-sycl.cpp,98315,replay_log_count,std::atomic<int>,function-local:moe_graph_try_sequence_graphlet_for_node,mutable,intrinsic:atomic,"unscoped lexical candidate: L98316:if (replay_log_count.fetch_add(1, std::memory_order_relaxed) < 2048) {",none found by unscoped lexical scan,process or function lifetime (review required),lifecycle not inferred; no binding-resolved reset analysis
ggml/src/ggml-sycl/ggml-sycl.cpp,98713,logged,std::atomic<int>,function-local:moe_decode_segmented_graph_profitable,mutable,intrinsic:atomic,"unscoped lexical candidate: L3817:if (!logged.insert(k).second) { | L4437:if (logged.fetch_add(1, std::memory_order_relaxed) < 1) { | L5826:should_log = logged.insert(key).second;","unscoped lexical candidate: L3813:static std::unordered_set<key_t, key_hash> logged; | L4436:static std::atomic<int> logged{ 0 }; | L5818:static std::unordered_set<std::string> logged;",process or function lifetime (review required),lifecycle not inferred; no binding-resolved reset analysis
ggml/src/ggml-sycl/ggml-sycl.cpp,98822,sequence_segmented_replay_log,std::atomic<int>,function-local:moe_graph_replay_segments,mutable,intrinsic:atomic,"unscoped lexical candidate: L98823:if (sequence_segmented_replay_log.fetch_add(1, std::memory_order_relaxed) < 2048) {",none found by unscoped lexical scan,process or function lifetime (review required),lifecycle not inferred; no binding-resolved reset analysis
ggml/src/ggml-sycl/ggml-sycl.cpp,98926,logged,std::atomic<int>,function-local:moe_aggregation_selected_decision,mutable,intrinsic:atomic,"unscoped lexical candidate: L3817:if (!logged.insert(k).second) { | L4437:if (logged.fetch_add(1, std::memory_order_relaxed) < 1) { | L5826:should_log = logged.insert(key).second;","unscoped lexical candidate: L3813:static std::unordered_set<key_t, key_hash> logged; | L4436:static std::atomic<int> logged{ 0 }; | L5818:static std::unordered_set<std::string> logged;",process or function lifetime (review required),lifecycle not inferred; no binding-resolved reset analysis
ggml/src/ggml-sycl/ggml-sycl.cpp,98939,logged,std::atomic<int>,function-local:<lambda>,mutable,intrinsic:atomic,"unscoped lexical candidate: L3817:if (!logged.insert(k).second) { | L4437:if (logged.fetch_add(1, std::memory_order_relaxed) < 1) { | L5826:should_log = logged.insert(key).second;","unscoped lexical candidate: L3813:static std::unordered_set<key_t, key_hash> logged; | L4436:static std::atomic<int> logged{ 0 }; | L5818:static std::unordered_set<std::string> logged;",process or function lifetime (review required),lifecycle not inferred; no binding-resolved reset analysis
ggml/src/ggml-sycl/ggml-sycl.cpp,99662,logged_once,bool,function-local:check_graph_compatibility,mutable,none evident,unscoped lexical candidate: L99669:logged_once = true; | L99781:static bool logged_once = false; | L99787:logged_once = true;,unscoped lexical candidate: L99663:if (!logged_once) { | L99782:if (!logged_once) { | L99794:if (!logged_once) {,process or function lifetime (review required),lifecycle not inferred; no binding-resolved reset analysis
ggml/src/ggml-sycl/ggml-sycl.cpp,99781,logged_once,bool,function-local:check_graph_compatibility,mutable,none evident,unscoped lexical candidate: L99662:static bool logged_once = false; | L99669:logged_once = true; | L99787:logged_once = true;,unscoped lexical candidate: L99663:if (!logged_once) { | L99782:if (!logged_once) { | L99794:if (!logged_once) {,process or function lifetime (review required),lifecycle not inferred; no binding-resolved reset analysis
ggml/src/ggml-sycl/ggml-sycl.cpp,99793,logged_once,bool,function-local:check_graph_compatibility,mutable,none evident,unscoped lexical candidate: L99662:static bool logged_once = false; | L99669:logged_once = true; | L99781:static bool logged_once = false;,unscoped lexical candidate: L99663:if (!logged_once) { | L99782:if (!logged_once) { | L99794:if (!logged_once) {,process or function lifetime (review required),lifecycle not inferred; no binding-resolved reset analysis
ggml/src/ggml-sycl/ggml-sycl.cpp,100934,dkw0_input_list_env,const char *,function-local:graph_refresh_input_tensors,mutable,none evident,none found by unscoped lexical scan,unscoped lexical candidate: L100935:const bool dkw0_input_list_on = dkw0_input_list_env && std::atoi(dkw0_input_list_env) != 0;,process or function lifetime (review required),lifecycle not inferred; no binding-resolved reset analysis
ggml/src/ggml-sycl/ggml-sycl.cpp,101519,g_persistent_set_rows_dbg,persistent_set_rows_debug_state,file,mutable,none evident,none found by unscoped lexical scan,unscoped lexical candidate: L101584:g_persistent_set_rows_dbg.debug_handle = {}; | L101585:g_persistent_set_rows_dbg.debug_ptr = nullptr; | L101586:g_persistent_set_rows_dbg.debug_count = 0;,process or function lifetime (review required),lifecycle not inferred; no binding-resolved reset analysis
ggml/src/ggml-sycl/ggml-sycl.cpp,101531,g_persistent_attn_dbg,persistent_attn_debug_state,file,mutable,none evident,none found by unscoped lexical scan,unscoped lexical candidate: L101590:g_persistent_attn_dbg.debug_handle = {}; | L101591:g_persistent_attn_dbg.debug_ptr = nullptr; | L101592:g_persistent_attn_dbg.debug_floats = 0;,process or function lifetime (review required),lifecycle not inferred; no binding-resolved reset analysis
ggml/src/ggml-sycl/ggml-sycl.cpp,101546,g_persistent_rms_dbg,persistent_rms_debug_state,file,mutable,none evident,unscoped lexical candidate: L106431:g_persistent_rms_dbg = {}; | L107811:g_persistent_rms_dbg = {}; | L107846:g_persistent_rms_dbg = {};,unscoped lexical candidate: L101596:g_persistent_rms_dbg.debug_handle = {}; | L101597:g_persistent_rms_dbg.flag_handle = {}; | L101598:g_persistent_rms_dbg.debug_ptr = nullptr;,process or function lifetime (review required),lifecycle not inferred; no binding-resolved reset analysis
ggml/src/ggml-sycl/ggml-sycl.cpp,101561,g_persistent_matmul_dbg,persistent_matmul_debug_state,file,mutable,none evident,unscoped lexical candidate: L106490:g_persistent_matmul_dbg = {}; | L107815:g_persistent_matmul_dbg = {}; | L107850:g_persistent_matmul_dbg = {};,unscoped lexical candidate: L101603:g_persistent_matmul_dbg.debug_handle = {}; | L101604:g_persistent_matmul_dbg.flag_handle = {}; | L101605:g_persistent_matmul_dbg.debug_ptr = nullptr;,process or function lifetime (review required),lifecycle not inferred; no binding-resolved reset analysis
ggml/src/ggml-sycl/ggml-sycl.cpp,101571,g_persistent_add_dbg,persistent_add_debug_state,file,mutable,none evident,unscoped lexical candidate: L106526:g_persistent_add_dbg = {};,unscoped lexical candidate: L101842:g_persistent_add_dbg.enabled = dbg_cfg.add_dump; | L101843:g_persistent_add_dbg.captured = false; | L101844:g_persistent_add_dbg.node = nullptr;,process or function lifetime (review required),lifecycle not inferred; no binding-resolved reset analysis
ggml/src/ggml-sycl/ggml-sycl.cpp,101581,g_persistent_mul_dbg,persistent_mul_debug_state,file,mutable,none evident,unscoped lexical candidate: L106562:g_persistent_mul_dbg = {};,unscoped lexical candidate: L101848:g_persistent_mul_dbg.enabled = dbg_cfg.mul_dump; | L101849:g_persistent_mul_dbg.captured = false; | L101850:g_persistent_mul_dbg.node = nullptr;,process or function lifetime (review required),lifecycle not inferred; no binding-resolved reset analysis
ggml/src/ggml-sycl/ggml-sycl.cpp,101610,prefer,int,function-local:persistent_tg_prefer_soa_layout,mutable,none evident,unscoped lexical candidate: L101615:prefer = (env == nullptr || std::atoi(env) != 0) ? 1 : 0;,"unscoped lexical candidate: L36284:// Only prefer host placement when VRAM budget is actually exceeded AND GPU | L36287:// GGML_SYCL_FORCE_VRAM=1 overrides this to always prefer VRAM (for debugging). | L36291:// For reordered/tiled layouts, prefer device placement to avoid non-USM host pointers",process or function lifetime (review required),lifecycle not inferred; no binding-resolved reset analysis
ggml/src/ggml-sycl/ggml-sycl.cpp,101621,checked,int,function-local:persistent_tg_micro_graph_enabled,mutable,none evident,"unscoped lexical candidate: L4847:int ok = 0, fail = 0, checked = 0; | L4850:checked++; | L17564:// the cause is not something this code checked -- it may be","unscoped lexical candidate: L4727:// Each tensor (gate/up/down) is checked individually. If the plan | L4848:for (size_t gi = 0; gi < sorted_groups.size() && checked < 10; gi++) { | L4860:ok, checked, device, cache->entry_count());",process or function lifetime (review required),lifecycle not inferred; no binding-resolved reset analysis
ggml/src/ggml-sycl/ggml-sycl.cpp,101646,cfg,const PersistentTGDebugConfig,function-local:<function>,immutable binding,none evident,unscoped lexical candidate: L6101:const auto cfg = moe_xmx_fused::MXFPXMXConfig::from_device(device); | L33983:const auto cfg = moe_xmx_fused::MXFPXMXConfig::from_device(device); | L34653:const auto cfg = moe_xmx_fused::MXFPXMXConfig::from_device(device);,"unscoped lexical candidate: L6102:const auto info = moe_xmx_fused::MXFPXMXLayoutInfo::compute(meta->ne1, meta->ne0, cfg); | L33984:const auto info = moe_xmx_fused::MXFPXMXLayoutInfo::compute(nrows, ncols, cfg); | L34654:const auto info = moe_xmx_fused::MXFPXMXLayoutInfo::compute(nrows, ncols, cfg);",process or function lifetime (review required),not applicable: immutable binding
ggml/src/ggml-sycl/ggml-sycl.cpp,101814,logged_attn_env,bool,function-local:extract_persistent_plan,mutable,none evident,unscoped lexical candidate: L101816:logged_attn_env = true;,unscoped lexical candidate: L101815:if (!logged_attn_env) {,process or function lifetime (review required),lifecycle not inferred; no binding-resolved reset analysis
ggml/src/ggml-sycl/ggml-sycl.cpp,104071,rms_fusion_enabled,const bool,function-local:extract_persistent_plan,immutable binding,none evident,none found by unscoped lexical scan,unscoped lexical candidate: L104076:if (rms_fusion_enabled && i + 1 < cgraph->n_nodes) {,process or function lifetime (review required),not applicable: immutable binding
ggml/src/ggml-sycl/ggml-sycl.cpp,104172,logged_f16_extract_once,std::atomic<bool>,function-local:extract_persistent_plan,mutable,intrinsic:atomic,unscoped lexical candidate: L104173:if (!logged_f16_extract_once.exchange(true)) {,none found by unscoped lexical scan,process or function lifetime (review required),lifecycle not inferred; no binding-resolved reset analysis
ggml/src/ggml-sycl/ggml-sycl.cpp,104621,rope_dbg,int,function-local:extract_persistent_plan,mutable,none evident,unscoped lexical candidate: L104622:if (rope_dbg++ < 1) {,none found by unscoped lexical scan,process or function lifetime (review required),lifecycle not inferred; no binding-resolved reset analysis
ggml/src/ggml-sycl/ggml-sycl.cpp,104861,logged_f16_q_gate_once,bool,function-local:extract_persistent_plan,mutable,none evident,unscoped lexical candidate: L104867:logged_f16_q_gate_once = true;,unscoped lexical candidate: L104862:if (!logged_f16_q_gate_once) {,process or function lifetime (review required),lifecycle not inferred; no binding-resolved reset analysis
ggml/src/ggml-sycl/ggml-sycl.cpp,104966,attn_dbg,int,function-local:extract_persistent_plan,mutable,none evident,unscoped lexical candidate: L104967:if (attn_dbg++ < 1) {,none found by unscoped lexical scan,process or function lifetime (review required),lifecycle not inferred; no binding-resolved reset analysis
ggml/src/ggml-sycl/ggml-sycl.cpp,104995,logged_attn_shapes,bool,function-local:extract_persistent_plan,mutable,none evident,unscoped lexical candidate: L104999:logged_attn_shapes = true;,unscoped lexical candidate: L104996:if (!logged_attn_shapes) {,process or function lifetime (review required),lifecycle not inferred; no binding-resolved reset analysis
ggml/src/ggml-sycl/ggml-sycl.cpp,105100,mask_dbg,int,function-local:extract_persistent_plan,mutable,none evident,unscoped lexical candidate: L105101:if (mask_dbg++ < 1) {,none found by unscoped lexical scan,process or function lifetime (review required),lifecycle not inferred; no binding-resolved reset analysis
ggml/src/ggml-sycl/ggml-sycl.cpp,105138,logged_attn_state,bool,function-local:extract_persistent_plan,mutable,none evident,unscoped lexical candidate: L105140:logged_attn_state = true;,unscoped lexical candidate: L105139:if (!logged_attn_state) {,process or function lifetime (review required),lifecycle not inferred; no binding-resolved reset analysis
ggml/src/ggml-sycl/ggml-sycl.cpp,105845,g_split_n_devices,int,file,mutable,none evident,unscoped lexical candidate: L105916:g_split_n_devices = n_devices;,none found by unscoped lexical scan,device/process slot,lifecycle not inferred; no binding-resolved reset analysis
ggml/src/ggml-sycl/ggml-sycl.cpp,106259,warned,bool,function-local:debug_validate_persistent_attention,mutable,none evident,"unscoped lexical candidate: L23341:if (!warned.exchange(true, std::memory_order_acq_rel)) { | L43991:first_hit = warned.insert(key).second; | L46342:stats.warned = true;","unscoped lexical candidate: L18157:// RUNTIME requests, which spill (counted, warned about, refused if the device cannot take them) rather than fail. | L23340:static std::atomic<bool> warned{ false }; | L43987:static std::unordered_set<std::string> warned;",process or function lifetime (review required),lifecycle not inferred; no binding-resolved reset analysis
ggml/src/ggml-sycl/ggml-sycl.cpp,106377,warned,bool,function-local:debug_validate_persistent_rms_norm,mutable,none evident,"unscoped lexical candidate: L23341:if (!warned.exchange(true, std::memory_order_acq_rel)) { | L43991:first_hit = warned.insert(key).second; | L46342:stats.warned = true;","unscoped lexical candidate: L18157:// RUNTIME requests, which spill (counted, warned about, refused if the device cannot take them) rather than fail. | L23340:static std::atomic<bool> warned{ false }; | L43987:static std::unordered_set<std::string> warned;",process or function lifetime (review required),lifecycle not inferred; no binding-resolved reset analysis
ggml/src/ggml-sycl/ggml-sycl.cpp,106440,warned,bool,function-local:debug_validate_persistent_matmul,mutable,none evident,"unscoped lexical candidate: L23341:if (!warned.exchange(true, std::memory_order_acq_rel)) { | L43991:first_hit = warned.insert(key).second; | L46342:stats.warned = true;","unscoped lexical candidate: L18157:// RUNTIME requests, which spill (counted, warned about, refused if the device cannot take them) rather than fail. | L23340:static std::atomic<bool> warned{ false }; | L43987:static std::unordered_set<std::string> warned;",process or function lifetime (review required),lifecycle not inferred; no binding-resolved reset analysis
ggml/src/ggml-sycl/ggml-sycl.cpp,106590,enabled,int,function-local:persistent_tg_log_policy_enabled,mutable,none evident,unscoped lexical candidate: L217:static const bool enabled = []() { | L466:static const bool enabled = [] { | L475:static const bool enabled = [] {,"unscoped lexical candidate: L221:return enabled; | L403:static std::atomic<int> g_ggml_sycl_unified_dispatch{ -1 }; // -1 = not initialized, 0 = disabled, 1 = enabled | L470:return enabled;",process or function lifetime (review required),"lifecycle not inferred; unscoped lexical reset candidate: L7274:enabled.store(false, std::memory_order_release);"
ggml/src/ggml-sycl/ggml-sycl.cpp,106842,emitted,std::atomic<int>,function-local:persistent_tg_log_policy_summary,mutable,intrinsic:atomic,"unscoped lexical candidate: L106843:const int slot = emitted.fetch_add(1, std::memory_order_relaxed);","unscoped lexical candidate: L18739:// verbosity, so a diagnostic emitted at INFO is invisible in exactly the | L35391:// unmaterialized and the Mistral gate emitted ""###"" at every budget. | L80114:// repack loop emitted one begin/end marker bracket per ACTIVE",process or function lifetime (review required),lifecycle not inferred; no binding-resolved reset analysis
ggml/src/ggml-sycl/ggml-sycl.cpp,106877,logged_moe_once,bool,function-local:graph_has_only_persistent_ops,mutable,none evident,unscoped lexical candidate: L106885:logged_moe_once = true; | L106951:static bool logged_moe_once = false; | L106959:logged_moe_once = true;,unscoped lexical candidate: L106878:if (!logged_moe_once) { | L106952:if (!logged_moe_once) {,model/layer semantic state (review required),lifecycle not inferred; no binding-resolved reset analysis
ggml/src/ggml-sycl/ggml-sycl.cpp,106893,logged_f16_matmul_once,bool,function-local:graph_has_only_persistent_ops,mutable,none evident,unscoped lexical candidate: L106898:logged_f16_matmul_once = true;,unscoped lexical candidate: L106894:if (!logged_f16_matmul_once) {,process or function lifetime (review required),lifecycle not inferred; no binding-resolved reset analysis
ggml/src/ggml-sycl/ggml-sycl.cpp,106951,logged_moe_once,bool,function-local:should_use_persistent_tg,mutable,none evident,unscoped lexical candidate: L106877:static bool logged_moe_once = false; | L106885:logged_moe_once = true; | L106959:logged_moe_once = true;,unscoped lexical candidate: L106878:if (!logged_moe_once) { | L106952:if (!logged_moe_once) {,model/layer semantic state (review required),lifecycle not inferred; no binding-resolved reset analysis
ggml/src/ggml-sycl/ggml-sycl.cpp,106970,persistent_split_env,const bool,function-local:should_use_persistent_tg,immutable binding,none evident,none found by unscoped lexical scan,"unscoped lexical candidate: L106971:if (ggml_backend_sycl_get_device_count() > 1 && !persistent_split_env) { | L106988:persistent_split_env || std::getenv(""GGML_SYCL_PERSISTENT_TG"") != nullptr);",process or function lifetime (review required),not applicable: immutable binding
ggml/src/ggml-sycl/ggml-sycl.cpp,106986,split_env_set,const bool,function-local:should_use_persistent_tg,immutable binding,none evident,none found by unscoped lexical scan,unscoped lexical candidate: L106989:if (!split_env_set) {,process or function lifetime (review required),not applicable: immutable binding
ggml/src/ggml-sycl/ggml-sycl.cpp,107033,phase_timing,const bool,function-local:ggml_backend_sycl_graph_compute_unchecked,immutable binding,none evident,none found by unscoped lexical scan,unscoped lexical candidate: L107908:if (phase_timing && !ggml_sycl_graph_diag_enabled()) { | L109271:if (phase_timing) { | L109278:if (phase_timing) {,process or function lifetime (review required),not applicable: immutable binding
ggml/src/ggml-sycl/ggml-sycl.cpp,107116,vram_diag_enabled,const bool,function-local:ggml_backend_sycl_graph_compute_unchecked,immutable binding,none evident,none found by unscoped lexical scan,unscoped lexical candidate: L107117:if (vram_diag_enabled) {,process or function lifetime (review required),not applicable: immutable binding
ggml/src/ggml-sycl/ggml-sycl.cpp,107118,vram_diag_flag,std::once_flag,function-local:ggml_backend_sycl_graph_compute_unchecked,mutable,intrinsic:lock primitive,none found by unscoped lexical scan,"unscoped lexical candidate: L107119:std::call_once(vram_diag_flag, [&]() {",process or function lifetime (review required),lifecycle not inferred; no binding-resolved reset analysis
ggml/src/ggml-sycl/ggml-sycl.cpp,107229,retryable_moe_init_mutex,std::mutex,function-local:ggml_backend_sycl_graph_compute_unchecked,mutable,intrinsic:lock primitive,none found by unscoped lexical scan,unscoped lexical candidate: L107231:std::lock_guard<std::mutex> lock(retryable_moe_init_mutex);,model/layer semantic state (review required),lifecycle not inferred; no binding-resolved reset analysis
ggml/src/ggml-sycl/ggml-sycl.cpp,107368,prev_was_decode,bool,function-local:ggml_backend_sycl_graph_compute_unchecked,mutable,none evident,unscoped lexical candidate: L107398:prev_was_decode = cached_is_decode;,unscoped lexical candidate: L107384:if (cached_is_decode && !prev_was_decode) {,process or function lifetime (review required),lifecycle not inferred; no binding-resolved reset analysis
ggml/src/ggml-sycl/ggml-sycl.cpp,107405,rebalance_token_count,std::atomic<int>,function-local:ggml_backend_sycl_graph_compute_unchecked,mutable,intrinsic:atomic,unscoped lexical candidate: L107406:if (cached_is_decode && rebalance_token_count.fetch_add(1) % 100 == 0) {,none found by unscoped lexical scan,process or function lifetime (review required),lifecycle not inferred; no binding-resolved reset analysis
ggml/src/ggml-sycl/ggml-sycl.cpp,107479,persistent_split_enabled,const bool,function-local:ggml_backend_sycl_graph_compute_unchecked,immutable binding,none evident,none found by unscoped lexical scan,unscoped lexical candidate: L107480:if (g_split_config.enabled && g_split_config.gpu_count >= 2 && !persistent_split_enabled) { | L107512:// NOTE: persistent_split_enabled declared at early exit guard above. | L107513:if (persistent_split_enabled && g_split_config.enabled && g_split_config.gpu_count >= 2) {,process or function lifetime (review required),not applicable: immutable binding
ggml/src/ggml-sycl/ggml-sycl.cpp,107800,logged_persistent_plan_fallback_once,bool,function-local:ggml_backend_sycl_graph_compute_unchecked,mutable,none evident,unscoped lexical candidate: L107803:logged_persistent_plan_fallback_once = true;,unscoped lexical candidate: L107801:if (!logged_persistent_plan_fallback_once) {,process or function lifetime (review required),lifecycle not inferred; no binding-resolved reset analysis
ggml/src/ggml-sycl/ggml-sycl.cpp,108063,logged,std::atomic<bool>,function-local:ggml_backend_sycl_graph_compute_unchecked,mutable,intrinsic:atomic,"unscoped lexical candidate: L3817:if (!logged.insert(k).second) { | L4437:if (logged.fetch_add(1, std::memory_order_relaxed) < 1) { | L5826:should_log = logged.insert(key).second;","unscoped lexical candidate: L3813:static std::unordered_set<key_t, key_hash> logged; | L4436:static std::atomic<int> logged{ 0 }; | L5818:static std::unordered_set<std::string> logged;",process or function lifetime (review required),lifecycle not inferred; no binding-resolved reset analysis
ggml/src/ggml-sycl/ggml-sycl.cpp,108107,logged,std::atomic<bool>,function-local:ggml_backend_sycl_graph_compute_unchecked,mutable,intrinsic:atomic,"unscoped lexical candidate: L3817:if (!logged.insert(k).second) { | L4437:if (logged.fetch_add(1, std::memory_order_relaxed) < 1) { | L5826:should_log = logged.insert(key).second;","unscoped lexical candidate: L3813:static std::unordered_set<key_t, key_hash> logged; | L4436:static std::atomic<int> logged{ 0 }; | L5818:static std::unordered_set<std::string> logged;",process or function lifetime (review required),lifecycle not inferred; no binding-resolved reset analysis
ggml/src/ggml-sycl/ggml-sycl.cpp,108130,logged_auto,std::atomic<bool>,function-local:ggml_backend_sycl_graph_compute_unchecked,mutable,intrinsic:atomic,"unscoped lexical candidate: L108131:if (!logged_auto.exchange(true, std::memory_order_acq_rel)) {",none found by unscoped lexical scan,process or function lifetime (review required),lifecycle not inferred; no binding-resolved reset analysis
ggml/src/ggml-sycl/ggml-sycl.cpp,108142,graph_call_count,int,function-local:ggml_backend_sycl_graph_compute_unchecked,mutable,none evident,unscoped lexical candidate: L108143:graph_call_count++;,"unscoped lexical candidate: L108145:graph_call_count, use_sycl_graph, g_ggml_sycl_use_async_mem_op, cgraph->n_nodes, | L108165:graph_call_count, use_sycl_graph ? 1 : 0, cgraph->n_nodes, sycl_ctx->exec_graph ? 1 : 0, | L108437:const int call_num = graph_call_count; // already incremented above",process or function lifetime (review required),lifecycle not inferred; no binding-resolved reset analysis
ggml/src/ggml-sycl/ggml-sycl.cpp,108158,dkw0_graph_call_env,const char *,function-local:ggml_backend_sycl_graph_compute_unchecked,mutable,none evident,none found by unscoped lexical scan,unscoped lexical candidate: L108159:if (dkw0_graph_call_env && std::atoi(dkw0_graph_call_env) != 0) {,process or function lifetime (review required),lifecycle not inferred; no binding-resolved reset analysis
ggml/src/ggml-sycl/ggml-sycl.cpp,108160,dkw0_graph_call_count,std::atomic<int>,function-local:ggml_backend_sycl_graph_compute_unchecked,mutable,intrinsic:atomic,"unscoped lexical candidate: L108161:if (dkw0_graph_call_count.fetch_add(1, std::memory_order_relaxed) < 80) {",none found by unscoped lexical scan,process or function lifetime (review required),lifecycle not inferred; no binding-resolved reset analysis
ggml/src/ggml-sycl/ggml-sycl.cpp,108190,logged,std::atomic<bool>,function-local:ggml_backend_sycl_graph_compute_unchecked,mutable,intrinsic:atomic,"unscoped lexical candidate: L3817:if (!logged.insert(k).second) { | L4437:if (logged.fetch_add(1, std::memory_order_relaxed) < 1) { | L5826:should_log = logged.insert(key).second;","unscoped lexical candidate: L3813:static std::unordered_set<key_t, key_hash> logged; | L4436:static std::atomic<int> logged{ 0 }; | L5818:static std::unordered_set<std::string> logged;",process or function lifetime (review required),lifecycle not inferred; no binding-resolved reset analysis
ggml/src/ggml-sycl/ggml-sycl.cpp,108204,logged,std::atomic<bool>,function-local:ggml_backend_sycl_graph_compute_unchecked,mutable,intrinsic:atomic,"unscoped lexical candidate: L3817:if (!logged.insert(k).second) { | L4437:if (logged.fetch_add(1, std::memory_order_relaxed) < 1) { | L5826:should_log = logged.insert(key).second;","unscoped lexical candidate: L3813:static std::unordered_set<key_t, key_hash> logged; | L4436:static std::atomic<int> logged{ 0 }; | L5818:static std::unordered_set<std::string> logged;",process or function lifetime (review required),lifecycle not inferred; no binding-resolved reset analysis
ggml/src/ggml-sycl/ggml-sycl.cpp,108215,logged,std::atomic<bool>,function-local:ggml_backend_sycl_graph_compute_unchecked,mutable,intrinsic:atomic,"unscoped lexical candidate: L3817:if (!logged.insert(k).second) { | L4437:if (logged.fetch_add(1, std::memory_order_relaxed) < 1) { | L5826:should_log = logged.insert(key).second;","unscoped lexical candidate: L3813:static std::unordered_set<key_t, key_hash> logged; | L4436:static std::atomic<int> logged{ 0 }; | L5818:static std::unordered_set<std::string> logged;",process or function lifetime (review required),lifecycle not inferred; no binding-resolved reset analysis
ggml/src/ggml-sycl/ggml-sycl.cpp,108268,logged,std::atomic<int>,function-local:ggml_backend_sycl_graph_compute_unchecked,mutable,intrinsic:atomic,"unscoped lexical candidate: L3817:if (!logged.insert(k).second) { | L4437:if (logged.fetch_add(1, std::memory_order_relaxed) < 1) { | L5826:should_log = logged.insert(key).second;","unscoped lexical candidate: L3813:static std::unordered_set<key_t, key_hash> logged; | L4436:static std::atomic<int> logged{ 0 }; | L5818:static std::unordered_set<std::string> logged;",process or function lifetime (review required),lifecycle not inferred; no binding-resolved reset analysis
ggml/src/ggml-sycl/ggml-sycl.cpp,108284,logged,std::atomic<bool>,function-local:ggml_backend_sycl_graph_compute_unchecked,mutable,intrinsic:atomic,"unscoped lexical candidate: L3817:if (!logged.insert(k).second) { | L4437:if (logged.fetch_add(1, std::memory_order_relaxed) < 1) { | L5826:should_log = logged.insert(key).second;","unscoped lexical candidate: L3813:static std::unordered_set<key_t, key_hash> logged; | L4436:static std::atomic<int> logged{ 0 }; | L5818:static std::unordered_set<std::string> logged;",process or function lifetime (review required),lifecycle not inferred; no binding-resolved reset analysis
ggml/src/ggml-sycl/ggml-sycl.cpp,108294,logged,std::atomic<bool>,function-local:ggml_backend_sycl_graph_compute_unchecked,mutable,intrinsic:atomic,"unscoped lexical candidate: L3817:if (!logged.insert(k).second) { | L4437:if (logged.fetch_add(1, std::memory_order_relaxed) < 1) { | L5826:should_log = logged.insert(key).second;","unscoped lexical candidate: L3813:static std::unordered_set<key_t, key_hash> logged; | L4436:static std::atomic<int> logged{ 0 }; | L5818:static std::unordered_set<std::string> logged;",process or function lifetime (review required),lifecycle not inferred; no binding-resolved reset analysis
ggml/src/ggml-sycl/ggml-sycl.cpp,108305,logged,std::atomic<bool>,function-local:ggml_backend_sycl_graph_compute_unchecked,mutable,intrinsic:atomic,"unscoped lexical candidate: L3817:if (!logged.insert(k).second) { | L4437:if (logged.fetch_add(1, std::memory_order_relaxed) < 1) { | L5826:should_log = logged.insert(key).second;","unscoped lexical candidate: L3813:static std::unordered_set<key_t, key_hash> logged; | L4436:static std::atomic<int> logged{ 0 }; | L5818:static std::unordered_set<std::string> logged;",process or function lifetime (review required),lifecycle not inferred; no binding-resolved reset analysis
ggml/src/ggml-sycl/ggml-sycl.cpp,108316,logged,std::atomic<bool>,function-local:ggml_backend_sycl_graph_compute_unchecked,mutable,intrinsic:atomic,"unscoped lexical candidate: L3817:if (!logged.insert(k).second) { | L4437:if (logged.fetch_add(1, std::memory_order_relaxed) < 1) { | L5826:should_log = logged.insert(key).second;","unscoped lexical candidate: L3813:static std::unordered_set<key_t, key_hash> logged; | L4436:static std::atomic<int> logged{ 0 }; | L5818:static std::unordered_set<std::string> logged;",process or function lifetime (review required),lifecycle not inferred; no binding-resolved reset analysis
ggml/src/ggml-sycl/ggml-sycl.cpp,108333,logged_once,bool,function-local:ggml_backend_sycl_graph_compute_unchecked,mutable,none evident,unscoped lexical candidate: L99662:static bool logged_once = false; | L99669:logged_once = true; | L99781:static bool logged_once = false;,unscoped lexical candidate: L99663:if (!logged_once) { | L99782:if (!logged_once) { | L99794:if (!logged_once) {,process or function lifetime (review required),lifecycle not inferred; no binding-resolved reset analysis
ggml/src/ggml-sycl/ggml-sycl.cpp,108342,logged,std::atomic<bool>,function-local:ggml_backend_sycl_graph_compute_unchecked,mutable,intrinsic:atomic,"unscoped lexical candidate: L3817:if (!logged.insert(k).second) { | L4437:if (logged.fetch_add(1, std::memory_order_relaxed) < 1) { | L5826:should_log = logged.insert(key).second;","unscoped lexical candidate: L3813:static std::unordered_set<key_t, key_hash> logged; | L4436:static std::atomic<int> logged{ 0 }; | L5818:static std::unordered_set<std::string> logged;",process or function lifetime (review required),lifecycle not inferred; no binding-resolved reset analysis
ggml/src/ggml-sycl/ggml-sycl.cpp,108364,diag_prefix_logged,std::atomic<bool>,function-local:ggml_backend_sycl_graph_compute_unchecked,mutable,intrinsic:atomic,unscoped lexical candidate: L108374:if (gpu_prefix_end >= 0 && !diag_prefix_logged.exchange(true)) {,none found by unscoped lexical scan,process or function lifetime (review required),lifecycle not inferred; no binding-resolved reset analysis
ggml/src/ggml-sycl/ggml-sycl.cpp,108365,diag_disable_graph_logged,std::atomic<bool>,function-local:ggml_backend_sycl_graph_compute_unchecked,mutable,intrinsic:atomic,unscoped lexical candidate: L108378:if (g_ggml_sycl_disable_graph && !diag_disable_graph_logged.exchange(true)) {,none found by unscoped lexical scan,process or function lifetime (review required),lifecycle not inferred; no binding-resolved reset analysis
ggml/src/ggml-sycl/ggml-sycl.cpp,108366,diag_multithreaded_logged,std::atomic<bool>,function-local:ggml_backend_sycl_graph_compute_unchecked,mutable,intrinsic:atomic,unscoped lexical candidate: L108381:if (g_sycl_graph_multithreaded.load(std::memory_order_relaxed) && !diag_multithreaded_logged.exchange(true)) {,none found by unscoped lexical scan,process or function lifetime (review required),lifecycle not inferred; no binding-resolved reset analysis
ggml/src/ggml-sycl/ggml-sycl.cpp,108367,diag_graphs_disabled_logged,std::atomic<bool>,function-local:ggml_backend_sycl_graph_compute_unchecked,mutable,intrinsic:atomic,unscoped lexical candidate: L108384:if (sycl_ctx->graphs_disabled && !diag_graphs_disabled_logged.exchange(true)) {,none found by unscoped lexical scan,process or function lifetime (review required),lifecycle not inferred; no binding-resolved reset analysis
ggml/src/ggml-sycl/ggml-sycl.cpp,108368,diag_tp_logged,std::atomic<bool>,function-local:ggml_backend_sycl_graph_compute_unchecked,mutable,intrinsic:atomic,unscoped lexical candidate: L108387:if ((g_sycl_tp_config.enabled && g_sycl_tp_config.world_size > 1) && !diag_tp_logged.exchange(true)) {,none found by unscoped lexical scan,process or function lifetime (review required),lifecycle not inferred; no binding-resolved reset analysis
ggml/src/ggml-sycl/ggml-sycl.cpp,108369,diag_placement_host_logged,std::atomic<bool>,function-local:ggml_backend_sycl_graph_compute_unchecked,mutable,intrinsic:atomic,unscoped lexical candidate: L108391:!diag_placement_host_logged.exchange(true)) {,none found by unscoped lexical scan,process or function lifetime (review required),lifecycle not inferred; no binding-resolved reset analysis
ggml/src/ggml-sycl/ggml-sycl.cpp,108370,diag_moe_graphs_disabled_logged,std::atomic<bool>,function-local:ggml_backend_sycl_graph_compute_unchecked,mutable,intrinsic:atomic,unscoped lexical candidate: L108394:if (sycl_ctx->moe_graphs_disabled && !diag_moe_graphs_disabled_logged.exchange(true)) {,none found by unscoped lexical scan,model/layer semantic state (review required),lifecycle not inferred; no binding-resolved reset analysis
ggml/src/ggml-sycl/ggml-sycl.cpp,108371,diag_split_logged,std::atomic<bool>,function-local:ggml_backend_sycl_graph_compute_unchecked,mutable,intrinsic:atomic,unscoped lexical candidate: L108397:if (g_split_config.enabled && !diag_split_logged.exchange(true)) {,none found by unscoped lexical scan,process or function lifetime (review required),lifecycle not inferred; no binding-resolved reset analysis
ggml/src/ggml-sycl/ggml-sycl.cpp,108372,diag_compat_logged,std::atomic<bool>,function-local:ggml_backend_sycl_graph_compute_unchecked,mutable,intrinsic:atomic,unscoped lexical candidate: L108405:!sycl_ctx->moe_graphs_disabled && !diag_compat_logged.exchange(true)) {,none found by unscoped lexical scan,process or function lifetime (review required),lifecycle not inferred; no binding-resolved reset analysis
ggml/src/ggml-sycl/ggml-sycl.cpp,108413,graph_record_count,std::atomic<int>,function-local:ggml_backend_sycl_graph_compute_unchecked,mutable,intrinsic:atomic,"unscoped lexical candidate: L108421:graph_record_count.fetch_add(1, std::memory_order_relaxed);","unscoped lexical candidate: L108443:call_num, graph_record_count.load(std::memory_order_relaxed),",process or function lifetime (review required),lifecycle not inferred; no binding-resolved reset analysis
ggml/src/ggml-sycl/ggml-sycl.cpp,108414,graph_replay_count,std::atomic<int>,function-local:ggml_backend_sycl_graph_compute_unchecked,mutable,intrinsic:atomic,"unscoped lexical candidate: L108426:graph_replay_count.fetch_add(1, std::memory_order_relaxed);","unscoped lexical candidate: L108444:graph_replay_count.load(std::memory_order_relaxed),",process or function lifetime (review required),lifecycle not inferred; no binding-resolved reset analysis
ggml/src/ggml-sycl/ggml-sycl.cpp,108415,graph_fallback_count,std::atomic<int>,function-local:ggml_backend_sycl_graph_compute_unchecked,mutable,intrinsic:atomic,"unscoped lexical candidate: L108431:graph_fallback_count.fetch_add(1, std::memory_order_relaxed);","unscoped lexical candidate: L108445:graph_fallback_count.load(std::memory_order_relaxed),",process or function lifetime (review required),lifecycle not inferred; no binding-resolved reset analysis
ggml/src/ggml-sycl/ggml-sycl.cpp,108416,graph_tg_record_count,std::atomic<int>,function-local:ggml_backend_sycl_graph_compute_unchecked,mutable,intrinsic:atomic,"unscoped lexical candidate: L108423:graph_tg_record_count.fetch_add(1, std::memory_order_relaxed);","unscoped lexical candidate: L108446:graph_tg_record_count.load(std::memory_order_relaxed),",process or function lifetime (review required),lifecycle not inferred; no binding-resolved reset analysis
ggml/src/ggml-sycl/ggml-sycl.cpp,108417,graph_tg_replay_count,std::atomic<int>,function-local:ggml_backend_sycl_graph_compute_unchecked,mutable,intrinsic:atomic,"unscoped lexical candidate: L108428:graph_tg_replay_count.fetch_add(1, std::memory_order_relaxed);","unscoped lexical candidate: L108447:graph_tg_replay_count.load(std::memory_order_relaxed),",process or function lifetime (review required),lifecycle not inferred; no binding-resolved reset analysis
ggml/src/ggml-sycl/ggml-sycl.cpp,108418,graph_tg_fallback_count,std::atomic<int>,function-local:ggml_backend_sycl_graph_compute_unchecked,mutable,intrinsic:atomic,"unscoped lexical candidate: L108433:graph_tg_fallback_count.fetch_add(1, std::memory_order_relaxed);","unscoped lexical candidate: L108448:graph_tg_fallback_count.load(std::memory_order_relaxed), cached_is_decode ? ""TG"" : ""PP"",",process or function lifetime (review required),lifecycle not inferred; no binding-resolved reset analysis
ggml/src/ggml-sycl/ggml-sycl.cpp,108497,dkw0_sig_env,const char *,function-local:ggml_backend_sycl_graph_compute_unchecked,mutable,none evident,none found by unscoped lexical scan,unscoped lexical candidate: L108498:if (dkw0_sig_env && std::atoi(dkw0_sig_env) != 0) {,process or function lifetime (review required),lifecycle not inferred; no binding-resolved reset analysis
ggml/src/ggml-sycl/ggml-sycl.cpp,108499,dkw0_sig_check_count,std::atomic<int>,function-local:ggml_backend_sycl_graph_compute_unchecked,mutable,intrinsic:atomic,"unscoped lexical candidate: L108500:int dkw0_sig_idx = dkw0_sig_check_count.fetch_add(1, std::memory_order_relaxed);",none found by unscoped lexical scan,process or function lifetime (review required),lifecycle not inferred; no binding-resolved reset analysis
ggml/src/ggml-sycl/ggml-sycl.cpp,108575,last_decode_nodes,int,function-local:ggml_backend_sycl_graph_compute_unchecked,mutable,thread-local,unscoped lexical candidate: L108586:last_decode_nodes = cgraph->n_nodes;,"unscoped lexical candidate: L108581:if (last_decode_nodes != 0 && cgraph->n_nodes != last_decode_nodes) { | L108583:GGML_LOG_DEBUG(""SYCL Graph: decode node count changed %d -> %d (variance #%d)\n"", last_decode_nodes,",thread,lifecycle not inferred; no binding-resolved reset analysis
ggml/src/ggml-sycl/ggml-sycl.cpp,108576,last_prompt_nodes,int,function-local:ggml_backend_sycl_graph_compute_unchecked,mutable,thread-local,unscoped lexical candidate: L108593:last_prompt_nodes = cgraph->n_nodes;,"unscoped lexical candidate: L108588:if (last_prompt_nodes != 0 && cgraph->n_nodes != last_prompt_nodes) { | L108590:GGML_LOG_DEBUG(""SYCL Graph: prompt node count changed %d -> %d (variance #%d)\n"", last_prompt_nodes,",thread,lifecycle not inferred; no binding-resolved reset analysis
ggml/src/ggml-sycl/ggml-sycl.cpp,108577,decode_variance_count,int,function-local:ggml_backend_sycl_graph_compute_unchecked,mutable,thread-local,unscoped lexical candidate: L108582:decode_variance_count++;,"unscoped lexical candidate: L108584:cgraph->n_nodes, decode_variance_count);",thread,lifecycle not inferred; no binding-resolved reset analysis
ggml/src/ggml-sycl/ggml-sycl.cpp,108578,prompt_variance_count,int,function-local:ggml_backend_sycl_graph_compute_unchecked,mutable,thread-local,unscoped lexical candidate: L108589:prompt_variance_count++;,"unscoped lexical candidate: L108591:cgraph->n_nodes, prompt_variance_count);",thread,lifecycle not inferred; no binding-resolved reset analysis
ggml/src/ggml-sycl/ggml-sycl.cpp,108626,MIN_GRAPH_NODES,const int,function-local:ggml_backend_sycl_graph_compute_unchecked,immutable binding,none evident,none found by unscoped lexical scan,unscoped lexical candidate: L108630:if (cgraph->n_nodes < MIN_GRAPH_NODES) { | L108632:MIN_GRAPH_NODES);,process or function lifetime (review required),not applicable: immutable binding
ggml/src/ggml-sycl/ggml-sycl.cpp,108763,logged,std::atomic<bool>,function-local:ggml_backend_sycl_graph_compute_unchecked,mutable,intrinsic:atomic,"unscoped lexical candidate: L3817:if (!logged.insert(k).second) { | L4437:if (logged.fetch_add(1, std::memory_order_relaxed) < 1) { | L5826:should_log = logged.insert(key).second;","unscoped lexical candidate: L3813:static std::unordered_set<key_t, key_hash> logged; | L4436:static std::atomic<int> logged{ 0 }; | L5818:static std::unordered_set<std::string> logged;",process or function lifetime (review required),lifecycle not inferred; no binding-resolved reset analysis
ggml/src/ggml-sycl/ggml-sycl.cpp,108861,budget_logged,bool,function-local:ggml_backend_sycl_graph_compute_unchecked,mutable,none evident,unscoped lexical candidate: L108863:budget_logged = true;,unscoped lexical candidate: L108862:if (!budget_logged) {,process or function lifetime (review required),lifecycle not inferred; no binding-resolved reset analysis
ggml/src/ggml-sycl/ggml-sycl.cpp,108904,rerecord_mode,bool,function-local:ggml_backend_sycl_graph_compute_unchecked,mutable,none evident,none found by unscoped lexical scan,"unscoped lexical candidate: L108913:const bool use_segmented = sycl_ctx->moe_graph_rerecord && !rerecord_mode && !seg_graph_disabled; | L109014:} else if (sycl_ctx->exec_graph && (rerecord_mode || sycl_ctx->moe_graph_rerecord)) { | L109018:sycl_ctx->moe_graph_rerecord ? ""MoE selective"" : ""rerecord_mode"");",process or function lifetime (review required),lifecycle not inferred; no binding-resolved reset analysis
ggml/src/ggml-sycl/ggml-sycl.cpp,108907,seg_graph_disabled,bool,function-local:ggml_backend_sycl_graph_compute_unchecked,mutable,none evident,none found by unscoped lexical scan,unscoped lexical candidate: L108913:const bool use_segmented = sycl_ctx->moe_graph_rerecord && !rerecord_mode && !seg_graph_disabled; | L108915:if (is_decode_phase && sycl_ctx->moe_graph_rerecord && seg_graph_disabled) {,process or function lifetime (review required),lifecycle not inferred; no binding-resolved reset analysis
ggml/src/ggml-sycl/ggml-sycl.cpp,108916,logged,std::atomic<bool>,function-local:ggml_backend_sycl_graph_compute_unchecked,mutable,intrinsic:atomic,"unscoped lexical candidate: L3817:if (!logged.insert(k).second) { | L4437:if (logged.fetch_add(1, std::memory_order_relaxed) < 1) { | L5826:should_log = logged.insert(key).second;","unscoped lexical candidate: L3813:static std::unordered_set<key_t, key_hash> logged; | L4436:static std::atomic<int> logged{ 0 }; | L5818:static std::unordered_set<std::string> logged;",process or function lifetime (review required),lifecycle not inferred; no binding-resolved reset analysis
ggml/src/ggml-sycl/ggml-sycl.cpp,109619,ggml_backend_sycl_interface,ggml_backend_i,file,mutable,none evident,none found by unscoped lexical scan,"unscoped lexical candidate: L112402:/* .iface = */ ggml_backend_sycl_interface,",process or function lifetime (review required),lifecycle not inferred; no binding-resolved reset analysis
ggml/src/ggml-sycl/ggml-sycl.cpp,109644,guid,ggml_guid,function-local:ggml_backend_sycl_guid,mutable,none evident,"unscoped lexical candidate: L112401:/* .guid = */ ggml_backend_sycl_guid(),","unscoped lexical candidate: L109646:return &guid; | L109650:return backend != NULL && ggml_guid_matches(backend->guid, ggml_backend_sycl_guid());",process or function lifetime (review required),lifecycle not inferred; no binding-resolved reset analysis
ggml/src/ggml-sycl/ggml-sycl.cpp,109727,split_env,const char *,function-local:ggml_backend_sycl_device_get_memory,mutable,none evident,none found by unscoped lexical scan,unscoped lexical candidate: L109728:if (split_env && ctx->device > 0) {,process or function lifetime (review required),lifecycle not inferred; no binding-resolved reset analysis
ggml/src/ggml-sycl/ggml-sycl.cpp,110002,enabled,const bool,function-local:ggml_sycl_supports_op_debug_enabled,immutable binding,none evident,unscoped lexical candidate: L217:static const bool enabled = []() { | L466:static const bool enabled = [] { | L475:static const bool enabled = [] {,"unscoped lexical candidate: L221:return enabled; | L403:static std::atomic<int> g_ggml_sycl_unified_dispatch{ -1 }; // -1 = not initialized, 0 = disabled, 1 = enabled | L470:return enabled;",process or function lifetime (review required),not applicable: immutable binding
ggml/src/ggml-sycl/ggml-sycl.cpp,111124,visited,std::unordered_set<const ggml_tensor *>,function-local:ggml_sycl_tensor_depends_on_planned_host_weight,mutable,thread-local,unscoped lexical candidate: L111126:visited.clear(); | L111136:visited.insert(tensor);,"unscoped lexical candidate: L94208:// node visited, whether the next two ops are even {MUL, ADD} at all, and if so, the | L111121:// Memoize visited tensors to avoid redundant graph traversals. | L111133:if (visited.count(tensor)) {",thread,lifecycle not inferred; unscoped lexical reset candidate: L111126:visited.clear();
ggml/src/ggml-sycl/ggml-sycl.cpp,111287,mtx,std::mutex,function-local:<lambda>,mutable,intrinsic:lock primitive,none found by unscoped lexical scan,unscoped lexical candidate: L1290:std::mutex mtx; | L1386:std::lock_guard<std::mutex> lock(mtx); | L1406:std::lock_guard<std::mutex> lock(mtx);,process or function lifetime (review required),lifecycle not inferred; no binding-resolved reset analysis
ggml/src/ggml-sycl/ggml-sycl.cpp,111288,seen,std::unordered_set<std::string>,function-local:<lambda>,mutable,none evident,unscoped lexical candidate: L27003:if (tensor && seen.insert(tensor).second) { | L45128:if (!seen.insert(t).second) { | L57800:seen[slot] = 1;,"unscoped lexical candidate: L22002:// FIRST_SAVED — first arrival seen; routing resolved, weight data saved | L22421:// No MoE ops seen — create a minimal entry | L27000:std::unordered_set<ggml_tensor *> seen;",process or function lifetime (review required),lifecycle not inferred; unscoped lexical reset candidate: L89146:seen.clear();
ggml/src/ggml-sycl/ggml-sycl.cpp,111389,weight_streaming,bool,function-local:ggml_backend_sycl_device_offload_op,mutable,none evident,none found by unscoped lexical scan,unscoped lexical candidate: L111390:if (weight_streaming || ggml_backend_sycl_weights_evictable()) {,device/process slot,lifecycle not inferred; no binding-resolved reset analysis
ggml/src/ggml-sycl/ggml-sycl.cpp,111452,ggml_backend_sycl_device_interface,const ggml_backend_device_i,file,immutable binding,none evident,none found by unscoped lexical scan,"unscoped lexical candidate: L112330:new ggml_backend_device{ /* .iface = */ ggml_backend_sycl_device_interface,",device/process slot,not applicable: immutable binding
ggml/src/ggml-sycl/ggml-sycl.cpp,111546,g_sycl_reactivation_previous,sycl_module_admission_state,file,mutable,none evident,unscoped lexical candidate: L111563:g_sycl_reactivation_previous = g_sycl_module_admission;,unscoped lexical candidate: L111602:g_sycl_module_admission = g_sycl_reactivation_previous;,process or function lifetime (review required),lifecycle not inferred; no binding-resolved reset analysis
ggml/src/ggml-sycl/ggml-sycl.cpp,111548,g_sycl_reactivation_pending_finalize,bool,file,mutable,none evident,unscoped lexical candidate: L111564:g_sycl_reactivation_pending_finalize = true; | L111590:g_sycl_reactivation_pending_finalize = false; | L111603:g_sycl_reactivation_pending_finalize = false;,unscoped lexical candidate: L111600:if (g_sycl_reactivation_pending_finalize) {,process or function lifetime (review required),lifecycle not inferred; no binding-resolved reset analysis
ggml/src/ggml-sycl/ggml-sycl.cpp,111549,g_sycl_reactivation_commit_completed,bool,file,mutable,none evident,unscoped lexical candidate: L111565:g_sycl_reactivation_commit_completed = false; | L111574:g_sycl_reactivation_commit_completed = true; | L111591:g_sycl_reactivation_commit_completed = false;,unscoped lexical candidate: L111601:rollback_committed = g_sycl_reactivation_commit_completed;,process or function lifetime (review required),lifecycle not inferred; no binding-resolved reset analysis
ggml/src/ggml-sycl/ggml-sycl.cpp,111551,g_sycl_finalize_reactivate_mutex,std::mutex,file,mutable,intrinsic:lock primitive,none found by unscoped lexical scan,unscoped lexical candidate: L111581:std::unique_lock<std::mutex> lock(g_sycl_finalize_reactivate_mutex); | L111649:std::lock_guard<std::mutex> lock(g_sycl_finalize_reactivate_mutex); | L111655:std::unique_lock<std::mutex> lock(g_sycl_finalize_reactivate_mutex);,process or function lifetime (review required),lifecycle not inferred; no binding-resolved reset analysis
ggml/src/ggml-sycl/ggml-sycl.cpp,111552,g_sycl_finalize_reactivate_cv,std::condition_variable,file,mutable,none evident,none found by unscoped lexical scan,"unscoped lexical candidate: L111584:g_sycl_finalize_reactivate_cv.notify_all(); | L111585:g_sycl_finalize_reactivate_cv.wait(lock, [] { return !g_sycl_finalize_reactivate_block; }); | L111656:g_sycl_finalize_reactivate_cv.wait(lock, [] { return g_sycl_finalize_reactivate_entered; });",process or function lifetime (review required),lifecycle not inferred; no binding-resolved reset analysis
ggml/src/ggml-sycl/ggml-sycl.cpp,111553,g_sycl_finalize_reactivate_block,bool,file,mutable,none evident,unscoped lexical candidate: L111650:g_sycl_finalize_reactivate_block = true; | L111661:g_sycl_finalize_reactivate_block = false;,"unscoped lexical candidate: L111582:if (g_sycl_finalize_reactivate_block) { | L111585:g_sycl_finalize_reactivate_cv.wait(lock, [] { return !g_sycl_finalize_reactivate_block; });",process or function lifetime (review required),lifecycle not inferred; no binding-resolved reset analysis
ggml/src/ggml-sycl/ggml-sycl.cpp,111554,g_sycl_finalize_reactivate_entered,bool,file,mutable,none evident,unscoped lexical candidate: L111583:g_sycl_finalize_reactivate_entered = true; | L111651:g_sycl_finalize_reactivate_entered = false;,"unscoped lexical candidate: L111656:g_sycl_finalize_reactivate_cv.wait(lock, [] { return g_sycl_finalize_reactivate_entered; });",process or function lifetime (review required),lifecycle not inferred; no binding-resolved reset analysis
ggml/src/ggml-sycl/ggml-sycl.cpp,111788,shutdown_mutex,std::mutex,function-local:ggml_backend_sycl_shutdown,mutable,intrinsic:lock primitive,none found by unscoped lexical scan,unscoped lexical candidate: L111789:std::lock_guard<std::mutex> lock(shutdown_mutex);,process or function lifetime (review required),lifecycle not inferred; no binding-resolved reset analysis
ggml/src/ggml-sycl/ggml-sycl.cpp,111886,g_test_fail_next_registry_stage,std::atomic<bool>,file,mutable,intrinsic:atomic,"unscoped lexical candidate: L111890:if (module_guard) g_test_fail_next_registry_stage.store(true, std::memory_order_release); | L111932:if (g_test_fail_next_registry_stage.exchange(false, std::memory_order_acq_rel)) {",none found by unscoped lexical scan,process or function lifetime (review required),lifecycle not inferred; no binding-resolved reset analysis
ggml/src/ggml-sycl/ggml-sycl.cpp,112298,ggml_backend_sycl_reg_interface,const ggml_backend_reg_i,file,immutable binding,none evident,none found by unscoped lexical scan,"unscoped lexical candidate: L112337:/* .iface = */ ggml_backend_sycl_reg_interface,",process or function lifetime (review required),not applicable: immutable binding
ggml/src/ggml-sycl/ggml-sycl.cpp,112312,reg,ggml_backend_reg,function-local:ggml_backend_sycl_reg,mutable,none evident,unscoped lexical candidate: L13335:ggml_backend_reg_t reg = ggml_backend_sycl_reg(); | L13351:ggml_backend_reg_t reg = ggml_backend_sycl_reg(); | L14417:ggml_backend_reg_t reg = ggml_backend_sycl_reg();,"unscoped lexical candidate: L13336:const size_t n = ggml_backend_reg_dev_count(reg); | L13338:if (ggml_backend_reg_dev_get(reg, i) == dev) { | L13352:const size_t reg_count = ggml_backend_reg_dev_count(reg);",process or function lifetime (review required),lifecycle not inferred; no binding-resolved reset analysis
ggml/src/ggml-sycl/ggml-sycl.cpp,112313,initialized,bool,function-local:ggml_backend_sycl_reg,mutable,none evident,unscoped lexical candidate: L26039:static bool initialized = false; | L26278:initialized = true; | L26284:initialized = true;,"unscoped lexical candidate: L403:static std::atomic<int> g_ggml_sycl_unified_dispatch{ -1 }; // -1 = not initialized, 0 = disabled, 1 = enabled | L1132:static std::atomic<int> g_ggml_sycl_force_vram{ -1 }; // -1 = not initialized, 0 = disabled, 1 = enabled | L8154:GGML_SYCL_DEBUG(""[MOE-HYBRID] Popularity tracking initialized: %d layers, %d experts/layer\n"", n_moe_layers,",process or function lifetime (review required),lifecycle not inferred; unscoped lexical reset candidate: L49372:w.initialized.store(false);
ggml/src/ggml-sycl/ggml-sycl.cpp,112315,mutex,std::mutex,function-local:ggml_backend_sycl_reg,mutable,intrinsic:lock primitive,unscoped lexical candidate: L7554:static auto * mutex = new std::mutex();,unscoped lexical candidate: L39:#include <mutex> | L1126:static std::mutex g_sycl_graph_compute_mutex; | L1142:static std::mutex g_sycl_load_summary_mutex;,process or function lifetime (review required),lifecycle not inferred; no binding-resolved reset analysis
ggml/src/ggml-sycl/ggml-sycl.cpp,112347,g_test_fail_next_backend_publish,std::atomic<bool>,file,mutable,intrinsic:atomic,"unscoped lexical candidate: L112352:g_test_fail_next_backend_publish.store(true, std::memory_order_release); | L112396:if (g_test_fail_next_backend_publish.exchange(false, std::memory_order_acq_rel)) {",none found by unscoped lexical scan,process or function lifetime (review required),lifecycle not inferred; no binding-resolved reset analysis
ggml/src/ggml-sycl/ggml-sycl.cpp,112438,g_sycl_seq_ids_cache,ggml_sycl_seq_ids_cache,file,mutable,thread-local,none found by unscoped lexical scan,unscoped lexical candidate: L112452:g_sycl_seq_ids_cache.q_handle = | L112456:g_sycl_seq_ids_cache.q_count = q_count; | L112457:g_sycl_seq_ids_cache.kv_handle =,thread,lifecycle not inferred; no binding-resolved reset analysis
ggml/src/ggml-sycl/ggml-sycl.cpp,112494,g_sycl_device_token_cache,ggml_sycl_device_token_cache,file,mutable,thread-local,none found by unscoped lexical scan,unscoped lexical candidate: L112497:if (!g_sycl_device_token_cache.token_handle.valid()) { | L112500:auto resolved = g_sycl_device_token_cache.token_handle.resolve(); | L112505:g_sycl_device_token_cache.token_handle =,thread,lifecycle not inferred; no binding-resolved reset analysis
ggml/src/ggml-sycl/unified-cache.cpp,125,g_lifecycle_plan_mutex,std::mutex,anonymous-namespace,mutable,intrinsic:lock primitive,none found by unscoped lexical scan,unscoped lexical candidate: L172:std::lock_guard<std::mutex> lock(g_lifecycle_plan_mutex); | L187:std::lock_guard<std::mutex> lock(g_lifecycle_plan_mutex); | L193:std::lock_guard<std::mutex> lock(g_lifecycle_plan_mutex);,process or function lifetime (review required),lifecycle not inferred; no binding-resolved reset analysis
ggml/src/ggml-sycl/unified-cache.cpp,126,g_lifecycle_plan_candidates,"std::unordered_map<uint64_t, std::shared_ptr<const lifecycle_plan_snapshot>>",anonymous-namespace,mutable,none evident,unscoped lexical candidate: L173:g_lifecycle_plan_candidates[load_txn_id] = std::move(snapshot); | L188:g_lifecycle_plan_candidates[load_txn_id] = std::move(snapshot); | L204:g_lifecycle_plan_candidates.erase(load_txn_id);,unscoped lexical candidate: L194:const auto candidate = g_lifecycle_plan_candidates.find(load_txn_id); | L195:return candidate == g_lifecycle_plan_candidates.end() ? nullptr : candidate->second; | L219:auto candidate = g_lifecycle_plan_candidates.find(load_txn_id);,process or function lifetime (review required),lifecycle not inferred; unscoped lexical reset candidate: L204:g_lifecycle_plan_candidates.erase(load_txn_id); | L245:g_lifecycle_plan_candidates.erase(candidate); | L250:g_lifecycle_plan_candidates.erase(candidate);
ggml/src/ggml-sycl/unified-cache.cpp,128,g_lifecycle_plan_models,"std::unordered_map<uint64_t, std::unordered_map<uint64_t, std::shared_ptr<const lifecycle_plan_snapshot>>>",anonymous-namespace,mutable,none evident,unscoped lexical candidate: L249:g_lifecycle_plan_models[model_id][load_txn_id] = immutable; | L435:g_lifecycle_plan_models.erase(model);,unscoped lexical candidate: L128:g_lifecycle_plan_models; | L262:auto model = g_lifecycle_plan_models.find(model_id); | L263:if (model == g_lifecycle_plan_models.end()) {,model/layer semantic state (review required),lifecycle not inferred; unscoped lexical reset candidate: L435:g_lifecycle_plan_models.erase(model);
ggml/src/ggml-sycl/unified-cache.cpp,129,g_lifecycle_plan_next_version,std::atomic<uint64_t>,anonymous-namespace,mutable,intrinsic:atomic,"unscoped lexical candidate: L149:g_lifecycle_plan_next_version.store(next, std::memory_order_relaxed);","unscoped lexical candidate: L135:uint64_t next = g_lifecycle_plan_next_version.load(std::memory_order_relaxed); | L140:if (g_lifecycle_plan_next_version.compare_exchange_weak(next, next + 1, std::memory_order_relaxed,",process or function lifetime (review required),lifecycle not inferred; no binding-resolved reset analysis
ggml/src/ggml-sycl/unified-cache.cpp,474,g_residency_diag_mutex,std::mutex,anonymous-namespace,mutable,intrinsic:lock primitive,none found by unscoped lexical scan,unscoped lexical candidate: L608:std::lock_guard<std::mutex> lock(g_residency_diag_mutex); | L615:std::lock_guard<std::mutex> lock(g_residency_diag_mutex); | L620:std::lock_guard<std::mutex> lock(g_residency_diag_mutex);,process or function lifetime (review required),lifecycle not inferred; no binding-resolved reset analysis
ggml/src/ggml-sycl/unified-cache.cpp,475,g_residency_diag,residency_diagnostics_snapshot,anonymous-namespace,mutable,none evident,unscoped lexical candidate: L654:g_residency_diag = residency_diagnostics_snapshot{};,unscoped lexical candidate: L574:g_residency_diag.last_bytes_requested = bytes_requested; | L575:g_residency_diag.last_bytes_available = bytes_available; | L576:g_residency_diag.last_largest_free_block = largest_free_block;,process or function lifetime (review required),lifecycle not inferred; no binding-resolved reset analysis
ggml/src/ggml-sycl/unified-cache.cpp,696,g_cache_rw_mutex,std::shared_mutex,namespace:ggml_sycl,mutable,none evident,none found by unscoped lexical scan,unscoped lexical candidate: L15756:std::shared_lock<std::shared_mutex> lock(g_cache_rw_mutex); | L15776:std::shared_lock<std::shared_mutex> lock(g_cache_rw_mutex); | L15780:// Direct arena zone query — caller MUST hold g_cache_rw_mutex.,process or function lifetime (review required),lifecycle not inferred; no binding-resolved reset analysis
ggml/src/ggml-sycl/unified-cache.cpp,697,g_unified_cache_budget,size_t,namespace:ggml_sycl,mutable,none evident,unscoped lexical candidate: L16146:g_unified_cache_budget = bytes;,"unscoped lexical candidate: L15908:size_t budget = g_unified_cache_budget; | L15918:// also a valid resolved budget, not just the g_unified_cache_budget",process or function lifetime (review required),lifecycle not inferred; no binding-resolved reset analysis
ggml/src/ggml-sycl/unified-cache.cpp,698,g_unified_cache_budget_pct,int,namespace:ggml_sycl,mutable,none evident,unscoped lexical candidate: L16160:g_unified_cache_budget_pct = pct;,"unscoped lexical candidate: L1285:// g_unified_cache_budget_pct) -- effective only when no env var is set. | L15961:host_unified, total_mem, free_mem, hint ? hint->free_vram_at_init : 0, g_unified_cache_budget_pct);",process or function lifetime (review required),lifecycle not inferred; no binding-resolved reset analysis
ggml/src/ggml-sycl/unified-cache.cpp,699,g_unified_cache_host_budget,size_t,namespace:ggml_sycl,mutable,none evident,none found by unscoped lexical scan,unscoped lexical candidate: L5468:size_t host_mem_budget = g_unified_cache_host_budget; | L5473:// g_unified_cache_host_budget is initialized to zero and currently,process or function lifetime (review required),lifecycle not inferred; no binding-resolved reset analysis
ggml/src/ggml-sycl/unified-cache.cpp,700,g_unified_cache_host_budget_pct,int,namespace:ggml_sycl,mutable,none evident,unscoped lexical candidate: L16174:g_unified_cache_host_budget_pct = pct;,unscoped lexical candidate: L5522:int pct = g_unified_cache_host_budget_pct; | L5575:g_unified_cache_host_budget_pct);,process or function lifetime (review required),lifecycle not inferred; no binding-resolved reset analysis
ggml/src/ggml-sycl/unified-cache.cpp,701,g_cache_mode,unified_cache_mode,namespace:ggml_sycl,mutable,none evident,unscoped lexical candidate: L15579:g_cache_mode = mode;,unscoped lexical candidate: L15571:return g_cache_mode;,process or function lifetime (review required),lifecycle not inferred; no binding-resolved reset analysis
ggml/src/ggml-sycl/unified-cache.cpp,702,g_scheduler_device_count,int,namespace:ggml_sycl,mutable,none evident,unscoped lexical candidate: L15583:g_scheduler_device_count = count;,none found by unscoped lexical scan,device/process slot,lifecycle not inferred; no binding-resolved reset analysis
ggml/src/ggml-sycl/unified-cache.cpp,703,g_total_gpu_count,int,namespace:ggml_sycl,mutable,none evident,unscoped lexical candidate: L15587:g_total_gpu_count = count;,unscoped lexical candidate: L15692:// Use g_total_gpu_count (physical GPUs) to determine cache mode. | L15703:// Use g_total_gpu_count instead — it is set in ggml_sycl_init() | L15705:int total_gpus = g_total_gpu_count;,device/process slot,lifecycle not inferred; no binding-resolved reset analysis
ggml/src/ggml-sycl/unified-cache.cpp,704,g_cache_mode_locked,std::atomic<bool>,namespace:ggml_sycl,mutable,intrinsic:atomic,"unscoped lexical candidate: L16056:g_cache_mode_locked = true; | L16108:g_cache_mode_locked = true; | L21422:g_cache_mode_locked.store(false, std::memory_order_release);",unscoped lexical candidate: L15575:if (g_cache_mode_locked) { | L16142:if (g_cache_mode_locked) { | L16151:if (g_cache_mode_locked) {,process or function lifetime (review required),"lifecycle not inferred; unscoped lexical reset candidate: L21422:g_cache_mode_locked.store(false, std::memory_order_release);"
ggml/src/ggml-sycl/unified-cache.cpp,705,g_sycl_shutting_down,std::atomic<bool>,namespace:ggml_sycl,mutable,intrinsic:atomic,"unscoped lexical candidate: L5338:g_sycl_shutting_down.store(true, std::memory_order_release); | L6134:g_sycl_shutting_down.store(true, std::memory_order_release); | L20927:g_sycl_shutting_down.store(false, std::memory_order_release);",unscoped lexical candidate: L5342:return g_sycl_shutting_down.load(std::memory_order_acquire); | L6073:if (g_sycl_shutting_down.load()) { | L6151:// llama.cpp-me60: same reasoning as the g_sycl_shutting_down branch,process or function lifetime (review required),"lifecycle not inferred; unscoped lexical reset candidate: L20927:g_sycl_shutting_down.store(false, std::memory_order_release); | L21410:g_sycl_shutting_down.store(false, std::memory_order_release);"
ggml/src/ggml-sycl/unified-cache.cpp,708,g_runtime_reserved_host_bytes,std::atomic<size_t>,namespace:ggml_sycl,mutable,intrinsic:atomic,"unscoped lexical candidate: L18507:g_runtime_reserved_host_bytes.fetch_add(bytes, std::memory_order_relaxed); | L18516:g_runtime_reserved_host_bytes.store(next, std::memory_order_relaxed);",unscoped lexical candidate: L15800:return g_runtime_reserved_host_bytes.load(std::memory_order_relaxed); | L18424:const size_t tracked_host = g_runtime_reserved_host_bytes.load(std::memory_order_relaxed); | L18514:size_t cur = g_runtime_reserved_host_bytes.load(std::memory_order_relaxed);,process or function lifetime (review required),lifecycle not inferred; no binding-resolved reset analysis
ggml/src/ggml-sycl/unified-cache.cpp,709,g_runtime_host_cat_bytes,std::atomic<size_t> [static_cast<int>(runtime_category::COUNT)],namespace:ggml_sycl,mutable,intrinsic:atomic,none found by unscoped lexical scan,none found by unscoped lexical scan,process or function lifetime (review required),lifecycle not inferred; no binding-resolved reset analysis
ggml/src/ggml-sycl/unified-cache.cpp,710,g_runtime_managed_reserved_host_bytes,std::atomic<size_t>,namespace:ggml_sycl,mutable,intrinsic:atomic,"unscoped lexical candidate: L3182:g_runtime_managed_reserved_host_bytes.fetch_add(bytes, std::memory_order_relaxed); | L3189:g_runtime_managed_reserved_host_bytes.fetch_sub(bytes, std::memory_order_relaxed);",none found by unscoped lexical scan,process or function lifetime (review required),lifecycle not inferred; no binding-resolved reset analysis
ggml/src/ggml-sycl/unified-cache.cpp,711,g_planned_pp_pipeline_scratch_bytes,std::atomic<size_t> [GGML_SYCL_MAX_DEVICES],namespace:ggml_sycl,mutable,intrinsic:atomic,"unscoped lexical candidate: L1681:g_planned_pp_pipeline_scratch_bytes[device_id].store(bytes, std::memory_order_release);",unscoped lexical candidate: L1688:return g_planned_pp_pipeline_scratch_bytes[device_id].load(std::memory_order_acquire);,device/process slot,lifecycle not inferred; no binding-resolved reset analysis
ggml/src/ggml-sycl/unified-cache.cpp,712,g_planned_onednn_scratchpad_bytes,std::atomic<size_t> [GGML_SYCL_MAX_DEVICES],namespace:ggml_sycl,mutable,intrinsic:atomic,"unscoped lexical candidate: L2311:g_planned_onednn_scratchpad_bytes[device_id].store(bytes, std::memory_order_release);",unscoped lexical candidate: L2875:return g_planned_onednn_scratchpad_bytes[device_id].load(std::memory_order_acquire);,device/process slot,lifecycle not inferred; no binding-resolved reset analysis
ggml/src/ggml-sycl/unified-cache.cpp,716,g_planned_mmq_src1_scratch_bytes,std::atomic<size_t> [GGML_SYCL_MAX_DEVICES],namespace:ggml_sycl,mutable,intrinsic:atomic,"unscoped lexical candidate: L1745:g_planned_mmq_src1_scratch_bytes[device_id].store(0, std::memory_order_release); | L1752:g_planned_mmq_src1_scratch_bytes[device_id].store(bytes, std::memory_order_release);",unscoped lexical candidate: L1761:return g_planned_mmq_src1_scratch_bytes[device_id].load(std::memory_order_acquire);,device/process slot,"lifecycle not inferred; unscoped lexical reset candidate: L1745:g_planned_mmq_src1_scratch_bytes[device_id].store(0, std::memory_order_release);"
ggml/src/ggml-sycl/unified-cache.cpp,719,g_planned_dequant_f16_src0_bytes,std::atomic<size_t> [GGML_SYCL_MAX_DEVICES],namespace:ggml_sycl,mutable,intrinsic:atomic,"unscoped lexical candidate: L1788:g_planned_dequant_f16_src0_bytes[device_id].store(0, std::memory_order_release); | L1797:g_planned_dequant_f16_src0_bytes[device_id].store(src0_bytes, std::memory_order_release);",unscoped lexical candidate: L1807:return (src1 ? g_planned_dequant_f16_src1_bytes : g_planned_dequant_f16_src0_bytes)[device_id].load(,device/process slot,"lifecycle not inferred; unscoped lexical reset candidate: L1788:g_planned_dequant_f16_src0_bytes[device_id].store(0, std::memory_order_release);"
ggml/src/ggml-sycl/unified-cache.cpp,720,g_planned_dequant_f16_src1_bytes,std::atomic<size_t> [GGML_SYCL_MAX_DEVICES],namespace:ggml_sycl,mutable,intrinsic:atomic,"unscoped lexical candidate: L1789:g_planned_dequant_f16_src1_bytes[device_id].store(0, std::memory_order_release); | L1798:g_planned_dequant_f16_src1_bytes[device_id].store(src1_bytes, std::memory_order_release);",unscoped lexical candidate: L1807:return (src1 ? g_planned_dequant_f16_src1_bytes : g_planned_dequant_f16_src0_bytes)[device_id].load(,device/process slot,"lifecycle not inferred; unscoped lexical reset candidate: L1789:g_planned_dequant_f16_src1_bytes[device_id].store(0, std::memory_order_release);"
ggml/src/ggml-sycl/unified-cache.cpp,724,g_planned_mmq_src1_bytes_per_token,std::atomic<size_t> [GGML_SYCL_MAX_DEVICES],namespace:ggml_sycl,mutable,intrinsic:atomic,"unscoped lexical candidate: L1750:g_planned_mmq_src1_bytes_per_token[device_id].store(merged_bytes_per_token, std::memory_order_release);","unscoped lexical candidate: L1733:zone_dense_scratch_merge_input(g_planned_mmq_src1_bytes_per_token[device_id].load(std::memory_order_acquire), | L1832:device_id, g_planned_mmq_src1_bytes_per_token[device_id].load(std::memory_order_acquire), n_ubatch, | L1858:g_planned_mmq_src1_bytes_per_token[device_id].load(std::memory_order_acquire),",device/process slot,lifecycle not inferred; no binding-resolved reset analysis
ggml/src/ggml-sycl/unified-cache.cpp,725,g_planned_dequant_f16_weight_bytes_max,std::atomic<size_t> [GGML_SYCL_MAX_DEVICES],namespace:ggml_sycl,mutable,intrinsic:atomic,"unscoped lexical candidate: L1794:g_planned_dequant_f16_weight_bytes_max[device_id].store(merged_weight_bytes, std::memory_order_release);","unscoped lexical candidate: L1773:g_planned_dequant_f16_weight_bytes_max[device_id].load(std::memory_order_acquire), max_weight_bytes, | L1835:device_id, g_planned_dequant_f16_weight_bytes_max[device_id].load(std::memory_order_acquire), | L1859:g_planned_dequant_f16_weight_bytes_max[device_id].load(std::memory_order_acquire),",device/process slot,lifecycle not inferred; no binding-resolved reset analysis
ggml/src/ggml-sycl/unified-cache.cpp,726,g_planned_dequant_f16_src1_bytes_per_token,std::atomic<size_t> [GGML_SYCL_MAX_DEVICES],namespace:ggml_sycl,mutable,intrinsic:atomic,"unscoped lexical candidate: L1795:g_planned_dequant_f16_src1_bytes_per_token[device_id].store(merged_src1_per_token, std::memory_order_release);","unscoped lexical candidate: L1776:g_planned_dequant_f16_src1_bytes_per_token[device_id].load(std::memory_order_acquire), src1_bytes_per_token, | L1836:g_planned_dequant_f16_src1_bytes_per_token[device_id].load(std::memory_order_acquire), n_ubatch, | L1860:g_planned_dequant_f16_src1_bytes_per_token[device_id].load(std::memory_order_acquire), n_ubatch, out);",device/process slot,lifecycle not inferred; no binding-resolved reset analysis
ggml/src/ggml-sycl/unified-cache.cpp,727,g_planned_dense_scratch_n_ubatch,std::atomic<uint32_t> [GGML_SYCL_MAX_DEVICES],namespace:ggml_sycl,mutable,intrinsic:atomic,"unscoped lexical candidate: L1751:g_planned_dense_scratch_n_ubatch[device_id].store(merged_n_ubatch, std::memory_order_release); | L1796:g_planned_dense_scratch_n_ubatch[device_id].store(merged_n_ubatch, std::memory_order_release);","unscoped lexical candidate: L1736:g_planned_dense_scratch_n_ubatch[device_id].load(std::memory_order_acquire), n_ubatch, other_model_live)); | L1779:g_planned_dense_scratch_n_ubatch[device_id].load(std::memory_order_acquire), n_ubatch, other_model_live)); | L1845:return g_planned_dense_scratch_n_ubatch[device_id].load(std::memory_order_acquire);",device/process slot,lifecycle not inferred; no binding-resolved reset analysis
ggml/src/ggml-sycl/unified-cache.cpp,777,g_planned_scratch_hold_state,planned_scratch_hold_state [GGML_SYCL_MAX_DEVICES],namespace:ggml_sycl,mutable,none evident,none found by unscoped lexical scan,unscoped lexical candidate: L1927:planned_scratch_hold_state & state = g_planned_scratch_hold_state[device_id]; | L1959:planned_scratch_hold_state & state = g_planned_scratch_hold_state[device_id]; | L1974:planned_scratch_hold_state & state = g_planned_scratch_hold_state[device_id];,device/process slot,lifecycle not inferred; no binding-resolved reset analysis
ggml/src/ggml-sycl/unified-cache.cpp,778,g_planned_scratch_owner_next,std::atomic<uint64_t>,namespace:ggml_sycl,mutable,intrinsic:atomic,"unscoped lexical candidate: L1920:return g_planned_scratch_owner_next.fetch_add(1, std::memory_order_relaxed);",none found by unscoped lexical scan,process or function lifetime (review required),lifecycle not inferred; no binding-resolved reset analysis
ggml/src/ggml-sycl/unified-cache.cpp,782,g_planned_dense_scratch_invalid,std::atomic<bool> [GGML_SYCL_MAX_DEVICES][2],namespace:ggml_sycl,mutable,intrinsic:atomic,"unscoped lexical candidate: L1746:g_planned_dense_scratch_invalid[device_id][0].store(true, std::memory_order_release); | L1753:g_planned_dense_scratch_invalid[device_id][0].store(false, std::memory_order_release); | L1790:g_planned_dense_scratch_invalid[device_id][1].store(true, std::memory_order_release);",unscoped lexical candidate: L1824:if (g_planned_dense_scratch_invalid[device_id][0].load(std::memory_order_acquire) || | L1825:g_planned_dense_scratch_invalid[device_id][1].load(std::memory_order_acquire)) { | L1853:if (g_planned_dense_scratch_invalid[device_id][0].load(std::memory_order_acquire) ||,device/process slot,"lifecycle not inferred; unscoped lexical reset candidate: L1753:g_planned_dense_scratch_invalid[device_id][0].store(false, std::memory_order_release); | L1799:g_planned_dense_scratch_invalid[device_id][1].store(false, std::memory_order_release);"
ggml/src/ggml-sycl/unified-cache.cpp,807,g_planned_onednn_graph_scratch_n_head_ctx_max,std::atomic<uint32_t> [GGML_SYCL_MAX_DEVICES],namespace:ggml_sycl,mutable,intrinsic:atomic,"unscoped lexical candidate: L2330:g_planned_onednn_graph_scratch_n_head_ctx_max[device_id].store(n_head_ctx_max, std::memory_order_release);",unscoped lexical candidate: L2345:shape.n_head_ctx_max = g_planned_onednn_graph_scratch_n_head_ctx_max[device_id].load(std::memory_order_acquire);,device/process slot,lifecycle not inferred; no binding-resolved reset analysis
ggml/src/ggml-sycl/unified-cache.cpp,808,g_planned_onednn_graph_scratch_n_head_swa_max,std::atomic<uint32_t> [GGML_SYCL_MAX_DEVICES],namespace:ggml_sycl,mutable,intrinsic:atomic,"unscoped lexical candidate: L2331:g_planned_onednn_graph_scratch_n_head_swa_max[device_id].store(n_head_swa_max, std::memory_order_release);",unscoped lexical candidate: L2346:shape.n_head_swa_max = g_planned_onednn_graph_scratch_n_head_swa_max[device_id].load(std::memory_order_acquire);,device/process slot,lifecycle not inferred; no binding-resolved reset analysis
ggml/src/ggml-sycl/unified-cache.cpp,809,g_planned_onednn_graph_scratch_n_swa,std::atomic<uint32_t> [GGML_SYCL_MAX_DEVICES],namespace:ggml_sycl,mutable,intrinsic:atomic,"unscoped lexical candidate: L2332:g_planned_onednn_graph_scratch_n_swa[device_id].store(n_swa, std::memory_order_release);",unscoped lexical candidate: L2347:shape.n_swa = g_planned_onednn_graph_scratch_n_swa[device_id].load(std::memory_order_acquire);,device/process slot,lifecycle not inferred; no binding-resolved reset analysis
ggml/src/ggml-sycl/unified-cache.cpp,810,g_planned_onednn_graph_scratch_n_ubatch,std::atomic<uint32_t> [GGML_SYCL_MAX_DEVICES],namespace:ggml_sycl,mutable,intrinsic:atomic,"unscoped lexical candidate: L2333:g_planned_onednn_graph_scratch_n_ubatch[device_id].store(n_ubatch, std::memory_order_release);",unscoped lexical candidate: L2348:shape.n_ubatch = g_planned_onednn_graph_scratch_n_ubatch[device_id].load(std::memory_order_acquire);,device/process slot,lifecycle not inferred; no binding-resolved reset analysis
ggml/src/ggml-sycl/unified-cache.cpp,811,g_planned_onednn_graph_scratch_n_ctx,std::atomic<uint32_t> [GGML_SYCL_MAX_DEVICES],namespace:ggml_sycl,mutable,intrinsic:atomic,"unscoped lexical candidate: L2334:g_planned_onednn_graph_scratch_n_ctx[device_id].store(n_ctx, std::memory_order_release);",unscoped lexical candidate: L2349:shape.n_ctx = g_planned_onednn_graph_scratch_n_ctx[device_id].load(std::memory_order_acquire);,device/process slot,lifecycle not inferred; no binding-resolved reset analysis
ggml/src/ggml-sycl/unified-cache.cpp,817,g_planned_nonfa_attn_scratch_n_head,std::atomic<uint32_t> [GGML_SYCL_MAX_DEVICES],namespace:ggml_sycl,mutable,intrinsic:atomic,"unscoped lexical candidate: L2362:g_planned_nonfa_attn_scratch_n_head[device_id].store(n_head, std::memory_order_release);",unscoped lexical candidate: L2372:shape.n_head = g_planned_nonfa_attn_scratch_n_head[device_id].load(std::memory_order_acquire);,device/process slot,lifecycle not inferred; no binding-resolved reset analysis
ggml/src/ggml-sycl/unified-cache.cpp,818,g_planned_nonfa_attn_scratch_n_ubatch,std::atomic<uint32_t> [GGML_SYCL_MAX_DEVICES],namespace:ggml_sycl,mutable,intrinsic:atomic,"unscoped lexical candidate: L2363:g_planned_nonfa_attn_scratch_n_ubatch[device_id].store(n_ubatch, std::memory_order_release);",unscoped lexical candidate: L2373:shape.n_ubatch = g_planned_nonfa_attn_scratch_n_ubatch[device_id].load(std::memory_order_acquire);,device/process slot,lifecycle not inferred; no binding-resolved reset analysis
ggml/src/ggml-sycl/unified-cache.cpp,819,g_planned_nonfa_attn_scratch_n_ctx,std::atomic<uint32_t> [GGML_SYCL_MAX_DEVICES],namespace:ggml_sycl,mutable,intrinsic:atomic,"unscoped lexical candidate: L2364:g_planned_nonfa_attn_scratch_n_ctx[device_id].store(n_ctx, std::memory_order_release);",unscoped lexical candidate: L2374:shape.n_ctx = g_planned_nonfa_attn_scratch_n_ctx[device_id].load(std::memory_order_acquire);,device/process slot,lifecycle not inferred; no binding-resolved reset analysis
ggml/src/ggml-sycl/unified-cache.cpp,820,g_planned_pp_moe_onednn_weight_slot_bytes,std::atomic<size_t> [GGML_SYCL_MAX_DEVICES],namespace:ggml_sycl,mutable,intrinsic:atomic,"unscoped lexical candidate: L2905:g_planned_pp_moe_onednn_weight_slot_bytes[device_id].store(weight_slot_bytes, std::memory_order_release);",unscoped lexical candidate: L2916:return g_planned_pp_moe_onednn_weight_slot_bytes[device_id].load(std::memory_order_acquire);,device/process slot,lifecycle not inferred; no binding-resolved reset analysis
ggml/src/ggml-sycl/unified-cache.cpp,821,g_planned_pp_moe_onednn_activation_slot_bytes,std::atomic<size_t> [GGML_SYCL_MAX_DEVICES],namespace:ggml_sycl,mutable,intrinsic:atomic,"unscoped lexical candidate: L2906:g_planned_pp_moe_onednn_activation_slot_bytes[device_id].store(activation_slot_bytes, std::memory_order_release);",unscoped lexical candidate: L2923:return g_planned_pp_moe_onednn_activation_slot_bytes[device_id].load(std::memory_order_acquire);,device/process slot,lifecycle not inferred; no binding-resolved reset analysis
ggml/src/ggml-sycl/unified-cache.cpp,822,g_planned_pp_moe_onednn_output_slot_bytes,std::atomic<size_t> [GGML_SYCL_MAX_DEVICES],namespace:ggml_sycl,mutable,intrinsic:atomic,"unscoped lexical candidate: L2907:g_planned_pp_moe_onednn_output_slot_bytes[device_id].store(output_slot_bytes, std::memory_order_release);",unscoped lexical candidate: L2930:return g_planned_pp_moe_onednn_output_slot_bytes[device_id].load(std::memory_order_acquire);,device/process slot,lifecycle not inferred; no binding-resolved reset analysis
ggml/src/ggml-sycl/unified-cache.cpp,823,g_planned_pp_moe_onednn_scratch_bytes,std::atomic<size_t> [GGML_SYCL_MAX_DEVICES],namespace:ggml_sycl,mutable,intrinsic:atomic,"unscoped lexical candidate: L2908:g_planned_pp_moe_onednn_scratch_bytes[device_id].store(total, std::memory_order_release);",unscoped lexical candidate: L2937:return g_planned_pp_moe_onednn_scratch_bytes[device_id].load(std::memory_order_acquire);,device/process slot,lifecycle not inferred; no binding-resolved reset analysis
ggml/src/ggml-sycl/unified-cache.cpp,824,g_planned_pp_moe_onednn_ring_depth,std::atomic<uint32_t> [GGML_SYCL_MAX_DEVICES],namespace:ggml_sycl,mutable,intrinsic:atomic,"unscoped lexical candidate: L2909:g_planned_pp_moe_onednn_ring_depth[device_id].store(effective_ring_depth, std::memory_order_release);",unscoped lexical candidate: L2944:return g_planned_pp_moe_onednn_ring_depth[device_id].load(std::memory_order_acquire);,device/process slot,lifecycle not inferred; no binding-resolved reset analysis
ggml/src/ggml-sycl/unified-cache.cpp,829,g_planned_pp_moe_onednn_activation_bytes_per_row,std::atomic<size_t> [GGML_SYCL_MAX_DEVICES],namespace:ggml_sycl,mutable,intrinsic:atomic,"unscoped lexical candidate: L2989:g_planned_pp_moe_onednn_activation_bytes_per_row[device_id].store(activation_bytes_per_row,",unscoped lexical candidate: L2998:return g_planned_pp_moe_onednn_activation_bytes_per_row[device_id].load(std::memory_order_acquire);,device/process slot,lifecycle not inferred; no binding-resolved reset analysis
ggml/src/ggml-sycl/unified-cache.cpp,830,g_planned_pp_moe_onednn_output_bytes_per_row,std::atomic<size_t> [GGML_SYCL_MAX_DEVICES],namespace:ggml_sycl,mutable,intrinsic:atomic,"unscoped lexical candidate: L2991:g_planned_pp_moe_onednn_output_bytes_per_row[device_id].store(output_bytes_per_row, std::memory_order_release);",unscoped lexical candidate: L3005:return g_planned_pp_moe_onednn_output_bytes_per_row[device_id].load(std::memory_order_acquire);,device/process slot,lifecycle not inferred; no binding-resolved reset analysis
ggml/src/ggml-sycl/unified-cache.cpp,831,g_planned_pp_moe_onednn_n_ubatch,std::atomic<uint32_t> [GGML_SYCL_MAX_DEVICES],namespace:ggml_sycl,mutable,intrinsic:atomic,"unscoped lexical candidate: L3012:g_planned_pp_moe_onednn_n_ubatch[device_id].store(n_ubatch, std::memory_order_release);",unscoped lexical candidate: L3019:return g_planned_pp_moe_onednn_n_ubatch[device_id].load(std::memory_order_acquire);,device/process slot,lifecycle not inferred; no binding-resolved reset analysis
ggml/src/ggml-sycl/unified-cache.cpp,832,g_planned_pp_moe_onednn_activation_in_kv_zone,std::atomic<bool> [GGML_SYCL_MAX_DEVICES],namespace:ggml_sycl,mutable,intrinsic:atomic,"unscoped lexical candidate: L2951:g_planned_pp_moe_onednn_activation_in_kv_zone[device_id].store(activation, std::memory_order_release);",unscoped lexical candidate: L2959:return g_planned_pp_moe_onednn_activation_in_kv_zone[device_id].load(std::memory_order_acquire);,device/process slot,lifecycle not inferred; no binding-resolved reset analysis
ggml/src/ggml-sycl/unified-cache.cpp,833,g_planned_pp_moe_onednn_output_in_kv_zone,std::atomic<bool> [GGML_SYCL_MAX_DEVICES],namespace:ggml_sycl,mutable,intrinsic:atomic,"unscoped lexical candidate: L2952:g_planned_pp_moe_onednn_output_in_kv_zone[device_id].store(output, std::memory_order_release);",unscoped lexical candidate: L2966:return g_planned_pp_moe_onednn_output_in_kv_zone[device_id].load(std::memory_order_acquire);,device/process slot,lifecycle not inferred; no binding-resolved reset analysis
ggml/src/ggml-sycl/unified-cache.cpp,834,g_atexit_registered,std::atomic<bool>,namespace:ggml_sycl,mutable,intrinsic:atomic,none found by unscoped lexical scan,"unscoped lexical candidate: L5367:if (g_atexit_registered.compare_exchange_strong(expected, true)) {",process or function lifetime (review required),lifecycle not inferred; no binding-resolved reset analysis
ggml/src/ggml-sycl/unified-cache.cpp,835,g_cache_assert_enabled,std::atomic<int>,namespace:ggml_sycl,mutable,intrinsic:atomic,"unscoped lexical candidate: L4671:g_cache_assert_enabled.store(enabled, std::memory_order_release);",unscoped lexical candidate: L4665:int enabled = g_cache_assert_enabled.load(std::memory_order_acquire);,process or function lifetime (review required),lifecycle not inferred; no binding-resolved reset analysis
ggml/src/ggml-sycl/unified-cache.cpp,836,g_copy_trace_enabled,std::atomic<int>,namespace:ggml_sycl,mutable,intrinsic:atomic,"unscoped lexical candidate: L4682:g_copy_trace_enabled.store(enabled, std::memory_order_release);",unscoped lexical candidate: L4676:int enabled = g_copy_trace_enabled.load(std::memory_order_acquire);,process or function lifetime (review required),lifecycle not inferred; no binding-resolved reset analysis
ggml/src/ggml-sycl/unified-cache.cpp,837,g_graph_compute_active,std::atomic<bool>,namespace:ggml_sycl,mutable,intrinsic:atomic,"unscoped lexical candidate: L18444:g_graph_compute_active.store(active, std::memory_order_release);",unscoped lexical candidate: L6751:if (!g_graph_compute_active.load(std::memory_order_acquire)) { | L9986:if (!g_graph_compute_active.load(std::memory_order_acquire)) { | L11177:if (!g_graph_compute_active.load(std::memory_order_acquire)) {,process or function lifetime (review required),lifecycle not inferred; no binding-resolved reset analysis
ggml/src/ggml-sycl/unified-cache.cpp,838,g_live_arena_chunks,std::atomic<size_t>,namespace:ggml_sycl,mutable,intrinsic:atomic,"unscoped lexical candidate: L24372:g_live_arena_chunks.fetch_add(1, std::memory_order_acq_rel); | L24556:g_live_arena_chunks.fetch_sub(1, std::memory_order_acq_rel); | L24572:g_live_arena_chunks.fetch_add(1, std::memory_order_acq_rel);",unscoped lexical candidate: L21050:if (!g_device_caches.empty() || g_live_arena_chunks.load(std::memory_order_acquire) != 0) { | L21080:out[2] = g_live_arena_chunks.load(std::memory_order_acquire);,process or function lifetime (review required),lifecycle not inferred; no binding-resolved reset analysis
ggml/src/ggml-sycl/unified-cache.cpp,840,g_test_fail_next_arena_free,std::atomic<bool>,namespace:ggml_sycl,mutable,intrinsic:atomic,"unscoped lexical candidate: L25629:g_test_fail_next_arena_free.store(true, std::memory_order_release); | L25796:if (g_test_fail_next_arena_free.exchange(false, std::memory_order_acq_rel)) {",none found by unscoped lexical scan,process or function lifetime (review required),lifecycle not inferred; no binding-resolved reset analysis
ggml/src/ggml-sycl/unified-cache.cpp,841,g_test_fail_next_shutdown_clean,std::atomic<bool>,namespace:ggml_sycl,mutable,intrinsic:atomic,"unscoped lexical candidate: L21018:if (g_test_fail_next_shutdown_clean.exchange(false, std::memory_order_acq_rel)) { | L25633:g_test_fail_next_shutdown_clean.store(true, std::memory_order_release);",none found by unscoped lexical scan,process or function lifetime (review required),lifecycle not inferred; no binding-resolved reset analysis
ggml/src/ggml-sycl/unified-cache.cpp,842,g_test_arena_drain_timeout_ms,std::atomic<uint32_t>,namespace:ggml_sycl,mutable,intrinsic:atomic,"unscoped lexical candidate: L25637:g_test_arena_drain_timeout_ms.store(timeout_ms, std::memory_order_release);",unscoped lexical candidate: L25158:const uint32_t drain_timeout_ms = g_test_arena_drain_timeout_ms.load(std::memory_order_acquire); | L25738:const uint32_t drain_timeout_ms = g_test_arena_drain_timeout_ms.load(std::memory_order_acquire);,process or function lifetime (review required),lifecycle not inferred; no binding-resolved reset analysis
ggml/src/ggml-sycl/unified-cache.cpp,843,g_test_pause_zone_settle,std::atomic<bool>,namespace:ggml_sycl,mutable,intrinsic:atomic,"unscoped lexical candidate: L25645:g_test_pause_zone_settle.store(pause, std::memory_order_release);",unscoped lexical candidate: L25157:while (g_test_pause_zone_settle.load(std::memory_order_acquire)) std::this_thread::yield();,process or function lifetime (review required),lifecycle not inferred; no binding-resolved reset analysis
ggml/src/ggml-sycl/unified-cache.cpp,844,g_test_zone_settle_reached,std::atomic<bool>,namespace:ggml_sycl,mutable,intrinsic:atomic,"unscoped lexical candidate: L25156:g_test_zone_settle_reached.store(true, std::memory_order_release); | L25642:g_test_zone_settle_reached.store(false, std::memory_order_release);",unscoped lexical candidate: L25649:return g_test_zone_settle_reached.load(std::memory_order_acquire);,process or function lifetime (review required),"lifecycle not inferred; unscoped lexical reset candidate: L25642:g_test_zone_settle_reached.store(false, std::memory_order_release);"
ggml/src/ggml-sycl/unified-cache.cpp,845,g_test_arena_destroy_closing_reached,std::atomic<bool>,namespace:ggml_sycl,mutable,intrinsic:atomic,"unscoped lexical candidate: L25643:g_test_arena_destroy_closing_reached.store(false, std::memory_order_release); | L25703:g_test_arena_destroy_closing_reached.store(true, std::memory_order_release);",unscoped lexical candidate: L25653:return g_test_arena_destroy_closing_reached.load(std::memory_order_acquire);,process or function lifetime (review required),"lifecycle not inferred; unscoped lexical reset candidate: L25643:g_test_arena_destroy_closing_reached.store(false, std::memory_order_release);"
ggml/src/ggml-sycl/unified-cache.cpp,846,g_test_fail_control_allocations,std::atomic<uint32_t>,namespace:ggml_sycl,mutable,intrinsic:atomic,"unscoped lexical candidate: L17349:g_test_fail_control_allocations.store(count, std::memory_order_release);",unscoped lexical candidate: L878:uint32_t remaining = g_test_fail_control_allocations.load(std::memory_order_acquire); | L880:if (g_test_fail_control_allocations.compare_exchange_weak(,tensor/allocation identity or registry,lifecycle not inferred; no binding-resolved reset analysis
ggml/src/ggml-sycl/unified-cache.cpp,847,g_test_pause_control_publication,std::atomic<bool>,namespace:ggml_sycl,mutable,intrinsic:atomic,"unscoped lexical candidate: L17354:g_test_pause_control_publication.store(pause, std::memory_order_release);",unscoped lexical candidate: L995:if (g_test_pause_control_publication.load(std::memory_order_acquire)) { | L997:while (g_test_pause_control_publication.load(std::memory_order_acquire)) std::this_thread::yield();,process or function lifetime (review required),lifecycle not inferred; no binding-resolved reset analysis
ggml/src/ggml-sycl/unified-cache.cpp,848,g_test_control_publication_reached,std::atomic<bool>,namespace:ggml_sycl,mutable,intrinsic:atomic,"unscoped lexical candidate: L996:g_test_control_publication_reached.store(true, std::memory_order_release); | L17353:if (pause) g_test_control_publication_reached.store(false, std::memory_order_release);",unscoped lexical candidate: L17358:return g_test_control_publication_reached.load(std::memory_order_acquire);,process or function lifetime (review required),"lifecycle not inferred; unscoped lexical reset candidate: L17353:if (pause) g_test_control_publication_reached.store(false, std::memory_order_release);"
ggml/src/ggml-sycl/unified-cache.cpp,857,g_runtime_alloc_mutex,std::mutex,namespace:ggml_sycl,mutable,intrinsic:lock primitive,none found by unscoped lexical scan,"unscoped lexical candidate: L1079:// g_runtime_alloc_mutex. abandon_control() is the existing no-physical- | L1463:// g_runtime_alloc_mutex is held and logged by the destructor, so a caller declares it BEFORE its | L1487:// Claim `ptr` for a registry row that is about to be inserted. Caller holds g_runtime_alloc_mutex.",tensor/allocation identity or registry,lifecycle not inferred; no binding-resolved reset analysis
ggml/src/ggml-sycl/unified-cache.cpp,858,g_allocation_coordinator_mutex,std::mutex,namespace:ggml_sycl,mutable,intrinsic:lock primitive,none found by unscoped lexical scan,unscoped lexical candidate: L1141:std::lock_guard<std::mutex> lock(g_allocation_coordinator_mutex); | L1149:std::lock_guard<std::mutex> lock(g_allocation_coordinator_mutex); | L17416:std::lock_guard<std::mutex> lock(g_allocation_coordinator_mutex);,tensor/allocation identity or registry,lifecycle not inferred; no binding-resolved reset analysis
ggml/src/ggml-sycl/unified-cache.cpp,859,g_allocation_coordinators,"std::unordered_map<int, std::shared_ptr<allocation_release_coordinator>>",namespace:ggml_sycl,mutable,none evident,unscoped lexical candidate: L1156:g_allocation_coordinators.erase(it); | L21458:if (it->second->can_detach()) it = g_allocation_coordinators.erase(it);,unscoped lexical candidate: L1142:auto & coordinator = g_allocation_coordinators[device]; | L1150:const auto it = g_allocation_coordinators.find(device); | L1151:if (it == g_allocation_coordinators.end()) return true;,tensor/allocation identity or registry,lifecycle not inferred; unscoped lexical reset candidate: L1156:g_allocation_coordinators.erase(it); | L21458:if (it->second->can_detach()) it = g_allocation_coordinators.erase(it);
ggml/src/ggml-sycl/unified-cache.cpp,860,g_allocating_owner_control,alloc_owner_control *,namespace:ggml_sycl,mutable,thread-local,unscoped lexical candidate: L17596:g_allocating_owner_control = current; | L17601:g_allocating_owner_control = previous;,"unscoped lexical candidate: L16444:alloc_owner_control * const owner_control = g_allocating_owner_control; | L17594:previous(g_allocating_owner_control),",thread,lifecycle not inferred; no binding-resolved reset analysis
ggml/src/ggml-sycl/unified-cache.cpp,865,g_allocating_cache_backing,bool,namespace:ggml_sycl,mutable,thread-local,unscoped lexical candidate: L17597:g_allocating_cache_backing = cache_backing; | L17602:g_allocating_cache_backing = previous_cache_backing;,unscoped lexical candidate: L16564:rec.handle.cache_backing = g_allocating_cache_backing; | L17035:rec.handle.cache_backing = g_allocating_cache_backing; | L17595:previous_cache_backing(g_allocating_cache_backing) {,thread,lifecycle not inferred; no binding-resolved reset analysis
ggml/src/ggml-sycl/unified-cache.cpp,906,g_alloc_owner_control_ids,std::atomic<uint64_t>,namespace:ggml_sycl,mutable,intrinsic:atomic,"unscoped lexical candidate: L910:control_id_(g_alloc_owner_control_ids.fetch_add(1, std::memory_order_relaxed) + 1),",none found by unscoped lexical scan,tensor/allocation identity or registry,lifecycle not inferred; no binding-resolved reset analysis
ggml/src/ggml-sycl/unified-cache.cpp,945,empty,const alloc_metadata,function-local:<function>,immutable binding,none evident,unscoped lexical candidate: L19277:// reclaim as evidence the zone is now empty -- a FUTURE zone-wide or,unscoped lexical candidate: L402:occurrences->empty() || !table || owners.empty() || owners.size() != queues.size() || | L434:if (model->second.empty()) { | L946:return control_ ? control_->metadata() : empty;,tensor/allocation identity or registry,not applicable: immutable binding
ggml/src/ggml-sycl/unified-cache.cpp,975,empty,const alloc_metadata,function-local:<function>,immutable binding,none evident,unscoped lexical candidate: L19277:// reclaim as evidence the zone is now empty -- a FUTURE zone-wide or,unscoped lexical candidate: L402:occurrences->empty() || !table || owners.empty() || owners.size() != queues.size() || | L434:if (model->second.empty()) { | L945:static const alloc_metadata empty{};,tensor/allocation identity or registry,not applicable: immutable binding
ggml/src/ggml-sycl/unified-cache.cpp,1163,g_retention_identity_counter,std::atomic<uint64_t>,namespace:ggml_sycl,mutable,intrinsic:atomic,none found by unscoped lexical scan,unscoped lexical candidate: L5590:uint64_t value = g_retention_identity_counter.load(std::memory_order_relaxed); | L5592:if (g_retention_identity_counter.compare_exchange_weak( | L5603:uint64_t value = g_retention_identity_counter.load(std::memory_order_relaxed);,process or function lifetime (review required),lifecycle not inferred; no binding-resolved reset analysis
ggml/src/ggml-sycl/unified-cache.cpp,1169,k_sycl_mib,constexpr size_t,namespace:ggml_sycl,immutable binding,none evident,none found by unscoped lexical scan,unscoped lexical candidate: L1170:static constexpr size_t k_graph_compute_min_external_headroom = 512ull * k_sycl_mib; | L1171:static constexpr size_t k_runtime_external_headroom_margin = 64ull * k_sycl_mib;,process or function lifetime (review required),not applicable: immutable binding
ggml/src/ggml-sycl/unified-cache.cpp,1170,k_graph_compute_min_external_headroom,constexpr size_t,namespace:ggml_sycl,immutable binding,none evident,none found by unscoped lexical scan,unscoped lexical candidate: L1177:const size_t desired = k_graph_compute_min_external_headroom + k_runtime_external_headroom_margin;,process or function lifetime (review required),not applicable: immutable binding
ggml/src/ggml-sycl/unified-cache.cpp,1171,k_runtime_external_headroom_margin,constexpr size_t,namespace:ggml_sycl,immutable binding,none evident,none found by unscoped lexical scan,unscoped lexical candidate: L1177:const size_t desired = k_graph_compute_min_external_headroom + k_runtime_external_headroom_margin;,process or function lifetime (review required),not applicable: immutable binding
ggml/src/ggml-sycl/unified-cache.cpp,1431,g_runtime_alloc_registry,"std::unordered_map<void *, runtime_alloc_record>",namespace:ggml_sycl,mutable,none evident,"unscoped lexical candidate: L1522:g_runtime_alloc_registry.erase(it); | L1556:auto inserted = g_runtime_alloc_registry.emplace(ptr, rec); | L1561:g_runtime_alloc_registry.erase(inserted.first);",unscoped lexical candidate: L1073:// llama.cpp-vfd4: release_physical() reaches g_runtime_alloc_registry and | L1503:const auto it = g_runtime_alloc_registry.find(ptr); | L1504:if (it == g_runtime_alloc_registry.end()) {,tensor/allocation identity or registry,lifecycle not inferred; unscoped lexical reset candidate: L1522:g_runtime_alloc_registry.erase(it); | L1561:g_runtime_alloc_registry.erase(inserted.first); | L17082:g_runtime_alloc_registry.erase(inserted.first);
ggml/src/ggml-sycl/unified-cache.cpp,1436,g_device_caches,"std::unordered_map<int, std::shared_ptr<unified_cache>>",namespace:ggml_sycl,mutable,none evident,unscoped lexical candidate: L16010:g_device_caches[device_id] = | L21421:g_device_caches.clear();,unscoped lexical candidate: L15754:// because g_device_caches entries are never erased during inference. | L15757:auto it = g_device_caches.find(effective_device); | L15758:if (it == g_device_caches.end() || !it->second) {,device/process slot,lifecycle not inferred; unscoped lexical reset candidate: L21421:g_device_caches.clear();
ggml/src/ggml-sycl/unified-cache.cpp,1438,g_test_pause_registry_claim,std::atomic<bool>,namespace:ggml_sycl,mutable,intrinsic:atomic,"unscoped lexical candidate: L18142:g_test_pause_registry_claim.store(pause, std::memory_order_release);",unscoped lexical candidate: L17922:while (g_test_pause_registry_claim.load(std::memory_order_acquire)) std::this_thread::yield(); | L18128:while (g_test_pause_registry_claim.load(std::memory_order_acquire)) std::this_thread::yield();,process or function lifetime (review required),lifecycle not inferred; no binding-resolved reset analysis
ggml/src/ggml-sycl/unified-cache.cpp,1439,g_test_registry_claim_reached,std::atomic<bool>,namespace:ggml_sycl,mutable,intrinsic:atomic,"unscoped lexical candidate: L17921:g_test_registry_claim_reached.store(true, std::memory_order_release); | L18127:g_test_registry_claim_reached.store(true, std::memory_order_release); | L18141:if (pause) g_test_registry_claim_reached.store(false, std::memory_order_release);",unscoped lexical candidate: L18146:return g_test_registry_claim_reached.load(std::memory_order_acquire);,process or function lifetime (review required),"lifecycle not inferred; unscoped lexical reset candidate: L18141:if (pause) g_test_registry_claim_reached.store(false, std::memory_order_release);"
ggml/src/ggml-sycl/unified-cache.cpp,1441,g_runtime_cohort_tier,"std::unordered_map<std::string, alloc_tier>",namespace:ggml_sycl,mutable,none evident,unscoped lexical candidate: L1559:if (!rec.cohort_id.empty()) g_runtime_cohort_tier[rec.cohort_id] = rec.handle.tier; | L16365:g_runtime_cohort_tier.erase(rec.cohort_id); | L17079:if (!rec.cohort_id.empty()) g_runtime_cohort_tier[rec.cohort_id] = tier;,unscoped lexical candidate: L16187:auto it = g_runtime_cohort_tier.find(req.intent.cohort_id); | L16188:if (it != g_runtime_cohort_tier.end()) {,tensor/allocation identity or registry,lifecycle not inferred; unscoped lexical reset candidate: L16365:g_runtime_cohort_tier.erase(rec.cohort_id); | L20913:g_runtime_cohort_tier.erase(dup->second.cohort_id); | L24726:if (!runtime->second.cohort_id.empty()) g_runtime_cohort_tier.erase(runtime->second.cohort_id);
ggml/src/ggml-sycl/unified-cache.cpp,1451,g_test_fail_next_arena_registry_commit,std::atomic<bool>,namespace:ggml_sycl,mutable,intrinsic:atomic,"unscoped lexical candidate: L1535:if (g_test_fail_next_arena_registry_commit.exchange(false, std::memory_order_acq_rel)) return false; | L25659:g_test_fail_next_arena_registry_commit.store(true, std::memory_order_release);",none found by unscoped lexical scan,process or function lifetime (review required),lifecycle not inferred; no binding-resolved reset analysis
ggml/src/ggml-sycl/unified-cache.cpp,1452,g_test_pause_arena_registry_commit,std::atomic<bool>,namespace:ggml_sycl,mutable,intrinsic:atomic,"unscoped lexical candidate: L25664:g_test_pause_arena_registry_commit.store(pause, std::memory_order_release);",unscoped lexical candidate: L1532:while (g_test_pause_arena_registry_commit.load(std::memory_order_acquire)) {,process or function lifetime (review required),lifecycle not inferred; no binding-resolved reset analysis
ggml/src/ggml-sycl/unified-cache.cpp,1453,g_test_arena_registry_commit_reached,std::atomic<bool>,namespace:ggml_sycl,mutable,intrinsic:atomic,"unscoped lexical candidate: L1531:g_test_arena_registry_commit_reached.store(true, std::memory_order_release); | L25663:if (pause) g_test_arena_registry_commit_reached.store(false, std::memory_order_release);",unscoped lexical candidate: L25668:return g_test_arena_registry_commit_reached.load(std::memory_order_acquire);,process or function lifetime (review required),"lifecycle not inferred; unscoped lexical reset candidate: L25663:if (pause) g_test_arena_registry_commit_reached.store(false, std::memory_order_release);"
ggml/src/ggml-sycl/unified-cache.cpp,1587,g_host_zone_epoch,std::atomic<uint64_t> [static_cast<size_t>(host_zone_id::COUNT)],namespace:ggml_sycl,mutable,intrinsic:atomic,"unscoped lexical candidate: L21872:new_epoch = g_host_zone_epoch[static_cast<size_t>(zone)].fetch_add(1, std::memory_order_relaxed) + 1;",unscoped lexical candidate: L17072:g_host_zone_epoch[static_cast<size_t>(rec.handle.host_zone)].load(std::memory_order_relaxed);,process or function lifetime (review required),lifecycle not inferred; no binding-resolved reset analysis
ggml/src/ggml-sycl/unified-cache.cpp,1588,g_offload_pool_mutex,std::mutex,namespace:ggml_sycl,mutable,intrinsic:lock primitive,none found by unscoped lexical scan,unscoped lexical candidate: L17176:std::lock_guard<std::mutex> lock(g_offload_pool_mutex); | L17221:std::lock_guard<std::mutex> lock(g_offload_pool_mutex); | L17241:std::lock_guard<std::mutex> lock(g_offload_pool_mutex);,process or function lifetime (review required),lifecycle not inferred; no binding-resolved reset analysis
ggml/src/ggml-sycl/unified-cache.cpp,1589,g_offload_pool_lease_id,std::atomic<uint64_t>,namespace:ggml_sycl,mutable,intrinsic:atomic,"unscoped lexical candidate: L17205:slot_it->second.lease_id = g_offload_pool_lease_id.fetch_add(1, std::memory_order_relaxed); | L17226:slot.lease_id = g_offload_pool_lease_id.fetch_add(1, std::memory_order_relaxed);",none found by unscoped lexical scan,process or function lifetime (review required),lifecycle not inferred; no binding-resolved reset analysis
ggml/src/ggml-sycl/unified-cache.cpp,1602,g_runtime_reset_reclaimed_allocs,"std::unordered_map<uint64_t, reset_reclaimed_alloc_record>",namespace:ggml_sycl,mutable,none evident,unscoped lexical candidate: L16367:g_runtime_reset_reclaimed_allocs[rec.handle.alloc_id] = { | L16415:g_runtime_reset_reclaimed_allocs.erase(it);,unscoped lexical candidate: L16396:auto it = g_runtime_reset_reclaimed_allocs.find(handle.alloc_id); | L16397:if (it == g_runtime_reset_reclaimed_allocs.end()) {,tensor/allocation identity or registry,lifecycle not inferred; unscoped lexical reset candidate: L16415:g_runtime_reset_reclaimed_allocs.erase(it);
ggml/src/ggml-sycl/unified-cache.cpp,1604,k_device_alloc_alignment,constexpr size_t,namespace:ggml_sycl,immutable binding,none evident,none found by unscoped lexical scan,"unscoped lexical candidate: L1607:return sycl::aligned_alloc_device(k_device_alloc_alignment, size, queue);",tensor/allocation identity or registry,not applicable: immutable binding
ggml/src/ggml-sycl/unified-cache.cpp,1660,g_offload_pool_slots,"std::unordered_map<void *, offload_pool_slot>",namespace:ggml_sycl,mutable,none evident,unscoped lexical candidate: L17227:g_offload_pool_slots[h.ptr] = slot; | L17272:it = g_offload_pool_slots.erase(it); | L17302:g_offload_pool_slots.clear();,unscoped lexical candidate: L17183:auto slot_it = g_offload_pool_slots.find(ptr); | L17184:if (slot_it == g_offload_pool_slots.end() || slot_it->second.in_use) { | L17202:auto slot_it = g_offload_pool_slots.find(ptr);,process or function lifetime (review required),lifecycle not inferred; unscoped lexical reset candidate: L17272:it = g_offload_pool_slots.erase(it); | L17302:g_offload_pool_slots.clear(); | L17328:it = g_offload_pool_slots.erase(it);
ggml/src/ggml-sycl/unified-cache.cpp,1661,g_offload_pool_free,"std::unordered_map<offload_pool_key, std::vector<void *>, offload_pool_key_hash>",namespace:ggml_sycl,mutable,none evident,unscoped lexical candidate: L17199:g_offload_pool_free.erase(it_bucket); | L17260:g_offload_pool_free[it->second.key].push_back(lease.handle.ptr); | L17277:g_offload_pool_free.clear();,unscoped lexical candidate: L17177:auto it_bucket = g_offload_pool_free.find(key); | L17178:if (it_bucket != g_offload_pool_free.end()) { | L21034:if (!g_offload_pool_slots.empty() || !g_offload_pool_free.empty()) {,process or function lifetime (review required),lifecycle not inferred; unscoped lexical reset candidate: L17199:g_offload_pool_free.erase(it_bucket); | L17277:g_offload_pool_free.clear(); | L17303:g_offload_pool_free.clear();
ggml/src/ggml-sycl/unified-cache.cpp,1663,g_offload_wait_count,std::atomic<uint64_t>,namespace:ggml_sycl,mutable,intrinsic:atomic,"unscoped lexical candidate: L3222:g_offload_wait_count.store(0, std::memory_order_relaxed); | L3327:g_offload_wait_count.fetch_add(1, std::memory_order_relaxed);",unscoped lexical candidate: L3491:s.wait_count = g_offload_wait_count.load(std::memory_order_relaxed);,process or function lifetime (review required),"lifecycle not inferred; unscoped lexical reset candidate: L3222:g_offload_wait_count.store(0, std::memory_order_relaxed);"
ggml/src/ggml-sycl/unified-cache.cpp,1664,g_offload_wait_count_forced,std::atomic<uint64_t>,namespace:ggml_sycl,mutable,intrinsic:atomic,"unscoped lexical candidate: L3223:g_offload_wait_count_forced.store(0, std::memory_order_relaxed); | L3331:g_offload_wait_count_forced.fetch_add(1, std::memory_order_relaxed);",unscoped lexical candidate: L3492:s.wait_count_forced = g_offload_wait_count_forced.load(std::memory_order_relaxed);,process or function lifetime (review required),"lifecycle not inferred; unscoped lexical reset candidate: L3223:g_offload_wait_count_forced.store(0, std::memory_order_relaxed);"
ggml/src/ggml-sycl/unified-cache.cpp,1665,g_offload_wait_count_fallback,std::atomic<uint64_t>,namespace:ggml_sycl,mutable,intrinsic:atomic,"unscoped lexical candidate: L3224:g_offload_wait_count_fallback.store(0, std::memory_order_relaxed); | L3329:g_offload_wait_count_fallback.fetch_add(1, std::memory_order_relaxed);",unscoped lexical candidate: L3493:s.wait_count_fallback = g_offload_wait_count_fallback.load(std::memory_order_relaxed);,process or function lifetime (review required),"lifecycle not inferred; unscoped lexical reset candidate: L3224:g_offload_wait_count_fallback.store(0, std::memory_order_relaxed);"
ggml/src/ggml-sycl/unified-cache.cpp,1666,g_offload_alloc_count_host,std::atomic<uint64_t>,namespace:ggml_sycl,mutable,intrinsic:atomic,"unscoped lexical candidate: L3225:g_offload_alloc_count_host.store(0, std::memory_order_relaxed); | L3341:g_offload_alloc_count_host.fetch_add(1, std::memory_order_relaxed);",unscoped lexical candidate: L3494:s.alloc_count_host = g_offload_alloc_count_host.load(std::memory_order_relaxed);,tensor/allocation identity or registry,"lifecycle not inferred; unscoped lexical reset candidate: L3225:g_offload_alloc_count_host.store(0, std::memory_order_relaxed);"
ggml/src/ggml-sycl/unified-cache.cpp,1667,g_offload_alloc_count_device,std::atomic<uint64_t>,namespace:ggml_sycl,mutable,intrinsic:atomic,"unscoped lexical candidate: L3226:g_offload_alloc_count_device.store(0, std::memory_order_relaxed); | L3338:g_offload_alloc_count_device.fetch_add(1, std::memory_order_relaxed);",unscoped lexical candidate: L3495:s.alloc_count_device = g_offload_alloc_count_device.load(std::memory_order_relaxed);,tensor/allocation identity or registry,"lifecycle not inferred; unscoped lexical reset candidate: L3226:g_offload_alloc_count_device.store(0, std::memory_order_relaxed);"
ggml/src/ggml-sycl/unified-cache.cpp,1668,g_offload_alloc_count_shared,std::atomic<uint64_t>,namespace:ggml_sycl,mutable,intrinsic:atomic,"unscoped lexical candidate: L3227:g_offload_alloc_count_shared.store(0, std::memory_order_relaxed); | L3344:g_offload_alloc_count_shared.fetch_add(1, std::memory_order_relaxed);",unscoped lexical candidate: L3496:s.alloc_count_shared = g_offload_alloc_count_shared.load(std::memory_order_relaxed);,tensor/allocation identity or registry,"lifecycle not inferred; unscoped lexical reset candidate: L3227:g_offload_alloc_count_shared.store(0, std::memory_order_relaxed);"
ggml/src/ggml-sycl/unified-cache.cpp,1669,g_offload_pool_hit_count,std::atomic<uint64_t>,namespace:ggml_sycl,mutable,intrinsic:atomic,"unscoped lexical candidate: L3228:g_offload_pool_hit_count.store(0, std::memory_order_relaxed); | L3352:g_offload_pool_hit_count.fetch_add(1, std::memory_order_relaxed);",unscoped lexical candidate: L3497:s.pool_hit_count = g_offload_pool_hit_count.load(std::memory_order_relaxed);,process or function lifetime (review required),"lifecycle not inferred; unscoped lexical reset candidate: L3228:g_offload_pool_hit_count.store(0, std::memory_order_relaxed);"
ggml/src/ggml-sycl/unified-cache.cpp,1670,g_offload_pool_miss_count,std::atomic<uint64_t>,namespace:ggml_sycl,mutable,intrinsic:atomic,"unscoped lexical candidate: L3229:g_offload_pool_miss_count.store(0, std::memory_order_relaxed); | L3356:g_offload_pool_miss_count.fetch_add(1, std::memory_order_relaxed);",unscoped lexical candidate: L3498:s.pool_miss_count = g_offload_pool_miss_count.load(std::memory_order_relaxed);,process or function lifetime (review required),"lifecycle not inferred; unscoped lexical reset candidate: L3229:g_offload_pool_miss_count.store(0, std::memory_order_relaxed);"
ggml/src/ggml-sycl/unified-cache.cpp,1671,g_offload_cross_domain_transfer_count,std::atomic<uint64_t>,namespace:ggml_sycl,mutable,intrinsic:atomic,"unscoped lexical candidate: L3230:g_offload_cross_domain_transfer_count.store(0, std::memory_order_relaxed); | L3381:g_offload_cross_domain_transfer_count.fetch_add(1, std::memory_order_relaxed);",unscoped lexical candidate: L3499:s.cross_domain_transfer_count = g_offload_cross_domain_transfer_count.load(std::memory_order_relaxed);,process or function lifetime (review required),"lifecycle not inferred; unscoped lexical reset candidate: L3230:g_offload_cross_domain_transfer_count.store(0, std::memory_order_relaxed);"
ggml/src/ggml-sycl/unified-cache.cpp,1672,g_offload_cross_domain_transfer_count_pp,std::atomic<uint64_t>,namespace:ggml_sycl,mutable,intrinsic:atomic,"unscoped lexical candidate: L3231:g_offload_cross_domain_transfer_count_pp.store(0, std::memory_order_relaxed); | L3383:g_offload_cross_domain_transfer_count_pp.fetch_add(1, std::memory_order_relaxed);",unscoped lexical candidate: L3500:s.cross_domain_transfer_count_pp = g_offload_cross_domain_transfer_count_pp.load(std::memory_order_relaxed);,process or function lifetime (review required),"lifecycle not inferred; unscoped lexical reset candidate: L3231:g_offload_cross_domain_transfer_count_pp.store(0, std::memory_order_relaxed);"
ggml/src/ggml-sycl/unified-cache.cpp,1673,g_offload_cross_domain_transfer_count_tg,std::atomic<uint64_t>,namespace:ggml_sycl,mutable,intrinsic:atomic,"unscoped lexical candidate: L3232:g_offload_cross_domain_transfer_count_tg.store(0, std::memory_order_relaxed); | L3385:g_offload_cross_domain_transfer_count_tg.fetch_add(1, std::memory_order_relaxed);",unscoped lexical candidate: L3501:s.cross_domain_transfer_count_tg = g_offload_cross_domain_transfer_count_tg.load(std::memory_order_relaxed);,process or function lifetime (review required),"lifecycle not inferred; unscoped lexical reset candidate: L3232:g_offload_cross_domain_transfer_count_tg.store(0, std::memory_order_relaxed);"
ggml/src/ggml-sycl/unified-cache.cpp,1674,g_offload_transfer_bytes_h2d,std::atomic<uint64_t>,namespace:ggml_sycl,mutable,intrinsic:atomic,"unscoped lexical candidate: L3233:g_offload_transfer_bytes_h2d.store(0, std::memory_order_relaxed); | L3362:g_offload_transfer_bytes_h2d.fetch_add(bytes, std::memory_order_relaxed);",unscoped lexical candidate: L3502:s.transfer_bytes_h2d = g_offload_transfer_bytes_h2d.load(std::memory_order_relaxed);,process or function lifetime (review required),"lifecycle not inferred; unscoped lexical reset candidate: L3233:g_offload_transfer_bytes_h2d.store(0, std::memory_order_relaxed);"
ggml/src/ggml-sycl/unified-cache.cpp,1675,g_offload_transfer_bytes_d2h,std::atomic<uint64_t>,namespace:ggml_sycl,mutable,intrinsic:atomic,"unscoped lexical candidate: L3234:g_offload_transfer_bytes_d2h.store(0, std::memory_order_relaxed); | L3369:g_offload_transfer_bytes_d2h.fetch_add(bytes, std::memory_order_relaxed);",unscoped lexical candidate: L3503:s.transfer_bytes_d2h = g_offload_transfer_bytes_d2h.load(std::memory_order_relaxed);,process or function lifetime (review required),"lifecycle not inferred; unscoped lexical reset candidate: L3234:g_offload_transfer_bytes_d2h.store(0, std::memory_order_relaxed);"
ggml/src/ggml-sycl/unified-cache.cpp,1699,g_planned_moe_control_bytes,std::atomic<size_t> [GGML_SYCL_MAX_DEVICES],namespace:ggml_sycl,mutable,intrinsic:atomic,"unscoped lexical candidate: L1708:g_planned_moe_control_bytes[device_id].store(requirement.valid ? requirement.bytes : 0, std::memory_order_relaxed);",unscoped lexical candidate: L1718:requirement.bytes = g_planned_moe_control_bytes[device_id].load(std::memory_order_relaxed);,device/process slot,lifecycle not inferred; no binding-resolved reset analysis
ggml/src/ggml-sycl/unified-cache.cpp,1700,g_planned_moe_control_invalid,std::atomic<bool> [GGML_SYCL_MAX_DEVICES],namespace:ggml_sycl,mutable,intrinsic:atomic,"unscoped lexical candidate: L1709:g_planned_moe_control_invalid[device_id].store(!requirement.valid, std::memory_order_release);",unscoped lexical candidate: L1717:requirement.valid = !g_planned_moe_control_invalid[device_id].load(std::memory_order_acquire);,device/process slot,lifecycle not inferred; no binding-resolved reset analysis
ggml/src/ggml-sycl/unified-cache.cpp,2414,kMaxOverrideMb,constexpr long,function-local:env_mb_override,immutable binding,none evident,"unscoped lexical candidate: L2391:// kMaxOverrideMb -- a value that large is never a real override, only a",unscoped lexical candidate: L2418:if (endptr == env || *endptr != '\0' || parsed < 0 || errno == ERANGE || parsed > kMaxOverrideMb) {,process or function lifetime (review required),not applicable: immutable binding
ggml/src/ggml-sycl/unified-cache.cpp,2440,value,const long,function-local:nonfa_attn_scratch_mb_override,immutable binding,none evident,unscoped lexical candidate: L2453:static const bool value = [] { | L2545:// value -- hoisted to file scope so ensure_planned_arena_zones() can | L2605:// but this is a pure function a test can call with any value -- guard,"unscoped lexical candidate: L57:// this header. That duplication is only safe while the two agree value for | L58:// value, and the failure mode of a silent divergence is a descriptor sized | L91:uint64_t load_txn_id() const noexcept { return state == load_effect_state::ACQUIRED ? owner.load.value : 0; }",process or function lifetime (review required),not applicable: immutable binding
ggml/src/ggml-sycl/unified-cache.cpp,2453,value,const bool,function-local:unified_cache_auto_ubatch_enabled,immutable binding,none evident,"unscoped lexical candidate: L2440:static const long value = env_mb_override(""GGML_SYCL_NONFA_ATTN_SCRATCH_MB""); | L2545:// value -- hoisted to file scope so ensure_planned_arena_zones() can | L2605:// but this is a pure function a test can call with any value -- guard","unscoped lexical candidate: L57:// this header. That duplication is only safe while the two agree value for | L58:// value, and the failure mode of a silent divergence is a descriptor sized | L91:uint64_t load_txn_id() const noexcept { return state == load_effect_state::ACQUIRED ? owner.load.value : 0; }",process or function lifetime (review required),not applicable: immutable binding
ggml/src/ggml-sycl/unified-cache.cpp,2478,kNonfaAttnScratchFloorBytes,constexpr uint64_t,namespace:ggml_sycl,immutable binding,none evident,none found by unscoped lexical scan,"unscoped lexical candidate: L2543:// (kNonfaAttnScratchFloorBytes, defined at file scope just above | L2552:return static_cast<size_t>(std::max<uint64_t>(kNonfaAttnScratchFloorBytes, modeled)); | L2651:// kNonfaAttnScratchFloorBytes clamp unified_cache_nonfa_attn_scratch_",process or function lifetime (review required),not applicable: immutable binding
ggml/src/ggml-sycl/unified-cache.cpp,2547,kSizeofF16,constexpr uint64_t,function-local:unified_cache_nonfa_attn_scratch_demand_bytes,immutable binding,none evident,none found by unscoped lexical scan,unscoped lexical candidate: L2551:const uint64_t modeled = elems * kSizeofF16 * kConcurrencyFloor;,process or function lifetime (review required),not applicable: immutable binding
ggml/src/ggml-sycl/unified-cache.cpp,2548,kConcurrencyFloor,constexpr uint64_t,function-local:unified_cache_nonfa_attn_scratch_demand_bytes,immutable binding,none evident,none found by unscoped lexical scan,unscoped lexical candidate: L2551:const uint64_t modeled = elems * kSizeofF16 * kConcurrencyFloor;,process or function lifetime (review required),not applicable: immutable binding
ggml/src/ggml-sycl/unified-cache.cpp,2595,kNonfaAttnOutsideArenaReserveBytes,constexpr uint64_t,namespace:ggml_sycl,immutable binding,none evident,none found by unscoped lexical scan,unscoped lexical candidate: L2598:return static_cast<size_t>(kNonfaAttnOutsideArenaReserveBytes);,process or function lifetime (review required),not applicable: immutable binding
ggml/src/ggml-sycl/unified-cache.cpp,2676,value,const long,function-local:onednn_graph_zone_mb_override,immutable binding,none evident,"unscoped lexical candidate: L2440:static const long value = env_mb_override(""GGML_SYCL_NONFA_ATTN_SCRATCH_MB""); | L2453:static const bool value = [] { | L2545:// value -- hoisted to file scope so ensure_planned_arena_zones() can","unscoped lexical candidate: L57:// this header. That duplication is only safe while the two agree value for | L58:// value, and the failure mode of a silent divergence is a descriptor sized | L91:uint64_t load_txn_id() const noexcept { return state == load_effect_state::ACQUIRED ? owner.load.value : 0; }",process or function lifetime (review required),not applicable: immutable binding
ggml/src/ggml-sycl/unified-cache.cpp,2822,kFloorMinBytes,constexpr uint64_t,function-local:onednn_graph_scratch_zone_floor_bytes_swa,immutable binding,none evident,none found by unscoped lexical scan,"unscoped lexical candidate: L2833:return static_cast<size_t>(std::max<uint64_t>(kFloorMinBytes, modeled));",process or function lifetime (review required),not applicable: immutable binding
ggml/src/ggml-sycl/unified-cache.cpp,2823,kSizeofF32,constexpr uint64_t,function-local:onednn_graph_scratch_zone_floor_bytes_swa,immutable binding,none evident,none found by unscoped lexical scan,unscoped lexical candidate: L2832:const uint64_t modeled = (elems * kSizeofF32 * 3) / 2;,process or function lifetime (review required),not applicable: immutable binding
ggml/src/ggml-sycl/unified-cache.cpp,3093,g_offload_transfer_bytes_h2d_pp,std::atomic<uint64_t>,namespace:ggml_sycl,mutable,intrinsic:atomic,"unscoped lexical candidate: L3235:g_offload_transfer_bytes_h2d_pp.store(0, std::memory_order_relaxed); | L3364:g_offload_transfer_bytes_h2d_pp.fetch_add(bytes, std::memory_order_relaxed);",unscoped lexical candidate: L3504:s.transfer_bytes_h2d_pp = g_offload_transfer_bytes_h2d_pp.load(std::memory_order_relaxed);,process or function lifetime (review required),"lifecycle not inferred; unscoped lexical reset candidate: L3235:g_offload_transfer_bytes_h2d_pp.store(0, std::memory_order_relaxed);"
ggml/src/ggml-sycl/unified-cache.cpp,3094,g_offload_transfer_bytes_h2d_tg,std::atomic<uint64_t>,namespace:ggml_sycl,mutable,intrinsic:atomic,"unscoped lexical candidate: L3236:g_offload_transfer_bytes_h2d_tg.store(0, std::memory_order_relaxed); | L3366:g_offload_transfer_bytes_h2d_tg.fetch_add(bytes, std::memory_order_relaxed);",unscoped lexical candidate: L3505:s.transfer_bytes_h2d_tg = g_offload_transfer_bytes_h2d_tg.load(std::memory_order_relaxed);,process or function lifetime (review required),"lifecycle not inferred; unscoped lexical reset candidate: L3236:g_offload_transfer_bytes_h2d_tg.store(0, std::memory_order_relaxed);"
ggml/src/ggml-sycl/unified-cache.cpp,3095,g_offload_transfer_bytes_d2h_pp,std::atomic<uint64_t>,namespace:ggml_sycl,mutable,intrinsic:atomic,"unscoped lexical candidate: L3237:g_offload_transfer_bytes_d2h_pp.store(0, std::memory_order_relaxed); | L3371:g_offload_transfer_bytes_d2h_pp.fetch_add(bytes, std::memory_order_relaxed);",unscoped lexical candidate: L3506:s.transfer_bytes_d2h_pp = g_offload_transfer_bytes_d2h_pp.load(std::memory_order_relaxed);,process or function lifetime (review required),"lifecycle not inferred; unscoped lexical reset candidate: L3237:g_offload_transfer_bytes_d2h_pp.store(0, std::memory_order_relaxed);"
ggml/src/ggml-sycl/unified-cache.cpp,3096,g_offload_transfer_bytes_d2h_tg,std::atomic<uint64_t>,namespace:ggml_sycl,mutable,intrinsic:atomic,"unscoped lexical candidate: L3238:g_offload_transfer_bytes_d2h_tg.store(0, std::memory_order_relaxed); | L3373:g_offload_transfer_bytes_d2h_tg.fetch_add(bytes, std::memory_order_relaxed);",unscoped lexical candidate: L3507:s.transfer_bytes_d2h_tg = g_offload_transfer_bytes_d2h_tg.load(std::memory_order_relaxed);,process or function lifetime (review required),"lifecycle not inferred; unscoped lexical reset candidate: L3238:g_offload_transfer_bytes_d2h_tg.store(0, std::memory_order_relaxed);"
ggml/src/ggml-sycl/unified-cache.cpp,3097,g_offload_dispatch_count_cpu,std::atomic<uint64_t>,namespace:ggml_sycl,mutable,intrinsic:atomic,"unscoped lexical candidate: L3239:g_offload_dispatch_count_cpu.store(0, std::memory_order_relaxed); | L3392:g_offload_dispatch_count_cpu.fetch_add(1, std::memory_order_relaxed);",unscoped lexical candidate: L3508:s.dispatch_count_cpu = g_offload_dispatch_count_cpu.load(std::memory_order_relaxed);,process or function lifetime (review required),"lifecycle not inferred; unscoped lexical reset candidate: L3239:g_offload_dispatch_count_cpu.store(0, std::memory_order_relaxed);"
ggml/src/ggml-sycl/unified-cache.cpp,3098,g_offload_dispatch_count_gpu,std::atomic<uint64_t>,namespace:ggml_sycl,mutable,intrinsic:atomic,"unscoped lexical candidate: L3240:g_offload_dispatch_count_gpu.store(0, std::memory_order_relaxed); | L3401:g_offload_dispatch_count_gpu.fetch_add(1, std::memory_order_relaxed);",unscoped lexical candidate: L3509:s.dispatch_count_gpu = g_offload_dispatch_count_gpu.load(std::memory_order_relaxed);,device/process slot,"lifecycle not inferred; unscoped lexical reset candidate: L3240:g_offload_dispatch_count_gpu.store(0, std::memory_order_relaxed);"
ggml/src/ggml-sycl/unified-cache.cpp,3099,g_offload_dispatch_count_gpu_island,std::atomic<uint64_t>,namespace:ggml_sycl,mutable,intrinsic:atomic,"unscoped lexical candidate: L3241:g_offload_dispatch_count_gpu_island.store(0, std::memory_order_relaxed); | L3409:g_offload_dispatch_count_gpu_island.fetch_add(1, std::memory_order_relaxed);",unscoped lexical candidate: L3510:s.dispatch_count_gpu_island = g_offload_dispatch_count_gpu_island.load(std::memory_order_relaxed);,device/process slot,"lifecycle not inferred; unscoped lexical reset candidate: L3241:g_offload_dispatch_count_gpu_island.store(0, std::memory_order_relaxed);"
ggml/src/ggml-sycl/unified-cache.cpp,3100,g_offload_dispatch_count_cpu_pp,std::atomic<uint64_t>,namespace:ggml_sycl,mutable,intrinsic:atomic,"unscoped lexical candidate: L3242:g_offload_dispatch_count_cpu_pp.store(0, std::memory_order_relaxed); | L3394:g_offload_dispatch_count_cpu_pp.fetch_add(1, std::memory_order_relaxed);",unscoped lexical candidate: L3511:s.dispatch_count_cpu_pp = g_offload_dispatch_count_cpu_pp.load(std::memory_order_relaxed);,process or function lifetime (review required),"lifecycle not inferred; unscoped lexical reset candidate: L3242:g_offload_dispatch_count_cpu_pp.store(0, std::memory_order_relaxed);"
ggml/src/ggml-sycl/unified-cache.cpp,3101,g_offload_dispatch_count_cpu_tg,std::atomic<uint64_t>,namespace:ggml_sycl,mutable,intrinsic:atomic,"unscoped lexical candidate: L3243:g_offload_dispatch_count_cpu_tg.store(0, std::memory_order_relaxed); | L3396:g_offload_dispatch_count_cpu_tg.fetch_add(1, std::memory_order_relaxed);",unscoped lexical candidate: L3512:s.dispatch_count_cpu_tg = g_offload_dispatch_count_cpu_tg.load(std::memory_order_relaxed);,process or function lifetime (review required),"lifecycle not inferred; unscoped lexical reset candidate: L3243:g_offload_dispatch_count_cpu_tg.store(0, std::memory_order_relaxed);"
ggml/src/ggml-sycl/unified-cache.cpp,3102,g_offload_dispatch_count_gpu_pp,std::atomic<uint64_t>,namespace:ggml_sycl,mutable,intrinsic:atomic,"unscoped lexical candidate: L3244:g_offload_dispatch_count_gpu_pp.store(0, std::memory_order_relaxed); | L3403:g_offload_dispatch_count_gpu_pp.fetch_add(1, std::memory_order_relaxed);",unscoped lexical candidate: L3513:s.dispatch_count_gpu_pp = g_offload_dispatch_count_gpu_pp.load(std::memory_order_relaxed);,device/process slot,"lifecycle not inferred; unscoped lexical reset candidate: L3244:g_offload_dispatch_count_gpu_pp.store(0, std::memory_order_relaxed);"
ggml/src/ggml-sycl/unified-cache.cpp,3103,g_offload_dispatch_count_gpu_tg,std::atomic<uint64_t>,namespace:ggml_sycl,mutable,intrinsic:atomic,"unscoped lexical candidate: L3245:g_offload_dispatch_count_gpu_tg.store(0, std::memory_order_relaxed); | L3405:g_offload_dispatch_count_gpu_tg.fetch_add(1, std::memory_order_relaxed);",unscoped lexical candidate: L3514:s.dispatch_count_gpu_tg = g_offload_dispatch_count_gpu_tg.load(std::memory_order_relaxed);,device/process slot,"lifecycle not inferred; unscoped lexical reset candidate: L3245:g_offload_dispatch_count_gpu_tg.store(0, std::memory_order_relaxed);"
ggml/src/ggml-sycl/unified-cache.cpp,3104,g_offload_dispatch_count_gpu_island_pp,std::atomic<uint64_t>,namespace:ggml_sycl,mutable,intrinsic:atomic,"unscoped lexical candidate: L3246:g_offload_dispatch_count_gpu_island_pp.store(0, std::memory_order_relaxed); | L3411:g_offload_dispatch_count_gpu_island_pp.fetch_add(1, std::memory_order_relaxed);",unscoped lexical candidate: L3515:s.dispatch_count_gpu_island_pp = g_offload_dispatch_count_gpu_island_pp.load(std::memory_order_relaxed);,device/process slot,"lifecycle not inferred; unscoped lexical reset candidate: L3246:g_offload_dispatch_count_gpu_island_pp.store(0, std::memory_order_relaxed);"
ggml/src/ggml-sycl/unified-cache.cpp,3105,g_offload_dispatch_count_gpu_island_tg,std::atomic<uint64_t>,namespace:ggml_sycl,mutable,intrinsic:atomic,"unscoped lexical candidate: L3247:g_offload_dispatch_count_gpu_island_tg.store(0, std::memory_order_relaxed); | L3413:g_offload_dispatch_count_gpu_island_tg.fetch_add(1, std::memory_order_relaxed);",unscoped lexical candidate: L3516:s.dispatch_count_gpu_island_tg = g_offload_dispatch_count_gpu_island_tg.load(std::memory_order_relaxed);,device/process slot,"lifecycle not inferred; unscoped lexical reset candidate: L3247:g_offload_dispatch_count_gpu_island_tg.store(0, std::memory_order_relaxed);"
ggml/src/ggml-sycl/unified-cache.cpp,3106,g_offload_transition_wait_count,std::atomic<uint64_t>,namespace:ggml_sycl,mutable,intrinsic:atomic,"unscoped lexical candidate: L3248:g_offload_transition_wait_count.store(0, std::memory_order_relaxed); | L3421:g_offload_transition_wait_count.fetch_add(1, std::memory_order_relaxed);",unscoped lexical candidate: L3517:s.transition_wait_count = g_offload_transition_wait_count.load(std::memory_order_relaxed);,process or function lifetime (review required),"lifecycle not inferred; unscoped lexical reset candidate: L3248:g_offload_transition_wait_count.store(0, std::memory_order_relaxed);"
ggml/src/ggml-sycl/unified-cache.cpp,3107,g_offload_transition_wait_count_pp,std::atomic<uint64_t>,namespace:ggml_sycl,mutable,intrinsic:atomic,"unscoped lexical candidate: L3249:g_offload_transition_wait_count_pp.store(0, std::memory_order_relaxed); | L3423:g_offload_transition_wait_count_pp.fetch_add(1, std::memory_order_relaxed);",unscoped lexical candidate: L3518:s.transition_wait_count_pp = g_offload_transition_wait_count_pp.load(std::memory_order_relaxed);,process or function lifetime (review required),"lifecycle not inferred; unscoped lexical reset candidate: L3249:g_offload_transition_wait_count_pp.store(0, std::memory_order_relaxed);"
ggml/src/ggml-sycl/unified-cache.cpp,3108,g_offload_transition_wait_count_tg,std::atomic<uint64_t>,namespace:ggml_sycl,mutable,intrinsic:atomic,"unscoped lexical candidate: L3250:g_offload_transition_wait_count_tg.store(0, std::memory_order_relaxed); | L3425:g_offload_transition_wait_count_tg.fetch_add(1, std::memory_order_relaxed);",unscoped lexical candidate: L3519:s.transition_wait_count_tg = g_offload_transition_wait_count_tg.load(std::memory_order_relaxed);,process or function lifetime (review required),"lifecycle not inferred; unscoped lexical reset candidate: L3250:g_offload_transition_wait_count_tg.store(0, std::memory_order_relaxed);"
ggml/src/ggml-sycl/unified-cache.cpp,3109,g_offload_transition_wait_elided_count,std::atomic<uint64_t>,namespace:ggml_sycl,mutable,intrinsic:atomic,"unscoped lexical candidate: L3251:g_offload_transition_wait_elided_count.store(0, std::memory_order_relaxed); | L3430:g_offload_transition_wait_elided_count.fetch_add(1, std::memory_order_relaxed);",unscoped lexical candidate: L3520:s.transition_wait_elided_count = g_offload_transition_wait_elided_count.load(std::memory_order_relaxed);,process or function lifetime (review required),"lifecycle not inferred; unscoped lexical reset candidate: L3251:g_offload_transition_wait_elided_count.store(0, std::memory_order_relaxed);"
ggml/src/ggml-sycl/unified-cache.cpp,3110,g_offload_transition_wait_elided_count_pp,std::atomic<uint64_t>,namespace:ggml_sycl,mutable,intrinsic:atomic,"unscoped lexical candidate: L3252:g_offload_transition_wait_elided_count_pp.store(0, std::memory_order_relaxed); | L3432:g_offload_transition_wait_elided_count_pp.fetch_add(1, std::memory_order_relaxed);",unscoped lexical candidate: L3521:s.transition_wait_elided_count_pp = g_offload_transition_wait_elided_count_pp.load(std::memory_order_relaxed);,process or function lifetime (review required),"lifecycle not inferred; unscoped lexical reset candidate: L3252:g_offload_transition_wait_elided_count_pp.store(0, std::memory_order_relaxed);"
ggml/src/ggml-sycl/unified-cache.cpp,3111,g_offload_transition_wait_elided_count_tg,std::atomic<uint64_t>,namespace:ggml_sycl,mutable,intrinsic:atomic,"unscoped lexical candidate: L3253:g_offload_transition_wait_elided_count_tg.store(0, std::memory_order_relaxed); | L3434:g_offload_transition_wait_elided_count_tg.fetch_add(1, std::memory_order_relaxed);",unscoped lexical candidate: L3522:s.transition_wait_elided_count_tg = g_offload_transition_wait_elided_count_tg.load(std::memory_order_relaxed);,process or function lifetime (review required),"lifecycle not inferred; unscoped lexical reset candidate: L3253:g_offload_transition_wait_elided_count_tg.store(0, std::memory_order_relaxed);"
ggml/src/ggml-sycl/unified-cache.cpp,3112,g_offload_host_alloc_call_count,std::atomic<uint64_t>,namespace:ggml_sycl,mutable,intrinsic:atomic,"unscoped lexical candidate: L3254:g_offload_host_alloc_call_count.store(0, std::memory_order_relaxed); | L3442:g_offload_host_alloc_call_count.fetch_add(1, std::memory_order_relaxed);",unscoped lexical candidate: L3523:s.host_alloc_call_count = g_offload_host_alloc_call_count.load(std::memory_order_relaxed);,tensor/allocation identity or registry,"lifecycle not inferred; unscoped lexical reset candidate: L3254:g_offload_host_alloc_call_count.store(0, std::memory_order_relaxed);"
ggml/src/ggml-sycl/unified-cache.cpp,3113,g_offload_host_alloc_bytes,std::atomic<uint64_t>,namespace:ggml_sycl,mutable,intrinsic:atomic,"unscoped lexical candidate: L3255:g_offload_host_alloc_bytes.store(0, std::memory_order_relaxed); | L3443:g_offload_host_alloc_bytes.fetch_add(bytes, std::memory_order_relaxed);",unscoped lexical candidate: L3524:s.host_alloc_bytes = g_offload_host_alloc_bytes.load(std::memory_order_relaxed);,tensor/allocation identity or registry,"lifecycle not inferred; unscoped lexical reset candidate: L3255:g_offload_host_alloc_bytes.store(0, std::memory_order_relaxed);"
ggml/src/ggml-sycl/unified-cache.cpp,3114,g_offload_host_alloc_calls_unified_alloc_host,std::atomic<uint64_t>,namespace:ggml_sycl,mutable,intrinsic:atomic,"unscoped lexical candidate: L3256:g_offload_host_alloc_calls_unified_alloc_host.store(0, std::memory_order_relaxed); | L3454:g_offload_host_alloc_calls_unified_alloc_host.fetch_add(1, std::memory_order_relaxed);",unscoped lexical candidate: L3526:g_offload_host_alloc_calls_unified_alloc_host.load(std::memory_order_relaxed);,tensor/allocation identity or registry,"lifecycle not inferred; unscoped lexical reset candidate: L3256:g_offload_host_alloc_calls_unified_alloc_host.store(0, std::memory_order_relaxed);"
ggml/src/ggml-sycl/unified-cache.cpp,3115,g_offload_host_alloc_bytes_unified_alloc_host,std::atomic<uint64_t>,namespace:ggml_sycl,mutable,intrinsic:atomic,"unscoped lexical candidate: L3257:g_offload_host_alloc_bytes_unified_alloc_host.store(0, std::memory_order_relaxed); | L3455:g_offload_host_alloc_bytes_unified_alloc_host.fetch_add(bytes, std::memory_order_relaxed);",unscoped lexical candidate: L3528:g_offload_host_alloc_bytes_unified_alloc_host.load(std::memory_order_relaxed);,tensor/allocation identity or registry,"lifecycle not inferred; unscoped lexical reset candidate: L3257:g_offload_host_alloc_bytes_unified_alloc_host.store(0, std::memory_order_relaxed);"
ggml/src/ggml-sycl/unified-cache.cpp,3116,g_offload_host_alloc_calls_unified_cache_host_chunk,std::atomic<uint64_t>,namespace:ggml_sycl,mutable,intrinsic:atomic,"unscoped lexical candidate: L3258:g_offload_host_alloc_calls_unified_cache_host_chunk.store(0, std::memory_order_relaxed); | L3460:g_offload_host_alloc_calls_unified_cache_host_chunk.fetch_add(1, std::memory_order_relaxed);",unscoped lexical candidate: L3530:g_offload_host_alloc_calls_unified_cache_host_chunk.load(std::memory_order_relaxed);,tensor/allocation identity or registry,"lifecycle not inferred; unscoped lexical reset candidate: L3258:g_offload_host_alloc_calls_unified_cache_host_chunk.store(0, std::memory_order_relaxed);"
ggml/src/ggml-sycl/unified-cache.cpp,3117,g_offload_host_alloc_bytes_unified_cache_host_chunk,std::atomic<uint64_t>,namespace:ggml_sycl,mutable,intrinsic:atomic,"unscoped lexical candidate: L3259:g_offload_host_alloc_bytes_unified_cache_host_chunk.store(0, std::memory_order_relaxed); | L3461:g_offload_host_alloc_bytes_unified_cache_host_chunk.fetch_add(bytes, std::memory_order_relaxed);",unscoped lexical candidate: L3532:g_offload_host_alloc_bytes_unified_cache_host_chunk.load(std::memory_order_relaxed);,tensor/allocation identity or registry,"lifecycle not inferred; unscoped lexical reset candidate: L3259:g_offload_host_alloc_bytes_unified_cache_host_chunk.store(0, std::memory_order_relaxed);"
ggml/src/ggml-sycl/unified-cache.cpp,3118,g_offload_host_alloc_calls_host_malloc,std::atomic<uint64_t>,namespace:ggml_sycl,mutable,intrinsic:atomic,"unscoped lexical candidate: L3260:g_offload_host_alloc_calls_host_malloc.store(0, std::memory_order_relaxed); | L3465:g_offload_host_alloc_calls_host_malloc.fetch_add(1, std::memory_order_relaxed);",unscoped lexical candidate: L3533:s.host_alloc_calls_host_malloc = g_offload_host_alloc_calls_host_malloc.load(std::memory_order_relaxed);,tensor/allocation identity or registry,"lifecycle not inferred; unscoped lexical reset candidate: L3260:g_offload_host_alloc_calls_host_malloc.store(0, std::memory_order_relaxed);"
ggml/src/ggml-sycl/unified-cache.cpp,3119,g_offload_host_alloc_bytes_host_malloc,std::atomic<uint64_t>,namespace:ggml_sycl,mutable,intrinsic:atomic,"unscoped lexical candidate: L3261:g_offload_host_alloc_bytes_host_malloc.store(0, std::memory_order_relaxed); | L3466:g_offload_host_alloc_bytes_host_malloc.fetch_add(bytes, std::memory_order_relaxed);",unscoped lexical candidate: L3534:s.host_alloc_bytes_host_malloc = g_offload_host_alloc_bytes_host_malloc.load(std::memory_order_relaxed);,tensor/allocation identity or registry,"lifecycle not inferred; unscoped lexical reset candidate: L3261:g_offload_host_alloc_bytes_host_malloc.store(0, std::memory_order_relaxed);"
ggml/src/ggml-sycl/unified-cache.cpp,3120,g_offload_host_alloc_calls_other,std::atomic<uint64_t>,namespace:ggml_sycl,mutable,intrinsic:atomic,"unscoped lexical candidate: L3262:g_offload_host_alloc_calls_other.store(0, std::memory_order_relaxed); | L3469:g_offload_host_alloc_calls_other.fetch_add(1, std::memory_order_relaxed);",unscoped lexical candidate: L3535:s.host_alloc_calls_other = g_offload_host_alloc_calls_other.load(std::memory_order_relaxed);,tensor/allocation identity or registry,"lifecycle not inferred; unscoped lexical reset candidate: L3262:g_offload_host_alloc_calls_other.store(0, std::memory_order_relaxed);"
ggml/src/ggml-sycl/unified-cache.cpp,3121,g_offload_host_alloc_bytes_other,std::atomic<uint64_t>,namespace:ggml_sycl,mutable,intrinsic:atomic,"unscoped lexical candidate: L3263:g_offload_host_alloc_bytes_other.store(0, std::memory_order_relaxed); | L3470:g_offload_host_alloc_bytes_other.fetch_add(bytes, std::memory_order_relaxed);",unscoped lexical candidate: L3536:s.host_alloc_bytes_other = g_offload_host_alloc_bytes_other.load(std::memory_order_relaxed);,tensor/allocation identity or registry,"lifecycle not inferred; unscoped lexical reset candidate: L3263:g_offload_host_alloc_bytes_other.store(0, std::memory_order_relaxed);"
ggml/src/ggml-sycl/unified-cache.cpp,3122,g_offload_raw_device_alloc_call_count,std::atomic<uint64_t>,namespace:ggml_sycl,mutable,intrinsic:atomic,"unscoped lexical candidate: L3264:g_offload_raw_device_alloc_call_count.store(0, std::memory_order_relaxed); | L3477:g_offload_raw_device_alloc_call_count.fetch_add(1, std::memory_order_relaxed);",unscoped lexical candidate: L3537:s.raw_device_alloc_call_count = g_offload_raw_device_alloc_call_count.load(std::memory_order_relaxed);,tensor/allocation identity or registry,"lifecycle not inferred; unscoped lexical reset candidate: L3264:g_offload_raw_device_alloc_call_count.store(0, std::memory_order_relaxed);"
ggml/src/ggml-sycl/unified-cache.cpp,3123,g_offload_raw_device_alloc_bytes,std::atomic<uint64_t>,namespace:ggml_sycl,mutable,intrinsic:atomic,"unscoped lexical candidate: L3265:g_offload_raw_device_alloc_bytes.store(0, std::memory_order_relaxed); | L3478:g_offload_raw_device_alloc_bytes.fetch_add(bytes, std::memory_order_relaxed);",unscoped lexical candidate: L3538:s.raw_device_alloc_bytes = g_offload_raw_device_alloc_bytes.load(std::memory_order_relaxed);,tensor/allocation identity or registry,"lifecycle not inferred; unscoped lexical reset candidate: L3265:g_offload_raw_device_alloc_bytes.store(0, std::memory_order_relaxed);"
ggml/src/ggml-sycl/unified-cache.cpp,3124,g_offload_host_fallback_attempt_count,std::atomic<uint64_t>,namespace:ggml_sycl,mutable,intrinsic:atomic,"unscoped lexical candidate: L3266:g_offload_host_fallback_attempt_count.store(0, std::memory_order_relaxed); | L3485:g_offload_host_fallback_attempt_count.fetch_add(1, std::memory_order_relaxed);",unscoped lexical candidate: L3539:s.host_fallback_attempt_count = g_offload_host_fallback_attempt_count.load(std::memory_order_relaxed);,process or function lifetime (review required),"lifecycle not inferred; unscoped lexical reset candidate: L3266:g_offload_host_fallback_attempt_count.store(0, std::memory_order_relaxed);"
ggml/src/ggml-sycl/unified-cache.cpp,3125,g_offload_host_fallback_attempt_bytes,std::atomic<uint64_t>,namespace:ggml_sycl,mutable,intrinsic:atomic,"unscoped lexical candidate: L3267:g_offload_host_fallback_attempt_bytes.store(0, std::memory_order_relaxed); | L3486:g_offload_host_fallback_attempt_bytes.fetch_add(bytes, std::memory_order_relaxed);",unscoped lexical candidate: L3540:s.host_fallback_attempt_bytes = g_offload_host_fallback_attempt_bytes.load(std::memory_order_relaxed);,process or function lifetime (review required),"lifecycle not inferred; unscoped lexical reset candidate: L3267:g_offload_host_fallback_attempt_bytes.store(0, std::memory_order_relaxed);"
ggml/src/ggml-sycl/unified-cache.cpp,3126,g_offload_host_alloc_by_tag_mutex,std::mutex,namespace:ggml_sycl,mutable,intrinsic:lock primitive,none found by unscoped lexical scan,unscoped lexical candidate: L3269:std::lock_guard<std::mutex> lock(g_offload_host_alloc_by_tag_mutex); | L3447:std::lock_guard<std::mutex> lock(g_offload_host_alloc_by_tag_mutex); | L3548:std::lock_guard<std::mutex> lock(g_offload_host_alloc_by_tag_mutex);,tensor/allocation identity or registry,lifecycle not inferred; no binding-resolved reset analysis
ggml/src/ggml-sycl/unified-cache.cpp,3127,g_offload_host_alloc_by_tag,"std::unordered_map<std::string, std::pair<uint64_t, uint64_t>>",namespace:ggml_sycl,mutable,none evident,unscoped lexical candidate: L3270:g_offload_host_alloc_by_tag.clear();,unscoped lexical candidate: L3448:auto & entry = g_offload_host_alloc_by_tag[tag_s]; | L3549:rows.reserve(g_offload_host_alloc_by_tag.size()); | L3550:for (const auto & it : g_offload_host_alloc_by_tag) {,tensor/allocation identity or registry,lifecycle not inferred; unscoped lexical reset candidate: L3270:g_offload_host_alloc_by_tag.clear();
ggml/src/ggml-sycl/unified-cache.cpp,3128,g_offload_phase,std::atomic<int>,namespace:ggml_sycl,mutable,intrinsic:atomic,"unscoped lexical candidate: L3272:g_offload_phase.store(static_cast<int>(offload_phase::UNKNOWN), std::memory_order_relaxed); | L3276:g_offload_phase.store(static_cast<int>(phase), std::memory_order_relaxed);",unscoped lexical candidate: L3295:const int phase = g_offload_phase.load(std::memory_order_relaxed); | L3311:const int phase = g_offload_phase.load(std::memory_order_relaxed);,process or function lifetime (review required),lifecycle not inferred; no binding-resolved reset analysis
ggml/src/ggml-sycl/unified-cache.cpp,3193,s_strict,std::atomic<int>,function-local:unified_alloc_strict_mode,mutable,intrinsic:atomic,"unscoped lexical candidate: L3200:s_strict.store(strict, std::memory_order_release);",unscoped lexical candidate: L3194:int cached = s_strict.load(std::memory_order_acquire);,process or function lifetime (review required),lifecycle not inferred; no binding-resolved reset analysis
ggml/src/ggml-sycl/unified-cache.cpp,3205,s_enabled,std::atomic<int>,function-local:unified_alloc_lifetime_trace_enabled,mutable,intrinsic:atomic,"unscoped lexical candidate: L3212:s_enabled.store(enabled, std::memory_order_release);",unscoped lexical candidate: L3206:int cached = s_enabled.load(std::memory_order_acquire);,process or function lifetime (review required),lifecycle not inferred; no binding-resolved reset analysis
ggml/src/ggml-sycl/unified-cache.cpp,3622,zero_alloc_mode,const int,function-local:zero_alloc_check,immutable binding,none evident,none found by unscoped lexical scan,"unscoped lexical candidate: L3614:// zero_alloc_mode check below only skips sub-1-MiB deltas when mode < 2, so | L3629:if (zero_alloc_mode <= 0) { | L3678:if (zero_alloc_mode < 2 && delta < 1024 * 1024) {",tensor/allocation identity or registry,not applicable: immutable binding
ggml/src/ggml-sycl/unified-cache.cpp,3663,s_tracker_mutex,std::mutex,function-local:zero_alloc_check,mutable,intrinsic:lock primitive,none found by unscoped lexical scan,unscoped lexical candidate: L3669:std::lock_guard<std::mutex> lock(s_tracker_mutex);,process or function lifetime (review required),lifecycle not inferred; no binding-resolved reset analysis
ggml/src/ggml-sycl/unified-cache.cpp,3664,s_trackers,"std::map<int, zero_alloc_baseline_tracker>",function-local:zero_alloc_check,mutable,none evident,none found by unscoped lexical scan,unscoped lexical candidate: L3670:zero_alloc_baseline_tracker & tracker = s_trackers[device];,tensor/allocation identity or registry,lifecycle not inferred; no binding-resolved reset analysis
ggml/src/ggml-sycl/unified-cache.cpp,3830,t_arena_pp_profile,arena_pp_profile_state,anonymous-namespace,mutable,thread-local,unscoped lexical candidate: L4431:t_arena_pp_profile = {}; | L4459:t_arena_pp_profile = {};,unscoped lexical candidate: L3880:return t_arena_pp_profile.active; | L4442:t_arena_pp_profile.active = true; | L4443:t_arena_pp_profile.device = device;,thread,lifecycle not inferred; no binding-resolved reset analysis
ggml/src/ggml-sycl/unified-cache.cpp,3872,enabled,const bool,function-local:arena_pp_profile_enabled,immutable binding,none evident,unscoped lexical candidate: L3211:const int enabled = (env && std::atoi(env) != 0) ? 1 : 0; | L4665:int enabled = g_cache_assert_enabled.load(std::memory_order_acquire); | L4670:enabled = (env && std::atoi(env) != 0) ? 1 : 0;,"unscoped lexical candidate: L2446:// micro-batch trial enabled); ""0"" disables it, falling back to the library | L2447:// default 512; any other NON-EMPTY value is treated as enabled, with one | L2464:""and leaving the auto micro-batch trial enabled\n"",",process or function lifetime (review required),not applicable: immutable binding
ggml/src/ggml-sycl/unified-cache.cpp,3963,s,zone_audit_state *,function-local:<function>,mutable,none evident,"unscoped lexical candidate: L2420:""[UNIFIED-CACHE] %s=\""%s\"" is not a valid non-negative integer, or is out of range -- ignoring "" | L2427:""[UNIFIED-CACHE] %s=0 -- using an explicit 0 MB override (not \""unset\""; the consumer treats 0 "" | L3697:const offload_stats_snapshot s = offload_stats_get();","unscoped lexical candidate: L622:std::snprintf(g_residency_diag.last_live_owner_tag, sizeof(g_residency_diag.last_live_owner_tag), ""%s"", | L625:""%s"", allocation_class ? allocation_class : """"); | L731:// hold-induced spills counted since that context's last take, and the largest spill-capable RUNTIME request seen",process or function lifetime (review required),lifecycle not inferred; unscoped lexical reset candidate: L22824:// The pre-epoch reset_scratch_pool() (this function's name before
ggml/src/ggml-sycl/unified-cache.cpp,3968,level,const int,function-local:zone_reset_audit_level,immutable binding,none evident,none found by unscoped lexical scan,"unscoped lexical candidate: L3975:return level; | L4008:// threshold of 3), so an INFO-level audit line yields an empty capture -- | L6031:// is the only level guaranteed to survive default verbosity, so this",process or function lifetime (review required),not applicable: immutable binding
ggml/src/ggml-sycl/unified-cache.cpp,3986,k_zone_audit_report_interval,constexpr uint64_t,anonymous-namespace,immutable binding,none evident,none found by unscoped lexical scan,"unscoped lexical candidate: L4100:if (st.visits_since_report.fetch_add(1, std::memory_order_relaxed) + 1 >= k_zone_audit_report_interval) {",process or function lifetime (review required),not applicable: immutable binding
ggml/src/ggml-sycl/unified-cache.cpp,4264,g_zone_audit_prev_sigsegv,std::atomic<void (*)(int)>,anonymous-namespace,mutable,intrinsic:atomic,"unscoped lexical candidate: L4313:g_zone_audit_prev_sigsegv.store(std::signal(SIGSEGV, zone_audit_fatal_signal_handler),",unscoped lexical candidate: L4291:(sig == SIGSEGV ? g_zone_audit_prev_sigsegv : g_zone_audit_prev_sigabrt).load(std::memory_order_relaxed);,process or function lifetime (review required),lifecycle not inferred; no binding-resolved reset analysis
ggml/src/ggml-sycl/unified-cache.cpp,4265,g_zone_audit_prev_sigabrt,std::atomic<void (*)(int)>,anonymous-namespace,mutable,intrinsic:atomic,"unscoped lexical candidate: L4315:g_zone_audit_prev_sigabrt.store(std::signal(SIGABRT, zone_audit_fatal_signal_handler),",unscoped lexical candidate: L4291:(sig == SIGSEGV ? g_zone_audit_prev_sigsegv : g_zone_audit_prev_sigabrt).load(std::memory_order_relaxed);,process or function lifetime (review required),lifecycle not inferred; no binding-resolved reset analysis
ggml/src/ggml-sycl/unified-cache.cpp,4691,cached,std::atomic<int>,function-local:ext_alloc_trace_enabled,mutable,intrinsic:atomic,"unscoped lexical candidate: L3194:int cached = s_strict.load(std::memory_order_acquire); | L3206:int cached = s_enabled.load(std::memory_order_acquire); | L4698:cached.store(enabled, std::memory_order_release);",unscoped lexical candidate: L1299:// probe's own freed-then-cached USM pool makes a live query read low). | L3195:if (cached >= 0) { | L3196:return cached != 0;,process or function lifetime (review required),lifecycle not inferred; no binding-resolved reset analysis
ggml/src/ggml-sycl/unified-cache.cpp,4719,k_dump_devices,constexpr int,anonymous-namespace,immutable binding,none evident,none found by unscoped lexical scan,unscoped lexical candidate: L4741:std::atomic<uint64_t> value[k_dump_devices]; | L4767:std::atomic<uint64_t> total[k_dump_devices]; | L4776:std::atomic<uint64_t> value[k_dump_devices];,device/process slot,not applicable: immutable binding
ggml/src/ggml-sycl/unified-cache.cpp,4720,k_dump_max_keys,constexpr size_t,anonymous-namespace,immutable binding,none evident,none found by unscoped lexical scan,unscoped lexical candidate: L4770:dump_key_slot keys[k_dump_max_keys]; | L4816:if (n + 1 >= k_dump_max_keys) { | L4817:dump_key_slot & overflow = c.keys[k_dump_max_keys - 1];,process or function lifetime (review required),not applicable: immutable binding
ggml/src/ggml-sycl/unified-cache.cpp,4721,k_dump_key_len,constexpr size_t,anonymous-namespace,immutable binding,none evident,none found by unscoped lexical scan,"unscoped lexical candidate: L4740:char name[k_dump_key_len] = {}; | L4805:if (std::strncmp(c.keys[i].name, key, k_dump_key_len - 1) == 0) { | L4812:if (std::strncmp(c.keys[i].name, key, k_dump_key_len - 1) == 0) {",process or function lifetime (review required),not applicable: immutable binding
ggml/src/ggml-sycl/unified-cache.cpp,4726,k_dump_counter_names,const char * const[],anonymous-namespace,immutable binding,none evident,none found by unscoped lexical scan,"unscoped lexical candidate: L4728:static_assert(sizeof(k_dump_counter_names) / sizeof(k_dump_counter_names[0]) == | L5083:k_dump_counter_names[c]); | L5086:std::fprintf(stderr, ""[SYCL-COUNTER] dev=%d name=%s value=%llu\n"", dev, k_dump_counter_names[c],",process or function lifetime (review required),not applicable: immutable binding
ggml/src/ggml-sycl/unified-cache.cpp,4733,k_dump_snapshot_names,const char * const[],anonymous-namespace,immutable binding,none evident,none found by unscoped lexical scan,"unscoped lexical candidate: L4735:static_assert(sizeof(k_dump_snapshot_names) / sizeof(k_dump_snapshot_names[0]) == | L5106:stderr, ""[SYCL-COUNTER] dev=%d name=%s value=%llu\n"", dev, k_dump_snapshot_names[s], | L5110:k_dump_snapshot_names[s]);",process or function lifetime (review required),not applicable: immutable binding
ggml/src/ggml-sycl/unified-cache.cpp,4792,t,dump_table,function-local:<function>,mutable,none evident,unscoped lexical candidate: L4322:zone_audit_zone_timing * t = nullptr; | L5005:report_once_table & t = report_once_tbl(); | L5077:dump_table & t = dump_tbl();,"unscoped lexical candidate: L2715:// count or a sizing abort means the zone genuinely doesn't fit this | L3654:// failure isn't only false warns: a device whose bytes sit BELOW the | L4149:void zone_audit_report_timing_locked(const char * kind, const char * zone_name, const zone_audit_zone_timing & t) {",process or function lifetime (review required),lifecycle not inferred; no binding-resolved reset analysis
ggml/src/ggml-sycl/unified-cache.cpp,4859,g_dump_armed_state,std::atomic<int>,anonymous-namespace,mutable,intrinsic:atomic,"unscoped lexical candidate: L4971:g_dump_armed_state.store(armed ? 1 : 2, std::memory_order_relaxed);",unscoped lexical candidate: L4863:return g_dump_armed_state.load(std::memory_order_relaxed) == 1;,process or function lifetime (review required),lifecycle not inferred; no binding-resolved reset analysis
ggml/src/ggml-sycl/unified-cache.cpp,4904,t,dump_load_models,function-local:<function>,mutable,none evident,unscoped lexical candidate: L4322:zone_audit_zone_timing * t = nullptr; | L5005:report_once_table & t = report_once_tbl(); | L5077:dump_table & t = dump_tbl();,"unscoped lexical candidate: L2715:// count or a sizing abort means the zone genuinely doesn't fit this | L3654:// failure isn't only false warns: a device whose bytes sit BELOW the | L4149:void zone_audit_report_timing_locked(const char * kind, const char * zone_name, const zone_audit_zone_timing & t) {",model/layer semantic state (review required),lifecycle not inferred; no binding-resolved reset analysis
ggml/src/ggml-sycl/unified-cache.cpp,4982,k_report_once_capacity,constexpr size_t,anonymous-namespace,immutable binding,none evident,none found by unscoped lexical scan,"unscoped lexical candidate: L4989:char keys[k_report_once_capacity][k_report_once_key_len]; | L5012:if (t.count >= k_report_once_capacity) { | L5024:k_report_once_capacity, key);",process or function lifetime (review required),not applicable: immutable binding
ggml/src/ggml-sycl/unified-cache.cpp,4983,k_report_once_key_len,constexpr size_t,anonymous-namespace,immutable binding,none evident,none found by unscoped lexical scan,"unscoped lexical candidate: L4989:char keys[k_report_once_capacity][k_report_once_key_len]; | L5008:if (std::strncmp(t.keys[i], key, k_report_once_key_len - 1) == 0) { | L5017:std::snprintf(t.keys[t.count++], k_report_once_key_len, ""%s"", key);",process or function lifetime (review required),not applicable: immutable binding
ggml/src/ggml-sycl/unified-cache.cpp,4993,t,report_once_table,function-local:<function>,mutable,none evident,unscoped lexical candidate: L4322:zone_audit_zone_timing * t = nullptr; | L5005:report_once_table & t = report_once_tbl(); | L5077:dump_table & t = dump_tbl();,"unscoped lexical candidate: L2715:// count or a sizing abort means the zone genuinely doesn't fit this | L3654:// failure isn't only false warns: a device whose bytes sit BELOW the | L4149:void zone_audit_report_timing_locked(const char * kind, const char * zone_name, const zone_audit_zone_timing & t) {",process or function lifetime (review required),lifecycle not inferred; no binding-resolved reset analysis
ggml/src/ggml-sycl/unified-cache.cpp,5122,g_ext_alloc_request,const alloc_request *,anonymous-namespace,mutable,thread-local,unscoped lexical candidate: L5129:g_ext_alloc_request = req; | L5132:~ext_alloc_request_scope() { g_ext_alloc_request = saved; },unscoped lexical candidate: L5128:explicit ext_alloc_request_scope(const alloc_request * req) : saved(g_ext_alloc_request) { | L20711:const alloc_request * req = g_ext_alloc_request;,thread,lifecycle not inferred; no binding-resolved reset analysis
ggml/src/ggml-sycl/unified-cache.cpp,5123,g_ext_alloc_tag,const char *,anonymous-namespace,mutable,thread-local,unscoped lexical candidate: L5141:explicit ext_alloc_tag_scope(const char * tag) : saved(g_ext_alloc_tag) { g_ext_alloc_tag = tag; } | L5143:~ext_alloc_tag_scope() { g_ext_alloc_tag = saved; },"unscoped lexical candidate: L20712:const char * tag = g_ext_alloc_tag != nullptr ? g_ext_alloc_tag : ""raw"";",thread,lifecycle not inferred; no binding-resolved reset analysis
ggml/src/ggml-sycl/unified-cache.cpp,5181,k_zone_refusal_dedupe_capacity,constexpr size_t,anonymous-namespace,immutable binding,none evident,none found by unscoped lexical scan,unscoped lexical candidate: L5186:zone_refusal_key keys[k_zone_refusal_dedupe_capacity]; | L5206:if (t.count >= k_zone_refusal_dedupe_capacity) {,process or function lifetime (review required),not applicable: immutable binding
ggml/src/ggml-sycl/unified-cache.cpp,5190,t,zone_refusal_dedupe,function-local:<function>,mutable,none evident,unscoped lexical candidate: L4322:zone_audit_zone_timing * t = nullptr; | L5005:report_once_table & t = report_once_tbl(); | L5077:dump_table & t = dump_tbl();,"unscoped lexical candidate: L2715:// count or a sizing abort means the zone genuinely doesn't fit this | L3654:// failure isn't only false warns: a device whose bytes sit BELOW the | L4149:void zone_audit_report_timing_locked(const char * kind, const char * zone_name, const zone_audit_zone_timing & t) {",process or function lifetime (review required),lifecycle not inferred; no binding-resolved reset analysis
ggml/src/ggml-sycl/unified-cache.cpp,5298,cached,std::atomic<int>,function-local:host_zone_alloc_trace_enabled,mutable,intrinsic:atomic,"unscoped lexical candidate: L3194:int cached = s_strict.load(std::memory_order_acquire); | L3206:int cached = s_enabled.load(std::memory_order_acquire); | L4698:cached.store(enabled, std::memory_order_release);",unscoped lexical candidate: L1299:// probe's own freed-then-cached USM pool makes a live query read low). | L3195:if (cached >= 0) { | L3196:return cached != 0;,process or function lifetime (review required),lifecycle not inferred; no binding-resolved reset analysis
ggml/src/ggml-sycl/unified-cache.cpp,5325,cached,std::atomic<int>,function-local:copy_to_device_sync_enabled,mutable,intrinsic:atomic,"unscoped lexical candidate: L3194:int cached = s_strict.load(std::memory_order_acquire); | L3206:int cached = s_enabled.load(std::memory_order_acquire); | L4698:cached.store(enabled, std::memory_order_release);",unscoped lexical candidate: L1299:// probe's own freed-then-cached USM pool makes a live query read low). | L3195:if (cached >= 0) { | L3196:return cached != 0;,process or function lifetime (review required),lifecycle not inferred; no binding-resolved reset analysis
ggml/src/ggml-sycl/unified-cache.cpp,7216,rejected_logs,std::atomic<int>,function-local:planned_materialization_allowed,mutable,intrinsic:atomic,"unscoped lexical candidate: L7217:if (rejected_logs.fetch_add(1, std::memory_order_relaxed) < 64) {",none found by unscoped lexical scan,process or function lifetime (review required),lifecycle not inferred; no binding-resolved reset analysis
ggml/src/ggml-sycl/unified-cache.cpp,7595,g_expert_publication_test_hook,std::atomic<expert_publication_test_hook>,namespace:ggml_sycl,mutable,intrinsic:atomic,"unscoped lexical candidate: L7629:g_expert_publication_test_hook.store(hook, std::memory_order_release);",unscoped lexical candidate: L7633:if (auto hook = g_expert_publication_test_hook.load(std::memory_order_acquire)) {,model/layer semantic state (review required),lifecycle not inferred; no binding-resolved reset analysis
ggml/src/ggml-sycl/unified-cache.cpp,7596,g_expert_publication_test_context,std::atomic<void *>,namespace:ggml_sycl,mutable,intrinsic:atomic,"unscoped lexical candidate: L7628:g_expert_publication_test_context.store(context, std::memory_order_release);",unscoped lexical candidate: L7634:hook(g_expert_publication_test_context.load(std::memory_order_acquire));,model/layer semantic state (review required),lifecycle not inferred; no binding-resolved reset analysis
ggml/src/ggml-sycl/unified-cache.cpp,7597,g_expert_fault_phase,std::atomic<expert_fault_phase>,namespace:ggml_sycl,mutable,intrinsic:atomic,"unscoped lexical candidate: L7618:g_expert_fault_phase.store(phase, std::memory_order_release);","unscoped lexical candidate: L7623:return g_expert_fault_phase.compare_exchange_strong(expected, expert_fault_phase::NONE,",model/layer semantic state (review required),lifecycle not inferred; no binding-resolved reset analysis
ggml/src/ggml-sycl/unified-cache.cpp,7598,g_expert_allocation_failure_countdown,std::atomic<size_t>,namespace:ggml_sycl,mutable,intrinsic:atomic,"unscoped lexical candidate: L7614:g_expert_allocation_failure_countdown.store(nth, std::memory_order_release);",unscoped lexical candidate: L7602:size_t remaining = g_expert_allocation_failure_countdown.load(std::memory_order_acquire); | L7604:if (g_expert_allocation_failure_countdown.compare_exchange_weak(,tensor/allocation identity or registry,lifecycle not inferred; no binding-resolved reset analysis
ggml/src/ggml-sycl/unified-cache.cpp,7726,planned_stage_start_log,std::atomic<int>,function-local:direct_stage_expert,mutable,intrinsic:atomic,"unscoped lexical candidate: L7727:if (planned_stage_start_log.fetch_add(1, std::memory_order_relaxed) < 80) {",none found by unscoped lexical scan,process or function lifetime (review required),lifecycle not inferred; no binding-resolved reset analysis
ggml/src/ggml-sycl/unified-cache.cpp,7783,planned_stage_fail_log,std::atomic<int>,function-local:direct_stage_expert,mutable,intrinsic:atomic,"unscoped lexical candidate: L7784:if (planned_stage_fail_log.fetch_add(1, std::memory_order_relaxed) < 10) {",none found by unscoped lexical scan,process or function lifetime (review required),lifecycle not inferred; no binding-resolved reset analysis
ggml/src/ggml-sycl/unified-cache.cpp,7815,host_fallback_log,std::atomic<int>,function-local:direct_stage_expert,mutable,intrinsic:atomic,"unscoped lexical candidate: L7816:if (host_fallback_log.fetch_add(1, std::memory_order_relaxed) < 10) {",none found by unscoped lexical scan,process or function lifetime (review required),lifecycle not inferred; no binding-resolved reset analysis
ggml/src/ggml-sycl/unified-cache.cpp,8408,cached,std::atomic<int>,function-local:moe_direct_trace_enabled,mutable,intrinsic:atomic,"unscoped lexical candidate: L3194:int cached = s_strict.load(std::memory_order_acquire); | L3206:int cached = s_enabled.load(std::memory_order_acquire); | L4698:cached.store(enabled, std::memory_order_release);",unscoped lexical candidate: L1299:// probe's own freed-then-cached USM pool makes a live query read low). | L3195:if (cached >= 0) { | L3196:return cached != 0;,process or function lifetime (review required),lifecycle not inferred; no binding-resolved reset analysis
ggml/src/ggml-sycl/unified-cache.cpp,8435,log_count,std::atomic<int>,function-local:moe_direct_trace_key,mutable,intrinsic:atomic,"unscoped lexical candidate: L8436:if (!force_log && log_count.fetch_add(1, std::memory_order_relaxed) >= 400) {",none found by unscoped lexical scan,process or function lifetime (review required),lifecycle not inferred; no binding-resolved reset analysis
ggml/src/ggml-sycl/unified-cache.cpp,8728,unowned_direct_device_log,std::atomic<int>,function-local:resolve_expert,mutable,intrinsic:atomic,"unscoped lexical candidate: L8729:if (unowned_direct_device_log.fetch_add(1, std::memory_order_relaxed) < 10) {",none found by unscoped lexical scan,device/process slot,lifecycle not inferred; no binding-resolved reset analysis
ggml/src/ggml-sycl/unified-cache.cpp,8739,unowned_direct_host_log,std::atomic<int>,function-local:resolve_expert,mutable,intrinsic:atomic,"unscoped lexical candidate: L8740:if (unowned_direct_host_log.fetch_add(1, std::memory_order_relaxed) < 10) {",none found by unscoped lexical scan,process or function lifetime (review required),lifecycle not inferred; no binding-resolved reset analysis
ggml/src/ggml-sycl/unified-cache.cpp,8767,k_direct_stage_layouts,constexpr ggml_layout_mode [],function-local:drop_expert_entry,immutable binding,none evident,none found by unscoped lexical scan,unscoped lexical candidate: L8773:for (ggml_layout_mode layout : k_direct_stage_layouts) {,process or function lifetime (review required),not applicable: immutable binding
ggml/src/ggml-sycl/unified-cache.cpp,8847,refused_log,std::atomic<int>,function-local:drop_expert_entry,mutable,intrinsic:atomic,"unscoped lexical candidate: L8852:if (refused_log.fetch_add(1, std::memory_order_relaxed) < 40) {",none found by unscoped lexical scan,process or function lifetime (review required),lifecycle not inferred; no binding-resolved reset analysis
ggml/src/ggml-sycl/unified-cache.cpp,8883,drop_log,std::atomic<int>,function-local:drop_expert_entry,mutable,intrinsic:atomic,"unscoped lexical candidate: L8884:const int n = drop_log.fetch_add(1, std::memory_order_relaxed);",none found by unscoped lexical scan,process or function lifetime (review required),lifecycle not inferred; no binding-resolved reset analysis
ggml/src/ggml-sycl/unified-cache.cpp,8927,miss_log,std::atomic<int>,function-local:drop_expert_entry,mutable,intrinsic:atomic,"unscoped lexical candidate: L8928:const int n = miss_log.fetch_add(1, std::memory_order_relaxed); | L9858:if (miss_log.fetch_add(1, std::memory_order_relaxed) < 3) {",unscoped lexical candidate: L9857:static std::atomic<int> miss_log{ 0 };,process or function lifetime (review required),lifecycle not inferred; no binding-resolved reset analysis
ggml/src/ggml-sycl/unified-cache.cpp,9857,miss_log,std::atomic<int>,function-local:try_get_cached_fast,mutable,intrinsic:atomic,"unscoped lexical candidate: L8928:const int n = miss_log.fetch_add(1, std::memory_order_relaxed); | L9858:if (miss_log.fetch_add(1, std::memory_order_relaxed) < 3) {",unscoped lexical candidate: L8927:static std::atomic<int> miss_log{ 0 };,process or function lifetime (review required),lifecycle not inferred; no binding-resolved reset analysis
ggml/src/ggml-sycl/unified-cache.cpp,10440,verify_log,std::atomic<int>,function-local:stage_expert_group,mutable,intrinsic:atomic,"unscoped lexical candidate: L10441:if (verify_log.fetch_add(1, std::memory_order_relaxed) < 3) {",none found by unscoped lexical scan,process or function lifetime (review required),lifecycle not inferred; no binding-resolved reset analysis
ggml/src/ggml-sycl/unified-cache.cpp,10749,try_layouts,const ggml_layout_mode [],function-local:get_weight_ptr,immutable binding,none evident,"unscoped lexical candidate: L10874:static const ggml_layout_mode try_layouts[] = { GGML_LAYOUT_COALESCED, GGML_LAYOUT_SOA, GGML_LAYOUT_AOS };",unscoped lexical candidate: L10790:for (auto layout : try_layouts) { | L10875:for (auto layout : try_layouts) {,process or function lifetime (review required),not applicable: immutable binding
ggml/src/ggml-sycl/unified-cache.cpp,10824,direct_weight_mirror_miss_log,std::atomic<int>,function-local:get_weight_ptr,mutable,intrinsic:atomic,"unscoped lexical candidate: L10825:if (direct_weight_mirror_miss_log.fetch_add(1, std::memory_order_relaxed) < 10) {",none found by unscoped lexical scan,model/layer semantic state (review required),lifecycle not inferred; no binding-resolved reset analysis
ggml/src/ggml-sycl/unified-cache.cpp,10874,try_layouts,const ggml_layout_mode [],function-local:acquire_weight_lease,immutable binding,none evident,"unscoped lexical candidate: L10749:static const ggml_layout_mode try_layouts[] = { GGML_LAYOUT_COALESCED, GGML_LAYOUT_SOA, GGML_LAYOUT_AOS };",unscoped lexical candidate: L10790:for (auto layout : try_layouts) { | L10875:for (auto layout : try_layouts) {,process or function lifetime (review required),not applicable: immutable binding
ggml/src/ggml-sycl/unified-cache.cpp,10984,direct_mirror_unleased_log,std::atomic<int>,function-local:acquire_entry_lease,mutable,intrinsic:atomic,"unscoped lexical candidate: L10985:if (direct_mirror_unleased_log.fetch_add(1, std::memory_order_relaxed) < 10) {",none found by unscoped lexical scan,process or function lifetime (review required),lifecycle not inferred; no binding-resolved reset analysis
ggml/src/ggml-sycl/unified-cache.cpp,12227,g_onednn_graph_live_draws,std::atomic<int64_t>,namespace:ggml_sycl,mutable,intrinsic:atomic,"unscoped lexical candidate: L13609:g_onednn_graph_live_draws.fetch_add(1, std::memory_order_relaxed); | L13656:g_onednn_graph_live_draws.fetch_sub(1, std::memory_order_relaxed);",unscoped lexical candidate: L12230:return g_onednn_graph_live_draws.load(std::memory_order_relaxed);,process or function lifetime (review required),lifecycle not inferred; no binding-resolved reset analysis
ggml/src/ggml-sycl/unified-cache.cpp,12239,env_mb,const long,function-local:onednn_graph_scratch_direct_cap_bytes,immutable binding,none evident,unscoped lexical candidate: L2531:const long env_mb = nonfa_attn_scratch_mb_override(); | L2771:const long env_mb = onednn_graph_zone_mb_override(); | L4651:size_t env_mb = 0;,"unscoped lexical candidate: L2532:if (env_mb >= 0) { | L2533:return static_cast<size_t>(env_mb) * 1024ull * 1024ull; | L2628:// (env_mb == 0), distinct from unset/empty (env_mb == -1, which falls",process or function lifetime (review required),not applicable: immutable binding
ggml/src/ggml-sycl/unified-cache.cpp,12252,kOneGiB,constexpr size_t,function-local:onednn_graph_scratch_direct_cap_bytes,immutable binding,none evident,none found by unscoped lexical scan,"unscoped lexical candidate: L12257:return kOneGiB; | L12259:return std::min(kOneGiB, plan_time_available_bytes / 4);",process or function lifetime (review required),not applicable: immutable binding
ggml/src/ggml-sycl/unified-cache.cpp,12262,kOnednnGraphDirectFailureDrainTimeoutMs,constexpr uint32_t,namespace:ggml_sycl,immutable binding,none evident,none found by unscoped lexical scan,"unscoped lexical candidate: L13158:// kOnednnGraphDirectFailureDrainTimeoutMs (2 s), and holding this | L13169:drain_retained_handles(/*wait_all=*/true, /*timeout_ms=*/kOnednnGraphDirectFailureDrainTimeoutMs);",process or function lifetime (review required),not applicable: immutable binding
ggml/src/ggml-sycl/unified-cache.cpp,12263,kOnednnGraphDirectWaitPollTimeoutMs,constexpr uint32_t,namespace:ggml_sycl,immutable binding,none evident,none found by unscoped lexical scan,unscoped lexical candidate: L12802:std::this_thread::sleep_for(std::chrono::milliseconds(kOnednnGraphDirectWaitPollTimeoutMs));,process or function lifetime (review required),not applicable: immutable binding
ggml/src/ggml-sycl/unified-cache.cpp,12274,kOnednnGraphDirectWaitTotalTimeoutMs,constexpr uint32_t,namespace:ggml_sycl,immutable binding,none evident,none found by unscoped lexical scan,unscoped lexical candidate: L12753:// kOnednnGraphDirectWaitTotalTimeoutMs (5 s) poll loop below before | L12791:const auto deadline = wait_loop_entry + std::chrono::milliseconds(kOnednnGraphDirectWaitTotalTimeoutMs);,process or function lifetime (review required),not applicable: immutable binding
ggml/src/ggml-sycl/unified-cache.cpp,12286,depth,const size_t,function-local:onednn_graph_scratch_pool_depth_per_size,immutable binding,none evident,"unscoped lexical candidate: L2978:const size_t depth = unified_cache_get_planned_pp_moe_onednn_ring_depth(device_id); | L19832:""(depth=%u weight=%.1f MB activation=%.1f MB output=%.1f MB)\n"", | L19868:""[UNIFIED-CACHE] PP MoE oneDNN scratch ring reserved from %s: depth=%u total=%.1f MB """,unscoped lexical candidate: L309:if (a[i].owner_device != b[i].owner_device || a[i].depth != b[i].depth || | L2979:return depth != 0 && slot > std::numeric_limits<size_t>::max() / depth ? std::numeric_limits<size_t>::max() : | L2980:slot * depth;,process or function lifetime (review required),not applicable: immutable binding
ggml/src/ggml-sycl/unified-cache.cpp,12302,g_onednn_graph_scratch_test_force_direct_fail_count,std::atomic<uint32_t>,namespace:ggml_sycl,mutable,intrinsic:atomic,"unscoped lexical candidate: L12330:g_onednn_graph_scratch_test_force_direct_fail_count.store(count, std::memory_order_release);",unscoped lexical candidate: L12517:uint32_t remaining = g_onednn_graph_scratch_test_force_direct_fail_count.load(std::memory_order_acquire); | L12519:if (g_onednn_graph_scratch_test_force_direct_fail_count.compare_exchange_weak(,process or function lifetime (review required),lifecycle not inferred; no binding-resolved reset analysis
ggml/src/ggml-sycl/unified-cache.cpp,12303,g_onednn_graph_scratch_test_suppress_abort,std::atomic<bool>,namespace:ggml_sycl,mutable,intrinsic:atomic,"unscoped lexical candidate: L12337:g_onednn_graph_scratch_test_suppress_abort.store(suppress, std::memory_order_release);",unscoped lexical candidate: L13201:if (g_onednn_graph_scratch_test_suppress_abort.load(std::memory_order_acquire)) {,process or function lifetime (review required),lifecycle not inferred; no binding-resolved reset analysis
ggml/src/ggml-sycl/unified-cache.cpp,12304,g_onednn_graph_scratch_test_abort_triggered,std::atomic<bool>,namespace:ggml_sycl,mutable,intrinsic:atomic,"unscoped lexical candidate: L12339:g_onednn_graph_scratch_test_abort_triggered.store(false, std::memory_order_release); | L12344:return g_onednn_graph_scratch_test_abort_triggered.exchange(false, std::memory_order_acq_rel); | L13205:g_onednn_graph_scratch_test_abort_triggered.store(true, std::memory_order_release);",none found by unscoped lexical scan,process or function lifetime (review required),"lifecycle not inferred; unscoped lexical reset candidate: L12339:g_onednn_graph_scratch_test_abort_triggered.store(false, std::memory_order_release);"
ggml/src/ggml-sycl/unified-cache.cpp,12307,g_onednn_graph_scratch_test_force_blocking_pool_check,std::atomic<bool>,namespace:ggml_sycl,mutable,intrinsic:atomic,"unscoped lexical candidate: L12351:g_onednn_graph_scratch_test_force_blocking_pool_check.store(force, std::memory_order_release);",unscoped lexical candidate: L13337:g_onednn_graph_scratch_test_force_blocking_pool_check.load(std::memory_order_acquire);,process or function lifetime (review required),lifecycle not inferred; no binding-resolved reset analysis
ggml/src/ggml-sycl/unified-cache.cpp,12319,enabled,const bool,function-local:onednn_graph_scratch_test_hooks_enabled,immutable binding,none evident,unscoped lexical candidate: L3211:const int enabled = (env && std::atoi(env) != 0) ? 1 : 0; | L3872:static const bool enabled = []() { | L4665:int enabled = g_cache_assert_enabled.load(std::memory_order_acquire);,"unscoped lexical candidate: L2446:// micro-batch trial enabled); ""0"" disables it, falling back to the library | L2447:// default 512; any other NON-EMPTY value is treated as enabled, with one | L2464:""and leaving the auto micro-batch trial enabled\n"",",process or function lifetime (review required),not applicable: immutable binding
ggml/src/ggml-sycl/unified-cache.cpp,12404,kOnednnGraphScratchFlagSlabCapacity,constexpr size_t,namespace:ggml_sycl,immutable binding,none evident,none found by unscoped lexical scan,unscoped lexical candidate: L12416:const size_t bytes = kOnednnGraphScratchFlagSlabCapacity * sizeof(int32_t); | L12448:onednn_graph_scratch_flag_slot_free_list_.reserve(kOnednnGraphScratchFlagSlabCapacity); | L12449:for (size_t i = kOnednnGraphScratchFlagSlabCapacity; i > 0; --i) {,process or function lifetime (review required),not applicable: immutable binding
ggml/src/ggml-sycl/unified-cache.cpp,13566,enabled,const bool,function-local:onednn_graph_allocator_enabled,immutable binding,none evident,unscoped lexical candidate: L3211:const int enabled = (env && std::atoi(env) != 0) ? 1 : 0; | L3872:static const bool enabled = []() { | L4665:int enabled = g_cache_assert_enabled.load(std::memory_order_acquire);,"unscoped lexical candidate: L2446:// micro-batch trial enabled); ""0"" disables it, falling back to the library | L2447:// default 512; any other NON-EMPTY value is treated as enabled, with one | L2464:""and leaving the auto micro-batch trial enabled\n"",",process or function lifetime (review required),not applicable: immutable binding
ggml/src/ggml-sycl/unified-cache.cpp,13598,warned,std::atomic<bool>,function-local:onednn_graph_sycl_malloc,mutable,intrinsic:atomic,"unscoped lexical candidate: L13599:if (!warned.exchange(true, std::memory_order_relaxed)) { | L13645:if (!warned.exchange(true, std::memory_order_relaxed)) {",unscoped lexical candidate: L13644:static std::atomic<bool> warned{ false }; | L16726:// is counted (as a RAW spill) and warned about once.,process or function lifetime (review required),lifecycle not inferred; no binding-resolved reset analysis
ggml/src/ggml-sycl/unified-cache.cpp,13644,warned,std::atomic<bool>,function-local:onednn_graph_sycl_free,mutable,intrinsic:atomic,"unscoped lexical candidate: L13599:if (!warned.exchange(true, std::memory_order_relaxed)) { | L13645:if (!warned.exchange(true, std::memory_order_relaxed)) {",unscoped lexical candidate: L13598:static std::atomic<bool> warned{ false }; | L16726:// is counted (as a RAW spill) and warned about once.,process or function lifetime (review required),lifecycle not inferred; no binding-resolved reset analysis
ggml/src/ggml-sycl/unified-cache.cpp,14166,unpin_mismatch_count,std::atomic<int>,function-local:process_deferred_frees_locked,mutable,intrinsic:atomic,"unscoped lexical candidate: L14167:int count = unpin_mismatch_count.fetch_add(1, std::memory_order_relaxed) + 1;",none found by unscoped lexical scan,process or function lifetime (review required),lifecycle not inferred; no binding-resolved reset analysis
ggml/src/ggml-sycl/unified-cache.cpp,14327,enabled,const bool,function-local:strict_lease_checks_enabled,immutable binding,none evident,unscoped lexical candidate: L3211:const int enabled = (env && std::atoi(env) != 0) ? 1 : 0; | L3872:static const bool enabled = []() { | L4665:int enabled = g_cache_assert_enabled.load(std::memory_order_acquire);,"unscoped lexical candidate: L2446:// micro-batch trial enabled); ""0"" disables it, falling back to the library | L2447:// default 512; any other NON-EMPTY value is treated as enabled, with one | L2464:""and leaving the auto micro-batch trial enabled\n"",",process or function lifetime (review required),not applicable: immutable binding
ggml/src/ggml-sycl/unified-cache.cpp,15606,g_shared_ctx_queues,sycl::queue *[GGML_SYCL_MAX_DEVICES],namespace:ggml_sycl,mutable,none evident,"unscoped lexical candidate: L15620:g_shared_ctx_queues[device] = new sycl::queue(ctx, dev, default_queue_properties()); | L20937:g_shared_ctx_queues[d] = nullptr;",unscoped lexical candidate: L15614:if (g_shared_ctx_queues[device]) { | L15615:return g_shared_ctx_queues[device]; | L15622:return g_shared_ctx_queues[device];,device/process slot,lifecycle not inferred; no binding-resolved reset analysis
ggml/src/ggml-sycl/unified-cache.cpp,15607,g_shared_ctx_queues_initialized,bool,namespace:ggml_sycl,mutable,none evident,unscoped lexical candidate: L15672:g_shared_ctx_queues_initialized = true; | L20947:g_shared_ctx_queues_initialized = false;,unscoped lexical candidate: L15635:if (g_shared_ctx_queues_initialized && total_gpus <= g_shared_ctx_queues_initialized_for) {,device/process slot,lifecycle not inferred; no binding-resolved reset analysis
ggml/src/ggml-sycl/unified-cache.cpp,15608,g_shared_ctx_queues_initialized_for,int,namespace:ggml_sycl,mutable,none evident,"unscoped lexical candidate: L15673:g_shared_ctx_queues_initialized_for = std::max(g_shared_ctx_queues_initialized_for, total_gpus); | L20948:g_shared_ctx_queues_initialized_for = 0;",unscoped lexical candidate: L15635:if (g_shared_ctx_queues_initialized && total_gpus <= g_shared_ctx_queues_initialized_for) {,device/process slot,lifecycle not inferred; no binding-resolved reset analysis
ggml/src/ggml-sycl/unified-cache.cpp,16427,cached,"std::array<std::atomic<size_t>, GGML_SYCL_MAX_DEVICES>",function-local:unified_alloc_total_vram,mutable,intrinsic:atomic,"unscoped lexical candidate: L3194:int cached = s_strict.load(std::memory_order_acquire); | L3206:int cached = s_enabled.load(std::memory_order_acquire); | L4698:cached.store(enabled, std::memory_order_release);",unscoped lexical candidate: L1299:// probe's own freed-then-cached USM pool makes a live query read low). | L3195:if (cached >= 0) { | L3196:return cached != 0;,device/process slot,lifecycle not inferred; no binding-resolved reset analysis
ggml/src/ggml-sycl/unified-cache.cpp,16484,s_phase_gate_mode,std::atomic<int>,function-local:unified_alloc,mutable,intrinsic:atomic,"unscoped lexical candidate: L16492:s_phase_gate_mode.store(mode, std::memory_order_relaxed);",unscoped lexical candidate: L16485:int mode = s_phase_gate_mode.load(std::memory_order_relaxed);,process or function lifetime (review required),lifecycle not inferred; no binding-resolved reset analysis
ggml/src/ggml-sycl/unified-cache.cpp,17659,registry,moe_mmid_workspace_registry,function-local:<function>,mutable,none evident,"unscoped lexical candidate: L96:auto & registry = lifecycle::global_registry(); | L18420:GGML_LOG_WARN(""[UNIFIED-ALLOC] managed registry mismatch%s%s dev=%d tracked=%zu registry=%zu\n"", | L18427:GGML_LOG_WARN(""[UNIFIED-ALLOC] managed registry mismatch%s%s host tracked=%zu registry=%zu\n"",","unscoped lexical candidate: L9:#include ""alloc-registry.hpp"" | L97:const auto txn = registry.bound_candidate(); | L101:auto effect = registry.acquire_load_effect(txn);",model/layer semantic state (review required),lifecycle not inferred; no binding-resolved reset analysis
ggml/src/ggml-sycl/unified-cache.cpp,18684,cat_names,const char *[],function-local:unified_cache_log_budget_summary,mutable,none evident,none found by unscoped lexical scan,none found by unscoped lexical scan,process or function lifetime (review required),lifecycle not inferred; no binding-resolved reset analysis
ggml/src/ggml-sycl/unified-cache.cpp,18881,cached_env,std::atomic<int>,function-local:unified_cache_should_offload_kv,mutable,intrinsic:atomic,"unscoped lexical candidate: L18886:cached_env.store(env_val, std::memory_order_release);",unscoped lexical candidate: L18882:int env_val = cached_env.load(std::memory_order_acquire);,process or function lifetime (review required),lifecycle not inferred; no binding-resolved reset analysis
ggml/src/ggml-sycl/unified-cache.cpp,18899,cached_hc,std::atomic<int>,function-local:unified_cache_should_offload_kv,mutable,intrinsic:atomic,"unscoped lexical candidate: L18904:cached_hc.store(hc_val, std::memory_order_release);",unscoped lexical candidate: L18900:int hc_val = cached_hc.load(std::memory_order_acquire);,process or function lifetime (review required),lifecycle not inferred; no binding-resolved reset analysis
ggml/src/ggml-sycl/unified-cache.cpp,19004,pin_layouts,constexpr ggml_layout_mode [],function-local:prestage_routed_experts,immutable binding,none evident,none found by unscoped lexical scan,unscoped lexical candidate: L19020:for (ggml_layout_mode layout : pin_layouts) {,process or function lifetime (review required),not applicable: immutable binding
ggml/src/ggml-sycl/unified-cache.cpp,20709,total_external_bytes,std::atomic<size_t>,function-local:unified_cache_note_raw_exit,mutable,intrinsic:atomic,"unscoped lexical candidate: L20710:const size_t total_now = total_external_bytes.fetch_add(size, std::memory_order_relaxed) + size;",none found by unscoped lexical scan,process or function lifetime (review required),lifecycle not inferred; no binding-resolved reset analysis
ggml/src/ggml-sycl/unified-cache.cpp,21879,refusal_logs,std::atomic<int> [static_cast<int>(host_zone_id::COUNT)],function-local:host_zone_settle,mutable,intrinsic:atomic,none found by unscoped lexical scan,unscoped lexical candidate: L21880:std::atomic<int> & zone_logs = refusal_logs[static_cast<int>(zone)]; | L25064:static std::atomic<int> refusal_logs[static_cast<int>(vram_zone_id::COUNT)]{}; | L25065:std::atomic<int> & zone_logs = refusal_logs[static_cast<int>(zone)];,process or function lifetime (review required),lifecycle not inferred; no binding-resolved reset analysis
ggml/src/ggml-sycl/unified-cache.cpp,22580,regrow_refusal_logs,std::atomic<int>,function-local:reserve_scratch_pool,mutable,intrinsic:atomic,"unscoped lexical candidate: L22581:if (regrow_refusal_logs.fetch_add(1, std::memory_order_relaxed) < 8) {",none found by unscoped lexical scan,process or function lifetime (review required),lifecycle not inferred; no binding-resolved reset analysis
ggml/src/ggml-sycl/unified-cache.cpp,22873,exhaustion_logs,std::atomic<int>,function-local:scratch_pool_epoch_boundary,mutable,intrinsic:atomic,"unscoped lexical candidate: L22874:if (exhaustion_logs.fetch_add(1, std::memory_order_relaxed) < 8) {",none found by unscoped lexical scan,process or function lifetime (review required),lifecycle not inferred; no binding-resolved reset analysis
ggml/src/ggml-sycl/unified-cache.cpp,23936,g_moe_buffers,"std::array<moe_inference_buffers, GGML_SYCL_MAX_DEVICES>",namespace:ggml_sycl,mutable,none evident,none found by unscoped lexical scan,unscoped lexical candidate: L23956:moe_inference_buffers & bufs = g_moe_buffers[device_id]; | L24080:if (!g_moe_buffers[device_id].initialized) { | L24083:return &g_moe_buffers[device_id];,device/process slot,lifecycle not inferred; no binding-resolved reset analysis
ggml/src/ggml-sycl/unified-cache.cpp,23937,g_moe_buffers_mutex,std::mutex,namespace:ggml_sycl,mutable,intrinsic:lock primitive,none found by unscoped lexical scan,unscoped lexical candidate: L23955:std::lock_guard<std::mutex> lock(g_moe_buffers_mutex); | L24079:std::lock_guard<std::mutex> lock(g_moe_buffers_mutex); | L24156:std::lock_guard<std::mutex> lock(g_moe_buffers_mutex);,model/layer semantic state (review required),lifecycle not inferred; no binding-resolved reset analysis
ggml/src/ggml-sycl/unified-cache.cpp,24168,enabled,const bool,function-local:vram_arena_enabled,immutable binding,none evident,unscoped lexical candidate: L3211:const int enabled = (env && std::atoi(env) != 0) ? 1 : 0; | L3872:static const bool enabled = []() { | L4665:int enabled = g_cache_assert_enabled.load(std::memory_order_acquire);,"unscoped lexical candidate: L2446:// micro-batch trial enabled); ""0"" disables it, falling back to the library | L2447:// default 512; any other NON-EMPTY value is treated as enabled, with one | L2464:""and leaving the auto micro-batch trial enabled\n"",",process or function lifetime (review required),not applicable: immutable binding
ggml/src/ggml-sycl/unified-cache.cpp,25005,shared_kv_reset_logs,std::atomic<int>,function-local:zone_settle,mutable,intrinsic:atomic,"unscoped lexical candidate: L25006:if (shared_kv_reset_logs.fetch_add(1, std::memory_order_relaxed) < 8) {",none found by unscoped lexical scan,model/layer semantic state (review required),lifecycle not inferred; no binding-resolved reset analysis
ggml/src/ggml-sycl/unified-cache.cpp,25034,group_refusal_logs,std::atomic<int> [ARENA_ALLOCATOR_GROUP_COUNT],function-local:zone_settle,mutable,intrinsic:atomic,none found by unscoped lexical scan,unscoped lexical candidate: L25035:std::atomic<int> & logs = group_refusal_logs[arena_allocator_group_index(zone)];,tensor/allocation identity or registry,lifecycle not inferred; no binding-resolved reset analysis
ggml/src/ggml-sycl/unified-cache.cpp,25064,refusal_logs,std::atomic<int> [static_cast<int>(vram_zone_id::COUNT)],function-local:zone_settle,mutable,intrinsic:atomic,none found by unscoped lexical scan,unscoped lexical candidate: L21879:static std::atomic<int> refusal_logs[static_cast<int>(host_zone_id::COUNT)]{}; | L21880:std::atomic<int> & zone_logs = refusal_logs[static_cast<int>(zone)]; | L25065:std::atomic<int> & zone_logs = refusal_logs[static_cast<int>(zone)];,process or function lifetime (review required),lifecycle not inferred; no binding-resolved reset analysis
ggml/src/ggml-sycl/unified-cache.cpp,26434,forced,const bool,function-local:planner_xmx_moe_forced,immutable binding,none evident,"unscoped lexical candidate: L483:const unsigned long long forced = std::strtoull(env, &end, 10);",unscoped lexical candidate: L484:if (end == env || forced == 0) { | L487:const size_t forced_bytes = static_cast<size_t>(forced); | L1234:// onednn_pipeline_planned is conservatively forced true: this function is,process or function lifetime (review required),not applicable: immutable binding
ggml/src/ggml-sycl/unified-cache.cpp,26444,enabled,const bool,function-local:planner_moe_prompt_down_specialized_layouts_enabled,immutable binding,none evident,unscoped lexical candidate: L3211:const int enabled = (env && std::atoi(env) != 0) ? 1 : 0; | L3872:static const bool enabled = []() { | L4665:int enabled = g_cache_assert_enabled.load(std::memory_order_acquire);,"unscoped lexical candidate: L2446:// micro-batch trial enabled); ""0"" disables it, falling back to the library | L2447:// default 512; any other NON-EMPTY value is treated as enabled, with one | L2464:""and leaving the auto micro-batch trial enabled\n"",",process or function lifetime (review required),not applicable: immutable binding
ggml/src/ggml-sycl/unified-cache.cpp,26452,enabled,const bool,function-local:planner_moe_prompt_down_transient_soa_enabled,immutable binding,none evident,unscoped lexical candidate: L3211:const int enabled = (env && std::atoi(env) != 0) ? 1 : 0; | L3872:static const bool enabled = []() { | L4665:int enabled = g_cache_assert_enabled.load(std::memory_order_acquire);,"unscoped lexical candidate: L2446:// micro-batch trial enabled); ""0"" disables it, falling back to the library | L2447:// default 512; any other NON-EMPTY value is treated as enabled, with one | L2464:""and leaving the auto micro-batch trial enabled\n"",",process or function lifetime (review required),not applicable: immutable binding
ggml/src/ggml-sycl/unified-cache.cpp,26460,enabled,const bool,function-local:planner_moe_xmx_tiled_pp_proof_enabled,immutable binding,none evident,unscoped lexical candidate: L3211:const int enabled = (env && std::atoi(env) != 0) ? 1 : 0; | L3872:static const bool enabled = []() { | L4665:int enabled = g_cache_assert_enabled.load(std::memory_order_acquire);,"unscoped lexical candidate: L2446:// micro-batch trial enabled); ""0"" disables it, falling back to the library | L2447:// default 512; any other NON-EMPTY value is treated as enabled, with one | L2464:""and leaving the auto micro-batch trial enabled\n"",",process or function lifetime (review required),not applicable: immutable binding
ggml/src/ggml-sycl/unified-cache.cpp,26474,active,const bool,function-local:planner_xmx_tiled_pp_route_active,immutable binding,none evident,"unscoped lexical candidate: L3781:bool active = false; | L4442:t_arena_pp_profile.active = true; | L17252:GGML_LOG_ERROR(""[UNIFIED-ALLOC] strict offload-pool stale lease ptr=%p lease=%llu active=%llu in_use=%d\n"",","unscoped lexical candidate: L398:if (!out || !snapshot.active() || !plan || !plan->plan || plan->version == 0 || !model_token.valid() || | L2702:// planned zones exceed active arena but live allocations prevent rebuild"". | L3880:return t_arena_pp_profile.active;",process or function lifetime (review required),not applicable: immutable binding
ggml/src/ggml-sycl/unified-cache.cpp,26494,enabled,const bool,function-local:planner_moe_xmx_moe_forced,immutable binding,none evident,unscoped lexical candidate: L3211:const int enabled = (env && std::atoi(env) != 0) ? 1 : 0; | L3872:static const bool enabled = []() { | L4665:int enabled = g_cache_assert_enabled.load(std::memory_order_acquire);,"unscoped lexical candidate: L2446:// micro-batch trial enabled); ""0"" disables it, falling back to the library | L2447:// default 512; any other NON-EMPTY value is treated as enabled, with one | L2464:""and leaving the auto micro-batch trial enabled\n"",",process or function lifetime (review required),not applicable: immutable binding
ggml/src/ggml-sycl/unified-cache.cpp,26509,enabled,const bool,function-local:planner_moe_xmx_moe_allow_unsafe_pp,immutable binding,none evident,unscoped lexical candidate: L3211:const int enabled = (env && std::atoi(env) != 0) ? 1 : 0; | L3872:static const bool enabled = []() { | L4665:int enabled = g_cache_assert_enabled.load(std::memory_order_acquire);,"unscoped lexical candidate: L2446:// micro-batch trial enabled); ""0"" disables it, falling back to the library | L2447:// default 512; any other NON-EMPTY value is treated as enabled, with one | L2464:""and leaving the auto micro-batch trial enabled\n"",",process or function lifetime (review required),not applicable: immutable binding
ggml/src/ggml-sycl/unified-cache.cpp,26531,enabled,const bool,function-local:planner_moe_gateup_bundle4_enabled,immutable binding,none evident,unscoped lexical candidate: L3211:const int enabled = (env && std::atoi(env) != 0) ? 1 : 0; | L3872:static const bool enabled = []() { | L4665:int enabled = g_cache_assert_enabled.load(std::memory_order_acquire);,"unscoped lexical candidate: L2446:// micro-batch trial enabled); ""0"" disables it, falling back to the library | L2447:// default 512; any other NON-EMPTY value is treated as enabled, with one | L2464:""and leaving the auto micro-batch trial enabled\n"",",process or function lifetime (review required),not applicable: immutable binding
ggml/src/ggml-sycl/unified-cache.cpp,26544,enabled,const bool,function-local:planner_kv_pin_device_enabled,immutable binding,none evident,unscoped lexical candidate: L3211:const int enabled = (env && std::atoi(env) != 0) ? 1 : 0; | L3872:static const bool enabled = []() { | L4665:int enabled = g_cache_assert_enabled.load(std::memory_order_acquire);,"unscoped lexical candidate: L2446:// micro-batch trial enabled); ""0"" disables it, falling back to the library | L2447:// default 512; any other NON-EMPTY value is treated as enabled, with one | L2464:""and leaving the auto micro-batch trial enabled\n"",",process or function lifetime (review required),not applicable: immutable binding
ggml/src/ggml-sycl/unified-cache.cpp,27944,enabled,const bool,function-local:planner_moe_layout_debug_enabled,immutable binding,none evident,unscoped lexical candidate: L3211:const int enabled = (env && std::atoi(env) != 0) ? 1 : 0; | L3872:static const bool enabled = []() { | L4665:int enabled = g_cache_assert_enabled.load(std::memory_order_acquire);,"unscoped lexical candidate: L2446:// micro-batch trial enabled); ""0"" disables it, falling back to the library | L2447:// default 512; any other NON-EMPTY value is treated as enabled, with one | L2464:""and leaving the auto micro-batch trial enabled\n"",",process or function lifetime (review required),not applicable: immutable binding
ggml/src/ggml-sycl/unified-cache.cpp,27971,cap,const size_t,function-local:planner_moe_down_i8_max_tensors,immutable binding,none evident,"unscoped lexical candidate: L12729:const size_t cap = onednn_graph_scratch_direct_cap_bytes( | L13105:""%.2f MB (outstanding=%.2f MB, cap=%.2f MB, waits so far=%zu) -- attempting the allocation anyway ""","unscoped lexical candidate: L771:// Calls to note_runtime_request the cap refused (a new rung beyond kHoldRungRecordLimit; a call, not a rung: one | L1213:// external-headroom cap on top""). This function is called by | L1221:// and incorrectly claimed, always >= the flat 2 GiB formula cap (false",process or function lifetime (review required),not applicable: immutable binding
ggml/src/ggml-sycl/unified-cache.cpp,28744,weight_suffix,const char [],function-local:plan_moe_mmid_workspaces,immutable binding,none evident,none found by unscoped lexical scan,"unscoped lexical candidate: L28746:if (nm.size() < sizeof(weight_suffix) - 1 || | L28747:nm.compare(nm.size() - (sizeof(weight_suffix) - 1), sizeof(weight_suffix) - 1, weight_suffix) != 0) {",model/layer semantic state (review required),not applicable: immutable binding
ggml/src/ggml-sycl/unified-cache.cpp,30296,priority_names,const char *[],function-local:compute_placement_plan,mutable,none evident,"unscoped lexical candidate: L32410:static const char * priority_names[] = { ""NORM/EMBED"", ""ATTENTION"", ""FFN"", ""MOE_GATE"",","unscoped lexical candidate: L30313:GGML_LOG_INFO(""[PLACEMENT] %-14s device=%3zu (%.1f MB) host=%3zu (%.1f MB)\n"", priority_names[p], | L32427:GGML_LOG_INFO(""[PLACEMENT-MULTI] %-14s device=%3zu (%.1f MB) host=%3zu (%.1f MB)\n"", priority_names[p],",process or function lifetime (review required),lifecycle not inferred; no binding-resolved reset analysis
ggml/src/ggml-sycl/unified-cache.cpp,30461,exact_or_dense_preferred_names,const char *[],function-local:planner_infer_activation_hidden_dim,mutable,none evident,none found by unscoped lexical scan,unscoped lexical candidate: L30486:for (const char * needle : exact_or_dense_preferred_names) {,process or function lifetime (review required),lifecycle not inferred; no binding-resolved reset analysis
ggml/src/ggml-sycl/unified-cache.cpp,31163,reserve_mb,long long,function-local:no_p2p_candidate_runtime_reserve_bytes,mutable,none evident,unscoped lexical candidate: L31166:reserve_mb = env ? std::atoll(env) : 3072; | L31168:reserve_mb = 0;,unscoped lexical candidate: L31164:if (reserve_mb < 0) { | L31167:if (reserve_mb < 0) { | L31171:return static_cast<size_t>(reserve_mb) * 1024ull * 1024ull;,process or function lifetime (review required),lifecycle not inferred; no binding-resolved reset analysis
ggml/src/ggml-sycl/unified-cache.cpp,31434,mode_names,const char *[],function-local:compute_multi_device_plan,mutable,none evident,none found by unscoped lexical scan,"unscoped lexical candidate: L31435:GGML_LOG_INFO(""[PLACEMENT-MULTI] Mode: %s\n"", mode_names[static_cast<int>(mode)]);",process or function lifetime (review required),lifecycle not inferred; no binding-resolved reset analysis
ggml/src/ggml-sycl/unified-cache.cpp,32410,priority_names,const char *[],function-local:compute_multi_device_plan,mutable,none evident,"unscoped lexical candidate: L30296:static const char * priority_names[] = { ""NORM/EMBED"", ""ATTENTION"", ""FFN"", ""MOE_GATE"",","unscoped lexical candidate: L30313:GGML_LOG_INFO(""[PLACEMENT] %-14s device=%3zu (%.1f MB) host=%3zu (%.1f MB)\n"", priority_names[p], | L32427:GGML_LOG_INFO(""[PLACEMENT-MULTI] %-14s device=%3zu (%.1f MB) host=%3zu (%.1f MB)\n"", priority_names[p],",process or function lifetime (review required),lifecycle not inferred; no binding-resolved reset analysis
ggml/src/ggml-sycl/unified-cache.hpp,1714,kHoldRungRecordLimit,constexpr size_t,namespace:ggml_sycl,immutable binding,none evident,none found by unscoped lexical scan,unscoped lexical candidate: L1740:// How many calls of unified_cache_note_runtime_request the per-rung record cap (kHoldRungRecordLimit) refused for this,process or function lifetime (review required),not applicable: immutable binding
ggml/src/ggml-sycl/unified-cache.hpp,2147,k_cache_guard_magic,constexpr uint64_t,namespace:detail,immutable binding,none evident,none found by unscoped lexical scan,unscoped lexical candidate: L2150:uint64_t magic = k_cache_guard_magic; | L2214:header->magic = k_cache_guard_magic; | L2236:if (!header || header->magic != k_cache_guard_magic || header->mapping_size == 0) {,process or function lifetime (review required),not applicable: immutable binding
ggml/src/ggml-sycl/unified-cache.hpp,2600,MODEL_SLOT_NONE,constexpr uint32_t,namespace:ggml_sycl,immutable binding,none evident,none found by unscoped lexical scan,none found by unscoped lexical scan,model/layer semantic state (review required),not applicable: immutable binding
ggml/src/ggml-sycl/unified-cache.hpp,2601,MODEL_SLOT_COUNT,constexpr uint32_t,namespace:ggml_sycl,immutable binding,none evident,none found by unscoped lexical scan,none found by unscoped lexical scan,model/layer semantic state (review required),not applicable: immutable binding
ggml/src/ggml-sycl/unified-cache.hpp,2752,kDebugLeaseRingSize,constexpr int,class:unified_cache_entry,immutable binding,none evident,none found by unscoped lexical scan,unscoped lexical candidate: L2760:debug_lease_event debug_lease_ring[kDebugLeaseRingSize]{};,class:unified_cache_entry,not applicable: immutable binding
ggml/src/ggml-sycl/unified-cache.hpp,4776,ARENA_ALLOCATOR_GROUP_COUNT,constexpr size_t,class:unified_cache,immutable binding,none evident,none found by unscoped lexical scan,"unscoped lexical candidate: L4777:std::array<allocator_group, ARENA_ALLOCATOR_GROUP_COUNT> arena_allocator_groups_{};",class:unified_cache,not applicable: immutable binding
ggml/src/ggml-sycl/unified-cache.hpp,5401,kScratchPoolRegionCount,constexpr int,class:unified_cache,immutable binding,none evident,none found by unscoped lexical scan,"unscoped lexical candidate: L4265:// scratch_pool_size_ is the larger, kScratchPoolRegionCount x TOTAL | L5416:std::array<scratch_pool_region, kScratchPoolRegionCount> scratch_pool_regions_; | L5419:// kScratchPoolRegionCount, not the other way around -- see the sizing",class:unified_cache,not applicable: immutable binding
ggml/src/ggml-sycl/unified-cache.hpp,5458,VRAM_SAFETY_MARGIN,constexpr size_t,class:unified_cache,immutable binding,none evident,none found by unscoped lexical scan,none found by unscoped lexical scan,class:unified_cache,not applicable: immutable binding
ggml/src/ggml-sycl/unified-cache.hpp,5607,DECAY_ALPHA,constexpr float,class:unified_cache,immutable binding,none evident,none found by unscoped lexical scan,none found by unscoped lexical scan,class:unified_cache,not applicable: immutable binding
ggml/src/ggml-sycl/unified-cache.hpp,5740,GGML_SYCL_S1_PRELOAD_MAX_IN_FLIGHT_DEFAULT,constexpr size_t,namespace:ggml_sycl,immutable binding,none evident,none found by unscoped lexical scan,unscoped lexical candidate: L5745:size_t value = GGML_SYCL_S1_PRELOAD_MAX_IN_FLIGHT_DEFAULT;,process or function lifetime (review required),not applicable: immutable binding
ggml/src/ggml-sycl/unified-cache.hpp,5741,GGML_SYCL_S1_PRELOAD_MAX_IN_FLIGHT_MIN,constexpr size_t,namespace:ggml_sycl,immutable binding,none evident,none found by unscoped lexical scan,unscoped lexical candidate: L5749:if (value < GGML_SYCL_S1_PRELOAD_MAX_IN_FLIGHT_MIN) { | L5750:value = GGML_SYCL_S1_PRELOAD_MAX_IN_FLIGHT_MIN;,process or function lifetime (review required),not applicable: immutable binding
ggml/src/ggml-sycl/unified-cache.hpp,5742,GGML_SYCL_S1_PRELOAD_MAX_IN_FLIGHT_MAX,constexpr size_t,namespace:ggml_sycl,immutable binding,none evident,none found by unscoped lexical scan,unscoped lexical candidate: L5752:if (value > GGML_SYCL_S1_PRELOAD_MAX_IN_FLIGHT_MAX) { | L5753:value = GGML_SYCL_S1_PRELOAD_MAX_IN_FLIGHT_MAX;,process or function lifetime (review required),not applicable: immutable binding
ggml/src/ggml-sycl/fattn.cpp,58,g_packed_k_profile_error_after_submit_count,std::atomic<uint64_t>,file,mutable,intrinsic:atomic,"unscoped lexical candidate: L63:g_packed_k_profile_error_after_submit_count.fetch_add(1, std::memory_order_relaxed);",unscoped lexical candidate: L69:return g_packed_k_profile_error_after_submit_count.load(std::memory_order_relaxed);,process or function lifetime (review required),lifecycle not inferred; no binding-resolved reset analysis
ggml/src/ggml-sycl/fattn.cpp,149,g_packed_k_sidecar_mutex,std::mutex,anonymous-namespace,mutable,intrinsic:lock primitive,none found by unscoped lexical scan,unscoped lexical candidate: L400:std::lock_guard<std::mutex> lock(g_packed_k_sidecar_mutex); | L424:std::lock_guard<std::mutex> lock(g_packed_k_sidecar_mutex); | L537:std::lock_guard<std::mutex> lock(g_packed_k_sidecar_mutex);,process or function lifetime (review required),lifecycle not inferred; no binding-resolved reset analysis
ggml/src/ggml-sycl/fattn.cpp,150,g_packed_k_sidecars,std::vector<std::unique_ptr<ggml_sycl_fattn_xmx_packed_k_sidecar_entry>>,anonymous-namespace,mutable,none evident,unscoped lexical candidate: L552:g_packed_k_sidecars.push_back(std::move(owned)); | L594:g_packed_k_sidecars.erase(it); | L673:it = g_packed_k_sidecars.erase(it);,unscoped lexical candidate: L401:for (const auto & entry : g_packed_k_sidecars) { | L425:for (const auto & entry : g_packed_k_sidecars) { | L538:for (const auto & candidate : g_packed_k_sidecars) {,process or function lifetime (review required),lifecycle not inferred; unscoped lexical reset candidate: L594:g_packed_k_sidecars.erase(it); | L673:it = g_packed_k_sidecars.erase(it);
ggml/src/ggml-sycl/fattn.cpp,464,count,std::atomic<int>,function-local:<lambda>,mutable,intrinsic:atomic,"unscoped lexical candidate: L468:const int idx = count.fetch_add(1, std::memory_order_relaxed);","unscoped lexical candidate: L55:""Packed-K materializer byte count must match the proven ext_intel_packed ABI""); | L303:.count()) : | L376:.count()) :",process or function lifetime (review required),lifecycle not inferred; no binding-resolved reset analysis
ggml/src/ggml-sycl/fattn.cpp,714,g_sycl_paged_v2_enabled,bool,file,mutable,none evident,unscoped lexical candidate: L811:g_sycl_paged_v2_enabled = true;,"unscoped lexical candidate: L1117:if (!g_sycl_paged_v2_enabled) { | L2252:if (g_sycl_paged_v2_enabled) { | L2254:// (ggml_sycl_flash_attn_ext_dispatch_ncols, `!g_sycl_paged_v2_enabled`)",process or function lifetime (review required),lifecycle not inferred; no binding-resolved reset analysis
ggml/src/ggml-sycl/fattn.cpp,715,g_sycl_paged_v2_initialized,bool,file,mutable,none evident,unscoped lexical candidate: L807:g_sycl_paged_v2_initialized = true;,unscoped lexical candidate: L804:if (g_sycl_paged_v2_initialized) {,process or function lifetime (review required),lifecycle not inferred; no binding-resolved reset analysis
ggml/src/ggml-sycl/fattn.cpp,720,g_fattn_shutting_down,std::atomic<bool>,file,mutable,intrinsic:atomic,"unscoped lexical candidate: L726:g_fattn_shutting_down.store(true); | L1068:g_fattn_shutting_down.store(value != 0, std::memory_order_release);",unscoped lexical candidate: L843:if (g_fattn_shutting_down.load(std::memory_order_acquire)) { | L906:if (g_fattn_shutting_down.load(std::memory_order_acquire)) { | L961:if (g_fattn_shutting_down.load(std::memory_order_acquire)) {,process or function lifetime (review required),lifecycle not inferred; no binding-resolved reset analysis
ggml/src/ggml-sycl/fattn.cpp,721,g_fattn_atexit_registered,std::atomic<bool>,file,mutable,intrinsic:atomic,none found by unscoped lexical scan,"unscoped lexical candidate: L731:if (g_fattn_atexit_registered.compare_exchange_strong(expected, true)) {",process or function lifetime (review required),lifecycle not inferred; no binding-resolved reset analysis
ggml/src/ggml-sycl/fattn.cpp,722,g_seq_id_buffer_instances,std::atomic<int>,file,mutable,intrinsic:atomic,unscoped lexical candidate: L877:g_seq_id_buffer_instances.fetch_add(1); | L882:g_seq_id_buffer_instances.fetch_sub(1);,unscoped lexical candidate: L1059:return g_seq_id_buffer_instances.load();,process or function lifetime (review required),lifecycle not inferred; no binding-resolved reset analysis
ggml/src/ggml-sycl/fattn.cpp,723,g_seq_id_buffer_allocs,std::atomic<int>,file,mutable,intrinsic:atomic,unscoped lexical candidate: L890:g_seq_id_buffer_allocs.fetch_sub(1); | L900:g_seq_id_buffer_allocs.fetch_add(1);,unscoped lexical candidate: L1063:return g_seq_id_buffer_allocs.load();,tensor/allocation identity or registry,lifecycle not inferred; no binding-resolved reset analysis
ggml/src/ggml-sycl/fattn.cpp,857,g_v2_auto,v2_auto_buffers,file,mutable,thread-local,none found by unscoped lexical scan,unscoped lexical candidate: L1181:if (!g_v2_auto.block_table || g_v2_auto.alloc_queue != ctx.stream() || | L1182:g_v2_auto.block_table_capacity < (size_t) block_table_size) { | L1183:if (g_v2_auto.block_table) {,thread,lifecycle not inferred; unscoped lexical reset candidate: L4405:// Note: No wait() or free() here - temp buffer is persistent (g_v2_auto.temp_buf)
ggml/src/ggml-sycl/fattn.cpp,918,g_tl_seq_buffers,tl_seq_id_buffers,file,mutable,thread-local,none found by unscoped lexical scan,"unscoped lexical candidate: L944:// mirrors g_tl_seq_buffers). Memcpy happens on the inference stream, so | L1072:g_tl_seq_buffers.free_all(); | L1079:if (g_tl_seq_buffers.alloc_queue && g_tl_seq_buffers.alloc_queue != stream) {",thread,lifecycle not inferred; no binding-resolved reset analysis
ggml/src/ggml-sycl/fattn.cpp,970,g_tl_fattn_weight_stage,tl_fattn_weight_stage,file,mutable,thread-local,none found by unscoped lexical scan,"unscoped lexical candidate: L1013:auto & stage = g_tl_fattn_weight_stage; | L3518:mask, device, stream_ptr, ""mask"", g_tl_fattn_weight_stage.mask_dev, | L3519:g_tl_fattn_weight_stage.mask_capacity, g_tl_fattn_weight_stage.mask_owner) :",thread,lifecycle not inferred; no binding-resolved reset analysis
ggml/src/ggml-sycl/fattn.cpp,1029,warned,bool,function-local:ggml_sycl_fattn_stage_weight_src,mutable,none evident,unscoped lexical candidate: L1035:warned = true;,unscoped lexical candidate: L1030:if (!warned) {,process or function lifetime (review required),lifecycle not inferred; no binding-resolved reset analysis
ggml/src/ggml-sycl/fattn.cpp,1049,staged_log_left,std::atomic<int>,function-local:ggml_sycl_fattn_stage_weight_src,mutable,intrinsic:atomic,unscoped lexical candidate: L1050:if (staged_log_left.fetch_sub(1) > 0) {,none found by unscoped lexical scan,process or function lifetime (review required),lifecycle not inferred; no binding-resolved reset analysis
ggml/src/ggml-sycl/fattn.cpp,1261,g_sycl_kv_fp8_enabled,bool,file,mutable,none evident,unscoped lexical candidate: L1272:g_sycl_kv_fp8_enabled = true;,none found by unscoped lexical scan,model/layer semantic state (review required),lifecycle not inferred; no binding-resolved reset analysis
ggml/src/ggml-sycl/fattn.cpp,1262,g_sycl_kv_fp8_initialized,bool,file,mutable,none evident,unscoped lexical candidate: L1268:g_sycl_kv_fp8_initialized = true;,unscoped lexical candidate: L1265:if (g_sycl_kv_fp8_initialized) {,model/layer semantic state (review required),lifecycle not inferred; no binding-resolved reset analysis
ggml/src/ggml-sycl/fattn.cpp,1285,g_sycl_fa_esimd_enabled,bool,file,mutable,none evident,unscoped lexical candidate: L1306:g_sycl_fa_esimd_enabled = true;,unscoped lexical candidate: L2525:fast_decode_policy.fast_esimd_safe && g_sycl_fa_esimd_enabled && fattn_esimd_f16_available(); | L2630:if (ne01 <= 1 || !g_sycl_fa_esimd_enabled || !fattn_esimd_f16_available()) { | L3038:if (g_sycl_fa_esimd_enabled && fattn_esimd_f16_available()) {,process or function lifetime (review required),lifecycle not inferred; no binding-resolved reset analysis
ggml/src/ggml-sycl/fattn.cpp,1286,g_sycl_fa_esimd_initialized,bool,file,mutable,none evident,unscoped lexical candidate: L1295:g_sycl_fa_esimd_initialized = true;,unscoped lexical candidate: L1292:if (g_sycl_fa_esimd_initialized) {,process or function lifetime (review required),lifecycle not inferred; no binding-resolved reset analysis
ggml/src/ggml-sycl/fattn.cpp,1287,g_sycl_fa_safe_decode_initialized,bool,file,mutable,none evident,unscoped lexical candidate: L1348:g_sycl_fa_safe_decode_initialized = true;,unscoped lexical candidate: L1345:if (g_sycl_fa_safe_decode_initialized) {,process or function lifetime (review required),lifecycle not inferred; no binding-resolved reset analysis
ggml/src/ggml-sycl/fattn.cpp,1288,g_sycl_fa_safe_decode_enabled,bool,file,mutable,none evident,unscoped lexical candidate: L1351:g_sycl_fa_safe_decode_enabled = false; | L1353:g_sycl_fa_safe_decode_enabled = true;,unscoped lexical candidate: L2527:g_sycl_fa_safe_decode_enabled && ne01 <= 1 && (g_sycl_fa_safe_decode_forced || !fast_esimd_decode);,process or function lifetime (review required),lifecycle not inferred; no binding-resolved reset analysis
ggml/src/ggml-sycl/fattn.cpp,1289,g_sycl_fa_safe_decode_forced,bool,file,mutable,none evident,unscoped lexical candidate: L1354:g_sycl_fa_safe_decode_forced = true;,"unscoped lexical candidate: L2527:g_sycl_fa_safe_decode_enabled && ne01 <= 1 && (g_sycl_fa_safe_decode_forced || !fast_esimd_decode); | L2620:(int) fast_decode_policy.fast_esimd_safe, (int) g_sycl_fa_safe_decode_forced);",process or function lifetime (review required),lifecycle not inferred; no binding-resolved reset analysis
ggml/src/ggml-sycl/fattn.cpp,1317,g_sycl_fa_onednn_enabled,bool,file,mutable,none evident,unscoped lexical candidate: L1327:g_sycl_fa_onednn_enabled = false; | L1338:g_sycl_fa_onednn_enabled = false;,"unscoped lexical candidate: L1337:if (g_sycl_fa_onednn_enabled && no_xmx_env && std::atoi(no_xmx_env) != 0) { | L2151:// env-var gate in this file (g_sycl_fa_onednn_enabled, onednn_min_ncols, | L2194:// (GGML_SYCL_FA_ONEDNN_D512, g_sycl_fa_onednn_enabled/paged-v2) -- see the",process or function lifetime (review required),lifecycle not inferred; no binding-resolved reset analysis
ggml/src/ggml-sycl/fattn.cpp,1318,g_sycl_fa_onednn_initialized,bool,file,mutable,none evident,unscoped lexical candidate: L1324:g_sycl_fa_onednn_initialized = true;,unscoped lexical candidate: L1321:if (g_sycl_fa_onednn_initialized) {,process or function lifetime (review required),lifecycle not inferred; no binding-resolved reset analysis
ggml/src/ggml-sycl/fattn.cpp,2241,d512_onednn_enabled,const bool,function-local:ggml_sycl_fattn_d512_onednn_admissible,immutable binding,none evident,unscoped lexical candidate: L3905:static const bool d512_onednn_enabled = ggml_sycl_fa_onednn_d512_enabled();,unscoped lexical candidate: L2242:if (!d512_onednn_enabled) { | L3906:if (d512_onednn_enabled && g_sycl_fa_onednn_enabled && !g_sycl_paged_v2_enabled) {,process or function lifetime (review required),not applicable: immutable binding
ggml/src/ggml-sycl/fattn.cpp,2385,tile_d512_enabled,const bool,function-local:ggml_sycl_fattn_d512_tile_admissible,immutable binding,none evident,none found by unscoped lexical scan,unscoped lexical candidate: L2386:if (!tile_d512_enabled) {,process or function lifetime (review required),not applicable: immutable binding
ggml/src/ggml-sycl/fattn.cpp,2438,fa_ext_enabled,const bool,function-local:ggml_sycl_flash_attn_ext_supported,immutable binding,none evident,none found by unscoped lexical scan,unscoped lexical candidate: L2445:if (!fa_ext_enabled) {,process or function lifetime (review required),not applicable: immutable binding
ggml/src/ggml-sycl/fattn.cpp,2532,force_no_xmx,const bool,function-local:ggml_sycl_flash_attn_ext_dispatch_ncols,immutable binding,none evident,none found by unscoped lexical scan,unscoped lexical candidate: L2536:if (force_no_xmx) {,process or function lifetime (review required),not applicable: immutable binding
ggml/src/ggml-sycl/fattn.cpp,2573,fattn_dispatch_debug_count,std::atomic<int>,function-local:ggml_sycl_flash_attn_ext_dispatch_ncols,mutable,intrinsic:atomic,"unscoped lexical candidate: L2574:int dispatch_debug_counter = fattn_dispatch_debug_count.fetch_add(1, std::memory_order_relaxed) + 1;",none found by unscoped lexical scan,process or function lifetime (review required),lifecycle not inferred; no binding-resolved reset analysis
ggml/src/ggml-sycl/fattn.cpp,3197,force_xmx_v1,const bool,function-local:ggml_sycl_flash_attn_ext_dispatch_ncols,immutable binding,none evident,none found by unscoped lexical scan,unscoped lexical candidate: L3203:const bool use_xmx_v1_path = xmx_v1_supported && (force_xmx_v1 || simple_pp_xmx_v1); | L3204:if (force_xmx_v1 && !xmx_v1_supported && dispatch_debug_enabled) {,process or function lifetime (review required),not applicable: immutable binding
ggml/src/ggml-sycl/fattn.cpp,3198,simple_pp_xmx_v1_requested,const bool,function-local:ggml_sycl_flash_attn_ext_dispatch_ncols,immutable binding,none evident,none found by unscoped lexical scan,"unscoped lexical candidate: L3202:ggml_sycl_fattn_xmx_v1_select_simple_pp(simple_pp_xmx_v1_requested, xmx_v1_supported);",process or function lifetime (review required),not applicable: immutable binding
ggml/src/ggml-sycl/fattn.cpp,3358,s_f16_banner_logged,bool,function-local:ggml_sycl_flash_attn_ext,mutable,none evident,unscoped lexical candidate: L3360:s_f16_banner_logged = true;,unscoped lexical candidate: L3359:if (!s_f16_banner_logged) {,process or function lifetime (review required),lifecycle not inferred; no binding-resolved reset analysis
ggml/src/ggml-sycl/fattn.cpp,3607,tl_seq_q_offsets,std::vector<int32_t>,function-local:ggml_sycl_flash_attn_ext,mutable,thread-local,none found by unscoped lexical scan,"unscoped lexical candidate: L3697:tl_seq_q_offsets, tl_seq_kv_offsets); | L3723:ggml_sycl_graph_safe_memcpy(*stream, tl_buffers.seq_q_offsets_dev, tl_seq_q_offsets.data(),",thread,lifecycle not inferred; no binding-resolved reset analysis
ggml/src/ggml-sycl/fattn.cpp,3608,tl_seq_kv_offsets,std::vector<int32_t>,function-local:ggml_sycl_flash_attn_ext,mutable,thread-local,none found by unscoped lexical scan,"unscoped lexical candidate: L3697:tl_seq_q_offsets, tl_seq_kv_offsets); | L3726:ggml_sycl_graph_safe_memcpy(*stream, tl_buffers.seq_kv_offsets_dev, tl_seq_kv_offsets.data(),",thread,lifecycle not inferred; no binding-resolved reset analysis
ggml/src/ggml-sycl/fattn.cpp,3654,warned_no_cache,bool,function-local:ggml_sycl_flash_attn_ext,mutable,none evident,unscoped lexical candidate: L3658:warned_no_cache = true;,unscoped lexical candidate: L3655:if (!warned_no_cache) {,process or function lifetime (review required),lifecycle not inferred; no binding-resolved reset analysis
ggml/src/ggml-sycl/fattn.cpp,3763,paged_attn_info_shown,bool,function-local:ggml_sycl_flash_attn_ext,mutable,none evident,unscoped lexical candidate: L3767:paged_attn_info_shown = true;,unscoped lexical candidate: L3764:if (!paged_attn_info_shown) {,process or function lifetime (review required),lifecycle not inferred; no binding-resolved reset analysis
ggml/src/ggml-sycl/fattn.cpp,3903,d512_dispatch_debug_enabled,const bool,function-local:ggml_sycl_flash_attn_ext,immutable binding,none evident,none found by unscoped lexical scan,unscoped lexical candidate: L3916:if (d512_dispatch_debug_enabled) { | L4018:if (d512_dispatch_debug_enabled) { | L4075:if (d512_dispatch_debug_enabled) {,process or function lifetime (review required),not applicable: immutable binding
ggml/src/ggml-sycl/fattn.cpp,3905,d512_onednn_enabled,const bool,function-local:ggml_sycl_flash_attn_ext,immutable binding,none evident,unscoped lexical candidate: L2241:static const bool d512_onednn_enabled = ggml_sycl_fa_onednn_d512_enabled();,unscoped lexical candidate: L2242:if (!d512_onednn_enabled) { | L3906:if (d512_onednn_enabled && g_sycl_fa_onednn_enabled && !g_sycl_paged_v2_enabled) {,process or function lifetime (review required),not applicable: immutable binding
ggml/src/ggml-sycl/fattn.cpp,3989,d512_decode_esimd_enabled,const bool,function-local:ggml_sycl_flash_attn_ext,immutable binding,none evident,none found by unscoped lexical scan,unscoped lexical candidate: L3990:if (d512_decode_esimd_enabled && params.ne01 == 1 && ggml_sycl_fattn_d512_tile_admissible(dst)) {,process or function lifetime (review required),not applicable: immutable binding
ggml/src/ggml-sycl/fattn.cpp,4138,auto_v2_info_shown,bool,function-local:ggml_sycl_flash_attn_ext,mutable,none evident,unscoped lexical candidate: L4141:auto_v2_info_shown = true;,unscoped lexical candidate: L4139:if (!auto_v2_info_shown) {,process or function lifetime (review required),lifecycle not inferred; no binding-resolved reset analysis
ggml/src/ggml-sycl/fattn.cpp,4164,v2_fallback_warned,bool,function-local:ggml_sycl_flash_attn_ext,mutable,none evident,unscoped lexical candidate: L4169:v2_fallback_warned = true;,unscoped lexical candidate: L4165:if (!v2_fallback_warned) {,process or function lifetime (review required),lifecycle not inferred; no binding-resolved reset analysis
ggml/src/ggml-sycl/fattn.cpp,4286,v2_graph_warning,bool,function-local:ggml_sycl_flash_attn_ext,mutable,none evident,unscoped lexical candidate: L4291:v2_graph_warning = true;,unscoped lexical candidate: L4287:if (!v2_graph_warning) {,process or function lifetime (review required),lifecycle not inferred; no binding-resolved reset analysis
ggml/src/ggml-sycl/fattn.cpp,4316,v2_esimd_info_shown,bool,function-local:ggml_sycl_flash_attn_ext,mutable,none evident,unscoped lexical candidate: L4319:v2_esimd_info_shown = true;,unscoped lexical candidate: L4317:if (!v2_esimd_info_shown) {,process or function lifetime (review required),lifecycle not inferred; no binding-resolved reset analysis
ggml/src/ggml-sycl/fattn.cpp,4453,fa_buf_debug,bool,function-local:ggml_sycl_flash_attn_ext,mutable,none evident,none found by unscoped lexical scan,unscoped lexical candidate: L4455:if (fa_buf_debug && graphs_disabled) {,process or function lifetime (review required),lifecycle not inferred; no binding-resolved reset analysis
ggml/src/ggml-sycl/fattn.cpp,4454,graphs_disabled,bool,function-local:ggml_sycl_flash_attn_ext,mutable,none evident,none found by unscoped lexical scan,unscoped lexical candidate: L4455:if (fa_buf_debug && graphs_disabled) {,process or function lifetime (review required),lifecycle not inferred; no binding-resolved reset analysis
ggml/src/ggml-sycl/fattn.cpp,4456,fa_trace_count,int,function-local:ggml_sycl_flash_attn_ext,mutable,none evident,unscoped lexical candidate: L4457:fa_trace_count++;,unscoped lexical candidate: L4458:if (fa_trace_count <= 10) {,process or function lifetime (review required),lifecycle not inferred; no binding-resolved reset analysis
ggml/src/ggml-sycl/fattn.cpp,4489,fa_call_count,int,function-local:ggml_sycl_flash_attn_ext,mutable,none evident,unscoped lexical candidate: L4490:fa_call_count++;,"unscoped lexical candidate: L4494:if (fa_call_count <= max_dumps) { | L4496:dbg.call_id = fa_call_count; | L4518:fa_call_count, params.ne01, params.ne02, params.ne12, D, params.ne11, params.scale);",process or function lifetime (review required),lifecycle not inferred; no binding-resolved reset analysis
ggml/src/ggml-sycl/layer-streaming.cpp,525,g_layer_managers,"std::unordered_map<int, std::unique_ptr<layer_stream_manager>>",namespace:ggml_sycl,mutable,none evident,"unscoped lexical candidate: L530:auto [it, inserted] = g_layer_managers.try_emplace(device_id);",unscoped lexical candidate: L539:auto it = g_layer_managers.find(device_id); | L540:return it != g_layer_managers.end() && it->second->is_active(); | L545:auto it = g_layer_managers.find(device_id);,device/process slot,lifecycle not inferred; no binding-resolved reset analysis
ggml/src/ggml-sycl/layer-streaming.cpp,526,g_layer_managers_mutex,std::mutex,namespace:ggml_sycl,mutable,intrinsic:lock primitive,none found by unscoped lexical scan,unscoped lexical candidate: L529:std::lock_guard<std::mutex> lock(g_layer_managers_mutex); | L538:std::lock_guard<std::mutex> lock(g_layer_managers_mutex); | L544:std::lock_guard<std::mutex> lock(g_layer_managers_mutex);,model/layer semantic state (review required),lifecycle not inferred; no binding-resolved reset analysis
