archs_table::emit: line of 514 bytes exceeds the 256-byte atomic-write bound; it may be split across writes and interleaved with log output
main: using seed 3127546693
|     Model arch.|                           Device|Config|   NMSE vs. CPU|Roundtrip|
|----------------|---------------------------------|------|---------------|---------|
Roundtrip: a GGUF save+reload of the device model, compared against that model.
  Gated on NMSE(device, reloaded) <= 1e-04, NOT on bit-equality: this path is not
  bit-reproducible run to run, so OK does NOT mean the logits matched bit for bit.
  BITDIFF = bits differ, within tolerance. Magnitudes for any non-bit-exact row
  are on stderr.
test case: llama (Intel(R) Arc(TM) Pro B70 Graphics, Dense)
[SYCL] call ggml_check_sycl
[SYCL] call ggml_backend_sycl_print_sycl_devices
[SYCL] call ggml_backend_sycl_get_device_memory
[MEM-QUERY] dev=0 free=572.9 MB total=32656.0 MB consumed=32083.1 MB
[SYCL] call ggml_backend_sycl_get_device_memory
[SYCL] call ggml_backend_sycl_get_device_memory
[MEM-QUERY] dev=1 free=572.3 MB total=16304.0 MB consumed=15731.7 MB
[PLACEMENT-MULTI] Dense standalone token_embd.weight -> device=0 reason=fastest-dense-compatible bytes=0.1 MB
[PLACEMENT-MULTI] Dense standalone output_norm.weight -> device=0 reason=fastest-dense-compatible bytes=0.0 MB
[PLACEMENT-MULTI] Dense standalone output.weight -> device=0 reason=fastest-dense-compatible bytes=0.1 MB
[PLACEMENT-MULTI] Dense standalone rope_freqs.weight -> device=0 reason=fastest-dense-compatible bytes=0.0 MB
[PLACEMENT-MULTI] Dense standalone rope_freqs.weight -> device=0 reason=fastest-dense-compatible bytes=0.0 MB
[PLACEMENT-MOE-MULTI-TRACE] entries=0 xmx=0 soa=0 alt_entries=0 alt_layouts=0 alt_soa=0 kv_ubatch=512 top_k=0 envelope=1 envelope_ubatch=0 mode=0
SYCL TP: Freed all persistent FFN buffers via unified-cache handles
SYCL TP: Freed all persistent attention buffers
[MEM-HANDLE] released 0 command-graph retained leases
[GRAPH-UNPIN] Released 0 graph MoE expert mem_handle leases
[GRAPH-UNPIN-WEIGHTS] Released 0 graph weight mem_handle leases
[SYCL] Host buffer alloc: 4.5 MB via unified-cache
[UNIFIED-CACHE] reclaim weight entries(mid-load-replan): erased 0 unpinned 0
[SYCL] weight cache lookup: tensor=0x1d473760 name=token_embd.weight device=0
[SYCL] weight cache lookup: tensor=0x1d4738f0 name=output_norm.weight device=0
[SYCL] weight cache lookup: tensor=0x1d474a20 name=blk.0.ffn_norm.weight device=0
[SYCL] weight cache lookup: tensor=0x1d473c10 name=blk.0.attn_norm.weight device=0
[SYCL] weight cache lookup: tensor=0x1d4764b0 name=blk.1.ffn_norm.weight device=0
[SYCL] weight cache lookup: tensor=0x1d4756a0 name=blk.1.attn_norm.weight device=0
[SYCL] weight cache lookup: tensor=0x1d473a80 name=output.weight device=0
[SYCL] weight cache lookup: tensor=0x1d473da0 name=blk.0.attn_q.weight device=0
[SYCL] weight cache lookup: tensor=0x1d474700 name=blk.0.attn_output.weight device=0
[SYCL] weight cache lookup: tensor=0x1d4740c0 name=blk.0.attn_v.weight device=0
[SYCL] weight cache lookup: tensor=0x1d473f30 name=blk.0.attn_k.weight device=0
[SYCL] weight cache lookup: tensor=0x1d474570 name=blk.0.attn_v.bias device=0
[SYCL] weight cache lookup: tensor=0x1d4743e0 name=blk.0.attn_k.bias device=0
[SYCL] weight cache lookup: tensor=0x1d474890 name=blk.0.attn_output.bias device=0
[SYCL] weight cache lookup: tensor=0x1d474250 name=blk.0.attn_q.bias device=0
[SYCL] weight cache lookup: tensor=0x1d4780d0 name=blk.0.attn_output.input_scale device=0
[SYCL] weight cache lookup: tensor=0x1d477f40 name=blk.0.attn_v.input_scale device=0
[SYCL] weight cache lookup: tensor=0x1d477db0 name=blk.0.attn_k.input_scale device=0
[SYCL] weight cache lookup: tensor=0x1d477c20 name=blk.0.attn_q.input_scale device=0
[SYCL] weight cache lookup: tensor=0x1d4775e0 name=blk.0.attn_output.scale device=0
[SYCL] weight cache lookup: tensor=0x1d477450 name=blk.0.attn_v.scale device=0
[SYCL] weight cache lookup: tensor=0x1d4772c0 name=blk.0.attn_k.scale device=0
[SYCL] weight cache lookup: tensor=0x1d477130 name=blk.0.attn_q.scale device=0
[SYCL] weight cache lookup: tensor=0x1d476190 name=blk.1.attn_output.weight device=0
[SYCL] weight cache lookup: tensor=0x1d475b50 name=blk.1.attn_v.weight device=0
[SYCL] weight cache lookup: tensor=0x1d4759c0 name=blk.1.attn_k.weight device=0
[SYCL] weight cache lookup: tensor=0x1d475830 name=blk.1.attn_q.weight device=0
[SYCL] weight cache lookup: tensor=0x1d475e70 name=blk.1.attn_k.bias device=0
[SYCL] weight cache lookup: tensor=0x1d476000 name=blk.1.attn_v.bias device=0
[SYCL] weight cache lookup: tensor=0x1d475ce0 name=blk.1.attn_q.bias device=0
[SYCL] weight cache lookup: tensor=0x1d476320 name=blk.1.attn_output.bias device=0
[SYCL] weight cache lookup: tensor=0x1d478a30 name=blk.1.attn_v.scale device=0
[SYCL] weight cache lookup: tensor=0x1d4788a0 name=blk.1.attn_k.scale device=0
[SYCL] weight cache lookup: tensor=0x1d478710 name=blk.1.attn_q.scale device=0
[SYCL] weight cache lookup: tensor=0x1d478bc0 name=blk.1.attn_output.scale device=0
[SYCL] weight cache lookup: tensor=0x1d479390 name=blk.1.attn_k.input_scale device=0
[SYCL] weight cache lookup: tensor=0x1d479520 name=blk.1.attn_v.input_scale device=0
[SYCL] weight cache lookup: tensor=0x1d4796b0 name=blk.1.attn_output.input_scale device=0
[SYCL] weight cache lookup: tensor=0x1d479200 name=blk.1.attn_q.input_scale device=0
[SYCL] weight cache lookup: tensor=0x1d476640 name=rope_freqs.weight device=0
[SYCL] weight cache lookup: tensor=0x1d475060 name=blk.0.ffn_up.weight device=0
[SYCL] weight cache lookup: tensor=0x1d474d40 name=blk.0.ffn_gate.weight device=0
[SYCL] weight cache lookup: tensor=0x1d474ed0 name=blk.0.ffn_down.weight device=0
[SYCL] weight cache lookup: tensor=0x1d4751f0 name=blk.0.ffn_gate.bias device=0
[SYCL] weight cache lookup: tensor=0x1d475510 name=blk.0.ffn_up.bias device=0
[SYCL] weight cache lookup: tensor=0x1d475380 name=blk.0.ffn_down.bias device=0
[SYCL] weight cache lookup: tensor=0x1d477a90 name=blk.0.ffn_up.scale device=0
[SYCL] weight cache lookup: tensor=0x1d477900 name=blk.0.ffn_down.scale device=0
[SYCL] weight cache lookup: tensor=0x1d477770 name=blk.0.ffn_gate.scale device=0
[SYCL] weight cache lookup: tensor=0x1d478260 name=blk.0.ffn_gate.input_scale device=0
[SYCL] weight cache lookup: tensor=0x1d4783f0 name=blk.0.ffn_down.input_scale device=0
[SYCL] weight cache lookup: tensor=0x1d478580 name=blk.0.ffn_up.input_scale device=0
[SYCL] weight cache lookup: tensor=0x1d476960 name=blk.1.ffn_down.weight device=0
[SYCL] weight cache lookup: tensor=0x1d476af0 name=blk.1.ffn_up.weight device=0
[SYCL] weight cache lookup: tensor=0x1d4767d0 name=blk.1.ffn_gate.weight device=0
[SYCL] weight cache lookup: tensor=0x1d476fa0 name=blk.1.ffn_up.bias device=0
[SYCL] weight cache lookup: tensor=0x1d476c80 name=blk.1.ffn_gate.bias device=0
[SYCL] weight cache lookup: tensor=0x1d476e10 name=blk.1.ffn_down.bias device=0
[SYCL] weight cache lookup: tensor=0x1d478d50 name=blk.1.ffn_gate.scale device=0
[SYCL] weight cache lookup: tensor=0x1d478ee0 name=blk.1.ffn_down.scale device=0
[SYCL] weight cache lookup: tensor=0x1d479070 name=blk.1.ffn_up.scale device=0
[SYCL] weight cache lookup: tensor=0x1d479840 name=blk.1.ffn_gate.input_scale device=0
[SYCL] weight cache lookup: tensor=0x1d4799d0 name=blk.1.ffn_down.input_scale device=0
[SYCL] weight cache lookup: tensor=0x1d479b60 name=blk.1.ffn_up.input_scale device=0
[UNIFIED-CACHE] pin model=0 name_hash=0xad045d15402c08d3 layout=0
[UNIFIED-CACHE] pin model=0 name_hash=0x348b7dd451046514 layout=0
[UNIFIED-CACHE] pin model=0 name_hash=0xe7d3c5e727a81c4d layout=0
[UNIFIED-CACHE] pin model=0 name_hash=0xef3db2028fcb16a3 layout=0
[UNIFIED-CACHE] pin model=0 name_hash=0x15380309041992d9 layout=0
[UNIFIED-CACHE] pin model=0 name_hash=0x4599df1b04c6b9fb layout=0
[UNIFIED-CACHE] pin model=0 name_hash=0x3ba5a6821b6511e0 layout=0
[UNIFIED-CACHE] pin model=0 name_hash=0x38771636bce5a702 layout=0
[UNIFIED-CACHE] pin model=0 name_hash=0xd46dcd1b728c981f layout=0
[UNIFIED-CACHE] pin model=0 name_hash=0xab8cfe3bf6a50b9c layout=0
[UNIFIED-CACHE] pin model=0 name_hash=0x3a931c14a53d5960 layout=0
[UNIFIED-CACHE] pin model=0 name_hash=0xe4065a55adaaf03f layout=0
[UNIFIED-CACHE] pin model=0 name_hash=0xd16c818664a0cc0a layout=0
[UNIFIED-CACHE] pin model=0 name_hash=0x3779a6d76e4c7ee2 layout=0
[UNIFIED-CACHE] pin model=0 name_hash=0xe34f3e7aafdba3a5 layout=0
[UNIFIED-CACHE] pin model=0 name_hash=0xb09204520b9c97f0 layout=0
[UNIFIED-CACHE] pin model=0 name_hash=0x6bbc0b27530c18fc layout=0
[UNIFIED-CACHE] pin model=0 name_hash=0x4e1cae023ae18c67 layout=0
[UNIFIED-CACHE] pin model=0 name_hash=0x47466764d37e580d layout=0
[UNIFIED-CACHE] pin model=0 name_hash=0xae8ba76e3b151d9e layout=0
[UNIFIED-CACHE] pin model=0 name_hash=0xe30c0751e9ab32a9 layout=0
[UNIFIED-CACHE] pin model=0 name_hash=0xdf7c04510f974718 layout=0
[UNIFIED-CACHE] pin model=0 name_hash=0xaed088ad06d329a3 layout=0
[UNIFIED-CACHE] pin model=0 name_hash=0xeb54b67e9f099c46 layout=0
[UNIFIED-CACHE] pin model=0 name_hash=0xb235334776d9c72d layout=0
[UNIFIED-CACHE] pin model=0 name_hash=0xa7d836df53ff49d4 layout=0
[UNIFIED-CACHE] pin model=0 name_hash=0x6059a543aef7dbb7 layout=0
[UNIFIED-CACHE] pin model=0 name_hash=0x213f84667dda1dba layout=0
[UNIFIED-CACHE] pin model=0 name_hash=0xd04126154633d92a layout=0
[UNIFIED-CACHE] pin model=0 name_hash=0xc65810b3308e2a65 layout=0
[UNIFIED-CACHE] pin model=0 name_hash=0xa7c2590f0166f6b0 layout=0
[UNIFIED-CACHE] pin model=0 name_hash=0xcaf5b0fcacce6aea layout=0
[UNIFIED-CACHE] pin model=0 name_hash=0xe9ca1d4053ae41f9 layout=0
[UNIFIED-CACHE] pin model=0 name_hash=0x28e162c724839a layout=0
[UNIFIED-CACHE] pin model=0 name_hash=0xe5a443ece75be10e layout=0
[UNIFIED-CACHE] pin model=0 name_hash=0xc0bcce7fc727feb8 layout=0
[UNIFIED-CACHE] pin model=0 name_hash=0x64cda8f8043233df layout=0
[UNIFIED-CACHE] pin model=0 name_hash=0xde9943e34534adc3 layout=0
[UNIFIED-CACHE] pin model=0 name_hash=0xf6a1f79a2dffe780 layout=0
[UNIFIED-CACHE] pin model=0 name_hash=0x311b9ae764a4abcf layout=0
[UNIFIED-CACHE] pin model=0 name_hash=0x74919db2149cd436 layout=0
[UNIFIED-CACHE] pin model=0 name_hash=0x6fef520cddfce3c0 layout=0
[UNIFIED-CACHE] pin model=0 name_hash=0xac38173202bd7abb layout=0
[UNIFIED-CACHE] pin model=0 name_hash=0x6d5c481c06ed6b1c layout=0
[UNIFIED-CACHE] pin model=0 name_hash=0x582991162916c4b3 layout=0
[UNIFIED-CACHE] pin model=0 name_hash=0xbcde7c22847b8f24 layout=0
[UNIFIED-CACHE] pin model=0 name_hash=0xddb603f9cd448660 layout=0
[UNIFIED-CACHE] pin model=0 name_hash=0xc3a0bc9f0504d35c layout=0
[UNIFIED-CACHE] pin model=0 name_hash=0xb032bd475a68a1fe layout=0
[UNIFIED-CACHE] pin model=0 name_hash=0x5c0dc55f0f5cf2d3 layout=0
[UNIFIED-CACHE] pin model=0 name_hash=0xdd97f95fa07fec16 layout=0
[UNIFIED-CACHE] pin model=0 name_hash=0x891936947be60d4d layout=0
[UNIFIED-CACHE] pin model=0 name_hash=0xbe3c27e272f3ab58 layout=0
[UNIFIED-CACHE] pin model=0 name_hash=0xd5fed533d7a9f43d layout=0
[UNIFIED-CACHE] pin model=0 name_hash=0x6dec5f18f0f78e5a layout=0
[UNIFIED-CACHE] pin model=0 name_hash=0xf0969627acaaadf3 layout=0
[UNIFIED-CACHE] pin model=0 name_hash=0x6fcc54bc8ac0ed91 layout=0
[UNIFIED-CACHE] pin model=0 name_hash=0x38f421c0f38eec13 layout=0
[UNIFIED-CACHE] pin model=0 name_hash=0xecb90fa9456ad029 layout=0
[UNIFIED-CACHE] pin model=0 name_hash=0x1ede8821e8d02fde layout=0
[UNIFIED-CACHE] pin model=0 name_hash=0x708f6c2b4615257e layout=0
[UNIFIED-CACHE] pin model=0 name_hash=0x51e0984aef35a252 layout=0
[UNIFIED-CACHE] pin model=0 name_hash=0xb279802dbf02ec50 layout=0
[UNIFIED-CACHE] pin model=0 name_hash=0xd13690e99048047c layout=0
[UNIFIED-CACHE] model slot 0 claimed 0 weight entries (live mask 0x00000001)
[UNIFIED-CACHE] model slot 0 claimed 64 weight entries (live mask 0x00000001)
[SYCL] call ggml_backend_sycl_init
[SYCL] call ggml_backend_sycl_host_buffer_type
[SYCL] Host buffer alloc: 0.0 MB via unified-cache
[KV-TIER] dev=0 cache_available=30737 MB kv_req=0 MB arena=1
[UNIFIED-ALLOC] zone alloc: dev=0 zone=0 size=0.2 MB ptr=0xffffd55e28200000
[UNIFIED-ALLOC] zone alloc: dev=0 zone=0 size=0.2 MB ptr=0xffffd55e28240000
[SYCL] call ggml_backend_sycl_host_buffer_type
[SYCL] call ggml_backend_sycl_synchronize
Using unified-cache queue for device 0 stream 0
[UNIFIED-ALLOC] zone alloc: dev=0 zone=3 size=0.4 MB ptr=0xffffd55e47c2c000
[SYCL] Arena RUNTIME zone alloc: 0.4 MB (SYCL0)
[SYCL] Host buffer alloc: 0.1 MB via unified-cache
[SYCL] call ggml_backend_sycl_synchronize
[SYCL] call ggml_backend_sycl_synchronize
[SYCL] call ggml_backend_sycl_synchronize
[SYCL] call ggml_backend_sycl_host_buffer_type
[SYCL] Host buffer alloc: 0.1 MB via unified-cache
[SYCL] call ggml_backend_sycl_buffer_reset
[SOA-DEBUG] buffer_reset: PRESERVING 0 extras for compute buffer=0x1e79af80
[SYCL] call ggml_backend_sycl_buffer_init_tensor: tensor='embd':type=f32;ne=[256, 64, 1, 1];nb=[4, 1024, 65536, 65536]
[SYCL] call ggml_backend_sycl_buffer_init_tensor: tensor='norm-0':type=f32;ne=[256, 64, 1, 1];nb=[4, 1024, 65536, 65536]
[SYCL] call ggml_backend_sycl_buffer_init_tensor: tensor='attn_norm-0':type=f32;ne=[256, 64, 1, 1];nb=[4, 1024, 65536, 65536]
[SYCL] call ggml_backend_sycl_buffer_init_tensor: tensor='node_3':type=f32;ne=[256, 64, 1, 1];nb=[4, 1024, 65536, 65536]
[SYCL] call ggml_backend_sycl_buffer_init_tensor: tensor='Qcur-0':type=f32;ne=[256, 64, 1, 1];nb=[4, 1024, 65536, 65536]
[SYCL] call ggml_backend_sycl_buffer_init_tensor: tensor='Qcur-0':type=f32;ne=[256, 64, 1, 1];nb=[4, 1024, 65536, 65536]
[SYCL] call ggml_backend_sycl_buffer_init_tensor: tensor='Qcur-0':type=f32;ne=[128, 2, 64, 1];nb=[4, 512, 1024, 65536]
[SYCL] call ggml_backend_sycl_buffer_init_tensor: tensor='Qcur-0':type=f32;ne=[128, 2, 64, 1];nb=[4, 512, 1024, 65536]
[SYCL] call ggml_backend_sycl_buffer_init_tensor: tensor='node_8':type=f32;ne=[256, 64, 1, 1];nb=[4, 1024, 65536, 65536]
[SYCL] call ggml_backend_sycl_buffer_init_tensor: tensor='Vcur-0':type=f32;ne=[256, 64, 1, 1];nb=[4, 1024, 65536, 65536]
[SYCL] call ggml_backend_sycl_buffer_init_tensor: tensor='Vcur-0':type=f32;ne=[256, 64, 1, 1];nb=[4, 1024, 65536, 65536]
[SYCL] call ggml_backend_sycl_buffer_init_tensor: tensor='Vcur-0':type=f32;ne=[128, 2, 64, 1];nb=[4, 512, 1024, 65536]
[SYCL] call ggml_backend_sycl_buffer_init_tensor: tensor='node_12':type=f32;ne=[256, 64, 1, 1];nb=[4, 1024, 65536, 65536]
[SYCL] call ggml_backend_sycl_buffer_init_tensor: tensor='Kcur-0':type=f32;ne=[256, 64, 1, 1];nb=[4, 1024, 65536, 65536]
[SYCL] call ggml_backend_sycl_buffer_init_tensor: tensor='Kcur-0':type=f32;ne=[256, 64, 1, 1];nb=[4, 1024, 65536, 65536]
[SYCL] call ggml_backend_sycl_buffer_init_tensor: tensor='Kcur-0':type=f32;ne=[128, 2, 64, 1];nb=[4, 512, 1024, 65536]
[SYCL] call ggml_backend_sycl_buffer_init_tensor: tensor='Kcur-0':type=f32;ne=[128, 2, 64, 1];nb=[4, 512, 1024, 65536]
[SYCL] call ggml_backend_sycl_buffer_init_tensor: tensor='Kcur-0 (view)':type=f32;ne=[256, 64, 1, 1];nb=[4, 1024, 65536, 65536]
[SYCL] call ggml_backend_sycl_buffer_init_tensor: tensor='Vcur-0 (view)':type=f32;ne=[256, 64, 1, 1];nb=[4, 1024, 65536, 65536]
[SYCL] call ggml_backend_sycl_buffer_init_tensor: tensor='Qcur-0 (view)':type=f32;ne=[128, 2, 64, 1];nb=[4, 512, 1024, 65536]
[SYCL] call ggml_backend_sycl_buffer_init_tensor: tensor='Qcur-0 (view) (permuted)':type=f32;ne=[128, 64, 2, 1];nb=[4, 1024, 512, 65536];strided;permuted
[SYCL] call ggml_backend_sycl_buffer_init_tensor: tensor='Qcur-0 (view) (permuted) (copy)':type=f16;ne=[128, 64, 2, 1];nb=[2, 256, 16384, 32768]
[SYCL] call ggml_backend_sycl_buffer_init_tensor: tensor='node_28':type=f32;ne=[128, 2, 64, 1];nb=[4, 512, 1024, 65536]
[SYCL] call ggml_backend_sycl_buffer_init_tensor: tensor='kqv_out-0':type=f32;ne=[256, 64, 1, 1];nb=[4, 1024, 65536, 65536]
[SYCL] call ggml_backend_sycl_buffer_init_tensor: tensor='node_30':type=f32;ne=[256, 64, 1, 1];nb=[4, 1024, 65536, 65536]
[SYCL] call ggml_backend_sycl_buffer_init_tensor: tensor='node_31':type=f32;ne=[256, 64, 1, 1];nb=[4, 1024, 65536, 65536]
[SYCL] call ggml_backend_sycl_buffer_init_tensor: tensor='attn_out-0':type=f32;ne=[256, 64, 1, 1];nb=[4, 1024, 65536, 65536]
[SYCL] call ggml_backend_sycl_buffer_init_tensor: tensor='ffn_inp-0':type=f32;ne=[256, 64, 1, 1];nb=[4, 1024, 65536, 65536]
[SYCL] call ggml_backend_sycl_buffer_init_tensor: tensor='norm-0':type=f32;ne=[256, 64, 1, 1];nb=[4, 1024, 65536, 65536]
[SYCL] call ggml_backend_sycl_buffer_init_tensor: tensor='ffn_norm-0':type=f32;ne=[256, 64, 1, 1];nb=[4, 1024, 65536, 65536]
[SYCL] call ggml_backend_sycl_buffer_init_tensor: tensor='ffn_gate-0':type=f32;ne=[384, 64, 1, 1];nb=[4, 1536, 98304, 98304]
[SYCL] call ggml_backend_sycl_buffer_init_tensor: tensor='ffn_gate_b-0':type=f32;ne=[384, 64, 1, 1];nb=[4, 1536, 98304, 98304]
[SYCL] call ggml_backend_sycl_buffer_init_tensor: tensor='ffn_gate_s-0':type=f32;ne=[384, 64, 1, 1];nb=[4, 1536, 98304, 98304]
[SYCL] call ggml_backend_sycl_buffer_init_tensor: tensor='ffn_up-0':type=f32;ne=[384, 64, 1, 1];nb=[4, 1536, 98304, 98304]
[SYCL] call ggml_backend_sycl_buffer_init_tensor: tensor='ffn_up_b-0':type=f32;ne=[384, 64, 1, 1];nb=[4, 1536, 98304, 98304]
[SYCL] call ggml_backend_sycl_buffer_init_tensor: tensor='ffn_up_s-0':type=f32;ne=[384, 64, 1, 1];nb=[4, 1536, 98304, 98304]
[SYCL] call ggml_backend_sycl_buffer_init_tensor: tensor='ffn_swiglu-0':type=f32;ne=[384, 64, 1, 1];nb=[4, 1536, 98304, 98304]
[SYCL] call ggml_backend_sycl_buffer_init_tensor: tensor='ffn_down-0':type=f32;ne=[256, 64, 1, 1];nb=[4, 1024, 65536, 65536]
[SYCL] call ggml_backend_sycl_buffer_init_tensor: tensor='node_44':type=f32;ne=[256, 64, 1, 1];nb=[4, 1024, 65536, 65536]
[SYCL] call ggml_backend_sycl_buffer_init_tensor: tensor='ffn_out-0':type=f32;ne=[256, 64, 1, 1];nb=[4, 1024, 65536, 65536]
[SYCL] call ggml_backend_sycl_buffer_init_tensor: tensor='l_out-0':type=f32;ne=[256, 64, 1, 1];nb=[4, 1024, 65536, 65536]
[SYCL] call ggml_backend_sycl_buffer_init_tensor: tensor='norm-1':type=f32;ne=[256, 64, 1, 1];nb=[4, 1024, 65536, 65536]
[SYCL] call ggml_backend_sycl_buffer_init_tensor: tensor='attn_norm-1':type=f32;ne=[256, 64, 1, 1];nb=[4, 1024, 65536, 65536]
[SYCL] call ggml_backend_sycl_buffer_init_tensor: tensor='node_49':type=f32;ne=[256, 64, 1, 1];nb=[4, 1024, 65536, 65536]
[SYCL] call ggml_backend_sycl_buffer_init_tensor: tensor='Qcur-1':type=f32;ne=[256, 64, 1, 1];nb=[4, 1024, 65536, 65536]
[SYCL] call ggml_backend_sycl_buffer_init_tensor: tensor='Qcur-1':type=f32;ne=[256, 64, 1, 1];nb=[4, 1024, 65536, 65536]
[SYCL] call ggml_backend_sycl_buffer_init_tensor: tensor='Qcur-1':type=f32;ne=[128, 2, 64, 1];nb=[4, 512, 1024, 65536]
[SYCL] call ggml_backend_sycl_buffer_init_tensor: tensor='Qcur-1':type=f32;ne=[128, 2, 64, 1];nb=[4, 512, 1024, 65536]
[SYCL] call ggml_backend_sycl_buffer_init_tensor: tensor='node_54':type=f32;ne=[256, 64, 1, 1];nb=[4, 1024, 65536, 65536]
[SYCL] call ggml_backend_sycl_buffer_init_tensor: tensor='Vcur-1':type=f32;ne=[256, 64, 1, 1];nb=[4, 1024, 65536, 65536]
[SYCL] call ggml_backend_sycl_buffer_init_tensor: tensor='Vcur-1':type=f32;ne=[256, 64, 1, 1];nb=[4, 1024, 65536, 65536]
[SYCL] call ggml_backend_sycl_buffer_init_tensor: tensor='Vcur-1':type=f32;ne=[128, 2, 64, 1];nb=[4, 512, 1024, 65536]
[SYCL] call ggml_backend_sycl_buffer_init_tensor: tensor='node_58':type=f32;ne=[256, 64, 1, 1];nb=[4, 1024, 65536, 65536]
[SYCL] call ggml_backend_sycl_buffer_init_tensor: tensor='Kcur-1':type=f32;ne=[256, 64, 1, 1];nb=[4, 1024, 65536, 65536]
[SYCL] call ggml_backend_sycl_buffer_init_tensor: tensor='Kcur-1':type=f32;ne=[256, 64, 1, 1];nb=[4, 1024, 65536, 65536]
[SYCL] call ggml_backend_sycl_buffer_init_tensor: tensor='Kcur-1':type=f32;ne=[128, 2, 64, 1];nb=[4, 512, 1024, 65536]
[SYCL] call ggml_backend_sycl_buffer_init_tensor: tensor='Kcur-1':type=f32;ne=[128, 2, 64, 1];nb=[4, 512, 1024, 65536]
[SYCL] call ggml_backend_sycl_buffer_init_tensor: tensor='Kcur-1 (view)':type=f32;ne=[256, 64, 1, 1];nb=[4, 1024, 65536, 65536]
[SYCL] call ggml_backend_sycl_buffer_init_tensor: tensor='Vcur-1 (view)':type=f32;ne=[256, 64, 1, 1];nb=[4, 1024, 65536, 65536]
[SYCL] call ggml_backend_sycl_buffer_init_tensor: tensor='Qcur-1 (view)':type=f32;ne=[128, 2, 64, 1];nb=[4, 512, 1024, 65536]
[SYCL] call ggml_backend_sycl_buffer_init_tensor: tensor='Qcur-1 (view) (permuted)':type=f32;ne=[128, 64, 2, 1];nb=[4, 1024, 512, 65536];strided;permuted
[SYCL] call ggml_backend_sycl_buffer_init_tensor: tensor='Qcur-1 (view) (permuted) (copy)':type=f16;ne=[128, 64, 2, 1];nb=[2, 256, 16384, 32768]
[SYCL] call ggml_backend_sycl_buffer_init_tensor: tensor='node_74':type=f32;ne=[128, 2, 64, 1];nb=[4, 512, 1024, 65536]
[SYCL] call ggml_backend_sycl_buffer_init_tensor: tensor='kqv_out-1':type=f32;ne=[256, 64, 1, 1];nb=[4, 1024, 65536, 65536]
[SYCL] call ggml_backend_sycl_buffer_init_tensor: tensor='node_76':type=f32;ne=[256, 64, 1, 1];nb=[4, 1024, 65536, 65536]
[SYCL] call ggml_backend_sycl_buffer_init_tensor: tensor='node_77':type=f32;ne=[256, 64, 1, 1];nb=[4, 1024, 65536, 65536]
[SYCL] call ggml_backend_sycl_buffer_init_tensor: tensor='attn_out-1':type=f32;ne=[256, 64, 1, 1];nb=[4, 1024, 65536, 65536]
[SYCL] call ggml_backend_sycl_buffer_init_tensor: tensor='node_79':type=f32;ne=[256, 64, 1, 1];nb=[4, 1024, 65536, 65536]
[SYCL] call ggml_backend_sycl_buffer_init_tensor: tensor='node_80':type=f32;ne=[256, 64, 1, 1];nb=[4, 1024, 65536, 65536]
[SYCL] call ggml_backend_sycl_buffer_init_tensor: tensor='ffn_inp-1':type=f32;ne=[256, 64, 1, 1];nb=[4, 1024, 65536, 65536]
[SYCL] call ggml_backend_sycl_buffer_init_tensor: tensor='norm-1':type=f32;ne=[256, 64, 1, 1];nb=[4, 1024, 65536, 65536]
[SYCL] call ggml_backend_sycl_buffer_init_tensor: tensor='ffn_norm-1':type=f32;ne=[256, 64, 1, 1];nb=[4, 1024, 65536, 65536]
[SYCL] call ggml_backend_sycl_buffer_init_tensor: tensor='ffn_gate-1':type=f32;ne=[384, 64, 1, 1];nb=[4, 1536, 98304, 98304]
[SYCL] call ggml_backend_sycl_buffer_init_tensor: tensor='ffn_gate_b-1':type=f32;ne=[384, 64, 1, 1];nb=[4, 1536, 98304, 98304]
[SYCL] call ggml_backend_sycl_buffer_init_tensor: tensor='ffn_gate_s-1':type=f32;ne=[384, 64, 1, 1];nb=[4, 1536, 98304, 98304]
[SYCL] call ggml_backend_sycl_buffer_init_tensor: tensor='ffn_up-1':type=f32;ne=[384, 64, 1, 1];nb=[4, 1536, 98304, 98304]
[SYCL] call ggml_backend_sycl_buffer_init_tensor: tensor='ffn_up_b-1':type=f32;ne=[384, 64, 1, 1];nb=[4, 1536, 98304, 98304]
[SYCL] call ggml_backend_sycl_buffer_init_tensor: tensor='ffn_up_s-1':type=f32;ne=[384, 64, 1, 1];nb=[4, 1536, 98304, 98304]
[SYCL] call ggml_backend_sycl_buffer_init_tensor: tensor='ffn_swiglu-1':type=f32;ne=[384, 64, 1, 1];nb=[4, 1536, 98304, 98304]
[SYCL] call ggml_backend_sycl_buffer_init_tensor: tensor='ffn_down-1':type=f32;ne=[256, 64, 1, 1];nb=[4, 1024, 65536, 65536]
[SYCL] call ggml_backend_sycl_buffer_init_tensor: tensor='node_92':type=f32;ne=[256, 64, 1, 1];nb=[4, 1024, 65536, 65536]
[SYCL] call ggml_backend_sycl_buffer_init_tensor: tensor='ffn_out-1':type=f32;ne=[256, 64, 1, 1];nb=[4, 1024, 65536, 65536]
[SYCL] call ggml_backend_sycl_buffer_init_tensor: tensor='l_out-1':type=f32;ne=[256, 64, 1, 1];nb=[4, 1024, 65536, 65536]
[SYCL] call ggml_backend_sycl_buffer_init_tensor: tensor='norm':type=f32;ne=[256, 64, 1, 1];nb=[4, 1024, 65536, 65536]
[SYCL] call ggml_backend_sycl_buffer_init_tensor: tensor='result_norm':type=f32;ne=[256, 64, 1, 1];nb=[4, 1024, 65536, 65536]
[SYCL] call ggml_backend_sycl_buffer_init_tensor: tensor='result_output':type=f32;ne=[128, 64, 1, 1];nb=[4, 512, 32768, 32768]
[DEBUG-GRAPH-COMPUTE] ENTER: backend=0x1e44b540 cgraph=0x1e76a208
[DEBUG-GRAPH-COMPUTE] sycl_ctx=0x1e3df8b0 device=0
[MEM-HANDLE] released 0 command-graph retained leases
[SYCL] call ggml_backend_sycl_get_device_memory
[MEM-QUERY] dev=0 free=504.7 MB total=32656.0 MB consumed=32151.3 MB
[GRAPH-COMPUTE] device 0 arena scratch=512.0/512.0 MB external_free=504.7 MB / total=32656.0 MB
[DEBUG-GRAPH-COMPUTE] Creating lambda...
[MOE-HYBRID] No MUL_MAT_ID nodes found, MoE hybrid disabled
[DEBUG-GRAPH-COMPUTE] Lambda created
[SYCL-GRAPH] call #1: use_sycl_graph=1, async_mem=0, n_nodes=98, has_exec_graph=0
[DEBUG] About to call ggml_sycl_graph_signature cgraph=0x1e76a208
[DEBUG-GRAPH-SIG] cgraph=0x1e76a208 n_nodes=98 n_leafs=0
[DEBUG] graph_hash=501262221122680916
[DEBUG] Checking graph support for device 0...
[DEBUG] graph_support=1
[GRAPH-PRELOAD-WEIGHTS] planner-authoritative residency active; skipping dense preload
[GRAPH-PRELOAD] Planner active: refreshing MoE pointer tables only
[GRAPH-PRELOAD] Preparing MoE pointer tables for graph (nodes=98 device=0)
[SYCL-GRAPH] warmup pass for prompt phase (n_nodes=98, warmed=0)
[DEBUG-IMPL] ENTER graph_compute_impl: n_nodes=98, device=0
[DEBUG-IMPL] Starting node loop, n_nodes=98
[DEBUG-IMPL] Node 0/98: op=40 name=embd
ggml_sycl_get_data_ptr_slow: tensor=inp_tokens, device=0, staging FAILED for non-device (type=0), using tensor->data=0x78d277c00240
ggml_sycl_get_data_ptr_slow: tensor=inp_tokens, device=0, using tensor->data=0x78d277c00240
[SYCL][OP] call ggml_sycl_get_rows: dst='embd':type=f32;ne=[256, 64, 1, 1];nb=[4, 1024, 65536, 65536]	src0='token_embd.weight':type=f32;ne=[256, 128, 1, 1];nb=[4, 1024, 131072, 131072]	src1='inp_tokens':type=i32;ne=[64, 1, 1, 1];nb=[4, 256, 256, 256]
[SYCL] weight cache lookup: tensor=0x1d473760 name=token_embd.weight device=0
[SYCL][OP] call ggml_sycl_get_rows done
[DEBUG-IMPL] Node 1/98: op=25 name=norm-0
[DEBUG-IMPL] Node 3/98: op=29 name=node_3
[SYCL] simple consumer routing declined: op=MUL_MAT dst=node_3 plan unavailable ctx=0
[DEBUG-MULMAT] ENTER: src0=blk.0.attn_q.weight src1=attn_norm-0 dst=node_3
[SYCL][OP] call ggml_sycl_mul_mat: dst='node_3':type=f32;ne=[256, 64, 1, 1];nb=[4, 1024, 65536, 65536]	src0='blk.0.attn_q.weight':type=f32;ne=[256, 256, 1, 1];nb=[4, 1024, 262144, 262144]	src1='attn_norm-0':type=f32;ne=[256, 64, 1, 1];nb=[4, 1024, 65536, 65536]
[XMXConfig] device=0: M=8 N=16 K_INT8=32 K_FP16=16 SLM=131072 nsm=256 supported=1 int8=1 fp16=1 double_buf=1 max_esimd_wg=64 nbarrier=0 esimd_dpas=1
[MUL_MAT] src0 device=0 ptr=0xffffd556b6441400 (tensor=blk.0.attn_q.weight layout=0)
[MUL_MAT] dst device=0 ptr=0xffffd55e47c4c000 (tensor=node_3)
[SYCL] weight cache lookup: tensor=0x1d473da0 name=blk.0.attn_q.weight device=0
[SYCL][OP] call ggml_sycl_mul_mat done
[DEBUG-IMPL] Node 4/98: op=7 name=Qcur-0
[DEBUG-IMPL] Node 6/98: op=36 name=Qcur-0
[DEBUG-IMPL] Node 7/98: op=49 name=Qcur-0
ggml_sycl_get_data_ptr_slow: tensor=leaf_7, device=0, staging FAILED for non-device (type=0), using tensor->data=0x78d277c10340
ggml_sycl_get_data_ptr_slow: tensor=leaf_7, device=0, using tensor->data=0x78d277c10340
[RESOLVE] data_handle empty for weight tensor 'rope_freqs.weight' device 0, falling through to cache lookup
[SYCL] weight cache lookup: tensor=0x1d474bb0 name=rope_freqs.weight device=0
[SYCL] weight cache lookup: tensor=0x1d474bb0 name=rope_freqs.weight device=0
[SYCL] simple consumer routing declined: op=ROPE dst=Qcur-0 local single-device plan ctx=0 target=0
[SYCL][OP] call ggml_sycl_rope: dst='Qcur-0':type=f32;ne=[128, 2, 64, 1];nb=[4, 512, 1024, 65536]	src0='Qcur-0':type=f32;ne=[128, 2, 64, 1];nb=[4, 512, 1024, 65536]	src1='leaf_7':type=i32;ne=[64, 1, 1, 1];nb=[4, 256, 256, 256]	src2='rope_freqs.weight':type=f32;ne=[64, 1, 1, 1];nb=[4, 256, 256, 256]
[SYCL] weight cache lookup: tensor=0x1d474bb0 name=rope_freqs.weight device=0
[SYCL] weight cache lookup: tensor=0x1d474bb0 name=rope_freqs.weight device=0
ggml_sycl_op_rope: norm path
[SYCL][OP] call ggml_sycl_rope done
[DEBUG-IMPL] Node 8/98: op=29 name=node_8
[SYCL] simple consumer routing declined: op=MUL_MAT dst=node_8 plan unavailable ctx=0
[DEBUG-MULMAT] ENTER: src0=blk.0.attn_v.weight src1=attn_norm-0 dst=node_8
[SYCL][OP] call ggml_sycl_mul_mat: dst='node_8':type=f32;ne=[256, 64, 1, 1];nb=[4, 1024, 65536, 65536]	src0='blk.0.attn_v.weight':type=f32;ne=[256, 256, 1, 1];nb=[4, 1024, 262144, 262144]	src1='attn_norm-0':type=f32;ne=[256, 64, 1, 1];nb=[4, 1024, 65536, 65536]
[XMXConfig] device=0: M=8 N=16 K_INT8=32 K_FP16=16 SLM=131072 nsm=256 supported=1 int8=1 fp16=1 double_buf=1 max_esimd_wg=64 nbarrier=0 esimd_dpas=1
[MUL_MAT] src0 device=0 ptr=0xffffd556b64c1400 (tensor=blk.0.attn_v.weight layout=0)
[MUL_MAT] dst device=0 ptr=0xffffd55e47c4c000 (tensor=node_8)
[SYCL] weight cache lookup: tensor=0x1d4740c0 name=blk.0.attn_v.weight device=0
[SYCL][OP] call ggml_sycl_mul_mat done
[DEBUG-IMPL] Node 9/98: op=7 name=Vcur-0
[DEBUG-IMPL] Node 11/98: op=36 name=Vcur-0
[DEBUG-IMPL] Node 12/98: op=29 name=node_12
[SYCL] simple consumer routing declined: op=MUL_MAT dst=node_12 plan unavailable ctx=0
[DEBUG-MULMAT] ENTER: src0=blk.0.attn_k.weight src1=attn_norm-0 dst=node_12
[SYCL][OP] call ggml_sycl_mul_mat: dst='node_12':type=f32;ne=[256, 64, 1, 1];nb=[4, 1024, 65536, 65536]	src0='blk.0.attn_k.weight':type=f32;ne=[256, 256, 1, 1];nb=[4, 1024, 262144, 262144]	src1='attn_norm-0':type=f32;ne=[256, 64, 1, 1];nb=[4, 1024, 65536, 65536]
[XMXConfig] device=0: M=8 N=16 K_INT8=32 K_FP16=16 SLM=131072 nsm=256 supported=1 int8=1 fp16=1 double_buf=1 max_esimd_wg=64 nbarrier=0 esimd_dpas=1
[MUL_MAT] src0 device=0 ptr=0xffffd556b6501400 (tensor=blk.0.attn_k.weight layout=0)
[MUL_MAT] dst device=0 ptr=0xffffd55e47c6c000 (tensor=node_12)
[SYCL] weight cache lookup: tensor=0x1d473f30 name=blk.0.attn_k.weight device=0
[SYCL][OP] call ggml_sycl_mul_mat done
[DEBUG-IMPL] Node 13/98: op=7 name=Kcur-0
[DEBUG-IMPL] Node 15/98: op=36 name=Kcur-0
[DEBUG-IMPL] Node 16/98: op=49 name=Kcur-0
[RESOLVE] data_handle empty for weight tensor 'rope_freqs.weight' device 0, falling through to cache lookup
[SYCL] weight cache lookup: tensor=0x1d474bb0 name=rope_freqs.weight device=0
[SYCL] weight cache lookup: tensor=0x1d474bb0 name=rope_freqs.weight device=0
[SYCL] simple consumer routing declined: op=ROPE dst=Kcur-0 local single-device plan ctx=0 target=0
[SYCL][OP] call ggml_sycl_rope: dst='Kcur-0':type=f32;ne=[128, 2, 64, 1];nb=[4, 512, 1024, 65536]	src0='Kcur-0':type=f32;ne=[128, 2, 64, 1];nb=[4, 512, 1024, 65536]	src1='leaf_7':type=i32;ne=[64, 1, 1, 1];nb=[4, 256, 256, 256]	src2='rope_freqs.weight':type=f32;ne=[64, 1, 1, 1];nb=[4, 256, 256, 256]
ggml_sycl_op_rope: norm path
[SYCL][OP] call ggml_sycl_rope done
[DEBUG-IMPL] Node 17/98: op=37 name=Kcur-0 (view)
[DEBUG-IMPL] Node 18/98: op=42 name=cache_k_l0 (view)
ggml_sycl_get_data_ptr_slow: tensor=leaf_15, device=0, staging FAILED for non-device (type=0), using tensor->data=0x78d277c10440
ggml_sycl_get_data_ptr_slow: tensor=leaf_15, device=0, using tensor->data=0x78d277c10440
[SYCL] simple consumer routing declined: op=SET_ROWS dst=cache_k_l0 (view) plan unavailable ctx=0
[SYCL][OP] call ggml_sycl_op_set_rows: dst='cache_k_l0 (view)':type=f16;ne=[256, 256, 1, 1];nb=[2, 512, 131072, 131072]	src0='Kcur-0 (view)':type=f32;ne=[256, 64, 1, 1];nb=[4, 1024, 65536, 65536]	src1='leaf_15':type=i64;ne=[64, 1, 1, 1];nb=[8, 512, 512, 512]
[SYCL][OP] call ggml_sycl_op_set_rows done
[DEBUG-IMPL] Node 19/98: op=37 name=Vcur-0 (view)
[DEBUG-IMPL] Node 20/98: op=42 name=cache_v_l0 (view)
ggml_sycl_get_data_ptr_slow: tensor=leaf_17, device=0, staging FAILED for non-device (type=0), using tensor->data=0x78d277c10640
ggml_sycl_get_data_ptr_slow: tensor=leaf_17, device=0, using tensor->data=0x78d277c10640
[SYCL] simple consumer routing declined: op=SET_ROWS dst=cache_v_l0 (view) plan unavailable ctx=0
[SYCL][OP] call ggml_sycl_op_set_rows: dst='cache_v_l0 (view)':type=f16;ne=[256, 256, 1, 1];nb=[2, 512, 131072, 131072]	src0='Vcur-0 (view)':type=f32;ne=[256, 64, 1, 1];nb=[4, 1024, 65536, 65536]	src1='leaf_17':type=i64;ne=[64, 1, 1, 1];nb=[8, 512, 512, 512]
[SYCL][OP] call ggml_sycl_op_set_rows done
[DEBUG-IMPL] Node 21/98: op=37 name=Qcur-0 (view)
[DEBUG-IMPL] Node 22/98: op=38 name=Qcur-0 (view) (permuted)
[DEBUG-IMPL] Node 23/98: op=34 name=Qcur-0 (view) (permuted) (copy)
[SYCL] simple consumer routing declined: op=CPY dst=Qcur-0 (view) (permuted) (copy) local single-device plan ctx=0 target=0
[SYCL][OP] call ggml_sycl_cpy: dst='Qcur-0 (view) (permuted) (copy)':type=f16;ne=[128, 64, 2, 1];nb=[2, 256, 16384, 32768]	src0='Qcur-0 (view) (permuted)':type=f32;ne=[128, 64, 2, 1];nb=[4, 1024, 512, 65536];strided;permuted
[CPY] device=0 main_stream=0x1d26bec0 tp_queue=(nil) (match=0)
[CPY DEBUG] device=0 src0=Qcur-0 (view) (permuted)(0xffffd55e47c5c000, usm=1) -> src1=Qcur-0 (view) (permuted) (copy)(0xffffd55e47c3c000, usm=1) size=65536
[CPY STAGING CHECK] device=0 needs_staging=0 src0_type=1 dst_is_device=1
[SYCL][OP] call ggml_sycl_cpy done
[DEBUG-IMPL] Node 24/98: op=37 name=cache_k_l0 (view)
[DEBUG-IMPL] Node 25/98: op=38 name=cache_k_l0 (view) (permuted)
[DEBUG-IMPL] Node 26/98: op=37 name=cache_v_l0 (view)
[DEBUG-IMPL] Node 27/98: op=38 name=cache_v_l0 (view) (permuted)
[DEBUG-IMPL] Node 28/98: op=75 name=node_28
ggml_sycl_get_data_ptr_slow: tensor=attn_inp_kq_mask, device=0, staging FAILED for non-device (type=0), using tensor->data=0x78d277c10840
ggml_sycl_get_data_ptr_slow: tensor=attn_inp_kq_mask, device=0, using tensor->data=0x78d277c10840
[SYCL] simple consumer routing declined: op=FLASH_ATTN_EXT dst=node_28 plan unavailable ctx=0
ggml_sycl_get_data_ptr_slow: tensor=Qcur-0 (view) (permuted) (copy), device=1, rejecting tensor->data=0xffffd55e47c3c000 owned by device 0
ggml_sycl_get_data_ptr_slow: tensor=node_28, device=1, rejecting tensor->data=0xffffd55e47c44000 owned by device 0
[SYCL] ESIMD Flash Attention enabled for decode
[SYCL] GGML_SYCL_F16 build: attention Q/accumulators are f16
[UNIFIED-ALLOC] zone alloc: dev=0 zone=3 size=0.0 MB ptr=0xffffd55e47c94000
[DEBUG-IMPL] Node 29/98: op=36 name=kqv_out-0
[DEBUG-IMPL] Node 30/98: op=29 name=node_30
[SYCL] simple consumer routing declined: op=MUL_MAT dst=node_30 plan unavailable ctx=0
[DEBUG-MULMAT] ENTER: src0=blk.0.attn_output.weight src1=kqv_out-0 dst=node_30
[SYCL][OP] call ggml_sycl_mul_mat: dst='node_30':type=f32;ne=[256, 64, 1, 1];nb=[4, 1024, 65536, 65536]	src0='blk.0.attn_output.weight':type=f32;ne=[256, 256, 1, 1];nb=[4, 1024, 262144, 262144]	src1='kqv_out-0':type=f32;ne=[256, 64, 1, 1];nb=[4, 1024, 65536, 65536]
[XMXConfig] device=0: M=8 N=16 K_INT8=32 K_FP16=16 SLM=131072 nsm=256 supported=1 int8=1 fp16=1 double_buf=1 max_esimd_wg=64 nbarrier=0 esimd_dpas=1
[MUL_MAT] src0 device=0 ptr=0xffffd556b6481400 (tensor=blk.0.attn_output.weight layout=0)
[MUL_MAT] dst device=0 ptr=0xffffd55e47c54000 (tensor=node_30)
[SYCL] weight cache lookup: tensor=0x1d474700 name=blk.0.attn_output.weight device=0
[SYCL][OP] call ggml_sycl_mul_mat done
[DEBUG-IMPL] Node 31/98: op=7 name=node_31
[DEBUG-IMPL] Node 33/98: op=2 name=ffn_inp-0
[DEBUG-IMPL] Node 35/98: op=7 name=ffn_norm-0
[SYCL] simple consumer routing declined: op=MUL dst=ffn_norm-0 local single-device plan ctx=0 target=0
[SYCL][OP] call ggml_sycl_mul: dst='ffn_norm-0':type=f32;ne=[256, 64, 1, 1];nb=[4, 1024, 65536, 65536]	src0='norm-0':type=f32;ne=[256, 64, 1, 1];nb=[4, 1024, 65536, 65536]	src1='blk.0.ffn_norm.weight':type=f32;ne=[256, 1, 1, 1];nb=[4, 1024, 1024, 1024]
[BINBCAST-PTR] src0=norm-0 src0_host=0xffffd55e47c2c000 src0_d=0xffffd55e47c2c000
[BINBCAST-PTR] src1=blk.0.ffn_norm.weight src1_host=0x78d38b941840 src1_d=0xffffd556b6420400
[SYCL][OP] call ggml_sycl_mul done
[DEBUG-IMPL] Node 36/98: op=29 name=ffn_gate-0
[SYCL] simple consumer routing declined: op=MUL_MAT dst=ffn_gate-0 plan unavailable ctx=0
[DEBUG-MULMAT] ENTER: src0=blk.0.ffn_gate.weight src1=ffn_norm-0 dst=ffn_gate-0
[SYCL][OP] call ggml_sycl_mul_mat: dst='ffn_gate-0':type=f32;ne=[384, 64, 1, 1];nb=[4, 1536, 98304, 98304]	src0='blk.0.ffn_gate.weight':type=f32;ne=[256, 384, 1, 1];nb=[4, 1024, 393216, 393216]	src1='ffn_norm-0':type=f32;ne=[256, 64, 1, 1];nb=[4, 1024, 65536, 65536]
[XMXConfig] device=0: M=8 N=16 K_INT8=32 K_FP16=16 SLM=131072 nsm=256 supported=1 int8=1 fp16=1 double_buf=1 max_esimd_wg=64 nbarrier=0 esimd_dpas=1
[MUL_MAT] src0 device=0 ptr=0xffffd556b66a4500 (tensor=blk.0.ffn_gate.weight layout=0)
[MUL_MAT] dst device=0 ptr=0xffffd55e47c3c000 (tensor=ffn_gate-0)
[SYCL] weight cache lookup: tensor=0x1d474d40 name=blk.0.ffn_gate.weight device=0
[SYCL][OP] call ggml_sycl_mul_mat done
[DEBUG-IMPL] Node 37/98: op=2 name=ffn_gate_b-0
[SYCL] simple consumer routing declined: op=ADD dst=ffn_gate_b-0 local single-device plan ctx=0 target=0
[SYCL-ADD-DBG] ADD dst: name=ffn_gate_b-0 type=f32 op=ADD ne=[384,64,1,1] nb=[4,1536,98304,98304] contig=1 data=0xffffd55e47c3c000 view_src=none view_offs=0 layout_mode=none layout_ptr=(nil) layout_size=0
[SYCL-ADD-DBG] ADD src0: name=ffn_gate-0 type=f32 op=MUL_MAT ne=[384,64,1,1] nb=[4,1536,98304,98304] contig=1 data=0xffffd55e47c3c000 view_src=none view_offs=0 layout_mode=none layout_ptr=(nil) layout_size=0
[SYCL-ADD-DBG] ADD src1: name=blk.0.ffn_gate.bias type=f32 op=NONE ne=[384,1,1,1] nb=[4,1536,1536,1536] contig=1 data=0x78d38ba61d40 view_src=none view_offs=0 layout_mode=aos layout_ptr=(nil) layout_size=1536
[SYCL][OP] call ggml_sycl_add: dst='ffn_gate_b-0':type=f32;ne=[384, 64, 1, 1];nb=[4, 1536, 98304, 98304]	src0='ffn_gate-0':type=f32;ne=[384, 64, 1, 1];nb=[4, 1536, 98304, 98304]	src1='blk.0.ffn_gate.bias':type=f32;ne=[384, 1, 1, 1];nb=[4, 1536, 1536, 1536]
[SYCL-ADD-DBG] ADD src0: name=ffn_gate-0 type=f32 ne=[384,64,1,1] nb=[4,1536,98304,98304] contig=1 data=0xffffd55e47c3c000 view_src=none view_offs=0 layout_mode=none layout_ptr=(nil) layout_size=0
[SYCL-ADD-DBG] ADD src1: name=blk.0.ffn_gate.bias type=f32 ne=[384,1,1,1] nb=[4,1536,1536,1536] contig=1 data=0x78d38ba61d40 view_src=none view_offs=0 layout_mode=aos layout_ptr=(nil) layout_size=1536
[SYCL-ADD-DBG] ADD dst: name=ffn_gate_b-0 type=f32 ne=[384,64,1,1] nb=[4,1536,98304,98304] contig=1 data=0xffffd55e47c3c000 view_src=none view_offs=0 layout_mode=none layout_ptr=(nil) layout_size=0
[BINBCAST-PTR] src0=ffn_gate-0 src0_host=0xffffd55e47c3c000 src0_d=0xffffd55e47c3c000
[BINBCAST-PTR] src1=blk.0.ffn_gate.bias src1_host=0x78d38ba61d40 src1_d=0xffffd556b6764500
[SYCL][OP] call ggml_sycl_add done
[DEBUG-IMPL] Node 38/98: op=7 name=ffn_gate_s-0
[SYCL] simple consumer routing declined: op=MUL dst=ffn_gate_s-0 local single-device plan ctx=0 target=0
[SYCL][OP] call ggml_sycl_mul: dst='ffn_gate_s-0':type=f32;ne=[384, 64, 1, 1];nb=[4, 1536, 98304, 98304]	src0='ffn_gate_b-0':type=f32;ne=[384, 64, 1, 1];nb=[4, 1536, 98304, 98304]	src1='blk.0.ffn_gate.scale':type=f32;ne=[1, 1, 1, 1];nb=[4, 4, 4, 4]
[BINBCAST-PTR] src0=ffn_gate_b-0 src0_host=0xffffd55e47c3c000 src0_d=0xffffd55e47c3c000
[BINBCAST-PTR] src1=blk.0.ffn_gate.scale src1_host=0x78d38bc856c0 src1_d=0xffffd556b6765700
[SYCL][OP] call ggml_sycl_mul done
[DEBUG-IMPL] Node 39/98: op=29 name=ffn_up-0
[SYCL] simple consumer routing declined: op=MUL_MAT dst=ffn_up-0 plan unavailable ctx=0
[DEBUG-MULMAT] ENTER: src0=blk.0.ffn_up.weight src1=ffn_norm-0 dst=ffn_up-0
[SYCL][OP] call ggml_sycl_mul_mat: dst='ffn_up-0':type=f32;ne=[384, 64, 1, 1];nb=[4, 1536, 98304, 98304]	src0='blk.0.ffn_up.weight':type=f32;ne=[256, 384, 1, 1];nb=[4, 1024, 393216, 393216]	src1='ffn_norm-0':type=f32;ne=[256, 64, 1, 1];nb=[4, 1024, 65536, 65536]
[XMXConfig] device=0: M=8 N=16 K_INT8=32 K_FP16=16 SLM=131072 nsm=256 supported=1 int8=1 fp16=1 double_buf=1 max_esimd_wg=64 nbarrier=0 esimd_dpas=1
[MUL_MAT] src0 device=0 ptr=0xffffd556b6644500 (tensor=blk.0.ffn_up.weight layout=0)
[MUL_MAT] dst device=0 ptr=0xffffd55e47c64000 (tensor=ffn_up-0)
[SYCL] weight cache lookup: tensor=0x1d475060 name=blk.0.ffn_up.weight device=0
[SYCL][OP] call ggml_sycl_mul_mat done
[DEBUG-IMPL] Node 40/98: op=2 name=ffn_up_b-0
[SYCL] simple consumer routing declined: op=ADD dst=ffn_up_b-0 local single-device plan ctx=0 target=0
[SYCL-ADD-DBG] ADD dst: name=ffn_up_b-0 type=f32 op=ADD ne=[384,64,1,1] nb=[4,1536,98304,98304] contig=1 data=0xffffd55e47c64000 view_src=none view_offs=0 layout_mode=none layout_ptr=(nil) layout_size=0
[SYCL-ADD-DBG] ADD src0: name=ffn_up-0 type=f32 op=MUL_MAT ne=[384,64,1,1] nb=[4,1536,98304,98304] contig=1 data=0xffffd55e47c64000 view_src=none view_offs=0 layout_mode=none layout_ptr=(nil) layout_size=0
[SYCL-ADD-DBG] ADD src1: name=blk.0.ffn_up.bias type=f32 op=NONE ne=[384,1,1,1] nb=[4,1536,1536,1536] contig=1 data=0x78d38ba62740 view_src=none view_offs=0 layout_mode=aos layout_ptr=(nil) layout_size=1536
[SYCL][OP] call ggml_sycl_add: dst='ffn_up_b-0':type=f32;ne=[384, 64, 1, 1];nb=[4, 1536, 98304, 98304]	src0='ffn_up-0':type=f32;ne=[384, 64, 1, 1];nb=[4, 1536, 98304, 98304]	src1='blk.0.ffn_up.bias':type=f32;ne=[384, 1, 1, 1];nb=[4, 1536, 1536, 1536]
[SYCL-ADD-DBG] ADD src0: name=ffn_up-0 type=f32 ne=[384,64,1,1] nb=[4,1536,98304,98304] contig=1 data=0xffffd55e47c64000 view_src=none view_offs=0 layout_mode=none layout_ptr=(nil) layout_size=0
[SYCL-ADD-DBG] ADD src1: name=blk.0.ffn_up.bias type=f32 ne=[384,1,1,1] nb=[4,1536,1536,1536] contig=1 data=0x78d38ba62740 view_src=none view_offs=0 layout_mode=aos layout_ptr=(nil) layout_size=1536
[SYCL-ADD-DBG] ADD dst: name=ffn_up_b-0 type=f32 ne=[384,64,1,1] nb=[4,1536,98304,98304] contig=1 data=0xffffd55e47c64000 view_src=none view_offs=0 layout_mode=none layout_ptr=(nil) layout_size=0
[BINBCAST-PTR] src0=ffn_up-0 src0_host=0xffffd55e47c64000 src0_d=0xffffd55e47c64000
[BINBCAST-PTR] src1=blk.0.ffn_up.bias src1_host=0x78d38ba62740 src1_d=0xffffd556b6764b00
[SYCL][OP] call ggml_sycl_add done
[DEBUG-IMPL] Node 41/98: op=7 name=ffn_up_s-0
[SYCL] simple consumer routing declined: op=MUL dst=ffn_up_s-0 local single-device plan ctx=0 target=0
[SYCL][OP] call ggml_sycl_mul: dst='ffn_up_s-0':type=f32;ne=[384, 64, 1, 1];nb=[4, 1536, 98304, 98304]	src0='ffn_up_b-0':type=f32;ne=[384, 64, 1, 1];nb=[4, 1536, 98304, 98304]	src1='blk.0.ffn_up.scale':type=f32;ne=[1, 1, 1, 1];nb=[4, 4, 4, 4]
[BINBCAST-PTR] src0=ffn_up_b-0 src0_host=0xffffd55e47c64000 src0_d=0xffffd55e47c64000
[BINBCAST-PTR] src1=blk.0.ffn_up.scale src1_host=0x78d38bc85700 src1_d=0xffffd556b6765500
[SYCL][OP] call ggml_sycl_mul done
[DEBUG-IMPL] Node 42/98: op=97 name=ffn_swiglu-0
[SYCL] simple consumer routing declined: op=GLU dst=ffn_swiglu-0 local single-device plan ctx=0 target=0
[SYCL][OP] call ggml_sycl_swiglu: dst='ffn_swiglu-0':type=f32;ne=[384, 64, 1, 1];nb=[4, 1536, 98304, 98304]	src0='ffn_gate_s-0':type=f32;ne=[384, 64, 1, 1];nb=[4, 1536, 98304, 98304]
[SYCL][OP] call ggml_sycl_swiglu done
[DEBUG-IMPL] Node 43/98: op=29 name=ffn_down-0
[SYCL] simple consumer routing declined: op=MUL_MAT dst=ffn_down-0 plan unavailable ctx=0
[DEBUG-MULMAT] ENTER: src0=blk.0.ffn_down.weight src1=ffn_swiglu-0 dst=ffn_down-0
[SYCL][OP] call ggml_sycl_mul_mat: dst='ffn_down-0':type=f32;ne=[256, 64, 1, 1];nb=[4, 1024, 65536, 65536]	src0='blk.0.ffn_down.weight':type=f32;ne=[384, 256, 1, 1];nb=[4, 1536, 393216, 393216]	src1='ffn_swiglu-0':type=f32;ne=[384, 64, 1, 1];nb=[4, 1536, 98304, 98304]
[XMXConfig] device=0: M=8 N=16 K_INT8=32 K_FP16=16 SLM=131072 nsm=256 supported=1 int8=1 fp16=1 double_buf=1 max_esimd_wg=64 nbarrier=0 esimd_dpas=1
[MUL_MAT] src0 device=0 ptr=0xffffd556b6704500 (tensor=blk.0.ffn_down.weight layout=0)
[MUL_MAT] dst device=0 ptr=0xffffd55e47c64000 (tensor=ffn_down-0)
[SYCL] weight cache lookup: tensor=0x1d474ed0 name=blk.0.ffn_down.weight device=0
[SYCL][OP] call ggml_sycl_mul_mat done
[DEBUG-IMPL] Node 44/98: op=2 name=node_44
[SYCL] simple consumer routing declined: op=ADD dst=node_44 local single-device plan ctx=0 target=0
[SYCL-ADD-DBG] ADD dst: name=node_44 type=f32 op=ADD ne=[256,64,1,1] nb=[4,1024,65536,65536] contig=1 data=0xffffd55e47c64000 view_src=none view_offs=0 layout_mode=none layout_ptr=(nil) layout_size=0
[SYCL-ADD-DBG] ADD src0: name=ffn_down-0 type=f32 op=MUL_MAT ne=[256,64,1,1] nb=[4,1024,65536,65536] contig=1 data=0xffffd55e47c64000 view_src=none view_offs=0 layout_mode=none layout_ptr=(nil) layout_size=0
[SYCL-ADD-DBG] ADD src1: name=blk.0.ffn_down.bias type=f32 op=NONE ne=[256,1,1,1] nb=[4,1024,1024,1024] contig=1 data=0x78d38ba62340 view_src=none view_offs=0 layout_mode=aos layout_ptr=(nil) layout_size=1024
[SYCL][OP] call ggml_sycl_add: dst='node_44':type=f32;ne=[256, 64, 1, 1];nb=[4, 1024, 65536, 65536]	src0='ffn_down-0':type=f32;ne=[256, 64, 1, 1];nb=[4, 1024, 65536, 65536]	src1='blk.0.ffn_down.bias':type=f32;ne=[256, 1, 1, 1];nb=[4, 1024, 1024, 1024]
[SYCL-ADD-DBG] ADD src0: name=ffn_down-0 type=f32 ne=[256,64,1,1] nb=[4,1024,65536,65536] contig=1 data=0xffffd55e47c64000 view_src=none view_offs=0 layout_mode=none layout_ptr=(nil) layout_size=0
[SYCL-ADD-DBG] ADD src1: name=blk.0.ffn_down.bias type=f32 ne=[256,1,1,1] nb=[4,1024,1024,1024] contig=1 data=0x78d38ba62340 view_src=none view_offs=0 layout_mode=aos layout_ptr=(nil) layout_size=1024
[SYCL-ADD-DBG] ADD dst: name=node_44 type=f32 ne=[256,64,1,1] nb=[4,1024,65536,65536] contig=1 data=0xffffd55e47c64000 view_src=none view_offs=0 layout_mode=none layout_ptr=(nil) layout_size=0
[BINBCAST-PTR] src0=ffn_down-0 src0_host=0xffffd55e47c64000 src0_d=0xffffd55e47c64000
[BINBCAST-PTR] src1=blk.0.ffn_down.bias src1_host=0x78d38ba62340 src1_d=0xffffd556b6765100
[SYCL][OP] call ggml_sycl_add done
[DEBUG-IMPL] Node 45/98: op=7 name=ffn_out-0
[SYCL] simple consumer routing declined: op=MUL dst=ffn_out-0 local single-device plan ctx=0 target=0
[SYCL][OP] call ggml_sycl_mul: dst='ffn_out-0':type=f32;ne=[256, 64, 1, 1];nb=[4, 1024, 65536, 65536]	src0='node_44':type=f32;ne=[256, 64, 1, 1];nb=[4, 1024, 65536, 65536]	src1='blk.0.ffn_down.scale':type=f32;ne=[1, 1, 1, 1];nb=[4, 4, 4, 4]
[BINBCAST-PTR] src0=node_44 src0_host=0xffffd55e47c64000 src0_d=0xffffd55e47c64000
[BINBCAST-PTR] src1=blk.0.ffn_down.scale src1_host=0x78d38bc856e0 src1_d=0xffffd556b6765600
[SYCL][OP] call ggml_sycl_mul done
[DEBUG-IMPL] Node 46/98: op=2 name=l_out-0
[DEBUG-IMPL] Node 48/98: op=7 name=attn_norm-1
[SYCL] simple consumer routing declined: op=MUL dst=attn_norm-1 local single-device plan ctx=0 target=0
[SYCL][OP] call ggml_sycl_mul: dst='attn_norm-1':type=f32;ne=[256, 64, 1, 1];nb=[4, 1024, 65536, 65536]	src0='norm-1':type=f32;ne=[256, 64, 1, 1];nb=[4, 1024, 65536, 65536]	src1='blk.1.attn_norm.weight':type=f32;ne=[256, 1, 1, 1];nb=[4, 1024, 1024, 1024]
[BINBCAST-PTR] src0=norm-1 src0_host=0xffffd55e47c2c000 src0_d=0xffffd55e47c2c000
[BINBCAST-PTR] src1=blk.1.attn_norm.weight src1_host=0x78d38ba62d40 src1_d=0xffffd556b6421000
[SYCL][OP] call ggml_sycl_mul done
[DEBUG-IMPL] Node 49/98: op=29 name=node_49
[SYCL] simple consumer routing declined: op=MUL_MAT dst=node_49 plan unavailable ctx=0
[DEBUG-MULMAT] ENTER: src0=blk.1.attn_q.weight src1=attn_norm-1 dst=node_49
[SYCL][OP] call ggml_sycl_mul_mat: dst='node_49':type=f32;ne=[256, 64, 1, 1];nb=[4, 1024, 65536, 65536]	src0='blk.1.attn_q.weight':type=f32;ne=[256, 256, 1, 1];nb=[4, 1024, 262144, 262144]	src1='attn_norm-1':type=f32;ne=[256, 64, 1, 1];nb=[4, 1024, 65536, 65536]
[XMXConfig] device=0: M=8 N=16 K_INT8=32 K_FP16=16 SLM=131072 nsm=256 supported=1 int8=1 fp16=1 double_buf=1 max_esimd_wg=64 nbarrier=0 esimd_dpas=1
[MUL_MAT] src0 device=0 ptr=0xffffd556b6602c00 (tensor=blk.1.attn_q.weight layout=0)
[MUL_MAT] dst device=0 ptr=0xffffd55e47c3c000 (tensor=node_49)
[SYCL] weight cache lookup: tensor=0x1d475830 name=blk.1.attn_q.weight device=0
[SYCL][OP] call ggml_sycl_mul_mat done
[DEBUG-IMPL] Node 50/98: op=7 name=Qcur-1
[DEBUG-IMPL] Node 52/98: op=36 name=Qcur-1
[DEBUG-IMPL] Node 53/98: op=49 name=Qcur-1
[SYCL] simple consumer routing declined: op=ROPE dst=Qcur-1 local single-device plan ctx=0 target=0
[SYCL][OP] call ggml_sycl_rope: dst='Qcur-1':type=f32;ne=[128, 2, 64, 1];nb=[4, 512, 1024, 65536]	src0='Qcur-1':type=f32;ne=[128, 2, 64, 1];nb=[4, 512, 1024, 65536]	src1='leaf_7':type=i32;ne=[64, 1, 1, 1];nb=[4, 256, 256, 256]	src2='rope_freqs.weight':type=f32;ne=[64, 1, 1, 1];nb=[4, 256, 256, 256]
ggml_sycl_op_rope: norm path
[SYCL][OP] call ggml_sycl_rope done
[DEBUG-IMPL] Node 54/98: op=29 name=node_54
[SYCL] simple consumer routing declined: op=MUL_MAT dst=node_54 plan unavailable ctx=0
[DEBUG-MULMAT] ENTER: src0=blk.1.attn_v.weight src1=attn_norm-1 dst=node_54
[SYCL][OP] call ggml_sycl_mul_mat: dst='node_54':type=f32;ne=[256, 64, 1, 1];nb=[4, 1024, 65536, 65536]	src0='blk.1.attn_v.weight':type=f32;ne=[256, 256, 1, 1];nb=[4, 1024, 262144, 262144]	src1='attn_norm-1':type=f32;ne=[256, 64, 1, 1];nb=[4, 1024, 65536, 65536]
[XMXConfig] device=0: M=8 N=16 K_INT8=32 K_FP16=16 SLM=131072 nsm=256 supported=1 int8=1 fp16=1 double_buf=1 max_esimd_wg=64 nbarrier=0 esimd_dpas=1
[MUL_MAT] src0 device=0 ptr=0xffffd556b6582c00 (tensor=blk.1.attn_v.weight layout=0)
[MUL_MAT] dst device=0 ptr=0xffffd55e47c3c000 (tensor=node_54)
[SYCL] weight cache lookup: tensor=0x1d475b50 name=blk.1.attn_v.weight device=0
[SYCL][OP] call ggml_sycl_mul_mat done
[DEBUG-IMPL] Node 55/98: op=7 name=Vcur-1
[DEBUG-IMPL] Node 57/98: op=36 name=Vcur-1
[DEBUG-IMPL] Node 58/98: op=29 name=node_58
[SYCL] simple consumer routing declined: op=MUL_MAT dst=node_58 plan unavailable ctx=0
[DEBUG-MULMAT] ENTER: src0=blk.1.attn_k.weight src1=attn_norm-1 dst=node_58
[SYCL][OP] call ggml_sycl_mul_mat: dst='node_58':type=f32;ne=[256, 64, 1, 1];nb=[4, 1024, 65536, 65536]	src0='blk.1.attn_k.weight':type=f32;ne=[256, 256, 1, 1];nb=[4, 1024, 262144, 262144]	src1='attn_norm-1':type=f32;ne=[256, 64, 1, 1];nb=[4, 1024, 65536, 65536]
[XMXConfig] device=0: M=8 N=16 K_INT8=32 K_FP16=16 SLM=131072 nsm=256 supported=1 int8=1 fp16=1 double_buf=1 max_esimd_wg=64 nbarrier=0 esimd_dpas=1
[MUL_MAT] src0 device=0 ptr=0xffffd556b65c2c00 (tensor=blk.1.attn_k.weight layout=0)
[MUL_MAT] dst device=0 ptr=0xffffd55e47c74000 (tensor=node_58)
[SYCL] weight cache lookup: tensor=0x1d4759c0 name=blk.1.attn_k.weight device=0
[SYCL][OP] call ggml_sycl_mul_mat done
[DEBUG-IMPL] Node 59/98: op=7 name=Kcur-1
[DEBUG-IMPL] Node 61/98: op=36 name=Kcur-1
[DEBUG-IMPL] Node 62/98: op=49 name=Kcur-1
[SYCL] simple consumer routing declined: op=ROPE dst=Kcur-1 local single-device plan ctx=0 target=0
[SYCL][OP] call ggml_sycl_rope: dst='Kcur-1':type=f32;ne=[128, 2, 64, 1];nb=[4, 512, 1024, 65536]	src0='Kcur-1':type=f32;ne=[128, 2, 64, 1];nb=[4, 512, 1024, 65536]	src1='leaf_7':type=i32;ne=[64, 1, 1, 1];nb=[4, 256, 256, 256]	src2='rope_freqs.weight':type=f32;ne=[64, 1, 1, 1];nb=[4, 256, 256, 256]
ggml_sycl_op_rope: norm path
[SYCL][OP] call ggml_sycl_rope done
[DEBUG-IMPL] Node 63/98: op=37 name=Kcur-1 (view)
[DEBUG-IMPL] Node 64/98: op=42 name=cache_k_l1 (view)
[SYCL] simple consumer routing declined: op=SET_ROWS dst=cache_k_l1 (view) plan unavailable ctx=0
[SYCL][OP] call ggml_sycl_op_set_rows: dst='cache_k_l1 (view)':type=f16;ne=[256, 256, 1, 1];nb=[2, 512, 131072, 131072]	src0='Kcur-1 (view)':type=f32;ne=[256, 64, 1, 1];nb=[4, 1024, 65536, 65536]	src1='leaf_15':type=i64;ne=[64, 1, 1, 1];nb=[8, 512, 512, 512]
[SYCL][OP] call ggml_sycl_op_set_rows done
[DEBUG-IMPL] Node 65/98: op=37 name=Vcur-1 (view)
[DEBUG-IMPL] Node 66/98: op=42 name=cache_v_l1 (view)
[SYCL] simple consumer routing declined: op=SET_ROWS dst=cache_v_l1 (view) plan unavailable ctx=0
[SYCL][OP] call ggml_sycl_op_set_rows: dst='cache_v_l1 (view)':type=f16;ne=[256, 256, 1, 1];nb=[2, 512, 131072, 131072]	src0='Vcur-1 (view)':type=f32;ne=[256, 64, 1, 1];nb=[4, 1024, 65536, 65536]	src1='leaf_17':type=i64;ne=[64, 1, 1, 1];nb=[8, 512, 512, 512]
[SYCL][OP] call ggml_sycl_op_set_rows done
[DEBUG-IMPL] Node 67/98: op=37 name=Qcur-1 (view)
[DEBUG-IMPL] Node 68/98: op=38 name=Qcur-1 (view) (permuted)
[DEBUG-IMPL] Node 69/98: op=34 name=Qcur-1 (view) (permuted) (copy)
[SYCL] simple consumer routing declined: op=CPY dst=Qcur-1 (view) (permuted) (copy) local single-device plan ctx=0 target=0
[SYCL][OP] call ggml_sycl_cpy: dst='Qcur-1 (view) (permuted) (copy)':type=f16;ne=[128, 64, 2, 1];nb=[2, 256, 16384, 32768]	src0='Qcur-1 (view) (permuted)':type=f32;ne=[128, 64, 2, 1];nb=[4, 1024, 512, 65536];strided;permuted
[CPY] device=0 main_stream=0x1d26bec0 tp_queue=(nil) (match=0)
[CPY DEBUG] device=0 src0=Qcur-1 (view) (permuted)(0xffffd55e47c4c000, usm=1) -> src1=Qcur-1 (view) (permuted) (copy)(0xffffd55e47c5c000, usm=1) size=65536
[CPY STAGING CHECK] device=0 needs_staging=0 src0_type=1 dst_is_device=1
[SYCL][OP] call ggml_sycl_cpy done
[DEBUG-IMPL] Node 70/98: op=37 name=cache_k_l1 (view)
[DEBUG-IMPL] Node 71/98: op=38 name=cache_k_l1 (view) (permuted)
[DEBUG-IMPL] Node 72/98: op=37 name=cache_v_l1 (view)
[DEBUG-IMPL] Node 73/98: op=38 name=cache_v_l1 (view) (permuted)
[DEBUG-IMPL] Node 74/98: op=75 name=node_74
[SYCL] simple consumer routing declined: op=FLASH_ATTN_EXT dst=node_74 plan unavailable ctx=0
ggml_sycl_get_data_ptr_slow: tensor=Qcur-1 (view) (permuted) (copy), device=1, rejecting tensor->data=0xffffd55e47c5c000 owned by device 0
ggml_sycl_get_data_ptr_slow: tensor=node_74, device=1, rejecting tensor->data=0xffffd55e47c2c000 owned by device 0
[DEBUG-IMPL] Node 75/98: op=36 name=kqv_out-1
[DEBUG-IMPL] Node 76/98: op=29 name=node_76
[SYCL] simple consumer routing declined: op=MUL_MAT dst=node_76 plan unavailable ctx=0
[DEBUG-MULMAT] ENTER: src0=blk.1.attn_output.weight src1=kqv_out-1 dst=node_76
[SYCL][OP] call ggml_sycl_mul_mat: dst='node_76':type=f32;ne=[256, 64, 1, 1];nb=[4, 1024, 65536, 65536]	src0='blk.1.attn_output.weight':type=f32;ne=[256, 256, 1, 1];nb=[4, 1024, 262144, 262144]	src1='kqv_out-1':type=f32;ne=[256, 64, 1, 1];nb=[4, 1024, 65536, 65536]
[XMXConfig] device=0: M=8 N=16 K_INT8=32 K_FP16=16 SLM=131072 nsm=256 supported=1 int8=1 fp16=1 double_buf=1 max_esimd_wg=64 nbarrier=0 esimd_dpas=1
[MUL_MAT] src0 device=0 ptr=0xffffd556b6542c00 (tensor=blk.1.attn_output.weight layout=0)
[MUL_MAT] dst device=0 ptr=0xffffd55e47c3c000 (tensor=node_76)
[SYCL] weight cache lookup: tensor=0x1d476190 name=blk.1.attn_output.weight device=0
[SYCL][OP] call ggml_sycl_mul_mat done
[DEBUG-IMPL] Node 77/98: op=7 name=node_77
[DEBUG-IMPL] Node 79/98: op=40 name=node_79
ggml_sycl_get_data_ptr_slow: tensor=leaf_52, device=0, staging FAILED for non-device (type=0), using tensor->data=0x78d277c18840
ggml_sycl_get_data_ptr_slow: tensor=leaf_52, device=0, using tensor->data=0x78d277c18840
[SYCL][OP] call ggml_sycl_get_rows: dst='node_79':type=f32;ne=[256, 64, 1, 1];nb=[4, 1024, 65536, 65536]	src0='attn_out-1':type=f32;ne=[256, 64, 1, 1];nb=[4, 1024, 65536, 65536]	src1='leaf_52':type=i32;ne=[64, 1, 1, 1];nb=[4, 256, 256, 256]
[SYCL] weight cache lookup: tensor=0x78d419e1a6d0 name=attn_out-1 device=0
[SYCL][OP] call ggml_sycl_get_rows done
[DEBUG-IMPL] Node 80/98: op=40 name=node_80
[SYCL][OP] call ggml_sycl_get_rows: dst='node_80':type=f32;ne=[256, 64, 1, 1];nb=[4, 1024, 65536, 65536]	src0='l_out-0':type=f32;ne=[256, 64, 1, 1];nb=[4, 1024, 65536, 65536]	src1='leaf_52':type=i32;ne=[64, 1, 1, 1];nb=[4, 256, 256, 256]
[SYCL] weight cache lookup: tensor=0x78d419e174d0 name=l_out-0 device=0
[SYCL][OP] call ggml_sycl_get_rows done
[DEBUG-IMPL] Node 81/98: op=2 name=ffn_inp-1
[DEBUG-IMPL] Node 83/98: op=7 name=ffn_norm-1
[SYCL] simple consumer routing declined: op=MUL dst=ffn_norm-1 local single-device plan ctx=0 target=0
[SYCL][OP] call ggml_sycl_mul: dst='ffn_norm-1':type=f32;ne=[256, 64, 1, 1];nb=[4, 1024, 65536, 65536]	src0='norm-1':type=f32;ne=[256, 64, 1, 1];nb=[4, 1024, 65536, 65536]	src1='blk.1.ffn_norm.weight':type=f32;ne=[256, 1, 1, 1];nb=[4, 1024, 1024, 1024]
[BINBCAST-PTR] src0=norm-1 src0_host=0xffffd55e47c3c000 src0_d=0xffffd55e47c3c000
[BINBCAST-PTR] src1=blk.1.ffn_norm.weight src1_host=0x78d38bb64140 src1_d=0xffffd556b6420c00
[SYCL][OP] call ggml_sycl_mul done
[DEBUG-IMPL] Node 84/98: op=29 name=ffn_gate-1
[SYCL] simple consumer routing declined: op=MUL_MAT dst=ffn_gate-1 plan unavailable ctx=0
[DEBUG-MULMAT] ENTER: src0=blk.1.ffn_gate.weight src1=ffn_norm-1 dst=ffn_gate-1
[SYCL][OP] call ggml_sycl_mul_mat: dst='ffn_gate-1':type=f32;ne=[384, 64, 1, 1];nb=[4, 1536, 98304, 98304]	src0='blk.1.ffn_gate.weight':type=f32;ne=[256, 384, 1, 1];nb=[4, 1024, 393216, 393216]	src1='ffn_norm-1':type=f32;ne=[256, 64, 1, 1];nb=[4, 1024, 65536, 65536]
[XMXConfig] device=0: M=8 N=16 K_INT8=32 K_FP16=16 SLM=131072 nsm=256 supported=1 int8=1 fp16=1 double_buf=1 max_esimd_wg=64 nbarrier=0 esimd_dpas=1
[MUL_MAT] src0 device=0 ptr=0xffffd556b6825b00 (tensor=blk.1.ffn_gate.weight layout=0)
[MUL_MAT] dst device=0 ptr=0xffffd55e47c4c000 (tensor=ffn_gate-1)
[SYCL] weight cache lookup: tensor=0x1d4767d0 name=blk.1.ffn_gate.weight device=0
[SYCL][OP] call ggml_sycl_mul_mat done
[DEBUG-IMPL] Node 85/98: op=2 name=ffn_gate_b-1
[SYCL] simple consumer routing declined: op=ADD dst=ffn_gate_b-1 local single-device plan ctx=0 target=0
[SYCL-ADD-DBG] ADD dst: name=ffn_gate_b-1 type=f32 op=ADD ne=[384,64,1,1] nb=[4,1536,98304,98304] contig=1 data=0xffffd55e47c4c000 view_src=none view_offs=0 layout_mode=none layout_ptr=(nil) layout_size=0
[SYCL-ADD-DBG] ADD src0: name=ffn_gate-1 type=f32 op=MUL_MAT ne=[384,64,1,1] nb=[4,1536,98304,98304] contig=1 data=0xffffd55e47c4c000 view_src=none view_offs=0 layout_mode=none layout_ptr=(nil) layout_size=0
[SYCL-ADD-DBG] ADD src1: name=blk.1.ffn_gate.bias type=f32 op=NONE ne=[384,1,1,1] nb=[4,1536,1536,1536] contig=1 data=0x78d38bc84640 view_src=none view_offs=0 layout_mode=aos layout_ptr=(nil) layout_size=1536
[SYCL][OP] call ggml_sycl_add: dst='ffn_gate_b-1':type=f32;ne=[384, 64, 1, 1];nb=[4, 1536, 98304, 98304]	src0='ffn_gate-1':type=f32;ne=[384, 64, 1, 1];nb=[4, 1536, 98304, 98304]	src1='blk.1.ffn_gate.bias':type=f32;ne=[384, 1, 1, 1];nb=[4, 1536, 1536, 1536]
[SYCL-ADD-DBG] ADD src0: name=ffn_gate-1 type=f32 ne=[384,64,1,1] nb=[4,1536,98304,98304] contig=1 data=0xffffd55e47c4c000 view_src=none view_offs=0 layout_mode=none layout_ptr=(nil) layout_size=0
[SYCL-ADD-DBG] ADD src1: name=blk.1.ffn_gate.bias type=f32 ne=[384,1,1,1] nb=[4,1536,1536,1536] contig=1 data=0x78d38bc84640 view_src=none view_offs=0 layout_mode=aos layout_ptr=(nil) layout_size=1536
[SYCL-ADD-DBG] ADD dst: name=ffn_gate_b-1 type=f32 ne=[384,64,1,1] nb=[4,1536,98304,98304] contig=1 data=0xffffd55e47c4c000 view_src=none view_offs=0 layout_mode=none layout_ptr=(nil) layout_size=0
[BINBCAST-PTR] src0=ffn_gate-1 src0_host=0xffffd55e47c4c000 src0_d=0xffffd55e47c4c000
[BINBCAST-PTR] src1=blk.1.ffn_gate.bias src1_host=0x78d38bc84640 src1_d=0xffffd556b6886100
[SYCL][OP] call ggml_sycl_add done
[DEBUG-IMPL] Node 86/98: op=7 name=ffn_gate_s-1
[SYCL] simple consumer routing declined: op=MUL dst=ffn_gate_s-1 local single-device plan ctx=0 target=0
[SYCL][OP] call ggml_sycl_mul: dst='ffn_gate_s-1':type=f32;ne=[384, 64, 1, 1];nb=[4, 1536, 98304, 98304]	src0='ffn_gate_b-1':type=f32;ne=[384, 64, 1, 1];nb=[4, 1536, 98304, 98304]	src1='blk.1.ffn_gate.scale':type=f32;ne=[1, 1, 1, 1];nb=[4, 4, 4, 4]
[BINBCAST-PTR] src0=ffn_gate_b-1 src0_host=0xffffd55e47c4c000 src0_d=0xffffd55e47c4c000
[BINBCAST-PTR] src1=blk.1.ffn_gate.scale src1_host=0x78d38bc85880 src1_d=0xffffd556b6886b00
[SYCL][OP] call ggml_sycl_mul done
[DEBUG-IMPL] Node 87/98: op=29 name=ffn_up-1
[SYCL] simple consumer routing declined: op=MUL_MAT dst=ffn_up-1 plan unavailable ctx=0
[DEBUG-MULMAT] ENTER: src0=blk.1.ffn_up.weight src1=ffn_norm-1 dst=ffn_up-1
[SYCL][OP] call ggml_sycl_mul_mat: dst='ffn_up-1':type=f32;ne=[384, 64, 1, 1];nb=[4, 1536, 98304, 98304]	src0='blk.1.ffn_up.weight':type=f32;ne=[256, 384, 1, 1];nb=[4, 1024, 393216, 393216]	src1='ffn_norm-1':type=f32;ne=[256, 64, 1, 1];nb=[4, 1024, 65536, 65536]
[XMXConfig] device=0: M=8 N=16 K_INT8=32 K_FP16=16 SLM=131072 nsm=256 supported=1 int8=1 fp16=1 double_buf=1 max_esimd_wg=64 nbarrier=0 esimd_dpas=1
[MUL_MAT] src0 device=0 ptr=0xffffd556b67c5b00 (tensor=blk.1.ffn_up.weight layout=0)
[MUL_MAT] dst device=0 ptr=0xffffd55e47c64000 (tensor=ffn_up-1)
[SYCL] weight cache lookup: tensor=0x1d476af0 name=blk.1.ffn_up.weight device=0
[SYCL][OP] call ggml_sycl_mul_mat done
[DEBUG-IMPL] Node 88/98: op=2 name=ffn_up_b-1
[SYCL] simple consumer routing declined: op=ADD dst=ffn_up_b-1 local single-device plan ctx=0 target=0
[SYCL-ADD-DBG] ADD dst: name=ffn_up_b-1 type=f32 op=ADD ne=[384,64,1,1] nb=[4,1536,98304,98304] contig=1 data=0xffffd55e47c64000 view_src=none view_offs=0 layout_mode=none layout_ptr=(nil) layout_size=0
[SYCL-ADD-DBG] ADD src0: name=ffn_up-1 type=f32 op=MUL_MAT ne=[384,64,1,1] nb=[4,1536,98304,98304] contig=1 data=0xffffd55e47c64000 view_src=none view_offs=0 layout_mode=none layout_ptr=(nil) layout_size=0
[SYCL-ADD-DBG] ADD src1: name=blk.1.ffn_up.bias type=f32 op=NONE ne=[384,1,1,1] nb=[4,1536,1536,1536] contig=1 data=0x78d38bc85040 view_src=none view_offs=0 layout_mode=aos layout_ptr=(nil) layout_size=1536
[SYCL][OP] call ggml_sycl_add: dst='ffn_up_b-1':type=f32;ne=[384, 64, 1, 1];nb=[4, 1536, 98304, 98304]	src0='ffn_up-1':type=f32;ne=[384, 64, 1, 1];nb=[4, 1536, 98304, 98304]	src1='blk.1.ffn_up.bias':type=f32;ne=[384, 1, 1, 1];nb=[4, 1536, 1536, 1536]
[SYCL-ADD-DBG] ADD src0: name=ffn_up-1 type=f32 ne=[384,64,1,1] nb=[4,1536,98304,98304] contig=1 data=0xffffd55e47c64000 view_src=none view_offs=0 layout_mode=none layout_ptr=(nil) layout_size=0
[SYCL-ADD-DBG] ADD src1: name=blk.1.ffn_up.bias type=f32 ne=[384,1,1,1] nb=[4,1536,1536,1536] contig=1 data=0x78d38bc85040 view_src=none view_offs=0 layout_mode=aos layout_ptr=(nil) layout_size=1536
[SYCL-ADD-DBG] ADD dst: name=ffn_up_b-1 type=f32 ne=[384,64,1,1] nb=[4,1536,98304,98304] contig=1 data=0xffffd55e47c64000 view_src=none view_offs=0 layout_mode=none layout_ptr=(nil) layout_size=0
[BINBCAST-PTR] src0=ffn_up-1 src0_host=0xffffd55e47c64000 src0_d=0xffffd55e47c64000
[BINBCAST-PTR] src1=blk.1.ffn_up.bias src1_host=0x78d38bc85040 src1_d=0xffffd556b6885b00
[SYCL][OP] call ggml_sycl_add done
[DEBUG-IMPL] Node 89/98: op=7 name=ffn_up_s-1
[SYCL] simple consumer routing declined: op=MUL dst=ffn_up_s-1 local single-device plan ctx=0 target=0
[SYCL][OP] call ggml_sycl_mul: dst='ffn_up_s-1':type=f32;ne=[384, 64, 1, 1];nb=[4, 1536, 98304, 98304]	src0='ffn_up_b-1':type=f32;ne=[384, 64, 1, 1];nb=[4, 1536, 98304, 98304]	src1='blk.1.ffn_up.scale':type=f32;ne=[1, 1, 1, 1];nb=[4, 4, 4, 4]
[BINBCAST-PTR] src0=ffn_up_b-1 src0_host=0xffffd55e47c64000 src0_d=0xffffd55e47c64000
[BINBCAST-PTR] src1=blk.1.ffn_up.scale src1_host=0x78d38bc858c0 src1_d=0xffffd556b6886d00
[SYCL][OP] call ggml_sycl_mul done
[DEBUG-IMPL] Node 90/98: op=97 name=ffn_swiglu-1
[SYCL] simple consumer routing declined: op=GLU dst=ffn_swiglu-1 local single-device plan ctx=0 target=0
[SYCL][OP] call ggml_sycl_swiglu: dst='ffn_swiglu-1':type=f32;ne=[384, 64, 1, 1];nb=[4, 1536, 98304, 98304]	src0='ffn_gate_s-1':type=f32;ne=[384, 64, 1, 1];nb=[4, 1536, 98304, 98304]
[SYCL][OP] call ggml_sycl_swiglu done
[DEBUG-IMPL] Node 91/98: op=29 name=ffn_down-1
[SYCL] simple consumer routing declined: op=MUL_MAT dst=ffn_down-1 plan unavailable ctx=0
[DEBUG-MULMAT] ENTER: src0=blk.1.ffn_down.weight src1=ffn_swiglu-1 dst=ffn_down-1
[SYCL][OP] call ggml_sycl_mul_mat: dst='ffn_down-1':type=f32;ne=[256, 64, 1, 1];nb=[4, 1024, 65536, 65536]	src0='blk.1.ffn_down.weight':type=f32;ne=[384, 256, 1, 1];nb=[4, 1536, 393216, 393216]	src1='ffn_swiglu-1':type=f32;ne=[384, 64, 1, 1];nb=[4, 1536, 98304, 98304]
[XMXConfig] device=0: M=8 N=16 K_INT8=32 K_FP16=16 SLM=131072 nsm=256 supported=1 int8=1 fp16=1 double_buf=1 max_esimd_wg=64 nbarrier=0 esimd_dpas=1
[MUL_MAT] src0 device=0 ptr=0xffffd556b6765b00 (tensor=blk.1.ffn_down.weight layout=0)
[MUL_MAT] dst device=0 ptr=0xffffd55e47c3c000 (tensor=ffn_down-1)
[SYCL] weight cache lookup: tensor=0x1d476960 name=blk.1.ffn_down.weight device=0
[SYCL][OP] call ggml_sycl_mul_mat done
[DEBUG-IMPL] Node 92/98: op=2 name=node_92
[SYCL] simple consumer routing declined: op=ADD dst=node_92 local single-device plan ctx=0 target=0
[SYCL-ADD-DBG] ADD dst: name=node_92 type=f32 op=ADD ne=[256,64,1,1] nb=[4,1024,65536,65536] contig=1 data=0xffffd55e47c3c000 view_src=none view_offs=0 layout_mode=none layout_ptr=(nil) layout_size=0
[SYCL-ADD-DBG] ADD src0: name=ffn_down-1 type=f32 op=MUL_MAT ne=[256,64,1,1] nb=[4,1024,65536,65536] contig=1 data=0xffffd55e47c3c000 view_src=none view_offs=0 layout_mode=none layout_ptr=(nil) layout_size=0
[SYCL-ADD-DBG] ADD src1: name=blk.1.ffn_down.bias type=f32 op=NONE ne=[256,1,1,1] nb=[4,1024,1024,1024] contig=1 data=0x78d38bc84c40 view_src=none view_offs=0 layout_mode=aos layout_ptr=(nil) layout_size=1024
[SYCL][OP] call ggml_sycl_add: dst='node_92':type=f32;ne=[256, 64, 1, 1];nb=[4, 1024, 65536, 65536]	src0='ffn_down-1':type=f32;ne=[256, 64, 1, 1];nb=[4, 1024, 65536, 65536]	src1='blk.1.ffn_down.bias':type=f32;ne=[256, 1, 1, 1];nb=[4, 1024, 1024, 1024]
[SYCL-ADD-DBG] ADD src0: name=ffn_down-1 type=f32 ne=[256,64,1,1] nb=[4,1024,65536,65536] contig=1 data=0xffffd55e47c3c000 view_src=none view_offs=0 layout_mode=none layout_ptr=(nil) layout_size=0
[SYCL-ADD-DBG] ADD src1: name=blk.1.ffn_down.bias type=f32 ne=[256,1,1,1] nb=[4,1024,1024,1024] contig=1 data=0x78d38bc84c40 view_src=none view_offs=0 layout_mode=aos layout_ptr=(nil) layout_size=1024
[SYCL-ADD-DBG] ADD dst: name=node_92 type=f32 ne=[256,64,1,1] nb=[4,1024,65536,65536] contig=1 data=0xffffd55e47c3c000 view_src=none view_offs=0 layout_mode=none layout_ptr=(nil) layout_size=0
[BINBCAST-PTR] src0=ffn_down-1 src0_host=0xffffd55e47c3c000 src0_d=0xffffd55e47c3c000
[BINBCAST-PTR] src1=blk.1.ffn_down.bias src1_host=0x78d38bc84c40 src1_d=0xffffd556b6886700
[SYCL][OP] call ggml_sycl_add done
[DEBUG-IMPL] Node 93/98: op=7 name=ffn_out-1
[SYCL] simple consumer routing declined: op=MUL dst=ffn_out-1 local single-device plan ctx=0 target=0
[SYCL][OP] call ggml_sycl_mul: dst='ffn_out-1':type=f32;ne=[256, 64, 1, 1];nb=[4, 1024, 65536, 65536]	src0='node_92':type=f32;ne=[256, 64, 1, 1];nb=[4, 1024, 65536, 65536]	src1='blk.1.ffn_down.scale':type=f32;ne=[1, 1, 1, 1];nb=[4, 4, 4, 4]
[BINBCAST-PTR] src0=node_92 src0_host=0xffffd55e47c3c000 src0_d=0xffffd55e47c3c000
[BINBCAST-PTR] src1=blk.1.ffn_down.scale src1_host=0x78d38bc858a0 src1_d=0xffffd556b6886c00
[SYCL][OP] call ggml_sycl_mul done
[DEBUG-IMPL] Node 94/98: op=2 name=l_out-1
[DEBUG-IMPL] Node 96/98: op=7 name=result_norm
[SYCL] simple consumer routing declined: op=MUL dst=result_norm local single-device plan ctx=0 target=0
[SYCL][OP] call ggml_sycl_mul: dst='result_norm':type=f32;ne=[256, 64, 1, 1];nb=[4, 1024, 65536, 65536]	src0='norm':type=f32;ne=[256, 64, 1, 1];nb=[4, 1024, 65536, 65536]	src1='output_norm.weight':type=f32;ne=[256, 1, 1, 1];nb=[4, 1024, 1024, 1024]
[SYCL-MUL-DBG] device=0 graph_recording=0 dst=result_norm src0=norm src1=output_norm.weight src0_ptr=0xffffd55e47c3c000 src1_ptr=0xffffd556b6420000 dst_ptr=0xffffd55e47c3c000 src0_layout=none src1_layout=aos last_graph_event=0 has_barrier=0 exec_graph=0 graph_nodes=0 graph_decode=0
[BINBCAST-PTR] src0=norm src0_host=0xffffd55e47c3c000 src0_d=0xffffd55e47c3c000
[BINBCAST-PTR] src1=output_norm.weight src1_host=0x78d38b820040 src1_d=0xffffd556b6420000
[SYCL][OP] call ggml_sycl_mul done
[DEBUG-IMPL] Node 97/98: op=29 name=result_output
[SYCL] simple consumer routing declined: op=MUL_MAT dst=result_output plan unavailable ctx=0
[DEBUG-MULMAT] ENTER: src0=output.weight src1=result_norm dst=result_output
[SYCL][OP] call ggml_sycl_mul_mat: dst='result_output':type=f32;ne=[128, 64, 1, 1];nb=[4, 512, 32768, 32768]	src0='output.weight':type=f32;ne=[256, 128, 1, 1];nb=[4, 1024, 131072, 131072]	src1='result_norm':type=f32;ne=[256, 64, 1, 1];nb=[4, 1024, 65536, 65536]
[XMXConfig] device=0: M=8 N=16 K_INT8=32 K_FP16=16 SLM=131072 nsm=256 supported=1 int8=1 fp16=1 double_buf=1 max_esimd_wg=64 nbarrier=0 esimd_dpas=1
[SYCL] output.weight dispatch kernel=ONEDNN_AOS layout=0 batch=64
[MUL_MAT] src0 device=0 ptr=0xffffd556b6421400 (tensor=output.weight layout=0)
[MUL_MAT] dst device=0 ptr=0xffffd55e47c2c000 (tensor=result_output)
[SYCL] weight cache lookup: tensor=0x1d473a80 name=output.weight device=0
[SYCL][OP] call ggml_sycl_mul_mat done
[SYCL-GRAPH] warmup complete for prompt phase
[GRAPH-UNPIN] Released 0 graph MoE expert mem_handle leases
[GRAPH-UNPIN-WEIGHTS] Released 0 graph weight mem_handle leases
[SYCL] call ggml_backend_sycl_get_tensor_async: tensor='result_output':type=f32;ne=[128, 64, 1, 1];nb=[4, 512, 32768, 32768] size=32768 offset=0
[DEBUG-GRAPH-COMPUTE] ENTER: backend=0x1e44b540 cgraph=0x1e76a208
[DEBUG-GRAPH-COMPUTE] sycl_ctx=0x1e3df8b0 device=0
[MEM-HANDLE] released 0 command-graph retained leases
[POOL-LEG] released 0 graph-retained scratch mem_handles
[SYCL] call ggml_backend_sycl_get_device_memory
[MEM-QUERY] dev=0 free=494.5 MB total=32656.0 MB consumed=32161.5 MB
[GRAPH-COMPUTE] device 0 arena scratch=512.0/512.0 MB external_free=494.5 MB / total=32656.0 MB
[DEBUG-GRAPH-COMPUTE] Creating lambda...
[MOE-HYBRID] No MUL_MAT_ID nodes found, MoE hybrid disabled
[DEBUG-GRAPH-COMPUTE] Lambda created
[SYCL-GRAPH] call #2: use_sycl_graph=1, async_mem=0, n_nodes=98, has_exec_graph=0
[DEBUG] About to call ggml_sycl_graph_signature cgraph=0x1e76a208
[DEBUG-GRAPH-SIG] cgraph=0x1e76a208 n_nodes=98 n_leafs=0
[DEBUG] graph_hash=501262221122680916
[DEBUG] Checking graph support for device 0...
[DEBUG] graph_support=1
[GRAPH-PRELOAD-WEIGHTS] planner-authoritative residency active; skipping dense preload
[GRAPH-PRELOAD] Planner active: refreshing MoE pointer tables only
[GRAPH-PRELOAD] Preparing MoE pointer tables for graph (nodes=98 device=0)
[SYCL-GRAPH-STATE] no executable graph cached, will record
[SYCL-GRAPH] skipping graph recording for PP phase
[DEBUG-IMPL] ENTER graph_compute_impl: n_nodes=98, device=0
[DEBUG-IMPL] Starting node loop, n_nodes=98
[DEBUG-IMPL] Node 0/98: op=40 name=embd
ggml_sycl_get_data_ptr_slow: tensor=inp_tokens, device=0, staging FAILED for non-device (type=0), using tensor->data=0x78d277c00240
ggml_sycl_get_data_ptr_slow: tensor=inp_tokens, device=0, using tensor->data=0x78d277c00240
[SYCL][OP] call ggml_sycl_get_rows: dst='embd':type=f32;ne=[256, 64, 1, 1];nb=[4, 1024, 65536, 65536]	src0='token_embd.weight':type=f32;ne=[256, 128, 1, 1];nb=[4, 1024, 131072, 131072]	src1='inp_tokens':type=i32;ne=[64, 1, 1, 1];nb=[4, 256, 256, 256]
[SYCL] weight cache lookup: tensor=0x1d473760 name=token_embd.weight device=0
[SYCL][OP] call ggml_sycl_get_rows done
[DEBUG-IMPL] Node 1/98: op=25 name=norm-0
[DEBUG-IMPL] Node 3/98: op=29 name=node_3
[SYCL] simple consumer routing declined: op=MUL_MAT dst=node_3 plan unavailable ctx=0
[DEBUG-MULMAT] ENTER: src0=blk.0.attn_q.weight src1=attn_norm-0 dst=node_3
[SYCL][OP] call ggml_sycl_mul_mat: dst='node_3':type=f32;ne=[256, 64, 1, 1];nb=[4, 1024, 65536, 65536]	src0='blk.0.attn_q.weight':type=f32;ne=[256, 256, 1, 1];nb=[4, 1024, 262144, 262144]	src1='attn_norm-0':type=f32;ne=[256, 64, 1, 1];nb=[4, 1024, 65536, 65536]
[XMXConfig] device=0: M=8 N=16 K_INT8=32 K_FP16=16 SLM=131072 nsm=256 supported=1 int8=1 fp16=1 double_buf=1 max_esimd_wg=64 nbarrier=0 esimd_dpas=1
[MUL_MAT] src0 device=0 ptr=0xffffd556b6441400 (tensor=blk.0.attn_q.weight layout=0)
[MUL_MAT] dst device=0 ptr=0xffffd55e47c4c000 (tensor=node_3)
[SYCL] weight cache lookup: tensor=0x1d473da0 name=blk.0.attn_q.weight device=0
[SYCL][OP] call ggml_sycl_mul_mat done
[DEBUG-IMPL] Node 4/98: op=7 name=Qcur-0
[DEBUG-IMPL] Node 6/98: op=36 name=Qcur-0
[DEBUG-IMPL] Node 7/98: op=49 name=Qcur-0
ggml_sycl_get_data_ptr_slow: tensor=leaf_7, device=0, staging FAILED for non-device (type=0), using tensor->data=0x78d277c10340
ggml_sycl_get_data_ptr_slow: tensor=leaf_7, device=0, using tensor->data=0x78d277c10340
[RESOLVE] data_handle empty for weight tensor 'rope_freqs.weight' device 0, falling through to cache lookup
[SYCL] weight cache lookup: tensor=0x1d474bb0 name=rope_freqs.weight device=0
[SYCL] weight cache lookup: tensor=0x1d474bb0 name=rope_freqs.weight device=0
[SYCL] simple consumer routing declined: op=ROPE dst=Qcur-0 local single-device plan ctx=0 target=0
[SYCL][OP] call ggml_sycl_rope: dst='Qcur-0':type=f32;ne=[128, 2, 64, 1];nb=[4, 512, 1024, 65536]	src0='Qcur-0':type=f32;ne=[128, 2, 64, 1];nb=[4, 512, 1024, 65536]	src1='leaf_7':type=i32;ne=[64, 1, 1, 1];nb=[4, 256, 256, 256]	src2='rope_freqs.weight':type=f32;ne=[64, 1, 1, 1];nb=[4, 256, 256, 256]
ggml_sycl_op_rope: norm path
[SYCL][OP] call ggml_sycl_rope done
[DEBUG-IMPL] Node 8/98: op=29 name=node_8
[SYCL] simple consumer routing declined: op=MUL_MAT dst=node_8 plan unavailable ctx=0
[DEBUG-MULMAT] ENTER: src0=blk.0.attn_v.weight src1=attn_norm-0 dst=node_8
[SYCL][OP] call ggml_sycl_mul_mat: dst='node_8':type=f32;ne=[256, 64, 1, 1];nb=[4, 1024, 65536, 65536]	src0='blk.0.attn_v.weight':type=f32;ne=[256, 256, 1, 1];nb=[4, 1024, 262144, 262144]	src1='attn_norm-0':type=f32;ne=[256, 64, 1, 1];nb=[4, 1024, 65536, 65536]
[XMXConfig] device=0: M=8 N=16 K_INT8=32 K_FP16=16 SLM=131072 nsm=256 supported=1 int8=1 fp16=1 double_buf=1 max_esimd_wg=64 nbarrier=0 esimd_dpas=1
[MUL_MAT] src0 device=0 ptr=0xffffd556b64c1400 (tensor=blk.0.attn_v.weight layout=0)
[MUL_MAT] dst device=0 ptr=0xffffd55e47c4c000 (tensor=node_8)
[SYCL] weight cache lookup: tensor=0x1d4740c0 name=blk.0.attn_v.weight device=0
[SYCL][OP] call ggml_sycl_mul_mat done
[DEBUG-IMPL] Node 9/98: op=7 name=Vcur-0
[DEBUG-IMPL] Node 11/98: op=36 name=Vcur-0
[DEBUG-IMPL] Node 12/98: op=29 name=node_12
[SYCL] simple consumer routing declined: op=MUL_MAT dst=node_12 plan unavailable ctx=0
[DEBUG-MULMAT] ENTER: src0=blk.0.attn_k.weight src1=attn_norm-0 dst=node_12
[SYCL][OP] call ggml_sycl_mul_mat: dst='node_12':type=f32;ne=[256, 64, 1, 1];nb=[4, 1024, 65536, 65536]	src0='blk.0.attn_k.weight':type=f32;ne=[256, 256, 1, 1];nb=[4, 1024, 262144, 262144]	src1='attn_norm-0':type=f32;ne=[256, 64, 1, 1];nb=[4, 1024, 65536, 65536]
[XMXConfig] device=0: M=8 N=16 K_INT8=32 K_FP16=16 SLM=131072 nsm=256 supported=1 int8=1 fp16=1 double_buf=1 max_esimd_wg=64 nbarrier=0 esimd_dpas=1
[MUL_MAT] src0 device=0 ptr=0xffffd556b6501400 (tensor=blk.0.attn_k.weight layout=0)
[MUL_MAT] dst device=0 ptr=0xffffd55e47c6c000 (tensor=node_12)
[SYCL] weight cache lookup: tensor=0x1d473f30 name=blk.0.attn_k.weight device=0
[SYCL][OP] call ggml_sycl_mul_mat done
[DEBUG-IMPL] Node 13/98: op=7 name=Kcur-0
[DEBUG-IMPL] Node 15/98: op=36 name=Kcur-0
[DEBUG-IMPL] Node 16/98: op=49 name=Kcur-0
[RESOLVE] data_handle empty for weight tensor 'rope_freqs.weight' device 0, falling through to cache lookup
[SYCL] weight cache lookup: tensor=0x1d474bb0 name=rope_freqs.weight device=0
[SYCL] weight cache lookup: tensor=0x1d474bb0 name=rope_freqs.weight device=0
[SYCL] simple consumer routing declined: op=ROPE dst=Kcur-0 local single-device plan ctx=0 target=0
[SYCL][OP] call ggml_sycl_rope: dst='Kcur-0':type=f32;ne=[128, 2, 64, 1];nb=[4, 512, 1024, 65536]	src0='Kcur-0':type=f32;ne=[128, 2, 64, 1];nb=[4, 512, 1024, 65536]	src1='leaf_7':type=i32;ne=[64, 1, 1, 1];nb=[4, 256, 256, 256]	src2='rope_freqs.weight':type=f32;ne=[64, 1, 1, 1];nb=[4, 256, 256, 256]
ggml_sycl_op_rope: norm path
[SYCL][OP] call ggml_sycl_rope done
[DEBUG-IMPL] Node 17/98: op=37 name=Kcur-0 (view)
[DEBUG-IMPL] Node 18/98: op=42 name=cache_k_l0 (view)
ggml_sycl_get_data_ptr_slow: tensor=leaf_15, device=0, staging FAILED for non-device (type=0), using tensor->data=0x78d277c10440
ggml_sycl_get_data_ptr_slow: tensor=leaf_15, device=0, using tensor->data=0x78d277c10440
[SYCL] simple consumer routing declined: op=SET_ROWS dst=cache_k_l0 (view) plan unavailable ctx=0
[SYCL][OP] call ggml_sycl_op_set_rows: dst='cache_k_l0 (view)':type=f16;ne=[256, 256, 1, 1];nb=[2, 512, 131072, 131072]	src0='Kcur-0 (view)':type=f32;ne=[256, 64, 1, 1];nb=[4, 1024, 65536, 65536]	src1='leaf_15':type=i64;ne=[64, 1, 1, 1];nb=[8, 512, 512, 512]
[SYCL][OP] call ggml_sycl_op_set_rows done
[DEBUG-IMPL] Node 19/98: op=37 name=Vcur-0 (view)
[DEBUG-IMPL] Node 20/98: op=42 name=cache_v_l0 (view)
ggml_sycl_get_data_ptr_slow: tensor=leaf_17, device=0, staging FAILED for non-device (type=0), using tensor->data=0x78d277c10640
ggml_sycl_get_data_ptr_slow: tensor=leaf_17, device=0, using tensor->data=0x78d277c10640
[SYCL] simple consumer routing declined: op=SET_ROWS dst=cache_v_l0 (view) plan unavailable ctx=0
[SYCL][OP] call ggml_sycl_op_set_rows: dst='cache_v_l0 (view)':type=f16;ne=[256, 256, 1, 1];nb=[2, 512, 131072, 131072]	src0='Vcur-0 (view)':type=f32;ne=[256, 64, 1, 1];nb=[4, 1024, 65536, 65536]	src1='leaf_17':type=i64;ne=[64, 1, 1, 1];nb=[8, 512, 512, 512]
[SYCL][OP] call ggml_sycl_op_set_rows done
[DEBUG-IMPL] Node 21/98: op=37 name=Qcur-0 (view)
[DEBUG-IMPL] Node 22/98: op=38 name=Qcur-0 (view) (permuted)
[DEBUG-IMPL] Node 23/98: op=34 name=Qcur-0 (view) (permuted) (copy)
[SYCL] simple consumer routing declined: op=CPY dst=Qcur-0 (view) (permuted) (copy) local single-device plan ctx=0 target=0
[SYCL][OP] call ggml_sycl_cpy: dst='Qcur-0 (view) (permuted) (copy)':type=f16;ne=[128, 64, 2, 1];nb=[2, 256, 16384, 32768]	src0='Qcur-0 (view) (permuted)':type=f32;ne=[128, 64, 2, 1];nb=[4, 1024, 512, 65536];strided;permuted
[CPY] device=0 main_stream=0x1d26bec0 tp_queue=(nil) (match=0)
[CPY DEBUG] device=0 src0=Qcur-0 (view) (permuted)(0xffffd55e47c5c000, usm=1) -> src1=Qcur-0 (view) (permuted) (copy)(0xffffd55e47c3c000, usm=1) size=65536
[CPY STAGING CHECK] device=0 needs_staging=0 src0_type=1 dst_is_device=1
[SYCL][OP] call ggml_sycl_cpy done
[DEBUG-IMPL] Node 24/98: op=37 name=cache_k_l0 (view)
[DEBUG-IMPL] Node 25/98: op=38 name=cache_k_l0 (view) (permuted)
[DEBUG-IMPL] Node 26/98: op=37 name=cache_v_l0 (view)
[DEBUG-IMPL] Node 27/98: op=38 name=cache_v_l0 (view) (permuted)
[DEBUG-IMPL] Node 28/98: op=75 name=node_28
ggml_sycl_get_data_ptr_slow: tensor=attn_inp_kq_mask, device=0, staging FAILED for non-device (type=0), using tensor->data=0x78d277c10840
ggml_sycl_get_data_ptr_slow: tensor=attn_inp_kq_mask, device=0, using tensor->data=0x78d277c10840
[SYCL] simple consumer routing declined: op=FLASH_ATTN_EXT dst=node_28 plan unavailable ctx=0
ggml_sycl_get_data_ptr_slow: tensor=Qcur-0 (view) (permuted) (copy), device=1, rejecting tensor->data=0xffffd55e47c3c000 owned by device 0
ggml_sycl_get_data_ptr_slow: tensor=node_28, device=1, rejecting tensor->data=0xffffd55e47c44000 owned by device 0
[DEBUG-IMPL] Node 29/98: op=36 name=kqv_out-0
[DEBUG-IMPL] Node 30/98: op=29 name=node_30
[SYCL] simple consumer routing declined: op=MUL_MAT dst=node_30 plan unavailable ctx=0
[DEBUG-MULMAT] ENTER: src0=blk.0.attn_output.weight src1=kqv_out-0 dst=node_30
[SYCL][OP] call ggml_sycl_mul_mat: dst='node_30':type=f32;ne=[256, 64, 1, 1];nb=[4, 1024, 65536, 65536]	src0='blk.0.attn_output.weight':type=f32;ne=[256, 256, 1, 1];nb=[4, 1024, 262144, 262144]	src1='kqv_out-0':type=f32;ne=[256, 64, 1, 1];nb=[4, 1024, 65536, 65536]
[XMXConfig] device=0: M=8 N=16 K_INT8=32 K_FP16=16 SLM=131072 nsm=256 supported=1 int8=1 fp16=1 double_buf=1 max_esimd_wg=64 nbarrier=0 esimd_dpas=1
[MUL_MAT] src0 device=0 ptr=0xffffd556b6481400 (tensor=blk.0.attn_output.weight layout=0)
[MUL_MAT] dst device=0 ptr=0xffffd55e47c54000 (tensor=node_30)
[SYCL] weight cache lookup: tensor=0x1d474700 name=blk.0.attn_output.weight device=0
[SYCL][OP] call ggml_sycl_mul_mat done
[DEBUG-IMPL] Node 31/98: op=7 name=node_31
[DEBUG-IMPL] Node 33/98: op=2 name=ffn_inp-0
[DEBUG-IMPL] Node 35/98: op=7 name=ffn_norm-0
[SYCL] simple consumer routing declined: op=MUL dst=ffn_norm-0 local single-device plan ctx=0 target=0
[SYCL][OP] call ggml_sycl_mul: dst='ffn_norm-0':type=f32;ne=[256, 64, 1, 1];nb=[4, 1024, 65536, 65536]	src0='norm-0':type=f32;ne=[256, 64, 1, 1];nb=[4, 1024, 65536, 65536]	src1='blk.0.ffn_norm.weight':type=f32;ne=[256, 1, 1, 1];nb=[4, 1024, 1024, 1024]
[BINBCAST-PTR] src0=norm-0 src0_host=0xffffd55e47c2c000 src0_d=0xffffd55e47c2c000
[BINBCAST-PTR] src1=blk.0.ffn_norm.weight src1_host=0x78d38b941840 src1_d=0xffffd556b6420400
[SYCL][OP] call ggml_sycl_mul done
[DEBUG-IMPL] Node 36/98: op=29 name=ffn_gate-0
[SYCL] simple consumer routing declined: op=MUL_MAT dst=ffn_gate-0 plan unavailable ctx=0
[DEBUG-MULMAT] ENTER: src0=blk.0.ffn_gate.weight src1=ffn_norm-0 dst=ffn_gate-0
[SYCL][OP] call ggml_sycl_mul_mat: dst='ffn_gate-0':type=f32;ne=[384, 64, 1, 1];nb=[4, 1536, 98304, 98304]	src0='blk.0.ffn_gate.weight':type=f32;ne=[256, 384, 1, 1];nb=[4, 1024, 393216, 393216]	src1='ffn_norm-0':type=f32;ne=[256, 64, 1, 1];nb=[4, 1024, 65536, 65536]
[XMXConfig] device=0: M=8 N=16 K_INT8=32 K_FP16=16 SLM=131072 nsm=256 supported=1 int8=1 fp16=1 double_buf=1 max_esimd_wg=64 nbarrier=0 esimd_dpas=1
[MUL_MAT] src0 device=0 ptr=0xffffd556b66a4500 (tensor=blk.0.ffn_gate.weight layout=0)
[MUL_MAT] dst device=0 ptr=0xffffd55e47c3c000 (tensor=ffn_gate-0)
[SYCL] weight cache lookup: tensor=0x1d474d40 name=blk.0.ffn_gate.weight device=0
[SYCL][OP] call ggml_sycl_mul_mat done
[DEBUG-IMPL] Node 37/98: op=2 name=ffn_gate_b-0
[SYCL] simple consumer routing declined: op=ADD dst=ffn_gate_b-0 local single-device plan ctx=0 target=0
[SYCL-ADD-DBG] ADD dst: name=ffn_gate_b-0 type=f32 op=ADD ne=[384,64,1,1] nb=[4,1536,98304,98304] contig=1 data=0xffffd55e47c3c000 view_src=none view_offs=0 layout_mode=none layout_ptr=(nil) layout_size=0
[SYCL-ADD-DBG] ADD src0: name=ffn_gate-0 type=f32 op=MUL_MAT ne=[384,64,1,1] nb=[4,1536,98304,98304] contig=1 data=0xffffd55e47c3c000 view_src=none view_offs=0 layout_mode=none layout_ptr=(nil) layout_size=0
[SYCL-ADD-DBG] ADD src1: name=blk.0.ffn_gate.bias type=f32 op=NONE ne=[384,1,1,1] nb=[4,1536,1536,1536] contig=1 data=0x78d38ba61d40 view_src=none view_offs=0 layout_mode=aos layout_ptr=(nil) layout_size=1536
[SYCL][OP] call ggml_sycl_add: dst='ffn_gate_b-0':type=f32;ne=[384, 64, 1, 1];nb=[4, 1536, 98304, 98304]	src0='ffn_gate-0':type=f32;ne=[384, 64, 1, 1];nb=[4, 1536, 98304, 98304]	src1='blk.0.ffn_gate.bias':type=f32;ne=[384, 1, 1, 1];nb=[4, 1536, 1536, 1536]
[SYCL-ADD-DBG] ADD src0: name=ffn_gate-0 type=f32 ne=[384,64,1,1] nb=[4,1536,98304,98304] contig=1 data=0xffffd55e47c3c000 view_src=none view_offs=0 layout_mode=none layout_ptr=(nil) layout_size=0
[SYCL-ADD-DBG] ADD src1: name=blk.0.ffn_gate.bias type=f32 ne=[384,1,1,1] nb=[4,1536,1536,1536] contig=1 data=0x78d38ba61d40 view_src=none view_offs=0 layout_mode=aos layout_ptr=(nil) layout_size=1536
[SYCL-ADD-DBG] ADD dst: name=ffn_gate_b-0 type=f32 ne=[384,64,1,1] nb=[4,1536,98304,98304] contig=1 data=0xffffd55e47c3c000 view_src=none view_offs=0 layout_mode=none layout_ptr=(nil) layout_size=0
[BINBCAST-PTR] src0=ffn_gate-0 src0_host=0xffffd55e47c3c000 src0_d=0xffffd55e47c3c000
[BINBCAST-PTR] src1=blk.0.ffn_gate.bias src1_host=0x78d38ba61d40 src1_d=0xffffd556b6764500
[SYCL][OP] call ggml_sycl_add done
[DEBUG-IMPL] Node 38/98: op=7 name=ffn_gate_s-0
[SYCL] simple consumer routing declined: op=MUL dst=ffn_gate_s-0 local single-device plan ctx=0 target=0
[SYCL][OP] call ggml_sycl_mul: dst='ffn_gate_s-0':type=f32;ne=[384, 64, 1, 1];nb=[4, 1536, 98304, 98304]	src0='ffn_gate_b-0':type=f32;ne=[384, 64, 1, 1];nb=[4, 1536, 98304, 98304]	src1='blk.0.ffn_gate.scale':type=f32;ne=[1, 1, 1, 1];nb=[4, 4, 4, 4]
[BINBCAST-PTR] src0=ffn_gate_b-0 src0_host=0xffffd55e47c3c000 src0_d=0xffffd55e47c3c000
[BINBCAST-PTR] src1=blk.0.ffn_gate.scale src1_host=0x78d38bc856c0 src1_d=0xffffd556b6765700
[SYCL][OP] call ggml_sycl_mul done
[DEBUG-IMPL] Node 39/98: op=29 name=ffn_up-0
[SYCL] simple consumer routing declined: op=MUL_MAT dst=ffn_up-0 plan unavailable ctx=0
[DEBUG-MULMAT] ENTER: src0=blk.0.ffn_up.weight src1=ffn_norm-0 dst=ffn_up-0
[SYCL][OP] call ggml_sycl_mul_mat: dst='ffn_up-0':type=f32;ne=[384, 64, 1, 1];nb=[4, 1536, 98304, 98304]	src0='blk.0.ffn_up.weight':type=f32;ne=[256, 384, 1, 1];nb=[4, 1024, 393216, 393216]	src1='ffn_norm-0':type=f32;ne=[256, 64, 1, 1];nb=[4, 1024, 65536, 65536]
[XMXConfig] device=0: M=8 N=16 K_INT8=32 K_FP16=16 SLM=131072 nsm=256 supported=1 int8=1 fp16=1 double_buf=1 max_esimd_wg=64 nbarrier=0 esimd_dpas=1
[MUL_MAT] src0 device=0 ptr=0xffffd556b6644500 (tensor=blk.0.ffn_up.weight layout=0)
[MUL_MAT] dst device=0 ptr=0xffffd55e47c64000 (tensor=ffn_up-0)
[SYCL] weight cache lookup: tensor=0x1d475060 name=blk.0.ffn_up.weight device=0
[SYCL][OP] call ggml_sycl_mul_mat done
[DEBUG-IMPL] Node 40/98: op=2 name=ffn_up_b-0
[SYCL] simple consumer routing declined: op=ADD dst=ffn_up_b-0 local single-device plan ctx=0 target=0
[SYCL-ADD-DBG] ADD dst: name=ffn_up_b-0 type=f32 op=ADD ne=[384,64,1,1] nb=[4,1536,98304,98304] contig=1 data=0xffffd55e47c64000 view_src=none view_offs=0 layout_mode=none layout_ptr=(nil) layout_size=0
[SYCL-ADD-DBG] ADD src0: name=ffn_up-0 type=f32 op=MUL_MAT ne=[384,64,1,1] nb=[4,1536,98304,98304] contig=1 data=0xffffd55e47c64000 view_src=none view_offs=0 layout_mode=none layout_ptr=(nil) layout_size=0
[SYCL-ADD-DBG] ADD src1: name=blk.0.ffn_up.bias type=f32 op=NONE ne=[384,1,1,1] nb=[4,1536,1536,1536] contig=1 data=0x78d38ba62740 view_src=none view_offs=0 layout_mode=aos layout_ptr=(nil) layout_size=1536
[SYCL][OP] call ggml_sycl_add: dst='ffn_up_b-0':type=f32;ne=[384, 64, 1, 1];nb=[4, 1536, 98304, 98304]	src0='ffn_up-0':type=f32;ne=[384, 64, 1, 1];nb=[4, 1536, 98304, 98304]	src1='blk.0.ffn_up.bias':type=f32;ne=[384, 1, 1, 1];nb=[4, 1536, 1536, 1536]
[SYCL-ADD-DBG] ADD src0: name=ffn_up-0 type=f32 ne=[384,64,1,1] nb=[4,1536,98304,98304] contig=1 data=0xffffd55e47c64000 view_src=none view_offs=0 layout_mode=none layout_ptr=(nil) layout_size=0
[SYCL-ADD-DBG] ADD src1: name=blk.0.ffn_up.bias type=f32 ne=[384,1,1,1] nb=[4,1536,1536,1536] contig=1 data=0x78d38ba62740 view_src=none view_offs=0 layout_mode=aos layout_ptr=(nil) layout_size=1536
[SYCL-ADD-DBG] ADD dst: name=ffn_up_b-0 type=f32 ne=[384,64,1,1] nb=[4,1536,98304,98304] contig=1 data=0xffffd55e47c64000 view_src=none view_offs=0 layout_mode=none layout_ptr=(nil) layout_size=0
[BINBCAST-PTR] src0=ffn_up-0 src0_host=0xffffd55e47c64000 src0_d=0xffffd55e47c64000
[BINBCAST-PTR] src1=blk.0.ffn_up.bias src1_host=0x78d38ba62740 src1_d=0xffffd556b6764b00
[SYCL][OP] call ggml_sycl_add done
[DEBUG-IMPL] Node 41/98: op=7 name=ffn_up_s-0
[SYCL] simple consumer routing declined: op=MUL dst=ffn_up_s-0 local single-device plan ctx=0 target=0
[SYCL][OP] call ggml_sycl_mul: dst='ffn_up_s-0':type=f32;ne=[384, 64, 1, 1];nb=[4, 1536, 98304, 98304]	src0='ffn_up_b-0':type=f32;ne=[384, 64, 1, 1];nb=[4, 1536, 98304, 98304]	src1='blk.0.ffn_up.scale':type=f32;ne=[1, 1, 1, 1];nb=[4, 4, 4, 4]
[BINBCAST-PTR] src0=ffn_up_b-0 src0_host=0xffffd55e47c64000 src0_d=0xffffd55e47c64000
[BINBCAST-PTR] src1=blk.0.ffn_up.scale src1_host=0x78d38bc85700 src1_d=0xffffd556b6765500
[SYCL][OP] call ggml_sycl_mul done
[DEBUG-IMPL] Node 42/98: op=97 name=ffn_swiglu-0
[SYCL] simple consumer routing declined: op=GLU dst=ffn_swiglu-0 local single-device plan ctx=0 target=0
[SYCL][OP] call ggml_sycl_swiglu: dst='ffn_swiglu-0':type=f32;ne=[384, 64, 1, 1];nb=[4, 1536, 98304, 98304]	src0='ffn_gate_s-0':type=f32;ne=[384, 64, 1, 1];nb=[4, 1536, 98304, 98304]
[SYCL][OP] call ggml_sycl_swiglu done
[DEBUG-IMPL] Node 43/98: op=29 name=ffn_down-0
[SYCL] simple consumer routing declined: op=MUL_MAT dst=ffn_down-0 plan unavailable ctx=0
[DEBUG-MULMAT] ENTER: src0=blk.0.ffn_down.weight src1=ffn_swiglu-0 dst=ffn_down-0
[SYCL][OP] call ggml_sycl_mul_mat: dst='ffn_down-0':type=f32;ne=[256, 64, 1, 1];nb=[4, 1024, 65536, 65536]	src0='blk.0.ffn_down.weight':type=f32;ne=[384, 256, 1, 1];nb=[4, 1536, 393216, 393216]	src1='ffn_swiglu-0':type=f32;ne=[384, 64, 1, 1];nb=[4, 1536, 98304, 98304]
[XMXConfig] device=0: M=8 N=16 K_INT8=32 K_FP16=16 SLM=131072 nsm=256 supported=1 int8=1 fp16=1 double_buf=1 max_esimd_wg=64 nbarrier=0 esimd_dpas=1
[MUL_MAT] src0 device=0 ptr=0xffffd556b6704500 (tensor=blk.0.ffn_down.weight layout=0)
[MUL_MAT] dst device=0 ptr=0xffffd55e47c64000 (tensor=ffn_down-0)
[SYCL] weight cache lookup: tensor=0x1d474ed0 name=blk.0.ffn_down.weight device=0
[SYCL][OP] call ggml_sycl_mul_mat done
[DEBUG-IMPL] Node 44/98: op=2 name=node_44
[SYCL] simple consumer routing declined: op=ADD dst=node_44 local single-device plan ctx=0 target=0
[SYCL-ADD-DBG] ADD dst: name=node_44 type=f32 op=ADD ne=[256,64,1,1] nb=[4,1024,65536,65536] contig=1 data=0xffffd55e47c64000 view_src=none view_offs=0 layout_mode=none layout_ptr=(nil) layout_size=0
[SYCL-ADD-DBG] ADD src0: name=ffn_down-0 type=f32 op=MUL_MAT ne=[256,64,1,1] nb=[4,1024,65536,65536] contig=1 data=0xffffd55e47c64000 view_src=none view_offs=0 layout_mode=none layout_ptr=(nil) layout_size=0
[SYCL-ADD-DBG] ADD src1: name=blk.0.ffn_down.bias type=f32 op=NONE ne=[256,1,1,1] nb=[4,1024,1024,1024] contig=1 data=0x78d38ba62340 view_src=none view_offs=0 layout_mode=aos layout_ptr=(nil) layout_size=1024
[SYCL][OP] call ggml_sycl_add: dst='node_44':type=f32;ne=[256, 64, 1, 1];nb=[4, 1024, 65536, 65536]	src0='ffn_down-0':type=f32;ne=[256, 64, 1, 1];nb=[4, 1024, 65536, 65536]	src1='blk.0.ffn_down.bias':type=f32;ne=[256, 1, 1, 1];nb=[4, 1024, 1024, 1024]
[SYCL-ADD-DBG] ADD src0: name=ffn_down-0 type=f32 ne=[256,64,1,1] nb=[4,1024,65536,65536] contig=1 data=0xffffd55e47c64000 view_src=none view_offs=0 layout_mode=none layout_ptr=(nil) layout_size=0
[SYCL-ADD-DBG] ADD src1: name=blk.0.ffn_down.bias type=f32 ne=[256,1,1,1] nb=[4,1024,1024,1024] contig=1 data=0x78d38ba62340 view_src=none view_offs=0 layout_mode=aos layout_ptr=(nil) layout_size=1024
[SYCL-ADD-DBG] ADD dst: name=node_44 type=f32 ne=[256,64,1,1] nb=[4,1024,65536,65536] contig=1 data=0xffffd55e47c64000 view_src=none view_offs=0 layout_mode=none layout_ptr=(nil) layout_size=0
[BINBCAST-PTR] src0=ffn_down-0 src0_host=0xffffd55e47c64000 src0_d=0xffffd55e47c64000
[BINBCAST-PTR] src1=blk.0.ffn_down.bias src1_host=0x78d38ba62340 src1_d=0xffffd556b6765100
[SYCL][OP] call ggml_sycl_add done
[DEBUG-IMPL] Node 45/98: op=7 name=ffn_out-0
[SYCL] simple consumer routing declined: op=MUL dst=ffn_out-0 local single-device plan ctx=0 target=0
[SYCL][OP] call ggml_sycl_mul: dst='ffn_out-0':type=f32;ne=[256, 64, 1, 1];nb=[4, 1024, 65536, 65536]	src0='node_44':type=f32;ne=[256, 64, 1, 1];nb=[4, 1024, 65536, 65536]	src1='blk.0.ffn_down.scale':type=f32;ne=[1, 1, 1, 1];nb=[4, 4, 4, 4]
[BINBCAST-PTR] src0=node_44 src0_host=0xffffd55e47c64000 src0_d=0xffffd55e47c64000
[BINBCAST-PTR] src1=blk.0.ffn_down.scale src1_host=0x78d38bc856e0 src1_d=0xffffd556b6765600
[SYCL][OP] call ggml_sycl_mul done
[DEBUG-IMPL] Node 46/98: op=2 name=l_out-0
[DEBUG-IMPL] Node 48/98: op=7 name=attn_norm-1
[SYCL] simple consumer routing declined: op=MUL dst=attn_norm-1 local single-device plan ctx=0 target=0
[SYCL][OP] call ggml_sycl_mul: dst='attn_norm-1':type=f32;ne=[256, 64, 1, 1];nb=[4, 1024, 65536, 65536]	src0='norm-1':type=f32;ne=[256, 64, 1, 1];nb=[4, 1024, 65536, 65536]	src1='blk.1.attn_norm.weight':type=f32;ne=[256, 1, 1, 1];nb=[4, 1024, 1024, 1024]
[BINBCAST-PTR] src0=norm-1 src0_host=0xffffd55e47c2c000 src0_d=0xffffd55e47c2c000
[BINBCAST-PTR] src1=blk.1.attn_norm.weight src1_host=0x78d38ba62d40 src1_d=0xffffd556b6421000
[SYCL][OP] call ggml_sycl_mul done
[DEBUG-IMPL] Node 49/98: op=29 name=node_49
[SYCL] simple consumer routing declined: op=MUL_MAT dst=node_49 plan unavailable ctx=0
[DEBUG-MULMAT] ENTER: src0=blk.1.attn_q.weight src1=attn_norm-1 dst=node_49
[SYCL][OP] call ggml_sycl_mul_mat: dst='node_49':type=f32;ne=[256, 64, 1, 1];nb=[4, 1024, 65536, 65536]	src0='blk.1.attn_q.weight':type=f32;ne=[256, 256, 1, 1];nb=[4, 1024, 262144, 262144]	src1='attn_norm-1':type=f32;ne=[256, 64, 1, 1];nb=[4, 1024, 65536, 65536]
[XMXConfig] device=0: M=8 N=16 K_INT8=32 K_FP16=16 SLM=131072 nsm=256 supported=1 int8=1 fp16=1 double_buf=1 max_esimd_wg=64 nbarrier=0 esimd_dpas=1
[MUL_MAT] src0 device=0 ptr=0xffffd556b6602c00 (tensor=blk.1.attn_q.weight layout=0)
[MUL_MAT] dst device=0 ptr=0xffffd55e47c3c000 (tensor=node_49)
[SYCL] weight cache lookup: tensor=0x1d475830 name=blk.1.attn_q.weight device=0
[SYCL][OP] call ggml_sycl_mul_mat done
[DEBUG-IMPL] Node 50/98: op=7 name=Qcur-1
[DEBUG-IMPL] Node 52/98: op=36 name=Qcur-1
[DEBUG-IMPL] Node 53/98: op=49 name=Qcur-1
[SYCL] simple consumer routing declined: op=ROPE dst=Qcur-1 local single-device plan ctx=0 target=0
[SYCL][OP] call ggml_sycl_rope: dst='Qcur-1':type=f32;ne=[128, 2, 64, 1];nb=[4, 512, 1024, 65536]	src0='Qcur-1':type=f32;ne=[128, 2, 64, 1];nb=[4, 512, 1024, 65536]	src1='leaf_7':type=i32;ne=[64, 1, 1, 1];nb=[4, 256, 256, 256]	src2='rope_freqs.weight':type=f32;ne=[64, 1, 1, 1];nb=[4, 256, 256, 256]
ggml_sycl_op_rope: norm path
[SYCL][OP] call ggml_sycl_rope done
[DEBUG-IMPL] Node 54/98: op=29 name=node_54
[SYCL] simple consumer routing declined: op=MUL_MAT dst=node_54 plan unavailable ctx=0
[DEBUG-MULMAT] ENTER: src0=blk.1.attn_v.weight src1=attn_norm-1 dst=node_54
[SYCL][OP] call ggml_sycl_mul_mat: dst='node_54':type=f32;ne=[256, 64, 1, 1];nb=[4, 1024, 65536, 65536]	src0='blk.1.attn_v.weight':type=f32;ne=[256, 256, 1, 1];nb=[4, 1024, 262144, 262144]	src1='attn_norm-1':type=f32;ne=[256, 64, 1, 1];nb=[4, 1024, 65536, 65536]
[XMXConfig] device=0: M=8 N=16 K_INT8=32 K_FP16=16 SLM=131072 nsm=256 supported=1 int8=1 fp16=1 double_buf=1 max_esimd_wg=64 nbarrier=0 esimd_dpas=1
[MUL_MAT] src0 device=0 ptr=0xffffd556b6582c00 (tensor=blk.1.attn_v.weight layout=0)
[MUL_MAT] dst device=0 ptr=0xffffd55e47c3c000 (tensor=node_54)
[SYCL] weight cache lookup: tensor=0x1d475b50 name=blk.1.attn_v.weight device=0
[SYCL][OP] call ggml_sycl_mul_mat done
[DEBUG-IMPL] Node 55/98: op=7 name=Vcur-1
[DEBUG-IMPL] Node 57/98: op=36 name=Vcur-1
[DEBUG-IMPL] Node 58/98: op=29 name=node_58
[SYCL] simple consumer routing declined: op=MUL_MAT dst=node_58 plan unavailable ctx=0
[DEBUG-MULMAT] ENTER: src0=blk.1.attn_k.weight src1=attn_norm-1 dst=node_58
[SYCL][OP] call ggml_sycl_mul_mat: dst='node_58':type=f32;ne=[256, 64, 1, 1];nb=[4, 1024, 65536, 65536]	src0='blk.1.attn_k.weight':type=f32;ne=[256, 256, 1, 1];nb=[4, 1024, 262144, 262144]	src1='attn_norm-1':type=f32;ne=[256, 64, 1, 1];nb=[4, 1024, 65536, 65536]
[XMXConfig] device=0: M=8 N=16 K_INT8=32 K_FP16=16 SLM=131072 nsm=256 supported=1 int8=1 fp16=1 double_buf=1 max_esimd_wg=64 nbarrier=0 esimd_dpas=1
[MUL_MAT] src0 device=0 ptr=0xffffd556b65c2c00 (tensor=blk.1.attn_k.weight layout=0)
[MUL_MAT] dst device=0 ptr=0xffffd55e47c74000 (tensor=node_58)
[SYCL] weight cache lookup: tensor=0x1d4759c0 name=blk.1.attn_k.weight device=0
[SYCL][OP] call ggml_sycl_mul_mat done
[DEBUG-IMPL] Node 59/98: op=7 name=Kcur-1
[DEBUG-IMPL] Node 61/98: op=36 name=Kcur-1
[DEBUG-IMPL] Node 62/98: op=49 name=Kcur-1
[SYCL] simple consumer routing declined: op=ROPE dst=Kcur-1 local single-device plan ctx=0 target=0
[SYCL][OP] call ggml_sycl_rope: dst='Kcur-1':type=f32;ne=[128, 2, 64, 1];nb=[4, 512, 1024, 65536]	src0='Kcur-1':type=f32;ne=[128, 2, 64, 1];nb=[4, 512, 1024, 65536]	src1='leaf_7':type=i32;ne=[64, 1, 1, 1];nb=[4, 256, 256, 256]	src2='rope_freqs.weight':type=f32;ne=[64, 1, 1, 1];nb=[4, 256, 256, 256]
ggml_sycl_op_rope: norm path
[SYCL][OP] call ggml_sycl_rope done
[DEBUG-IMPL] Node 63/98: op=37 name=Kcur-1 (view)
[DEBUG-IMPL] Node 64/98: op=42 name=cache_k_l1 (view)
[SYCL] simple consumer routing declined: op=SET_ROWS dst=cache_k_l1 (view) plan unavailable ctx=0
[SYCL][OP] call ggml_sycl_op_set_rows: dst='cache_k_l1 (view)':type=f16;ne=[256, 256, 1, 1];nb=[2, 512, 131072, 131072]	src0='Kcur-1 (view)':type=f32;ne=[256, 64, 1, 1];nb=[4, 1024, 65536, 65536]	src1='leaf_15':type=i64;ne=[64, 1, 1, 1];nb=[8, 512, 512, 512]
[SYCL][OP] call ggml_sycl_op_set_rows done
[DEBUG-IMPL] Node 65/98: op=37 name=Vcur-1 (view)
[DEBUG-IMPL] Node 66/98: op=42 name=cache_v_l1 (view)
[SYCL] simple consumer routing declined: op=SET_ROWS dst=cache_v_l1 (view) plan unavailable ctx=0
[SYCL][OP] call ggml_sycl_op_set_rows: dst='cache_v_l1 (view)':type=f16;ne=[256, 256, 1, 1];nb=[2, 512, 131072, 131072]	src0='Vcur-1 (view)':type=f32;ne=[256, 64, 1, 1];nb=[4, 1024, 65536, 65536]	src1='leaf_17':type=i64;ne=[64, 1, 1, 1];nb=[8, 512, 512, 512]
[SYCL][OP] call ggml_sycl_op_set_rows done
[DEBUG-IMPL] Node 67/98: op=37 name=Qcur-1 (view)
[DEBUG-IMPL] Node 68/98: op=38 name=Qcur-1 (view) (permuted)
[DEBUG-IMPL] Node 69/98: op=34 name=Qcur-1 (view) (permuted) (copy)
[SYCL] simple consumer routing declined: op=CPY dst=Qcur-1 (view) (permuted) (copy) local single-device plan ctx=0 target=0
[SYCL][OP] call ggml_sycl_cpy: dst='Qcur-1 (view) (permuted) (copy)':type=f16;ne=[128, 64, 2, 1];nb=[2, 256, 16384, 32768]	src0='Qcur-1 (view) (permuted)':type=f32;ne=[128, 64, 2, 1];nb=[4, 1024, 512, 65536];strided;permuted
[CPY] device=0 main_stream=0x1d26bec0 tp_queue=(nil) (match=0)
[CPY DEBUG] device=0 src0=Qcur-1 (view) (permuted)(0xffffd55e47c4c000, usm=1) -> src1=Qcur-1 (view) (permuted) (copy)(0xffffd55e47c5c000, usm=1) size=65536
[CPY STAGING CHECK] device=0 needs_staging=0 src0_type=1 dst_is_device=1
[SYCL][OP] call ggml_sycl_cpy done
[DEBUG-IMPL] Node 70/98: op=37 name=cache_k_l1 (view)
[DEBUG-IMPL] Node 71/98: op=38 name=cache_k_l1 (view) (permuted)
[DEBUG-IMPL] Node 72/98: op=37 name=cache_v_l1 (view)
[DEBUG-IMPL] Node 73/98: op=38 name=cache_v_l1 (view) (permuted)
[DEBUG-IMPL] Node 74/98: op=75 name=node_74
[SYCL] simple consumer routing declined: op=FLASH_ATTN_EXT dst=node_74 plan unavailable ctx=0
ggml_sycl_get_data_ptr_slow: tensor=Qcur-1 (view) (permuted) (copy), device=1, rejecting tensor->data=0xffffd55e47c5c000 owned by device 0
ggml_sycl_get_data_ptr_slow: tensor=node_74, device=1, rejecting tensor->data=0xffffd55e47c2c000 owned by device 0
[DEBUG-IMPL] Node 75/98: op=36 name=kqv_out-1
[DEBUG-IMPL] Node 76/98: op=29 name=node_76
[SYCL] simple consumer routing declined: op=MUL_MAT dst=node_76 plan unavailable ctx=0
[DEBUG-MULMAT] ENTER: src0=blk.1.attn_output.weight src1=kqv_out-1 dst=node_76
[SYCL][OP] call ggml_sycl_mul_mat: dst='node_76':type=f32;ne=[256, 64, 1, 1];nb=[4, 1024, 65536, 65536]	src0='blk.1.attn_output.weight':type=f32;ne=[256, 256, 1, 1];nb=[4, 1024, 262144, 262144]	src1='kqv_out-1':type=f32;ne=[256, 64, 1, 1];nb=[4, 1024, 65536, 65536]
[XMXConfig] device=0: M=8 N=16 K_INT8=32 K_FP16=16 SLM=131072 nsm=256 supported=1 int8=1 fp16=1 double_buf=1 max_esimd_wg=64 nbarrier=0 esimd_dpas=1
[MUL_MAT] src0 device=0 ptr=0xffffd556b6542c00 (tensor=blk.1.attn_output.weight layout=0)
[MUL_MAT] dst device=0 ptr=0xffffd55e47c3c000 (tensor=node_76)
[SYCL] weight cache lookup: tensor=0x1d476190 name=blk.1.attn_output.weight device=0
[SYCL][OP] call ggml_sycl_mul_mat done
[DEBUG-IMPL] Node 77/98: op=7 name=node_77
[DEBUG-IMPL] Node 79/98: op=40 name=node_79
ggml_sycl_get_data_ptr_slow: tensor=leaf_52, device=0, staging FAILED for non-device (type=0), using tensor->data=0x78d277c18840
ggml_sycl_get_data_ptr_slow: tensor=leaf_52, device=0, using tensor->data=0x78d277c18840
[SYCL][OP] call ggml_sycl_get_rows: dst='node_79':type=f32;ne=[256, 64, 1, 1];nb=[4, 1024, 65536, 65536]	src0='attn_out-1':type=f32;ne=[256, 64, 1, 1];nb=[4, 1024, 65536, 65536]	src1='leaf_52':type=i32;ne=[64, 1, 1, 1];nb=[4, 256, 256, 256]
[SYCL] weight cache lookup: tensor=0x78d419e1a6d0 name=attn_out-1 device=0
[SYCL][OP] call ggml_sycl_get_rows done
[DEBUG-IMPL] Node 80/98: op=40 name=node_80
[SYCL][OP] call ggml_sycl_get_rows: dst='node_80':type=f32;ne=[256, 64, 1, 1];nb=[4, 1024, 65536, 65536]	src0='l_out-0':type=f32;ne=[256, 64, 1, 1];nb=[4, 1024, 65536, 65536]	src1='leaf_52':type=i32;ne=[64, 1, 1, 1];nb=[4, 256, 256, 256]
[SYCL] weight cache lookup: tensor=0x78d419e174d0 name=l_out-0 device=0
[SYCL][OP] call ggml_sycl_get_rows done
[DEBUG-IMPL] Node 81/98: op=2 name=ffn_inp-1
[DEBUG-IMPL] Node 83/98: op=7 name=ffn_norm-1
[SYCL] simple consumer routing declined: op=MUL dst=ffn_norm-1 local single-device plan ctx=0 target=0
[SYCL][OP] call ggml_sycl_mul: dst='ffn_norm-1':type=f32;ne=[256, 64, 1, 1];nb=[4, 1024, 65536, 65536]	src0='norm-1':type=f32;ne=[256, 64, 1, 1];nb=[4, 1024, 65536, 65536]	src1='blk.1.ffn_norm.weight':type=f32;ne=[256, 1, 1, 1];nb=[4, 1024, 1024, 1024]
[BINBCAST-PTR] src0=norm-1 src0_host=0xffffd55e47c3c000 src0_d=0xffffd55e47c3c000
[BINBCAST-PTR] src1=blk.1.ffn_norm.weight src1_host=0x78d38bb64140 src1_d=0xffffd556b6420c00
[SYCL][OP] call ggml_sycl_mul done
[DEBUG-IMPL] Node 84/98: op=29 name=ffn_gate-1
[SYCL] simple consumer routing declined: op=MUL_MAT dst=ffn_gate-1 plan unavailable ctx=0
[DEBUG-MULMAT] ENTER: src0=blk.1.ffn_gate.weight src1=ffn_norm-1 dst=ffn_gate-1
[SYCL][OP] call ggml_sycl_mul_mat: dst='ffn_gate-1':type=f32;ne=[384, 64, 1, 1];nb=[4, 1536, 98304, 98304]	src0='blk.1.ffn_gate.weight':type=f32;ne=[256, 384, 1, 1];nb=[4, 1024, 393216, 393216]	src1='ffn_norm-1':type=f32;ne=[256, 64, 1, 1];nb=[4, 1024, 65536, 65536]
[XMXConfig] device=0: M=8 N=16 K_INT8=32 K_FP16=16 SLM=131072 nsm=256 supported=1 int8=1 fp16=1 double_buf=1 max_esimd_wg=64 nbarrier=0 esimd_dpas=1
[MUL_MAT] src0 device=0 ptr=0xffffd556b6825b00 (tensor=blk.1.ffn_gate.weight layout=0)
[MUL_MAT] dst device=0 ptr=0xffffd55e47c4c000 (tensor=ffn_gate-1)
[SYCL] weight cache lookup: tensor=0x1d4767d0 name=blk.1.ffn_gate.weight device=0
[SYCL][OP] call ggml_sycl_mul_mat done
[DEBUG-IMPL] Node 85/98: op=2 name=ffn_gate_b-1
[SYCL] simple consumer routing declined: op=ADD dst=ffn_gate_b-1 local single-device plan ctx=0 target=0
[SYCL-ADD-DBG] ADD dst: name=ffn_gate_b-1 type=f32 op=ADD ne=[384,64,1,1] nb=[4,1536,98304,98304] contig=1 data=0xffffd55e47c4c000 view_src=none view_offs=0 layout_mode=none layout_ptr=(nil) layout_size=0
[SYCL-ADD-DBG] ADD src0: name=ffn_gate-1 type=f32 op=MUL_MAT ne=[384,64,1,1] nb=[4,1536,98304,98304] contig=1 data=0xffffd55e47c4c000 view_src=none view_offs=0 layout_mode=none layout_ptr=(nil) layout_size=0
[SYCL-ADD-DBG] ADD src1: name=blk.1.ffn_gate.bias type=f32 op=NONE ne=[384,1,1,1] nb=[4,1536,1536,1536] contig=1 data=0x78d38bc84640 view_src=none view_offs=0 layout_mode=aos layout_ptr=(nil) layout_size=1536
[SYCL][OP] call ggml_sycl_add: dst='ffn_gate_b-1':type=f32;ne=[384, 64, 1, 1];nb=[4, 1536, 98304, 98304]	src0='ffn_gate-1':type=f32;ne=[384, 64, 1, 1];nb=[4, 1536, 98304, 98304]	src1='blk.1.ffn_gate.bias':type=f32;ne=[384, 1, 1, 1];nb=[4, 1536, 1536, 1536]
[SYCL-ADD-DBG] ADD src0: name=ffn_gate-1 type=f32 ne=[384,64,1,1] nb=[4,1536,98304,98304] contig=1 data=0xffffd55e47c4c000 view_src=none view_offs=0 layout_mode=none layout_ptr=(nil) layout_size=0
[SYCL-ADD-DBG] ADD src1: name=blk.1.ffn_gate.bias type=f32 ne=[384,1,1,1] nb=[4,1536,1536,1536] contig=1 data=0x78d38bc84640 view_src=none view_offs=0 layout_mode=aos layout_ptr=(nil) layout_size=1536
[SYCL-ADD-DBG] ADD dst: name=ffn_gate_b-1 type=f32 ne=[384,64,1,1] nb=[4,1536,98304,98304] contig=1 data=0xffffd55e47c4c000 view_src=none view_offs=0 layout_mode=none layout_ptr=(nil) layout_size=0
[BINBCAST-PTR] src0=ffn_gate-1 src0_host=0xffffd55e47c4c000 src0_d=0xffffd55e47c4c000
[BINBCAST-PTR] src1=blk.1.ffn_gate.bias src1_host=0x78d38bc84640 src1_d=0xffffd556b6886100
[SYCL][OP] call ggml_sycl_add done
[DEBUG-IMPL] Node 86/98: op=7 name=ffn_gate_s-1
[SYCL] simple consumer routing declined: op=MUL dst=ffn_gate_s-1 local single-device plan ctx=0 target=0
[SYCL][OP] call ggml_sycl_mul: dst='ffn_gate_s-1':type=f32;ne=[384, 64, 1, 1];nb=[4, 1536, 98304, 98304]	src0='ffn_gate_b-1':type=f32;ne=[384, 64, 1, 1];nb=[4, 1536, 98304, 98304]	src1='blk.1.ffn_gate.scale':type=f32;ne=[1, 1, 1, 1];nb=[4, 4, 4, 4]
[BINBCAST-PTR] src0=ffn_gate_b-1 src0_host=0xffffd55e47c4c000 src0_d=0xffffd55e47c4c000
[BINBCAST-PTR] src1=blk.1.ffn_gate.scale src1_host=0x78d38bc85880 src1_d=0xffffd556b6886b00
[SYCL][OP] call ggml_sycl_mul done
[DEBUG-IMPL] Node 87/98: op=29 name=ffn_up-1
[SYCL] simple consumer routing declined: op=MUL_MAT dst=ffn_up-1 plan unavailable ctx=0
[DEBUG-MULMAT] ENTER: src0=blk.1.ffn_up.weight src1=ffn_norm-1 dst=ffn_up-1
[SYCL][OP] call ggml_sycl_mul_mat: dst='ffn_up-1':type=f32;ne=[384, 64, 1, 1];nb=[4, 1536, 98304, 98304]	src0='blk.1.ffn_up.weight':type=f32;ne=[256, 384, 1, 1];nb=[4, 1024, 393216, 393216]	src1='ffn_norm-1':type=f32;ne=[256, 64, 1, 1];nb=[4, 1024, 65536, 65536]
[XMXConfig] device=0: M=8 N=16 K_INT8=32 K_FP16=16 SLM=131072 nsm=256 supported=1 int8=1 fp16=1 double_buf=1 max_esimd_wg=64 nbarrier=0 esimd_dpas=1
[MUL_MAT] src0 device=0 ptr=0xffffd556b67c5b00 (tensor=blk.1.ffn_up.weight layout=0)
[MUL_MAT] dst device=0 ptr=0xffffd55e47c64000 (tensor=ffn_up-1)
[SYCL] weight cache lookup: tensor=0x1d476af0 name=blk.1.ffn_up.weight device=0
[SYCL][OP] call ggml_sycl_mul_mat done
[DEBUG-IMPL] Node 88/98: op=2 name=ffn_up_b-1
[SYCL] simple consumer routing declined: op=ADD dst=ffn_up_b-1 local single-device plan ctx=0 target=0
[SYCL-ADD-DBG] ADD dst: name=ffn_up_b-1 type=f32 op=ADD ne=[384,64,1,1] nb=[4,1536,98304,98304] contig=1 data=0xffffd55e47c64000 view_src=none view_offs=0 layout_mode=none layout_ptr=(nil) layout_size=0
[SYCL-ADD-DBG] ADD src0: name=ffn_up-1 type=f32 op=MUL_MAT ne=[384,64,1,1] nb=[4,1536,98304,98304] contig=1 data=0xffffd55e47c64000 view_src=none view_offs=0 layout_mode=none layout_ptr=(nil) layout_size=0
[SYCL-ADD-DBG] ADD src1: name=blk.1.ffn_up.bias type=f32 op=NONE ne=[384,1,1,1] nb=[4,1536,1536,1536] contig=1 data=0x78d38bc85040 view_src=none view_offs=0 layout_mode=aos layout_ptr=(nil) layout_size=1536
[SYCL][OP] call ggml_sycl_add: dst='ffn_up_b-1':type=f32;ne=[384, 64, 1, 1];nb=[4, 1536, 98304, 98304]	src0='ffn_up-1':type=f32;ne=[384, 64, 1, 1];nb=[4, 1536, 98304, 98304]	src1='blk.1.ffn_up.bias':type=f32;ne=[384, 1, 1, 1];nb=[4, 1536, 1536, 1536]
[SYCL-ADD-DBG] ADD src0: name=ffn_up-1 type=f32 ne=[384,64,1,1] nb=[4,1536,98304,98304] contig=1 data=0xffffd55e47c64000 view_src=none view_offs=0 layout_mode=none layout_ptr=(nil) layout_size=0
[SYCL-ADD-DBG] ADD src1: name=blk.1.ffn_up.bias type=f32 ne=[384,1,1,1] nb=[4,1536,1536,1536] contig=1 data=0x78d38bc85040 view_src=none view_offs=0 layout_mode=aos layout_ptr=(nil) layout_size=1536
[SYCL-ADD-DBG] ADD dst: name=ffn_up_b-1 type=f32 ne=[384,64,1,1] nb=[4,1536,98304,98304] contig=1 data=0xffffd55e47c64000 view_src=none view_offs=0 layout_mode=none layout_ptr=(nil) layout_size=0
[BINBCAST-PTR] src0=ffn_up-1 src0_host=0xffffd55e47c64000 src0_d=0xffffd55e47c64000
[BINBCAST-PTR] src1=blk.1.ffn_up.bias src1_host=0x78d38bc85040 src1_d=0xffffd556b6885b00
[SYCL][OP] call ggml_sycl_add done
[DEBUG-IMPL] Node 89/98: op=7 name=ffn_up_s-1
[SYCL] simple consumer routing declined: op=MUL dst=ffn_up_s-1 local single-device plan ctx=0 target=0
[SYCL][OP] call ggml_sycl_mul: dst='ffn_up_s-1':type=f32;ne=[384, 64, 1, 1];nb=[4, 1536, 98304, 98304]	src0='ffn_up_b-1':type=f32;ne=[384, 64, 1, 1];nb=[4, 1536, 98304, 98304]	src1='blk.1.ffn_up.scale':type=f32;ne=[1, 1, 1, 1];nb=[4, 4, 4, 4]
[BINBCAST-PTR] src0=ffn_up_b-1 src0_host=0xffffd55e47c64000 src0_d=0xffffd55e47c64000
[BINBCAST-PTR] src1=blk.1.ffn_up.scale src1_host=0x78d38bc858c0 src1_d=0xffffd556b6886d00
[SYCL][OP] call ggml_sycl_mul done
[DEBUG-IMPL] Node 90/98: op=97 name=ffn_swiglu-1
[SYCL] simple consumer routing declined: op=GLU dst=ffn_swiglu-1 local single-device plan ctx=0 target=0
[SYCL][OP] call ggml_sycl_swiglu: dst='ffn_swiglu-1':type=f32;ne=[384, 64, 1, 1];nb=[4, 1536, 98304, 98304]	src0='ffn_gate_s-1':type=f32;ne=[384, 64, 1, 1];nb=[4, 1536, 98304, 98304]
[SYCL][OP] call ggml_sycl_swiglu done
[DEBUG-IMPL] Node 91/98: op=29 name=ffn_down-1
[SYCL] simple consumer routing declined: op=MUL_MAT dst=ffn_down-1 plan unavailable ctx=0
[DEBUG-MULMAT] ENTER: src0=blk.1.ffn_down.weight src1=ffn_swiglu-1 dst=ffn_down-1
[SYCL][OP] call ggml_sycl_mul_mat: dst='ffn_down-1':type=f32;ne=[256, 64, 1, 1];nb=[4, 1024, 65536, 65536]	src0='blk.1.ffn_down.weight':type=f32;ne=[384, 256, 1, 1];nb=[4, 1536, 393216, 393216]	src1='ffn_swiglu-1':type=f32;ne=[384, 64, 1, 1];nb=[4, 1536, 98304, 98304]
[XMXConfig] device=0: M=8 N=16 K_INT8=32 K_FP16=16 SLM=131072 nsm=256 supported=1 int8=1 fp16=1 double_buf=1 max_esimd_wg=64 nbarrier=0 esimd_dpas=1
[MUL_MAT] src0 device=0 ptr=0xffffd556b6765b00 (tensor=blk.1.ffn_down.weight layout=0)
[MUL_MAT] dst device=0 ptr=0xffffd55e47c3c000 (tensor=ffn_down-1)
[SYCL] weight cache lookup: tensor=0x1d476960 name=blk.1.ffn_down.weight device=0
[SYCL][OP] call ggml_sycl_mul_mat done
[DEBUG-IMPL] Node 92/98: op=2 name=node_92
[SYCL] simple consumer routing declined: op=ADD dst=node_92 local single-device plan ctx=0 target=0
[SYCL-ADD-DBG] ADD dst: name=node_92 type=f32 op=ADD ne=[256,64,1,1] nb=[4,1024,65536,65536] contig=1 data=0xffffd55e47c3c000 view_src=none view_offs=0 layout_mode=none layout_ptr=(nil) layout_size=0
[SYCL-ADD-DBG] ADD src0: name=ffn_down-1 type=f32 op=MUL_MAT ne=[256,64,1,1] nb=[4,1024,65536,65536] contig=1 data=0xffffd55e47c3c000 view_src=none view_offs=0 layout_mode=none layout_ptr=(nil) layout_size=0
[SYCL-ADD-DBG] ADD src1: name=blk.1.ffn_down.bias type=f32 op=NONE ne=[256,1,1,1] nb=[4,1024,1024,1024] contig=1 data=0x78d38bc84c40 view_src=none view_offs=0 layout_mode=aos layout_ptr=(nil) layout_size=1024
[SYCL][OP] call ggml_sycl_add: dst='node_92':type=f32;ne=[256, 64, 1, 1];nb=[4, 1024, 65536, 65536]	src0='ffn_down-1':type=f32;ne=[256, 64, 1, 1];nb=[4, 1024, 65536, 65536]	src1='blk.1.ffn_down.bias':type=f32;ne=[256, 1, 1, 1];nb=[4, 1024, 1024, 1024]
[SYCL-ADD-DBG] ADD src0: name=ffn_down-1 type=f32 ne=[256,64,1,1] nb=[4,1024,65536,65536] contig=1 data=0xffffd55e47c3c000 view_src=none view_offs=0 layout_mode=none layout_ptr=(nil) layout_size=0
[SYCL-ADD-DBG] ADD src1: name=blk.1.ffn_down.bias type=f32 ne=[256,1,1,1] nb=[4,1024,1024,1024] contig=1 data=0x78d38bc84c40 view_src=none view_offs=0 layout_mode=aos layout_ptr=(nil) layout_size=1024
[SYCL-ADD-DBG] ADD dst: name=node_92 type=f32 ne=[256,64,1,1] nb=[4,1024,65536,65536] contig=1 data=0xffffd55e47c3c000 view_src=none view_offs=0 layout_mode=none layout_ptr=(nil) layout_size=0
[BINBCAST-PTR] src0=ffn_down-1 src0_host=0xffffd55e47c3c000 src0_d=0xffffd55e47c3c000
[BINBCAST-PTR] src1=blk.1.ffn_down.bias src1_host=0x78d38bc84c40 src1_d=0xffffd556b6886700
[SYCL][OP] call ggml_sycl_add done
[DEBUG-IMPL] Node 93/98: op=7 name=ffn_out-1
[SYCL] simple consumer routing declined: op=MUL dst=ffn_out-1 local single-device plan ctx=0 target=0
[SYCL][OP] call ggml_sycl_mul: dst='ffn_out-1':type=f32;ne=[256, 64, 1, 1];nb=[4, 1024, 65536, 65536]	src0='node_92':type=f32;ne=[256, 64, 1, 1];nb=[4, 1024, 65536, 65536]	src1='blk.1.ffn_down.scale':type=f32;ne=[1, 1, 1, 1];nb=[4, 4, 4, 4]
[BINBCAST-PTR] src0=node_92 src0_host=0xffffd55e47c3c000 src0_d=0xffffd55e47c3c000
[BINBCAST-PTR] src1=blk.1.ffn_down.scale src1_host=0x78d38bc858a0 src1_d=0xffffd556b6886c00
[SYCL][OP] call ggml_sycl_mul done
[DEBUG-IMPL] Node 94/98: op=2 name=l_out-1
[DEBUG-IMPL] Node 96/98: op=7 name=result_norm
[SYCL] simple consumer routing declined: op=MUL dst=result_norm local single-device plan ctx=0 target=0
[SYCL][OP] call ggml_sycl_mul: dst='result_norm':type=f32;ne=[256, 64, 1, 1];nb=[4, 1024, 65536, 65536]	src0='norm':type=f32;ne=[256, 64, 1, 1];nb=[4, 1024, 65536, 65536]	src1='output_norm.weight':type=f32;ne=[256, 1, 1, 1];nb=[4, 1024, 1024, 1024]
[SYCL-MUL-DBG] device=0 graph_recording=0 dst=result_norm src0=norm src1=output_norm.weight src0_ptr=0xffffd55e47c3c000 src1_ptr=0xffffd556b6420000 dst_ptr=0xffffd55e47c3c000 src0_layout=none src1_layout=aos last_graph_event=0 has_barrier=0 exec_graph=0 graph_nodes=0 graph_decode=0
[BINBCAST-PTR] src0=norm src0_host=0xffffd55e47c3c000 src0_d=0xffffd55e47c3c000
[BINBCAST-PTR] src1=output_norm.weight src1_host=0x78d38b820040 src1_d=0xffffd556b6420000
[SYCL][OP] call ggml_sycl_mul done
[DEBUG-IMPL] Node 97/98: op=29 name=result_output
[SYCL] simple consumer routing declined: op=MUL_MAT dst=result_output plan unavailable ctx=0
[DEBUG-MULMAT] ENTER: src0=output.weight src1=result_norm dst=result_output
[SYCL][OP] call ggml_sycl_mul_mat: dst='result_output':type=f32;ne=[128, 64, 1, 1];nb=[4, 512, 32768, 32768]	src0='output.weight':type=f32;ne=[256, 128, 1, 1];nb=[4, 1024, 131072, 131072]	src1='result_norm':type=f32;ne=[256, 64, 1, 1];nb=[4, 1024, 65536, 65536]
[XMXConfig] device=0: M=8 N=16 K_INT8=32 K_FP16=16 SLM=131072 nsm=256 supported=1 int8=1 fp16=1 double_buf=1 max_esimd_wg=64 nbarrier=0 esimd_dpas=1
[SYCL] output.weight dispatch kernel=ONEDNN_AOS layout=0 batch=64
[MUL_MAT] src0 device=0 ptr=0xffffd556b6421400 (tensor=output.weight layout=0)
[MUL_MAT] dst device=0 ptr=0xffffd55e47c2c000 (tensor=result_output)
[SYCL] weight cache lookup: tensor=0x1d473a80 name=output.weight device=0
[SYCL][OP] call ggml_sycl_mul_mat done
[GRAPH-UNPIN] Released 0 graph MoE expert mem_handle leases
[GRAPH-UNPIN-WEIGHTS] Released 0 graph weight mem_handle leases
[SYCL] call ggml_backend_sycl_get_tensor_async: tensor='result_output':type=f32;ne=[128, 64, 1, 1];nb=[4, 512, 32768, 32768] size=32768 offset=0
[SYCL] call ggml_backend_sycl_synchronize
[SYCL] call ggml_backend_sycl_synchronize
[SYCL] call ggml_backend_sycl_synchronize
[SYCL] call ggml_backend_sycl_synchronize
[SYCL] call ggml_backend_sycl_synchronize
[SYCL] call ggml_backend_sycl_synchronize
[SYCL] call ggml_backend_sycl_synchronize
[SYCL] call ggml_backend_sycl_synchronize
[SYCL] call ggml_backend_sycl_synchronize
[SYCL] call ggml_backend_sycl_synchronize
[SYCL] call ggml_backend_sycl_synchronize
[SYCL] call ggml_backend_sycl_synchronize
[SYCL] call ggml_backend_sycl_synchronize
[SYCL] call ggml_backend_sycl_synchronize
[SYCL] call ggml_backend_sycl_synchronize
[SYCL] call ggml_backend_sycl_synchronize
[SYCL] call ggml_backend_sycl_synchronize
[SYCL] call ggml_backend_sycl_synchronize
[SYCL] call ggml_backend_sycl_synchronize
[SYCL] call ggml_backend_sycl_synchronize
[SYCL] call ggml_backend_sycl_synchronize
[SYCL] call ggml_backend_sycl_synchronize
[SYCL] call ggml_backend_sycl_synchronize
[SYCL] call ggml_backend_sycl_synchronize
[SYCL] call ggml_backend_sycl_synchronize
[SYCL] call ggml_backend_sycl_synchronize
[SYCL] call ggml_backend_sycl_synchronize
[SYCL] call ggml_backend_sycl_synchronize
[SYCL] call ggml_backend_sycl_synchronize
[SYCL] call ggml_backend_sycl_synchronize
[SYCL] call ggml_backend_sycl_synchronize
[SYCL] call ggml_backend_sycl_synchronize
[SYCL] call ggml_backend_sycl_synchronize
[SYCL] call ggml_backend_sycl_synchronize
[SYCL] call ggml_backend_sycl_synchronize
[SYCL] call ggml_backend_sycl_synchronize
[SYCL] call ggml_backend_sycl_synchronize
[SYCL] call ggml_backend_sycl_synchronize
[SYCL] call ggml_backend_sycl_synchronize
[SYCL] call ggml_backend_sycl_synchronize
[SYCL] call ggml_backend_sycl_synchronize
[SYCL] call ggml_backend_sycl_synchronize
[SYCL] call ggml_backend_sycl_synchronize
[SYCL] call ggml_backend_sycl_synchronize
[SYCL] call ggml_backend_sycl_synchronize
[SYCL] call ggml_backend_sycl_synchronize
[SYCL] call ggml_backend_sycl_synchronize
[SYCL] call ggml_backend_sycl_synchronize
[SYCL] call ggml_backend_sycl_synchronize
[SYCL] call ggml_backend_sycl_synchronize
[SYCL] call ggml_backend_sycl_synchronize
[SYCL] call ggml_backend_sycl_synchronize
[SYCL] call ggml_backend_sycl_synchronize
[SYCL] call ggml_backend_sycl_synchronize
[SYCL] call ggml_backend_sycl_synchronize
[SYCL] call ggml_backend_sycl_synchronize
[SYCL] call ggml_backend_sycl_synchronize
[SYCL] call ggml_backend_sycl_synchronize
[SYCL] call ggml_backend_sycl_synchronize
[SYCL] call ggml_backend_sycl_synchronize
[SYCL] call ggml_backend_sycl_synchronize
[SYCL] call ggml_backend_sycl_synchronize
[SYCL] call ggml_backend_sycl_synchronize
[SYCL] call ggml_backend_sycl_synchronize
[SYCL] call ggml_backend_sycl_synchronize
[SYCL] call ggml_backend_sycl_synchronize
[SYCL] call ggml_backend_sycl_synchronize
[SYCL] call ggml_backend_sycl_synchronize
[SYCL] call ggml_backend_sycl_synchronize
[SYCL] call ggml_backend_sycl_synchronize
[SYCL] call ggml_backend_sycl_synchronize
[SYCL] call ggml_backend_sycl_synchronize
[SYCL] call ggml_backend_sycl_synchronize
[SYCL] call ggml_backend_sycl_synchronize
[SYCL] call ggml_backend_sycl_synchronize
[SYCL] call ggml_backend_sycl_synchronize
[SYCL] call ggml_backend_sycl_synchronize
[SYCL] call ggml_backend_sycl_synchronize
[SYCL] call ggml_backend_sycl_synchronize
[SYCL] call ggml_backend_sycl_synchronize
[SYCL] call ggml_backend_sycl_synchronize
[SYCL] call ggml_backend_sycl_synchronize
[SYCL] call ggml_backend_sycl_synchronize
[SYCL] call ggml_backend_sycl_synchronize
[SYCL] call ggml_backend_sycl_synchronize
[SYCL] call ggml_backend_sycl_synchronize
[SYCL] call ggml_backend_sycl_synchronize
[SYCL] call ggml_backend_sycl_synchronize
[SYCL] call ggml_backend_sycl_synchronize
[SYCL] call ggml_backend_sycl_synchronize
[SYCL] call ggml_backend_sycl_synchronize
[SYCL] call ggml_backend_sycl_synchronize
[SYCL] call ggml_backend_sycl_synchronize
[SYCL] call ggml_backend_sycl_synchronize
[SYCL] call ggml_backend_sycl_synchronize
[SYCL] call ggml_backend_sycl_synchronize
[SYCL] call ggml_backend_sycl_synchronize
[SYCL] call ggml_backend_sycl_synchronize
[SYCL] call ggml_backend_sycl_synchronize
[SYCL] call ggml_backend_sycl_synchronize
[SYCL] call ggml_backend_sycl_synchronize
[SYCL] call ggml_backend_sycl_synchronize
[SYCL] call ggml_backend_sycl_synchronize
[SYCL] call ggml_backend_sycl_synchronize
[SYCL] call ggml_backend_sycl_synchronize
[SYCL] call ggml_backend_sycl_synchronize
[SYCL] call ggml_backend_sycl_synchronize
[SYCL] call ggml_backend_sycl_synchronize
[SYCL] call ggml_backend_sycl_synchronize
[SYCL] call ggml_backend_sycl_synchronize
[SYCL] call ggml_backend_sycl_synchronize
[SYCL] call ggml_backend_sycl_synchronize
[SYCL] call ggml_backend_sycl_synchronize
[SYCL] call ggml_backend_sycl_synchronize
[SYCL] call ggml_backend_sycl_synchronize
[SYCL] call ggml_backend_sycl_synchronize
[SYCL] call ggml_backend_sycl_synchronize
[SYCL] call ggml_backend_sycl_synchronize
[SYCL] call ggml_backend_sycl_synchronize
[SYCL] call ggml_backend_sycl_synchronize
[SYCL] call ggml_backend_sycl_synchronize
[SYCL] call ggml_backend_sycl_synchronize
[SYCL] call ggml_backend_sycl_synchronize
[SYCL] call ggml_backend_sycl_synchronize
[SYCL] call ggml_backend_sycl_synchronize
[SYCL] call ggml_backend_sycl_synchronize
[SYCL] call ggml_backend_sycl_synchronize
[SYCL] call ggml_backend_sycl_synchronize
[UNIFIED-CACHE] reclaim_weight_entries preserving leased model weight model=0 name_hash=0xd13690e99048047c layout=0 leases=2 owners=0x00000001 site=extra->data_handle[]/preload_model_weights(dense-pin)
[UNIFIED-CACHE] reclaim_weight_entries preserving leased model weight model=0 name_hash=0x51e0984aef35a252 layout=0 leases=2 owners=0x00000001 site=extra->data_handle[]/preload_model_weights(dense-pin)
[UNIFIED-CACHE] reclaim_weight_entries preserving leased model weight model=0 name_hash=0x708f6c2b4615257e layout=0 leases=2 owners=0x00000001 site=extra->data_handle[]/preload_model_weights(dense-pin)
[UNIFIED-CACHE] reclaim_weight_entries preserving leased model weight model=0 name_hash=0xecb90fa9456ad029 layout=0 leases=2 owners=0x00000001 site=extra->data_handle[]/preload_model_weights(dense-pin)
[UNIFIED-CACHE] reclaim_weight_entries preserving leased model weight model=0 name_hash=0x6fcc54bc8ac0ed91 layout=0 leases=2 owners=0x00000001 site=extra->data_handle[]/preload_model_weights(dense-pin)
[UNIFIED-CACHE] reclaim_weight_entries preserving leased model weight model=0 name_hash=0x6dec5f18f0f78e5a layout=0 leases=2 owners=0x00000001 site=extra->data_handle[]/preload_model_weights(dense-pin)
[UNIFIED-CACHE] reclaim_weight_entries preserving leased model weight model=0 name_hash=0x1ede8821e8d02fde layout=0 leases=2 owners=0x00000001 site=extra->data_handle[]/preload_model_weights(dense-pin)
[UNIFIED-CACHE] reclaim_weight_entries preserving leased model weight model=0 name_hash=0xd5fed533d7a9f43d layout=0 leases=2 owners=0x00000001 site=extra->data_handle[]/preload_model_weights(dense-pin)
[UNIFIED-CACHE] reclaim_weight_entries preserving leased model weight model=0 name_hash=0x891936947be60d4d layout=0 leases=2 owners=0x00000001 site=extra->data_handle[]/preload_model_weights(dense-pin)
[UNIFIED-CACHE] reclaim_weight_entries preserving leased model weight model=0 name_hash=0x38f421c0f38eec13 layout=0 leases=2 owners=0x00000001 site=extra->data_handle[]/preload_model_weights(dense-pin)
[UNIFIED-CACHE] reclaim_weight_entries preserving leased model weight model=0 name_hash=0x5c0dc55f0f5cf2d3 layout=0 leases=2 owners=0x00000001 site=extra->data_handle[]/preload_model_weights(dense-pin)
[UNIFIED-CACHE] reclaim_weight_entries preserving leased model weight model=0 name_hash=0xb279802dbf02ec50 layout=0 leases=2 owners=0x00000001 site=extra->data_handle[]/preload_model_weights(dense-pin)
[UNIFIED-CACHE] reclaim_weight_entries preserving leased model weight model=0 name_hash=0x6d5c481c06ed6b1c layout=0 leases=2 owners=0x00000001 site=extra->data_handle[]/preload_model_weights(dense-pin)
[UNIFIED-CACHE] reclaim_weight_entries preserving leased model weight model=0 name_hash=0x4e1cae023ae18c67 layout=0 leases=2 owners=0x00000001 site=extra->data_handle[]/preload_model_weights(dense-pin)
[UNIFIED-CACHE] reclaim_weight_entries preserving leased model weight model=0 name_hash=0xd04126154633d92a layout=0 leases=2 owners=0x00000001 site=extra->data_handle[]/preload_model_weights(dense-pin)
[UNIFIED-CACHE] reclaim_weight_entries preserving leased model weight model=0 name_hash=0x6bbc0b27530c18fc layout=0 leases=2 owners=0x00000001 site=extra->data_handle[]/preload_model_weights(dense-pin)
[UNIFIED-CACHE] reclaim_weight_entries preserving leased model weight model=0 name_hash=0xf0969627acaaadf3 layout=0 leases=2 owners=0x00000001 site=extra->data_handle[]/preload_model_weights(dense-pin)
[UNIFIED-CACHE] reclaim_weight_entries preserving leased model weight model=0 name_hash=0x47466764d37e580d layout=0 leases=2 owners=0x00000001 site=extra->data_handle[]/preload_model_weights(dense-pin)
[UNIFIED-CACHE] reclaim_weight_entries preserving leased model weight model=0 name_hash=0xe34f3e7aafdba3a5 layout=0 leases=2 owners=0x00000001 site=extra->data_handle[]/preload_model_weights(dense-pin)
[UNIFIED-CACHE] reclaim_weight_entries preserving leased model weight model=0 name_hash=0xf6a1f79a2dffe780 layout=0 leases=2 owners=0x00000001 site=extra->data_handle[]/preload_model_weights(dense-pin)
[UNIFIED-CACHE] reclaim_weight_entries preserving leased model weight model=0 name_hash=0xdf7c04510f974718 layout=0 leases=2 owners=0x00000001 site=extra->data_handle[]/preload_model_weights(dense-pin)
[UNIFIED-CACHE] reclaim_weight_entries preserving leased model weight model=0 name_hash=0x3779a6d76e4c7ee2 layout=0 leases=2 owners=0x00000001 site=extra->data_handle[]/preload_model_weights(dense-pin)
[UNIFIED-CACHE] reclaim_weight_entries preserving leased model weight model=0 name_hash=0x582991162916c4b3 layout=0 leases=2 owners=0x00000001 site=extra->data_handle[]/preload_model_weights(dense-pin)
[UNIFIED-CACHE] reclaim_weight_entries preserving leased model weight model=0 name_hash=0xd16c818664a0cc0a layout=0 leases=2 owners=0x00000001 site=extra->data_handle[]/preload_model_weights(dense-pin)
[UNIFIED-CACHE] reclaim_weight_entries preserving leased model weight model=0 name_hash=0x74919db2149cd436 layout=0 leases=2 owners=0x00000001 site=extra->data_handle[]/preload_model_weights(dense-pin)
[UNIFIED-CACHE] reclaim_weight_entries preserving leased model weight model=0 name_hash=0xef3db2028fcb16a3 layout=0 leases=2 owners=0x00000001 site=extra->data_handle[]/preload_model_weights(dense-pin)
[UNIFIED-CACHE] reclaim_weight_entries preserving leased model weight model=0 name_hash=0xe4065a55adaaf03f layout=0 leases=2 owners=0x00000001 site=extra->data_handle[]/preload_model_weights(dense-pin)
[UNIFIED-CACHE] reclaim_weight_entries preserving leased model weight model=0 name_hash=0xc3a0bc9f0504d35c layout=0 leases=2 owners=0x00000001 site=extra->data_handle[]/preload_model_weights(dense-pin)
[UNIFIED-CACHE] reclaim_weight_entries preserving leased model weight model=0 name_hash=0xe30c0751e9ab32a9 layout=0 leases=2 owners=0x00000001 site=extra->data_handle[]/preload_model_weights(dense-pin)
[UNIFIED-CACHE] reclaim_weight_entries preserving leased model weight model=0 name_hash=0xeb54b67e9f099c46 layout=0 leases=2 owners=0x00000001 site=extra->data_handle[]/preload_model_weights(dense-pin)
[UNIFIED-CACHE] reclaim_weight_entries preserving leased model weight model=0 name_hash=0x348b7dd451046514 layout=0 leases=2 owners=0x00000001 site=extra->data_handle[]/preload_model_weights(dense-pin)
[UNIFIED-CACHE] reclaim_weight_entries preserving leased model weight model=0 name_hash=0xad045d15402c08d3 layout=0 leases=2 owners=0x00000001 site=extra->data_handle[]/preload_model_weights(dense-pin)
[UNIFIED-CACHE] reclaim_weight_entries preserving leased model weight model=0 name_hash=0x15380309041992d9 layout=0 leases=2 owners=0x00000001 site=extra->data_handle[]/preload_model_weights(dense-pin)
[UNIFIED-CACHE] reclaim_weight_entries preserving leased model weight model=0 name_hash=0x4599df1b04c6b9fb layout=0 leases=2 owners=0x00000001 site=extra->data_handle[]/preload_model_weights(dense-pin)
[UNIFIED-CACHE] reclaim_weight_entries preserving leased model weight model=0 name_hash=0x6059a543aef7dbb7 layout=0 leases=2 owners=0x00000001 site=extra->data_handle[]/preload_model_weights(dense-pin)
[UNIFIED-CACHE] reclaim_weight_entries preserving leased model weight model=0 name_hash=0xd46dcd1b728c981f layout=0 leases=2 owners=0x00000001 site=extra->data_handle[]/preload_model_weights(dense-pin)
[UNIFIED-CACHE] reclaim_weight_entries preserving leased model weight model=0 name_hash=0xaed088ad06d329a3 layout=0 leases=2 owners=0x00000001 site=extra->data_handle[]/preload_model_weights(dense-pin)
[UNIFIED-CACHE] reclaim_weight_entries preserving leased model weight model=0 name_hash=0x6fef520cddfce3c0 layout=0 leases=2 owners=0x00000001 site=extra->data_handle[]/preload_model_weights(dense-pin)
[UNIFIED-CACHE] reclaim_weight_entries preserving leased model weight model=0 name_hash=0xddb603f9cd448660 layout=0 leases=2 owners=0x00000001 site=extra->data_handle[]/preload_model_weights(dense-pin)
[UNIFIED-CACHE] reclaim_weight_entries preserving leased model weight model=0 name_hash=0xb09204520b9c97f0 layout=0 leases=2 owners=0x00000001 site=extra->data_handle[]/preload_model_weights(dense-pin)
[UNIFIED-CACHE] reclaim_weight_entries preserving leased model weight model=0 name_hash=0xab8cfe3bf6a50b9c layout=0 leases=2 owners=0x00000001 site=extra->data_handle[]/preload_model_weights(dense-pin)
[UNIFIED-CACHE] reclaim_weight_entries preserving leased model weight model=0 name_hash=0x311b9ae764a4abcf layout=0 leases=2 owners=0x00000001 site=extra->data_handle[]/preload_model_weights(dense-pin)
[UNIFIED-CACHE] reclaim_weight_entries preserving leased model weight model=0 name_hash=0x3ba5a6821b6511e0 layout=0 leases=2 owners=0x00000001 site=extra->data_handle[]/preload_model_weights(dense-pin)
[UNIFIED-CACHE] reclaim_weight_entries preserving leased model weight model=0 name_hash=0xe9ca1d4053ae41f9 layout=0 leases=2 owners=0x00000001 site=extra->data_handle[]/preload_model_weights(dense-pin)
[UNIFIED-CACHE] reclaim_weight_entries preserving leased model weight model=0 name_hash=0xe5a443ece75be10e layout=0 leases=2 owners=0x00000001 site=extra->data_handle[]/preload_model_weights(dense-pin)
[UNIFIED-CACHE] reclaim_weight_entries preserving leased model weight model=0 name_hash=0x38771636bce5a702 layout=0 leases=2 owners=0x00000001 site=extra->data_handle[]/preload_model_weights(dense-pin)
[UNIFIED-CACHE] reclaim_weight_entries preserving leased model weight model=0 name_hash=0x3a931c14a53d5960 layout=0 leases=2 owners=0x00000001 site=extra->data_handle[]/preload_model_weights(dense-pin)
[UNIFIED-CACHE] reclaim_weight_entries preserving leased model weight model=0 name_hash=0xbcde7c22847b8f24 layout=0 leases=2 owners=0x00000001 site=extra->data_handle[]/preload_model_weights(dense-pin)
[UNIFIED-CACHE] reclaim_weight_entries preserving leased model weight model=0 name_hash=0xb235334776d9c72d layout=0 leases=2 owners=0x00000001 site=extra->data_handle[]/preload_model_weights(dense-pin)
[UNIFIED-CACHE] reclaim_weight_entries preserving leased model weight model=0 name_hash=0xe7d3c5e727a81c4d layout=0 leases=2 owners=0x00000001 site=extra->data_handle[]/preload_model_weights(dense-pin)
[UNIFIED-CACHE] reclaim_weight_entries preserving leased model weight model=0 name_hash=0xa7d836df53ff49d4 layout=0 leases=2 owners=0x00000001 site=extra->data_handle[]/preload_model_weights(dense-pin)
[UNIFIED-CACHE] reclaim_weight_entries preserving leased model weight model=0 name_hash=0xc65810b3308e2a65 layout=0 leases=2 owners=0x00000001 site=extra->data_handle[]/preload_model_weights(dense-pin)
[UNIFIED-CACHE] reclaim_weight_entries preserving leased model weight model=0 name_hash=0xc0bcce7fc727feb8 layout=0 leases=2 owners=0x00000001 site=extra->data_handle[]/preload_model_weights(dense-pin)
[UNIFIED-CACHE] reclaim_weight_entries preserving leased model weight model=0 name_hash=0x213f84667dda1dba layout=0 leases=2 owners=0x00000001 site=extra->data_handle[]/preload_model_weights(dense-pin)
[UNIFIED-CACHE] reclaim_weight_entries preserving leased model weight model=0 name_hash=0xdd97f95fa07fec16 layout=0 leases=2 owners=0x00000001 site=extra->data_handle[]/preload_model_weights(dense-pin)
[UNIFIED-CACHE] reclaim_weight_entries preserving leased model weight model=0 name_hash=0xa7c2590f0166f6b0 layout=0 leases=2 owners=0x00000001 site=extra->data_handle[]/preload_model_weights(dense-pin)
[UNIFIED-CACHE] reclaim_weight_entries preserving leased model weight model=0 name_hash=0xae8ba76e3b151d9e layout=0 leases=2 owners=0x00000001 site=extra->data_handle[]/preload_model_weights(dense-pin)
[UNIFIED-CACHE] reclaim_weight_entries preserving leased model weight model=0 name_hash=0xcaf5b0fcacce6aea layout=0 leases=2 owners=0x00000001 site=extra->data_handle[]/preload_model_weights(dense-pin)
[UNIFIED-CACHE] reclaim_weight_entries preserving leased model weight model=0 name_hash=0xbe3c27e272f3ab58 layout=0 leases=2 owners=0x00000001 site=extra->data_handle[]/preload_model_weights(dense-pin)
[UNIFIED-CACHE] reclaim_weight_entries preserving leased model weight model=0 name_hash=0x28e162c724839a layout=0 leases=2 owners=0x00000001 site=extra->data_handle[]/preload_model_weights(dense-pin)
[UNIFIED-CACHE] reclaim_weight_entries preserving leased model weight model=0 name_hash=0xb032bd475a68a1fe layout=0 leases=2 owners=0x00000001 site=extra->data_handle[]/preload_model_weights(dense-pin)
[UNIFIED-CACHE] reclaim_weight_entries preserving leased model weight model=0 name_hash=0xde9943e34534adc3 layout=0 leases=2 owners=0x00000001 site=extra->data_handle[]/preload_model_weights(dense-pin)
[UNIFIED-CACHE] reclaim_weight_entries preserving leased model weight model=0 name_hash=0x64cda8f8043233df layout=0 leases=2 owners=0x00000001 site=extra->data_handle[]/preload_model_weights(dense-pin)
[UNIFIED-CACHE] reclaim_weight_entries preserving leased model weight model=0 name_hash=0xac38173202bd7abb layout=0 leases=2 owners=0x00000001 site=extra->data_handle[]/preload_model_weights(dense-pin)
[UNIFIED-CACHE] reclaim weight entries(load-boundary): erased 0 unpinned 0
[ZONE-RESET-AUDIT] NEW-ESCAPE site=weight-reclaim/load-boundary:dev0 graph=2 alloc_id=15075396135491732604 size=4 role=0 category=2 tier=0 cohort=weight:leased
[ZONE-RESET-AUDIT] NEW-ESCAPE site=weight-reclaim/load-boundary:dev0 graph=2 alloc_id=8055907002217459089 size=1536 role=0 category=2 tier=0 cohort=weight:leased
[ZONE-RESET-AUDIT] NEW-ESCAPE site=weight-reclaim/load-boundary:dev0 graph=2 alloc_id=7920810405364469338 size=393216 role=0 category=2 tier=0 cohort=weight:leased
[ZONE-RESET-AUDIT] NEW-ESCAPE site=weight-reclaim/load-boundary:dev0 graph=2 alloc_id=4103942273045031955 size=1024 role=0 category=2 tier=0 cohort=weight:leased
[ZONE-RESET-AUDIT] NEW-ESCAPE site=weight-reclaim/load-boundary:dev0 graph=2 alloc_id=16957379151907101766 size=262144 role=0 category=2 tier=0 cohort=weight:leased
[ZONE-RESET-AUDIT] NEW-ESCAPE site=weight-reclaim/load-boundary:dev0 graph=2 alloc_id=12467192014320699603 size=131072 role=0 category=2 tier=0 cohort=weight:leased
[ZONE-RESET-AUDIT] NEW-ESCAPE site=weight-reclaim/load-boundary:dev0 graph=2 alloc_id=3538592250846292943 size=256 role=0 category=2 tier=0 cohort=weight:leased
[UNIFIED-CACHE] reclaim weight entries(load-boundary): erased 0 unpinned 0
[SYCL] call ggml_backend_sycl_init
[SYCL] call ggml_backend_sycl_get_device_memory
[SYCL] call ggml_backend_sycl_get_device_memory
[SYCL] call ggml_backend_sycl_get_device_memory
[MEM-QUERY] dev=1 free=572.2 MB total=16304.0 MB consumed=15731.8 MB
[PLACEMENT-MULTI] Dense standalone token_embd.weight -> device=0 reason=fastest-dense-compatible bytes=0.1 MB
[PLACEMENT-MULTI] Dense standalone output_norm.weight -> device=0 reason=fastest-dense-compatible bytes=0.0 MB
[PLACEMENT-MULTI] Dense standalone output.weight -> device=0 reason=fastest-dense-compatible bytes=0.1 MB
[PLACEMENT-MULTI] Dense standalone rope_freqs.weight -> device=0 reason=fastest-dense-compatible bytes=0.0 MB
[PLACEMENT-MOE-MULTI-TRACE] entries=0 xmx=0 soa=0 alt_entries=0 alt_layouts=0 alt_soa=0 kv_ubatch=512 top_k=0 envelope=1 envelope_ubatch=0 mode=0
SYCL TP: Freed all persistent FFN buffers via unified-cache handles
SYCL TP: Freed all persistent attention buffers
[MEM-HANDLE] released 0 command-graph retained leases
[GRAPH-UNPIN] Released 0 graph MoE expert mem_handle leases
[GRAPH-UNPIN-WEIGHTS] Released 0 graph weight mem_handle leases
[SYCL] call ggml_backend_sycl_host_buffer_type
[SYCL] call ggml_backend_sycl_init
[SYCL] call ggml_backend_sycl_get_device_memory
[SYCL] call ggml_backend_sycl_get_device_memory
[SYCL] call ggml_backend_sycl_get_device_memory
[PLACEMENT-MULTI] Dense standalone token_embd.weight -> device=0 reason=fastest-dense-compatible bytes=0.1 MB
[PLACEMENT-MULTI] Dense standalone output_norm.weight -> device=0 reason=fastest-dense-compatible bytes=0.0 MB
[PLACEMENT-MULTI] Dense standalone output.weight -> device=0 reason=fastest-dense-compatible bytes=0.1 MB
[PLACEMENT-MULTI] Dense standalone rope_freqs.weight -> device=0 reason=fastest-dense-compatible bytes=0.0 MB
[PLACEMENT-MOE-MULTI-TRACE] entries=0 xmx=0 soa=0 alt_entries=0 alt_layouts=0 alt_soa=0 kv_ubatch=512 top_k=0 envelope=1 envelope_ubatch=0 mode=0
SYCL TP: Freed all persistent FFN buffers via unified-cache handles
SYCL TP: Freed all persistent attention buffers
[MEM-HANDLE] released 0 command-graph retained leases
[GRAPH-UNPIN] Released 0 graph MoE expert mem_handle leases
[GRAPH-UNPIN-WEIGHTS] Released 0 graph weight mem_handle leases
[SYCL] Host buffer alloc: 4.5 MB via unified-cache
[UNIFIED-CACHE] reclaim_weight_entries preserving leased model weight model=0 name_hash=0xd13690e99048047c layout=0 leases=2 owners=0x00000001 site=extra->data_handle[]/preload_model_weights(dense-pin)
[UNIFIED-CACHE] reclaim_weight_entries preserving leased model weight model=0 name_hash=0x51e0984aef35a252 layout=0 leases=2 owners=0x00000001 site=extra->data_handle[]/preload_model_weights(dense-pin)
[UNIFIED-CACHE] reclaim_weight_entries preserving leased model weight model=0 name_hash=0x708f6c2b4615257e layout=0 leases=2 owners=0x00000001 site=extra->data_handle[]/preload_model_weights(dense-pin)
[UNIFIED-CACHE] reclaim_weight_entries preserving leased model weight model=0 name_hash=0xecb90fa9456ad029 layout=0 leases=2 owners=0x00000001 site=extra->data_handle[]/preload_model_weights(dense-pin)
[UNIFIED-CACHE] reclaim_weight_entries preserving leased model weight model=0 name_hash=0x6fcc54bc8ac0ed91 layout=0 leases=2 owners=0x00000001 site=extra->data_handle[]/preload_model_weights(dense-pin)
[UNIFIED-CACHE] reclaim_weight_entries preserving leased model weight model=0 name_hash=0x6dec5f18f0f78e5a layout=0 leases=2 owners=0x00000001 site=extra->data_handle[]/preload_model_weights(dense-pin)
[UNIFIED-CACHE] reclaim_weight_entries preserving leased model weight model=0 name_hash=0x1ede8821e8d02fde layout=0 leases=2 owners=0x00000001 site=extra->data_handle[]/preload_model_weights(dense-pin)
[UNIFIED-CACHE] reclaim_weight_entries preserving leased model weight model=0 name_hash=0xd5fed533d7a9f43d layout=0 leases=2 owners=0x00000001 site=extra->data_handle[]/preload_model_weights(dense-pin)
[UNIFIED-CACHE] reclaim_weight_entries preserving leased model weight model=0 name_hash=0x891936947be60d4d layout=0 leases=2 owners=0x00000001 site=extra->data_handle[]/preload_model_weights(dense-pin)
[UNIFIED-CACHE] reclaim_weight_entries preserving leased model weight model=0 name_hash=0x38f421c0f38eec13 layout=0 leases=2 owners=0x00000001 site=extra->data_handle[]/preload_model_weights(dense-pin)
[UNIFIED-CACHE] reclaim_weight_entries preserving leased model weight model=0 name_hash=0x5c0dc55f0f5cf2d3 layout=0 leases=2 owners=0x00000001 site=extra->data_handle[]/preload_model_weights(dense-pin)
[UNIFIED-CACHE] reclaim_weight_entries preserving leased model weight model=0 name_hash=0xb279802dbf02ec50 layout=0 leases=2 owners=0x00000001 site=extra->data_handle[]/preload_model_weights(dense-pin)
[UNIFIED-CACHE] reclaim_weight_entries preserving leased model weight model=0 name_hash=0x6d5c481c06ed6b1c layout=0 leases=2 owners=0x00000001 site=extra->data_handle[]/preload_model_weights(dense-pin)
[UNIFIED-CACHE] reclaim_weight_entries preserving leased model weight model=0 name_hash=0x4e1cae023ae18c67 layout=0 leases=2 owners=0x00000001 site=extra->data_handle[]/preload_model_weights(dense-pin)
[UNIFIED-CACHE] reclaim_weight_entries preserving leased model weight model=0 name_hash=0xd04126154633d92a layout=0 leases=2 owners=0x00000001 site=extra->data_handle[]/preload_model_weights(dense-pin)
[UNIFIED-CACHE] reclaim_weight_entries preserving leased model weight model=0 name_hash=0x6bbc0b27530c18fc layout=0 leases=2 owners=0x00000001 site=extra->data_handle[]/preload_model_weights(dense-pin)
[UNIFIED-CACHE] reclaim_weight_entries preserving leased model weight model=0 name_hash=0xf0969627acaaadf3 layout=0 leases=2 owners=0x00000001 site=extra->data_handle[]/preload_model_weights(dense-pin)
[UNIFIED-CACHE] reclaim_weight_entries preserving leased model weight model=0 name_hash=0x47466764d37e580d layout=0 leases=2 owners=0x00000001 site=extra->data_handle[]/preload_model_weights(dense-pin)
[UNIFIED-CACHE] reclaim_weight_entries preserving leased model weight model=0 name_hash=0xe34f3e7aafdba3a5 layout=0 leases=2 owners=0x00000001 site=extra->data_handle[]/preload_model_weights(dense-pin)
[UNIFIED-CACHE] reclaim_weight_entries preserving leased model weight model=0 name_hash=0xf6a1f79a2dffe780 layout=0 leases=2 owners=0x00000001 site=extra->data_handle[]/preload_model_weights(dense-pin)
[UNIFIED-CACHE] reclaim_weight_entries preserving leased model weight model=0 name_hash=0xdf7c04510f974718 layout=0 leases=2 owners=0x00000001 site=extra->data_handle[]/preload_model_weights(dense-pin)
[UNIFIED-CACHE] reclaim_weight_entries preserving leased model weight model=0 name_hash=0x3779a6d76e4c7ee2 layout=0 leases=2 owners=0x00000001 site=extra->data_handle[]/preload_model_weights(dense-pin)
[UNIFIED-CACHE] reclaim_weight_entries preserving leased model weight model=0 name_hash=0x582991162916c4b3 layout=0 leases=2 owners=0x00000001 site=extra->data_handle[]/preload_model_weights(dense-pin)
[UNIFIED-CACHE] reclaim_weight_entries preserving leased model weight model=0 name_hash=0xd16c818664a0cc0a layout=0 leases=2 owners=0x00000001 site=extra->data_handle[]/preload_model_weights(dense-pin)
[UNIFIED-CACHE] reclaim_weight_entries preserving leased model weight model=0 name_hash=0x74919db2149cd436 layout=0 leases=2 owners=0x00000001 site=extra->data_handle[]/preload_model_weights(dense-pin)
[UNIFIED-CACHE] reclaim_weight_entries preserving leased model weight model=0 name_hash=0xef3db2028fcb16a3 layout=0 leases=2 owners=0x00000001 site=extra->data_handle[]/preload_model_weights(dense-pin)
[UNIFIED-CACHE] reclaim_weight_entries preserving leased model weight model=0 name_hash=0xe4065a55adaaf03f layout=0 leases=2 owners=0x00000001 site=extra->data_handle[]/preload_model_weights(dense-pin)
[UNIFIED-CACHE] reclaim_weight_entries preserving leased model weight model=0 name_hash=0xc3a0bc9f0504d35c layout=0 leases=2 owners=0x00000001 site=extra->data_handle[]/preload_model_weights(dense-pin)
[UNIFIED-CACHE] reclaim_weight_entries preserving leased model weight model=0 name_hash=0xe30c0751e9ab32a9 layout=0 leases=2 owners=0x00000001 site=extra->data_handle[]/preload_model_weights(dense-pin)
[UNIFIED-CACHE] reclaim_weight_entries preserving leased model weight model=0 name_hash=0xeb54b67e9f099c46 layout=0 leases=2 owners=0x00000001 site=extra->data_handle[]/preload_model_weights(dense-pin)
[UNIFIED-CACHE] reclaim_weight_entries preserving leased model weight model=0 name_hash=0x348b7dd451046514 layout=0 leases=2 owners=0x00000001 site=extra->data_handle[]/preload_model_weights(dense-pin)
[UNIFIED-CACHE] reclaim_weight_entries preserving leased model weight model=0 name_hash=0xad045d15402c08d3 layout=0 leases=2 owners=0x00000001 site=extra->data_handle[]/preload_model_weights(dense-pin)
[UNIFIED-CACHE] reclaim_weight_entries preserving leased model weight model=0 name_hash=0x15380309041992d9 layout=0 leases=2 owners=0x00000001 site=extra->data_handle[]/preload_model_weights(dense-pin)
[UNIFIED-CACHE] reclaim_weight_entries preserving leased model weight model=0 name_hash=0x4599df1b04c6b9fb layout=0 leases=2 owners=0x00000001 site=extra->data_handle[]/preload_model_weights(dense-pin)
[UNIFIED-CACHE] reclaim_weight_entries preserving leased model weight model=0 name_hash=0x6059a543aef7dbb7 layout=0 leases=2 owners=0x00000001 site=extra->data_handle[]/preload_model_weights(dense-pin)
[UNIFIED-CACHE] reclaim_weight_entries preserving leased model weight model=0 name_hash=0xd46dcd1b728c981f layout=0 leases=2 owners=0x00000001 site=extra->data_handle[]/preload_model_weights(dense-pin)
[UNIFIED-CACHE] reclaim_weight_entries preserving leased model weight model=0 name_hash=0xaed088ad06d329a3 layout=0 leases=2 owners=0x00000001 site=extra->data_handle[]/preload_model_weights(dense-pin)
[UNIFIED-CACHE] reclaim_weight_entries preserving leased model weight model=0 name_hash=0x6fef520cddfce3c0 layout=0 leases=2 owners=0x00000001 site=extra->data_handle[]/preload_model_weights(dense-pin)
[UNIFIED-CACHE] reclaim_weight_entries preserving leased model weight model=0 name_hash=0xddb603f9cd448660 layout=0 leases=2 owners=0x00000001 site=extra->data_handle[]/preload_model_weights(dense-pin)
[UNIFIED-CACHE] reclaim_weight_entries preserving leased model weight model=0 name_hash=0xb09204520b9c97f0 layout=0 leases=2 owners=0x00000001 site=extra->data_handle[]/preload_model_weights(dense-pin)
[UNIFIED-CACHE] reclaim_weight_entries preserving leased model weight model=0 name_hash=0xab8cfe3bf6a50b9c layout=0 leases=2 owners=0x00000001 site=extra->data_handle[]/preload_model_weights(dense-pin)
[UNIFIED-CACHE] reclaim_weight_entries preserving leased model weight model=0 name_hash=0x311b9ae764a4abcf layout=0 leases=2 owners=0x00000001 site=extra->data_handle[]/preload_model_weights(dense-pin)
[UNIFIED-CACHE] reclaim_weight_entries preserving leased model weight model=0 name_hash=0x3ba5a6821b6511e0 layout=0 leases=2 owners=0x00000001 site=extra->data_handle[]/preload_model_weights(dense-pin)
[UNIFIED-CACHE] reclaim_weight_entries preserving leased model weight model=0 name_hash=0xe9ca1d4053ae41f9 layout=0 leases=2 owners=0x00000001 site=extra->data_handle[]/preload_model_weights(dense-pin)
[UNIFIED-CACHE] reclaim_weight_entries preserving leased model weight model=0 name_hash=0xe5a443ece75be10e layout=0 leases=2 owners=0x00000001 site=extra->data_handle[]/preload_model_weights(dense-pin)
[UNIFIED-CACHE] reclaim_weight_entries preserving leased model weight model=0 name_hash=0x38771636bce5a702 layout=0 leases=2 owners=0x00000001 site=extra->data_handle[]/preload_model_weights(dense-pin)
[UNIFIED-CACHE] reclaim_weight_entries preserving leased model weight model=0 name_hash=0x3a931c14a53d5960 layout=0 leases=2 owners=0x00000001 site=extra->data_handle[]/preload_model_weights(dense-pin)
[UNIFIED-CACHE] reclaim_weight_entries preserving leased model weight model=0 name_hash=0xbcde7c22847b8f24 layout=0 leases=2 owners=0x00000001 site=extra->data_handle[]/preload_model_weights(dense-pin)
[UNIFIED-CACHE] reclaim_weight_entries preserving leased model weight model=0 name_hash=0xb235334776d9c72d layout=0 leases=2 owners=0x00000001 site=extra->data_handle[]/preload_model_weights(dense-pin)
[UNIFIED-CACHE] reclaim_weight_entries preserving leased model weight model=0 name_hash=0xe7d3c5e727a81c4d layout=0 leases=2 owners=0x00000001 site=extra->data_handle[]/preload_model_weights(dense-pin)
[UNIFIED-CACHE] reclaim_weight_entries preserving leased model weight model=0 name_hash=0xa7d836df53ff49d4 layout=0 leases=2 owners=0x00000001 site=extra->data_handle[]/preload_model_weights(dense-pin)
[UNIFIED-CACHE] reclaim_weight_entries preserving leased model weight model=0 name_hash=0xc65810b3308e2a65 layout=0 leases=2 owners=0x00000001 site=extra->data_handle[]/preload_model_weights(dense-pin)
[UNIFIED-CACHE] reclaim_weight_entries preserving leased model weight model=0 name_hash=0xc0bcce7fc727feb8 layout=0 leases=2 owners=0x00000001 site=extra->data_handle[]/preload_model_weights(dense-pin)
[UNIFIED-CACHE] reclaim_weight_entries preserving leased model weight model=0 name_hash=0x213f84667dda1dba layout=0 leases=2 owners=0x00000001 site=extra->data_handle[]/preload_model_weights(dense-pin)
[UNIFIED-CACHE] reclaim_weight_entries preserving leased model weight model=0 name_hash=0xdd97f95fa07fec16 layout=0 leases=2 owners=0x00000001 site=extra->data_handle[]/preload_model_weights(dense-pin)
[UNIFIED-CACHE] reclaim_weight_entries preserving leased model weight model=0 name_hash=0xa7c2590f0166f6b0 layout=0 leases=2 owners=0x00000001 site=extra->data_handle[]/preload_model_weights(dense-pin)
[UNIFIED-CACHE] reclaim_weight_entries preserving leased model weight model=0 name_hash=0xae8ba76e3b151d9e layout=0 leases=2 owners=0x00000001 site=extra->data_handle[]/preload_model_weights(dense-pin)
[UNIFIED-CACHE] reclaim_weight_entries preserving leased model weight model=0 name_hash=0xcaf5b0fcacce6aea layout=0 leases=2 owners=0x00000001 site=extra->data_handle[]/preload_model_weights(dense-pin)
[UNIFIED-CACHE] reclaim_weight_entries preserving leased model weight model=0 name_hash=0xbe3c27e272f3ab58 layout=0 leases=2 owners=0x00000001 site=extra->data_handle[]/preload_model_weights(dense-pin)
[UNIFIED-CACHE] reclaim_weight_entries preserving leased model weight model=0 name_hash=0x28e162c724839a layout=0 leases=2 owners=0x00000001 site=extra->data_handle[]/preload_model_weights(dense-pin)
[UNIFIED-CACHE] reclaim_weight_entries preserving leased model weight model=0 name_hash=0xb032bd475a68a1fe layout=0 leases=2 owners=0x00000001 site=extra->data_handle[]/preload_model_weights(dense-pin)
[UNIFIED-CACHE] reclaim_weight_entries preserving leased model weight model=0 name_hash=0xde9943e34534adc3 layout=0 leases=2 owners=0x00000001 site=extra->data_handle[]/preload_model_weights(dense-pin)
[UNIFIED-CACHE] reclaim_weight_entries preserving leased model weight model=0 name_hash=0x64cda8f8043233df layout=0 leases=2 owners=0x00000001 site=extra->data_handle[]/preload_model_weights(dense-pin)
[UNIFIED-CACHE] reclaim_weight_entries preserving leased model weight model=0 name_hash=0xac38173202bd7abb layout=0 leases=2 owners=0x00000001 site=extra->data_handle[]/preload_model_weights(dense-pin)
[UNIFIED-CACHE] reclaim weight entries(mid-load-replan): erased 0 unpinned 0
[ZONE-RESET-AUDIT] NEW-ESCAPE site=weight-reclaim/mid-load-replan:dev0 graph=2 alloc_id=15075396135491732604 size=4 role=0 category=2 tier=0 cohort=weight:leased
[ZONE-RESET-AUDIT] NEW-ESCAPE site=weight-reclaim/mid-load-replan:dev0 graph=2 alloc_id=8055907002217459089 size=1536 role=0 category=2 tier=0 cohort=weight:leased
[ZONE-RESET-AUDIT] NEW-ESCAPE site=weight-reclaim/mid-load-replan:dev0 graph=2 alloc_id=7920810405364469338 size=393216 role=0 category=2 tier=0 cohort=weight:leased
[ZONE-RESET-AUDIT] NEW-ESCAPE site=weight-reclaim/mid-load-replan:dev0 graph=2 alloc_id=4103942273045031955 size=1024 role=0 category=2 tier=0 cohort=weight:leased
[ZONE-RESET-AUDIT] NEW-ESCAPE site=weight-reclaim/mid-load-replan:dev0 graph=2 alloc_id=16957379151907101766 size=262144 role=0 category=2 tier=0 cohort=weight:leased
[ZONE-RESET-AUDIT] NEW-ESCAPE site=weight-reclaim/mid-load-replan:dev0 graph=2 alloc_id=12467192014320699603 size=131072 role=0 category=2 tier=0 cohort=weight:leased
[ZONE-RESET-AUDIT] NEW-ESCAPE site=weight-reclaim/mid-load-replan:dev0 graph=2 alloc_id=3538592250846292943 size=256 role=0 category=2 tier=0 cohort=weight:leased
[SYCL] weight cache lookup: tensor=0x20db3ea0 name=token_embd.weight device=0
[SYCL] weight cache lookup: tensor=0x20db4030 name=output_norm.weight device=0
[SYCL] weight cache lookup: tensor=0x20db4350 name=blk.0.attn_norm.weight device=0
[SYCL] weight cache lookup: tensor=0x20db5160 name=blk.0.ffn_norm.weight device=0
[SYCL] weight cache lookup: tensor=0x20db5de0 name=blk.1.attn_norm.weight device=0
[SYCL] weight cache lookup: tensor=0x20db6bf0 name=blk.1.ffn_norm.weight device=0
[SYCL] weight cache lookup: tensor=0x20db41c0 name=output.weight device=0
[SYCL] weight cache lookup: tensor=0x20db44e0 name=blk.0.attn_q.weight device=0
[SYCL] weight cache lookup: tensor=0x20db4670 name=blk.0.attn_k.weight device=0
[SYCL] weight cache lookup: tensor=0x20db4800 name=blk.0.attn_v.weight device=0
[SYCL] weight cache lookup: tensor=0x20db4e40 name=blk.0.attn_output.weight device=0
[SYCL] weight cache lookup: tensor=0x20db4cb0 name=blk.0.attn_v.bias device=0
[SYCL] weight cache lookup: tensor=0x20db4fd0 name=blk.0.attn_output.bias device=0
[SYCL] weight cache lookup: tensor=0x20db4b20 name=blk.0.attn_k.bias device=0
[SYCL] weight cache lookup: tensor=0x20db4990 name=blk.0.attn_q.bias device=0
[SYCL] weight cache lookup: tensor=0x20db84f0 name=blk.0.attn_v.input_scale device=0
[SYCL] weight cache lookup: tensor=0x20db76e0 name=blk.0.attn_q.scale device=0
[SYCL] weight cache lookup: tensor=0x20db7870 name=blk.0.attn_k.scale device=0
[SYCL] weight cache lookup: tensor=0x20db7a00 name=blk.0.attn_v.scale device=0
[SYCL] weight cache lookup: tensor=0x20db7b90 name=blk.0.attn_output.scale device=0
[SYCL] weight cache lookup: tensor=0x20db81d0 name=blk.0.attn_q.input_scale device=0
[SYCL] weight cache lookup: tensor=0x20db8360 name=blk.0.attn_k.input_scale device=0
[SYCL] weight cache lookup: tensor=0x20db8680 name=blk.0.attn_output.input_scale device=0
[SYCL] weight cache lookup: tensor=0x20db5f70 name=blk.1.attn_q.weight device=0
[SYCL] weight cache lookup: tensor=0x20db6100 name=blk.1.attn_k.weight device=0
[SYCL] weight cache lookup: tensor=0x20db6290 name=blk.1.attn_v.weight device=0
[SYCL] weight cache lookup: tensor=0x20db68d0 name=blk.1.attn_output.weight device=0
[SYCL] weight cache lookup: tensor=0x20db6740 name=blk.1.attn_v.bias device=0
[SYCL] weight cache lookup: tensor=0x20db65b0 name=blk.1.attn_k.bias device=0
[SYCL] weight cache lookup: tensor=0x20db6420 name=blk.1.attn_q.bias device=0
[SYCL] weight cache lookup: tensor=0x20db6a60 name=blk.1.attn_output.bias device=0
[SYCL] weight cache lookup: tensor=0x20db8fe0 name=blk.1.attn_v.scale device=0
[SYCL] weight cache lookup: tensor=0x20db9c60 name=blk.1.attn_output.input_scale device=0
[SYCL] weight cache lookup: tensor=0x20db9ad0 name=blk.1.attn_v.input_scale device=0
[SYCL] weight cache lookup: tensor=0x20db9940 name=blk.1.attn_k.input_scale device=0
[SYCL] weight cache lookup: tensor=0x20db97b0 name=blk.1.attn_q.input_scale device=0
[SYCL] weight cache lookup: tensor=0x20db9170 name=blk.1.attn_output.scale device=0
[SYCL] weight cache lookup: tensor=0x20db8e50 name=blk.1.attn_k.scale device=0
[SYCL] weight cache lookup: tensor=0x20db8cc0 name=blk.1.attn_q.scale device=0
[SYCL] weight cache lookup: tensor=0x20db52f0 name=rope_freqs.weight device=0
[SYCL] weight cache lookup: tensor=0x20db5480 name=blk.0.ffn_gate.weight device=0
[SYCL] weight cache lookup: tensor=0x20db5610 name=blk.0.ffn_down.weight device=0
[SYCL] weight cache lookup: tensor=0x20db57a0 name=blk.0.ffn_up.weight device=0
[SYCL] weight cache lookup: tensor=0x20db5930 name=blk.0.ffn_gate.bias device=0
[SYCL] weight cache lookup: tensor=0x20db5c50 name=blk.0.ffn_up.bias device=0
[SYCL] weight cache lookup: tensor=0x20db5ac0 name=blk.0.ffn_down.bias device=0
[SYCL] weight cache lookup: tensor=0x20db7d20 name=blk.0.ffn_gate.scale device=0
[SYCL] weight cache lookup: tensor=0x20db8b30 name=blk.0.ffn_up.input_scale device=0
[SYCL] weight cache lookup: tensor=0x20db89a0 name=blk.0.ffn_down.input_scale device=0
[SYCL] weight cache lookup: tensor=0x20db8810 name=blk.0.ffn_gate.input_scale device=0
[SYCL] weight cache lookup: tensor=0x20db8040 name=blk.0.ffn_up.scale device=0
[SYCL] weight cache lookup: tensor=0x20db7eb0 name=blk.0.ffn_down.scale device=0
[SYCL] weight cache lookup: tensor=0x20db70a0 name=blk.1.ffn_up.weight device=0
[SYCL] weight cache lookup: tensor=0x20db6f10 name=blk.1.ffn_down.weight device=0
[SYCL] weight cache lookup: tensor=0x20db6d80 name=blk.1.ffn_gate.weight device=0
[SYCL] weight cache lookup: tensor=0x20db7550 name=blk.1.ffn_up.bias device=0
[SYCL] weight cache lookup: tensor=0x20db7230 name=blk.1.ffn_gate.bias device=0
[SYCL] weight cache lookup: tensor=0x20db73c0 name=blk.1.ffn_down.bias device=0
[SYCL] weight cache lookup: tensor=0x20db9300 name=blk.1.ffn_gate.scale device=0
[SYCL] weight cache lookup: tensor=0x20db9490 name=blk.1.ffn_down.scale device=0
[SYCL] weight cache lookup: tensor=0x20db9620 name=blk.1.ffn_up.scale device=0
[SYCL] weight cache lookup: tensor=0x20db9df0 name=blk.1.ffn_gate.input_scale device=0
[SYCL] weight cache lookup: tensor=0x20db9f80 name=blk.1.ffn_down.input_scale device=0
[SYCL] weight cache lookup: tensor=0x20dba110 name=blk.1.ffn_up.input_scale device=0
[UNIFIED-CACHE] pin model=2 name_hash=0xad045d15402c08d3 layout=0
[UNIFIED-CACHE] pin model=2 name_hash=0x348b7dd451046514 layout=0
[UNIFIED-CACHE] pin model=2 name_hash=0xef3db2028fcb16a3 layout=0
[UNIFIED-CACHE] pin model=2 name_hash=0xe7d3c5e727a81c4d layout=0
[UNIFIED-CACHE] pin model=2 name_hash=0x4599df1b04c6b9fb layout=0
[UNIFIED-CACHE] pin model=2 name_hash=0x15380309041992d9 layout=0
[UNIFIED-CACHE] pin model=2 name_hash=0x3ba5a6821b6511e0 layout=0
[UNIFIED-CACHE] pin model=2 name_hash=0x38771636bce5a702 layout=0
[UNIFIED-CACHE] pin model=2 name_hash=0x3a931c14a53d5960 layout=0
[UNIFIED-CACHE] pin model=2 name_hash=0xab8cfe3bf6a50b9c layout=0
[UNIFIED-CACHE] pin model=2 name_hash=0xd46dcd1b728c981f layout=0
[UNIFIED-CACHE] pin model=2 name_hash=0xe4065a55adaaf03f layout=0
[UNIFIED-CACHE] pin model=2 name_hash=0x3779a6d76e4c7ee2 layout=0
[UNIFIED-CACHE] pin model=2 name_hash=0xd16c818664a0cc0a layout=0
[UNIFIED-CACHE] pin model=2 name_hash=0xe34f3e7aafdba3a5 layout=0
[UNIFIED-CACHE] pin model=2 name_hash=0x6bbc0b27530c18fc layout=0
[UNIFIED-CACHE] pin model=2 name_hash=0xaed088ad06d329a3 layout=0
[UNIFIED-CACHE] pin model=2 name_hash=0xdf7c04510f974718 layout=0
[UNIFIED-CACHE] pin model=2 name_hash=0xe30c0751e9ab32a9 layout=0
[UNIFIED-CACHE] pin model=2 name_hash=0xae8ba76e3b151d9e layout=0
[UNIFIED-CACHE] pin model=2 name_hash=0x47466764d37e580d layout=0
[UNIFIED-CACHE] pin model=2 name_hash=0x4e1cae023ae18c67 layout=0
[UNIFIED-CACHE] pin model=2 name_hash=0xb09204520b9c97f0 layout=0
[UNIFIED-CACHE] pin model=2 name_hash=0x6059a543aef7dbb7 layout=0
[UNIFIED-CACHE] pin model=2 name_hash=0xa7d836df53ff49d4 layout=0
[UNIFIED-CACHE] pin model=2 name_hash=0xb235334776d9c72d layout=0
[UNIFIED-CACHE] pin model=2 name_hash=0xeb54b67e9f099c46 layout=0
[UNIFIED-CACHE] pin model=2 name_hash=0xd04126154633d92a layout=0
[UNIFIED-CACHE] pin model=2 name_hash=0x213f84667dda1dba layout=0
[UNIFIED-CACHE] pin model=2 name_hash=0xc65810b3308e2a65 layout=0
[UNIFIED-CACHE] pin model=2 name_hash=0xa7c2590f0166f6b0 layout=0
[UNIFIED-CACHE] pin model=2 name_hash=0xcaf5b0fcacce6aea layout=0
[UNIFIED-CACHE] pin model=2 name_hash=0xde9943e34534adc3 layout=0
[UNIFIED-CACHE] pin model=2 name_hash=0x64cda8f8043233df layout=0
[UNIFIED-CACHE] pin model=2 name_hash=0xc0bcce7fc727feb8 layout=0
[UNIFIED-CACHE] pin model=2 name_hash=0xf6a1f79a2dffe780 layout=0
[UNIFIED-CACHE] pin model=2 name_hash=0xe5a443ece75be10e layout=0
[UNIFIED-CACHE] pin model=2 name_hash=0xe9ca1d4053ae41f9 layout=0
[UNIFIED-CACHE] pin model=2 name_hash=0x28e162c724839a layout=0
[UNIFIED-CACHE] pin model=2 name_hash=0x311b9ae764a4abcf layout=0
[UNIFIED-CACHE] pin model=2 name_hash=0x6fef520cddfce3c0 layout=0
[UNIFIED-CACHE] pin model=2 name_hash=0xac38173202bd7abb layout=0
[UNIFIED-CACHE] pin model=2 name_hash=0x74919db2149cd436 layout=0
[UNIFIED-CACHE] pin model=2 name_hash=0x6d5c481c06ed6b1c layout=0
[UNIFIED-CACHE] pin model=2 name_hash=0x582991162916c4b3 layout=0
[UNIFIED-CACHE] pin model=2 name_hash=0xbcde7c22847b8f24 layout=0
[UNIFIED-CACHE] pin model=2 name_hash=0xb032bd475a68a1fe layout=0
[UNIFIED-CACHE] pin model=2 name_hash=0x891936947be60d4d layout=0
[UNIFIED-CACHE] pin model=2 name_hash=0xdd97f95fa07fec16 layout=0
[UNIFIED-CACHE] pin model=2 name_hash=0x5c0dc55f0f5cf2d3 layout=0
[UNIFIED-CACHE] pin model=2 name_hash=0xddb603f9cd448660 layout=0
[UNIFIED-CACHE] pin model=2 name_hash=0xc3a0bc9f0504d35c layout=0
[UNIFIED-CACHE] pin model=2 name_hash=0xd5fed533d7a9f43d layout=0
[UNIFIED-CACHE] pin model=2 name_hash=0xbe3c27e272f3ab58 layout=0
[UNIFIED-CACHE] pin model=2 name_hash=0x6dec5f18f0f78e5a layout=0
[UNIFIED-CACHE] pin model=2 name_hash=0xf0969627acaaadf3 layout=0
[UNIFIED-CACHE] pin model=2 name_hash=0x6fcc54bc8ac0ed91 layout=0
[UNIFIED-CACHE] pin model=2 name_hash=0x38f421c0f38eec13 layout=0
[UNIFIED-CACHE] pin model=2 name_hash=0xecb90fa9456ad029 layout=0
[UNIFIED-CACHE] pin model=2 name_hash=0x1ede8821e8d02fde layout=0
[UNIFIED-CACHE] pin model=2 name_hash=0x708f6c2b4615257e layout=0
[UNIFIED-CACHE] pin model=2 name_hash=0x51e0984aef35a252 layout=0
[UNIFIED-CACHE] pin model=2 name_hash=0xb279802dbf02ec50 layout=0
[UNIFIED-CACHE] pin model=2 name_hash=0xd13690e99048047c layout=0
[UNIFIED-CACHE] model slot 1 claimed 0 weight entries (live mask 0x00000003)
[UNIFIED-CACHE] model slot 1 claimed 64 weight entries (live mask 0x00000003)
[SYCL] call ggml_backend_sycl_init
[SYCL] call ggml_backend_sycl_host_buffer_type
[SYCL] Host buffer alloc: 0.0 MB via unified-cache
[KV-TIER] dev=0 cache_available=30732 MB kv_req=0 MB arena=1
[UNIFIED-ALLOC] zone alloc: dev=0 zone=0 size=0.2 MB ptr=0xffffd55e28280000
[UNIFIED-ALLOC] zone alloc: dev=0 zone=0 size=0.2 MB ptr=0xffffd55e282c0000
[SYCL] call ggml_backend_sycl_host_buffer_type
[SYCL] call ggml_backend_sycl_synchronize
Using unified-cache queue for device 0 stream 0
[UNIFIED-ALLOC] zone alloc: dev=0 zone=3 size=0.4 MB ptr=0xffffd55e47c9c000
[SYCL] Arena RUNTIME zone alloc: 0.4 MB (SYCL0)
[SYCL] Host buffer alloc: 0.1 MB via unified-cache
[SYCL] call ggml_backend_sycl_synchronize
[SYCL] call ggml_backend_sycl_synchronize
[SYCL] call ggml_backend_sycl_synchronize
[SYCL] call ggml_backend_sycl_host_buffer_type
[SYCL] Host buffer alloc: 0.1 MB via unified-cache
[SYCL] call ggml_backend_sycl_buffer_reset
[SOA-DEBUG] buffer_reset: PRESERVING 0 extras for compute buffer=0x21e67110
[SYCL] call ggml_backend_sycl_buffer_init_tensor: tensor='embd':type=f32;ne=[256, 64, 1, 1];nb=[4, 1024, 65536, 65536]
[SYCL] call ggml_backend_sycl_buffer_init_tensor: tensor='norm-0':type=f32;ne=[256, 64, 1, 1];nb=[4, 1024, 65536, 65536]
[SYCL] call ggml_backend_sycl_buffer_init_tensor: tensor='attn_norm-0':type=f32;ne=[256, 64, 1, 1];nb=[4, 1024, 65536, 65536]
[SYCL] call ggml_backend_sycl_buffer_init_tensor: tensor='node_3':type=f32;ne=[256, 64, 1, 1];nb=[4, 1024, 65536, 65536]
[SYCL] call ggml_backend_sycl_buffer_init_tensor: tensor='Qcur-0':type=f32;ne=[256, 64, 1, 1];nb=[4, 1024, 65536, 65536]
[SYCL] call ggml_backend_sycl_buffer_init_tensor: tensor='Qcur-0':type=f32;ne=[256, 64, 1, 1];nb=[4, 1024, 65536, 65536]
[SYCL] call ggml_backend_sycl_buffer_init_tensor: tensor='Qcur-0':type=f32;ne=[128, 2, 64, 1];nb=[4, 512, 1024, 65536]
[SYCL] call ggml_backend_sycl_buffer_init_tensor: tensor='Qcur-0':type=f32;ne=[128, 2, 64, 1];nb=[4, 512, 1024, 65536]
[SYCL] call ggml_backend_sycl_buffer_init_tensor: tensor='node_8':type=f32;ne=[256, 64, 1, 1];nb=[4, 1024, 65536, 65536]
[SYCL] call ggml_backend_sycl_buffer_init_tensor: tensor='Vcur-0':type=f32;ne=[256, 64, 1, 1];nb=[4, 1024, 65536, 65536]
[SYCL] call ggml_backend_sycl_buffer_init_tensor: tensor='Vcur-0':type=f32;ne=[256, 64, 1, 1];nb=[4, 1024, 65536, 65536]
[SYCL] call ggml_backend_sycl_buffer_init_tensor: tensor='Vcur-0':type=f32;ne=[128, 2, 64, 1];nb=[4, 512, 1024, 65536]
[SYCL] call ggml_backend_sycl_buffer_init_tensor: tensor='node_12':type=f32;ne=[256, 64, 1, 1];nb=[4, 1024, 65536, 65536]
[SYCL] call ggml_backend_sycl_buffer_init_tensor: tensor='Kcur-0':type=f32;ne=[256, 64, 1, 1];nb=[4, 1024, 65536, 65536]
[SYCL] call ggml_backend_sycl_buffer_init_tensor: tensor='Kcur-0':type=f32;ne=[256, 64, 1, 1];nb=[4, 1024, 65536, 65536]
[SYCL] call ggml_backend_sycl_buffer_init_tensor: tensor='Kcur-0':type=f32;ne=[128, 2, 64, 1];nb=[4, 512, 1024, 65536]
[SYCL] call ggml_backend_sycl_buffer_init_tensor: tensor='Kcur-0':type=f32;ne=[128, 2, 64, 1];nb=[4, 512, 1024, 65536]
[SYCL] call ggml_backend_sycl_buffer_init_tensor: tensor='Kcur-0 (view)':type=f32;ne=[256, 64, 1, 1];nb=[4, 1024, 65536, 65536]
[SYCL] call ggml_backend_sycl_buffer_init_tensor: tensor='Vcur-0 (view)':type=f32;ne=[256, 64, 1, 1];nb=[4, 1024, 65536, 65536]
[SYCL] call ggml_backend_sycl_buffer_init_tensor: tensor='Qcur-0 (view)':type=f32;ne=[128, 2, 64, 1];nb=[4, 512, 1024, 65536]
[SYCL] call ggml_backend_sycl_buffer_init_tensor: tensor='Qcur-0 (view) (permuted)':type=f32;ne=[128, 64, 2, 1];nb=[4, 1024, 512, 65536];strided;permuted
[SYCL] call ggml_backend_sycl_buffer_init_tensor: tensor='Qcur-0 (view) (permuted) (copy)':type=f16;ne=[128, 64, 2, 1];nb=[2, 256, 16384, 32768]
[SYCL] call ggml_backend_sycl_buffer_init_tensor: tensor='node_28':type=f32;ne=[128, 2, 64, 1];nb=[4, 512, 1024, 65536]
[SYCL] call ggml_backend_sycl_buffer_init_tensor: tensor='kqv_out-0':type=f32;ne=[256, 64, 1, 1];nb=[4, 1024, 65536, 65536]
[SYCL] call ggml_backend_sycl_buffer_init_tensor: tensor='node_30':type=f32;ne=[256, 64, 1, 1];nb=[4, 1024, 65536, 65536]
[SYCL] call ggml_backend_sycl_buffer_init_tensor: tensor='node_31':type=f32;ne=[256, 64, 1, 1];nb=[4, 1024, 65536, 65536]
[SYCL] call ggml_backend_sycl_buffer_init_tensor: tensor='attn_out-0':type=f32;ne=[256, 64, 1, 1];nb=[4, 1024, 65536, 65536]
[SYCL] call ggml_backend_sycl_buffer_init_tensor: tensor='ffn_inp-0':type=f32;ne=[256, 64, 1, 1];nb=[4, 1024, 65536, 65536]
[SYCL] call ggml_backend_sycl_buffer_init_tensor: tensor='norm-0':type=f32;ne=[256, 64, 1, 1];nb=[4, 1024, 65536, 65536]
[SYCL] call ggml_backend_sycl_buffer_init_tensor: tensor='ffn_norm-0':type=f32;ne=[256, 64, 1, 1];nb=[4, 1024, 65536, 65536]
[SYCL] call ggml_backend_sycl_buffer_init_tensor: tensor='ffn_gate-0':type=f32;ne=[384, 64, 1, 1];nb=[4, 1536, 98304, 98304]
[SYCL] call ggml_backend_sycl_buffer_init_tensor: tensor='ffn_gate_b-0':type=f32;ne=[384, 64, 1, 1];nb=[4, 1536, 98304, 98304]
[SYCL] call ggml_backend_sycl_buffer_init_tensor: tensor='ffn_gate_s-0':type=f32;ne=[384, 64, 1, 1];nb=[4, 1536, 98304, 98304]
[SYCL] call ggml_backend_sycl_buffer_init_tensor: tensor='ffn_up-0':type=f32;ne=[384, 64, 1, 1];nb=[4, 1536, 98304, 98304]
[SYCL] call ggml_backend_sycl_buffer_init_tensor: tensor='ffn_up_b-0':type=f32;ne=[384, 64, 1, 1];nb=[4, 1536, 98304, 98304]
[SYCL] call ggml_backend_sycl_buffer_init_tensor: tensor='ffn_up_s-0':type=f32;ne=[384, 64, 1, 1];nb=[4, 1536, 98304, 98304]
[SYCL] call ggml_backend_sycl_buffer_init_tensor: tensor='ffn_swiglu-0':type=f32;ne=[384, 64, 1, 1];nb=[4, 1536, 98304, 98304]
[SYCL] call ggml_backend_sycl_buffer_init_tensor: tensor='ffn_down-0':type=f32;ne=[256, 64, 1, 1];nb=[4, 1024, 65536, 65536]
[SYCL] call ggml_backend_sycl_buffer_init_tensor: tensor='node_44':type=f32;ne=[256, 64, 1, 1];nb=[4, 1024, 65536, 65536]
[SYCL] call ggml_backend_sycl_buffer_init_tensor: tensor='ffn_out-0':type=f32;ne=[256, 64, 1, 1];nb=[4, 1024, 65536, 65536]
[SYCL] call ggml_backend_sycl_buffer_init_tensor: tensor='l_out-0':type=f32;ne=[256, 64, 1, 1];nb=[4, 1024, 65536, 65536]
[SYCL] call ggml_backend_sycl_buffer_init_tensor: tensor='norm-1':type=f32;ne=[256, 64, 1, 1];nb=[4, 1024, 65536, 65536]
[SYCL] call ggml_backend_sycl_buffer_init_tensor: tensor='attn_norm-1':type=f32;ne=[256, 64, 1, 1];nb=[4, 1024, 65536, 65536]
[SYCL] call ggml_backend_sycl_buffer_init_tensor: tensor='node_49':type=f32;ne=[256, 64, 1, 1];nb=[4, 1024, 65536, 65536]
[SYCL] call ggml_backend_sycl_buffer_init_tensor: tensor='Qcur-1':type=f32;ne=[256, 64, 1, 1];nb=[4, 1024, 65536, 65536]
[SYCL] call ggml_backend_sycl_buffer_init_tensor: tensor='Qcur-1':type=f32;ne=[256, 64, 1, 1];nb=[4, 1024, 65536, 65536]
[SYCL] call ggml_backend_sycl_buffer_init_tensor: tensor='Qcur-1':type=f32;ne=[128, 2, 64, 1];nb=[4, 512, 1024, 65536]
[SYCL] call ggml_backend_sycl_buffer_init_tensor: tensor='Qcur-1':type=f32;ne=[128, 2, 64, 1];nb=[4, 512, 1024, 65536]
[SYCL] call ggml_backend_sycl_buffer_init_tensor: tensor='node_54':type=f32;ne=[256, 64, 1, 1];nb=[4, 1024, 65536, 65536]
[SYCL] call ggml_backend_sycl_buffer_init_tensor: tensor='Vcur-1':type=f32;ne=[256, 64, 1, 1];nb=[4, 1024, 65536, 65536]
[SYCL] call ggml_backend_sycl_buffer_init_tensor: tensor='Vcur-1':type=f32;ne=[256, 64, 1, 1];nb=[4, 1024, 65536, 65536]
[SYCL] call ggml_backend_sycl_buffer_init_tensor: tensor='Vcur-1':type=f32;ne=[128, 2, 64, 1];nb=[4, 512, 1024, 65536]
[SYCL] call ggml_backend_sycl_buffer_init_tensor: tensor='node_58':type=f32;ne=[256, 64, 1, 1];nb=[4, 1024, 65536, 65536]
[SYCL] call ggml_backend_sycl_buffer_init_tensor: tensor='Kcur-1':type=f32;ne=[256, 64, 1, 1];nb=[4, 1024, 65536, 65536]
[SYCL] call ggml_backend_sycl_buffer_init_tensor: tensor='Kcur-1':type=f32;ne=[256, 64, 1, 1];nb=[4, 1024, 65536, 65536]
[SYCL] call ggml_backend_sycl_buffer_init_tensor: tensor='Kcur-1':type=f32;ne=[128, 2, 64, 1];nb=[4, 512, 1024, 65536]
[SYCL] call ggml_backend_sycl_buffer_init_tensor: tensor='Kcur-1':type=f32;ne=[128, 2, 64, 1];nb=[4, 512, 1024, 65536]
[SYCL] call ggml_backend_sycl_buffer_init_tensor: tensor='Kcur-1 (view)':type=f32;ne=[256, 64, 1, 1];nb=[4, 1024, 65536, 65536]
[SYCL] call ggml_backend_sycl_buffer_init_tensor: tensor='Vcur-1 (view)':type=f32;ne=[256, 64, 1, 1];nb=[4, 1024, 65536, 65536]
[SYCL] call ggml_backend_sycl_buffer_init_tensor: tensor='Qcur-1 (view)':type=f32;ne=[128, 2, 64, 1];nb=[4, 512, 1024, 65536]
[SYCL] call ggml_backend_sycl_buffer_init_tensor: tensor='Qcur-1 (view) (permuted)':type=f32;ne=[128, 64, 2, 1];nb=[4, 1024, 512, 65536];strided;permuted
[SYCL] call ggml_backend_sycl_buffer_init_tensor: tensor='Qcur-1 (view) (permuted) (copy)':type=f16;ne=[128, 64, 2, 1];nb=[2, 256, 16384, 32768]
[SYCL] call ggml_backend_sycl_buffer_init_tensor: tensor='node_74':type=f32;ne=[128, 2, 64, 1];nb=[4, 512, 1024, 65536]
[SYCL] call ggml_backend_sycl_buffer_init_tensor: tensor='kqv_out-1':type=f32;ne=[256, 64, 1, 1];nb=[4, 1024, 65536, 65536]
[SYCL] call ggml_backend_sycl_buffer_init_tensor: tensor='node_76':type=f32;ne=[256, 64, 1, 1];nb=[4, 1024, 65536, 65536]
[SYCL] call ggml_backend_sycl_buffer_init_tensor: tensor='node_77':type=f32;ne=[256, 64, 1, 1];nb=[4, 1024, 65536, 65536]
[SYCL] call ggml_backend_sycl_buffer_init_tensor: tensor='attn_out-1':type=f32;ne=[256, 64, 1, 1];nb=[4, 1024, 65536, 65536]
[SYCL] call ggml_backend_sycl_buffer_init_tensor: tensor='node_79':type=f32;ne=[256, 64, 1, 1];nb=[4, 1024, 65536, 65536]
[SYCL] call ggml_backend_sycl_buffer_init_tensor: tensor='node_80':type=f32;ne=[256, 64, 1, 1];nb=[4, 1024, 65536, 65536]
[SYCL] call ggml_backend_sycl_buffer_init_tensor: tensor='ffn_inp-1':type=f32;ne=[256, 64, 1, 1];nb=[4, 1024, 65536, 65536]
[SYCL] call ggml_backend_sycl_buffer_init_tensor: tensor='norm-1':type=f32;ne=[256, 64, 1, 1];nb=[4, 1024, 65536, 65536]
[SYCL] call ggml_backend_sycl_buffer_init_tensor: tensor='ffn_norm-1':type=f32;ne=[256, 64, 1, 1];nb=[4, 1024, 65536, 65536]
[SYCL] call ggml_backend_sycl_buffer_init_tensor: tensor='ffn_gate-1':type=f32;ne=[384, 64, 1, 1];nb=[4, 1536, 98304, 98304]
[SYCL] call ggml_backend_sycl_buffer_init_tensor: tensor='ffn_gate_b-1':type=f32;ne=[384, 64, 1, 1];nb=[4, 1536, 98304, 98304]
[SYCL] call ggml_backend_sycl_buffer_init_tensor: tensor='ffn_gate_s-1':type=f32;ne=[384, 64, 1, 1];nb=[4, 1536, 98304, 98304]
[SYCL] call ggml_backend_sycl_buffer_init_tensor: tensor='ffn_up-1':type=f32;ne=[384, 64, 1, 1];nb=[4, 1536, 98304, 98304]
[SYCL] call ggml_backend_sycl_buffer_init_tensor: tensor='ffn_up_b-1':type=f32;ne=[384, 64, 1, 1];nb=[4, 1536, 98304, 98304]
[SYCL] call ggml_backend_sycl_buffer_init_tensor: tensor='ffn_up_s-1':type=f32;ne=[384, 64, 1, 1];nb=[4, 1536, 98304, 98304]
[SYCL] call ggml_backend_sycl_buffer_init_tensor: tensor='ffn_swiglu-1':type=f32;ne=[384, 64, 1, 1];nb=[4, 1536, 98304, 98304]
[SYCL] call ggml_backend_sycl_buffer_init_tensor: tensor='ffn_down-1':type=f32;ne=[256, 64, 1, 1];nb=[4, 1024, 65536, 65536]
[SYCL] call ggml_backend_sycl_buffer_init_tensor: tensor='node_92':type=f32;ne=[256, 64, 1, 1];nb=[4, 1024, 65536, 65536]
[SYCL] call ggml_backend_sycl_buffer_init_tensor: tensor='ffn_out-1':type=f32;ne=[256, 64, 1, 1];nb=[4, 1024, 65536, 65536]
[SYCL] call ggml_backend_sycl_buffer_init_tensor: tensor='l_out-1':type=f32;ne=[256, 64, 1, 1];nb=[4, 1024, 65536, 65536]
[SYCL] call ggml_backend_sycl_buffer_init_tensor: tensor='norm':type=f32;ne=[256, 64, 1, 1];nb=[4, 1024, 65536, 65536]
[SYCL] call ggml_backend_sycl_buffer_init_tensor: tensor='result_norm':type=f32;ne=[256, 64, 1, 1];nb=[4, 1024, 65536, 65536]
[SYCL] call ggml_backend_sycl_buffer_init_tensor: tensor='result_output':type=f32;ne=[128, 64, 1, 1];nb=[4, 512, 32768, 32768]
[DEBUG-GRAPH-COMPUTE] ENTER: backend=0x211a4a10 cgraph=0x21e39eb8
[DEBUG-GRAPH-COMPUTE] sycl_ctx=0x20a89420 device=0
[MEM-HANDLE] released 0 command-graph retained leases
[SYCL] call ggml_backend_sycl_get_device_memory
[MEM-QUERY] dev=0 free=494.5 MB total=32656.0 MB consumed=32161.5 MB
[GRAPH-COMPUTE] device 0 arena scratch=512.0/512.0 MB external_free=494.5 MB / total=32656.0 MB
[DEBUG-GRAPH-COMPUTE] Creating lambda...
[MOE-HYBRID] No MUL_MAT_ID nodes found, MoE hybrid disabled
[DEBUG-GRAPH-COMPUTE] Lambda created
[SYCL-GRAPH] call #3: use_sycl_graph=1, async_mem=0, n_nodes=98, has_exec_graph=0
[DEBUG] About to call ggml_sycl_graph_signature cgraph=0x21e39eb8
[DEBUG-GRAPH-SIG] cgraph=0x21e39eb8 n_nodes=98 n_leafs=0
[DEBUG] graph_hash=501262221122680916
[DEBUG] Checking graph support for device 0...
[DEBUG] graph_support=1
[GRAPH-PRELOAD-WEIGHTS] planner-authoritative residency active; skipping dense preload
[GRAPH-PRELOAD] Planner active: refreshing MoE pointer tables only
[GRAPH-PRELOAD] Preparing MoE pointer tables for graph (nodes=98 device=0)
[SYCL-GRAPH] warmup pass for prompt phase (n_nodes=98, warmed=0)
[DEBUG-IMPL] ENTER graph_compute_impl: n_nodes=98, device=0
[DEBUG-IMPL] Starting node loop, n_nodes=98
[DEBUG-IMPL] Node 0/98: op=40 name=embd
ggml_sycl_get_data_ptr_slow: tensor=inp_tokens, device=0, staging FAILED for non-device (type=0), using tensor->data=0x78d2780ae240
ggml_sycl_get_data_ptr_slow: tensor=inp_tokens, device=0, using tensor->data=0x78d2780ae240
[SYCL][OP] call ggml_sycl_get_rows: dst='embd':type=f32;ne=[256, 64, 1, 1];nb=[4, 1024, 65536, 65536]	src0='token_embd.weight':type=f32;ne=[256, 128, 1, 1];nb=[4, 1024, 131072, 131072]	src1='inp_tokens':type=i32;ne=[64, 1, 1, 1];nb=[4, 256, 256, 256]
[SYCL] weight cache lookup: tensor=0x20db3ea0 name=token_embd.weight device=0
[SYCL][OP] call ggml_sycl_get_rows done
[DEBUG-IMPL] Node 1/98: op=25 name=norm-0
[DEBUG-IMPL] Node 3/98: op=29 name=node_3
[SYCL] simple consumer routing declined: op=MUL_MAT dst=node_3 plan unavailable ctx=0
[DEBUG-MULMAT] ENTER: src0=blk.0.attn_q.weight src1=attn_norm-0 dst=node_3
[SYCL][OP] call ggml_sycl_mul_mat: dst='node_3':type=f32;ne=[256, 64, 1, 1];nb=[4, 1024, 65536, 65536]	src0='blk.0.attn_q.weight':type=f32;ne=[256, 256, 1, 1];nb=[4, 1024, 262144, 262144]	src1='attn_norm-0':type=f32;ne=[256, 64, 1, 1];nb=[4, 1024, 65536, 65536]
[XMXConfig] device=0: M=8 N=16 K_INT8=32 K_FP16=16 SLM=131072 nsm=256 supported=1 int8=1 fp16=1 double_buf=1 max_esimd_wg=64 nbarrier=0 esimd_dpas=1
[MUL_MAT] src0 device=0 ptr=0xffffd556b68c8500 (tensor=blk.0.attn_q.weight layout=0)
[MUL_MAT] dst device=0 ptr=0xffffd55e47cbc000 (tensor=node_3)
[SYCL] weight cache lookup: tensor=0x20db44e0 name=blk.0.attn_q.weight device=0
[SYCL][OP] call ggml_sycl_mul_mat done
[DEBUG-IMPL] Node 4/98: op=7 name=Qcur-0
[DEBUG-IMPL] Node 6/98: op=36 name=Qcur-0
[DEBUG-IMPL] Node 7/98: op=49 name=Qcur-0
ggml_sycl_get_data_ptr_slow: tensor=leaf_7, device=0, staging FAILED for non-device (type=0), using tensor->data=0x78d2780be340
ggml_sycl_get_data_ptr_slow: tensor=leaf_7, device=0, using tensor->data=0x78d2780be340
[SYCL] simple consumer routing declined: op=ROPE dst=Qcur-0 local single-device plan ctx=0 target=0
[SYCL][OP] call ggml_sycl_rope: dst='Qcur-0':type=f32;ne=[128, 2, 64, 1];nb=[4, 512, 1024, 65536]	src0='Qcur-0':type=f32;ne=[128, 2, 64, 1];nb=[4, 512, 1024, 65536]	src1='leaf_7':type=i32;ne=[64, 1, 1, 1];nb=[4, 256, 256, 256]	src2='rope_freqs.weight':type=f32;ne=[64, 1, 1, 1];nb=[4, 256, 256, 256]
ggml_sycl_op_rope: norm path
[SYCL][OP] call ggml_sycl_rope done
[DEBUG-IMPL] Node 8/98: op=29 name=node_8
[SYCL] simple consumer routing declined: op=MUL_MAT dst=node_8 plan unavailable ctx=0
[DEBUG-MULMAT] ENTER: src0=blk.0.attn_v.weight src1=attn_norm-0 dst=node_8
[SYCL][OP] call ggml_sycl_mul_mat: dst='node_8':type=f32;ne=[256, 64, 1, 1];nb=[4, 1024, 65536, 65536]	src0='blk.0.attn_v.weight':type=f32;ne=[256, 256, 1, 1];nb=[4, 1024, 262144, 262144]	src1='attn_norm-0':type=f32;ne=[256, 64, 1, 1];nb=[4, 1024, 65536, 65536]
[XMXConfig] device=0: M=8 N=16 K_INT8=32 K_FP16=16 SLM=131072 nsm=256 supported=1 int8=1 fp16=1 double_buf=1 max_esimd_wg=64 nbarrier=0 esimd_dpas=1
[MUL_MAT] src0 device=0 ptr=0xffffd556b6948500 (tensor=blk.0.attn_v.weight layout=0)
[MUL_MAT] dst device=0 ptr=0xffffd55e47cbc000 (tensor=node_8)
[SYCL] weight cache lookup: tensor=0x20db4800 name=blk.0.attn_v.weight device=0
[SYCL][OP] call ggml_sycl_mul_mat done
[DEBUG-IMPL] Node 9/98: op=7 name=Vcur-0
[DEBUG-IMPL] Node 11/98: op=36 name=Vcur-0
[DEBUG-IMPL] Node 12/98: op=29 name=node_12
[SYCL] simple consumer routing declined: op=MUL_MAT dst=node_12 plan unavailable ctx=0
[DEBUG-MULMAT] ENTER: src0=blk.0.attn_k.weight src1=attn_norm-0 dst=node_12
[SYCL][OP] call ggml_sycl_mul_mat: dst='node_12':type=f32;ne=[256, 64, 1, 1];nb=[4, 1024, 65536, 65536]	src0='blk.0.attn_k.weight':type=f32;ne=[256, 256, 1, 1];nb=[4, 1024, 262144, 262144]	src1='attn_norm-0':type=f32;ne=[256, 64, 1, 1];nb=[4, 1024, 65536, 65536]
[XMXConfig] device=0: M=8 N=16 K_INT8=32 K_FP16=16 SLM=131072 nsm=256 supported=1 int8=1 fp16=1 double_buf=1 max_esimd_wg=64 nbarrier=0 esimd_dpas=1
[MUL_MAT] src0 device=0 ptr=0xffffd556b6908500 (tensor=blk.0.attn_k.weight layout=0)
[MUL_MAT] dst device=0 ptr=0xffffd55e47cdc000 (tensor=node_12)
[SYCL] weight cache lookup: tensor=0x20db4670 name=blk.0.attn_k.weight device=0
[SYCL][OP] call ggml_sycl_mul_mat done
[DEBUG-IMPL] Node 13/98: op=7 name=Kcur-0
[DEBUG-IMPL] Node 15/98: op=36 name=Kcur-0
[DEBUG-IMPL] Node 16/98: op=49 name=Kcur-0
[SYCL] simple consumer routing declined: op=ROPE dst=Kcur-0 local single-device plan ctx=0 target=0
[SYCL][OP] call ggml_sycl_rope: dst='Kcur-0':type=f32;ne=[128, 2, 64, 1];nb=[4, 512, 1024, 65536]	src0='Kcur-0':type=f32;ne=[128, 2, 64, 1];nb=[4, 512, 1024, 65536]	src1='leaf_7':type=i32;ne=[64, 1, 1, 1];nb=[4, 256, 256, 256]	src2='rope_freqs.weight':type=f32;ne=[64, 1, 1, 1];nb=[4, 256, 256, 256]
ggml_sycl_op_rope: norm path
[SYCL][OP] call ggml_sycl_rope done
[DEBUG-IMPL] Node 17/98: op=37 name=Kcur-0 (view)
[DEBUG-IMPL] Node 18/98: op=42 name=cache_k_l0 (view)
ggml_sycl_get_data_ptr_slow: tensor=leaf_15, device=0, staging FAILED for non-device (type=0), using tensor->data=0x78d2780be440
ggml_sycl_get_data_ptr_slow: tensor=leaf_15, device=0, using tensor->data=0x78d2780be440
[SYCL] simple consumer routing declined: op=SET_ROWS dst=cache_k_l0 (view) plan unavailable ctx=0
[SYCL][OP] call ggml_sycl_op_set_rows: dst='cache_k_l0 (view)':type=f16;ne=[256, 256, 1, 1];nb=[2, 512, 131072, 131072]	src0='Kcur-0 (view)':type=f32;ne=[256, 64, 1, 1];nb=[4, 1024, 65536, 65536]	src1='leaf_15':type=i64;ne=[64, 1, 1, 1];nb=[8, 512, 512, 512]
[SYCL][OP] call ggml_sycl_op_set_rows done
[DEBUG-IMPL] Node 19/98: op=37 name=Vcur-0 (view)
[DEBUG-IMPL] Node 20/98: op=42 name=cache_v_l0 (view)
ggml_sycl_get_data_ptr_slow: tensor=leaf_17, device=0, staging FAILED for non-device (type=0), using tensor->data=0x78d2780be640
ggml_sycl_get_data_ptr_slow: tensor=leaf_17, device=0, using tensor->data=0x78d2780be640
[SYCL] simple consumer routing declined: op=SET_ROWS dst=cache_v_l0 (view) plan unavailable ctx=0
[SYCL][OP] call ggml_sycl_op_set_rows: dst='cache_v_l0 (view)':type=f16;ne=[256, 256, 1, 1];nb=[2, 512, 131072, 131072]	src0='Vcur-0 (view)':type=f32;ne=[256, 64, 1, 1];nb=[4, 1024, 65536, 65536]	src1='leaf_17':type=i64;ne=[64, 1, 1, 1];nb=[8, 512, 512, 512]
[SYCL][OP] call ggml_sycl_op_set_rows done
[DEBUG-IMPL] Node 21/98: op=37 name=Qcur-0 (view)
[DEBUG-IMPL] Node 22/98: op=38 name=Qcur-0 (view) (permuted)
[DEBUG-IMPL] Node 23/98: op=34 name=Qcur-0 (view) (permuted) (copy)
[SYCL] simple consumer routing declined: op=CPY dst=Qcur-0 (view) (permuted) (copy) local single-device plan ctx=0 target=0
[SYCL][OP] call ggml_sycl_cpy: dst='Qcur-0 (view) (permuted) (copy)':type=f16;ne=[128, 64, 2, 1];nb=[2, 256, 16384, 32768]	src0='Qcur-0 (view) (permuted)':type=f32;ne=[128, 64, 2, 1];nb=[4, 1024, 512, 65536];strided;permuted
[CPY] device=0 main_stream=0x1d26bec0 tp_queue=(nil) (match=0)
[CPY DEBUG] device=0 src0=Qcur-0 (view) (permuted)(0xffffd55e47ccc000, usm=1) -> src1=Qcur-0 (view) (permuted) (copy)(0xffffd55e47cac000, usm=1) size=65536
[CPY STAGING CHECK] device=0 needs_staging=0 src0_type=1 dst_is_device=1
[SYCL][OP] call ggml_sycl_cpy done
[DEBUG-IMPL] Node 24/98: op=37 name=cache_k_l0 (view)
[DEBUG-IMPL] Node 25/98: op=38 name=cache_k_l0 (view) (permuted)
[DEBUG-IMPL] Node 26/98: op=37 name=cache_v_l0 (view)
[DEBUG-IMPL] Node 27/98: op=38 name=cache_v_l0 (view) (permuted)
[DEBUG-IMPL] Node 28/98: op=75 name=node_28
ggml_sycl_get_data_ptr_slow: tensor=attn_inp_kq_mask, device=0, staging FAILED for non-device (type=0), using tensor->data=0x78d2780be840
ggml_sycl_get_data_ptr_slow: tensor=attn_inp_kq_mask, device=0, using tensor->data=0x78d2780be840
[SYCL] simple consumer routing declined: op=FLASH_ATTN_EXT dst=node_28 plan unavailable ctx=0
ggml_sycl_get_data_ptr_slow: tensor=Qcur-0 (view) (permuted) (copy), device=1, rejecting tensor->data=0xffffd55e47cac000 owned by device 0
ggml_sycl_get_data_ptr_slow: tensor=node_28, device=1, rejecting tensor->data=0xffffd55e47cb4000 owned by device 0
[DEBUG-IMPL] Node 29/98: op=36 name=kqv_out-0
[DEBUG-IMPL] Node 30/98: op=29 name=node_30
[SYCL] simple consumer routing declined: op=MUL_MAT dst=node_30 plan unavailable ctx=0
[DEBUG-MULMAT] ENTER: src0=blk.0.attn_output.weight src1=kqv_out-0 dst=node_30
[SYCL][OP] call ggml_sycl_mul_mat: dst='node_30':type=f32;ne=[256, 64, 1, 1];nb=[4, 1024, 65536, 65536]	src0='blk.0.attn_output.weight':type=f32;ne=[256, 256, 1, 1];nb=[4, 1024, 262144, 262144]	src1='kqv_out-0':type=f32;ne=[256, 64, 1, 1];nb=[4, 1024, 65536, 65536]
[XMXConfig] device=0: M=8 N=16 K_INT8=32 K_FP16=16 SLM=131072 nsm=256 supported=1 int8=1 fp16=1 double_buf=1 max_esimd_wg=64 nbarrier=0 esimd_dpas=1
[MUL_MAT] src0 device=0 ptr=0xffffd556b6988500 (tensor=blk.0.attn_output.weight layout=0)
[MUL_MAT] dst device=0 ptr=0xffffd55e47cc4000 (tensor=node_30)
[SYCL] weight cache lookup: tensor=0x20db4e40 name=blk.0.attn_output.weight device=0
[SYCL][OP] call ggml_sycl_mul_mat done
[DEBUG-IMPL] Node 31/98: op=7 name=node_31
[DEBUG-IMPL] Node 33/98: op=2 name=ffn_inp-0
[DEBUG-IMPL] Node 35/98: op=7 name=ffn_norm-0
[SYCL] simple consumer routing declined: op=MUL dst=ffn_norm-0 local single-device plan ctx=0 target=0
[SYCL][OP] call ggml_sycl_mul: dst='ffn_norm-0':type=f32;ne=[256, 64, 1, 1];nb=[4, 1024, 65536, 65536]	src0='norm-0':type=f32;ne=[256, 64, 1, 1];nb=[4, 1024, 65536, 65536]	src1='blk.0.ffn_norm.weight':type=f32;ne=[256, 1, 1, 1];nb=[4, 1024, 1024, 1024]
[BINBCAST-PTR] src0=norm-0 src0_host=0xffffd55e47c9c000 src0_d=0xffffd55e47c9c000
[BINBCAST-PTR] src1=blk.0.ffn_norm.weight src1_host=0x78d277d6a140 src1_d=0xffffd556b68a7900
[SYCL][OP] call ggml_sycl_mul done
[DEBUG-IMPL] Node 36/98: op=29 name=ffn_gate-0
[SYCL] simple consumer routing declined: op=MUL_MAT dst=ffn_gate-0 plan unavailable ctx=0
[DEBUG-MULMAT] ENTER: src0=blk.0.ffn_gate.weight src1=ffn_norm-0 dst=ffn_gate-0
[SYCL][OP] call ggml_sycl_mul_mat: dst='ffn_gate-0':type=f32;ne=[384, 64, 1, 1];nb=[4, 1536, 98304, 98304]	src0='blk.0.ffn_gate.weight':type=f32;ne=[256, 384, 1, 1];nb=[4, 1024, 393216, 393216]	src1='ffn_norm-0':type=f32;ne=[256, 64, 1, 1];nb=[4, 1024, 65536, 65536]
[XMXConfig] device=0: M=8 N=16 K_INT8=32 K_FP16=16 SLM=131072 nsm=256 supported=1 int8=1 fp16=1 double_buf=1 max_esimd_wg=64 nbarrier=0 esimd_dpas=1
[MUL_MAT] src0 device=0 ptr=0xffffd556b6acb600 (tensor=blk.0.ffn_gate.weight layout=0)
[MUL_MAT] dst device=0 ptr=0xffffd55e47cac000 (tensor=ffn_gate-0)
[SYCL] weight cache lookup: tensor=0x20db5480 name=blk.0.ffn_gate.weight device=0
[SYCL][OP] call ggml_sycl_mul_mat done
[DEBUG-IMPL] Node 37/98: op=2 name=ffn_gate_b-0
[SYCL] simple consumer routing declined: op=ADD dst=ffn_gate_b-0 local single-device plan ctx=0 target=0
[SYCL-ADD-DBG] ADD dst: name=ffn_gate_b-0 type=f32 op=ADD ne=[384,64,1,1] nb=[4,1536,98304,98304] contig=1 data=0xffffd55e47cac000 view_src=none view_offs=0 layout_mode=none layout_ptr=(nil) layout_size=0
[SYCL-ADD-DBG] ADD src0: name=ffn_gate-0 type=f32 op=MUL_MAT ne=[384,64,1,1] nb=[4,1536,98304,98304] contig=1 data=0xffffd55e47cac000 view_src=none view_offs=0 layout_mode=none layout_ptr=(nil) layout_size=0
[SYCL-ADD-DBG] ADD src1: name=blk.0.ffn_gate.bias type=f32 op=NONE ne=[384,1,1,1] nb=[4,1536,1536,1536] contig=1 data=0x78d277e8a640 view_src=none view_offs=0 layout_mode=aos layout_ptr=(nil) layout_size=1536
[SYCL][OP] call ggml_sycl_add: dst='ffn_gate_b-0':type=f32;ne=[384, 64, 1, 1];nb=[4, 1536, 98304, 98304]	src0='ffn_gate-0':type=f32;ne=[384, 64, 1, 1];nb=[4, 1536, 98304, 98304]	src1='blk.0.ffn_gate.bias':type=f32;ne=[384, 1, 1, 1];nb=[4, 1536, 1536, 1536]
[SYCL-ADD-DBG] ADD src0: name=ffn_gate-0 type=f32 ne=[384,64,1,1] nb=[4,1536,98304,98304] contig=1 data=0xffffd55e47cac000 view_src=none view_offs=0 layout_mode=none layout_ptr=(nil) layout_size=0
[SYCL-ADD-DBG] ADD src1: name=blk.0.ffn_gate.bias type=f32 ne=[384,1,1,1] nb=[4,1536,1536,1536] contig=1 data=0x78d277e8a640 view_src=none view_offs=0 layout_mode=aos layout_ptr=(nil) layout_size=1536
[SYCL-ADD-DBG] ADD dst: name=ffn_gate_b-0 type=f32 ne=[384,64,1,1] nb=[4,1536,98304,98304] contig=1 data=0xffffd55e47cac000 view_src=none view_offs=0 layout_mode=none layout_ptr=(nil) layout_size=0
[BINBCAST-PTR] src0=ffn_gate-0 src0_host=0xffffd55e47cac000 src0_d=0xffffd55e47cac000
[BINBCAST-PTR] src1=blk.0.ffn_gate.bias src1_host=0x78d277e8a640 src1_d=0xffffd556b6beb600
[SYCL][OP] call ggml_sycl_add done
[DEBUG-IMPL] Node 38/98: op=7 name=ffn_gate_s-0
[SYCL] simple consumer routing declined: op=MUL dst=ffn_gate_s-0 local single-device plan ctx=0 target=0
[SYCL][OP] call ggml_sycl_mul: dst='ffn_gate_s-0':type=f32;ne=[384, 64, 1, 1];nb=[4, 1536, 98304, 98304]	src0='ffn_gate_b-0':type=f32;ne=[384, 64, 1, 1];nb=[4, 1536, 98304, 98304]	src1='blk.0.ffn_gate.scale':type=f32;ne=[1, 1, 1, 1];nb=[4, 4, 4, 4]
[BINBCAST-PTR] src0=ffn_gate_b-0 src0_host=0xffffd55e47cac000 src0_d=0xffffd55e47cac000
[BINBCAST-PTR] src1=blk.0.ffn_gate.scale src1_host=0x78d2780adec0 src1_d=0xffffd556b6bec600
[SYCL][OP] call ggml_sycl_mul done
[DEBUG-IMPL] Node 39/98: op=29 name=ffn_up-0
[SYCL] simple consumer routing declined: op=MUL_MAT dst=ffn_up-0 plan unavailable ctx=0
[DEBUG-MULMAT] ENTER: src0=blk.0.ffn_up.weight src1=ffn_norm-0 dst=ffn_up-0
[SYCL][OP] call ggml_sycl_mul_mat: dst='ffn_up-0':type=f32;ne=[384, 64, 1, 1];nb=[4, 1536, 98304, 98304]	src0='blk.0.ffn_up.weight':type=f32;ne=[256, 384, 1, 1];nb=[4, 1024, 393216, 393216]	src1='ffn_norm-0':type=f32;ne=[256, 64, 1, 1];nb=[4, 1024, 65536, 65536]
[XMXConfig] device=0: M=8 N=16 K_INT8=32 K_FP16=16 SLM=131072 nsm=256 supported=1 int8=1 fp16=1 double_buf=1 max_esimd_wg=64 nbarrier=0 esimd_dpas=1
[MUL_MAT] src0 device=0 ptr=0xffffd556b6b8b600 (tensor=blk.0.ffn_up.weight layout=0)
[MUL_MAT] dst device=0 ptr=0xffffd55e47cd4000 (tensor=ffn_up-0)
[SYCL] weight cache lookup: tensor=0x20db57a0 name=blk.0.ffn_up.weight device=0
[SYCL][OP] call ggml_sycl_mul_mat done
[DEBUG-IMPL] Node 40/98: op=2 name=ffn_up_b-0
[SYCL] simple consumer routing declined: op=ADD dst=ffn_up_b-0 local single-device plan ctx=0 target=0
[SYCL-ADD-DBG] ADD dst: name=ffn_up_b-0 type=f32 op=ADD ne=[384,64,1,1] nb=[4,1536,98304,98304] contig=1 data=0xffffd55e47cd4000 view_src=none view_offs=0 layout_mode=none layout_ptr=(nil) layout_size=0
[SYCL-ADD-DBG] ADD src0: name=ffn_up-0 type=f32 op=MUL_MAT ne=[384,64,1,1] nb=[4,1536,98304,98304] contig=1 data=0xffffd55e47cd4000 view_src=none view_offs=0 layout_mode=none layout_ptr=(nil) layout_size=0
[SYCL-ADD-DBG] ADD src1: name=blk.0.ffn_up.bias type=f32 op=NONE ne=[384,1,1,1] nb=[4,1536,1536,1536] contig=1 data=0x78d277e8b040 view_src=none view_offs=0 layout_mode=aos layout_ptr=(nil) layout_size=1536
[SYCL][OP] call ggml_sycl_add: dst='ffn_up_b-0':type=f32;ne=[384, 64, 1, 1];nb=[4, 1536, 98304, 98304]	src0='ffn_up-0':type=f32;ne=[384, 64, 1, 1];nb=[4, 1536, 98304, 98304]	src1='blk.0.ffn_up.bias':type=f32;ne=[384, 1, 1, 1];nb=[4, 1536, 1536, 1536]
[SYCL-ADD-DBG] ADD src0: name=ffn_up-0 type=f32 ne=[384,64,1,1] nb=[4,1536,98304,98304] contig=1 data=0xffffd55e47cd4000 view_src=none view_offs=0 layout_mode=none layout_ptr=(nil) layout_size=0
[SYCL-ADD-DBG] ADD src1: name=blk.0.ffn_up.bias type=f32 ne=[384,1,1,1] nb=[4,1536,1536,1536] contig=1 data=0x78d277e8b040 view_src=none view_offs=0 layout_mode=aos layout_ptr=(nil) layout_size=1536
[SYCL-ADD-DBG] ADD dst: name=ffn_up_b-0 type=f32 ne=[384,64,1,1] nb=[4,1536,98304,98304] contig=1 data=0xffffd55e47cd4000 view_src=none view_offs=0 layout_mode=none layout_ptr=(nil) layout_size=0
[BINBCAST-PTR] src0=ffn_up-0 src0_host=0xffffd55e47cd4000 src0_d=0xffffd55e47cd4000
[BINBCAST-PTR] src1=blk.0.ffn_up.bias src1_host=0x78d277e8b040 src1_d=0xffffd556b6bebc00
[SYCL][OP] call ggml_sycl_add done
[DEBUG-IMPL] Node 41/98: op=7 name=ffn_up_s-0
[SYCL] simple consumer routing declined: op=MUL dst=ffn_up_s-0 local single-device plan ctx=0 target=0
[SYCL][OP] call ggml_sycl_mul: dst='ffn_up_s-0':type=f32;ne=[384, 64, 1, 1];nb=[4, 1536, 98304, 98304]	src0='ffn_up_b-0':type=f32;ne=[384, 64, 1, 1];nb=[4, 1536, 98304, 98304]	src1='blk.0.ffn_up.scale':type=f32;ne=[1, 1, 1, 1];nb=[4, 4, 4, 4]
[BINBCAST-PTR] src0=ffn_up_b-0 src0_host=0xffffd55e47cd4000 src0_d=0xffffd55e47cd4000
[BINBCAST-PTR] src1=blk.0.ffn_up.scale src1_host=0x78d2780adf00 src1_d=0xffffd556b6beca00
[SYCL][OP] call ggml_sycl_mul done
[DEBUG-IMPL] Node 42/98: op=97 name=ffn_swiglu-0
[SYCL] simple consumer routing declined: op=GLU dst=ffn_swiglu-0 local single-device plan ctx=0 target=0
[SYCL][OP] call ggml_sycl_swiglu: dst='ffn_swiglu-0':type=f32;ne=[384, 64, 1, 1];nb=[4, 1536, 98304, 98304]	src0='ffn_gate_s-0':type=f32;ne=[384, 64, 1, 1];nb=[4, 1536, 98304, 98304]
[SYCL][OP] call ggml_sycl_swiglu done
[DEBUG-IMPL] Node 43/98: op=29 name=ffn_down-0
[SYCL] simple consumer routing declined: op=MUL_MAT dst=ffn_down-0 plan unavailable ctx=0
[DEBUG-MULMAT] ENTER: src0=blk.0.ffn_down.weight src1=ffn_swiglu-0 dst=ffn_down-0
[SYCL][OP] call ggml_sycl_mul_mat: dst='ffn_down-0':type=f32;ne=[256, 64, 1, 1];nb=[4, 1024, 65536, 65536]	src0='blk.0.ffn_down.weight':type=f32;ne=[384, 256, 1, 1];nb=[4, 1536, 393216, 393216]	src1='ffn_swiglu-0':type=f32;ne=[384, 64, 1, 1];nb=[4, 1536, 98304, 98304]
[XMXConfig] device=0: M=8 N=16 K_INT8=32 K_FP16=16 SLM=131072 nsm=256 supported=1 int8=1 fp16=1 double_buf=1 max_esimd_wg=64 nbarrier=0 esimd_dpas=1
[MUL_MAT] src0 device=0 ptr=0xffffd556b6b2b600 (tensor=blk.0.ffn_down.weight layout=0)
[MUL_MAT] dst device=0 ptr=0xffffd55e47cd4000 (tensor=ffn_down-0)
[SYCL] weight cache lookup: tensor=0x20db5610 name=blk.0.ffn_down.weight device=0
[SYCL][OP] call ggml_sycl_mul_mat done
[DEBUG-IMPL] Node 44/98: op=2 name=node_44
[SYCL] simple consumer routing declined: op=ADD dst=node_44 local single-device plan ctx=0 target=0
[SYCL-ADD-DBG] ADD dst: name=node_44 type=f32 op=ADD ne=[256,64,1,1] nb=[4,1024,65536,65536] contig=1 data=0xffffd55e47cd4000 view_src=none view_offs=0 layout_mode=none layout_ptr=(nil) layout_size=0
[SYCL-ADD-DBG] ADD src0: name=ffn_down-0 type=f32 op=MUL_MAT ne=[256,64,1,1] nb=[4,1024,65536,65536] contig=1 data=0xffffd55e47cd4000 view_src=none view_offs=0 layout_mode=none layout_ptr=(nil) layout_size=0
[SYCL-ADD-DBG] ADD src1: name=blk.0.ffn_down.bias type=f32 op=NONE ne=[256,1,1,1] nb=[4,1024,1024,1024] contig=1 data=0x78d277e8ac40 view_src=none view_offs=0 layout_mode=aos layout_ptr=(nil) layout_size=1024
[SYCL][OP] call ggml_sycl_add: dst='node_44':type=f32;ne=[256, 64, 1, 1];nb=[4, 1024, 65536, 65536]	src0='ffn_down-0':type=f32;ne=[256, 64, 1, 1];nb=[4, 1024, 65536, 65536]	src1='blk.0.ffn_down.bias':type=f32;ne=[256, 1, 1, 1];nb=[4, 1024, 1024, 1024]
[SYCL-ADD-DBG] ADD src0: name=ffn_down-0 type=f32 ne=[256,64,1,1] nb=[4,1024,65536,65536] contig=1 data=0xffffd55e47cd4000 view_src=none view_offs=0 layout_mode=none layout_ptr=(nil) layout_size=0
[SYCL-ADD-DBG] ADD src1: name=blk.0.ffn_down.bias type=f32 ne=[256,1,1,1] nb=[4,1024,1024,1024] contig=1 data=0x78d277e8ac40 view_src=none view_offs=0 layout_mode=aos layout_ptr=(nil) layout_size=1024
[SYCL-ADD-DBG] ADD dst: name=node_44 type=f32 ne=[256,64,1,1] nb=[4,1024,65536,65536] contig=1 data=0xffffd55e47cd4000 view_src=none view_offs=0 layout_mode=none layout_ptr=(nil) layout_size=0
[BINBCAST-PTR] src0=ffn_down-0 src0_host=0xffffd55e47cd4000 src0_d=0xffffd55e47cd4000
[BINBCAST-PTR] src1=blk.0.ffn_down.bias src1_host=0x78d277e8ac40 src1_d=0xffffd556b6bec200
[SYCL][OP] call ggml_sycl_add done
[DEBUG-IMPL] Node 45/98: op=7 name=ffn_out-0
[SYCL] simple consumer routing declined: op=MUL dst=ffn_out-0 local single-device plan ctx=0 target=0
[SYCL][OP] call ggml_sycl_mul: dst='ffn_out-0':type=f32;ne=[256, 64, 1, 1];nb=[4, 1024, 65536, 65536]	src0='node_44':type=f32;ne=[256, 64, 1, 1];nb=[4, 1024, 65536, 65536]	src1='blk.0.ffn_down.scale':type=f32;ne=[1, 1, 1, 1];nb=[4, 4, 4, 4]
[BINBCAST-PTR] src0=node_44 src0_host=0xffffd55e47cd4000 src0_d=0xffffd55e47cd4000
[BINBCAST-PTR] src1=blk.0.ffn_down.scale src1_host=0x78d2780adee0 src1_d=0xffffd556b6becb00
[SYCL][OP] call ggml_sycl_mul done
[DEBUG-IMPL] Node 46/98: op=2 name=l_out-0
[DEBUG-IMPL] Node 48/98: op=7 name=attn_norm-1
[SYCL] simple consumer routing declined: op=MUL dst=attn_norm-1 local single-device plan ctx=0 target=0
[SYCL][OP] call ggml_sycl_mul: dst='attn_norm-1':type=f32;ne=[256, 64, 1, 1];nb=[4, 1024, 65536, 65536]	src0='norm-1':type=f32;ne=[256, 64, 1, 1];nb=[4, 1024, 65536, 65536]	src1='blk.1.attn_norm.weight':type=f32;ne=[256, 1, 1, 1];nb=[4, 1024, 1024, 1024]
[BINBCAST-PTR] src0=norm-1 src0_host=0xffffd55e47c9c000 src0_d=0xffffd55e47c9c000
[BINBCAST-PTR] src1=blk.1.attn_norm.weight src1_host=0x78d277e8b640 src1_d=0xffffd556b68a7d00
[SYCL][OP] call ggml_sycl_mul done
[DEBUG-IMPL] Node 49/98: op=29 name=node_49
[SYCL] simple consumer routing declined: op=MUL_MAT dst=node_49 plan unavailable ctx=0
[DEBUG-MULMAT] ENTER: src0=blk.1.attn_q.weight src1=attn_norm-1 dst=node_49
[SYCL][OP] call ggml_sycl_mul_mat: dst='node_49':type=f32;ne=[256, 64, 1, 1];nb=[4, 1024, 65536, 65536]	src0='blk.1.attn_q.weight':type=f32;ne=[256, 256, 1, 1];nb=[4, 1024, 262144, 262144]	src1='attn_norm-1':type=f32;ne=[256, 64, 1, 1];nb=[4, 1024, 65536, 65536]
[XMXConfig] device=0: M=8 N=16 K_INT8=32 K_FP16=16 SLM=131072 nsm=256 supported=1 int8=1 fp16=1 double_buf=1 max_esimd_wg=64 nbarrier=0 esimd_dpas=1
[MUL_MAT] src0 device=0 ptr=0xffffd556b69c9d00 (tensor=blk.1.attn_q.weight layout=0)
[MUL_MAT] dst device=0 ptr=0xffffd55e47cac000 (tensor=node_49)
[SYCL] weight cache lookup: tensor=0x20db5f70 name=blk.1.attn_q.weight device=0
[SYCL][OP] call ggml_sycl_mul_mat done
[DEBUG-IMPL] Node 50/98: op=7 name=Qcur-1
[DEBUG-IMPL] Node 52/98: op=36 name=Qcur-1
[DEBUG-IMPL] Node 53/98: op=49 name=Qcur-1
[SYCL] simple consumer routing declined: op=ROPE dst=Qcur-1 local single-device plan ctx=0 target=0
[SYCL][OP] call ggml_sycl_rope: dst='Qcur-1':type=f32;ne=[128, 2, 64, 1];nb=[4, 512, 1024, 65536]	src0='Qcur-1':type=f32;ne=[128, 2, 64, 1];nb=[4, 512, 1024, 65536]	src1='leaf_7':type=i32;ne=[64, 1, 1, 1];nb=[4, 256, 256, 256]	src2='rope_freqs.weight':type=f32;ne=[64, 1, 1, 1];nb=[4, 256, 256, 256]
ggml_sycl_op_rope: norm path
[SYCL][OP] call ggml_sycl_rope done
[DEBUG-IMPL] Node 54/98: op=29 name=node_54
[SYCL] simple consumer routing declined: op=MUL_MAT dst=node_54 plan unavailable ctx=0
[DEBUG-MULMAT] ENTER: src0=blk.1.attn_v.weight src1=attn_norm-1 dst=node_54
[SYCL][OP] call ggml_sycl_mul_mat: dst='node_54':type=f32;ne=[256, 64, 1, 1];nb=[4, 1024, 65536, 65536]	src0='blk.1.attn_v.weight':type=f32;ne=[256, 256, 1, 1];nb=[4, 1024, 262144, 262144]	src1='attn_norm-1':type=f32;ne=[256, 64, 1, 1];nb=[4, 1024, 65536, 65536]
[XMXConfig] device=0: M=8 N=16 K_INT8=32 K_FP16=16 SLM=131072 nsm=256 supported=1 int8=1 fp16=1 double_buf=1 max_esimd_wg=64 nbarrier=0 esimd_dpas=1
[MUL_MAT] src0 device=0 ptr=0xffffd556b6a49d00 (tensor=blk.1.attn_v.weight layout=0)
[MUL_MAT] dst device=0 ptr=0xffffd55e47cac000 (tensor=node_54)
[SYCL] weight cache lookup: tensor=0x20db6290 name=blk.1.attn_v.weight device=0
[SYCL][OP] call ggml_sycl_mul_mat done
[DEBUG-IMPL] Node 55/98: op=7 name=Vcur-1
[DEBUG-IMPL] Node 57/98: op=36 name=Vcur-1
[DEBUG-IMPL] Node 58/98: op=29 name=node_58
[SYCL] simple consumer routing declined: op=MUL_MAT dst=node_58 plan unavailable ctx=0
[DEBUG-MULMAT] ENTER: src0=blk.1.attn_k.weight src1=attn_norm-1 dst=node_58
[SYCL][OP] call ggml_sycl_mul_mat: dst='node_58':type=f32;ne=[256, 64, 1, 1];nb=[4, 1024, 65536, 65536]	src0='blk.1.attn_k.weight':type=f32;ne=[256, 256, 1, 1];nb=[4, 1024, 262144, 262144]	src1='attn_norm-1':type=f32;ne=[256, 64, 1, 1];nb=[4, 1024, 65536, 65536]
[XMXConfig] device=0: M=8 N=16 K_INT8=32 K_FP16=16 SLM=131072 nsm=256 supported=1 int8=1 fp16=1 double_buf=1 max_esimd_wg=64 nbarrier=0 esimd_dpas=1
[MUL_MAT] src0 device=0 ptr=0xffffd556b6a09d00 (tensor=blk.1.attn_k.weight layout=0)
[MUL_MAT] dst device=0 ptr=0xffffd55e47ce4000 (tensor=node_58)
[SYCL] weight cache lookup: tensor=0x20db6100 name=blk.1.attn_k.weight device=0
[SYCL][OP] call ggml_sycl_mul_mat done
[DEBUG-IMPL] Node 59/98: op=7 name=Kcur-1
[DEBUG-IMPL] Node 61/98: op=36 name=Kcur-1
[DEBUG-IMPL] Node 62/98: op=49 name=Kcur-1
[SYCL] simple consumer routing declined: op=ROPE dst=Kcur-1 local single-device plan ctx=0 target=0
[SYCL][OP] call ggml_sycl_rope: dst='Kcur-1':type=f32;ne=[128, 2, 64, 1];nb=[4, 512, 1024, 65536]	src0='Kcur-1':type=f32;ne=[128, 2, 64, 1];nb=[4, 512, 1024, 65536]	src1='leaf_7':type=i32;ne=[64, 1, 1, 1];nb=[4, 256, 256, 256]	src2='rope_freqs.weight':type=f32;ne=[64, 1, 1, 1];nb=[4, 256, 256, 256]
ggml_sycl_op_rope: norm path
[SYCL][OP] call ggml_sycl_rope done
[DEBUG-IMPL] Node 63/98: op=37 name=Kcur-1 (view)
[DEBUG-IMPL] Node 64/98: op=42 name=cache_k_l1 (view)
[SYCL] simple consumer routing declined: op=SET_ROWS dst=cache_k_l1 (view) plan unavailable ctx=0
[SYCL][OP] call ggml_sycl_op_set_rows: dst='cache_k_l1 (view)':type=f16;ne=[256, 256, 1, 1];nb=[2, 512, 131072, 131072]	src0='Kcur-1 (view)':type=f32;ne=[256, 64, 1, 1];nb=[4, 1024, 65536, 65536]	src1='leaf_15':type=i64;ne=[64, 1, 1, 1];nb=[8, 512, 512, 512]
[SYCL][OP] call ggml_sycl_op_set_rows done
[DEBUG-IMPL] Node 65/98: op=37 name=Vcur-1 (view)
[DEBUG-IMPL] Node 66/98: op=42 name=cache_v_l1 (view)
[SYCL] simple consumer routing declined: op=SET_ROWS dst=cache_v_l1 (view) plan unavailable ctx=0
[SYCL][OP] call ggml_sycl_op_set_rows: dst='cache_v_l1 (view)':type=f16;ne=[256, 256, 1, 1];nb=[2, 512, 131072, 131072]	src0='Vcur-1 (view)':type=f32;ne=[256, 64, 1, 1];nb=[4, 1024, 65536, 65536]	src1='leaf_17':type=i64;ne=[64, 1, 1, 1];nb=[8, 512, 512, 512]
[SYCL][OP] call ggml_sycl_op_set_rows done
[DEBUG-IMPL] Node 67/98: op=37 name=Qcur-1 (view)
[DEBUG-IMPL] Node 68/98: op=38 name=Qcur-1 (view) (permuted)
[DEBUG-IMPL] Node 69/98: op=34 name=Qcur-1 (view) (permuted) (copy)
[SYCL] simple consumer routing declined: op=CPY dst=Qcur-1 (view) (permuted) (copy) local single-device plan ctx=0 target=0
[SYCL][OP] call ggml_sycl_cpy: dst='Qcur-1 (view) (permuted) (copy)':type=f16;ne=[128, 64, 2, 1];nb=[2, 256, 16384, 32768]	src0='Qcur-1 (view) (permuted)':type=f32;ne=[128, 64, 2, 1];nb=[4, 1024, 512, 65536];strided;permuted
[CPY] device=0 main_stream=0x1d26bec0 tp_queue=(nil) (match=0)
[CPY DEBUG] device=0 src0=Qcur-1 (view) (permuted)(0xffffd55e47cbc000, usm=1) -> src1=Qcur-1 (view) (permuted) (copy)(0xffffd55e47ccc000, usm=1) size=65536
[CPY STAGING CHECK] device=0 needs_staging=0 src0_type=1 dst_is_device=1
[SYCL][OP] call ggml_sycl_cpy done
[DEBUG-IMPL] Node 70/98: op=37 name=cache_k_l1 (view)
[DEBUG-IMPL] Node 71/98: op=38 name=cache_k_l1 (view) (permuted)
[DEBUG-IMPL] Node 72/98: op=37 name=cache_v_l1 (view)
[DEBUG-IMPL] Node 73/98: op=38 name=cache_v_l1 (view) (permuted)
[DEBUG-IMPL] Node 74/98: op=75 name=node_74
[SYCL] simple consumer routing declined: op=FLASH_ATTN_EXT dst=node_74 plan unavailable ctx=0
ggml_sycl_get_data_ptr_slow: tensor=Qcur-1 (view) (permuted) (copy), device=1, rejecting tensor->data=0xffffd55e47ccc000 owned by device 0
ggml_sycl_get_data_ptr_slow: tensor=node_74, device=1, rejecting tensor->data=0xffffd55e47c9c000 owned by device 0
[DEBUG-IMPL] Node 75/98: op=36 name=kqv_out-1
[DEBUG-IMPL] Node 76/98: op=29 name=node_76
[SYCL] simple consumer routing declined: op=MUL_MAT dst=node_76 plan unavailable ctx=0
[DEBUG-MULMAT] ENTER: src0=blk.1.attn_output.weight src1=kqv_out-1 dst=node_76
[SYCL][OP] call ggml_sycl_mul_mat: dst='node_76':type=f32;ne=[256, 64, 1, 1];nb=[4, 1024, 65536, 65536]	src0='blk.1.attn_output.weight':type=f32;ne=[256, 256, 1, 1];nb=[4, 1024, 262144, 262144]	src1='kqv_out-1':type=f32;ne=[256, 64, 1, 1];nb=[4, 1024, 65536, 65536]
[XMXConfig] device=0: M=8 N=16 K_INT8=32 K_FP16=16 SLM=131072 nsm=256 supported=1 int8=1 fp16=1 double_buf=1 max_esimd_wg=64 nbarrier=0 esimd_dpas=1
[MUL_MAT] src0 device=0 ptr=0xffffd556b6a89d00 (tensor=blk.1.attn_output.weight layout=0)
[MUL_MAT] dst device=0 ptr=0xffffd55e47cac000 (tensor=node_76)
[SYCL] weight cache lookup: tensor=0x20db68d0 name=blk.1.attn_output.weight device=0
[SYCL][OP] call ggml_sycl_mul_mat done
[DEBUG-IMPL] Node 77/98: op=7 name=node_77
[DEBUG-IMPL] Node 79/98: op=40 name=node_79
ggml_sycl_get_data_ptr_slow: tensor=leaf_51, device=0, staging FAILED for non-device (type=0), using tensor->data=0x78d2780c6840
ggml_sycl_get_data_ptr_slow: tensor=leaf_51, device=0, using tensor->data=0x78d2780c6840
[SYCL][OP] call ggml_sycl_get_rows: dst='node_79':type=f32;ne=[256, 64, 1, 1];nb=[4, 1024, 65536, 65536]	src0='attn_out-1':type=f32;ne=[256, 64, 1, 1];nb=[4, 1024, 65536, 65536]	src1='leaf_51':type=i32;ne=[64, 1, 1, 1];nb=[4, 256, 256, 256]
[SYCL] weight cache lookup: tensor=0x21c6cd20 name=attn_out-1 device=0
[SYCL][OP] call ggml_sycl_get_rows done
[DEBUG-IMPL] Node 80/98: op=40 name=node_80
[SYCL][OP] call ggml_sycl_get_rows: dst='node_80':type=f32;ne=[256, 64, 1, 1];nb=[4, 1024, 65536, 65536]	src0='l_out-0':type=f32;ne=[256, 64, 1, 1];nb=[4, 1024, 65536, 65536]	src1='leaf_51':type=i32;ne=[64, 1, 1, 1];nb=[4, 256, 256, 256]
[SYCL] weight cache lookup: tensor=0x21c69b20 name=l_out-0 device=0
[SYCL][OP] call ggml_sycl_get_rows done
[DEBUG-IMPL] Node 81/98: op=2 name=ffn_inp-1
[DEBUG-IMPL] Node 83/98: op=7 name=ffn_norm-1
[SYCL] simple consumer routing declined: op=MUL dst=ffn_norm-1 local single-device plan ctx=0 target=0
[SYCL][OP] call ggml_sycl_mul: dst='ffn_norm-1':type=f32;ne=[256, 64, 1, 1];nb=[4, 1024, 65536, 65536]	src0='norm-1':type=f32;ne=[256, 64, 1, 1];nb=[4, 1024, 65536, 65536]	src1='blk.1.ffn_norm.weight':type=f32;ne=[256, 1, 1, 1];nb=[4, 1024, 1024, 1024]
[BINBCAST-PTR] src0=norm-1 src0_host=0xffffd55e47cac000 src0_d=0xffffd55e47cac000
[BINBCAST-PTR] src1=blk.1.ffn_norm.weight src1_host=0x78d277f8ca40 src1_d=0xffffd556b68a8100
[SYCL][OP] call ggml_sycl_mul done
[DEBUG-IMPL] Node 84/98: op=29 name=ffn_gate-1
[SYCL] simple consumer routing declined: op=MUL_MAT dst=ffn_gate-1 plan unavailable ctx=0
[DEBUG-MULMAT] ENTER: src0=blk.1.ffn_gate.weight src1=ffn_norm-1 dst=ffn_gate-1
[SYCL][OP] call ggml_sycl_mul_mat: dst='ffn_gate-1':type=f32;ne=[384, 64, 1, 1];nb=[4, 1536, 98304, 98304]	src0='blk.1.ffn_gate.weight':type=f32;ne=[256, 384, 1, 1];nb=[4, 1024, 393216, 393216]	src1='ffn_norm-1':type=f32;ne=[256, 64, 1, 1];nb=[4, 1024, 65536, 65536]
[XMXConfig] device=0: M=8 N=16 K_INT8=32 K_FP16=16 SLM=131072 nsm=256 supported=1 int8=1 fp16=1 double_buf=1 max_esimd_wg=64 nbarrier=0 esimd_dpas=1
[MUL_MAT] src0 device=0 ptr=0xffffd556b6cacc00 (tensor=blk.1.ffn_gate.weight layout=0)
[MUL_MAT] dst device=0 ptr=0xffffd55e47cbc000 (tensor=ffn_gate-1)
[SYCL] weight cache lookup: tensor=0x20db6d80 name=blk.1.ffn_gate.weight device=0
[SYCL][OP] call ggml_sycl_mul_mat done
[DEBUG-IMPL] Node 85/98: op=2 name=ffn_gate_b-1
[SYCL] simple consumer routing declined: op=ADD dst=ffn_gate_b-1 local single-device plan ctx=0 target=0
[SYCL-ADD-DBG] ADD dst: name=ffn_gate_b-1 type=f32 op=ADD ne=[384,64,1,1] nb=[4,1536,98304,98304] contig=1 data=0xffffd55e47cbc000 view_src=none view_offs=0 layout_mode=none layout_ptr=(nil) layout_size=0
[SYCL-ADD-DBG] ADD src0: name=ffn_gate-1 type=f32 op=MUL_MAT ne=[384,64,1,1] nb=[4,1536,98304,98304] contig=1 data=0xffffd55e47cbc000 view_src=none view_offs=0 layout_mode=none layout_ptr=(nil) layout_size=0
[SYCL-ADD-DBG] ADD src1: name=blk.1.ffn_gate.bias type=f32 op=NONE ne=[384,1,1,1] nb=[4,1536,1536,1536] contig=1 data=0x78d2780ace40 view_src=none view_offs=0 layout_mode=aos layout_ptr=(nil) layout_size=1536
[SYCL][OP] call ggml_sycl_add: dst='ffn_gate_b-1':type=f32;ne=[384, 64, 1, 1];nb=[4, 1536, 98304, 98304]	src0='ffn_gate-1':type=f32;ne=[384, 64, 1, 1];nb=[4, 1536, 98304, 98304]	src1='blk.1.ffn_gate.bias':type=f32;ne=[384, 1, 1, 1];nb=[4, 1536, 1536, 1536]
[SYCL-ADD-DBG] ADD src0: name=ffn_gate-1 type=f32 ne=[384,64,1,1] nb=[4,1536,98304,98304] contig=1 data=0xffffd55e47cbc000 view_src=none view_offs=0 layout_mode=none layout_ptr=(nil) layout_size=0
[SYCL-ADD-DBG] ADD src1: name=blk.1.ffn_gate.bias type=f32 ne=[384,1,1,1] nb=[4,1536,1536,1536] contig=1 data=0x78d2780ace40 view_src=none view_offs=0 layout_mode=aos layout_ptr=(nil) layout_size=1536
[SYCL-ADD-DBG] ADD dst: name=ffn_gate_b-1 type=f32 ne=[384,64,1,1] nb=[4,1536,98304,98304] contig=1 data=0xffffd55e47cbc000 view_src=none view_offs=0 layout_mode=none layout_ptr=(nil) layout_size=0
[BINBCAST-PTR] src0=ffn_gate-1 src0_host=0xffffd55e47cbc000 src0_d=0xffffd55e47cbc000
[BINBCAST-PTR] src1=blk.1.ffn_gate.bias src1_host=0x78d2780ace40 src1_d=0xffffd556b6d0d200
[SYCL][OP] call ggml_sycl_add done
[DEBUG-IMPL] Node 86/98: op=7 name=ffn_gate_s-1
[SYCL] simple consumer routing declined: op=MUL dst=ffn_gate_s-1 local single-device plan ctx=0 target=0
[SYCL][OP] call ggml_sycl_mul: dst='ffn_gate_s-1':type=f32;ne=[384, 64, 1, 1];nb=[4, 1536, 98304, 98304]	src0='ffn_gate_b-1':type=f32;ne=[384, 64, 1, 1];nb=[4, 1536, 98304, 98304]	src1='blk.1.ffn_gate.scale':type=f32;ne=[1, 1, 1, 1];nb=[4, 4, 4, 4]
[BINBCAST-PTR] src0=ffn_gate_b-1 src0_host=0xffffd55e47cbc000 src0_d=0xffffd55e47cbc000
[BINBCAST-PTR] src1=blk.1.ffn_gate.scale src1_host=0x78d2780ae080 src1_d=0xffffd556b6d0dc00
[SYCL][OP] call ggml_sycl_mul done
[DEBUG-IMPL] Node 87/98: op=29 name=ffn_up-1
[SYCL] simple consumer routing declined: op=MUL_MAT dst=ffn_up-1 plan unavailable ctx=0
[DEBUG-MULMAT] ENTER: src0=blk.1.ffn_up.weight src1=ffn_norm-1 dst=ffn_up-1
[SYCL][OP] call ggml_sycl_mul_mat: dst='ffn_up-1':type=f32;ne=[384, 64, 1, 1];nb=[4, 1536, 98304, 98304]	src0='blk.1.ffn_up.weight':type=f32;ne=[256, 384, 1, 1];nb=[4, 1024, 393216, 393216]	src1='ffn_norm-1':type=f32;ne=[256, 64, 1, 1];nb=[4, 1024, 65536, 65536]
[XMXConfig] device=0: M=8 N=16 K_INT8=32 K_FP16=16 SLM=131072 nsm=256 supported=1 int8=1 fp16=1 double_buf=1 max_esimd_wg=64 nbarrier=0 esimd_dpas=1
[MUL_MAT] src0 device=0 ptr=0xffffd556b6becc00 (tensor=blk.1.ffn_up.weight layout=0)
[MUL_MAT] dst device=0 ptr=0xffffd55e47cd4000 (tensor=ffn_up-1)
[SYCL] weight cache lookup: tensor=0x20db70a0 name=blk.1.ffn_up.weight device=0
[SYCL][OP] call ggml_sycl_mul_mat done
[DEBUG-IMPL] Node 88/98: op=2 name=ffn_up_b-1
[SYCL] simple consumer routing declined: op=ADD dst=ffn_up_b-1 local single-device plan ctx=0 target=0
[SYCL-ADD-DBG] ADD dst: name=ffn_up_b-1 type=f32 op=ADD ne=[384,64,1,1] nb=[4,1536,98304,98304] contig=1 data=0xffffd55e47cd4000 view_src=none view_offs=0 layout_mode=none layout_ptr=(nil) layout_size=0
[SYCL-ADD-DBG] ADD src0: name=ffn_up-1 type=f32 op=MUL_MAT ne=[384,64,1,1] nb=[4,1536,98304,98304] contig=1 data=0xffffd55e47cd4000 view_src=none view_offs=0 layout_mode=none layout_ptr=(nil) layout_size=0
[SYCL-ADD-DBG] ADD src1: name=blk.1.ffn_up.bias type=f32 op=NONE ne=[384,1,1,1] nb=[4,1536,1536,1536] contig=1 data=0x78d2780ad840 view_src=none view_offs=0 layout_mode=aos layout_ptr=(nil) layout_size=1536
[SYCL][OP] call ggml_sycl_add: dst='ffn_up_b-1':type=f32;ne=[384, 64, 1, 1];nb=[4, 1536, 98304, 98304]	src0='ffn_up-1':type=f32;ne=[384, 64, 1, 1];nb=[4, 1536, 98304, 98304]	src1='blk.1.ffn_up.bias':type=f32;ne=[384, 1, 1, 1];nb=[4, 1536, 1536, 1536]
[SYCL-ADD-DBG] ADD src0: name=ffn_up-1 type=f32 ne=[384,64,1,1] nb=[4,1536,98304,98304] contig=1 data=0xffffd55e47cd4000 view_src=none view_offs=0 layout_mode=none layout_ptr=(nil) layout_size=0
[SYCL-ADD-DBG] ADD src1: name=blk.1.ffn_up.bias type=f32 ne=[384,1,1,1] nb=[4,1536,1536,1536] contig=1 data=0x78d2780ad840 view_src=none view_offs=0 layout_mode=aos layout_ptr=(nil) layout_size=1536
[SYCL-ADD-DBG] ADD dst: name=ffn_up_b-1 type=f32 ne=[384,64,1,1] nb=[4,1536,98304,98304] contig=1 data=0xffffd55e47cd4000 view_src=none view_offs=0 layout_mode=none layout_ptr=(nil) layout_size=0
[BINBCAST-PTR] src0=ffn_up-1 src0_host=0xffffd55e47cd4000 src0_d=0xffffd55e47cd4000
[BINBCAST-PTR] src1=blk.1.ffn_up.bias src1_host=0x78d2780ad840 src1_d=0xffffd556b6d0cc00
[SYCL][OP] call ggml_sycl_add done
[DEBUG-IMPL] Node 89/98: op=7 name=ffn_up_s-1
[SYCL] simple consumer routing declined: op=MUL dst=ffn_up_s-1 local single-device plan ctx=0 target=0
[SYCL][OP] call ggml_sycl_mul: dst='ffn_up_s-1':type=f32;ne=[384, 64, 1, 1];nb=[4, 1536, 98304, 98304]	src0='ffn_up_b-1':type=f32;ne=[384, 64, 1, 1];nb=[4, 1536, 98304, 98304]	src1='blk.1.ffn_up.scale':type=f32;ne=[1, 1, 1, 1];nb=[4, 4, 4, 4]
[BINBCAST-PTR] src0=ffn_up_b-1 src0_host=0xffffd55e47cd4000 src0_d=0xffffd55e47cd4000
[BINBCAST-PTR] src1=blk.1.ffn_up.scale src1_host=0x78d2780ae0c0 src1_d=0xffffd556b6d0de00
[SYCL][OP] call ggml_sycl_mul done
[DEBUG-IMPL] Node 90/98: op=97 name=ffn_swiglu-1
[SYCL] simple consumer routing declined: op=GLU dst=ffn_swiglu-1 local single-device plan ctx=0 target=0
[SYCL][OP] call ggml_sycl_swiglu: dst='ffn_swiglu-1':type=f32;ne=[384, 64, 1, 1];nb=[4, 1536, 98304, 98304]	src0='ffn_gate_s-1':type=f32;ne=[384, 64, 1, 1];nb=[4, 1536, 98304, 98304]
[SYCL][OP] call ggml_sycl_swiglu done
[DEBUG-IMPL] Node 91/98: op=29 name=ffn_down-1
[SYCL] simple consumer routing declined: op=MUL_MAT dst=ffn_down-1 plan unavailable ctx=0
[DEBUG-MULMAT] ENTER: src0=blk.1.ffn_down.weight src1=ffn_swiglu-1 dst=ffn_down-1
[SYCL][OP] call ggml_sycl_mul_mat: dst='ffn_down-1':type=f32;ne=[256, 64, 1, 1];nb=[4, 1024, 65536, 65536]	src0='blk.1.ffn_down.weight':type=f32;ne=[384, 256, 1, 1];nb=[4, 1536, 393216, 393216]	src1='ffn_swiglu-1':type=f32;ne=[384, 64, 1, 1];nb=[4, 1536, 98304, 98304]
[XMXConfig] device=0: M=8 N=16 K_INT8=32 K_FP16=16 SLM=131072 nsm=256 supported=1 int8=1 fp16=1 double_buf=1 max_esimd_wg=64 nbarrier=0 esimd_dpas=1
[MUL_MAT] src0 device=0 ptr=0xffffd556b6c4cc00 (tensor=blk.1.ffn_down.weight layout=0)
[MUL_MAT] dst device=0 ptr=0xffffd55e47cac000 (tensor=ffn_down-1)
[SYCL] weight cache lookup: tensor=0x20db6f10 name=blk.1.ffn_down.weight device=0
[SYCL][OP] call ggml_sycl_mul_mat done
[DEBUG-IMPL] Node 92/98: op=2 name=node_92
[SYCL] simple consumer routing declined: op=ADD dst=node_92 local single-device plan ctx=0 target=0
[SYCL-ADD-DBG] ADD dst: name=node_92 type=f32 op=ADD ne=[256,64,1,1] nb=[4,1024,65536,65536] contig=1 data=0xffffd55e47cac000 view_src=none view_offs=0 layout_mode=none layout_ptr=(nil) layout_size=0
[SYCL-ADD-DBG] ADD src0: name=ffn_down-1 type=f32 op=MUL_MAT ne=[256,64,1,1] nb=[4,1024,65536,65536] contig=1 data=0xffffd55e47cac000 view_src=none view_offs=0 layout_mode=none layout_ptr=(nil) layout_size=0
[SYCL-ADD-DBG] ADD src1: name=blk.1.ffn_down.bias type=f32 op=NONE ne=[256,1,1,1] nb=[4,1024,1024,1024] contig=1 data=0x78d2780ad440 view_src=none view_offs=0 layout_mode=aos layout_ptr=(nil) layout_size=1024
[SYCL][OP] call ggml_sycl_add: dst='node_92':type=f32;ne=[256, 64, 1, 1];nb=[4, 1024, 65536, 65536]	src0='ffn_down-1':type=f32;ne=[256, 64, 1, 1];nb=[4, 1024, 65536, 65536]	src1='blk.1.ffn_down.bias':type=f32;ne=[256, 1, 1, 1];nb=[4, 1024, 1024, 1024]
[SYCL-ADD-DBG] ADD src0: name=ffn_down-1 type=f32 ne=[256,64,1,1] nb=[4,1024,65536,65536] contig=1 data=0xffffd55e47cac000 view_src=none view_offs=0 layout_mode=none layout_ptr=(nil) layout_size=0
[SYCL-ADD-DBG] ADD src1: name=blk.1.ffn_down.bias type=f32 ne=[256,1,1,1] nb=[4,1024,1024,1024] contig=1 data=0x78d2780ad440 view_src=none view_offs=0 layout_mode=aos layout_ptr=(nil) layout_size=1024
[SYCL-ADD-DBG] ADD dst: name=node_92 type=f32 ne=[256,64,1,1] nb=[4,1024,65536,65536] contig=1 data=0xffffd55e47cac000 view_src=none view_offs=0 layout_mode=none layout_ptr=(nil) layout_size=0
[BINBCAST-PTR] src0=ffn_down-1 src0_host=0xffffd55e47cac000 src0_d=0xffffd55e47cac000
[BINBCAST-PTR] src1=blk.1.ffn_down.bias src1_host=0x78d2780ad440 src1_d=0xffffd556b6d0d800
[SYCL][OP] call ggml_sycl_add done
[DEBUG-IMPL] Node 93/98: op=7 name=ffn_out-1
[SYCL] simple consumer routing declined: op=MUL dst=ffn_out-1 local single-device plan ctx=0 target=0
[SYCL][OP] call ggml_sycl_mul: dst='ffn_out-1':type=f32;ne=[256, 64, 1, 1];nb=[4, 1024, 65536, 65536]	src0='node_92':type=f32;ne=[256, 64, 1, 1];nb=[4, 1024, 65536, 65536]	src1='blk.1.ffn_down.scale':type=f32;ne=[1, 1, 1, 1];nb=[4, 4, 4, 4]
[BINBCAST-PTR] src0=node_92 src0_host=0xffffd55e47cac000 src0_d=0xffffd55e47cac000
[BINBCAST-PTR] src1=blk.1.ffn_down.scale src1_host=0x78d2780ae0a0 src1_d=0xffffd556b6d0dd00
[SYCL][OP] call ggml_sycl_mul done
[DEBUG-IMPL] Node 94/98: op=2 name=l_out-1
[DEBUG-IMPL] Node 96/98: op=7 name=result_norm
[SYCL] simple consumer routing declined: op=MUL dst=result_norm local single-device plan ctx=0 target=0
[SYCL][OP] call ggml_sycl_mul: dst='result_norm':type=f32;ne=[256, 64, 1, 1];nb=[4, 1024, 65536, 65536]	src0='norm':type=f32;ne=[256, 64, 1, 1];nb=[4, 1024, 65536, 65536]	src1='output_norm.weight':type=f32;ne=[256, 1, 1, 1];nb=[4, 1024, 1024, 1024]
[SYCL-MUL-DBG] device=0 graph_recording=0 dst=result_norm src0=norm src1=output_norm.weight src0_ptr=0xffffd55e47cac000 src1_ptr=0xffffd556b68a7100 dst_ptr=0xffffd55e47cac000 src0_layout=none src1_layout=aos last_graph_event=0 has_barrier=0 exec_graph=0 graph_nodes=0 graph_decode=0
[BINBCAST-PTR] src0=norm src0_host=0xffffd55e47cac000 src0_d=0xffffd55e47cac000
[BINBCAST-PTR] src1=output_norm.weight src1_host=0x78d277c48940 src1_d=0xffffd556b68a7100
[SYCL][OP] call ggml_sycl_mul done
[DEBUG-IMPL] Node 97/98: op=29 name=result_output
[SYCL] simple consumer routing declined: op=MUL_MAT dst=result_output plan unavailable ctx=0
[DEBUG-MULMAT] ENTER: src0=output.weight src1=result_norm dst=result_output
[SYCL][OP] call ggml_sycl_mul_mat: dst='result_output':type=f32;ne=[128, 64, 1, 1];nb=[4, 512, 32768, 32768]	src0='output.weight':type=f32;ne=[256, 128, 1, 1];nb=[4, 1024, 131072, 131072]	src1='result_norm':type=f32;ne=[256, 64, 1, 1];nb=[4, 1024, 65536, 65536]
[XMXConfig] device=0: M=8 N=16 K_INT8=32 K_FP16=16 SLM=131072 nsm=256 supported=1 int8=1 fp16=1 double_buf=1 max_esimd_wg=64 nbarrier=0 esimd_dpas=1
[SYCL] output.weight dispatch kernel=ONEDNN_AOS layout=0 batch=64
[MUL_MAT] src0 device=0 ptr=0xffffd556b68a8500 (tensor=output.weight layout=0)
[MUL_MAT] dst device=0 ptr=0xffffd55e47c9c000 (tensor=result_output)
[SYCL] weight cache lookup: tensor=0x20db41c0 name=output.weight device=0
[SYCL][OP] call ggml_sycl_mul_mat done
[SYCL-GRAPH] warmup complete for prompt phase
[GRAPH-UNPIN] Released 0 graph MoE expert mem_handle leases
[GRAPH-UNPIN-WEIGHTS] Released 0 graph weight mem_handle leases
[SYCL] call ggml_backend_sycl_get_tensor_async: tensor='result_output':type=f32;ne=[128, 64, 1, 1];nb=[4, 512, 32768, 32768] size=32768 offset=0
[DEBUG-GRAPH-COMPUTE] ENTER: backend=0x211a4a10 cgraph=0x21e39eb8
[DEBUG-GRAPH-COMPUTE] sycl_ctx=0x20a89420 device=0
[MEM-HANDLE] released 0 command-graph retained leases
[POOL-LEG] released 0 graph-retained scratch mem_handles
[SYCL] call ggml_backend_sycl_get_device_memory
[GRAPH-COMPUTE] device 0 arena scratch=512.0/512.0 MB external_free=494.5 MB / total=32656.0 MB
[DEBUG-GRAPH-COMPUTE] Creating lambda...
[MOE-HYBRID] No MUL_MAT_ID nodes found, MoE hybrid disabled
[DEBUG-GRAPH-COMPUTE] Lambda created
[SYCL-GRAPH] call #4: use_sycl_graph=1, async_mem=0, n_nodes=98, has_exec_graph=0
[DEBUG] About to call ggml_sycl_graph_signature cgraph=0x21e39eb8
[DEBUG-GRAPH-SIG] cgraph=0x21e39eb8 n_nodes=98 n_leafs=0
[DEBUG] graph_hash=501262221122680916
[DEBUG] Checking graph support for device 0...
[DEBUG] graph_support=1
[GRAPH-PRELOAD-WEIGHTS] planner-authoritative residency active; skipping dense preload
[GRAPH-PRELOAD] Planner active: refreshing MoE pointer tables only
[GRAPH-PRELOAD] Preparing MoE pointer tables for graph (nodes=98 device=0)
[SYCL-GRAPH-STATE] no executable graph cached, will record
[SYCL-GRAPH] skipping graph recording for PP phase
[DEBUG-IMPL] ENTER graph_compute_impl: n_nodes=98, device=0
[DEBUG-IMPL] Starting node loop, n_nodes=98
[DEBUG-IMPL] Node 0/98: op=40 name=embd
ggml_sycl_get_data_ptr_slow: tensor=inp_tokens, device=0, staging FAILED for non-device (type=0), using tensor->data=0x78d2780ae240
ggml_sycl_get_data_ptr_slow: tensor=inp_tokens, device=0, using tensor->data=0x78d2780ae240
[SYCL][OP] call ggml_sycl_get_rows: dst='embd':type=f32;ne=[256, 64, 1, 1];nb=[4, 1024, 65536, 65536]	src0='token_embd.weight':type=f32;ne=[256, 128, 1, 1];nb=[4, 1024, 131072, 131072]	src1='inp_tokens':type=i32;ne=[64, 1, 1, 1];nb=[4, 256, 256, 256]
[SYCL] weight cache lookup: tensor=0x20db3ea0 name=token_embd.weight device=0
[SYCL][OP] call ggml_sycl_get_rows done
[DEBUG-IMPL] Node 1/98: op=25 name=norm-0
[DEBUG-IMPL] Node 3/98: op=29 name=node_3
[SYCL] simple consumer routing declined: op=MUL_MAT dst=node_3 plan unavailable ctx=0
[DEBUG-MULMAT] ENTER: src0=blk.0.attn_q.weight src1=attn_norm-0 dst=node_3
[SYCL][OP] call ggml_sycl_mul_mat: dst='node_3':type=f32;ne=[256, 64, 1, 1];nb=[4, 1024, 65536, 65536]	src0='blk.0.attn_q.weight':type=f32;ne=[256, 256, 1, 1];nb=[4, 1024, 262144, 262144]	src1='attn_norm-0':type=f32;ne=[256, 64, 1, 1];nb=[4, 1024, 65536, 65536]
[XMXConfig] device=0: M=8 N=16 K_INT8=32 K_FP16=16 SLM=131072 nsm=256 supported=1 int8=1 fp16=1 double_buf=1 max_esimd_wg=64 nbarrier=0 esimd_dpas=1
[MUL_MAT] src0 device=0 ptr=0xffffd556b68c8500 (tensor=blk.0.attn_q.weight layout=0)
[MUL_MAT] dst device=0 ptr=0xffffd55e47cbc000 (tensor=node_3)
[SYCL] weight cache lookup: tensor=0x20db44e0 name=blk.0.attn_q.weight device=0
[SYCL][OP] call ggml_sycl_mul_mat done
[DEBUG-IMPL] Node 4/98: op=7 name=Qcur-0
[DEBUG-IMPL] Node 6/98: op=36 name=Qcur-0
[DEBUG-IMPL] Node 7/98: op=49 name=Qcur-0
ggml_sycl_get_data_ptr_slow: tensor=leaf_7, device=0, staging FAILED for non-device (type=0), using tensor->data=0x78d2780be340
ggml_sycl_get_data_ptr_slow: tensor=leaf_7, device=0, using tensor->data=0x78d2780be340
[SYCL] simple consumer routing declined: op=ROPE dst=Qcur-0 local single-device plan ctx=0 target=0
[SYCL][OP] call ggml_sycl_rope: dst='Qcur-0':type=f32;ne=[128, 2, 64, 1];nb=[4, 512, 1024, 65536]	src0='Qcur-0':type=f32;ne=[128, 2, 64, 1];nb=[4, 512, 1024, 65536]	src1='leaf_7':type=i32;ne=[64, 1, 1, 1];nb=[4, 256, 256, 256]	src2='rope_freqs.weight':type=f32;ne=[64, 1, 1, 1];nb=[4, 256, 256, 256]
ggml_sycl_op_rope: norm path
[SYCL][OP] call ggml_sycl_rope done
[DEBUG-IMPL] Node 8/98: op=29 name=node_8
[SYCL] simple consumer routing declined: op=MUL_MAT dst=node_8 plan unavailable ctx=0
[DEBUG-MULMAT] ENTER: src0=blk.0.attn_v.weight src1=attn_norm-0 dst=node_8
[SYCL][OP] call ggml_sycl_mul_mat: dst='node_8':type=f32;ne=[256, 64, 1, 1];nb=[4, 1024, 65536, 65536]	src0='blk.0.attn_v.weight':type=f32;ne=[256, 256, 1, 1];nb=[4, 1024, 262144, 262144]	src1='attn_norm-0':type=f32;ne=[256, 64, 1, 1];nb=[4, 1024, 65536, 65536]
[XMXConfig] device=0: M=8 N=16 K_INT8=32 K_FP16=16 SLM=131072 nsm=256 supported=1 int8=1 fp16=1 double_buf=1 max_esimd_wg=64 nbarrier=0 esimd_dpas=1
[MUL_MAT] src0 device=0 ptr=0xffffd556b6948500 (tensor=blk.0.attn_v.weight layout=0)
[MUL_MAT] dst device=0 ptr=0xffffd55e47cbc000 (tensor=node_8)
[SYCL] weight cache lookup: tensor=0x20db4800 name=blk.0.attn_v.weight device=0
[SYCL][OP] call ggml_sycl_mul_mat done
[DEBUG-IMPL] Node 9/98: op=7 name=Vcur-0
[DEBUG-IMPL] Node 11/98: op=36 name=Vcur-0
[DEBUG-IMPL] Node 12/98: op=29 name=node_12
[SYCL] simple consumer routing declined: op=MUL_MAT dst=node_12 plan unavailable ctx=0
[DEBUG-MULMAT] ENTER: src0=blk.0.attn_k.weight src1=attn_norm-0 dst=node_12
[SYCL][OP] call ggml_sycl_mul_mat: dst='node_12':type=f32;ne=[256, 64, 1, 1];nb=[4, 1024, 65536, 65536]	src0='blk.0.attn_k.weight':type=f32;ne=[256, 256, 1, 1];nb=[4, 1024, 262144, 262144]	src1='attn_norm-0':type=f32;ne=[256, 64, 1, 1];nb=[4, 1024, 65536, 65536]
[XMXConfig] device=0: M=8 N=16 K_INT8=32 K_FP16=16 SLM=131072 nsm=256 supported=1 int8=1 fp16=1 double_buf=1 max_esimd_wg=64 nbarrier=0 esimd_dpas=1
[MUL_MAT] src0 device=0 ptr=0xffffd556b6908500 (tensor=blk.0.attn_k.weight layout=0)
[MUL_MAT] dst device=0 ptr=0xffffd55e47cdc000 (tensor=node_12)
[SYCL] weight cache lookup: tensor=0x20db4670 name=blk.0.attn_k.weight device=0
[SYCL][OP] call ggml_sycl_mul_mat done
[DEBUG-IMPL] Node 13/98: op=7 name=Kcur-0
[DEBUG-IMPL] Node 15/98: op=36 name=Kcur-0
[DEBUG-IMPL] Node 16/98: op=49 name=Kcur-0
[SYCL] simple consumer routing declined: op=ROPE dst=Kcur-0 local single-device plan ctx=0 target=0
[SYCL][OP] call ggml_sycl_rope: dst='Kcur-0':type=f32;ne=[128, 2, 64, 1];nb=[4, 512, 1024, 65536]	src0='Kcur-0':type=f32;ne=[128, 2, 64, 1];nb=[4, 512, 1024, 65536]	src1='leaf_7':type=i32;ne=[64, 1, 1, 1];nb=[4, 256, 256, 256]	src2='rope_freqs.weight':type=f32;ne=[64, 1, 1, 1];nb=[4, 256, 256, 256]
ggml_sycl_op_rope: norm path
[SYCL][OP] call ggml_sycl_rope done
[DEBUG-IMPL] Node 17/98: op=37 name=Kcur-0 (view)
[DEBUG-IMPL] Node 18/98: op=42 name=cache_k_l0 (view)
ggml_sycl_get_data_ptr_slow: tensor=leaf_15, device=0, staging FAILED for non-device (type=0), using tensor->data=0x78d2780be440
ggml_sycl_get_data_ptr_slow: tensor=leaf_15, device=0, using tensor->data=0x78d2780be440
[SYCL] simple consumer routing declined: op=SET_ROWS dst=cache_k_l0 (view) plan unavailable ctx=0
[SYCL][OP] call ggml_sycl_op_set_rows: dst='cache_k_l0 (view)':type=f16;ne=[256, 256, 1, 1];nb=[2, 512, 131072, 131072]	src0='Kcur-0 (view)':type=f32;ne=[256, 64, 1, 1];nb=[4, 1024, 65536, 65536]	src1='leaf_15':type=i64;ne=[64, 1, 1, 1];nb=[8, 512, 512, 512]
[SYCL][OP] call ggml_sycl_op_set_rows done
[DEBUG-IMPL] Node 19/98: op=37 name=Vcur-0 (view)
[DEBUG-IMPL] Node 20/98: op=42 name=cache_v_l0 (view)
ggml_sycl_get_data_ptr_slow: tensor=leaf_17, device=0, staging FAILED for non-device (type=0), using tensor->data=0x78d2780be640
ggml_sycl_get_data_ptr_slow: tensor=leaf_17, device=0, using tensor->data=0x78d2780be640
[SYCL] simple consumer routing declined: op=SET_ROWS dst=cache_v_l0 (view) plan unavailable ctx=0
[SYCL][OP] call ggml_sycl_op_set_rows: dst='cache_v_l0 (view)':type=f16;ne=[256, 256, 1, 1];nb=[2, 512, 131072, 131072]	src0='Vcur-0 (view)':type=f32;ne=[256, 64, 1, 1];nb=[4, 1024, 65536, 65536]	src1='leaf_17':type=i64;ne=[64, 1, 1, 1];nb=[8, 512, 512, 512]
[SYCL][OP] call ggml_sycl_op_set_rows done
[DEBUG-IMPL] Node 21/98: op=37 name=Qcur-0 (view)
[DEBUG-IMPL] Node 22/98: op=38 name=Qcur-0 (view) (permuted)
[DEBUG-IMPL] Node 23/98: op=34 name=Qcur-0 (view) (permuted) (copy)
[SYCL] simple consumer routing declined: op=CPY dst=Qcur-0 (view) (permuted) (copy) local single-device plan ctx=0 target=0
[SYCL][OP] call ggml_sycl_cpy: dst='Qcur-0 (view) (permuted) (copy)':type=f16;ne=[128, 64, 2, 1];nb=[2, 256, 16384, 32768]	src0='Qcur-0 (view) (permuted)':type=f32;ne=[128, 64, 2, 1];nb=[4, 1024, 512, 65536];strided;permuted
[CPY] device=0 main_stream=0x1d26bec0 tp_queue=(nil) (match=0)
[CPY DEBUG] device=0 src0=Qcur-0 (view) (permuted)(0xffffd55e47ccc000, usm=1) -> src1=Qcur-0 (view) (permuted) (copy)(0xffffd55e47cac000, usm=1) size=65536
[CPY STAGING CHECK] device=0 needs_staging=0 src0_type=1 dst_is_device=1
[SYCL][OP] call ggml_sycl_cpy done
[DEBUG-IMPL] Node 24/98: op=37 name=cache_k_l0 (view)
[DEBUG-IMPL] Node 25/98: op=38 name=cache_k_l0 (view) (permuted)
[DEBUG-IMPL] Node 26/98: op=37 name=cache_v_l0 (view)
[DEBUG-IMPL] Node 27/98: op=38 name=cache_v_l0 (view) (permuted)
[DEBUG-IMPL] Node 28/98: op=75 name=node_28
ggml_sycl_get_data_ptr_slow: tensor=attn_inp_kq_mask, device=0, staging FAILED for non-device (type=0), using tensor->data=0x78d2780be840
ggml_sycl_get_data_ptr_slow: tensor=attn_inp_kq_mask, device=0, using tensor->data=0x78d2780be840
[SYCL] simple consumer routing declined: op=FLASH_ATTN_EXT dst=node_28 plan unavailable ctx=0
ggml_sycl_get_data_ptr_slow: tensor=Qcur-0 (view) (permuted) (copy), device=1, rejecting tensor->data=0xffffd55e47cac000 owned by device 0
ggml_sycl_get_data_ptr_slow: tensor=node_28, device=1, rejecting tensor->data=0xffffd55e47cb4000 owned by device 0
[DEBUG-IMPL] Node 29/98: op=36 name=kqv_out-0
[DEBUG-IMPL] Node 30/98: op=29 name=node_30
[SYCL] simple consumer routing declined: op=MUL_MAT dst=node_30 plan unavailable ctx=0
[DEBUG-MULMAT] ENTER: src0=blk.0.attn_output.weight src1=kqv_out-0 dst=node_30
[SYCL][OP] call ggml_sycl_mul_mat: dst='node_30':type=f32;ne=[256, 64, 1, 1];nb=[4, 1024, 65536, 65536]	src0='blk.0.attn_output.weight':type=f32;ne=[256, 256, 1, 1];nb=[4, 1024, 262144, 262144]	src1='kqv_out-0':type=f32;ne=[256, 64, 1, 1];nb=[4, 1024, 65536, 65536]
[XMXConfig] device=0: M=8 N=16 K_INT8=32 K_FP16=16 SLM=131072 nsm=256 supported=1 int8=1 fp16=1 double_buf=1 max_esimd_wg=64 nbarrier=0 esimd_dpas=1
[MUL_MAT] src0 device=0 ptr=0xffffd556b6988500 (tensor=blk.0.attn_output.weight layout=0)
[MUL_MAT] dst device=0 ptr=0xffffd55e47cc4000 (tensor=node_30)
[SYCL] weight cache lookup: tensor=0x20db4e40 name=blk.0.attn_output.weight device=0
[SYCL][OP] call ggml_sycl_mul_mat done
[DEBUG-IMPL] Node 31/98: op=7 name=node_31
[DEBUG-IMPL] Node 33/98: op=2 name=ffn_inp-0
[DEBUG-IMPL] Node 35/98: op=7 name=ffn_norm-0
[SYCL] simple consumer routing declined: op=MUL dst=ffn_norm-0 local single-device plan ctx=0 target=0
[SYCL][OP] call ggml_sycl_mul: dst='ffn_norm-0':type=f32;ne=[256, 64, 1, 1];nb=[4, 1024, 65536, 65536]	src0='norm-0':type=f32;ne=[256, 64, 1, 1];nb=[4, 1024, 65536, 65536]	src1='blk.0.ffn_norm.weight':type=f32;ne=[256, 1, 1, 1];nb=[4, 1024, 1024, 1024]
[BINBCAST-PTR] src0=norm-0 src0_host=0xffffd55e47c9c000 src0_d=0xffffd55e47c9c000
[BINBCAST-PTR] src1=blk.0.ffn_norm.weight src1_host=0x78d277d6a140 src1_d=0xffffd556b68a7900
[SYCL][OP] call ggml_sycl_mul done
[DEBUG-IMPL] Node 36/98: op=29 name=ffn_gate-0
[SYCL] simple consumer routing declined: op=MUL_MAT dst=ffn_gate-0 plan unavailable ctx=0
[DEBUG-MULMAT] ENTER: src0=blk.0.ffn_gate.weight src1=ffn_norm-0 dst=ffn_gate-0
[SYCL][OP] call ggml_sycl_mul_mat: dst='ffn_gate-0':type=f32;ne=[384, 64, 1, 1];nb=[4, 1536, 98304, 98304]	src0='blk.0.ffn_gate.weight':type=f32;ne=[256, 384, 1, 1];nb=[4, 1024, 393216, 393216]	src1='ffn_norm-0':type=f32;ne=[256, 64, 1, 1];nb=[4, 1024, 65536, 65536]
[XMXConfig] device=0: M=8 N=16 K_INT8=32 K_FP16=16 SLM=131072 nsm=256 supported=1 int8=1 fp16=1 double_buf=1 max_esimd_wg=64 nbarrier=0 esimd_dpas=1
[MUL_MAT] src0 device=0 ptr=0xffffd556b6acb600 (tensor=blk.0.ffn_gate.weight layout=0)
[MUL_MAT] dst device=0 ptr=0xffffd55e47cac000 (tensor=ffn_gate-0)
[SYCL] weight cache lookup: tensor=0x20db5480 name=blk.0.ffn_gate.weight device=0
[SYCL][OP] call ggml_sycl_mul_mat done
[DEBUG-IMPL] Node 37/98: op=2 name=ffn_gate_b-0
[SYCL] simple consumer routing declined: op=ADD dst=ffn_gate_b-0 local single-device plan ctx=0 target=0
[SYCL-ADD-DBG] ADD dst: name=ffn_gate_b-0 type=f32 op=ADD ne=[384,64,1,1] nb=[4,1536,98304,98304] contig=1 data=0xffffd55e47cac000 view_src=none view_offs=0 layout_mode=none layout_ptr=(nil) layout_size=0
[SYCL-ADD-DBG] ADD src0: name=ffn_gate-0 type=f32 op=MUL_MAT ne=[384,64,1,1] nb=[4,1536,98304,98304] contig=1 data=0xffffd55e47cac000 view_src=none view_offs=0 layout_mode=none layout_ptr=(nil) layout_size=0
[SYCL-ADD-DBG] ADD src1: name=blk.0.ffn_gate.bias type=f32 op=NONE ne=[384,1,1,1] nb=[4,1536,1536,1536] contig=1 data=0x78d277e8a640 view_src=none view_offs=0 layout_mode=aos layout_ptr=(nil) layout_size=1536
[SYCL][OP] call ggml_sycl_add: dst='ffn_gate_b-0':type=f32;ne=[384, 64, 1, 1];nb=[4, 1536, 98304, 98304]	src0='ffn_gate-0':type=f32;ne=[384, 64, 1, 1];nb=[4, 1536, 98304, 98304]	src1='blk.0.ffn_gate.bias':type=f32;ne=[384, 1, 1, 1];nb=[4, 1536, 1536, 1536]
[SYCL-ADD-DBG] ADD src0: name=ffn_gate-0 type=f32 ne=[384,64,1,1] nb=[4,1536,98304,98304] contig=1 data=0xffffd55e47cac000 view_src=none view_offs=0 layout_mode=none layout_ptr=(nil) layout_size=0
[SYCL-ADD-DBG] ADD src1: name=blk.0.ffn_gate.bias type=f32 ne=[384,1,1,1] nb=[4,1536,1536,1536] contig=1 data=0x78d277e8a640 view_src=none view_offs=0 layout_mode=aos layout_ptr=(nil) layout_size=1536
[SYCL-ADD-DBG] ADD dst: name=ffn_gate_b-0 type=f32 ne=[384,64,1,1] nb=[4,1536,98304,98304] contig=1 data=0xffffd55e47cac000 view_src=none view_offs=0 layout_mode=none layout_ptr=(nil) layout_size=0
[BINBCAST-PTR] src0=ffn_gate-0 src0_host=0xffffd55e47cac000 src0_d=0xffffd55e47cac000
[BINBCAST-PTR] src1=blk.0.ffn_gate.bias src1_host=0x78d277e8a640 src1_d=0xffffd556b6beb600
[SYCL][OP] call ggml_sycl_add done
[DEBUG-IMPL] Node 38/98: op=7 name=ffn_gate_s-0
[SYCL] simple consumer routing declined: op=MUL dst=ffn_gate_s-0 local single-device plan ctx=0 target=0
[SYCL][OP] call ggml_sycl_mul: dst='ffn_gate_s-0':type=f32;ne=[384, 64, 1, 1];nb=[4, 1536, 98304, 98304]	src0='ffn_gate_b-0':type=f32;ne=[384, 64, 1, 1];nb=[4, 1536, 98304, 98304]	src1='blk.0.ffn_gate.scale':type=f32;ne=[1, 1, 1, 1];nb=[4, 4, 4, 4]
[BINBCAST-PTR] src0=ffn_gate_b-0 src0_host=0xffffd55e47cac000 src0_d=0xffffd55e47cac000
[BINBCAST-PTR] src1=blk.0.ffn_gate.scale src1_host=0x78d2780adec0 src1_d=0xffffd556b6bec600
[SYCL][OP] call ggml_sycl_mul done
[DEBUG-IMPL] Node 39/98: op=29 name=ffn_up-0
[SYCL] simple consumer routing declined: op=MUL_MAT dst=ffn_up-0 plan unavailable ctx=0
[DEBUG-MULMAT] ENTER: src0=blk.0.ffn_up.weight src1=ffn_norm-0 dst=ffn_up-0
[SYCL][OP] call ggml_sycl_mul_mat: dst='ffn_up-0':type=f32;ne=[384, 64, 1, 1];nb=[4, 1536, 98304, 98304]	src0='blk.0.ffn_up.weight':type=f32;ne=[256, 384, 1, 1];nb=[4, 1024, 393216, 393216]	src1='ffn_norm-0':type=f32;ne=[256, 64, 1, 1];nb=[4, 1024, 65536, 65536]
[XMXConfig] device=0: M=8 N=16 K_INT8=32 K_FP16=16 SLM=131072 nsm=256 supported=1 int8=1 fp16=1 double_buf=1 max_esimd_wg=64 nbarrier=0 esimd_dpas=1
[MUL_MAT] src0 device=0 ptr=0xffffd556b6b8b600 (tensor=blk.0.ffn_up.weight layout=0)
[MUL_MAT] dst device=0 ptr=0xffffd55e47cd4000 (tensor=ffn_up-0)
[SYCL] weight cache lookup: tensor=0x20db57a0 name=blk.0.ffn_up.weight device=0
[SYCL][OP] call ggml_sycl_mul_mat done
[DEBUG-IMPL] Node 40/98: op=2 name=ffn_up_b-0
[SYCL] simple consumer routing declined: op=ADD dst=ffn_up_b-0 local single-device plan ctx=0 target=0
[SYCL-ADD-DBG] ADD dst: name=ffn_up_b-0 type=f32 op=ADD ne=[384,64,1,1] nb=[4,1536,98304,98304] contig=1 data=0xffffd55e47cd4000 view_src=none view_offs=0 layout_mode=none layout_ptr=(nil) layout_size=0
[SYCL-ADD-DBG] ADD src0: name=ffn_up-0 type=f32 op=MUL_MAT ne=[384,64,1,1] nb=[4,1536,98304,98304] contig=1 data=0xffffd55e47cd4000 view_src=none view_offs=0 layout_mode=none layout_ptr=(nil) layout_size=0
[SYCL-ADD-DBG] ADD src1: name=blk.0.ffn_up.bias type=f32 op=NONE ne=[384,1,1,1] nb=[4,1536,1536,1536] contig=1 data=0x78d277e8b040 view_src=none view_offs=0 layout_mode=aos layout_ptr=(nil) layout_size=1536
[SYCL][OP] call ggml_sycl_add: dst='ffn_up_b-0':type=f32;ne=[384, 64, 1, 1];nb=[4, 1536, 98304, 98304]	src0='ffn_up-0':type=f32;ne=[384, 64, 1, 1];nb=[4, 1536, 98304, 98304]	src1='blk.0.ffn_up.bias':type=f32;ne=[384, 1, 1, 1];nb=[4, 1536, 1536, 1536]
[SYCL-ADD-DBG] ADD src0: name=ffn_up-0 type=f32 ne=[384,64,1,1] nb=[4,1536,98304,98304] contig=1 data=0xffffd55e47cd4000 view_src=none view_offs=0 layout_mode=none layout_ptr=(nil) layout_size=0
[SYCL-ADD-DBG] ADD src1: name=blk.0.ffn_up.bias type=f32 ne=[384,1,1,1] nb=[4,1536,1536,1536] contig=1 data=0x78d277e8b040 view_src=none view_offs=0 layout_mode=aos layout_ptr=(nil) layout_size=1536
[SYCL-ADD-DBG] ADD dst: name=ffn_up_b-0 type=f32 ne=[384,64,1,1] nb=[4,1536,98304,98304] contig=1 data=0xffffd55e47cd4000 view_src=none view_offs=0 layout_mode=none layout_ptr=(nil) layout_size=0
[BINBCAST-PTR] src0=ffn_up-0 src0_host=0xffffd55e47cd4000 src0_d=0xffffd55e47cd4000
[BINBCAST-PTR] src1=blk.0.ffn_up.bias src1_host=0x78d277e8b040 src1_d=0xffffd556b6bebc00
[SYCL][OP] call ggml_sycl_add done
[DEBUG-IMPL] Node 41/98: op=7 name=ffn_up_s-0
[SYCL] simple consumer routing declined: op=MUL dst=ffn_up_s-0 local single-device plan ctx=0 target=0
[SYCL][OP] call ggml_sycl_mul: dst='ffn_up_s-0':type=f32;ne=[384, 64, 1, 1];nb=[4, 1536, 98304, 98304]	src0='ffn_up_b-0':type=f32;ne=[384, 64, 1, 1];nb=[4, 1536, 98304, 98304]	src1='blk.0.ffn_up.scale':type=f32;ne=[1, 1, 1, 1];nb=[4, 4, 4, 4]
[BINBCAST-PTR] src0=ffn_up_b-0 src0_host=0xffffd55e47cd4000 src0_d=0xffffd55e47cd4000
[BINBCAST-PTR] src1=blk.0.ffn_up.scale src1_host=0x78d2780adf00 src1_d=0xffffd556b6beca00
[SYCL][OP] call ggml_sycl_mul done
[DEBUG-IMPL] Node 42/98: op=97 name=ffn_swiglu-0
[SYCL] simple consumer routing declined: op=GLU dst=ffn_swiglu-0 local single-device plan ctx=0 target=0
[SYCL][OP] call ggml_sycl_swiglu: dst='ffn_swiglu-0':type=f32;ne=[384, 64, 1, 1];nb=[4, 1536, 98304, 98304]	src0='ffn_gate_s-0':type=f32;ne=[384, 64, 1, 1];nb=[4, 1536, 98304, 98304]
[SYCL][OP] call ggml_sycl_swiglu done
[DEBUG-IMPL] Node 43/98: op=29 name=ffn_down-0
[SYCL] simple consumer routing declined: op=MUL_MAT dst=ffn_down-0 plan unavailable ctx=0
[DEBUG-MULMAT] ENTER: src0=blk.0.ffn_down.weight src1=ffn_swiglu-0 dst=ffn_down-0
[SYCL][OP] call ggml_sycl_mul_mat: dst='ffn_down-0':type=f32;ne=[256, 64, 1, 1];nb=[4, 1024, 65536, 65536]	src0='blk.0.ffn_down.weight':type=f32;ne=[384, 256, 1, 1];nb=[4, 1536, 393216, 393216]	src1='ffn_swiglu-0':type=f32;ne=[384, 64, 1, 1];nb=[4, 1536, 98304, 98304]
[XMXConfig] device=0: M=8 N=16 K_INT8=32 K_FP16=16 SLM=131072 nsm=256 supported=1 int8=1 fp16=1 double_buf=1 max_esimd_wg=64 nbarrier=0 esimd_dpas=1
[MUL_MAT] src0 device=0 ptr=0xffffd556b6b2b600 (tensor=blk.0.ffn_down.weight layout=0)
[MUL_MAT] dst device=0 ptr=0xffffd55e47cd4000 (tensor=ffn_down-0)
[SYCL] weight cache lookup: tensor=0x20db5610 name=blk.0.ffn_down.weight device=0
[SYCL][OP] call ggml_sycl_mul_mat done
[DEBUG-IMPL] Node 44/98: op=2 name=node_44
[SYCL] simple consumer routing declined: op=ADD dst=node_44 local single-device plan ctx=0 target=0
[SYCL-ADD-DBG] ADD dst: name=node_44 type=f32 op=ADD ne=[256,64,1,1] nb=[4,1024,65536,65536] contig=1 data=0xffffd55e47cd4000 view_src=none view_offs=0 layout_mode=none layout_ptr=(nil) layout_size=0
[SYCL-ADD-DBG] ADD src0: name=ffn_down-0 type=f32 op=MUL_MAT ne=[256,64,1,1] nb=[4,1024,65536,65536] contig=1 data=0xffffd55e47cd4000 view_src=none view_offs=0 layout_mode=none layout_ptr=(nil) layout_size=0
[SYCL-ADD-DBG] ADD src1: name=blk.0.ffn_down.bias type=f32 op=NONE ne=[256,1,1,1] nb=[4,1024,1024,1024] contig=1 data=0x78d277e8ac40 view_src=none view_offs=0 layout_mode=aos layout_ptr=(nil) layout_size=1024
[SYCL][OP] call ggml_sycl_add: dst='node_44':type=f32;ne=[256, 64, 1, 1];nb=[4, 1024, 65536, 65536]	src0='ffn_down-0':type=f32;ne=[256, 64, 1, 1];nb=[4, 1024, 65536, 65536]	src1='blk.0.ffn_down.bias':type=f32;ne=[256, 1, 1, 1];nb=[4, 1024, 1024, 1024]
[SYCL-ADD-DBG] ADD src0: name=ffn_down-0 type=f32 ne=[256,64,1,1] nb=[4,1024,65536,65536] contig=1 data=0xffffd55e47cd4000 view_src=none view_offs=0 layout_mode=none layout_ptr=(nil) layout_size=0
[SYCL-ADD-DBG] ADD src1: name=blk.0.ffn_down.bias type=f32 ne=[256,1,1,1] nb=[4,1024,1024,1024] contig=1 data=0x78d277e8ac40 view_src=none view_offs=0 layout_mode=aos layout_ptr=(nil) layout_size=1024
[SYCL-ADD-DBG] ADD dst: name=node_44 type=f32 ne=[256,64,1,1] nb=[4,1024,65536,65536] contig=1 data=0xffffd55e47cd4000 view_src=none view_offs=0 layout_mode=none layout_ptr=(nil) layout_size=0
[BINBCAST-PTR] src0=ffn_down-0 src0_host=0xffffd55e47cd4000 src0_d=0xffffd55e47cd4000
[BINBCAST-PTR] src1=blk.0.ffn_down.bias src1_host=0x78d277e8ac40 src1_d=0xffffd556b6bec200
[SYCL][OP] call ggml_sycl_add done
[DEBUG-IMPL] Node 45/98: op=7 name=ffn_out-0
[SYCL] simple consumer routing declined: op=MUL dst=ffn_out-0 local single-device plan ctx=0 target=0
[SYCL][OP] call ggml_sycl_mul: dst='ffn_out-0':type=f32;ne=[256, 64, 1, 1];nb=[4, 1024, 65536, 65536]	src0='node_44':type=f32;ne=[256, 64, 1, 1];nb=[4, 1024, 65536, 65536]	src1='blk.0.ffn_down.scale':type=f32;ne=[1, 1, 1, 1];nb=[4, 4, 4, 4]
[BINBCAST-PTR] src0=node_44 src0_host=0xffffd55e47cd4000 src0_d=0xffffd55e47cd4000
[BINBCAST-PTR] src1=blk.0.ffn_down.scale src1_host=0x78d2780adee0 src1_d=0xffffd556b6becb00
[SYCL][OP] call ggml_sycl_mul done
[DEBUG-IMPL] Node 46/98: op=2 name=l_out-0
[DEBUG-IMPL] Node 48/98: op=7 name=attn_norm-1
[SYCL] simple consumer routing declined: op=MUL dst=attn_norm-1 local single-device plan ctx=0 target=0
[SYCL][OP] call ggml_sycl_mul: dst='attn_norm-1':type=f32;ne=[256, 64, 1, 1];nb=[4, 1024, 65536, 65536]	src0='norm-1':type=f32;ne=[256, 64, 1, 1];nb=[4, 1024, 65536, 65536]	src1='blk.1.attn_norm.weight':type=f32;ne=[256, 1, 1, 1];nb=[4, 1024, 1024, 1024]
[BINBCAST-PTR] src0=norm-1 src0_host=0xffffd55e47c9c000 src0_d=0xffffd55e47c9c000
[BINBCAST-PTR] src1=blk.1.attn_norm.weight src1_host=0x78d277e8b640 src1_d=0xffffd556b68a7d00
[SYCL][OP] call ggml_sycl_mul done
[DEBUG-IMPL] Node 49/98: op=29 name=node_49
[SYCL] simple consumer routing declined: op=MUL_MAT dst=node_49 plan unavailable ctx=0
[DEBUG-MULMAT] ENTER: src0=blk.1.attn_q.weight src1=attn_norm-1 dst=node_49
[SYCL][OP] call ggml_sycl_mul_mat: dst='node_49':type=f32;ne=[256, 64, 1, 1];nb=[4, 1024, 65536, 65536]	src0='blk.1.attn_q.weight':type=f32;ne=[256, 256, 1, 1];nb=[4, 1024, 262144, 262144]	src1='attn_norm-1':type=f32;ne=[256, 64, 1, 1];nb=[4, 1024, 65536, 65536]
[XMXConfig] device=0: M=8 N=16 K_INT8=32 K_FP16=16 SLM=131072 nsm=256 supported=1 int8=1 fp16=1 double_buf=1 max_esimd_wg=64 nbarrier=0 esimd_dpas=1
[MUL_MAT] src0 device=0 ptr=0xffffd556b69c9d00 (tensor=blk.1.attn_q.weight layout=0)
[MUL_MAT] dst device=0 ptr=0xffffd55e47cac000 (tensor=node_49)
[SYCL] weight cache lookup: tensor=0x20db5f70 name=blk.1.attn_q.weight device=0
[SYCL][OP] call ggml_sycl_mul_mat done
[DEBUG-IMPL] Node 50/98: op=7 name=Qcur-1
[DEBUG-IMPL] Node 52/98: op=36 name=Qcur-1
[DEBUG-IMPL] Node 53/98: op=49 name=Qcur-1
[SYCL] simple consumer routing declined: op=ROPE dst=Qcur-1 local single-device plan ctx=0 target=0
[SYCL][OP] call ggml_sycl_rope: dst='Qcur-1':type=f32;ne=[128, 2, 64, 1];nb=[4, 512, 1024, 65536]	src0='Qcur-1':type=f32;ne=[128, 2, 64, 1];nb=[4, 512, 1024, 65536]	src1='leaf_7':type=i32;ne=[64, 1, 1, 1];nb=[4, 256, 256, 256]	src2='rope_freqs.weight':type=f32;ne=[64, 1, 1, 1];nb=[4, 256, 256, 256]
ggml_sycl_op_rope: norm path
[SYCL][OP] call ggml_sycl_rope done
[DEBUG-IMPL] Node 54/98: op=29 name=node_54
[SYCL] simple consumer routing declined: op=MUL_MAT dst=node_54 plan unavailable ctx=0
[DEBUG-MULMAT] ENTER: src0=blk.1.attn_v.weight src1=attn_norm-1 dst=node_54
[SYCL][OP] call ggml_sycl_mul_mat: dst='node_54':type=f32;ne=[256, 64, 1, 1];nb=[4, 1024, 65536, 65536]	src0='blk.1.attn_v.weight':type=f32;ne=[256, 256, 1, 1];nb=[4, 1024, 262144, 262144]	src1='attn_norm-1':type=f32;ne=[256, 64, 1, 1];nb=[4, 1024, 65536, 65536]
[XMXConfig] device=0: M=8 N=16 K_INT8=32 K_FP16=16 SLM=131072 nsm=256 supported=1 int8=1 fp16=1 double_buf=1 max_esimd_wg=64 nbarrier=0 esimd_dpas=1
[MUL_MAT] src0 device=0 ptr=0xffffd556b6a49d00 (tensor=blk.1.attn_v.weight layout=0)
[MUL_MAT] dst device=0 ptr=0xffffd55e47cac000 (tensor=node_54)
[SYCL] weight cache lookup: tensor=0x20db6290 name=blk.1.attn_v.weight device=0
[SYCL][OP] call ggml_sycl_mul_mat done
[DEBUG-IMPL] Node 55/98: op=7 name=Vcur-1
[DEBUG-IMPL] Node 57/98: op=36 name=Vcur-1
[DEBUG-IMPL] Node 58/98: op=29 name=node_58
[SYCL] simple consumer routing declined: op=MUL_MAT dst=node_58 plan unavailable ctx=0
[DEBUG-MULMAT] ENTER: src0=blk.1.attn_k.weight src1=attn_norm-1 dst=node_58
[SYCL][OP] call ggml_sycl_mul_mat: dst='node_58':type=f32;ne=[256, 64, 1, 1];nb=[4, 1024, 65536, 65536]	src0='blk.1.attn_k.weight':type=f32;ne=[256, 256, 1, 1];nb=[4, 1024, 262144, 262144]	src1='attn_norm-1':type=f32;ne=[256, 64, 1, 1];nb=[4, 1024, 65536, 65536]
[XMXConfig] device=0: M=8 N=16 K_INT8=32 K_FP16=16 SLM=131072 nsm=256 supported=1 int8=1 fp16=1 double_buf=1 max_esimd_wg=64 nbarrier=0 esimd_dpas=1
[MUL_MAT] src0 device=0 ptr=0xffffd556b6a09d00 (tensor=blk.1.attn_k.weight layout=0)
[MUL_MAT] dst device=0 ptr=0xffffd55e47ce4000 (tensor=node_58)
[SYCL] weight cache lookup: tensor=0x20db6100 name=blk.1.attn_k.weight device=0
[SYCL][OP] call ggml_sycl_mul_mat done
[DEBUG-IMPL] Node 59/98: op=7 name=Kcur-1
[DEBUG-IMPL] Node 61/98: op=36 name=Kcur-1
[DEBUG-IMPL] Node 62/98: op=49 name=Kcur-1
[SYCL] simple consumer routing declined: op=ROPE dst=Kcur-1 local single-device plan ctx=0 target=0
[SYCL][OP] call ggml_sycl_rope: dst='Kcur-1':type=f32;ne=[128, 2, 64, 1];nb=[4, 512, 1024, 65536]	src0='Kcur-1':type=f32;ne=[128, 2, 64, 1];nb=[4, 512, 1024, 65536]	src1='leaf_7':type=i32;ne=[64, 1, 1, 1];nb=[4, 256, 256, 256]	src2='rope_freqs.weight':type=f32;ne=[64, 1, 1, 1];nb=[4, 256, 256, 256]
ggml_sycl_op_rope: norm path
[SYCL][OP] call ggml_sycl_rope done
[DEBUG-IMPL] Node 63/98: op=37 name=Kcur-1 (view)
[DEBUG-IMPL] Node 64/98: op=42 name=cache_k_l1 (view)
[SYCL] simple consumer routing declined: op=SET_ROWS dst=cache_k_l1 (view) plan unavailable ctx=0
[SYCL][OP] call ggml_sycl_op_set_rows: dst='cache_k_l1 (view)':type=f16;ne=[256, 256, 1, 1];nb=[2, 512, 131072, 131072]	src0='Kcur-1 (view)':type=f32;ne=[256, 64, 1, 1];nb=[4, 1024, 65536, 65536]	src1='leaf_15':type=i64;ne=[64, 1, 1, 1];nb=[8, 512, 512, 512]
[SYCL][OP] call ggml_sycl_op_set_rows done
[DEBUG-IMPL] Node 65/98: op=37 name=Vcur-1 (view)
[DEBUG-IMPL] Node 66/98: op=42 name=cache_v_l1 (view)
[SYCL] simple consumer routing declined: op=SET_ROWS dst=cache_v_l1 (view) plan unavailable ctx=0
[SYCL][OP] call ggml_sycl_op_set_rows: dst='cache_v_l1 (view)':type=f16;ne=[256, 256, 1, 1];nb=[2, 512, 131072, 131072]	src0='Vcur-1 (view)':type=f32;ne=[256, 64, 1, 1];nb=[4, 1024, 65536, 65536]	src1='leaf_17':type=i64;ne=[64, 1, 1, 1];nb=[8, 512, 512, 512]
[SYCL][OP] call ggml_sycl_op_set_rows done
[DEBUG-IMPL] Node 67/98: op=37 name=Qcur-1 (view)
[DEBUG-IMPL] Node 68/98: op=38 name=Qcur-1 (view) (permuted)
[DEBUG-IMPL] Node 69/98: op=34 name=Qcur-1 (view) (permuted) (copy)
[SYCL] simple consumer routing declined: op=CPY dst=Qcur-1 (view) (permuted) (copy) local single-device plan ctx=0 target=0
[SYCL][OP] call ggml_sycl_cpy: dst='Qcur-1 (view) (permuted) (copy)':type=f16;ne=[128, 64, 2, 1];nb=[2, 256, 16384, 32768]	src0='Qcur-1 (view) (permuted)':type=f32;ne=[128, 64, 2, 1];nb=[4, 1024, 512, 65536];strided;permuted
[CPY] device=0 main_stream=0x1d26bec0 tp_queue=(nil) (match=0)
[CPY DEBUG] device=0 src0=Qcur-1 (view) (permuted)(0xffffd55e47cbc000, usm=1) -> src1=Qcur-1 (view) (permuted) (copy)(0xffffd55e47ccc000, usm=1) size=65536
[CPY STAGING CHECK] device=0 needs_staging=0 src0_type=1 dst_is_device=1
[SYCL][OP] call ggml_sycl_cpy done
[DEBUG-IMPL] Node 70/98: op=37 name=cache_k_l1 (view)
[DEBUG-IMPL] Node 71/98: op=38 name=cache_k_l1 (view) (permuted)
[DEBUG-IMPL] Node 72/98: op=37 name=cache_v_l1 (view)
[DEBUG-IMPL] Node 73/98: op=38 name=cache_v_l1 (view) (permuted)
[DEBUG-IMPL] Node 74/98: op=75 name=node_74
[SYCL] simple consumer routing declined: op=FLASH_ATTN_EXT dst=node_74 plan unavailable ctx=0
ggml_sycl_get_data_ptr_slow: tensor=Qcur-1 (view) (permuted) (copy), device=1, rejecting tensor->data=0xffffd55e47ccc000 owned by device 0
ggml_sycl_get_data_ptr_slow: tensor=node_74, device=1, rejecting tensor->data=0xffffd55e47c9c000 owned by device 0
[DEBUG-IMPL] Node 75/98: op=36 name=kqv_out-1
[DEBUG-IMPL] Node 76/98: op=29 name=node_76
[SYCL] simple consumer routing declined: op=MUL_MAT dst=node_76 plan unavailable ctx=0
[DEBUG-MULMAT] ENTER: src0=blk.1.attn_output.weight src1=kqv_out-1 dst=node_76
[SYCL][OP] call ggml_sycl_mul_mat: dst='node_76':type=f32;ne=[256, 64, 1, 1];nb=[4, 1024, 65536, 65536]	src0='blk.1.attn_output.weight':type=f32;ne=[256, 256, 1, 1];nb=[4, 1024, 262144, 262144]	src1='kqv_out-1':type=f32;ne=[256, 64, 1, 1];nb=[4, 1024, 65536, 65536]
[XMXConfig] device=0: M=8 N=16 K_INT8=32 K_FP16=16 SLM=131072 nsm=256 supported=1 int8=1 fp16=1 double_buf=1 max_esimd_wg=64 nbarrier=0 esimd_dpas=1
[MUL_MAT] src0 device=0 ptr=0xffffd556b6a89d00 (tensor=blk.1.attn_output.weight layout=0)
[MUL_MAT] dst device=0 ptr=0xffffd55e47cac000 (tensor=node_76)
[SYCL] weight cache lookup: tensor=0x20db68d0 name=blk.1.attn_output.weight device=0
[SYCL][OP] call ggml_sycl_mul_mat done
[DEBUG-IMPL] Node 77/98: op=7 name=node_77
[DEBUG-IMPL] Node 79/98: op=40 name=node_79
ggml_sycl_get_data_ptr_slow: tensor=leaf_51, device=0, staging FAILED for non-device (type=0), using tensor->data=0x78d2780c6840
ggml_sycl_get_data_ptr_slow: tensor=leaf_51, device=0, using tensor->data=0x78d2780c6840
[SYCL][OP] call ggml_sycl_get_rows: dst='node_79':type=f32;ne=[256, 64, 1, 1];nb=[4, 1024, 65536, 65536]	src0='attn_out-1':type=f32;ne=[256, 64, 1, 1];nb=[4, 1024, 65536, 65536]	src1='leaf_51':type=i32;ne=[64, 1, 1, 1];nb=[4, 256, 256, 256]
[SYCL] weight cache lookup: tensor=0x21c6cd20 name=attn_out-1 device=0
[SYCL][OP] call ggml_sycl_get_rows done
[DEBUG-IMPL] Node 80/98: op=40 name=node_80
[SYCL][OP] call ggml_sycl_get_rows: dst='node_80':type=f32;ne=[256, 64, 1, 1];nb=[4, 1024, 65536, 65536]	src0='l_out-0':type=f32;ne=[256, 64, 1, 1];nb=[4, 1024, 65536, 65536]	src1='leaf_51':type=i32;ne=[64, 1, 1, 1];nb=[4, 256, 256, 256]
[SYCL] weight cache lookup: tensor=0x21c69b20 name=l_out-0 device=0
[SYCL][OP] call ggml_sycl_get_rows done
[DEBUG-IMPL] Node 81/98: op=2 name=ffn_inp-1
[DEBUG-IMPL] Node 83/98: op=7 name=ffn_norm-1
[SYCL] simple consumer routing declined: op=MUL dst=ffn_norm-1 local single-device plan ctx=0 target=0
[SYCL][OP] call ggml_sycl_mul: dst='ffn_norm-1':type=f32;ne=[256, 64, 1, 1];nb=[4, 1024, 65536, 65536]	src0='norm-1':type=f32;ne=[256, 64, 1, 1];nb=[4, 1024, 65536, 65536]	src1='blk.1.ffn_norm.weight':type=f32;ne=[256, 1, 1, 1];nb=[4, 1024, 1024, 1024]
[BINBCAST-PTR] src0=norm-1 src0_host=0xffffd55e47cac000 src0_d=0xffffd55e47cac000
[BINBCAST-PTR] src1=blk.1.ffn_norm.weight src1_host=0x78d277f8ca40 src1_d=0xffffd556b68a8100
[SYCL][OP] call ggml_sycl_mul done
[DEBUG-IMPL] Node 84/98: op=29 name=ffn_gate-1
[SYCL] simple consumer routing declined: op=MUL_MAT dst=ffn_gate-1 plan unavailable ctx=0
[DEBUG-MULMAT] ENTER: src0=blk.1.ffn_gate.weight src1=ffn_norm-1 dst=ffn_gate-1
[SYCL][OP] call ggml_sycl_mul_mat: dst='ffn_gate-1':type=f32;ne=[384, 64, 1, 1];nb=[4, 1536, 98304, 98304]	src0='blk.1.ffn_gate.weight':type=f32;ne=[256, 384, 1, 1];nb=[4, 1024, 393216, 393216]	src1='ffn_norm-1':type=f32;ne=[256, 64, 1, 1];nb=[4, 1024, 65536, 65536]
[XMXConfig] device=0: M=8 N=16 K_INT8=32 K_FP16=16 SLM=131072 nsm=256 supported=1 int8=1 fp16=1 double_buf=1 max_esimd_wg=64 nbarrier=0 esimd_dpas=1
[MUL_MAT] src0 device=0 ptr=0xffffd556b6cacc00 (tensor=blk.1.ffn_gate.weight layout=0)
[MUL_MAT] dst device=0 ptr=0xffffd55e47cbc000 (tensor=ffn_gate-1)
[SYCL] weight cache lookup: tensor=0x20db6d80 name=blk.1.ffn_gate.weight device=0
[SYCL][OP] call ggml_sycl_mul_mat done
[DEBUG-IMPL] Node 85/98: op=2 name=ffn_gate_b-1
[SYCL] simple consumer routing declined: op=ADD dst=ffn_gate_b-1 local single-device plan ctx=0 target=0
[SYCL-ADD-DBG] ADD dst: name=ffn_gate_b-1 type=f32 op=ADD ne=[384,64,1,1] nb=[4,1536,98304,98304] contig=1 data=0xffffd55e47cbc000 view_src=none view_offs=0 layout_mode=none layout_ptr=(nil) layout_size=0
[SYCL-ADD-DBG] ADD src0: name=ffn_gate-1 type=f32 op=MUL_MAT ne=[384,64,1,1] nb=[4,1536,98304,98304] contig=1 data=0xffffd55e47cbc000 view_src=none view_offs=0 layout_mode=none layout_ptr=(nil) layout_size=0
[SYCL-ADD-DBG] ADD src1: name=blk.1.ffn_gate.bias type=f32 op=NONE ne=[384,1,1,1] nb=[4,1536,1536,1536] contig=1 data=0x78d2780ace40 view_src=none view_offs=0 layout_mode=aos layout_ptr=(nil) layout_size=1536
[SYCL][OP] call ggml_sycl_add: dst='ffn_gate_b-1':type=f32;ne=[384, 64, 1, 1];nb=[4, 1536, 98304, 98304]	src0='ffn_gate-1':type=f32;ne=[384, 64, 1, 1];nb=[4, 1536, 98304, 98304]	src1='blk.1.ffn_gate.bias':type=f32;ne=[384, 1, 1, 1];nb=[4, 1536, 1536, 1536]
[SYCL-ADD-DBG] ADD src0: name=ffn_gate-1 type=f32 ne=[384,64,1,1] nb=[4,1536,98304,98304] contig=1 data=0xffffd55e47cbc000 view_src=none view_offs=0 layout_mode=none layout_ptr=(nil) layout_size=0
[SYCL-ADD-DBG] ADD src1: name=blk.1.ffn_gate.bias type=f32 ne=[384,1,1,1] nb=[4,1536,1536,1536] contig=1 data=0x78d2780ace40 view_src=none view_offs=0 layout_mode=aos layout_ptr=(nil) layout_size=1536
[SYCL-ADD-DBG] ADD dst: name=ffn_gate_b-1 type=f32 ne=[384,64,1,1] nb=[4,1536,98304,98304] contig=1 data=0xffffd55e47cbc000 view_src=none view_offs=0 layout_mode=none layout_ptr=(nil) layout_size=0
[BINBCAST-PTR] src0=ffn_gate-1 src0_host=0xffffd55e47cbc000 src0_d=0xffffd55e47cbc000
[BINBCAST-PTR] src1=blk.1.ffn_gate.bias src1_host=0x78d2780ace40 src1_d=0xffffd556b6d0d200
[SYCL][OP] call ggml_sycl_add done
[DEBUG-IMPL] Node 86/98: op=7 name=ffn_gate_s-1
[SYCL] simple consumer routing declined: op=MUL dst=ffn_gate_s-1 local single-device plan ctx=0 target=0
[SYCL][OP] call ggml_sycl_mul: dst='ffn_gate_s-1':type=f32;ne=[384, 64, 1, 1];nb=[4, 1536, 98304, 98304]	src0='ffn_gate_b-1':type=f32;ne=[384, 64, 1, 1];nb=[4, 1536, 98304, 98304]	src1='blk.1.ffn_gate.scale':type=f32;ne=[1, 1, 1, 1];nb=[4, 4, 4, 4]
[BINBCAST-PTR] src0=ffn_gate_b-1 src0_host=0xffffd55e47cbc000 src0_d=0xffffd55e47cbc000
[BINBCAST-PTR] src1=blk.1.ffn_gate.scale src1_host=0x78d2780ae080 src1_d=0xffffd556b6d0dc00
[SYCL][OP] call ggml_sycl_mul done
[DEBUG-IMPL] Node 87/98: op=29 name=ffn_up-1
[SYCL] simple consumer routing declined: op=MUL_MAT dst=ffn_up-1 plan unavailable ctx=0
[DEBUG-MULMAT] ENTER: src0=blk.1.ffn_up.weight src1=ffn_norm-1 dst=ffn_up-1
[SYCL][OP] call ggml_sycl_mul_mat: dst='ffn_up-1':type=f32;ne=[384, 64, 1, 1];nb=[4, 1536, 98304, 98304]	src0='blk.1.ffn_up.weight':type=f32;ne=[256, 384, 1, 1];nb=[4, 1024, 393216, 393216]	src1='ffn_norm-1':type=f32;ne=[256, 64, 1, 1];nb=[4, 1024, 65536, 65536]
[XMXConfig] device=0: M=8 N=16 K_INT8=32 K_FP16=16 SLM=131072 nsm=256 supported=1 int8=1 fp16=1 double_buf=1 max_esimd_wg=64 nbarrier=0 esimd_dpas=1
[MUL_MAT] src0 device=0 ptr=0xffffd556b6becc00 (tensor=blk.1.ffn_up.weight layout=0)
[MUL_MAT] dst device=0 ptr=0xffffd55e47cd4000 (tensor=ffn_up-1)
[SYCL] weight cache lookup: tensor=0x20db70a0 name=blk.1.ffn_up.weight device=0
[SYCL][OP] call ggml_sycl_mul_mat done
[DEBUG-IMPL] Node 88/98: op=2 name=ffn_up_b-1
[SYCL] simple consumer routing declined: op=ADD dst=ffn_up_b-1 local single-device plan ctx=0 target=0
[SYCL-ADD-DBG] ADD dst: name=ffn_up_b-1 type=f32 op=ADD ne=[384,64,1,1] nb=[4,1536,98304,98304] contig=1 data=0xffffd55e47cd4000 view_src=none view_offs=0 layout_mode=none layout_ptr=(nil) layout_size=0
[SYCL-ADD-DBG] ADD src0: name=ffn_up-1 type=f32 op=MUL_MAT ne=[384,64,1,1] nb=[4,1536,98304,98304] contig=1 data=0xffffd55e47cd4000 view_src=none view_offs=0 layout_mode=none layout_ptr=(nil) layout_size=0
[SYCL-ADD-DBG] ADD src1: name=blk.1.ffn_up.bias type=f32 op=NONE ne=[384,1,1,1] nb=[4,1536,1536,1536] contig=1 data=0x78d2780ad840 view_src=none view_offs=0 layout_mode=aos layout_ptr=(nil) layout_size=1536
[SYCL][OP] call ggml_sycl_add: dst='ffn_up_b-1':type=f32;ne=[384, 64, 1, 1];nb=[4, 1536, 98304, 98304]	src0='ffn_up-1':type=f32;ne=[384, 64, 1, 1];nb=[4, 1536, 98304, 98304]	src1='blk.1.ffn_up.bias':type=f32;ne=[384, 1, 1, 1];nb=[4, 1536, 1536, 1536]
[SYCL-ADD-DBG] ADD src0: name=ffn_up-1 type=f32 ne=[384,64,1,1] nb=[4,1536,98304,98304] contig=1 data=0xffffd55e47cd4000 view_src=none view_offs=0 layout_mode=none layout_ptr=(nil) layout_size=0
[SYCL-ADD-DBG] ADD src1: name=blk.1.ffn_up.bias type=f32 ne=[384,1,1,1] nb=[4,1536,1536,1536] contig=1 data=0x78d2780ad840 view_src=none view_offs=0 layout_mode=aos layout_ptr=(nil) layout_size=1536
[SYCL-ADD-DBG] ADD dst: name=ffn_up_b-1 type=f32 ne=[384,64,1,1] nb=[4,1536,98304,98304] contig=1 data=0xffffd55e47cd4000 view_src=none view_offs=0 layout_mode=none layout_ptr=(nil) layout_size=0
[BINBCAST-PTR] src0=ffn_up-1 src0_host=0xffffd55e47cd4000 src0_d=0xffffd55e47cd4000
[BINBCAST-PTR] src1=blk.1.ffn_up.bias src1_host=0x78d2780ad840 src1_d=0xffffd556b6d0cc00
[SYCL][OP] call ggml_sycl_add done
[DEBUG-IMPL] Node 89/98: op=7 name=ffn_up_s-1
[SYCL] simple consumer routing declined: op=MUL dst=ffn_up_s-1 local single-device plan ctx=0 target=0
[SYCL][OP] call ggml_sycl_mul: dst='ffn_up_s-1':type=f32;ne=[384, 64, 1, 1];nb=[4, 1536, 98304, 98304]	src0='ffn_up_b-1':type=f32;ne=[384, 64, 1, 1];nb=[4, 1536, 98304, 98304]	src1='blk.1.ffn_up.scale':type=f32;ne=[1, 1, 1, 1];nb=[4, 4, 4, 4]
[BINBCAST-PTR] src0=ffn_up_b-1 src0_host=0xffffd55e47cd4000 src0_d=0xffffd55e47cd4000
[BINBCAST-PTR] src1=blk.1.ffn_up.scale src1_host=0x78d2780ae0c0 src1_d=0xffffd556b6d0de00
[SYCL][OP] call ggml_sycl_mul done
[DEBUG-IMPL] Node 90/98: op=97 name=ffn_swiglu-1
[SYCL] simple consumer routing declined: op=GLU dst=ffn_swiglu-1 local single-device plan ctx=0 target=0
[SYCL][OP] call ggml_sycl_swiglu: dst='ffn_swiglu-1':type=f32;ne=[384, 64, 1, 1];nb=[4, 1536, 98304, 98304]	src0='ffn_gate_s-1':type=f32;ne=[384, 64, 1, 1];nb=[4, 1536, 98304, 98304]
[SYCL][OP] call ggml_sycl_swiglu done
[DEBUG-IMPL] Node 91/98: op=29 name=ffn_down-1
[SYCL] simple consumer routing declined: op=MUL_MAT dst=ffn_down-1 plan unavailable ctx=0
[DEBUG-MULMAT] ENTER: src0=blk.1.ffn_down.weight src1=ffn_swiglu-1 dst=ffn_down-1
[SYCL][OP] call ggml_sycl_mul_mat: dst='ffn_down-1':type=f32;ne=[256, 64, 1, 1];nb=[4, 1024, 65536, 65536]	src0='blk.1.ffn_down.weight':type=f32;ne=[384, 256, 1, 1];nb=[4, 1536, 393216, 393216]	src1='ffn_swiglu-1':type=f32;ne=[384, 64, 1, 1];nb=[4, 1536, 98304, 98304]
[XMXConfig] device=0: M=8 N=16 K_INT8=32 K_FP16=16 SLM=131072 nsm=256 supported=1 int8=1 fp16=1 double_buf=1 max_esimd_wg=64 nbarrier=0 esimd_dpas=1
[MUL_MAT] src0 device=0 ptr=0xffffd556b6c4cc00 (tensor=blk.1.ffn_down.weight layout=0)
[MUL_MAT] dst device=0 ptr=0xffffd55e47cac000 (tensor=ffn_down-1)
[SYCL] weight cache lookup: tensor=0x20db6f10 name=blk.1.ffn_down.weight device=0
[SYCL][OP] call ggml_sycl_mul_mat done
[DEBUG-IMPL] Node 92/98: op=2 name=node_92
[SYCL] simple consumer routing declined: op=ADD dst=node_92 local single-device plan ctx=0 target=0
[SYCL-ADD-DBG] ADD dst: name=node_92 type=f32 op=ADD ne=[256,64,1,1] nb=[4,1024,65536,65536] contig=1 data=0xffffd55e47cac000 view_src=none view_offs=0 layout_mode=none layout_ptr=(nil) layout_size=0
[SYCL-ADD-DBG] ADD src0: name=ffn_down-1 type=f32 op=MUL_MAT ne=[256,64,1,1] nb=[4,1024,65536,65536] contig=1 data=0xffffd55e47cac000 view_src=none view_offs=0 layout_mode=none layout_ptr=(nil) layout_size=0
[SYCL-ADD-DBG] ADD src1: name=blk.1.ffn_down.bias type=f32 op=NONE ne=[256,1,1,1] nb=[4,1024,1024,1024] contig=1 data=0x78d2780ad440 view_src=none view_offs=0 layout_mode=aos layout_ptr=(nil) layout_size=1024
[SYCL][OP] call ggml_sycl_add: dst='node_92':type=f32;ne=[256, 64, 1, 1];nb=[4, 1024, 65536, 65536]	src0='ffn_down-1':type=f32;ne=[256, 64, 1, 1];nb=[4, 1024, 65536, 65536]	src1='blk.1.ffn_down.bias':type=f32;ne=[256, 1, 1, 1];nb=[4, 1024, 1024, 1024]
[SYCL-ADD-DBG] ADD src0: name=ffn_down-1 type=f32 ne=[256,64,1,1] nb=[4,1024,65536,65536] contig=1 data=0xffffd55e47cac000 view_src=none view_offs=0 layout_mode=none layout_ptr=(nil) layout_size=0
[SYCL-ADD-DBG] ADD src1: name=blk.1.ffn_down.bias type=f32 ne=[256,1,1,1] nb=[4,1024,1024,1024] contig=1 data=0x78d2780ad440 view_src=none view_offs=0 layout_mode=aos layout_ptr=(nil) layout_size=1024
[SYCL-ADD-DBG] ADD dst: name=node_92 type=f32 ne=[256,64,1,1] nb=[4,1024,65536,65536] contig=1 data=0xffffd55e47cac000 view_src=none view_offs=0 layout_mode=none layout_ptr=(nil) layout_size=0
[BINBCAST-PTR] src0=ffn_down-1 src0_host=0xffffd55e47cac000 src0_d=0xffffd55e47cac000
[BINBCAST-PTR] src1=blk.1.ffn_down.bias src1_host=0x78d2780ad440 src1_d=0xffffd556b6d0d800
[SYCL][OP] call ggml_sycl_add done
[DEBUG-IMPL] Node 93/98: op=7 name=ffn_out-1
[SYCL] simple consumer routing declined: op=MUL dst=ffn_out-1 local single-device plan ctx=0 target=0
[SYCL][OP] call ggml_sycl_mul: dst='ffn_out-1':type=f32;ne=[256, 64, 1, 1];nb=[4, 1024, 65536, 65536]	src0='node_92':type=f32;ne=[256, 64, 1, 1];nb=[4, 1024, 65536, 65536]	src1='blk.1.ffn_down.scale':type=f32;ne=[1, 1, 1, 1];nb=[4, 4, 4, 4]
[BINBCAST-PTR] src0=node_92 src0_host=0xffffd55e47cac000 src0_d=0xffffd55e47cac000
[BINBCAST-PTR] src1=blk.1.ffn_down.scale src1_host=0x78d2780ae0a0 src1_d=0xffffd556b6d0dd00
[SYCL][OP] call ggml_sycl_mul done
[DEBUG-IMPL] Node 94/98: op=2 name=l_out-1
[DEBUG-IMPL] Node 96/98: op=7 name=result_norm
[SYCL] simple consumer routing declined: op=MUL dst=result_norm local single-device plan ctx=0 target=0
[SYCL][OP] call ggml_sycl_mul: dst='result_norm':type=f32;ne=[256, 64, 1, 1];nb=[4, 1024, 65536, 65536]	src0='norm':type=f32;ne=[256, 64, 1, 1];nb=[4, 1024, 65536, 65536]	src1='output_norm.weight':type=f32;ne=[256, 1, 1, 1];nb=[4, 1024, 1024, 1024]
[SYCL-MUL-DBG] device=0 graph_recording=0 dst=result_norm src0=norm src1=output_norm.weight src0_ptr=0xffffd55e47cac000 src1_ptr=0xffffd556b68a7100 dst_ptr=0xffffd55e47cac000 src0_layout=none src1_layout=aos last_graph_event=0 has_barrier=0 exec_graph=0 graph_nodes=0 graph_decode=0
[BINBCAST-PTR] src0=norm src0_host=0xffffd55e47cac000 src0_d=0xffffd55e47cac000
[BINBCAST-PTR] src1=output_norm.weight src1_host=0x78d277c48940 src1_d=0xffffd556b68a7100
[SYCL][OP] call ggml_sycl_mul done
[DEBUG-IMPL] Node 97/98: op=29 name=result_output
[SYCL] simple consumer routing declined: op=MUL_MAT dst=result_output plan unavailable ctx=0
[DEBUG-MULMAT] ENTER: src0=output.weight src1=result_norm dst=result_output
[SYCL][OP] call ggml_sycl_mul_mat: dst='result_output':type=f32;ne=[128, 64, 1, 1];nb=[4, 512, 32768, 32768]	src0='output.weight':type=f32;ne=[256, 128, 1, 1];nb=[4, 1024, 131072, 131072]	src1='result_norm':type=f32;ne=[256, 64, 1, 1];nb=[4, 1024, 65536, 65536]
[XMXConfig] device=0: M=8 N=16 K_INT8=32 K_FP16=16 SLM=131072 nsm=256 supported=1 int8=1 fp16=1 double_buf=1 max_esimd_wg=64 nbarrier=0 esimd_dpas=1
[SYCL] output.weight dispatch kernel=ONEDNN_AOS layout=0 batch=64
[MUL_MAT] src0 device=0 ptr=0xffffd556b68a8500 (tensor=output.weight layout=0)
[MUL_MAT] dst device=0 ptr=0xffffd55e47c9c000 (tensor=result_output)
[SYCL] weight cache lookup: tensor=0x20db41c0 name=output.weight device=0
[SYCL][OP] call ggml_sycl_mul_mat done
[GRAPH-UNPIN] Released 0 graph MoE expert mem_handle leases
[GRAPH-UNPIN-WEIGHTS] Released 0 graph weight mem_handle leases
[SYCL] call ggml_backend_sycl_get_tensor_async: tensor='result_output':type=f32;ne=[128, 64, 1, 1];nb=[4, 512, 32768, 32768] size=32768 offset=0
[SYCL] call ggml_backend_sycl_synchronize
[SYCL] call ggml_backend_sycl_synchronize
[SYCL] call ggml_backend_sycl_synchronize
[SYCL] call ggml_backend_sycl_synchronize
[SYCL] call ggml_backend_sycl_synchronize
[SYCL] call ggml_backend_sycl_synchronize
[SYCL] call ggml_backend_sycl_synchronize
[SYCL] call ggml_backend_sycl_synchronize
[SYCL] call ggml_backend_sycl_synchronize
[SYCL] call ggml_backend_sycl_synchronize
[SYCL] call ggml_backend_sycl_synchronize
[SYCL] call ggml_backend_sycl_synchronize
[SYCL] call ggml_backend_sycl_synchronize
[SYCL] call ggml_backend_sycl_synchronize
[SYCL] call ggml_backend_sycl_synchronize
[SYCL] call ggml_backend_sycl_synchronize
[SYCL] call ggml_backend_sycl_synchronize
[SYCL] call ggml_backend_sycl_synchronize
[SYCL] call ggml_backend_sycl_synchronize
[SYCL] call ggml_backend_sycl_synchronize
[SYCL] call ggml_backend_sycl_synchronize
[SYCL] call ggml_backend_sycl_synchronize
[SYCL] call ggml_backend_sycl_synchronize
[SYCL] call ggml_backend_sycl_synchronize
[SYCL] call ggml_backend_sycl_synchronize
[SYCL] call ggml_backend_sycl_synchronize
[SYCL] call ggml_backend_sycl_synchronize
[SYCL] call ggml_backend_sycl_synchronize
[SYCL] call ggml_backend_sycl_synchronize
[SYCL] call ggml_backend_sycl_synchronize
[SYCL] call ggml_backend_sycl_synchronize
[SYCL] call ggml_backend_sycl_synchronize
[SYCL] call ggml_backend_sycl_synchronize
[SYCL] call ggml_backend_sycl_synchronize
[SYCL] call ggml_backend_sycl_synchronize
[SYCL] call ggml_backend_sycl_synchronize
[SYCL] call ggml_backend_sycl_synchronize
[SYCL] call ggml_backend_sycl_synchronize
[SYCL] call ggml_backend_sycl_synchronize
[SYCL] call ggml_backend_sycl_synchronize
[SYCL] call ggml_backend_sycl_synchronize
[SYCL] call ggml_backend_sycl_synchronize
[SYCL] call ggml_backend_sycl_synchronize
[SYCL] call ggml_backend_sycl_synchronize
[SYCL] call ggml_backend_sycl_synchronize
[SYCL] call ggml_backend_sycl_synchronize
[SYCL] call ggml_backend_sycl_synchronize
[SYCL] call ggml_backend_sycl_synchronize
[SYCL] call ggml_backend_sycl_synchronize
[SYCL] call ggml_backend_sycl_synchronize
[SYCL] call ggml_backend_sycl_synchronize
[SYCL] call ggml_backend_sycl_synchronize
[SYCL] call ggml_backend_sycl_synchronize
[SYCL] call ggml_backend_sycl_synchronize
[SYCL] call ggml_backend_sycl_synchronize
[SYCL] call ggml_backend_sycl_synchronize
[SYCL] call ggml_backend_sycl_synchronize
[SYCL] call ggml_backend_sycl_synchronize
[SYCL] call ggml_backend_sycl_synchronize
[SYCL] call ggml_backend_sycl_synchronize
[SYCL] call ggml_backend_sycl_synchronize
[SYCL] call ggml_backend_sycl_synchronize
[SYCL] call ggml_backend_sycl_synchronize
[SYCL] call ggml_backend_sycl_synchronize
[SYCL] call ggml_backend_sycl_synchronize
[SYCL] call ggml_backend_sycl_synchronize
[SYCL] call ggml_backend_sycl_synchronize
[SYCL] call ggml_backend_sycl_synchronize
[SYCL] call ggml_backend_sycl_synchronize
[SYCL] call ggml_backend_sycl_synchronize
[SYCL] call ggml_backend_sycl_synchronize
[SYCL] call ggml_backend_sycl_synchronize
[SYCL] call ggml_backend_sycl_synchronize
[SYCL] call ggml_backend_sycl_synchronize
[SYCL] call ggml_backend_sycl_synchronize
[SYCL] call ggml_backend_sycl_synchronize
[SYCL] call ggml_backend_sycl_synchronize
[SYCL] call ggml_backend_sycl_synchronize
[SYCL] call ggml_backend_sycl_synchronize
[SYCL] call ggml_backend_sycl_synchronize
[SYCL] call ggml_backend_sycl_synchronize
[SYCL] call ggml_backend_sycl_synchronize
[SYCL] call ggml_backend_sycl_synchronize
[SYCL] call ggml_backend_sycl_synchronize
[SYCL] call ggml_backend_sycl_synchronize
[SYCL] call ggml_backend_sycl_synchronize
[SYCL] call ggml_backend_sycl_synchronize
[SYCL] call ggml_backend_sycl_synchronize
[SYCL] call ggml_backend_sycl_synchronize
[SYCL] call ggml_backend_sycl_synchronize
[SYCL] call ggml_backend_sycl_synchronize
[SYCL] call ggml_backend_sycl_synchronize
[SYCL] call ggml_backend_sycl_synchronize
[SYCL] call ggml_backend_sycl_synchronize
[SYCL] call ggml_backend_sycl_synchronize
[SYCL] call ggml_backend_sycl_synchronize
[SYCL] call ggml_backend_sycl_synchronize
[SYCL] call ggml_backend_sycl_synchronize
[SYCL] call ggml_backend_sycl_synchronize
[SYCL] call ggml_backend_sycl_synchronize
[SYCL] call ggml_backend_sycl_synchronize
[SYCL] call ggml_backend_sycl_synchronize
[SYCL] call ggml_backend_sycl_synchronize
[SYCL] call ggml_backend_sycl_synchronize
[SYCL] call ggml_backend_sycl_synchronize
[SYCL] call ggml_backend_sycl_synchronize
[SYCL] call ggml_backend_sycl_synchronize
[SYCL] call ggml_backend_sycl_synchronize
[SYCL] call ggml_backend_sycl_synchronize
[SYCL] call ggml_backend_sycl_synchronize
[SYCL] call ggml_backend_sycl_synchronize
[SYCL] call ggml_backend_sycl_synchronize
[SYCL] call ggml_backend_sycl_synchronize
[SYCL] call ggml_backend_sycl_synchronize
[SYCL] call ggml_backend_sycl_synchronize
[SYCL] call ggml_backend_sycl_synchronize
[SYCL] call ggml_backend_sycl_synchronize
[SYCL] call ggml_backend_sycl_synchronize
[SYCL] call ggml_backend_sycl_synchronize
[SYCL] call ggml_backend_sycl_synchronize
[SYCL] call ggml_backend_sycl_synchronize
[SYCL] call ggml_backend_sycl_synchronize
[SYCL] call ggml_backend_sycl_synchronize
[SYCL] call ggml_backend_sycl_synchronize
[SYCL] call ggml_backend_sycl_synchronize
[SYCL] call ggml_backend_sycl_synchronize
[SYCL] call ggml_backend_sycl_synchronize
[SYCL] call ggml_backend_sycl_synchronize
[SYCL] call ggml_backend_sycl_synchronize
[SYCL-GRAPH] clearing active graph state (context-drain)
[MEM-HANDLE] released 0 command-graph retained leases
[POOL-LEG] released 0 graph-retained scratch mem_handles
[GRAPH-UNPIN] Released 0 graph MoE expert mem_handle leases
[GRAPH-UNPIN-WEIGHTS] Released 0 graph weight mem_handle leases
[SYCL-GRAPH] clearing active graph state (context-drain)
[MEM-HANDLE] released 0 command-graph retained leases
[POOL-LEG] released 0 graph-retained scratch mem_handles
[GRAPH-UNPIN] Released 0 graph MoE expert mem_handle leases
[GRAPH-UNPIN-WEIGHTS] Released 0 graph weight mem_handle leases
SYCL TP: Freed all persistent FFN buffers via unified-cache handles
SYCL TP: Freed all persistent attention buffers
[MEM-HANDLE] released 0 command-graph retained leases
[POOL-LEG] released 0 graph-retained scratch mem_handles
[GRAPH-UNPIN] Released 0 graph MoE expert mem_handle leases
[GRAPH-UNPIN-WEIGHTS] Released 0 graph weight mem_handle leases
[POOL-LEG] released 0 graph-retained scratch mem_handles
[UNIFIED-CACHE] reclaim_weight_entries(model-teardown) released direct-stage mirror rows before the reclaim scan: weights=0 experts=0
[UNIFIED-CACHE] reclaim weight entries(model-teardown): erased 0 unpinned 0
[UNIFIED-CACHE] reclaim_weight_entries preserving leased model weight model=2 name_hash=0xd13690e99048047c layout=0 leases=1 owners=0x00000000 site=extra->data_handle[]/preload_model_weights(dense-pin)
[UNIFIED-CACHE] reclaim_weight_entries preserving leased model weight model=2 name_hash=0x51e0984aef35a252 layout=0 leases=1 owners=0x00000000 site=extra->data_handle[]/preload_model_weights(dense-pin)
[UNIFIED-CACHE] reclaim_weight_entries preserving leased model weight model=2 name_hash=0x708f6c2b4615257e layout=0 leases=1 owners=0x00000000 site=extra->data_handle[]/preload_model_weights(dense-pin)
[UNIFIED-CACHE] reclaim_weight_entries preserving leased model weight model=2 name_hash=0xecb90fa9456ad029 layout=0 leases=1 owners=0x00000000 site=extra->data_handle[]/preload_model_weights(dense-pin)
[UNIFIED-CACHE] reclaim_weight_entries preserving leased model weight model=2 name_hash=0x38f421c0f38eec13 layout=0 leases=1 owners=0x00000000 site=extra->data_handle[]/preload_model_weights(dense-pin)
[UNIFIED-CACHE] reclaim_weight_entries preserving leased model weight model=2 name_hash=0x6fcc54bc8ac0ed91 layout=0 leases=1 owners=0x00000000 site=extra->data_handle[]/preload_model_weights(dense-pin)
[UNIFIED-CACHE] reclaim_weight_entries preserving leased model weight model=2 name_hash=0xf0969627acaaadf3 layout=0 leases=1 owners=0x00000000 site=extra->data_handle[]/preload_model_weights(dense-pin)
[UNIFIED-CACHE] reclaim_weight_entries preserving leased model weight model=2 name_hash=0x6dec5f18f0f78e5a layout=0 leases=1 owners=0x00000000 site=extra->data_handle[]/preload_model_weights(dense-pin)
[UNIFIED-CACHE] reclaim_weight_entries preserving leased model weight model=2 name_hash=0xbe3c27e272f3ab58 layout=0 leases=1 owners=0x00000000 site=extra->data_handle[]/preload_model_weights(dense-pin)
[UNIFIED-CACHE] reclaim_weight_entries preserving leased model weight model=2 name_hash=0xd5fed533d7a9f43d layout=0 leases=1 owners=0x00000000 site=extra->data_handle[]/preload_model_weights(dense-pin)
[UNIFIED-CACHE] reclaim_weight_entries preserving leased model weight model=2 name_hash=0x5c0dc55f0f5cf2d3 layout=0 leases=1 owners=0x00000000 site=extra->data_handle[]/preload_model_weights(dense-pin)
[UNIFIED-CACHE] reclaim_weight_entries preserving leased model weight model=2 name_hash=0x891936947be60d4d layout=0 leases=1 owners=0x00000000 site=extra->data_handle[]/preload_model_weights(dense-pin)
[UNIFIED-CACHE] reclaim_weight_entries preserving leased model weight model=2 name_hash=0xbcde7c22847b8f24 layout=0 leases=1 owners=0x00000000 site=extra->data_handle[]/preload_model_weights(dense-pin)
[UNIFIED-CACHE] reclaim_weight_entries preserving leased model weight model=2 name_hash=0x6d5c481c06ed6b1c layout=0 leases=1 owners=0x00000000 site=extra->data_handle[]/preload_model_weights(dense-pin)
[UNIFIED-CACHE] reclaim_weight_entries preserving leased model weight model=2 name_hash=0xb279802dbf02ec50 layout=0 leases=1 owners=0x00000000 site=extra->data_handle[]/preload_model_weights(dense-pin)
[UNIFIED-CACHE] reclaim_weight_entries preserving leased model weight model=2 name_hash=0x311b9ae764a4abcf layout=0 leases=1 owners=0x00000000 site=extra->data_handle[]/preload_model_weights(dense-pin)
[UNIFIED-CACHE] reclaim_weight_entries preserving leased model weight model=2 name_hash=0x28e162c724839a layout=0 leases=1 owners=0x00000000 site=extra->data_handle[]/preload_model_weights(dense-pin)
[UNIFIED-CACHE] reclaim_weight_entries preserving leased model weight model=2 name_hash=0xe9ca1d4053ae41f9 layout=0 leases=1 owners=0x00000000 site=extra->data_handle[]/preload_model_weights(dense-pin)
[UNIFIED-CACHE] reclaim_weight_entries preserving leased model weight model=2 name_hash=0xf6a1f79a2dffe780 layout=0 leases=1 owners=0x00000000 site=extra->data_handle[]/preload_model_weights(dense-pin)
[UNIFIED-CACHE] reclaim_weight_entries preserving leased model weight model=0 name_hash=0x64cda8f8043233df layout=0 leases=2 owners=0x00000001 site=extra->data_handle[]/preload_model_weights(dense-pin)
[UNIFIED-CACHE] reclaim_weight_entries preserving leased model weight model=2 name_hash=0xb032bd475a68a1fe layout=0 leases=1 owners=0x00000000 site=extra->data_handle[]/preload_model_weights(dense-pin)
[UNIFIED-CACHE] reclaim_weight_entries preserving leased model weight model=0 name_hash=0xde9943e34534adc3 layout=0 leases=2 owners=0x00000001 site=extra->data_handle[]/preload_model_weights(dense-pin)
[UNIFIED-CACHE] reclaim_weight_entries preserving leased model weight model=0 name_hash=0x28e162c724839a layout=0 leases=2 owners=0x00000001 site=extra->data_handle[]/preload_model_weights(dense-pin)
[UNIFIED-CACHE] reclaim_weight_entries preserving leased model weight model=0 name_hash=0xcaf5b0fcacce6aea layout=0 leases=2 owners=0x00000001 site=extra->data_handle[]/preload_model_weights(dense-pin)
[UNIFIED-CACHE] reclaim_weight_entries preserving leased model weight model=0 name_hash=0xdd97f95fa07fec16 layout=0 leases=2 owners=0x00000001 site=extra->data_handle[]/preload_model_weights(dense-pin)
[UNIFIED-CACHE] reclaim_weight_entries preserving leased model weight model=2 name_hash=0x3a931c14a53d5960 layout=0 leases=1 owners=0x00000000 site=extra->data_handle[]/preload_model_weights(dense-pin)
[UNIFIED-CACHE] reclaim_weight_entries preserving leased model weight model=0 name_hash=0x213f84667dda1dba layout=0 leases=2 owners=0x00000001 site=extra->data_handle[]/preload_model_weights(dense-pin)
[UNIFIED-CACHE] reclaim_weight_entries preserving leased model weight model=0 name_hash=0xb032bd475a68a1fe layout=0 leases=2 owners=0x00000001 site=extra->data_handle[]/preload_model_weights(dense-pin)
[UNIFIED-CACHE] reclaim_weight_entries preserving leased model weight model=0 name_hash=0xc0bcce7fc727feb8 layout=0 leases=2 owners=0x00000001 site=extra->data_handle[]/preload_model_weights(dense-pin)
[UNIFIED-CACHE] reclaim_weight_entries preserving leased model weight model=2 name_hash=0x38771636bce5a702 layout=0 leases=1 owners=0x00000000 site=extra->data_handle[]/preload_model_weights(dense-pin)
[UNIFIED-CACHE] reclaim_weight_entries preserving leased model weight model=0 name_hash=0xc65810b3308e2a65 layout=0 leases=2 owners=0x00000001 site=extra->data_handle[]/preload_model_weights(dense-pin)
[UNIFIED-CACHE] reclaim_weight_entries preserving leased model weight model=0 name_hash=0xbe3c27e272f3ab58 layout=0 leases=2 owners=0x00000001 site=extra->data_handle[]/preload_model_weights(dense-pin)
[UNIFIED-CACHE] reclaim_weight_entries preserving leased model weight model=0 name_hash=0xe7d3c5e727a81c4d layout=0 leases=2 owners=0x00000001 site=extra->data_handle[]/preload_model_weights(dense-pin)
[UNIFIED-CACHE] reclaim_weight_entries preserving leased model weight model=0 name_hash=0xbcde7c22847b8f24 layout=0 leases=2 owners=0x00000001 site=extra->data_handle[]/preload_model_weights(dense-pin)
[UNIFIED-CACHE] reclaim_weight_entries preserving leased model weight model=0 name_hash=0x3a931c14a53d5960 layout=0 leases=2 owners=0x00000001 site=extra->data_handle[]/preload_model_weights(dense-pin)
[UNIFIED-CACHE] reclaim_weight_entries preserving leased model weight model=0 name_hash=0x38771636bce5a702 layout=0 leases=2 owners=0x00000001 site=extra->data_handle[]/preload_model_weights(dense-pin)
[UNIFIED-CACHE] reclaim_weight_entries preserving leased model weight model=0 name_hash=0xe5a443ece75be10e layout=0 leases=2 owners=0x00000001 site=extra->data_handle[]/preload_model_weights(dense-pin)
[UNIFIED-CACHE] reclaim_weight_entries preserving leased model weight model=0 name_hash=0xe9ca1d4053ae41f9 layout=0 leases=2 owners=0x00000001 site=extra->data_handle[]/preload_model_weights(dense-pin)
[UNIFIED-CACHE] reclaim_weight_entries preserving leased model weight model=2 name_hash=0xc0bcce7fc727feb8 layout=0 leases=1 owners=0x00000000 site=extra->data_handle[]/preload_model_weights(dense-pin)
[UNIFIED-CACHE] reclaim_weight_entries preserving leased model weight model=2 name_hash=0xe7d3c5e727a81c4d layout=0 leases=1 owners=0x00000000 site=extra->data_handle[]/preload_model_weights(dense-pin)
[UNIFIED-CACHE] reclaim_weight_entries preserving leased model weight model=0 name_hash=0x311b9ae764a4abcf layout=0 leases=2 owners=0x00000001 site=extra->data_handle[]/preload_model_weights(dense-pin)
[UNIFIED-CACHE] reclaim_weight_entries preserving leased model weight model=0 name_hash=0xab8cfe3bf6a50b9c layout=0 leases=2 owners=0x00000001 site=extra->data_handle[]/preload_model_weights(dense-pin)
[UNIFIED-CACHE] reclaim_weight_entries preserving leased model weight model=0 name_hash=0xb09204520b9c97f0 layout=0 leases=2 owners=0x00000001 site=extra->data_handle[]/preload_model_weights(dense-pin)
[UNIFIED-CACHE] reclaim_weight_entries preserving leased model weight model=2 name_hash=0xddb603f9cd448660 layout=0 leases=1 owners=0x00000000 site=extra->data_handle[]/preload_model_weights(dense-pin)
[UNIFIED-CACHE] reclaim_weight_entries preserving leased model weight model=2 name_hash=0xef3db2028fcb16a3 layout=0 leases=1 owners=0x00000000 site=extra->data_handle[]/preload_model_weights(dense-pin)
[UNIFIED-CACHE] reclaim_weight_entries preserving leased model weight model=0 name_hash=0xddb603f9cd448660 layout=0 leases=2 owners=0x00000001 site=extra->data_handle[]/preload_model_weights(dense-pin)
[UNIFIED-CACHE] reclaim_weight_entries preserving leased model weight model=0 name_hash=0x6fef520cddfce3c0 layout=0 leases=2 owners=0x00000001 site=extra->data_handle[]/preload_model_weights(dense-pin)
[UNIFIED-CACHE] reclaim_weight_entries preserving leased model weight model=0 name_hash=0xaed088ad06d329a3 layout=0 leases=2 owners=0x00000001 site=extra->data_handle[]/preload_model_weights(dense-pin)
[UNIFIED-CACHE] reclaim_weight_entries preserving leased model weight model=2 name_hash=0x47466764d37e580d layout=0 leases=1 owners=0x00000000 site=extra->data_handle[]/preload_model_weights(dense-pin)
[UNIFIED-CACHE] reclaim_weight_entries preserving leased model weight model=0 name_hash=0xd46dcd1b728c981f layout=0 leases=2 owners=0x00000001 site=extra->data_handle[]/preload_model_weights(dense-pin)
[UNIFIED-CACHE] reclaim_weight_entries preserving leased model weight model=0 name_hash=0x6059a543aef7dbb7 layout=0 leases=2 owners=0x00000001 site=extra->data_handle[]/preload_model_weights(dense-pin)
[UNIFIED-CACHE] reclaim_weight_entries preserving leased model weight model=0 name_hash=0x15380309041992d9 layout=0 leases=2 owners=0x00000001 site=extra->data_handle[]/preload_model_weights(dense-pin)
[UNIFIED-CACHE] reclaim_weight_entries preserving leased model weight model=2 name_hash=0x15380309041992d9 layout=0 leases=1 owners=0x00000000 site=extra->data_handle[]/preload_model_weights(dense-pin)
[UNIFIED-CACHE] reclaim_weight_entries preserving leased model weight model=0 name_hash=0xad045d15402c08d3 layout=0 leases=2 owners=0x00000001 site=extra->data_handle[]/preload_model_weights(dense-pin)
[UNIFIED-CACHE] reclaim_weight_entries preserving leased model weight model=0 name_hash=0x348b7dd451046514 layout=0 leases=2 owners=0x00000001 site=extra->data_handle[]/preload_model_weights(dense-pin)
[UNIFIED-CACHE] reclaim_weight_entries preserving leased model weight model=0 name_hash=0xeb54b67e9f099c46 layout=0 leases=2 owners=0x00000001 site=extra->data_handle[]/preload_model_weights(dense-pin)
[UNIFIED-CACHE] reclaim_weight_entries preserving leased model weight model=0 name_hash=0xc3a0bc9f0504d35c layout=0 leases=2 owners=0x00000001 site=extra->data_handle[]/preload_model_weights(dense-pin)
[UNIFIED-CACHE] reclaim_weight_entries preserving leased model weight model=0 name_hash=0xef3db2028fcb16a3 layout=0 leases=2 owners=0x00000001 site=extra->data_handle[]/preload_model_weights(dense-pin)
[UNIFIED-CACHE] reclaim_weight_entries preserving leased model weight model=0 name_hash=0x74919db2149cd436 layout=0 leases=2 owners=0x00000001 site=extra->data_handle[]/preload_model_weights(dense-pin)
[UNIFIED-CACHE] reclaim_weight_entries preserving leased model weight model=0 name_hash=0xd16c818664a0cc0a layout=0 leases=2 owners=0x00000001 site=extra->data_handle[]/preload_model_weights(dense-pin)
[UNIFIED-CACHE] reclaim_weight_entries preserving leased model weight model=0 name_hash=0x582991162916c4b3 layout=0 leases=2 owners=0x00000001 site=extra->data_handle[]/preload_model_weights(dense-pin)
[UNIFIED-CACHE] reclaim_weight_entries preserving leased model weight model=2 name_hash=0xe4065a55adaaf03f layout=0 leases=1 owners=0x00000000 site=extra->data_handle[]/preload_model_weights(dense-pin)
[UNIFIED-CACHE] reclaim_weight_entries preserving leased model weight model=0 name_hash=0x3779a6d76e4c7ee2 layout=0 leases=2 owners=0x00000001 site=extra->data_handle[]/preload_model_weights(dense-pin)
[UNIFIED-CACHE] reclaim_weight_entries preserving leased model weight model=0 name_hash=0xe30c0751e9ab32a9 layout=0 leases=2 owners=0x00000001 site=extra->data_handle[]/preload_model_weights(dense-pin)
[UNIFIED-CACHE] reclaim_weight_entries preserving leased model weight model=0 name_hash=0xf6a1f79a2dffe780 layout=0 leases=2 owners=0x00000001 site=extra->data_handle[]/preload_model_weights(dense-pin)
[UNIFIED-CACHE] reclaim_weight_entries preserving leased model weight model=0 name_hash=0xb235334776d9c72d layout=0 leases=2 owners=0x00000001 site=extra->data_handle[]/preload_model_weights(dense-pin)
[UNIFIED-CACHE] reclaim_weight_entries preserving leased model weight model=0 name_hash=0xe34f3e7aafdba3a5 layout=0 leases=2 owners=0x00000001 site=extra->data_handle[]/preload_model_weights(dense-pin)
[UNIFIED-CACHE] reclaim_weight_entries preserving leased model weight model=0 name_hash=0xf0969627acaaadf3 layout=0 leases=2 owners=0x00000001 site=extra->data_handle[]/preload_model_weights(dense-pin)
[UNIFIED-CACHE] reclaim_weight_entries preserving leased model weight model=0 name_hash=0xe4065a55adaaf03f layout=0 leases=2 owners=0x00000001 site=extra->data_handle[]/preload_model_weights(dense-pin)
[UNIFIED-CACHE] reclaim_weight_entries preserving leased model weight model=2 name_hash=0xe34f3e7aafdba3a5 layout=0 leases=1 owners=0x00000000 site=extra->data_handle[]/preload_model_weights(dense-pin)
[UNIFIED-CACHE] reclaim_weight_entries preserving leased model weight model=0 name_hash=0xdf7c04510f974718 layout=0 leases=2 owners=0x00000001 site=extra->data_handle[]/preload_model_weights(dense-pin)
[UNIFIED-CACHE] reclaim_weight_entries preserving leased model weight model=0 name_hash=0x6bbc0b27530c18fc layout=0 leases=2 owners=0x00000001 site=extra->data_handle[]/preload_model_weights(dense-pin)
[UNIFIED-CACHE] reclaim_weight_entries preserving leased model weight model=2 name_hash=0x6fef520cddfce3c0 layout=0 leases=1 owners=0x00000000 site=extra->data_handle[]/preload_model_weights(dense-pin)
[UNIFIED-CACHE] reclaim_weight_entries preserving leased model weight model=0 name_hash=0xd04126154633d92a layout=0 leases=2 owners=0x00000001 site=extra->data_handle[]/preload_model_weights(dense-pin)
[UNIFIED-CACHE] reclaim_weight_entries preserving leased model weight model=0 name_hash=0xa7d836df53ff49d4 layout=0 leases=2 owners=0x00000001 site=extra->data_handle[]/preload_model_weights(dense-pin)
[UNIFIED-CACHE] reclaim_weight_entries preserving leased model weight model=2 name_hash=0x348b7dd451046514 layout=0 leases=1 owners=0x00000000 site=extra->data_handle[]/preload_model_weights(dense-pin)
[UNIFIED-CACHE] reclaim_weight_entries preserving leased model weight model=0 name_hash=0x3ba5a6821b6511e0 layout=0 leases=2 owners=0x00000001 site=extra->data_handle[]/preload_model_weights(dense-pin)
[UNIFIED-CACHE] reclaim_weight_entries preserving leased model weight model=0 name_hash=0x6d5c481c06ed6b1c layout=0 leases=2 owners=0x00000001 site=extra->data_handle[]/preload_model_weights(dense-pin)
[UNIFIED-CACHE] reclaim_weight_entries preserving leased model weight model=0 name_hash=0xb279802dbf02ec50 layout=0 leases=2 owners=0x00000001 site=extra->data_handle[]/preload_model_weights(dense-pin)
[UNIFIED-CACHE] reclaim_weight_entries preserving leased model weight model=0 name_hash=0x5c0dc55f0f5cf2d3 layout=0 leases=2 owners=0x00000001 site=extra->data_handle[]/preload_model_weights(dense-pin)
[UNIFIED-CACHE] reclaim_weight_entries preserving leased model weight model=2 name_hash=0x74919db2149cd436 layout=0 leases=1 owners=0x00000000 site=extra->data_handle[]/preload_model_weights(dense-pin)
[UNIFIED-CACHE] reclaim_weight_entries preserving leased model weight model=0 name_hash=0x47466764d37e580d layout=0 leases=2 owners=0x00000001 site=extra->data_handle[]/preload_model_weights(dense-pin)
[UNIFIED-CACHE] reclaim_weight_entries preserving leased model weight model=0 name_hash=0x38f421c0f38eec13 layout=0 leases=2 owners=0x00000001 site=extra->data_handle[]/preload_model_weights(dense-pin)
[UNIFIED-CACHE] reclaim_weight_entries preserving leased model weight model=2 name_hash=0x4e1cae023ae18c67 layout=0 leases=1 owners=0x00000000 site=extra->data_handle[]/preload_model_weights(dense-pin)
[UNIFIED-CACHE] reclaim_weight_entries preserving leased model weight model=2 name_hash=0xe5a443ece75be10e layout=0 leases=1 owners=0x00000000 site=extra->data_handle[]/preload_model_weights(dense-pin)
[UNIFIED-CACHE] reclaim_weight_entries preserving leased model weight model=2 name_hash=0xc65810b3308e2a65 layout=0 leases=1 owners=0x00000000 site=extra->data_handle[]/preload_model_weights(dense-pin)
[UNIFIED-CACHE] reclaim_weight_entries preserving leased model weight model=0 name_hash=0x891936947be60d4d layout=0 leases=2 owners=0x00000001 site=extra->data_handle[]/preload_model_weights(dense-pin)
[UNIFIED-CACHE] reclaim_weight_entries preserving leased model weight model=2 name_hash=0x64cda8f8043233df layout=0 leases=1 owners=0x00000000 site=extra->data_handle[]/preload_model_weights(dense-pin)
[UNIFIED-CACHE] reclaim_weight_entries preserving leased model weight model=0 name_hash=0xd5fed533d7a9f43d layout=0 leases=2 owners=0x00000001 site=extra->data_handle[]/preload_model_weights(dense-pin)
[UNIFIED-CACHE] reclaim_weight_entries preserving leased model weight model=0 name_hash=0x1ede8821e8d02fde layout=0 leases=2 owners=0x00000001 site=extra->data_handle[]/preload_model_weights(dense-pin)
[UNIFIED-CACHE] reclaim_weight_entries preserving leased model weight model=2 name_hash=0xb235334776d9c72d layout=0 leases=1 owners=0x00000000 site=extra->data_handle[]/preload_model_weights(dense-pin)
[UNIFIED-CACHE] reclaim_weight_entries preserving leased model weight model=0 name_hash=0x6dec5f18f0f78e5a layout=0 leases=2 owners=0x00000001 site=extra->data_handle[]/preload_model_weights(dense-pin)
[UNIFIED-CACHE] reclaim_weight_entries preserving leased model weight model=0 name_hash=0x6fcc54bc8ac0ed91 layout=0 leases=2 owners=0x00000001 site=extra->data_handle[]/preload_model_weights(dense-pin)
[UNIFIED-CACHE] reclaim_weight_entries preserving leased model weight model=0 name_hash=0xecb90fa9456ad029 layout=0 leases=2 owners=0x00000001 site=extra->data_handle[]/preload_model_weights(dense-pin)
[UNIFIED-CACHE] reclaim_weight_entries preserving leased model weight model=2 name_hash=0xac38173202bd7abb layout=0 leases=1 owners=0x00000000 site=extra->data_handle[]/preload_model_weights(dense-pin)
[UNIFIED-CACHE] reclaim_weight_entries preserving leased model weight model=0 name_hash=0x708f6c2b4615257e layout=0 leases=2 owners=0x00000001 site=extra->data_handle[]/preload_model_weights(dense-pin)
[UNIFIED-CACHE] reclaim_weight_entries preserving leased model weight model=0 name_hash=0x4e1cae023ae18c67 layout=0 leases=2 owners=0x00000001 site=extra->data_handle[]/preload_model_weights(dense-pin)
[UNIFIED-CACHE] reclaim_weight_entries preserving leased model weight model=0 name_hash=0x51e0984aef35a252 layout=0 leases=2 owners=0x00000001 site=extra->data_handle[]/preload_model_weights(dense-pin)
[UNIFIED-CACHE] reclaim_weight_entries preserving leased model weight model=0 name_hash=0xd13690e99048047c layout=0 leases=2 owners=0x00000001 site=extra->data_handle[]/preload_model_weights(dense-pin)
[UNIFIED-CACHE] reclaim_weight_entries preserving leased model weight model=2 name_hash=0xad045d15402c08d3 layout=0 leases=1 owners=0x00000000 site=extra->data_handle[]/preload_model_weights(dense-pin)
[UNIFIED-CACHE] reclaim_weight_entries preserving leased model weight model=2 name_hash=0x4599df1b04c6b9fb layout=0 leases=1 owners=0x00000000 site=extra->data_handle[]/preload_model_weights(dense-pin)
[UNIFIED-CACHE] reclaim_weight_entries preserving leased model weight model=2 name_hash=0x3ba5a6821b6511e0 layout=0 leases=1 owners=0x00000000 site=extra->data_handle[]/preload_model_weights(dense-pin)
[UNIFIED-CACHE] reclaim_weight_entries preserving leased model weight model=2 name_hash=0xab8cfe3bf6a50b9c layout=0 leases=1 owners=0x00000000 site=extra->data_handle[]/preload_model_weights(dense-pin)
[UNIFIED-CACHE] reclaim_weight_entries preserving leased model weight model=2 name_hash=0x582991162916c4b3 layout=0 leases=1 owners=0x00000000 site=extra->data_handle[]/preload_model_weights(dense-pin)
[UNIFIED-CACHE] reclaim_weight_entries preserving leased model weight model=0 name_hash=0x4599df1b04c6b9fb layout=0 leases=2 owners=0x00000001 site=extra->data_handle[]/preload_model_weights(dense-pin)
[UNIFIED-CACHE] reclaim_weight_entries preserving leased model weight model=2 name_hash=0xd46dcd1b728c981f layout=0 leases=1 owners=0x00000000 site=extra->data_handle[]/preload_model_weights(dense-pin)
[UNIFIED-CACHE] reclaim_weight_entries preserving leased model weight model=2 name_hash=0xd16c818664a0cc0a layout=0 leases=1 owners=0x00000000 site=extra->data_handle[]/preload_model_weights(dense-pin)
[UNIFIED-CACHE] reclaim_weight_entries preserving leased model weight model=2 name_hash=0xc3a0bc9f0504d35c layout=0 leases=1 owners=0x00000000 site=extra->data_handle[]/preload_model_weights(dense-pin)
[UNIFIED-CACHE] reclaim_weight_entries preserving leased model weight model=2 name_hash=0xdd97f95fa07fec16 layout=0 leases=1 owners=0x00000000 site=extra->data_handle[]/preload_model_weights(dense-pin)
[UNIFIED-CACHE] reclaim_weight_entries preserving leased model weight model=2 name_hash=0x6bbc0b27530c18fc layout=0 leases=1 owners=0x00000000 site=extra->data_handle[]/preload_model_weights(dense-pin)
[UNIFIED-CACHE] reclaim_weight_entries preserving leased model weight model=2 name_hash=0x3779a6d76e4c7ee2 layout=0 leases=1 owners=0x00000000 site=extra->data_handle[]/preload_model_weights(dense-pin)
[UNIFIED-CACHE] reclaim_weight_entries preserving leased model weight model=2 name_hash=0xaed088ad06d329a3 layout=0 leases=1 owners=0x00000000 site=extra->data_handle[]/preload_model_weights(dense-pin)
[UNIFIED-CACHE] reclaim_weight_entries preserving leased model weight model=0 name_hash=0xac38173202bd7abb layout=0 leases=2 owners=0x00000001 site=extra->data_handle[]/preload_model_weights(dense-pin)
[UNIFIED-CACHE] reclaim_weight_entries preserving leased model weight model=2 name_hash=0xdf7c04510f974718 layout=0 leases=1 owners=0x00000000 site=extra->data_handle[]/preload_model_weights(dense-pin)
[UNIFIED-CACHE] reclaim_weight_entries preserving leased model weight model=2 name_hash=0xe30c0751e9ab32a9 layout=0 leases=1 owners=0x00000000 site=extra->data_handle[]/preload_model_weights(dense-pin)
[UNIFIED-CACHE] reclaim_weight_entries preserving leased model weight model=2 name_hash=0x213f84667dda1dba layout=0 leases=1 owners=0x00000000 site=extra->data_handle[]/preload_model_weights(dense-pin)
[UNIFIED-CACHE] reclaim_weight_entries preserving leased model weight model=2 name_hash=0xae8ba76e3b151d9e layout=0 leases=1 owners=0x00000000 site=extra->data_handle[]/preload_model_weights(dense-pin)
[UNIFIED-CACHE] reclaim_weight_entries preserving leased model weight model=0 name_hash=0xa7c2590f0166f6b0 layout=0 leases=2 owners=0x00000001 site=extra->data_handle[]/preload_model_weights(dense-pin)
[UNIFIED-CACHE] reclaim_weight_entries preserving leased model weight model=2 name_hash=0xb09204520b9c97f0 layout=0 leases=1 owners=0x00000000 site=extra->data_handle[]/preload_model_weights(dense-pin)
[UNIFIED-CACHE] reclaim_weight_entries preserving leased model weight model=2 name_hash=0x6059a543aef7dbb7 layout=0 leases=1 owners=0x00000000 site=extra->data_handle[]/preload_model_weights(dense-pin)
[UNIFIED-CACHE] reclaim_weight_entries preserving leased model weight model=2 name_hash=0x1ede8821e8d02fde layout=0 leases=1 owners=0x00000000 site=extra->data_handle[]/preload_model_weights(dense-pin)
[UNIFIED-CACHE] reclaim_weight_entries preserving leased model weight model=2 name_hash=0xa7d836df53ff49d4 layout=0 leases=1 owners=0x00000000 site=extra->data_handle[]/preload_model_weights(dense-pin)
[UNIFIED-CACHE] reclaim_weight_entries preserving leased model weight model=2 name_hash=0xeb54b67e9f099c46 layout=0 leases=1 owners=0x00000000 site=extra->data_handle[]/preload_model_weights(dense-pin)
[UNIFIED-CACHE] reclaim_weight_entries preserving leased model weight model=2 name_hash=0xd04126154633d92a layout=0 leases=1 owners=0x00000000 site=extra->data_handle[]/preload_model_weights(dense-pin)
[UNIFIED-CACHE] reclaim_weight_entries preserving leased model weight model=2 name_hash=0xcaf5b0fcacce6aea layout=0 leases=1 owners=0x00000000 site=extra->data_handle[]/preload_model_weights(dense-pin)
[UNIFIED-CACHE] reclaim_weight_entries preserving leased model weight model=0 name_hash=0xae8ba76e3b151d9e layout=0 leases=2 owners=0x00000001 site=extra->data_handle[]/preload_model_weights(dense-pin)
[UNIFIED-CACHE] reclaim_weight_entries preserving leased model weight model=2 name_hash=0xa7c2590f0166f6b0 layout=0 leases=1 owners=0x00000000 site=extra->data_handle[]/preload_model_weights(dense-pin)
[UNIFIED-CACHE] reclaim_weight_entries preserving leased model weight model=2 name_hash=0xde9943e34534adc3 layout=0 leases=1 owners=0x00000000 site=extra->data_handle[]/preload_model_weights(dense-pin)
[UNIFIED-CACHE] reclaim weight entries(model-teardown): erased 0 unpinned 64
[ZONE-RESET-AUDIT] NEW-ESCAPE site=weight-reclaim/model-teardown:dev0 graph=4 alloc_id=15075396135491732604 size=4 role=0 category=1 tier=0 cohort=weight:leaked_lease
[ZONE-RESET-AUDIT] NEW-ESCAPE site=weight-reclaim/model-teardown:dev0 graph=4 alloc_id=4103942273045031955 size=1024 role=0 category=1 tier=0 cohort=weight:leaked_lease
[ZONE-RESET-AUDIT] NEW-ESCAPE site=weight-reclaim/model-teardown:dev0 graph=4 alloc_id=8055907002217459089 size=1536 role=0 category=1 tier=0 cohort=weight:leaked_lease
[ZONE-RESET-AUDIT] NEW-ESCAPE site=weight-reclaim/model-teardown:dev0 graph=4 alloc_id=7920810405364469338 size=393216 role=0 category=1 tier=0 cohort=weight:leaked_lease
[ZONE-RESET-AUDIT] NEW-ESCAPE site=weight-reclaim/model-teardown:dev0 graph=4 alloc_id=3538592250846292943 size=256 role=0 category=1 tier=0 cohort=weight:leaked_lease
[ZONE-RESET-AUDIT] NEW-ESCAPE site=weight-reclaim/model-teardown:dev0 graph=4 alloc_id=7263647557194232799 size=4 role=0 category=2 tier=0 cohort=weight:leased
[ZONE-RESET-AUDIT] NEW-ESCAPE site=weight-reclaim/model-teardown:dev0 graph=4 alloc_id=4220748150773471584 size=262144 role=0 category=1 tier=0 cohort=weight:leaked_lease
[ZONE-RESET-AUDIT] NEW-ESCAPE site=weight-reclaim/model-teardown:dev0 graph=4 alloc_id=2395779102517370298 size=1024 role=0 category=2 tier=0 cohort=weight:leased
[ZONE-RESET-AUDIT] NEW-ESCAPE site=weight-reclaim/model-teardown:dev0 graph=4 alloc_id=13707875219353611096 size=393216 role=0 category=2 tier=0 cohort=weight:leased
[ZONE-RESET-AUDIT] NEW-ESCAPE site=weight-reclaim/model-teardown:dev0 graph=4 alloc_id=4220748150773471584 size=262144 role=0 category=2 tier=0 cohort=weight:leased
[ZONE-RESET-AUDIT] NEW-ESCAPE site=weight-reclaim/model-teardown:dev0 graph=4 alloc_id=3538592250846292943 size=256 role=0 category=2 tier=0 cohort=weight:leased
[ZONE-RESET-AUDIT] NEW-ESCAPE site=weight-reclaim/model-teardown:dev0 graph=4 alloc_id=12467192014320699603 size=131072 role=0 category=2 tier=0 cohort=weight:leased
[ZONE-RESET-AUDIT] NEW-ESCAPE site=weight-reclaim/model-teardown:dev0 graph=4 alloc_id=6352768273747461299 size=1536 role=0 category=2 tier=0 cohort=weight:leased
[ZONE-RESET-AUDIT] NEW-ESCAPE site=weight-reclaim/model-teardown:dev0 graph=4 alloc_id=12467192014320699603 size=131072 role=0 category=1 tier=0 cohort=weight:leaked_lease
|           llama|Intel(R) Arc(TM) Pro B70 Graphics| Dense|  [1;32mOK[0m (2.57e-11)|       [1;32mOK[0m|
[SYCL] call ggml_backend_sycl_synchronize
[SYCL-GRAPH] clearing active graph state (context-drain)
[MEM-HANDLE] released 0 command-graph retained leases
[POOL-LEG] released 0 graph-retained scratch mem_handles
[GRAPH-UNPIN] Released 0 graph MoE expert mem_handle leases
[GRAPH-UNPIN-WEIGHTS] Released 0 graph weight mem_handle leases
[SYCL-GRAPH] clearing active graph state (context-drain)
[MEM-HANDLE] released 0 command-graph retained leases
[POOL-LEG] released 0 graph-retained scratch mem_handles
[GRAPH-UNPIN] Released 0 graph MoE expert mem_handle leases
[GRAPH-UNPIN-WEIGHTS] Released 0 graph weight mem_handle leases
SYCL TP: Freed all persistent FFN buffers via unified-cache handles
SYCL TP: Freed all persistent attention buffers
[MEM-HANDLE] released 0 command-graph retained leases
[POOL-LEG] released 0 graph-retained scratch mem_handles
[GRAPH-UNPIN] Released 0 graph MoE expert mem_handle leases
[GRAPH-UNPIN-WEIGHTS] Released 0 graph weight mem_handle leases
[POOL-LEG] released 0 graph-retained scratch mem_handles
[UNIFIED-CACHE] reclaim_weight_entries(model-teardown) released direct-stage mirror rows before the reclaim scan: weights=0 experts=0
[UNIFIED-CACHE] reclaim weight entries(model-teardown): erased 0 unpinned 0
[UNIFIED-CACHE] reclaim_weight_entries(model-teardown) released direct-stage mirror rows before the reclaim scan: weights=128 experts=0
[UNIFIED-CACHE] reclaim weight entries(model-teardown): erased 128 unpinned 64
test case: llama (Intel(R) Core(TM) Ultra 7 265K, Dense)
|           llama|   Intel(R) Core(TM) Ultra 7 265K| Dense|  [1;32mOK[0m (0.00e+00)|       [1;32mOK[0m|
test case: llama (Meta, Dense)
|           llama|                             Meta| Dense|[1;33mSKIP[0m           |     [1;33mSKIP[0m|
test case: llama (Intel(R) Arc(TM) Pro B70 Graphics, MoE)
[UNIFIED-CACHE] reclaim weight entries(load-boundary): erased 0 unpinned 0
[UNIFIED-CACHE] reclaim weight entries(load-boundary): erased 0 unpinned 0
[SYCL] call ggml_backend_sycl_host_buffer_type
[SYCL] call ggml_backend_sycl_init
[SYCL] call ggml_backend_sycl_get_device_memory
[MEM-QUERY] dev=0 free=494.5 MB total=32656.0 MB consumed=32161.5 MB
[SYCL] call ggml_backend_sycl_get_device_memory
[SYCL] call ggml_backend_sycl_get_device_memory
[MEM-QUERY] dev=1 free=572.2 MB total=16304.0 MB consumed=15731.8 MB
[PLACEMENT-MOE-MULTI-TRACE] entries=24 xmx=0 soa=0 alt_entries=0 alt_layouts=0 alt_soa=0 kv_ubatch=512 top_k=1 envelope=1 envelope_ubatch=0 mode=1
SYCL TP: Freed all persistent FFN buffers via unified-cache handles
SYCL TP: Freed all persistent attention buffers
[MEM-HANDLE] released 0 command-graph retained leases
[GRAPH-UNPIN] Released 0 graph MoE expert mem_handle leases
[GRAPH-UNPIN-WEIGHTS] Released 0 graph weight mem_handle leases
[SYCL] Host buffer alloc: 6.8 MB via unified-cache
[UNIFIED-CACHE] reclaim weight entries(mid-load-replan): erased 0 unpinned 0
[UNIFIED-CACHE] reclaim weight entries(mid-load-replan): erased 0 unpinned 0
[SYCL] weight cache lookup: tensor=0x21129ce0 name=token_embd.weight device=0
[SYCL] weight cache lookup: tensor=0x21129e70 name=output_norm.weight device=0
[SYCL] weight cache lookup: tensor=0x2112a190 name=blk.0.attn_norm.weight device=0
[SYCL] weight cache lookup: tensor=0x2112afa0 name=blk.0.ffn_norm.weight device=0
[SYCL] weight cache lookup: tensor=0x2112b900 name=blk.1.attn_norm.weight device=0
[SYCL] weight cache lookup: tensor=0x2112c710 name=blk.1.ffn_norm.weight device=0
[SYCL] weight cache lookup: tensor=0x2112a000 name=output.weight device=0
[SYCL] weight cache lookup: tensor=0x2112a320 name=blk.0.attn_q.weight device=0
[SYCL] weight cache lookup: tensor=0x2112a4b0 name=blk.0.attn_k.weight device=0
[SYCL] weight cache lookup: tensor=0x2112a640 name=blk.0.attn_v.weight device=0
[SYCL] weight cache lookup: tensor=0x2112ac80 name=blk.0.attn_output.weight device=0
[SYCL] weight cache lookup: tensor=0x2112aaf0 name=blk.0.attn_v.bias device=0
[SYCL] weight cache lookup: tensor=0x2112ae10 name=blk.0.attn_output.bias device=0
[SYCL] weight cache lookup: tensor=0x2112a960 name=blk.0.attn_k.bias device=0
[SYCL] weight cache lookup: tensor=0x2112a7d0 name=blk.0.attn_q.bias device=0
[SYCL] weight cache lookup: tensor=0x2112de80 name=blk.0.attn_v.input_scale device=0
[SYCL] weight cache lookup: tensor=0x2112d070 name=blk.0.attn_q.scale device=0
[SYCL] weight cache lookup: tensor=0x2112d200 name=blk.0.attn_k.scale device=0
[SYCL] weight cache lookup: tensor=0x2112d390 name=blk.0.attn_v.scale device=0
[SYCL] weight cache lookup: tensor=0x2112d520 name=blk.0.attn_output.scale device=0
[SYCL] weight cache lookup: tensor=0x2112db60 name=blk.0.attn_q.input_scale device=0
[SYCL] weight cache lookup: tensor=0x2112dcf0 name=blk.0.attn_k.input_scale device=0
[SYCL] weight cache lookup: tensor=0x2112e010 name=blk.0.attn_output.input_scale device=0
[SYCL] weight cache lookup: tensor=0x2112ba90 name=blk.1.attn_q.weight device=0
[SYCL] weight cache lookup: tensor=0x2112bc20 name=blk.1.attn_k.weight device=0
[SYCL] weight cache lookup: tensor=0x2112bdb0 name=blk.1.attn_v.weight device=0
[SYCL] weight cache lookup: tensor=0x2112c3f0 name=blk.1.attn_output.weight device=0
[SYCL] weight cache lookup: tensor=0x2112c580 name=blk.1.attn_output.bias device=0
[SYCL] weight cache lookup: tensor=0x2112c260 name=blk.1.attn_v.bias device=0
[SYCL] weight cache lookup: tensor=0x2112bf40 name=blk.1.attn_q.bias device=0
[SYCL] weight cache lookup: tensor=0x2112c0d0 name=blk.1.attn_k.bias device=0
[SYCL] weight cache lookup: tensor=0x2112f140 name=blk.1.attn_q.input_scale device=0
[SYCL] weight cache lookup: tensor=0x2112f5f0 name=blk.1.attn_output.input_scale device=0
[SYCL] weight cache lookup: tensor=0x2112f460 name=blk.1.attn_v.input_scale device=0
[SYCL] weight cache lookup: tensor=0x2112f2d0 name=blk.1.attn_k.input_scale device=0
[SYCL] weight cache lookup: tensor=0x2112e650 name=blk.1.attn_q.scale device=0
[SYCL] weight cache lookup: tensor=0x2112eb00 name=blk.1.attn_output.scale device=0
[SYCL] weight cache lookup: tensor=0x2112e970 name=blk.1.attn_v.scale device=0
[SYCL] weight cache lookup: tensor=0x2112e7e0 name=blk.1.attn_k.scale device=0
[SYCL] weight cache lookup: tensor=0x2112c8a0 name=rope_freqs.weight device=0
[SYCL] weight cache lookup: tensor=0x2112b2c0 name=blk.0.ffn_gate_inp.weight device=0
[SYCL] weight cache lookup: tensor=0x2112ca30 name=blk.1.ffn_gate_inp.weight device=0
[UNIFIED-CACHE] pin model=0 name_hash=0xad045d15402c08d3 layout=0
[UNIFIED-CACHE] pin model=0 name_hash=0x348b7dd451046514 layout=0
[UNIFIED-CACHE] pin model=0 name_hash=0xef3db2028fcb16a3 layout=0
[UNIFIED-CACHE] pin model=0 name_hash=0xe7d3c5e727a81c4d layout=0
[UNIFIED-CACHE] pin model=0 name_hash=0x4599df1b04c6b9fb layout=0
[UNIFIED-CACHE] pin model=0 name_hash=0x15380309041992d9 layout=0
[UNIFIED-CACHE] pin model=0 name_hash=0x3ba5a6821b6511e0 layout=0
[UNIFIED-CACHE] pin model=0 name_hash=0x38771636bce5a702 layout=0
[UNIFIED-CACHE] pin model=0 name_hash=0x3a931c14a53d5960 layout=0
[UNIFIED-CACHE] pin model=0 name_hash=0xab8cfe3bf6a50b9c layout=0
[UNIFIED-CACHE] pin model=0 name_hash=0xd46dcd1b728c981f layout=0
[UNIFIED-CACHE] pin model=0 name_hash=0xe4065a55adaaf03f layout=0
[UNIFIED-CACHE] pin model=0 name_hash=0x3779a6d76e4c7ee2 layout=0
[UNIFIED-CACHE] pin model=0 name_hash=0xd16c818664a0cc0a layout=0
[UNIFIED-CACHE] pin model=0 name_hash=0xe34f3e7aafdba3a5 layout=0
[UNIFIED-CACHE] pin model=0 name_hash=0x6bbc0b27530c18fc layout=0
[UNIFIED-CACHE] pin model=0 name_hash=0xaed088ad06d329a3 layout=0
[UNIFIED-CACHE] pin model=0 name_hash=0xdf7c04510f974718 layout=0
[UNIFIED-CACHE] pin model=0 name_hash=0xe30c0751e9ab32a9 layout=0
[UNIFIED-CACHE] pin model=0 name_hash=0xae8ba76e3b151d9e layout=0
[UNIFIED-CACHE] pin model=0 name_hash=0x47466764d37e580d layout=0
[UNIFIED-CACHE] pin model=0 name_hash=0x4e1cae023ae18c67 layout=0
[UNIFIED-CACHE] pin model=0 name_hash=0xb09204520b9c97f0 layout=0
[UNIFIED-CACHE] pin model=0 name_hash=0x6059a543aef7dbb7 layout=0
[UNIFIED-CACHE] pin model=0 name_hash=0xa7d836df53ff49d4 layout=0
[UNIFIED-CACHE] pin model=0 name_hash=0xb235334776d9c72d layout=0
[UNIFIED-CACHE] pin model=0 name_hash=0xeb54b67e9f099c46 layout=0
[UNIFIED-CACHE] pin model=0 name_hash=0xa7c2590f0166f6b0 layout=0
[UNIFIED-CACHE] pin model=0 name_hash=0xd04126154633d92a layout=0
[UNIFIED-CACHE] pin model=0 name_hash=0xc65810b3308e2a65 layout=0
[UNIFIED-CACHE] pin model=0 name_hash=0x213f84667dda1dba layout=0
[UNIFIED-CACHE] pin model=0 name_hash=0xf6a1f79a2dffe780 layout=0
[UNIFIED-CACHE] pin model=0 name_hash=0xde9943e34534adc3 layout=0
[UNIFIED-CACHE] pin model=0 name_hash=0x64cda8f8043233df layout=0
[UNIFIED-CACHE] pin model=0 name_hash=0xc0bcce7fc727feb8 layout=0
[UNIFIED-CACHE] pin model=0 name_hash=0x28e162c724839a layout=0
[UNIFIED-CACHE] pin model=0 name_hash=0xe5a443ece75be10e layout=0
[UNIFIED-CACHE] pin model=0 name_hash=0xcaf5b0fcacce6aea layout=0
[UNIFIED-CACHE] pin model=0 name_hash=0xe9ca1d4053ae41f9 layout=0
[UNIFIED-CACHE] pin model=0 name_hash=0x311b9ae764a4abcf layout=0
[UNIFIED-CACHE] pin model=0 name_hash=0x521b1f4d40cd780a layout=0
[UNIFIED-CACHE] pin model=0 name_hash=0x53bcfe044f0d7ab3 layout=0
[UNIFIED-CACHE] model slot 0 claimed 0 weight entries (live mask 0x00000001)
[UNIFIED-CACHE] model slot 0 claimed 54 weight entries (live mask 0x00000001)
[SYCL] call ggml_backend_sycl_init
[SYCL] call ggml_backend_sycl_host_buffer_type
[SYCL] Host buffer alloc: 0.0 MB via unified-cache
[KV-TIER] dev=0 cache_available=30735 MB kv_req=0 MB arena=1
[UNIFIED-ALLOC] zone alloc: dev=0 zone=0 size=0.2 MB ptr=0xffffd55e28200000
[UNIFIED-ALLOC] zone alloc: dev=0 zone=0 size=0.2 MB ptr=0xffffd55e28240000
[SYCL] call ggml_backend_sycl_host_buffer_type
[SYCL] call ggml_backend_sycl_synchronize
Using unified-cache queue for device 0 stream 0
[UNIFIED-ALLOC] zone alloc: dev=0 zone=3 size=0.5 MB ptr=0xffffd55e47c9c000
[SYCL] Arena RUNTIME zone alloc: 0.5 MB (SYCL0)
[SYCL] Host buffer alloc: 0.1 MB via unified-cache
[SYCL] call ggml_backend_sycl_synchronize
[SYCL] call ggml_backend_sycl_synchronize
[SYCL] call ggml_backend_sycl_synchronize
[SYCL] call ggml_backend_sycl_host_buffer_type
[SYCL] Host buffer alloc: 0.1 MB via unified-cache
[SYCL] call ggml_backend_sycl_buffer_reset
[SOA-DEBUG] buffer_reset: PRESERVING 0 extras for compute buffer=0x1e7a07f0
[SYCL] call ggml_backend_sycl_buffer_init_tensor: tensor='embd':type=f32;ne=[256, 64, 1, 1];nb=[4, 1024, 65536, 65536]
[SYCL] call ggml_backend_sycl_buffer_init_tensor: tensor='norm-0':type=f32;ne=[256, 64, 1, 1];nb=[4, 1024, 65536, 65536]
[SYCL] call ggml_backend_sycl_buffer_init_tensor: tensor='attn_norm-0':type=f32;ne=[256, 64, 1, 1];nb=[4, 1024, 65536, 65536]
[SYCL] call ggml_backend_sycl_buffer_init_tensor: tensor='node_3':type=f32;ne=[256, 64, 1, 1];nb=[4, 1024, 65536, 65536]
[SYCL] call ggml_backend_sycl_buffer_init_tensor: tensor='Qcur-0':type=f32;ne=[256, 64, 1, 1];nb=[4, 1024, 65536, 65536]
[SYCL] call ggml_backend_sycl_buffer_init_tensor: tensor='Qcur-0':type=f32;ne=[256, 64, 1, 1];nb=[4, 1024, 65536, 65536]
[SYCL] call ggml_backend_sycl_buffer_init_tensor: tensor='Qcur-0':type=f32;ne=[128, 2, 64, 1];nb=[4, 512, 1024, 65536]
[SYCL] call ggml_backend_sycl_buffer_init_tensor: tensor='Qcur-0':type=f32;ne=[128, 2, 64, 1];nb=[4, 512, 1024, 65536]
[SYCL] call ggml_backend_sycl_buffer_init_tensor: tensor='node_8':type=f32;ne=[256, 64, 1, 1];nb=[4, 1024, 65536, 65536]
[SYCL] call ggml_backend_sycl_buffer_init_tensor: tensor='Vcur-0':type=f32;ne=[256, 64, 1, 1];nb=[4, 1024, 65536, 65536]
[SYCL] call ggml_backend_sycl_buffer_init_tensor: tensor='Vcur-0':type=f32;ne=[256, 64, 1, 1];nb=[4, 1024, 65536, 65536]
[SYCL] call ggml_backend_sycl_buffer_init_tensor: tensor='Vcur-0':type=f32;ne=[128, 2, 64, 1];nb=[4, 512, 1024, 65536]
[SYCL] call ggml_backend_sycl_buffer_init_tensor: tensor='node_12':type=f32;ne=[256, 64, 1, 1];nb=[4, 1024, 65536, 65536]
[SYCL] call ggml_backend_sycl_buffer_init_tensor: tensor='Kcur-0':type=f32;ne=[256, 64, 1, 1];nb=[4, 1024, 65536, 65536]
[SYCL] call ggml_backend_sycl_buffer_init_tensor: tensor='Kcur-0':type=f32;ne=[256, 64, 1, 1];nb=[4, 1024, 65536, 65536]
[SYCL] call ggml_backend_sycl_buffer_init_tensor: tensor='Kcur-0':type=f32;ne=[128, 2, 64, 1];nb=[4, 512, 1024, 65536]
[SYCL] call ggml_backend_sycl_buffer_init_tensor: tensor='Kcur-0':type=f32;ne=[128, 2, 64, 1];nb=[4, 512, 1024, 65536]
[SYCL] call ggml_backend_sycl_buffer_init_tensor: tensor='Kcur-0 (view)':type=f32;ne=[256, 64, 1, 1];nb=[4, 1024, 65536, 65536]
[SYCL] call ggml_backend_sycl_buffer_init_tensor: tensor='Vcur-0 (view)':type=f32;ne=[256, 64, 1, 1];nb=[4, 1024, 65536, 65536]
[SYCL] call ggml_backend_sycl_buffer_init_tensor: tensor='Qcur-0 (view)':type=f32;ne=[128, 2, 64, 1];nb=[4, 512, 1024, 65536]
[SYCL] call ggml_backend_sycl_buffer_init_tensor: tensor='Qcur-0 (view) (permuted)':type=f32;ne=[128, 64, 2, 1];nb=[4, 1024, 512, 65536];strided;permuted
[SYCL] call ggml_backend_sycl_buffer_init_tensor: tensor='Qcur-0 (view) (permuted) (copy)':type=f16;ne=[128, 64, 2, 1];nb=[2, 256, 16384, 32768]
[SYCL] call ggml_backend_sycl_buffer_init_tensor: tensor='node_28':type=f32;ne=[128, 2, 64, 1];nb=[4, 512, 1024, 65536]
[SYCL] call ggml_backend_sycl_buffer_init_tensor: tensor='kqv_out-0':type=f32;ne=[256, 64, 1, 1];nb=[4, 1024, 65536, 65536]
[SYCL] call ggml_backend_sycl_buffer_init_tensor: tensor='node_30':type=f32;ne=[256, 64, 1, 1];nb=[4, 1024, 65536, 65536]
[SYCL] call ggml_backend_sycl_buffer_init_tensor: tensor='node_31':type=f32;ne=[256, 64, 1, 1];nb=[4, 1024, 65536, 65536]
[SYCL] call ggml_backend_sycl_buffer_init_tensor: tensor='attn_out-0':type=f32;ne=[256, 64, 1, 1];nb=[4, 1024, 65536, 65536]
[SYCL] call ggml_backend_sycl_buffer_init_tensor: tensor='ffn_inp-0':type=f32;ne=[256, 64, 1, 1];nb=[4, 1024, 65536, 65536]
[SYCL] call ggml_backend_sycl_buffer_init_tensor: tensor='norm-0':type=f32;ne=[256, 64, 1, 1];nb=[4, 1024, 65536, 65536]
[SYCL] call ggml_backend_sycl_buffer_init_tensor: tensor='ffn_norm-0':type=f32;ne=[256, 64, 1, 1];nb=[4, 1024, 65536, 65536]
[SYCL] call ggml_backend_sycl_buffer_init_tensor: tensor='ffn_moe_logits-0':type=f32;ne=[2, 64, 1, 1];nb=[4, 8, 512, 512]
[SYCL] call ggml_backend_sycl_buffer_init_tensor: tensor='ffn_moe_probs-0':type=f32;ne=[2, 64, 1, 1];nb=[4, 8, 512, 512]
[SYCL] call ggml_backend_sycl_buffer_init_tensor: tensor='ffn_moe_probs-0 (reshaped)':type=f32;ne=[1, 2, 64, 1];nb=[4, 4, 8, 512]
[SYCL] call ggml_backend_sycl_buffer_init_tensor: tensor='ffn_moe_argsort-0':type=i32;ne=[2, 64, 1, 1];nb=[4, 8, 512, 512]
[SYCL-CONTROL] tensor=ffn_moe_argsort-0 op=ARGSORT bytes=512 ptr=0x78d428383000
[SYCL] call ggml_backend_sycl_buffer_init_tensor: tensor='ffn_moe_topk-0':type=i32;ne=[1, 64, 1, 1];nb=[4, 8, 512, 512];strided
[SYCL] call ggml_backend_sycl_buffer_init_tensor: tensor='ffn_moe_weights-0':type=f32;ne=[1, 1, 64, 1];nb=[4, 4, 4, 256]
[SYCL] call ggml_backend_sycl_buffer_init_tensor: tensor='ffn_moe_weights-0 (reshaped)':type=f32;ne=[1, 64, 1, 1];nb=[4, 4, 256, 256]
[SYCL] call ggml_backend_sycl_buffer_init_tensor: tensor='ffn_moe_weights_sum-0':type=f32;ne=[1, 64, 1, 1];nb=[4, 4, 256, 256]
[SYCL] call ggml_backend_sycl_buffer_init_tensor: tensor='ffn_moe_weights_sum_clamped-0':type=f32;ne=[1, 64, 1, 1];nb=[4, 4, 256, 256]
[SYCL] call ggml_backend_sycl_buffer_init_tensor: tensor='ffn_moe_weights_norm-0':type=f32;ne=[1, 64, 1, 1];nb=[4, 4, 256, 256]
[SYCL] call ggml_backend_sycl_buffer_init_tensor: tensor='ffn_moe_weights_norm-0 (reshaped)':type=f32;ne=[1, 1, 64, 1];nb=[4, 4, 4, 256]
[SYCL] call ggml_backend_sycl_buffer_init_tensor: tensor='ffn_norm-0 (reshaped)':type=f32;ne=[256, 1, 64, 1];nb=[4, 1024, 1024, 65536]
[SYCL] call ggml_backend_sycl_buffer_init_tensor: tensor='node_48':type=f32;ne=[384, 1, 64, 1];nb=[4, 1536, 1536, 98304]
[SYCL] call ggml_backend_sycl_buffer_init_tensor: tensor='node_50':type=f32;ne=[1, 2, 64, 1];nb=[4, 4, 8, 512]
[SYCL] call ggml_backend_sycl_buffer_init_tensor: tensor='node_51':type=f32;ne=[1, 1, 64, 1];nb=[4, 4, 4, 256]
[SYCL] call ggml_backend_sycl_buffer_init_tensor: tensor='ffn_moe_gate_scaled-0':type=f32;ne=[384, 1, 64, 1];nb=[4, 1536, 1536, 98304]
[SYCL] call ggml_backend_sycl_buffer_init_tensor: tensor='node_53':type=f32;ne=[384, 1, 64, 1];nb=[4, 1536, 1536, 98304]
[SYCL] call ggml_backend_sycl_buffer_init_tensor: tensor='node_55':type=f32;ne=[1, 2, 64, 1];nb=[4, 4, 8, 512]
[SYCL] call ggml_backend_sycl_buffer_init_tensor: tensor='node_56':type=f32;ne=[1, 1, 64, 1];nb=[4, 4, 4, 256]
[SYCL] call ggml_backend_sycl_buffer_init_tensor: tensor='ffn_moe_up_scaled-0':type=f32;ne=[384, 1, 64, 1];nb=[4, 1536, 1536, 98304]
[SYCL] call ggml_backend_sycl_buffer_init_tensor: tensor='ffn_moe_swiglu-0':type=f32;ne=[384, 1, 64, 1];nb=[4, 1536, 1536, 98304]
[SYCL] call ggml_backend_sycl_buffer_init_tensor: tensor='node_59':type=f32;ne=[256, 1, 64, 1];nb=[4, 1024, 1024, 65536]
[SYCL] call ggml_backend_sycl_buffer_init_tensor: tensor='node_61':type=f32;ne=[1, 2, 64, 1];nb=[4, 4, 8, 512]
[SYCL] call ggml_backend_sycl_buffer_init_tensor: tensor='node_62':type=f32;ne=[1, 1, 64, 1];nb=[4, 4, 4, 256]
[SYCL] call ggml_backend_sycl_buffer_init_tensor: tensor='ffn_moe_down_scaled-0':type=f32;ne=[256, 1, 64, 1];nb=[4, 1024, 1024, 65536]
[SYCL] call ggml_backend_sycl_buffer_init_tensor: tensor='ffn_moe_weighted-0':type=f32;ne=[256, 1, 64, 1];nb=[4, 1024, 1024, 65536]
[SYCL] call ggml_backend_sycl_buffer_init_tensor: tensor='ffn_moe_weighted-0 (view)':type=f32;ne=[256, 64, 1, 1];nb=[4, 1024, 65536, 65536]
[SYCL] call ggml_backend_sycl_buffer_init_tensor: tensor='ffn_moe_out-0':type=f32;ne=[256, 64, 1, 1];nb=[4, 1024, 65536, 65536]
[SYCL] call ggml_backend_sycl_buffer_init_tensor: tensor='l_out-0':type=f32;ne=[256, 64, 1, 1];nb=[4, 1024, 65536, 65536]
[SYCL] call ggml_backend_sycl_buffer_init_tensor: tensor='norm-1':type=f32;ne=[256, 64, 1, 1];nb=[4, 1024, 65536, 65536]
[SYCL] call ggml_backend_sycl_buffer_init_tensor: tensor='attn_norm-1':type=f32;ne=[256, 64, 1, 1];nb=[4, 1024, 65536, 65536]
[SYCL] call ggml_backend_sycl_buffer_init_tensor: tensor='node_70':type=f32;ne=[256, 64, 1, 1];nb=[4, 1024, 65536, 65536]
[SYCL] call ggml_backend_sycl_buffer_init_tensor: tensor='Qcur-1':type=f32;ne=[256, 64, 1, 1];nb=[4, 1024, 65536, 65536]
[SYCL] call ggml_backend_sycl_buffer_init_tensor: tensor='Qcur-1':type=f32;ne=[256, 64, 1, 1];nb=[4, 1024, 65536, 65536]
[SYCL] call ggml_backend_sycl_buffer_init_tensor: tensor='Qcur-1':type=f32;ne=[128, 2, 64, 1];nb=[4, 512, 1024, 65536]
[SYCL] call ggml_backend_sycl_buffer_init_tensor: tensor='Qcur-1':type=f32;ne=[128, 2, 64, 1];nb=[4, 512, 1024, 65536]
[SYCL] call ggml_backend_sycl_buffer_init_tensor: tensor='node_75':type=f32;ne=[256, 64, 1, 1];nb=[4, 1024, 65536, 65536]
[SYCL] call ggml_backend_sycl_buffer_init_tensor: tensor='Vcur-1':type=f32;ne=[256, 64, 1, 1];nb=[4, 1024, 65536, 65536]
[SYCL] call ggml_backend_sycl_buffer_init_tensor: tensor='Vcur-1':type=f32;ne=[256, 64, 1, 1];nb=[4, 1024, 65536, 65536]
[SYCL] call ggml_backend_sycl_buffer_init_tensor: tensor='Vcur-1':type=f32;ne=[128, 2, 64, 1];nb=[4, 512, 1024, 65536]
[SYCL] call ggml_backend_sycl_buffer_init_tensor: tensor='node_79':type=f32;ne=[256, 64, 1, 1];nb=[4, 1024, 65536, 65536]
[SYCL] call ggml_backend_sycl_buffer_init_tensor: tensor='Kcur-1':type=f32;ne=[256, 64, 1, 1];nb=[4, 1024, 65536, 65536]
[SYCL] call ggml_backend_sycl_buffer_init_tensor: tensor='Kcur-1':type=f32;ne=[256, 64, 1, 1];nb=[4, 1024, 65536, 65536]
[SYCL] call ggml_backend_sycl_buffer_init_tensor: tensor='Kcur-1':type=f32;ne=[128, 2, 64, 1];nb=[4, 512, 1024, 65536]
[SYCL] call ggml_backend_sycl_buffer_init_tensor: tensor='Kcur-1':type=f32;ne=[128, 2, 64, 1];nb=[4, 512, 1024, 65536]
[SYCL] call ggml_backend_sycl_buffer_init_tensor: tensor='Kcur-1 (view)':type=f32;ne=[256, 64, 1, 1];nb=[4, 1024, 65536, 65536]
[SYCL] call ggml_backend_sycl_buffer_init_tensor: tensor='Vcur-1 (view)':type=f32;ne=[256, 64, 1, 1];nb=[4, 1024, 65536, 65536]
[SYCL] call ggml_backend_sycl_buffer_init_tensor: tensor='Qcur-1 (view)':type=f32;ne=[128, 2, 64, 1];nb=[4, 512, 1024, 65536]
[SYCL] call ggml_backend_sycl_buffer_init_tensor: tensor='Qcur-1 (view) (permuted)':type=f32;ne=[128, 64, 2, 1];nb=[4, 1024, 512, 65536];strided;permuted
[SYCL] call ggml_backend_sycl_buffer_init_tensor: tensor='Qcur-1 (view) (permuted) (copy)':type=f16;ne=[128, 64, 2, 1];nb=[2, 256, 16384, 32768]
[SYCL] call ggml_backend_sycl_buffer_init_tensor: tensor='node_95':type=f32;ne=[128, 2, 64, 1];nb=[4, 512, 1024, 65536]
[SYCL] call ggml_backend_sycl_buffer_init_tensor: tensor='kqv_out-1':type=f32;ne=[256, 64, 1, 1];nb=[4, 1024, 65536, 65536]
[SYCL] call ggml_backend_sycl_buffer_init_tensor: tensor='node_97':type=f32;ne=[256, 64, 1, 1];nb=[4, 1024, 65536, 65536]
[SYCL] call ggml_backend_sycl_buffer_init_tensor: tensor='node_98':type=f32;ne=[256, 64, 1, 1];nb=[4, 1024, 65536, 65536]
[SYCL] call ggml_backend_sycl_buffer_init_tensor: tensor='attn_out-1':type=f32;ne=[256, 64, 1, 1];nb=[4, 1024, 65536, 65536]
[SYCL] call ggml_backend_sycl_buffer_init_tensor: tensor='node_100':type=f32;ne=[256, 64, 1, 1];nb=[4, 1024, 65536, 65536]
[SYCL] call ggml_backend_sycl_buffer_init_tensor: tensor='node_101':type=f32;ne=[256, 64, 1, 1];nb=[4, 1024, 65536, 65536]
[SYCL] call ggml_backend_sycl_buffer_init_tensor: tensor='ffn_inp-1':type=f32;ne=[256, 64, 1, 1];nb=[4, 1024, 65536, 65536]
[SYCL] call ggml_backend_sycl_buffer_init_tensor: tensor='norm-1':type=f32;ne=[256, 64, 1, 1];nb=[4, 1024, 65536, 65536]
[SYCL] call ggml_backend_sycl_buffer_init_tensor: tensor='ffn_norm-1':type=f32;ne=[256, 64, 1, 1];nb=[4, 1024, 65536, 65536]
[SYCL] call ggml_backend_sycl_buffer_init_tensor: tensor='ffn_moe_logits-1':type=f32;ne=[2, 64, 1, 1];nb=[4, 8, 512, 512]
[SYCL] call ggml_backend_sycl_buffer_init_tensor: tensor='ffn_moe_probs-1':type=f32;ne=[2, 64, 1, 1];nb=[4, 8, 512, 512]
[SYCL] call ggml_backend_sycl_buffer_init_tensor: tensor='ffn_moe_probs-1 (reshaped)':type=f32;ne=[1, 2, 64, 1];nb=[4, 4, 8, 512]
[SYCL] call ggml_backend_sycl_buffer_init_tensor: tensor='ffn_moe_argsort-1':type=i32;ne=[2, 64, 1, 1];nb=[4, 8, 512, 512]
[SYCL-CONTROL] tensor=ffn_moe_argsort-1 op=ARGSORT bytes=512 ptr=0x78d428383200
[SYCL] call ggml_backend_sycl_buffer_init_tensor: tensor='ffn_moe_topk-1':type=i32;ne=[1, 64, 1, 1];nb=[4, 8, 512, 512];strided
[SYCL] call ggml_backend_sycl_buffer_init_tensor: tensor='ffn_moe_weights-1':type=f32;ne=[1, 1, 64, 1];nb=[4, 4, 4, 256]
[SYCL] call ggml_backend_sycl_buffer_init_tensor: tensor='ffn_moe_weights-1 (reshaped)':type=f32;ne=[1, 64, 1, 1];nb=[4, 4, 256, 256]
[SYCL] call ggml_backend_sycl_buffer_init_tensor: tensor='ffn_moe_weights_sum-1':type=f32;ne=[1, 64, 1, 1];nb=[4, 4, 256, 256]
[SYCL] call ggml_backend_sycl_buffer_init_tensor: tensor='ffn_moe_weights_sum_clamped-1':type=f32;ne=[1, 64, 1, 1];nb=[4, 4, 256, 256]
[SYCL] call ggml_backend_sycl_buffer_init_tensor: tensor='ffn_moe_weights_norm-1':type=f32;ne=[1, 64, 1, 1];nb=[4, 4, 256, 256]
[SYCL] call ggml_backend_sycl_buffer_init_tensor: tensor='ffn_moe_weights_norm-1 (reshaped)':type=f32;ne=[1, 1, 64, 1];nb=[4, 4, 4, 256]
[SYCL] call ggml_backend_sycl_buffer_init_tensor: tensor='ffn_norm-1 (reshaped)':type=f32;ne=[256, 1, 64, 1];nb=[4, 1024, 1024, 65536]
[SYCL] call ggml_backend_sycl_buffer_init_tensor: tensor='node_117':type=f32;ne=[384, 1, 64, 1];nb=[4, 1536, 1536, 98304]
[SYCL] call ggml_backend_sycl_buffer_init_tensor: tensor='node_119':type=f32;ne=[1, 2, 64, 1];nb=[4, 4, 8, 512]
[SYCL] call ggml_backend_sycl_buffer_init_tensor: tensor='node_120':type=f32;ne=[1, 1, 64, 1];nb=[4, 4, 4, 256]
[SYCL] call ggml_backend_sycl_buffer_init_tensor: tensor='ffn_moe_gate_scaled-1':type=f32;ne=[384, 1, 64, 1];nb=[4, 1536, 1536, 98304]
[SYCL] call ggml_backend_sycl_buffer_init_tensor: tensor='node_122':type=f32;ne=[384, 1, 64, 1];nb=[4, 1536, 1536, 98304]
[SYCL] call ggml_backend_sycl_buffer_init_tensor: tensor='node_124':type=f32;ne=[1, 2, 64, 1];nb=[4, 4, 8, 512]
[SYCL] call ggml_backend_sycl_buffer_init_tensor: tensor='node_125':type=f32;ne=[1, 1, 64, 1];nb=[4, 4, 4, 256]
[SYCL] call ggml_backend_sycl_buffer_init_tensor: tensor='ffn_moe_up_scaled-1':type=f32;ne=[384, 1, 64, 1];nb=[4, 1536, 1536, 98304]
[SYCL] call ggml_backend_sycl_buffer_init_tensor: tensor='ffn_moe_swiglu-1':type=f32;ne=[384, 1, 64, 1];nb=[4, 1536, 1536, 98304]
[SYCL] call ggml_backend_sycl_buffer_init_tensor: tensor='node_128':type=f32;ne=[256, 1, 64, 1];nb=[4, 1024, 1024, 65536]
[SYCL] call ggml_backend_sycl_buffer_init_tensor: tensor='node_130':type=f32;ne=[1, 2, 64, 1];nb=[4, 4, 8, 512]
[SYCL] call ggml_backend_sycl_buffer_init_tensor: tensor='node_131':type=f32;ne=[1, 1, 64, 1];nb=[4, 4, 4, 256]
[SYCL] call ggml_backend_sycl_buffer_init_tensor: tensor='ffn_moe_down_scaled-1':type=f32;ne=[256, 1, 64, 1];nb=[4, 1024, 1024, 65536]
[SYCL] call ggml_backend_sycl_buffer_init_tensor: tensor='ffn_moe_weighted-1':type=f32;ne=[256, 1, 64, 1];nb=[4, 1024, 1024, 65536]
[SYCL] call ggml_backend_sycl_buffer_init_tensor: tensor='ffn_moe_weighted-1 (view)':type=f32;ne=[256, 64, 1, 1];nb=[4, 1024, 65536, 65536]
[SYCL] call ggml_backend_sycl_buffer_init_tensor: tensor='ffn_moe_out-1':type=f32;ne=[256, 64, 1, 1];nb=[4, 1024, 65536, 65536]
[SYCL] call ggml_backend_sycl_buffer_init_tensor: tensor='l_out-1':type=f32;ne=[256, 64, 1, 1];nb=[4, 1024, 65536, 65536]
[SYCL] call ggml_backend_sycl_buffer_init_tensor: tensor='norm':type=f32;ne=[256, 64, 1, 1];nb=[4, 1024, 65536, 65536]
[SYCL] call ggml_backend_sycl_buffer_init_tensor: tensor='result_norm':type=f32;ne=[256, 64, 1, 1];nb=[4, 1024, 65536, 65536]
[SYCL] call ggml_backend_sycl_buffer_init_tensor: tensor='result_output':type=f32;ne=[128, 64, 1, 1];nb=[4, 512, 32768, 32768]
[DEBUG-GRAPH-COMPUTE] ENTER: backend=0x21a72890 cgraph=0x22ea9b88
[DEBUG-GRAPH-COMPUTE] sycl_ctx=0x1d807780 device=0
[MEM-HANDLE] released 0 command-graph retained leases
[SYCL] call ggml_backend_sycl_get_device_memory
[MEM-QUERY] dev=0 free=490.7 MB total=32656.0 MB consumed=32165.3 MB
[GRAPH-COMPUTE] device 0 arena scratch=512.0/512.0 MB external_free=490.7 MB / total=32656.0 MB
[DEBUG-GRAPH-COMPUTE] Creating lambda...
[UNIFIED-ALLOC] zone alloc: dev=0 zone=3 size=0.4 MB ptr=0xffffd55e47d1c000
[MOE-HYBRID] Popularity tracking initialized: 6 layers, 2 experts/layer
[MOE-AOS-REQUEST] tensor=blk.0.ffn_gate_exps.weight expert=0 current=0 planned=0 requested=aos reason=device-plan
[MOE-AOS-REQUEST] tensor=blk.0.ffn_gate_exps.weight expert=1 current=0 planned=0 requested=aos reason=device-plan
[MOE-AOS-REQUEST] tensor=blk.0.ffn_up_exps.weight expert=0 current=0 planned=0 requested=aos reason=device-plan
[MOE-AOS-REQUEST] tensor=blk.0.ffn_up_exps.weight expert=1 current=0 planned=0 requested=aos reason=device-plan
[MOE-AOS-REQUEST] tensor=blk.0.ffn_down_exps.weight expert=0 current=0 planned=0 requested=aos reason=device-plan
[MOE-AOS-REQUEST] tensor=blk.0.ffn_down_exps.weight expert=1 current=0 planned=0 requested=aos reason=device-plan
[MOE-AOS-REQUEST] tensor=blk.1.ffn_gate_exps.weight expert=0 current=0 planned=0 requested=aos reason=device-plan
[MOE-AOS-REQUEST] tensor=blk.1.ffn_gate_exps.weight expert=1 current=0 planned=0 requested=aos reason=device-plan
[MOE-AOS-REQUEST] tensor=blk.1.ffn_up_exps.weight expert=0 current=0 planned=0 requested=aos reason=device-plan
[MOE-AOS-REQUEST] tensor=blk.1.ffn_up_exps.weight expert=1 current=0 planned=0 requested=aos reason=device-plan
[MOE-AOS-REQUEST] tensor=blk.1.ffn_down_exps.weight expert=0 current=0 planned=0 requested=aos reason=device-plan
[MOE-AOS-REQUEST] tensor=blk.1.ffn_down_exps.weight expert=1 current=0 planned=0 requested=aos reason=device-plan
[SYCL] call ggml_backend_sycl_get_device_memory
[MOE-HYBRID] device 0: available VRAM for expert cache = 234.7 MB
[MOE-HYBRID] Registered gate weights for blk.0 (seq=0, n_embd=256, ptr=0xffffd556b6644500)
[MOE-HYBRID] Registered gate weights for blk.1 (seq=3, n_embd=256, ptr=0xffffd556b6644d00)
[DEBUG-GRAPH-COMPUTE] Lambda created
[GRAPH-CHECK] MUL_MAT_ID: src0=blk.0.ffn_gate_exps.weight buffer=0x21a49810 is_sycl=0
[SYCL-GRAPH] call #5: use_sycl_graph=0, async_mem=0, n_nodes=140, has_exec_graph=0
[DEBUG-IMPL] ENTER graph_compute_impl: n_nodes=140, device=0
[DEBUG-IMPL] Starting node loop, n_nodes=140
[DEBUG-IMPL] Node 0/140: op=40 name=embd
ggml_sycl_get_data_ptr_slow: tensor=inp_tokens, device=0, staging FAILED for non-device (type=0), using tensor->data=0x78d2782c4c40
ggml_sycl_get_data_ptr_slow: tensor=inp_tokens, device=0, using tensor->data=0x78d2782c4c40
[SYCL][OP] call ggml_sycl_get_rows: dst='embd':type=f32;ne=[256, 64, 1, 1];nb=[4, 1024, 65536, 65536]	src0='token_embd.weight':type=f32;ne=[256, 128, 1, 1];nb=[4, 1024, 131072, 131072]	src1='inp_tokens':type=i32;ne=[64, 1, 1, 1];nb=[4, 256, 256, 256]
[SYCL] weight cache lookup: tensor=0x21129ce0 name=token_embd.weight device=0
[SYCL][OP] call ggml_sycl_get_rows done
[DEBUG-IMPL] Node 1/140: op=25 name=norm-0
[DEBUG-IMPL] Node 3/140: op=29 name=node_3
[SYCL] simple consumer routing declined: op=MUL_MAT dst=node_3 plan unavailable ctx=0
[DEBUG-MULMAT] ENTER: src0=blk.0.attn_q.weight src1=attn_norm-0 dst=node_3
[SYCL][OP] call ggml_sycl_mul_mat: dst='node_3':type=f32;ne=[256, 64, 1, 1];nb=[4, 1024, 65536, 65536]	src0='blk.0.attn_q.weight':type=f32;ne=[256, 256, 1, 1];nb=[4, 1024, 262144, 262144]	src1='attn_norm-0':type=f32;ne=[256, 64, 1, 1];nb=[4, 1024, 65536, 65536]
[XMXConfig] device=0: M=8 N=16 K_INT8=32 K_FP16=16 SLM=131072 nsm=256 supported=1 int8=1 fp16=1 double_buf=1 max_esimd_wg=64 nbarrier=0 esimd_dpas=1
[MUL_MAT] src0 device=0 ptr=0xffffd556b6441400 (tensor=blk.0.attn_q.weight layout=0)
[MUL_MAT] dst device=0 ptr=0xffffd55e47cbc000 (tensor=node_3)
[SYCL] weight cache lookup: tensor=0x2112a320 name=blk.0.attn_q.weight device=0
[SYCL][OP] call ggml_sycl_mul_mat done
[DEBUG-IMPL] Node 4/140: op=7 name=Qcur-0
[DEBUG-IMPL] Node 6/140: op=36 name=Qcur-0
[DEBUG-IMPL] Node 7/140: op=49 name=Qcur-0
ggml_sycl_get_data_ptr_slow: tensor=leaf_7, device=0, staging FAILED for non-device (type=0), using tensor->data=0x78d2782d4d40
ggml_sycl_get_data_ptr_slow: tensor=leaf_7, device=0, using tensor->data=0x78d2782d4d40
[RESOLVE] data_handle empty for weight tensor 'rope_freqs.weight' device 0, falling through to cache lookup
[SYCL] weight cache lookup: tensor=0x2112b130 name=rope_freqs.weight device=0
[SYCL] weight cache lookup: tensor=0x2112b130 name=rope_freqs.weight device=0
[SYCL] simple consumer routing declined: op=ROPE dst=Qcur-0 local single-device plan ctx=0 target=0
[SYCL][OP] call ggml_sycl_rope: dst='Qcur-0':type=f32;ne=[128, 2, 64, 1];nb=[4, 512, 1024, 65536]	src0='Qcur-0':type=f32;ne=[128, 2, 64, 1];nb=[4, 512, 1024, 65536]	src1='leaf_7':type=i32;ne=[64, 1, 1, 1];nb=[4, 256, 256, 256]	src2='rope_freqs.weight':type=f32;ne=[64, 1, 1, 1];nb=[4, 256, 256, 256]
[SYCL] weight cache lookup: tensor=0x2112b130 name=rope_freqs.weight device=0
[SYCL] weight cache lookup: tensor=0x2112b130 name=rope_freqs.weight device=0
ggml_sycl_op_rope: norm path
[SYCL][OP] call ggml_sycl_rope done
[DEBUG-IMPL] Node 8/140: op=29 name=node_8
[SYCL] simple consumer routing declined: op=MUL_MAT dst=node_8 plan unavailable ctx=0
[DEBUG-MULMAT] ENTER: src0=blk.0.attn_v.weight src1=attn_norm-0 dst=node_8
[SYCL][OP] call ggml_sycl_mul_mat: dst='node_8':type=f32;ne=[256, 64, 1, 1];nb=[4, 1024, 65536, 65536]	src0='blk.0.attn_v.weight':type=f32;ne=[256, 256, 1, 1];nb=[4, 1024, 262144, 262144]	src1='attn_norm-0':type=f32;ne=[256, 64, 1, 1];nb=[4, 1024, 65536, 65536]
[XMXConfig] device=0: M=8 N=16 K_INT8=32 K_FP16=16 SLM=131072 nsm=256 supported=1 int8=1 fp16=1 double_buf=1 max_esimd_wg=64 nbarrier=0 esimd_dpas=1
[MUL_MAT] src0 device=0 ptr=0xffffd556b64c1400 (tensor=blk.0.attn_v.weight layout=0)
[MUL_MAT] dst device=0 ptr=0xffffd55e47cbc000 (tensor=node_8)
[SYCL] weight cache lookup: tensor=0x2112a640 name=blk.0.attn_v.weight device=0
[SYCL][OP] call ggml_sycl_mul_mat done
[DEBUG-IMPL] Node 9/140: op=7 name=Vcur-0
[DEBUG-IMPL] Node 11/140: op=36 name=Vcur-0
[DEBUG-IMPL] Node 12/140: op=29 name=node_12
[SYCL] simple consumer routing declined: op=MUL_MAT dst=node_12 plan unavailable ctx=0
[DEBUG-MULMAT] ENTER: src0=blk.0.attn_k.weight src1=attn_norm-0 dst=node_12
[SYCL][OP] call ggml_sycl_mul_mat: dst='node_12':type=f32;ne=[256, 64, 1, 1];nb=[4, 1024, 65536, 65536]	src0='blk.0.attn_k.weight':type=f32;ne=[256, 256, 1, 1];nb=[4, 1024, 262144, 262144]	src1='attn_norm-0':type=f32;ne=[256, 64, 1, 1];nb=[4, 1024, 65536, 65536]
[XMXConfig] device=0: M=8 N=16 K_INT8=32 K_FP16=16 SLM=131072 nsm=256 supported=1 int8=1 fp16=1 double_buf=1 max_esimd_wg=64 nbarrier=0 esimd_dpas=1
[MUL_MAT] src0 device=0 ptr=0xffffd556b6481400 (tensor=blk.0.attn_k.weight layout=0)
[MUL_MAT] dst device=0 ptr=0xffffd55e47cdc000 (tensor=node_12)
[SYCL] weight cache lookup: tensor=0x2112a4b0 name=blk.0.attn_k.weight device=0
[SYCL][OP] call ggml_sycl_mul_mat done
[DEBUG-IMPL] Node 13/140: op=7 name=Kcur-0
[DEBUG-IMPL] Node 15/140: op=36 name=Kcur-0
[DEBUG-IMPL] Node 16/140: op=49 name=Kcur-0
[RESOLVE] data_handle empty for weight tensor 'rope_freqs.weight' device 0, falling through to cache lookup
[SYCL] weight cache lookup: tensor=0x2112b130 name=rope_freqs.weight device=0
[SYCL] weight cache lookup: tensor=0x2112b130 name=rope_freqs.weight device=0
[SYCL] simple consumer routing declined: op=ROPE dst=Kcur-0 local single-device plan ctx=0 target=0
[SYCL][OP] call ggml_sycl_rope: dst='Kcur-0':type=f32;ne=[128, 2, 64, 1];nb=[4, 512, 1024, 65536]	src0='Kcur-0':type=f32;ne=[128, 2, 64, 1];nb=[4, 512, 1024, 65536]	src1='leaf_7':type=i32;ne=[64, 1, 1, 1];nb=[4, 256, 256, 256]	src2='rope_freqs.weight':type=f32;ne=[64, 1, 1, 1];nb=[4, 256, 256, 256]
ggml_sycl_op_rope: norm path
[SYCL][OP] call ggml_sycl_rope done
[DEBUG-IMPL] Node 17/140: op=37 name=Kcur-0 (view)
[DEBUG-IMPL] Node 18/140: op=42 name=cache_k_l0 (view)
ggml_sycl_get_data_ptr_slow: tensor=leaf_15, device=0, staging FAILED for non-device (type=0), using tensor->data=0x78d2782d4e40
ggml_sycl_get_data_ptr_slow: tensor=leaf_15, device=0, using tensor->data=0x78d2782d4e40
[SYCL] simple consumer routing declined: op=SET_ROWS dst=cache_k_l0 (view) plan unavailable ctx=0
[SYCL][OP] call ggml_sycl_op_set_rows: dst='cache_k_l0 (view)':type=f16;ne=[256, 256, 1, 1];nb=[2, 512, 131072, 131072]	src0='Kcur-0 (view)':type=f32;ne=[256, 64, 1, 1];nb=[4, 1024, 65536, 65536]	src1='leaf_15':type=i64;ne=[64, 1, 1, 1];nb=[8, 512, 512, 512]
[SYCL][OP] call ggml_sycl_op_set_rows done
[DEBUG-IMPL] Node 19/140: op=37 name=Vcur-0 (view)
[DEBUG-IMPL] Node 20/140: op=42 name=cache_v_l0 (view)
ggml_sycl_get_data_ptr_slow: tensor=leaf_17, device=0, staging FAILED for non-device (type=0), using tensor->data=0x78d2782d5040
ggml_sycl_get_data_ptr_slow: tensor=leaf_17, device=0, using tensor->data=0x78d2782d5040
[SYCL] simple consumer routing declined: op=SET_ROWS dst=cache_v_l0 (view) plan unavailable ctx=0
[SYCL][OP] call ggml_sycl_op_set_rows: dst='cache_v_l0 (view)':type=f16;ne=[256, 256, 1, 1];nb=[2, 512, 131072, 131072]	src0='Vcur-0 (view)':type=f32;ne=[256, 64, 1, 1];nb=[4, 1024, 65536, 65536]	src1='leaf_17':type=i64;ne=[64, 1, 1, 1];nb=[8, 512, 512, 512]
[SYCL][OP] call ggml_sycl_op_set_rows done
[DEBUG-IMPL] Node 21/140: op=37 name=Qcur-0 (view)
[DEBUG-IMPL] Node 22/140: op=38 name=Qcur-0 (view) (permuted)
[DEBUG-IMPL] Node 23/140: op=34 name=Qcur-0 (view) (permuted) (copy)
[SYCL] simple consumer routing declined: op=CPY dst=Qcur-0 (view) (permuted) (copy) local single-device plan ctx=0 target=0
[SYCL][OP] call ggml_sycl_cpy: dst='Qcur-0 (view) (permuted) (copy)':type=f16;ne=[128, 64, 2, 1];nb=[2, 256, 16384, 32768]	src0='Qcur-0 (view) (permuted)':type=f32;ne=[128, 64, 2, 1];nb=[4, 1024, 512, 65536];strided;permuted
[CPY] device=0 main_stream=0x1d26bec0 tp_queue=(nil) (match=0)
[CPY DEBUG] device=0 src0=Qcur-0 (view) (permuted)(0xffffd55e47ccc000, usm=1) -> src1=Qcur-0 (view) (permuted) (copy)(0xffffd55e47cac000, usm=1) size=65536
[CPY STAGING CHECK] device=0 needs_staging=0 src0_type=1 dst_is_device=1
[SYCL][OP] call ggml_sycl_cpy done
[DEBUG-IMPL] Node 24/140: op=37 name=cache_k_l0 (view)
[DEBUG-IMPL] Node 25/140: op=38 name=cache_k_l0 (view) (permuted)
[DEBUG-IMPL] Node 26/140: op=37 name=cache_v_l0 (view)
[DEBUG-IMPL] Node 27/140: op=38 name=cache_v_l0 (view) (permuted)
[DEBUG-IMPL] Node 28/140: op=75 name=node_28
ggml_sycl_get_data_ptr_slow: tensor=attn_inp_kq_mask, device=0, staging FAILED for non-device (type=0), using tensor->data=0x78d2782d5240
ggml_sycl_get_data_ptr_slow: tensor=attn_inp_kq_mask, device=0, using tensor->data=0x78d2782d5240
[SYCL] simple consumer routing declined: op=FLASH_ATTN_EXT dst=node_28 plan unavailable ctx=0
ggml_sycl_get_data_ptr_slow: tensor=Qcur-0 (view) (permuted) (copy), device=1, rejecting tensor->data=0xffffd55e47cac000 owned by device 0
ggml_sycl_get_data_ptr_slow: tensor=node_28, device=1, rejecting tensor->data=0xffffd55e47cb4000 owned by device 0
[DEBUG-IMPL] Node 29/140: op=36 name=kqv_out-0
[DEBUG-IMPL] Node 30/140: op=29 name=node_30
[SYCL] simple consumer routing declined: op=MUL_MAT dst=node_30 plan unavailable ctx=0
[DEBUG-MULMAT] ENTER: src0=blk.0.attn_output.weight src1=kqv_out-0 dst=node_30
[SYCL][OP] call ggml_sycl_mul_mat: dst='node_30':type=f32;ne=[256, 64, 1, 1];nb=[4, 1024, 65536, 65536]	src0='blk.0.attn_output.weight':type=f32;ne=[256, 256, 1, 1];nb=[4, 1024, 262144, 262144]	src1='kqv_out-0':type=f32;ne=[256, 64, 1, 1];nb=[4, 1024, 65536, 65536]
[XMXConfig] device=0: M=8 N=16 K_INT8=32 K_FP16=16 SLM=131072 nsm=256 supported=1 int8=1 fp16=1 double_buf=1 max_esimd_wg=64 nbarrier=0 esimd_dpas=1
[MUL_MAT] src0 device=0 ptr=0xffffd556b6501400 (tensor=blk.0.attn_output.weight layout=0)
[MUL_MAT] dst device=0 ptr=0xffffd55e47cc4000 (tensor=node_30)
[SYCL] weight cache lookup: tensor=0x2112ac80 name=blk.0.attn_output.weight device=0
[SYCL][OP] call ggml_sycl_mul_mat done
[DEBUG-IMPL] Node 31/140: op=7 name=node_31
[DEBUG-IMPL] Node 33/140: op=2 name=ffn_inp-0
[DEBUG-IMPL] Node 35/140: op=7 name=ffn_norm-0
[SYCL] simple consumer routing declined: op=MUL dst=ffn_norm-0 local single-device plan ctx=0 target=0
[SYCL][OP] call ggml_sycl_mul: dst='ffn_norm-0':type=f32;ne=[256, 64, 1, 1];nb=[4, 1024, 65536, 65536]	src0='norm-0':type=f32;ne=[256, 64, 1, 1];nb=[4, 1024, 65536, 65536]	src1='blk.0.ffn_norm.weight':type=f32;ne=[256, 1, 1, 1];nb=[4, 1024, 1024, 1024]
[BINBCAST-PTR] src0=norm-0 src0_host=0xffffd55e47c9c000 src0_d=0xffffd55e47c9c000
[BINBCAST-PTR] src1=blk.0.ffn_norm.weight src1_host=0x78d277d41840 src1_d=0xffffd556b6420800
[SYCL][OP] call ggml_sycl_mul done
[DEBUG-IMPL] Node 36/140: op=29 name=ffn_moe_logits-0
[SYCL] simple consumer routing declined: op=MUL_MAT dst=ffn_moe_logits-0 plan unavailable ctx=0
[DEBUG-MULMAT] ENTER: src0=blk.0.ffn_gate_inp.weight src1=ffn_norm-0 dst=ffn_moe_logits-0
[SYCL][OP] call ggml_sycl_mul_mat: dst='ffn_moe_logits-0':type=f32;ne=[2, 64, 1, 1];nb=[4, 8, 512, 512]	src0='blk.0.ffn_gate_inp.weight':type=f32;ne=[256, 2, 1, 1];nb=[4, 1024, 2048, 2048]	src1='ffn_norm-0':type=f32;ne=[256, 64, 1, 1];nb=[4, 1024, 65536, 65536]
[XMXConfig] device=0: M=8 N=16 K_INT8=32 K_FP16=16 SLM=131072 nsm=256 supported=1 int8=1 fp16=1 double_buf=1 max_esimd_wg=64 nbarrier=0 esimd_dpas=1
[MUL_MAT] src0 device=0 ptr=0xffffd556b6644500 (tensor=blk.0.ffn_gate_inp.weight layout=0)
[MUL_MAT] dst device=0 ptr=0xffffd55e47cac000 (tensor=ffn_moe_logits-0)
[SYCL] weight cache lookup: tensor=0x2112b2c0 name=blk.0.ffn_gate_inp.weight device=0
[SYCL][OP] call ggml_sycl_mul_mat done
[DEBUG-IMPL] Node 37/140: op=47 name=ffn_moe_probs-0
[SYCL] simple consumer routing declined: op=SOFT_MAX dst=ffn_moe_probs-0 local single-device plan ctx=0 target=0
[SYCL][OP] call ggml_sycl_op_soft_max: dst='ffn_moe_probs-0':type=f32;ne=[2, 64, 1, 1];nb=[4, 8, 512, 512]	src0='ffn_moe_logits-0':type=f32;ne=[2, 64, 1, 1];nb=[4, 8, 512, 512]	src1=nullptr
[SYCL][OP] call ggml_sycl_op_soft_max done
[DEBUG-IMPL] Node 38/140: op=36 name=ffn_moe_probs-0 (reshaped)
[DEBUG-IMPL] Node 39/140: op=70 name=ffn_moe_argsort-0
[SYCL] simple consumer routing declined: op=ARGSORT dst=ffn_moe_argsort-0 local single-device plan ctx=0 target=0
[SYCL][OP] call ggml_sycl_argsort: dst='ffn_moe_argsort-0':type=i32;ne=[2, 64, 1, 1];nb=[4, 8, 512, 512]	src0='ffn_moe_probs-0':type=f32;ne=[2, 64, 1, 1];nb=[4, 8, 512, 512]
0.02.184.937 E [SYCL][PTR] dst tensor=ffn_moe_argsort-0 data=0x78d428383000 alloc=512 base=0xffffd55e47c9c000 size=524288 end=0xffffd55e47d1c000
[SYCL][OP] call ggml_sycl_argsort done
[DEBUG-IMPL] Node 40/140: op=37 name=ffn_moe_topk-0
[DEBUG-IMPL] Node 41/140: op=40 name=ffn_moe_weights-0
[SYCL][OP] call ggml_sycl_get_rows: dst='ffn_moe_weights-0':type=f32;ne=[1, 1, 64, 1];nb=[4, 4, 4, 256]	src0='ffn_moe_probs-0 (reshaped)':type=f32;ne=[1, 2, 64, 1];nb=[4, 4, 8, 512]	src1='ffn_moe_topk-0':type=i32;ne=[1, 64, 1, 1];nb=[4, 8, 512, 512];strided
0.02.188.523 E [SYCL][PTR] src1 tensor=ffn_moe_topk-0 data=0x78d428383000 alloc=508 base=0xffffd55e47c9c000 size=524288 end=0xffffd55e47d1c000
[SYCL] weight cache lookup: tensor=0x22e0d3f0 name=ffn_moe_probs-0 (reshaped) device=0
[SYCL][OP] call ggml_sycl_get_rows done
[DEBUG-IMPL] Node 42/140: op=36 name=ffn_moe_weights-0 (reshaped)
[DEBUG-IMPL] Node 43/140: op=15 name=ffn_moe_weights_sum-0
[SYCL] simple consumer routing declined: op=SUM_ROWS dst=ffn_moe_weights_sum-0 plan unavailable ctx=0
[SYCL][OP] call ggml_sycl_sum_rows: dst='ffn_moe_weights_sum-0':type=f32;ne=[1, 64, 1, 1];nb=[4, 4, 256, 256]	src0='ffn_moe_weights-0 (reshaped)':type=f32;ne=[1, 64, 1, 1];nb=[4, 4, 256, 256]
[SYCL][OP] call ggml_sycl_sum_rows done
[DEBUG-IMPL] Node 44/140: op=51 name=ffn_moe_weights_sum_clamped-0
[SYCL] simple consumer routing declined: op=CLAMP dst=ffn_moe_weights_sum_clamped-0 plan unavailable ctx=0
[SYCL][OP] call ggml_sycl_clamp: dst='ffn_moe_weights_sum_clamped-0':type=f32;ne=[1, 64, 1, 1];nb=[4, 4, 256, 256]	src0='ffn_moe_weights_sum-0':type=f32;ne=[1, 64, 1, 1];nb=[4, 4, 256, 256]
[SYCL][OP] call ggml_sycl_clamp done
[DEBUG-IMPL] Node 45/140: op=8 name=ffn_moe_weights_norm-0
[SYCL] simple consumer routing declined: op=DIV dst=ffn_moe_weights_norm-0 plan unavailable ctx=0
[SYCL][OP] call ggml_sycl_div: dst='ffn_moe_weights_norm-0':type=f32;ne=[1, 64, 1, 1];nb=[4, 4, 256, 256]	src0='ffn_moe_weights-0 (reshaped)':type=f32;ne=[1, 64, 1, 1];nb=[4, 4, 256, 256]	src1='ffn_moe_weights_sum_clamped-0':type=f32;ne=[1, 64, 1, 1];nb=[4, 4, 256, 256]
[BINBCAST-PTR] src0=ffn_moe_weights-0 (reshaped) src0_host=0xffffd55e47cac400 src0_d=0xffffd55e47cac400
[BINBCAST-PTR] src1=ffn_moe_weights_sum_clamped-0 src1_host=0xffffd55e47cac000 src1_d=0xffffd55e47cac000
[SYCL][OP] call ggml_sycl_div done
[DEBUG-IMPL] Node 46/140: op=36 name=ffn_moe_weights_norm-0 (reshaped)
[DEBUG-IMPL] Node 47/140: op=36 name=ffn_norm-0 (reshaped)
[DEBUG-IMPL] Node 48/140: op=30 name=node_48
[RESOLVE] data_handle empty for weight tensor 'blk.0.ffn_gate_exps.weight' device 0, falling through to cache lookup
[SYCL] weight cache lookup: tensor=0x2112b450 name=blk.0.ffn_gate_exps.weight device=0
[RESOLVE] refusing composite MoE expert tensor materialization for placement-planned 'blk.0.ffn_gate_exps.weight' device 0
[SYCL][OP] call ggml_sycl_mul_mat_id: dst='node_48':type=f32;ne=[384, 1, 64, 1];nb=[4, 1536, 1536, 98304]	src0='blk.0.ffn_gate_exps.weight':type=f32;ne=[256, 384, 2, 1];nb=[4, 1024, 393216, 786432]	src1='ffn_norm-0 (reshaped)':type=f32;ne=[256, 1, 64, 1];nb=[4, 1024, 1024, 65536]	src2='ffn_moe_topk-0':type=i32;ne=[1, 64, 1, 1];nb=[4, 8, 512, 512];strided
[XMX-DEBUG] ggml_sycl_mul_mat_id call #0: src0->type=0 (blk.0.ffn_gate_exps.weight)
0.02.189.663 E [SYCL][PTR] src2 tensor=ffn_moe_topk-0 data=0x78d428383000 alloc=508 base=0xffffd55e47c9c000 size=524288 end=0xffffd55e47d1c000
[XMX-DEBUG] try_xmx_sorted_moe called: src0->type=0
[XMX-DEBUG] XMX MoE: forced=0 fused_enabled=0 tiled_enabled=1
[XMX-DEBUG] XMX caps: supported=1 int8=1
[XMX MoE] Only Q8_0/MXFP4 supported, got type 0
[XMX-MOE-REJECT] tensor=blk.0.ffn_gate_exps.weight type=f32 device=0 reason=type src0=[256,384,2,1] src1=[256,1,64,1] ids=[1,64,1,1]
[MoE FUSED] Batch 64 > 32, using oneDNN batching
[MoE] About to try COALESCED layout
[RESOLVE] data_handle empty for weight tensor 'blk.0.ffn_gate_exps.weight' device 0, falling through to cache lookup
[SYCL] weight cache lookup: tensor=0x2112b450 name=blk.0.ffn_gate_exps.weight device=0
[RESOLVE] refusing composite MoE expert tensor materialization for placement-planned 'blk.0.ffn_gate_exps.weight' device 0
[MoE] Trying MMVQ with layout=2 for blk.0.ffn_gate_exps.weight
[MMVQ-ENTRY] src0=blk.0.ffn_gate_exps.weight type=0 forced_layout=2
[MMVQ] Batch 64 > threshold 32, routing to batched GEMM path
[MoE] MMVQ layout=2 returned false
[MoE] About to try SOA layout
[RESOLVE] data_handle empty for weight tensor 'blk.0.ffn_gate_exps.weight' device 0, falling through to cache lookup
[SYCL] weight cache lookup: tensor=0x2112b450 name=blk.0.ffn_gate_exps.weight device=0
[RESOLVE] refusing composite MoE expert tensor materialization for placement-planned 'blk.0.ffn_gate_exps.weight' device 0
[MoE] Trying MMVQ with layout=1 for blk.0.ffn_gate_exps.weight
[MMVQ-ENTRY] src0=blk.0.ffn_gate_exps.weight type=0 forced_layout=1
[MMVQ] Batch 64 > threshold 32, routing to batched GEMM path
[MoE] MMVQ layout=1 returned false
[MoE] About to try AOS layout
[RESOLVE] data_handle empty for weight tensor 'blk.0.ffn_gate_exps.weight' device 0, falling through to cache lookup
[SYCL] weight cache lookup: tensor=0x2112b450 name=blk.0.ffn_gate_exps.weight device=0
[RESOLVE] refusing composite MoE expert tensor materialization for placement-planned 'blk.0.ffn_gate_exps.weight' device 0
[MoE] Trying MMVQ with layout=0 for blk.0.ffn_gate_exps.weight
[MMVQ-ENTRY] src0=blk.0.ffn_gate_exps.weight type=0 forced_layout=0
[MMVQ] Batch 64 > threshold 32, routing to batched GEMM path
[MoE] MMVQ layout=0 returned false
[MoE] All MMVQ layouts failed, falling back to host routing
[MoE] GPU probe paths did not select type 0; resolving planner-owned MoE route
[MoE-1E] Cached IDs for layer 0 (GATE), 64 elements
[MoE] Using expert cache for blk.0.ffn_gate_exps.weight (layer=1876883677, host_buf=0, ptr_type=3)
[MOE-AOS-REQUEST] tensor=blk.0.ffn_gate_exps.weight expert=0 current=0 planned=0 requested=aos reason=device-plan
[MOE-AOS-REQUEST] tensor=blk.0.ffn_gate_exps.weight expert=1 current=0 planned=0 requested=aos reason=device-plan
[GRAPH-MOE-LAYOUT] tensor=blk.0.ffn_gate_exps.weight device=0 plan=1 selected=aos local=2 secondary=0 host=0 missing=0 host_weights=0
[MOE-DISPATCH-LAYOUT] tensor=blk.0.ffn_gate_exps.weight device=0 route_layout=aos src0_layout=aos use_expert_cache=1 placement_planned=1 host_weights=0 plan=1 plan_host=0 has_override=0 ne12=64
[MOE-STAGE] tensor=blk.0.ffn_gate_exps.weight stage=after-dispatch-layout device=0 ne12=64
[MOE-STAGE] tensor=blk.0.ffn_gate_exps.weight stage=after-pointer-table device=0 planned_pp=1
[MOE-STAGE] tensor=blk.0.ffn_gate_exps.weight stage=after-route-diagnostics device=0 planned_pp=1
[MOE-STAGE] tensor=blk.0.ffn_gate_exps.weight stage=before-route-mode device=0 ne12=64 use_cache=1 plan=1 hybrid=1
[MOE-IDS] Staging ids to device (buffer_on_host=0, ptr_usm_type=3)
[MOE-IDS] Using pre-allocated staging buffer (256 bytes)
[MOE-STAGE] tensor=blk.0.ffn_gate_exps.weight stage=pp-rowmap-alloc-begin device=0 rows=64
[UNIFIED-ALLOC] zone alloc: dev=0 zone=4 size=0.0 MB ptr=0xffffd55e67c2c000
[MOE-STAGE] tensor=blk.0.ffn_gate_exps.weight stage=pp-rowmap-copy-begin device=0 rows=64 dst_handle=0
[MOE-STAGE] tensor=blk.0.ffn_gate_exps.weight stage=pp-rowmap-copy-submitted device=0 rows=64
[UNIFIED-ALLOC] zone alloc: dev=0 zone=4 size=0.1 MB ptr=0xffffd55e67c2c200
[UNIFIED-ALLOC] zone alloc: dev=0 zone=4 size=0.1 MB ptr=0xffffd55e67c44200
[MOE-AOS-REQUEST] tensor=blk.0.ffn_gate_exps.weight expert=0 current=0 planned=0 requested=aos reason=device-plan
[DEBUG-MULMAT] ENTER: src0=blk.0.ffn_gate_exps.weight src1=ffn_norm-0 (reshaped) dst=node_48
[SYCL][OP] call ggml_sycl_mul_mat: dst='node_48':type=f32;ne=[384, 57, 1, 1];nb=[4, 1536, 87552, 87552]	src0='blk.0.ffn_gate_exps.weight':type=f32;ne=[256, 384, 2, 1];nb=[4, 1024, 393216, 786432]	src1='ffn_norm-0 (reshaped)':type=f32;ne=[256, 1, 64, 1];nb=[4, 1024, 1024, 65536]0.02.189.942 E [SYCL][PTR] dst tensor=node_48 data=0xffffd55e67c2c200 alloc=87552 base=0xffffd55e47c9c000 size=524288 end=0xffffd55e47d1c000

[XMXConfig] device=0: M=8 N=16 K_INT8=32 K_FP16=16 SLM=131072 nsm=256 supported=1 int8=1 fp16=1 double_buf=1 max_esimd_wg=64 nbarrier=0 esimd_dpas=1
[MUL_MAT] src0 device=0 ptr=0xffffd556b6645500 (tensor=blk.0.ffn_gate_exps.weight layout=0)
[MUL_MAT] dst device=0 ptr=0xffffd55e67c2c200 (tensor=node_48)
[SYCL][OP] call ggml_sycl_mul_mat done
[MOE-AOS-REQUEST] tensor=blk.0.ffn_gate_exps.weight expert=1 current=0 planned=0 requested=aos reason=device-plan
[DEBUG-MULMAT] ENTER: src0=blk.0.ffn_gate_exps.weight src1=ffn_norm-0 (reshaped) dst=node_48
[SYCL][OP] call ggml_sycl_mul_mat: dst='node_48':type=f32;ne=[384, 7, 1, 1];nb=[4, 1536, 10752, 10752]	src0='blk.0.ffn_gate_exps.weight':type=f32;ne=[256, 384, 2, 1];nb=[4, 1024, 393216, 786432]	src1='ffn_norm-0 (reshaped)':type=f32;ne=[256, 1, 64, 1];nb=[4, 1024, 1024, 65536]
0.02.190.179 E [SYCL][PTR] dst tensor=node_48 data=0xffffd55e67c41800 alloc=10752 base=0xffffd55e47c9c000 size=524288 end=0xffffd55e47d1c000
[XMXConfig] device=0: M=8 N=16 K_INT8=32 K_FP16=16 SLM=131072 nsm=256 supported=1 int8=1 fp16=1 double_buf=1 max_esimd_wg=64 nbarrier=0 esimd_dpas=1
[MUL_MAT] src0 device=0 ptr=0xffffd556b66a5500 (tensor=blk.0.ffn_gate_exps.weight layout=0)
[MUL_MAT] dst device=0 ptr=0xffffd55e67c41800 (tensor=node_48)
[SYCL][OP] call ggml_sycl_mul_mat done
[SYCL][OP] call ggml_sycl_mul_mat_id done
[DEBUG-IMPL] Node 49/140: op=36 name=blk.0.ffn_gate_exps.scale (reshaped)
[DEBUG-IMPL] Node 50/140: op=20 name=node_50
[SYCL] weight cache lookup: tensor=0x22e0e9d0 name=blk.0.ffn_gate_exps.scale (reshaped) device=0
ggml_sycl_get_data_ptr_slow: tensor=blk.0.ffn_gate_exps.scale (reshaped) view_src chain -> base=blk.0.ffn_gate_exps.scale, base->extra=0x1e09a970, base->data=0x78d2782c46c0, tensor->data=0x78d2782c46c0
ggml_sycl_get_data_ptr_slow: base=blk.0.ffn_gate_exps.scale data=0x78d2782c46c0 ptr_type=3
[SYCL] weight cache lookup: tensor=0x22e0e9d0 name=blk.0.ffn_gate_exps.scale (reshaped) device=0
ggml_sycl_get_data_ptr_slow: tensor=blk.0.ffn_gate_exps.scale (reshaped), device=0, staging FAILED for non-device (type=0), using tensor->data=0x78d2782c46c0
ggml_sycl_get_data_ptr_slow: tensor=blk.0.ffn_gate_exps.scale (reshaped), device=0, using tensor->data=0x78d2782c46c0
[RESOLVE] data_handle empty for weight tensor 'blk.0.ffn_gate_exps.scale' device 0, falling through to cache lookup
[SYCL] weight cache lookup: tensor=0x2112d6b0 name=blk.0.ffn_gate_exps.scale device=0
[SYCL] weight cache lookup: tensor=0x2112d6b0 name=blk.0.ffn_gate_exps.scale device=0
ggml_sycl_get_data_ptr_slow: tensor=blk.0.ffn_gate_exps.scale, device=0, staging FAILED for non-device (type=0), using tensor->data=0x78d2782c46c0
ggml_sycl_get_data_ptr_slow: tensor=blk.0.ffn_gate_exps.scale, device=0, using tensor->data=0x78d2782c46c0
[SYCL] simple consumer routing declined: op=REPEAT dst=node_50 plan unavailable ctx=0
[SYCL][OP] call ggml_sycl_repeat: dst='node_50':type=f32;ne=[1, 2, 64, 1];nb=[4, 4, 8, 512]	src0='blk.0.ffn_gate_exps.scale (reshaped)':type=f32;ne=[1, 2, 1, 1];nb=[4, 4, 8, 8]
[SYCL] weight cache lookup: tensor=0x22e0e9d0 name=blk.0.ffn_gate_exps.scale (reshaped) device=0
[SYCL] weight cache lookup: tensor=0x22e0e9d0 name=blk.0.ffn_gate_exps.scale (reshaped) device=0
0.02.190.397 E [UNIFIED-CACHE] planned-mode runtime materialization rejected op=direct_stage_weight caller=direct_stage_weight model=0 name_hash=0x5c5ab6125ec1b4e2 aux=270 type=0 ne=[1,2,1,1] layout=0 graph_active=1
[SYCL-BINBCAST] staging raw host tensor=blk.0.ffn_gate_exps.scale (reshaped) bytes=8 device=0 src=0x78d2782c46c0 dst=0xffffe38f1ae00000
[BINBCAST-PTR] src0=node_50 src0_host=0xffffd55e47cac400 src0_d=0xffffd55e47cac400
[BINBCAST-PTR] src1=blk.0.ffn_gate_exps.scale (reshaped) src1_host=0x78d2782c46c0 src1_d=0xffffe38f1ae00000
[SYCL][OP] call ggml_sycl_repeat done
[DEBUG-IMPL] Node 51/140: op=40 name=node_51
[SYCL][OP] call ggml_sycl_get_rows: dst='node_51':type=f32;ne=[1, 1, 64, 1];nb=[4, 4, 4, 256]	src0='node_50':type=f32;ne=[1, 2, 64, 1];nb=[4, 4, 8, 512]	src1='ffn_moe_topk-0':type=i32;ne=[1, 64, 1, 1];nb=[4, 8, 512, 512];strided
0.02.190.656 E [SYCL][PTR] src1 tensor=ffn_moe_topk-0 data=0x78d428383000 alloc=508 base=0xffffd55e47c9c000 size=524288 end=0xffffd55e47d1c000
[SYCL] weight cache lookup: tensor=0x22e0eb60 name=node_50 device=0
[SYCL][OP] call ggml_sycl_get_rows done
[DEBUG-IMPL] Node 52/140: op=7 name=ffn_moe_gate_scaled-0
[SYCL] simple consumer routing declined: op=MUL dst=ffn_moe_gate_scaled-0 local single-device plan ctx=0 target=0
[SYCL][OP] call ggml_sycl_mul: dst='ffn_moe_gate_scaled-0':type=f32;ne=[384, 1, 64, 1];nb=[4, 1536, 1536, 98304]	src0='node_48':type=f32;ne=[384, 1, 64, 1];nb=[4, 1536, 1536, 98304]	src1='node_51':type=f32;ne=[1, 1, 64, 1];nb=[4, 4, 4, 256]
[BINBCAST-PTR] src0=node_48 src0_host=0xffffd55e47cd4000 src0_d=0xffffd55e47cd4000
[BINBCAST-PTR] src1=node_51 src1_host=0xffffd55e47cac000 src1_d=0xffffd55e47cac000
[SYCL][OP] call ggml_sycl_mul done
[DEBUG-IMPL] Node 53/140: op=30 name=node_53
[RESOLVE] data_handle empty for weight tensor 'blk.0.ffn_up_exps.weight' device 0, falling through to cache lookup
[SYCL] weight cache lookup: tensor=0x2112b770 name=blk.0.ffn_up_exps.weight device=0
[RESOLVE] refusing composite MoE expert tensor materialization for placement-planned 'blk.0.ffn_up_exps.weight' device 0
[SYCL][OP] call ggml_sycl_mul_mat_id: dst='node_53':type=f32;ne=[384, 1, 64, 1];nb=[4, 1536, 1536, 98304]	src0='blk.0.ffn_up_exps.weight':type=f32;ne=[256, 384, 2, 1];nb=[4, 1024, 393216, 786432]	src1='ffn_norm-0 (reshaped)':type=f32;ne=[256, 1, 64, 1];nb=[4, 1024, 1024, 65536]	src2='ffn_moe_topk-0':type=i32;ne=[1, 64, 1, 1];nb=[4, 8, 512, 512];strided
[XMX-DEBUG] ggml_sycl_mul_mat_id call #1: src0->type=0 (blk.0.ffn_up_exps.weight)
0.02.190.737 E [SYCL][PTR] src2 tensor=ffn_moe_topk-0 data=0x78d428383000 alloc=508 base=0xffffd55e47c9c000 size=524288 end=0xffffd55e47d1c000
[XMX-DEBUG] try_xmx_sorted_moe called: src0->type=0
[XMX-DEBUG] XMX MoE: forced=0 fused_enabled=0 tiled_enabled=1
[XMX-DEBUG] XMX caps: supported=1 int8=1
[XMX MoE] Only Q8_0/MXFP4 supported, got type 0
[XMX-MOE-REJECT] tensor=blk.0.ffn_up_exps.weight type=f32 device=0 reason=type src0=[256,384,2,1] src1=[256,1,64,1] ids=[1,64,1,1]
[MoE FUSED] Batch 64 > 32, using oneDNN batching
[MoE] About to try COALESCED layout
[RESOLVE] data_handle empty for weight tensor 'blk.0.ffn_up_exps.weight' device 0, falling through to cache lookup
[SYCL] weight cache lookup: tensor=0x2112b770 name=blk.0.ffn_up_exps.weight device=0
[RESOLVE] refusing composite MoE expert tensor materialization for placement-planned 'blk.0.ffn_up_exps.weight' device 0
[MoE] Trying MMVQ with layout=2 for blk.0.ffn_up_exps.weight
[MMVQ-ENTRY] src0=blk.0.ffn_up_exps.weight type=0 forced_layout=2
[MMVQ] Batch 64 > threshold 32, routing to batched GEMM path
[MoE] MMVQ layout=2 returned false
[MoE] About to try SOA layout
[RESOLVE] data_handle empty for weight tensor 'blk.0.ffn_up_exps.weight' device 0, falling through to cache lookup
[SYCL] weight cache lookup: tensor=0x2112b770 name=blk.0.ffn_up_exps.weight device=0
[RESOLVE] refusing composite MoE expert tensor materialization for placement-planned 'blk.0.ffn_up_exps.weight' device 0
[MoE] Trying MMVQ with layout=1 for blk.0.ffn_up_exps.weight
[MMVQ-ENTRY] src0=blk.0.ffn_up_exps.weight type=0 forced_layout=1
[MMVQ] Batch 64 > threshold 32, routing to batched GEMM path
[MoE] MMVQ layout=1 returned false
[MoE] About to try AOS layout
[RESOLVE] data_handle empty for weight tensor 'blk.0.ffn_up_exps.weight' device 0, falling through to cache lookup
[SYCL] weight cache lookup: tensor=0x2112b770 name=blk.0.ffn_up_exps.weight device=0
[RESOLVE] refusing composite MoE expert tensor materialization for placement-planned 'blk.0.ffn_up_exps.weight' device 0
[MoE] Trying MMVQ with layout=0 for blk.0.ffn_up_exps.weight
[MMVQ-ENTRY] src0=blk.0.ffn_up_exps.weight type=0 forced_layout=0
[MMVQ] Batch 64 > threshold 32, routing to batched GEMM path
[MoE] MMVQ layout=0 returned false
[MoE] All MMVQ layouts failed, falling back to host routing
[MoE] GPU probe paths did not select type 0; resolving planner-owned MoE route
[MoE-1E] Reusing cached IDs for layer 0 (blk.0.ffn_up_exps.weight), 64 elements
[MoE] Using expert cache for blk.0.ffn_up_exps.weight (layer=559450555, host_buf=0, ptr_type=3)
[MOE-AOS-REQUEST] tensor=blk.0.ffn_up_exps.weight expert=0 current=0 planned=0 requested=aos reason=device-plan
[MOE-AOS-REQUEST] tensor=blk.0.ffn_up_exps.weight expert=1 current=0 planned=0 requested=aos reason=device-plan
[GRAPH-MOE-LAYOUT] tensor=blk.0.ffn_up_exps.weight device=0 plan=1 selected=aos local=2 secondary=0 host=0 missing=0 host_weights=0
[MOE-DISPATCH-LAYOUT] tensor=blk.0.ffn_up_exps.weight device=0 route_layout=aos src0_layout=aos use_expert_cache=1 placement_planned=1 host_weights=0 plan=1 plan_host=0 has_override=0 ne12=64
[MOE-STAGE] tensor=blk.0.ffn_up_exps.weight stage=after-dispatch-layout device=0 ne12=64
[MOE-STAGE] tensor=blk.0.ffn_up_exps.weight stage=after-pointer-table device=0 planned_pp=1
[MOE-STAGE] tensor=blk.0.ffn_up_exps.weight stage=after-route-diagnostics device=0 planned_pp=1
[MOE-STAGE] tensor=blk.0.ffn_up_exps.weight stage=before-route-mode device=0 ne12=64 use_cache=1 plan=1 hybrid=1
[MOE-IDS] Staging ids to device (buffer_on_host=0, ptr_usm_type=3)
[MOE-STAGE] tensor=blk.0.ffn_up_exps.weight stage=pp-rowmap-alloc-begin device=0 rows=64
[UNIFIED-ALLOC] zone alloc: dev=0 zone=4 size=0.0 MB ptr=0xffffd55e67c2c000
[MOE-STAGE] tensor=blk.0.ffn_up_exps.weight stage=pp-rowmap-copy-begin device=0 rows=64 dst_handle=0
[MOE-STAGE] tensor=blk.0.ffn_up_exps.weight stage=pp-rowmap-copy-submitted device=0 rows=64
[UNIFIED-ALLOC] zone alloc: dev=0 zone=4 size=0.1 MB ptr=0xffffd55e67c2c200
[UNIFIED-ALLOC] zone alloc: dev=0 zone=4 size=0.1 MB ptr=0xffffd55e67c44200
[MOE-AOS-REQUEST] tensor=blk.0.ffn_up_exps.weight expert=0 current=0 planned=0 requested=aos reason=device-plan
[DEBUG-MULMAT] ENTER: src0=blk.0.ffn_up_exps.weight src1=ffn_norm-0 (reshaped) dst=node_53
[SYCL][OP] call ggml_sycl_mul_mat: dst='node_53':type=f32;ne=[384, 57, 1, 1];nb=[4, 1536, 87552, 87552]	src0='blk.0.ffn_up_exps.weight':type=f32;ne=[256, 384, 2, 1];nb=[4, 1024, 393216, 786432]	src1='ffn_norm-0 (reshaped)':type=f32;ne=[256, 1, 64, 1];nb=[4, 1024, 1024, 65536]
0.02.190.850 E [SYCL][PTR] dst tensor=node_53 data=0xffffd55e67c2c200 alloc=87552 base=0xffffd55e47c9c000 size=524288 end=0xffffd55e47d1c000
[XMXConfig] device=0: M=8 N=16 K_INT8=32 K_FP16=16 SLM=131072 nsm=256 supported=1 int8=1 fp16=1 double_buf=1 max_esimd_wg=64 nbarrier=0 esimd_dpas=1
[MUL_MAT] src0 device=0 ptr=0xffffd556b6705500 (tensor=blk.0.ffn_up_exps.weight layout=0)
[MUL_MAT] dst device=0 ptr=0xffffd55e67c2c200 (tensor=node_53)
[SYCL][OP] call ggml_sycl_mul_mat done
[MOE-AOS-REQUEST] tensor=blk.0.ffn_up_exps.weight expert=1 current=0 planned=0 requested=aos reason=device-plan
[DEBUG-MULMAT] ENTER: src0=blk.0.ffn_up_exps.weight src1=ffn_norm-0 (reshaped) dst=node_53
[SYCL][OP] call ggml_sycl_mul_mat: dst='node_53':type=f32;ne=[384, 7, 1, 1];nb=[4, 1536, 10752, 10752]	src0='blk.0.ffn_up_exps.weight':type=f32;ne=[256, 384, 2, 1];nb=[4, 1024, 393216, 786432]	src1='ffn_norm-0 (reshaped)':type=f32;ne=[256, 1, 64, 1];nb=[4, 1024, 1024, 65536]0.02.190.928 E [SYCL][PTR] dst tensor=node_53 data=0xffffd55e67c41800 alloc=10752 base=0xffffd55e47c9c000 size=524288 end=0xffffd55e47d1c000

[XMXConfig] device=0: M=8 N=16 K_INT8=32 K_FP16=16 SLM=131072 nsm=256 supported=1 int8=1 fp16=1 double_buf=1 max_esimd_wg=64 nbarrier=0 esimd_dpas=1
[MUL_MAT] src0 device=0 ptr=0xffffd556b6765500 (tensor=blk.0.ffn_up_exps.weight layout=0)
[MUL_MAT] dst device=0 ptr=0xffffd55e67c41800 (tensor=node_53)
[SYCL][OP] call ggml_sycl_mul_mat done
[SYCL][OP] call ggml_sycl_mul_mat_id done
[DEBUG-IMPL] Node 54/140: op=36 name=blk.0.ffn_up_exps.scale (reshaped)
[DEBUG-IMPL] Node 55/140: op=20 name=node_55
[SYCL] weight cache lookup: tensor=0x22e0e200 name=blk.0.ffn_up_exps.scale (reshaped) device=0
ggml_sycl_get_data_ptr_slow: tensor=blk.0.ffn_up_exps.scale (reshaped) view_src chain -> base=blk.0.ffn_up_exps.scale, base->extra=0x219fc0e0, base->data=0x78d2782c4700, tensor->data=0x78d2782c4700
ggml_sycl_get_data_ptr_slow: base=blk.0.ffn_up_exps.scale data=0x78d2782c4700 ptr_type=3
[SYCL] weight cache lookup: tensor=0x22e0e200 name=blk.0.ffn_up_exps.scale (reshaped) device=0
ggml_sycl_get_data_ptr_slow: tensor=blk.0.ffn_up_exps.scale (reshaped), device=0, staging FAILED for non-device (type=0), using tensor->data=0x78d2782c4700
ggml_sycl_get_data_ptr_slow: tensor=blk.0.ffn_up_exps.scale (reshaped), device=0, using tensor->data=0x78d2782c4700
[RESOLVE] data_handle empty for weight tensor 'blk.0.ffn_up_exps.scale' device 0, falling through to cache lookup
[SYCL] weight cache lookup: tensor=0x2112d9d0 name=blk.0.ffn_up_exps.scale device=0
[SYCL] weight cache lookup: tensor=0x2112d9d0 name=blk.0.ffn_up_exps.scale device=0
ggml_sycl_get_data_ptr_slow: tensor=blk.0.ffn_up_exps.scale, device=0, staging FAILED for non-device (type=0), using tensor->data=0x78d2782c4700
ggml_sycl_get_data_ptr_slow: tensor=blk.0.ffn_up_exps.scale, device=0, using tensor->data=0x78d2782c4700
[SYCL] simple consumer routing declined: op=REPEAT dst=node_55 plan unavailable ctx=0
[SYCL][OP] call ggml_sycl_repeat: dst='node_55':type=f32;ne=[1, 2, 64, 1];nb=[4, 4, 8, 512]	src0='blk.0.ffn_up_exps.scale (reshaped)':type=f32;ne=[1, 2, 1, 1];nb=[4, 4, 8, 8]
[SYCL] weight cache lookup: tensor=0x22e0e200 name=blk.0.ffn_up_exps.scale (reshaped) device=0
[SYCL] weight cache lookup: tensor=0x22e0e200 name=blk.0.ffn_up_exps.scale (reshaped) device=0
0.02.191.041 E [UNIFIED-CACHE] planned-mode runtime materialization rejected op=direct_stage_weight caller=direct_stage_weight model=0 name_hash=0xe55e3ca93cf2a5d1 aux=275 type=0 ne=[1,2,1,1] layout=0 graph_active=1
[SYCL-BINBCAST] staging raw host tensor=blk.0.ffn_up_exps.scale (reshaped) bytes=8 device=0 src=0x78d2782c4700 dst=0xffffe38f1ae00000
[BINBCAST-PTR] src0=node_55 src0_host=0xffffd55e47c9c000 src0_d=0xffffd55e47c9c000
[BINBCAST-PTR] src1=blk.0.ffn_up_exps.scale (reshaped) src1_host=0x78d2782c4700 src1_d=0xffffe38f1ae00000
[SYCL][OP] call ggml_sycl_repeat done
[DEBUG-IMPL] Node 56/140: op=40 name=node_56
[SYCL][OP] call ggml_sycl_get_rows: dst='node_56':type=f32;ne=[1, 1, 64, 1];nb=[4, 4, 4, 256]	src0='node_55':type=f32;ne=[1, 2, 64, 1];nb=[4, 4, 8, 512]	src1='ffn_moe_topk-0':type=i32;ne=[1, 64, 1, 1];nb=[4, 8, 512, 512];strided
[SYCL] weight cache lookup: tensor=0x22e0e390 name=node_55 device=0
0.02.191.090 E [SYCL][PTR] src1 tensor=ffn_moe_topk-0 data=0x78d428383000 alloc=508 base=0xffffd55e47c9c000 size=524288 end=0xffffd55e47d1c000
[SYCL][OP] call ggml_sycl_get_rows done
[DEBUG-IMPL] Node 57/140: op=7 name=ffn_moe_up_scaled-0
[SYCL] simple consumer routing declined: op=MUL dst=ffn_moe_up_scaled-0 local single-device plan ctx=0 target=0
[SYCL][OP] call ggml_sycl_mul: dst='ffn_moe_up_scaled-0':type=f32;ne=[384, 1, 64, 1];nb=[4, 1536, 1536, 98304]	src0='node_53':type=f32;ne=[384, 1, 64, 1];nb=[4, 1536, 1536, 98304]	src1='node_56':type=f32;ne=[1, 1, 64, 1];nb=[4, 4, 4, 256]
[BINBCAST-PTR] src0=node_53 src0_host=0xffffd55e47cec000 src0_d=0xffffd55e47cec000
[BINBCAST-PTR] src1=node_56 src1_host=0xffffd55e47c9c200 src1_d=0xffffd55e47c9c200
[SYCL][OP] call ggml_sycl_mul done
[DEBUG-IMPL] Node 58/140: op=97 name=ffn_moe_swiglu-0
[SYCL] simple consumer routing declined: op=GLU dst=ffn_moe_swiglu-0 local single-device plan ctx=0 target=0
[SYCL][OP] call ggml_sycl_swiglu: dst='ffn_moe_swiglu-0':type=f32;ne=[384, 1, 64, 1];nb=[4, 1536, 1536, 98304]	src0='ffn_moe_gate_scaled-0':type=f32;ne=[384, 1, 64, 1];nb=[4, 1536, 1536, 98304]
[SYCL][OP] call ggml_sycl_swiglu done
[DEBUG-IMPL] Node 59/140: op=30 name=node_59
[RESOLVE] data_handle empty for weight tensor 'blk.0.ffn_down_exps.weight' device 0, falling through to cache lookup
[SYCL] weight cache lookup: tensor=0x2112b5e0 name=blk.0.ffn_down_exps.weight device=0
[RESOLVE] refusing composite MoE expert tensor materialization for placement-planned 'blk.0.ffn_down_exps.weight' device 0
[SYCL][OP] call ggml_sycl_mul_mat_id: dst='node_59':type=f32;ne=[256, 1, 64, 1];nb=[4, 1024, 1024, 65536]	src0='blk.0.ffn_down_exps.weight':type=f32;ne=[384, 256, 2, 1];nb=[4, 1536, 393216, 786432]	src1='ffn_moe_swiglu-0':type=f32;ne=[384, 1, 64, 1];nb=[4, 1536, 1536, 98304]	src2='ffn_moe_topk-0':type=i32;ne=[1, 64, 1, 1];nb=[4, 8, 512, 512];strided
[XMX-DEBUG] ggml_sycl_mul_mat_id call #2: src0->type=0 (blk.0.ffn_down_exps.weight)
0.02.191.163 E [SYCL][PTR] src2 tensor=ffn_moe_topk-0 data=0x78d428383000 alloc=508 base=0xffffd55e47c9c000 size=524288 end=0xffffd55e47d1c000
[XMX-DEBUG] try_xmx_sorted_moe called: src0->type=0
[XMX-DEBUG] XMX MoE: forced=0 fused_enabled=0 tiled_enabled=1
[XMX-DEBUG] XMX caps: supported=1 int8=1
[XMX MoE] Only Q8_0/MXFP4 supported, got type 0
[XMX-MOE-REJECT] tensor=blk.0.ffn_down_exps.weight type=f32 device=0 reason=type src0=[384,256,2,1] src1=[384,1,64,1] ids=[1,64,1,1]
[MoE FUSED] Batch 64 > 32, using oneDNN batching
[MoE] About to try COALESCED layout
[RESOLVE] data_handle empty for weight tensor 'blk.0.ffn_down_exps.weight' device 0, falling through to cache lookup
[SYCL] weight cache lookup: tensor=0x2112b5e0 name=blk.0.ffn_down_exps.weight device=0
[RESOLVE] refusing composite MoE expert tensor materialization for placement-planned 'blk.0.ffn_down_exps.weight' device 0
[MoE] Trying MMVQ with layout=2 for blk.0.ffn_down_exps.weight
[MMVQ-ENTRY] src0=blk.0.ffn_down_exps.weight type=0 forced_layout=2
[MMVQ] Batch 64 > threshold 32, routing to batched GEMM path
[MoE] MMVQ layout=2 returned false
[MoE] About to try SOA layout
[RESOLVE] data_handle empty for weight tensor 'blk.0.ffn_down_exps.weight' device 0, falling through to cache lookup
[SYCL] weight cache lookup: tensor=0x2112b5e0 name=blk.0.ffn_down_exps.weight device=0
[RESOLVE] refusing composite MoE expert tensor materialization for placement-planned 'blk.0.ffn_down_exps.weight' device 0
[MoE] Trying MMVQ with layout=1 for blk.0.ffn_down_exps.weight
[MMVQ-ENTRY] src0=blk.0.ffn_down_exps.weight type=0 forced_layout=1
[MMVQ] Batch 64 > threshold 32, routing to batched GEMM path
[MoE] MMVQ layout=1 returned false
[MoE] About to try AOS layout
[RESOLVE] data_handle empty for weight tensor 'blk.0.ffn_down_exps.weight' device 0, falling through to cache lookup
[SYCL] weight cache lookup: tensor=0x2112b5e0 name=blk.0.ffn_down_exps.weight device=0
[RESOLVE] refusing composite MoE expert tensor materialization for placement-planned 'blk.0.ffn_down_exps.weight' device 0
[MoE] Trying MMVQ with layout=0 for blk.0.ffn_down_exps.weight
[MMVQ-ENTRY] src0=blk.0.ffn_down_exps.weight type=0 forced_layout=0
[MMVQ] Batch 64 > threshold 32, routing to batched GEMM path
[MoE] MMVQ layout=0 returned false
[MoE] All MMVQ layouts failed, falling back to host routing
[MoE] GPU probe paths did not select type 0; resolving planner-owned MoE route
[MoE-1E] Reusing cached IDs for layer 0 (blk.0.ffn_down_exps.weight), 64 elements
[MoE] Using expert cache for blk.0.ffn_down_exps.weight (layer=1637998062, host_buf=0, ptr_type=3)
[MOE-AOS-REQUEST] tensor=blk.0.ffn_down_exps.weight expert=0 current=0 planned=0 requested=aos reason=device-plan
[MOE-AOS-REQUEST] tensor=blk.0.ffn_down_exps.weight expert=1 current=0 planned=0 requested=aos reason=device-plan
[GRAPH-MOE-LAYOUT] tensor=blk.0.ffn_down_exps.weight device=0 plan=1 selected=aos local=2 secondary=0 host=0 missing=0 host_weights=0
[MOE-DISPATCH-LAYOUT] tensor=blk.0.ffn_down_exps.weight device=0 route_layout=aos src0_layout=aos use_expert_cache=1 placement_planned=1 host_weights=0 plan=1 plan_host=0 has_override=0 ne12=64
[MOE-STAGE] tensor=blk.0.ffn_down_exps.weight stage=after-dispatch-layout device=0 ne12=64
[MOE-STAGE] tensor=blk.0.ffn_down_exps.weight stage=after-pointer-table device=0 planned_pp=1
[MOE-STAGE] tensor=blk.0.ffn_down_exps.weight stage=after-route-diagnostics device=0 planned_pp=1
[MOE-STAGE] tensor=blk.0.ffn_down_exps.weight stage=before-route-mode device=0 ne12=64 use_cache=1 plan=1 hybrid=1
[MOE-IDS] Staging ids to device (buffer_on_host=0, ptr_usm_type=3)
[MOE-STAGE] tensor=blk.0.ffn_down_exps.weight stage=pp-rowmap-alloc-begin device=0 rows=64
[UNIFIED-ALLOC] zone alloc: dev=0 zone=4 size=0.0 MB ptr=0xffffd55e67c2c000
[MOE-STAGE] tensor=blk.0.ffn_down_exps.weight stage=pp-rowmap-copy-begin device=0 rows=64 dst_handle=0
[MOE-STAGE] tensor=blk.0.ffn_down_exps.weight stage=pp-rowmap-copy-submitted device=0 rows=64
[UNIFIED-ALLOC] zone alloc: dev=0 zone=4 size=0.1 MB ptr=0xffffd55e67c2c200
[UNIFIED-ALLOC] zone alloc: dev=0 zone=4 size=0.1 MB ptr=0xffffd55e67c3c200
[MOE-AOS-REQUEST] tensor=blk.0.ffn_down_exps.weight expert=0 current=0 planned=0 requested=aos reason=device-plan
[DEBUG-MULMAT] ENTER: src0=blk.0.ffn_down_exps.weight src1=ffn_moe_swiglu-0 dst=node_59
[SYCL][OP] call ggml_sycl_mul_mat: dst='node_59':type=f32;ne=[256, 57, 1, 1];nb=[4, 1024, 58368, 58368]	src0='blk.0.ffn_down_exps.weight':type=f32;ne=[384, 256, 2, 1];nb=[4, 1536, 393216, 786432]0.02.191.290 E [SYCL][PTR] dst tensor=node_59 data=0xffffd55e67c2c200 alloc=58368 base=0xffffd55e47c9c000 size=524288 end=0xffffd55e47d1c000
	src1='ffn_moe_swiglu-0':type=f32;ne=[384, 1, 64, 1];nb=[4, 1536, 1536, 98304]
[XMXConfig] device=0: M=8 N=16 K_INT8=32 K_FP16=16 SLM=131072 nsm=256 supported=1 int8=1 fp16=1 double_buf=1 max_esimd_wg=64 nbarrier=0 esimd_dpas=1
[MUL_MAT] src0 device=0 ptr=0xffffd556b67c5500 (tensor=blk.0.ffn_down_exps.weight layout=0)
[MUL_MAT] dst device=0 ptr=0xffffd55e67c2c200 (tensor=node_59)
[SYCL][OP] call ggml_sycl_mul_mat done
[MOE-AOS-REQUEST] tensor=blk.0.ffn_down_exps.weight expert=1 current=0 planned=0 requested=aos reason=device-plan
[DEBUG-MULMAT] ENTER: src0=blk.0.ffn_down_exps.weight src1=ffn_moe_swiglu-0 dst=node_59
[SYCL][OP] call ggml_sycl_mul_mat: dst='node_59':type=f32;ne=[256, 7, 1, 1];nb=[4, 1024, 7168, 7168]	src0='blk.0.ffn_down_exps.weight':type=f32;ne=[384, 256, 2, 1];nb=[4, 1536, 393216, 786432]	src1='ffn_moe_swiglu-0':type=f32;ne=[384, 1, 64, 1];nb=[4, 1536, 1536, 98304]
0.02.191.436 E [XMXConfig] device=0: M=8 N=16 K_INT8=32 K_FP16=16 SLM=131072 nsm=256 supported=1 int8=1 fp16=1 double_buf=1 max_esimd_wg=64 nbarrier=0 esimd_dpas=1
[SYCL][PTR] dst tensor=node_59 data=0xffffd55e67c3a600 alloc=7168 base=0xffffd55e47c9c000 size=524288 end=0xffffd55e47d1c000
[MUL_MAT] src0 device=0 ptr=0xffffd556b6825500 (tensor=blk.0.ffn_down_exps.weight layout=0)
[MUL_MAT] dst device=0 ptr=0xffffd55e67c3a600 (tensor=node_59)
[SYCL][OP] call ggml_sycl_mul_mat done
[SYCL][OP] call ggml_sycl_mul_mat_id done
[DEBUG-IMPL] Node 60/140: op=36 name=blk.0.ffn_down_exps.scale (reshaped)
[DEBUG-IMPL] Node 61/140: op=20 name=node_61
[SYCL] weight cache lookup: tensor=0x22e0f330 name=blk.0.ffn_down_exps.scale (reshaped) device=0
ggml_sycl_get_data_ptr_slow: tensor=blk.0.ffn_down_exps.scale (reshaped) view_src chain -> base=blk.0.ffn_down_exps.scale, base->extra=0x1e0b7c40, base->data=0x78d2782c46e0, tensor->data=0x78d2782c46e0
ggml_sycl_get_data_ptr_slow: base=blk.0.ffn_down_exps.scale data=0x78d2782c46e0 ptr_type=3
[SYCL] weight cache lookup: tensor=0x22e0f330 name=blk.0.ffn_down_exps.scale (reshaped) device=0
ggml_sycl_get_data_ptr_slow: tensor=blk.0.ffn_down_exps.scale (reshaped), device=0, staging FAILED for non-device (type=0), using tensor->data=0x78d2782c46e0
ggml_sycl_get_data_ptr_slow: tensor=blk.0.ffn_down_exps.scale (reshaped), device=0, using tensor->data=0x78d2782c46e0
[RESOLVE] data_handle empty for weight tensor 'blk.0.ffn_down_exps.scale' device 0, falling through to cache lookup
[SYCL] weight cache lookup: tensor=0x2112d840 name=blk.0.ffn_down_exps.scale device=0
[SYCL] weight cache lookup: tensor=0x2112d840 name=blk.0.ffn_down_exps.scale device=0
ggml_sycl_get_data_ptr_slow: tensor=blk.0.ffn_down_exps.scale, device=0, staging FAILED for non-device (type=0), using tensor->data=0x78d2782c46e0
ggml_sycl_get_data_ptr_slow: tensor=blk.0.ffn_down_exps.scale, device=0, using tensor->data=0x78d2782c46e0
[SYCL] simple consumer routing declined: op=REPEAT dst=node_61 plan unavailable ctx=0
[SYCL][OP] call ggml_sycl_repeat: dst='node_61':type=f32;ne=[1, 2, 64, 1];nb=[4, 4, 8, 512]	src0='blk.0.ffn_down_exps.scale (reshaped)':type=f32;ne=[1, 2, 1, 1];nb=[4, 4, 8, 8]
[SYCL] weight cache lookup: tensor=0x22e0f330 name=blk.0.ffn_down_exps.scale (reshaped) device=0
[SYCL] weight cache lookup: tensor=0x22e0f330 name=blk.0.ffn_down_exps.scale (reshaped) device=0
0.02.191.590 E [UNIFIED-CACHE] planned-mode runtime materialization rejected op=direct_stage_weight caller=direct_stage_weight model=0 name_hash=0x2c2c03c5845a4428 aux=280 type=0 ne=[1,2,1,1] layout=0 graph_active=1
[SYCL-BINBCAST] staging raw host tensor=blk.0.ffn_down_exps.scale (reshaped) bytes=8 device=0 src=0x78d2782c46e0 dst=0xffffe38f1ae00000
[BINBCAST-PTR] src0=node_61 src0_host=0xffffd55e47cac400 src0_d=0xffffd55e47cac400
[BINBCAST-PTR] src1=blk.0.ffn_down_exps.scale (reshaped) src1_host=0x78d2782c46e0 src1_d=0xffffe38f1ae00000
[SYCL][OP] call ggml_sycl_repeat done
[DEBUG-IMPL] Node 62/140: op=40 name=node_62
[SYCL][OP] call ggml_sycl_get_rows: dst='node_62':type=f32;ne=[1, 1, 64, 1];nb=[4, 4, 4, 256]	src0='node_61':type=f32;ne=[1, 2, 64, 1];nb=[4, 4, 8, 512]	src1='ffn_moe_topk-0':type=i32;ne=[1, 64, 1, 1];nb=[4, 8, 512, 512];strided
0.02.191.658 E [SYCL][PTR] src1 tensor=ffn_moe_topk-0 data=0x78d428383000 alloc=508 base=0xffffd55e47c9c000 size=524288 end=0xffffd55e47d1c000
[SYCL] weight cache lookup: tensor=0x22e0f4c0 name=node_61 device=0
[SYCL][OP] call ggml_sycl_get_rows done
[DEBUG-IMPL] Node 63/140: op=7 name=ffn_moe_down_scaled-0
[SYCL] simple consumer routing declined: op=MUL dst=ffn_moe_down_scaled-0 local single-device plan ctx=0 target=0
[SYCL][OP] call ggml_sycl_mul: dst='ffn_moe_down_scaled-0':type=f32;ne=[256, 1, 64, 1];nb=[4, 1024, 1024, 65536]	src0='node_59':type=f32;ne=[256, 1, 64, 1];nb=[4, 1024, 1024, 65536]	src1='node_62':type=f32;ne=[1, 1, 64, 1];nb=[4, 4, 4, 256]
[BINBCAST-PTR] src0=node_59 src0_host=0xffffd55e47c9c000 src0_d=0xffffd55e47c9c000
[BINBCAST-PTR] src1=node_62 src1_host=0xffffd55e47cac000 src1_d=0xffffd55e47cac000
[SYCL][OP] call ggml_sycl_mul done
[DEBUG-IMPL] Node 64/140: op=7 name=ffn_moe_weighted-0
[SYCL] simple consumer routing declined: op=MUL dst=ffn_moe_weighted-0 local single-device plan ctx=0 target=0
[SYCL][OP] call ggml_sycl_mul: dst='ffn_moe_weighted-0':type=f32;ne=[256, 1, 64, 1];nb=[4, 1024, 1024, 65536]	src0='ffn_moe_down_scaled-0':type=f32;ne=[256, 1, 64, 1];nb=[4, 1024, 1024, 65536]	src1='ffn_moe_weights_norm-0 (reshaped)':type=f32;ne=[1, 1, 64, 1];nb=[4, 4, 4, 256]
[BINBCAST-PTR] src0=ffn_moe_down_scaled-0 src0_host=0xffffd55e47c9c000 src0_d=0xffffd55e47c9c000
[BINBCAST-PTR] src1=ffn_moe_weights_norm-0 (reshaped) src1_host=0xffffd55e47cac100 src1_d=0xffffd55e47cac100
[SYCL][OP] call ggml_sycl_mul done
[DEBUG-IMPL] Node 65/140: op=37 name=ffn_moe_weighted-0 (view)
[DEBUG-IMPL] Node 66/140: op=35 name=ffn_moe_out-0
[SYCL] simple consumer routing declined: op=CONT dst=ffn_moe_out-0 local single-device plan ctx=0 target=0
[SYCL][OP] call ggml_sycl_dup: dst='ffn_moe_out-0':type=f32;ne=[256, 64, 1, 1];nb=[4, 1024, 65536, 65536]	src0='ffn_moe_weighted-0 (view)':type=f32;ne=[256, 64, 1, 1];nb=[4, 1024, 65536, 65536]
[SYCL][OP] call ggml_sycl_cpy: dst='ffn_moe_out-0':type=f32;ne=[256, 64, 1, 1];nb=[4, 1024, 65536, 65536]	src0='ffn_moe_weighted-0 (view)':type=f32;ne=[256, 64, 1, 1];nb=[4, 1024, 65536, 65536]
[CPY] device=0 main_stream=0x1d26bec0 tp_queue=(nil) (match=0)
[CPY DEBUG] device=0 src0=ffn_moe_weighted-0 (view)(0xffffd55e47c9c000, usm=1) -> src1=ffn_moe_out-0(0xffffd55e47cac000, usm=1) size=65536
[CPY STAGING CHECK] device=0 needs_staging=0 src0_type=1 dst_is_device=1
[CPY device=0] memcpy path: 0xffffd55e47c9c000 -> 0xffffd55e47cac000 (65536 bytes)
[CPY device=0] memcpy submitted
[SYCL][OP] call ggml_sycl_cpy done
[SYCL][OP] call ggml_sycl_dup done
[DEBUG-IMPL] Node 67/140: op=2 name=l_out-0
[DEBUG-IMPL] Node 69/140: op=7 name=attn_norm-1
[SYCL] simple consumer routing declined: op=MUL dst=attn_norm-1 local single-device plan ctx=0 target=0
[SYCL][OP] call ggml_sycl_mul: dst='attn_norm-1':type=f32;ne=[256, 64, 1, 1];nb=[4, 1024, 65536, 65536]	src0='norm-1':type=f32;ne=[256, 64, 1, 1];nb=[4, 1024, 65536, 65536]	src1='blk.1.attn_norm.weight':type=f32;ne=[256, 1, 1, 1];nb=[4, 1024, 1024, 1024]
[BINBCAST-PTR] src0=norm-1 src0_host=0xffffd55e47c9c000 src0_d=0xffffd55e47c9c000
[BINBCAST-PTR] src1=blk.1.attn_norm.weight src1_host=0x78d277f82540 src1_d=0xffffd556b6420c00
[SYCL][OP] call ggml_sycl_mul done
[DEBUG-IMPL] Node 70/140: op=29 name=node_70
[SYCL] simple consumer routing declined: op=MUL_MAT dst=node_70 plan unavailable ctx=0
[DEBUG-MULMAT] ENTER: src0=blk.1.attn_q.weight src1=attn_norm-1 dst=node_70
[SYCL][OP] call ggml_sycl_mul_mat: dst='node_70':type=f32;ne=[256, 64, 1, 1];nb=[4, 1024, 65536, 65536]	src0='blk.1.attn_q.weight':type=f32;ne=[256, 256, 1, 1];nb=[4, 1024, 262144, 262144]	src1='attn_norm-1':type=f32;ne=[256, 64, 1, 1];nb=[4, 1024, 65536, 65536]
[XMXConfig] device=0: M=8 N=16 K_INT8=32 K_FP16=16 SLM=131072 nsm=256 supported=1 int8=1 fp16=1 double_buf=1 max_esimd_wg=64 nbarrier=0 esimd_dpas=1
[MUL_MAT] src0 device=0 ptr=0xffffd556b6542c00 (tensor=blk.1.attn_q.weight layout=0)
[MUL_MAT] dst device=0 ptr=0xffffd55e47cbc000 (tensor=node_70)
[SYCL] weight cache lookup: tensor=0x2112ba90 name=blk.1.attn_q.weight device=0
[SYCL][OP] call ggml_sycl_mul_mat done
[DEBUG-IMPL] Node 71/140: op=7 name=Qcur-1
[DEBUG-IMPL] Node 73/140: op=36 name=Qcur-1
[DEBUG-IMPL] Node 74/140: op=49 name=Qcur-1
[SYCL] simple consumer routing declined: op=ROPE dst=Qcur-1 local single-device plan ctx=0 target=0
[SYCL][OP] call ggml_sycl_rope: dst='Qcur-1':type=f32;ne=[128, 2, 64, 1];nb=[4, 512, 1024, 65536]	src0='Qcur-1':type=f32;ne=[128, 2, 64, 1];nb=[4, 512, 1024, 65536]	src1='leaf_7':type=i32;ne=[64, 1, 1, 1];nb=[4, 256, 256, 256]	src2='rope_freqs.weight':type=f32;ne=[64, 1, 1, 1];nb=[4, 256, 256, 256]
ggml_sycl_op_rope: norm path
[SYCL][OP] call ggml_sycl_rope done
[DEBUG-IMPL] Node 75/140: op=29 name=node_75
[SYCL] simple consumer routing declined: op=MUL_MAT dst=node_75 plan unavailable ctx=0
[DEBUG-MULMAT] ENTER: src0=blk.1.attn_v.weight src1=attn_norm-1 dst=node_75
[SYCL][OP] call ggml_sycl_mul_mat: dst='node_75':type=f32;ne=[256, 64, 1, 1];nb=[4, 1024, 65536, 65536]	src0='blk.1.attn_v.weight':type=f32;ne=[256, 256, 1, 1];nb=[4, 1024, 262144, 262144]	src1='attn_norm-1':type=f32;ne=[256, 64, 1, 1];nb=[4, 1024, 65536, 65536]
[XMXConfig] device=0: M=8 N=16 K_INT8=32 K_FP16=16 SLM=131072 nsm=256 supported=1 int8=1 fp16=1 double_buf=1 max_esimd_wg=64 nbarrier=0 esimd_dpas=1
[MUL_MAT] src0 device=0 ptr=0xffffd556b65c2c00 (tensor=blk.1.attn_v.weight layout=0)
[MUL_MAT] dst device=0 ptr=0xffffd55e47cbc000 (tensor=node_75)
[SYCL] weight cache lookup: tensor=0x2112bdb0 name=blk.1.attn_v.weight device=0
[SYCL][OP] call ggml_sycl_mul_mat done
[DEBUG-IMPL] Node 76/140: op=7 name=Vcur-1
[DEBUG-IMPL] Node 78/140: op=36 name=Vcur-1
[DEBUG-IMPL] Node 79/140: op=29 name=node_79
[SYCL] simple consumer routing declined: op=MUL_MAT dst=node_79 plan unavailable ctx=0
[DEBUG-MULMAT] ENTER: src0=blk.1.attn_k.weight src1=attn_norm-1 dst=node_79
[SYCL][OP] call ggml_sycl_mul_mat: dst='node_79':type=f32;ne=[256, 64, 1, 1];nb=[4, 1024, 65536, 65536]	src0='blk.1.attn_k.weight':type=f32;ne=[256, 256, 1, 1];nb=[4, 1024, 262144, 262144]	src1='attn_norm-1':type=f32;ne=[256, 64, 1, 1];nb=[4, 1024, 65536, 65536]
[XMXConfig] device=0: M=8 N=16 K_INT8=32 K_FP16=16 SLM=131072 nsm=256 supported=1 int8=1 fp16=1 double_buf=1 max_esimd_wg=64 nbarrier=0 esimd_dpas=1
[MUL_MAT] src0 device=0 ptr=0xffffd556b6582c00 (tensor=blk.1.attn_k.weight layout=0)
[MUL_MAT] dst device=0 ptr=0xffffd55e47cdc000 (tensor=node_79)
[SYCL] weight cache lookup: tensor=0x2112bc20 name=blk.1.attn_k.weight device=0
[SYCL][OP] call ggml_sycl_mul_mat done
[DEBUG-IMPL] Node 80/140: op=7 name=Kcur-1
[DEBUG-IMPL] Node 82/140: op=36 name=Kcur-1
[DEBUG-IMPL] Node 83/140: op=49 name=Kcur-1
[SYCL] simple consumer routing declined: op=ROPE dst=Kcur-1 local single-device plan ctx=0 target=0
[SYCL][OP] call ggml_sycl_rope: dst='Kcur-1':type=f32;ne=[128, 2, 64, 1];nb=[4, 512, 1024, 65536]	src0='Kcur-1':type=f32;ne=[128, 2, 64, 1];nb=[4, 512, 1024, 65536]	src1='leaf_7':type=i32;ne=[64, 1, 1, 1];nb=[4, 256, 256, 256]	src2='rope_freqs.weight':type=f32;ne=[64, 1, 1, 1];nb=[4, 256, 256, 256]
ggml_sycl_op_rope: norm path
[SYCL][OP] call ggml_sycl_rope done
[DEBUG-IMPL] Node 84/140: op=37 name=Kcur-1 (view)
[DEBUG-IMPL] Node 85/140: op=42 name=cache_k_l1 (view)
[SYCL] simple consumer routing declined: op=SET_ROWS dst=cache_k_l1 (view) plan unavailable ctx=0
[SYCL][OP] call ggml_sycl_op_set_rows: dst='cache_k_l1 (view)':type=f16;ne=[256, 256, 1, 1];nb=[2, 512, 131072, 131072]	src0='Kcur-1 (view)':type=f32;ne=[256, 64, 1, 1];nb=[4, 1024, 65536, 65536]	src1='leaf_15':type=i64;ne=[64, 1, 1, 1];nb=[8, 512, 512, 512]
[SYCL][OP] call ggml_sycl_op_set_rows done
[DEBUG-IMPL] Node 86/140: op=37 name=Vcur-1 (view)
[DEBUG-IMPL] Node 87/140: op=42 name=cache_v_l1 (view)
[SYCL] simple consumer routing declined: op=SET_ROWS dst=cache_v_l1 (view) plan unavailable ctx=0
[SYCL][OP] call ggml_sycl_op_set_rows: dst='cache_v_l1 (view)':type=f16;ne=[256, 256, 1, 1];nb=[2, 512, 131072, 131072]	src0='Vcur-1 (view)':type=f32;ne=[256, 64, 1, 1];nb=[4, 1024, 65536, 65536]	src1='leaf_17':type=i64;ne=[64, 1, 1, 1];nb=[8, 512, 512, 512]
[SYCL][OP] call ggml_sycl_op_set_rows done
[DEBUG-IMPL] Node 88/140: op=37 name=Qcur-1 (view)
[DEBUG-IMPL] Node 89/140: op=38 name=Qcur-1 (view) (permuted)
[DEBUG-IMPL] Node 90/140: op=34 name=Qcur-1 (view) (permuted) (copy)
[SYCL] simple consumer routing declined: op=CPY dst=Qcur-1 (view) (permuted) (copy) local single-device plan ctx=0 target=0
[SYCL][OP] call ggml_sycl_cpy: dst='Qcur-1 (view) (permuted) (copy)':type=f16;ne=[128, 64, 2, 1];nb=[2, 256, 16384, 32768]	src0='Qcur-1 (view) (permuted)':type=f32;ne=[128, 64, 2, 1];nb=[4, 1024, 512, 65536];strided;permuted
[CPY] device=0 main_stream=0x1d26bec0 tp_queue=(nil) (match=0)
[CPY DEBUG] device=0 src0=Qcur-1 (view) (permuted)(0xffffd55e47ccc000, usm=1) -> src1=Qcur-1 (view) (permuted) (copy)(0xffffd55e47cbc000, usm=1) size=65536
[CPY STAGING CHECK] device=0 needs_staging=0 src0_type=1 dst_is_device=1
[SYCL][OP] call ggml_sycl_cpy done
[DEBUG-IMPL] Node 91/140: op=37 name=cache_k_l1 (view)
[DEBUG-IMPL] Node 92/140: op=38 name=cache_k_l1 (view) (permuted)
[DEBUG-IMPL] Node 93/140: op=37 name=cache_v_l1 (view)
[DEBUG-IMPL] Node 94/140: op=38 name=cache_v_l1 (view) (permuted)
[DEBUG-IMPL] Node 95/140: op=75 name=node_95
[SYCL] simple consumer routing declined: op=FLASH_ATTN_EXT dst=node_95 plan unavailable ctx=0
ggml_sycl_get_data_ptr_slow: tensor=Qcur-1 (view) (permuted) (copy), device=1, rejecting tensor->data=0xffffd55e47cbc000 owned by device 0
ggml_sycl_get_data_ptr_slow: tensor=node_95, device=1, rejecting tensor->data=0xffffd55e47c9c000 owned by device 0
[DEBUG-IMPL] Node 96/140: op=36 name=kqv_out-1
[DEBUG-IMPL] Node 97/140: op=29 name=node_97
[SYCL] simple consumer routing declined: op=MUL_MAT dst=node_97 plan unavailable ctx=0
[DEBUG-MULMAT] ENTER: src0=blk.1.attn_output.weight src1=kqv_out-1 dst=node_97
[SYCL][OP] call ggml_sycl_mul_mat: dst='node_97':type=f32;ne=[256, 64, 1, 1];nb=[4, 1024, 65536, 65536]	src0='blk.1.attn_output.weight':type=f32;ne=[256, 256, 1, 1];nb=[4, 1024, 262144, 262144]	src1='kqv_out-1':type=f32;ne=[256, 64, 1, 1];nb=[4, 1024, 65536, 65536]
[XMXConfig] device=0: M=8 N=16 K_INT8=32 K_FP16=16 SLM=131072 nsm=256 supported=1 int8=1 fp16=1 double_buf=1 max_esimd_wg=64 nbarrier=0 esimd_dpas=1
[MUL_MAT] src0 device=0 ptr=0xffffd556b6602c00 (tensor=blk.1.attn_output.weight layout=0)
[MUL_MAT] dst device=0 ptr=0xffffd55e47cbc000 (tensor=node_97)
[SYCL] weight cache lookup: tensor=0x2112c3f0 name=blk.1.attn_output.weight device=0
[SYCL][OP] call ggml_sycl_mul_mat done
[DEBUG-IMPL] Node 98/140: op=7 name=node_98
[DEBUG-IMPL] Node 100/140: op=40 name=node_100
ggml_sycl_get_data_ptr_slow: tensor=leaf_48, device=0, staging FAILED for non-device (type=0), using tensor->data=0x78d2782dd240
ggml_sycl_get_data_ptr_slow: tensor=leaf_48, device=0, using tensor->data=0x78d2782dd240
[SYCL][OP] call ggml_sycl_get_rows: dst='node_100':type=f32;ne=[256, 64, 1, 1];nb=[4, 1024, 65536, 65536]	src0='attn_out-1':type=f32;ne=[256, 64, 1, 1];nb=[4, 1024, 65536, 65536]	src1='leaf_48':type=i32;ne=[64, 1, 1, 1];nb=[4, 256, 256, 256]
[SYCL] weight cache lookup: tensor=0x22e13020 name=attn_out-1 device=0
[SYCL][OP] call ggml_sycl_get_rows done
[DEBUG-IMPL] Node 101/140: op=40 name=node_101
[SYCL][OP] call ggml_sycl_get_rows: dst='node_101':type=f32;ne=[256, 64, 1, 1];nb=[4, 1024, 65536, 65536]	src0='l_out-0':type=f32;ne=[256, 64, 1, 1];nb=[4, 1024, 65536, 65536]	src1='leaf_48':type=i32;ne=[64, 1, 1, 1];nb=[4, 256, 256, 256]
[SYCL] weight cache lookup: tensor=0x22e0fe20 name=l_out-0 device=0
[SYCL][OP] call ggml_sycl_get_rows done
[DEBUG-IMPL] Node 102/140: op=2 name=ffn_inp-1
[DEBUG-IMPL] Node 104/140: op=7 name=ffn_norm-1
[SYCL] simple consumer routing declined: op=MUL dst=ffn_norm-1 local single-device plan ctx=0 target=0
[SYCL][OP] call ggml_sycl_mul: dst='ffn_norm-1':type=f32;ne=[256, 64, 1, 1];nb=[4, 1024, 65536, 65536]	src0='norm-1':type=f32;ne=[256, 64, 1, 1];nb=[4, 1024, 65536, 65536]	src1='blk.1.ffn_norm.weight':type=f32;ne=[256, 1, 1, 1];nb=[4, 1024, 1024, 1024]
[BINBCAST-PTR] src0=norm-1 src0_host=0xffffd55e47cac000 src0_d=0xffffd55e47cac000
[BINBCAST-PTR] src1=blk.1.ffn_norm.weight src1_host=0x78d278083940 src1_d=0xffffd556b6421000
[SYCL][OP] call ggml_sycl_mul done
[DEBUG-IMPL] Node 105/140: op=29 name=ffn_moe_logits-1
[SYCL] simple consumer routing declined: op=MUL_MAT dst=ffn_moe_logits-1 plan unavailable ctx=0
[DEBUG-MULMAT] ENTER: src0=blk.1.ffn_gate_inp.weight src1=ffn_norm-1 dst=ffn_moe_logits-1
[SYCL][OP] call ggml_sycl_mul_mat: dst='ffn_moe_logits-1':type=f32;ne=[2, 64, 1, 1];nb=[4, 8, 512, 512]	src0='blk.1.ffn_gate_inp.weight':type=f32;ne=[256, 2, 1, 1];nb=[4, 1024, 2048, 2048]	src1='ffn_norm-1':type=f32;ne=[256, 64, 1, 1];nb=[4, 1024, 65536, 65536]
[XMXConfig] device=0: M=8 N=16 K_INT8=32 K_FP16=16 SLM=131072 nsm=256 supported=1 int8=1 fp16=1 double_buf=1 max_esimd_wg=64 nbarrier=0 esimd_dpas=1
[MUL_MAT] src0 device=0 ptr=0xffffd556b6644d00 (tensor=blk.1.ffn_gate_inp.weight layout=0)
[MUL_MAT] dst device=0 ptr=0xffffd55e47cbc000 (tensor=ffn_moe_logits-1)
[SYCL] weight cache lookup: tensor=0x2112ca30 name=blk.1.ffn_gate_inp.weight device=0
[SYCL][OP] call ggml_sycl_mul_mat done
[DEBUG-IMPL] Node 106/140: op=47 name=ffn_moe_probs-1
[SYCL] simple consumer routing declined: op=SOFT_MAX dst=ffn_moe_probs-1 local single-device plan ctx=0 target=0
[SYCL][OP] call ggml_sycl_op_soft_max: dst='ffn_moe_probs-1':type=f32;ne=[2, 64, 1, 1];nb=[4, 8, 512, 512]	src0='ffn_moe_logits-1':type=f32;ne=[2, 64, 1, 1];nb=[4, 8, 512, 512]	src1=nullptr
[SYCL][OP] call ggml_sycl_op_soft_max done
[DEBUG-IMPL] Node 107/140: op=36 name=ffn_moe_probs-1 (reshaped)
[DEBUG-IMPL] Node 108/140: op=70 name=ffn_moe_argsort-1
[SYCL] simple consumer routing declined: op=ARGSORT dst=ffn_moe_argsort-1 local single-device plan ctx=0 target=0
[SYCL][OP] call ggml_sycl_argsort: dst='ffn_moe_argsort-1':type=i32;ne=[2, 64, 1, 1];nb=[4, 8, 512, 512]	src0='ffn_moe_probs-1':type=f32;ne=[2, 64, 1, 1];nb=[4, 8, 512, 512]
0.02.192.664 E [SYCL][PTR] dst tensor=ffn_moe_argsort-1 data=0x78d428383200 alloc=512 base=0xffffd55e47c9c000 size=524288 end=0xffffd55e47d1c000
[SYCL][OP] call ggml_sycl_argsort done
[DEBUG-IMPL] Node 109/140: op=37 name=ffn_moe_topk-1
[DEBUG-IMPL] Node 110/140: op=40 name=ffn_moe_weights-1
[SYCL][OP] call ggml_sycl_get_rows: dst='ffn_moe_weights-1':type=f32;ne=[1, 1, 64, 1];nb=[4, 4, 4, 256]	src0='ffn_moe_probs-1 (reshaped)':type=f32;ne=[1, 2, 64, 1];nb=[4, 4, 8, 512]	src1='ffn_moe_topk-1':type=i32;ne=[1, 64, 1, 1];nb=[4, 8, 512, 512];strided
[SYCL] weight cache lookup: tensor=0x22e13fc0 name=ffn_moe_probs-1 (reshaped) device=0
0.02.192.684 E [SYCL][PTR] src1 tensor=ffn_moe_topk-1 data=0x78d428383200 alloc=508 base=0xffffd55e47c9c000 size=524288 end=0xffffd55e47d1c000
[SYCL][OP] call ggml_sycl_get_rows done
[DEBUG-IMPL] Node 111/140: op=36 name=ffn_moe_weights-1 (reshaped)
[DEBUG-IMPL] Node 112/140: op=15 name=ffn_moe_weights_sum-1
[SYCL] simple consumer routing declined: op=SUM_ROWS dst=ffn_moe_weights_sum-1 plan unavailable ctx=0
[SYCL][OP] call ggml_sycl_sum_rows: dst='ffn_moe_weights_sum-1':type=f32;ne=[1, 64, 1, 1];nb=[4, 4, 256, 256]	src0='ffn_moe_weights-1 (reshaped)':type=f32;ne=[1, 64, 1, 1];nb=[4, 4, 256, 256]
[SYCL][OP] call ggml_sycl_sum_rows done
[DEBUG-IMPL] Node 113/140: op=51 name=ffn_moe_weights_sum_clamped-1
[SYCL] simple consumer routing declined: op=CLAMP dst=ffn_moe_weights_sum_clamped-1 plan unavailable ctx=0
[SYCL][OP] call ggml_sycl_clamp: dst='ffn_moe_weights_sum_clamped-1':type=f32;ne=[1, 64, 1, 1];nb=[4, 4, 256, 256]	src0='ffn_moe_weights_sum-1':type=f32;ne=[1, 64, 1, 1];nb=[4, 4, 256, 256]
[SYCL][OP] call ggml_sycl_clamp done
[DEBUG-IMPL] Node 114/140: op=8 name=ffn_moe_weights_norm-1
[SYCL] simple consumer routing declined: op=DIV dst=ffn_moe_weights_norm-1 plan unavailable ctx=0
[SYCL][OP] call ggml_sycl_div: dst='ffn_moe_weights_norm-1':type=f32;ne=[1, 64, 1, 1];nb=[4, 4, 256, 256]	src0='ffn_moe_weights-1 (reshaped)':type=f32;ne=[1, 64, 1, 1];nb=[4, 4, 256, 256]	src1='ffn_moe_weights_sum_clamped-1':type=f32;ne=[1, 64, 1, 1];nb=[4, 4, 256, 256]
[BINBCAST-PTR] src0=ffn_moe_weights-1 (reshaped) src0_host=0xffffd55e47cbc400 src0_d=0xffffd55e47cbc400
[BINBCAST-PTR] src1=ffn_moe_weights_sum_clamped-1 src1_host=0xffffd55e47cbc000 src1_d=0xffffd55e47cbc000
[SYCL][OP] call ggml_sycl_div done
[DEBUG-IMPL] Node 115/140: op=36 name=ffn_moe_weights_norm-1 (reshaped)
[DEBUG-IMPL] Node 116/140: op=36 name=ffn_norm-1 (reshaped)
[DEBUG-IMPL] Node 117/140: op=30 name=node_117
[RESOLVE] data_handle empty for weight tensor 'blk.1.ffn_gate_exps.weight' device 0, falling through to cache lookup
[SYCL] weight cache lookup: tensor=0x2112cbc0 name=blk.1.ffn_gate_exps.weight device=0
[RESOLVE] refusing composite MoE expert tensor materialization for placement-planned 'blk.1.ffn_gate_exps.weight' device 0
[SYCL][OP] call ggml_sycl_mul_mat_id: dst='node_117':type=f32;ne=[384, 1, 64, 1];nb=[4, 1536, 1536, 98304]	src0='blk.1.ffn_gate_exps.weight':type=f32;ne=[256, 384, 2, 1];nb=[4, 1024, 393216, 786432]	src1='ffn_norm-1 (reshaped)':type=f32;ne=[256, 1, 64, 1];nb=[4, 1024, 1024, 65536]	src2='ffn_moe_topk-1':type=i32;ne=[1, 64, 1, 1];nb=[4, 8, 512, 512];strided
0.02.192.759 E [SYCL][PTR] src2 tensor=ffn_moe_topk-1 data=0x78d428383200 alloc=508 base=0xffffd55e47c9c000 size=524288 end=0xffffd55e47d1c000
[XMX-DEBUG] try_xmx_sorted_moe called: src0->type=0
[XMX-DEBUG] XMX MoE: forced=0 fused_enabled=0 tiled_enabled=1
[XMX-DEBUG] XMX caps: supported=1 int8=1
[XMX MoE] Only Q8_0/MXFP4 supported, got type 0
[XMX-MOE-REJECT] tensor=blk.1.ffn_gate_exps.weight type=f32 device=0 reason=type src0=[256,384,2,1] src1=[256,1,64,1] ids=[1,64,1,1]
[MoE FUSED] Batch 64 > 32, using oneDNN batching
[MoE] About to try COALESCED layout
[RESOLVE] data_handle empty for weight tensor 'blk.1.ffn_gate_exps.weight' device 0, falling through to cache lookup
[SYCL] weight cache lookup: tensor=0x2112cbc0 name=blk.1.ffn_gate_exps.weight device=0
[RESOLVE] refusing composite MoE expert tensor materialization for placement-planned 'blk.1.ffn_gate_exps.weight' device 0
[MoE] Trying MMVQ with layout=2 for blk.1.ffn_gate_exps.weight
[MMVQ-ENTRY] src0=blk.1.ffn_gate_exps.weight type=0 forced_layout=2
[MMVQ] Batch 64 > threshold 32, routing to batched GEMM path
[MoE] MMVQ layout=2 returned false
[MoE] About to try SOA layout
[RESOLVE] data_handle empty for weight tensor 'blk.1.ffn_gate_exps.weight' device 0, falling through to cache lookup
[SYCL] weight cache lookup: tensor=0x2112cbc0 name=blk.1.ffn_gate_exps.weight device=0
[RESOLVE] refusing composite MoE expert tensor materialization for placement-planned 'blk.1.ffn_gate_exps.weight' device 0
[MoE] Trying MMVQ with layout=1 for blk.1.ffn_gate_exps.weight
[MMVQ-ENTRY] src0=blk.1.ffn_gate_exps.weight type=0 forced_layout=1
[MMVQ] Batch 64 > threshold 32, routing to batched GEMM path
[MoE] MMVQ layout=1 returned false
[MoE] About to try AOS layout
[RESOLVE] data_handle empty for weight tensor 'blk.1.ffn_gate_exps.weight' device 0, falling through to cache lookup
[SYCL] weight cache lookup: tensor=0x2112cbc0 name=blk.1.ffn_gate_exps.weight device=0
[RESOLVE] refusing composite MoE expert tensor materialization for placement-planned 'blk.1.ffn_gate_exps.weight' device 0
[MoE] Trying MMVQ with layout=0 for blk.1.ffn_gate_exps.weight
[MMVQ-ENTRY] src0=blk.1.ffn_gate_exps.weight type=0 forced_layout=0
[MMVQ] Batch 64 > threshold 32, routing to batched GEMM path
[MoE] MMVQ layout=0 returned false
[MoE] All MMVQ layouts failed, falling back to host routing
[MoE] GPU probe paths did not select type 0; resolving planner-owned MoE route
[MoE-1E] Cached IDs for layer 1 (GATE), 64 elements
[MoE] Using expert cache for blk.1.ffn_gate_exps.weight (layer=1358208392, host_buf=0, ptr_type=3)
[MOE-AOS-REQUEST] tensor=blk.1.ffn_gate_exps.weight expert=0 current=0 planned=0 requested=aos reason=device-plan
[MOE-AOS-REQUEST] tensor=blk.1.ffn_gate_exps.weight expert=1 current=0 planned=0 requested=aos reason=device-plan
[GRAPH-MOE-LAYOUT] tensor=blk.1.ffn_gate_exps.weight device=0 plan=1 selected=aos local=2 secondary=0 host=0 missing=0 host_weights=0
[MOE-DISPATCH-LAYOUT] tensor=blk.1.ffn_gate_exps.weight device=0 route_layout=aos src0_layout=aos use_expert_cache=1 placement_planned=1 host_weights=0 plan=1 plan_host=0 has_override=0 ne12=64
[MOE-STAGE] tensor=blk.1.ffn_gate_exps.weight stage=after-dispatch-layout device=0 ne12=64
[MOE-STAGE] tensor=blk.1.ffn_gate_exps.weight stage=after-pointer-table device=0 planned_pp=1
[MOE-STAGE] tensor=blk.1.ffn_gate_exps.weight stage=after-route-diagnostics device=0 planned_pp=1
[MOE-STAGE] tensor=blk.1.ffn_gate_exps.weight stage=before-route-mode device=0 ne12=64 use_cache=1 plan=1 hybrid=1
[MOE-IDS] Staging ids to device (buffer_on_host=0, ptr_usm_type=3)
[MOE-IDS] Using pre-allocated staging buffer (256 bytes)
[MOE-STAGE] tensor=blk.1.ffn_gate_exps.weight stage=pp-rowmap-alloc-begin device=0 rows=64
[UNIFIED-ALLOC] zone alloc: dev=0 zone=4 size=0.0 MB ptr=0xffffd55e67c2c000
[MOE-STAGE] tensor=blk.1.ffn_gate_exps.weight stage=pp-rowmap-copy-begin device=0 rows=64 dst_handle=0
[MOE-STAGE] tensor=blk.1.ffn_gate_exps.weight stage=pp-rowmap-copy-submitted device=0 rows=64
[UNIFIED-ALLOC] zone alloc: dev=0 zone=4 size=0.1 MB ptr=0xffffd55e67c2c200
[UNIFIED-ALLOC] zone alloc: dev=0 zone=4 size=0.1 MB ptr=0xffffd55e67c44200
[MOE-AOS-REQUEST] tensor=blk.1.ffn_gate_exps.weight expert=0 current=0 planned=0 requested=aos reason=device-plan
[DEBUG-MULMAT] ENTER: src0=blk.1.ffn_gate_exps.weight src1=ffn_norm-1 (reshaped) dst=node_117
[SYCL][OP] call ggml_sycl_mul_mat: dst='node_117':type=f32;ne=[384, 2, 1, 1];nb=[4, 1536, 3072, 3072]	src0='blk.1.ffn_gate_exps.weight':type=f32;ne=[256, 384, 2, 1];nb=[4, 1024, 393216, 786432]	src1='ffn_norm-1 (reshaped)':type=f32;ne=[256, 1, 64, 1];nb=[4, 1024, 1024, 65536]
0.02.192.894 E [SYCL][PTR] dst tensor=node_117 data=0xffffd55e67c2c200 alloc=3072 base=0xffffd55e47c9c000 size=524288 end=0xffffd55e47d1c000
[XMXConfig] device=0: M=8 N=16 K_INT8=32 K_FP16=16 SLM=131072 nsm=256 supported=1 int8=1 fp16=1 double_buf=1 max_esimd_wg=64 nbarrier=0 esimd_dpas=1
[MUL_MAT] src0 device=0 ptr=0xffffd556b6885500 (tensor=blk.1.ffn_gate_exps.weight layout=0)
[MUL_MAT] dst device=0 ptr=0xffffd55e67c2c200 (tensor=node_117)
[SYCL][OP] call ggml_sycl_mul_mat done
[MOE-AOS-REQUEST] tensor=blk.1.ffn_gate_exps.weight expert=1 current=0 planned=0 requested=aos reason=device-plan
[DEBUG-MULMAT] ENTER: src0=blk.1.ffn_gate_exps.weight src1=ffn_norm-1 (reshaped) dst=node_117
[SYCL][OP] call ggml_sycl_mul_mat: dst='node_117':type=f32;ne=[384, 62, 1, 1];nb=[4, 1536, 95232, 95232]	src0='blk.1.ffn_gate_exps.weight':type=f32;ne=[256, 384, 2, 1];nb=[4, 1024, 393216, 786432]	src1='ffn_norm-1 (reshaped)':type=f32;ne=[256, 1, 64, 1];nb=[4, 1024, 1024, 65536]
0.02.193.033 E [SYCL][PTR] dst tensor=node_117 data=0xffffd55e67c2ce00 alloc=95232 base=0xffffd55e47c9c000 size=524288 end=0xffffd55e47d1c000
[XMXConfig] device=0: M=8 N=16 K_INT8=32 K_FP16=16 SLM=131072 nsm=256 supported=1 int8=1 fp16=1 double_buf=1 max_esimd_wg=64 nbarrier=0 esimd_dpas=1
[MUL_MAT] src0 device=0 ptr=0xffffd556b68e5500 (tensor=blk.1.ffn_gate_exps.weight layout=0)
[MUL_MAT] dst device=0 ptr=0xffffd55e67c2ce00 (tensor=node_117)
[SYCL][OP] call ggml_sycl_mul_mat done
[SYCL][OP] call ggml_sycl_mul_mat_id done
[DEBUG-IMPL] Node 118/140: op=36 name=blk.1.ffn_gate_exps.scale (reshaped)
[DEBUG-IMPL] Node 119/140: op=20 name=node_119
[SYCL] weight cache lookup: tensor=0x22e155a0 name=blk.1.ffn_gate_exps.scale (reshaped) device=0
ggml_sycl_get_data_ptr_slow: tensor=blk.1.ffn_gate_exps.scale (reshaped) view_src chain -> base=blk.1.ffn_gate_exps.scale, base->extra=0x2058b1e0, base->data=0x78d2782c4880, tensor->data=0x78d2782c4880
ggml_sycl_get_data_ptr_slow: base=blk.1.ffn_gate_exps.scale data=0x78d2782c4880 ptr_type=3
[SYCL] weight cache lookup: tensor=0x22e155a0 name=blk.1.ffn_gate_exps.scale (reshaped) device=0
ggml_sycl_get_data_ptr_slow: tensor=blk.1.ffn_gate_exps.scale (reshaped), device=0, staging FAILED for non-device (type=0), using tensor->data=0x78d2782c4880
ggml_sycl_get_data_ptr_slow: tensor=blk.1.ffn_gate_exps.scale (reshaped), device=0, using tensor->data=0x78d2782c4880
[RESOLVE] data_handle empty for weight tensor 'blk.1.ffn_gate_exps.scale' device 0, falling through to cache lookup
[SYCL] weight cache lookup: tensor=0x2112ec90 name=blk.1.ffn_gate_exps.scale device=0
[SYCL] weight cache lookup: tensor=0x2112ec90 name=blk.1.ffn_gate_exps.scale device=0
ggml_sycl_get_data_ptr_slow: tensor=blk.1.ffn_gate_exps.scale, device=0, staging FAILED for non-device (type=0), using tensor->data=0x78d2782c4880
ggml_sycl_get_data_ptr_slow: tensor=blk.1.ffn_gate_exps.scale, device=0, using tensor->data=0x78d2782c4880
[SYCL] simple consumer routing declined: op=REPEAT dst=node_119 plan unavailable ctx=0
[SYCL][OP] call ggml_sycl_repeat: dst='node_119':type=f32;ne=[1, 2, 64, 1];nb=[4, 4, 8, 512]	src0='blk.1.ffn_gate_exps.scale (reshaped)':type=f32;ne=[1, 2, 1, 1];nb=[4, 4, 8, 8]
[SYCL] weight cache lookup: tensor=0x22e155a0 name=blk.1.ffn_gate_exps.scale (reshaped) device=0
[SYCL] weight cache lookup: tensor=0x22e155a0 name=blk.1.ffn_gate_exps.scale (reshaped) device=0
[SYCL-BINBCAST] staging raw host tensor=blk.1.ffn_gate_exps.scale (reshaped) bytes=8 device=0 src=0x78d2782c4880 dst=0xffffe38f1ae00000
0.02.193.199 E [UNIFIED-CACHE] planned-mode runtime materialization rejected op=direct_stage_weight caller=direct_stage_weight model=0 name_hash=0x474cbb7ffa4be3cb aux=289 type=0 ne=[1,2,1,1] layout=0 graph_active=1
[BINBCAST-PTR] src0=node_119 src0_host=0xffffd55e47cd4400 src0_d=0xffffd55e47cd4400
[BINBCAST-PTR] src1=blk.1.ffn_gate_exps.scale (reshaped) src1_host=0x78d2782c4880 src1_d=0xffffe38f1ae00000
[SYCL][OP] call ggml_sycl_repeat done
[DEBUG-IMPL] Node 120/140: op=40 name=node_120
[SYCL][OP] call ggml_sycl_get_rows: dst='node_120':type=f32;ne=[1, 1, 64, 1];nb=[4, 4, 4, 256]	src0='node_119':type=f32;ne=[1, 2, 64, 1];nb=[4, 4, 8, 512]	src1='ffn_moe_topk-1':type=i32;ne=[1, 64, 1, 1];nb=[4, 8, 512, 512];strided
[SYCL] weight cache lookup: tensor=0x22e15730 name=node_119 device=0
0.02.193.251 E [SYCL][PTR] src1 tensor=ffn_moe_topk-1 data=0x78d428383200 alloc=508 base=0xffffd55e47c9c000 size=524288 end=0xffffd55e47d1c000
[SYCL][OP] call ggml_sycl_get_rows done
[DEBUG-IMPL] Node 121/140: op=7 name=ffn_moe_gate_scaled-1
[SYCL] simple consumer routing declined: op=MUL dst=ffn_moe_gate_scaled-1 local single-device plan ctx=0 target=0
[SYCL][OP] call ggml_sycl_mul: dst='ffn_moe_gate_scaled-1':type=f32;ne=[384, 1, 64, 1];nb=[4, 1536, 1536, 98304]	src0='node_117':type=f32;ne=[384, 1, 64, 1];nb=[4, 1536, 1536, 98304]	src1='node_120':type=f32;ne=[1, 1, 64, 1];nb=[4, 4, 4, 256]
[BINBCAST-PTR] src0=node_117 src0_host=0xffffd55e47cbc400 src0_d=0xffffd55e47cbc400
[BINBCAST-PTR] src1=node_120 src1_host=0xffffd55e47cbc000 src1_d=0xffffd55e47cbc000
[SYCL][OP] call ggml_sycl_mul done
[DEBUG-IMPL] Node 122/140: op=30 name=node_122
[RESOLVE] data_handle empty for weight tensor 'blk.1.ffn_up_exps.weight' device 0, falling through to cache lookup
[SYCL] weight cache lookup: tensor=0x2112cee0 name=blk.1.ffn_up_exps.weight device=0
[RESOLVE] refusing composite MoE expert tensor materialization for placement-planned 'blk.1.ffn_up_exps.weight' device 0
[SYCL][OP] call ggml_sycl_mul_mat_id: dst='node_122':type=f32;ne=[384, 1, 64, 1];nb=[4, 1536, 1536, 98304]	src0='blk.1.ffn_up_exps.weight':type=f32;ne=[256, 384, 2, 1];nb=[4, 1024, 393216, 786432]	src1='ffn_norm-1 (reshaped)':type=f32;ne=[256, 1, 64, 1];nb=[4, 1024, 1024, 65536]	src2='ffn_moe_topk-1':type=i32;ne=[1, 64, 1, 1];nb=[4, 8, 512, 512];strided
0.02.193.306 E [SYCL][PTR] src2 tensor=ffn_moe_topk-1 data=0x78d428383200 alloc=508 base=0xffffd55e47c9c000 size=524288 end=0xffffd55e47d1c000
[XMX-DEBUG] try_xmx_sorted_moe called: src0->type=0
[XMX-DEBUG] XMX MoE: forced=0 fused_enabled=0 tiled_enabled=1
[XMX-DEBUG] XMX caps: supported=1 int8=1
[XMX MoE] Only Q8_0/MXFP4 supported, got type 0
[XMX-MOE-REJECT] tensor=blk.1.ffn_up_exps.weight type=f32 device=0 reason=type src0=[256,384,2,1] src1=[256,1,64,1] ids=[1,64,1,1]
[MoE FUSED] Batch 64 > 32, using oneDNN batching
[MoE] About to try COALESCED layout
[RESOLVE] data_handle empty for weight tensor 'blk.1.ffn_up_exps.weight' device 0, falling through to cache lookup
[SYCL] weight cache lookup: tensor=0x2112cee0 name=blk.1.ffn_up_exps.weight device=0
[RESOLVE] refusing composite MoE expert tensor materialization for placement-planned 'blk.1.ffn_up_exps.weight' device 0
[MoE] Trying MMVQ with layout=2 for blk.1.ffn_up_exps.weight
[MMVQ-ENTRY] src0=blk.1.ffn_up_exps.weight type=0 forced_layout=2
[MMVQ] Batch 64 > threshold 32, routing to batched GEMM path
[MoE] MMVQ layout=2 returned false
[MoE] About to try SOA layout
[RESOLVE] data_handle empty for weight tensor 'blk.1.ffn_up_exps.weight' device 0, falling through to cache lookup
[SYCL] weight cache lookup: tensor=0x2112cee0 name=blk.1.ffn_up_exps.weight device=0
[RESOLVE] refusing composite MoE expert tensor materialization for placement-planned 'blk.1.ffn_up_exps.weight' device 0
[MoE] Trying MMVQ with layout=1 for blk.1.ffn_up_exps.weight
[MMVQ-ENTRY] src0=blk.1.ffn_up_exps.weight type=0 forced_layout=1
[MMVQ] Batch 64 > threshold 32, routing to batched GEMM path
[MoE] MMVQ layout=1 returned false
[MoE] About to try AOS layout
[RESOLVE] data_handle empty for weight tensor 'blk.1.ffn_up_exps.weight' device 0, falling through to cache lookup
[SYCL] weight cache lookup: tensor=0x2112cee0 name=blk.1.ffn_up_exps.weight device=0
[RESOLVE] refusing composite MoE expert tensor materialization for placement-planned 'blk.1.ffn_up_exps.weight' device 0
[MoE] Trying MMVQ with layout=0 for blk.1.ffn_up_exps.weight
[MMVQ-ENTRY] src0=blk.1.ffn_up_exps.weight type=0 forced_layout=0
[MMVQ] Batch 64 > threshold 32, routing to batched GEMM path
[MoE] MMVQ layout=0 returned false
[MoE] All MMVQ layouts failed, falling back to host routing
[MoE] GPU probe paths did not select type 0; resolving planner-owned MoE route
[MoE-1E] Reusing cached IDs for layer 1 (blk.1.ffn_up_exps.weight), 64 elements
[MoE] Using expert cache for blk.1.ffn_up_exps.weight (layer=903754414, host_buf=0, ptr_type=3)
[MOE-AOS-REQUEST] tensor=blk.1.ffn_up_exps.weight expert=0 current=0 planned=0 requested=aos reason=device-plan
[MOE-AOS-REQUEST] tensor=blk.1.ffn_up_exps.weight expert=1 current=0 planned=0 requested=aos reason=device-plan
[GRAPH-MOE-LAYOUT] tensor=blk.1.ffn_up_exps.weight device=0 plan=1 selected=aos local=2 secondary=0 host=0 missing=0 host_weights=0
[MOE-DISPATCH-LAYOUT] tensor=blk.1.ffn_up_exps.weight device=0 route_layout=aos src0_layout=aos use_expert_cache=1 placement_planned=1 host_weights=0 plan=1 plan_host=0 has_override=0 ne12=64
[MOE-STAGE] tensor=blk.1.ffn_up_exps.weight stage=after-dispatch-layout device=0 ne12=64
[MOE-STAGE] tensor=blk.1.ffn_up_exps.weight stage=after-pointer-table device=0 planned_pp=1
[MOE-STAGE] tensor=blk.1.ffn_up_exps.weight stage=after-route-diagnostics device=0 planned_pp=1
[MOE-STAGE] tensor=blk.1.ffn_up_exps.weight stage=before-route-mode device=0 ne12=64 use_cache=1 plan=1 hybrid=1
[MOE-IDS] Staging ids to device (buffer_on_host=0, ptr_usm_type=3)
[MOE-STAGE] tensor=blk.1.ffn_up_exps.weight stage=pp-rowmap-alloc-begin device=0 rows=64
[UNIFIED-ALLOC] zone alloc: dev=0 zone=4 size=0.0 MB ptr=0xffffd55e67c2c000
[MOE-STAGE] tensor=blk.1.ffn_up_exps.weight stage=pp-rowmap-copy-begin device=0 rows=64 dst_handle=0
[MOE-STAGE] tensor=blk.1.ffn_up_exps.weight stage=pp-rowmap-copy-submitted device=0 rows=64
[UNIFIED-ALLOC] zone alloc: dev=0 zone=4 size=0.1 MB ptr=0xffffd55e67c2c200
[UNIFIED-ALLOC] zone alloc: dev=0 zone=4 size=0.1 MB ptr=0xffffd55e67c44200
[MOE-AOS-REQUEST] tensor=blk.1.ffn_up_exps.weight expert=0 current=0 planned=0 requested=aos reason=device-plan
[DEBUG-MULMAT] ENTER: src0=blk.1.ffn_up_exps.weight src1=ffn_norm-1 (reshaped) dst=node_122
[SYCL][OP] call ggml_sycl_mul_mat: dst='node_122':type=f32;ne=[384, 2, 1, 1];nb=[4, 1536, 3072, 3072]	src0='blk.1.ffn_up_exps.weight':type=f32;ne=[256, 384, 2, 1];nb=[4, 1024, 393216, 786432]	src1='ffn_norm-1 (reshaped)':type=f32;ne=[256, 1, 64, 1];nb=[4, 1024, 1024, 65536]0.02.193.422 E [SYCL][PTR] dst tensor=node_122 data=0xffffd55e67c2c200 alloc=3072 base=0xffffd55e47c9c000 size=524288 end=0xffffd55e47d1c000

[XMXConfig] device=0: M=8 N=16 K_INT8=32 K_FP16=16 SLM=131072 nsm=256 supported=1 int8=1 fp16=1 double_buf=1 max_esimd_wg=64 nbarrier=0 esimd_dpas=1
[MUL_MAT] src0 device=0 ptr=0xffffd556b6945500 (tensor=blk.1.ffn_up_exps.weight layout=0)
[MUL_MAT] dst device=0 ptr=0xffffd55e67c2c200 (tensor=node_122)
[SYCL][OP] call ggml_sycl_mul_mat done
[MOE-AOS-REQUEST] tensor=blk.1.ffn_up_exps.weight expert=1 current=0 planned=0 requested=aos reason=device-plan
[DEBUG-MULMAT] ENTER: src0=blk.1.ffn_up_exps.weight src1=ffn_norm-1 (reshaped) dst=node_122
[SYCL][OP] call ggml_sycl_mul_mat: dst='node_122':type=f32;ne=[384, 62, 1, 1];nb=[4, 1536, 95232, 95232]	src0='blk.1.ffn_up_exps.weight':type=f32;ne=[256, 384, 2, 1];nb=[4, 1024, 393216, 786432]	src1='ffn_norm-1 (reshaped)':type=f32;ne=[256, 1, 64, 1];nb=[4, 1024, 1024, 65536]0.02.193.496 E [SYCL][PTR] dst tensor=node_122 data=0xffffd55e67c2ce00 alloc=95232 base=0xffffd55e47c9c000 size=524288 end=0xffffd55e47d1c000

[XMXConfig] device=0: M=8 N=16 K_INT8=32 K_FP16=16 SLM=131072 nsm=256 supported=1 int8=1 fp16=1 double_buf=1 max_esimd_wg=64 nbarrier=0 esimd_dpas=1
[MUL_MAT] src0 device=0 ptr=0xffffd556b69a5500 (tensor=blk.1.ffn_up_exps.weight layout=0)
[MUL_MAT] dst device=0 ptr=0xffffd55e67c2ce00 (tensor=node_122)
[SYCL][OP] call ggml_sycl_mul_mat done
[SYCL][OP] call ggml_sycl_mul_mat_id done
[DEBUG-IMPL] Node 123/140: op=36 name=blk.1.ffn_up_exps.scale (reshaped)
[DEBUG-IMPL] Node 124/140: op=20 name=node_124
[SYCL] weight cache lookup: tensor=0x22e14dd0 name=blk.1.ffn_up_exps.scale (reshaped) device=0
ggml_sycl_get_data_ptr_slow: tensor=blk.1.ffn_up_exps.scale (reshaped) view_src chain -> base=blk.1.ffn_up_exps.scale, base->extra=0x2171bdb0, base->data=0x78d2782c48c0, tensor->data=0x78d2782c48c0
ggml_sycl_get_data_ptr_slow: base=blk.1.ffn_up_exps.scale data=0x78d2782c48c0 ptr_type=3
[SYCL] weight cache lookup: tensor=0x22e14dd0 name=blk.1.ffn_up_exps.scale (reshaped) device=0
ggml_sycl_get_data_ptr_slow: tensor=blk.1.ffn_up_exps.scale (reshaped), device=0, staging FAILED for non-device (type=0), using tensor->data=0x78d2782c48c0
ggml_sycl_get_data_ptr_slow: tensor=blk.1.ffn_up_exps.scale (reshaped), device=0, using tensor->data=0x78d2782c48c0
[RESOLVE] data_handle empty for weight tensor 'blk.1.ffn_up_exps.scale' device 0, falling through to cache lookup
[SYCL] weight cache lookup: tensor=0x2112efb0 name=blk.1.ffn_up_exps.scale device=0
[SYCL] weight cache lookup: tensor=0x2112efb0 name=blk.1.ffn_up_exps.scale device=0
ggml_sycl_get_data_ptr_slow: tensor=blk.1.ffn_up_exps.scale, device=0, staging FAILED for non-device (type=0), using tensor->data=0x78d2782c48c0
ggml_sycl_get_data_ptr_slow: tensor=blk.1.ffn_up_exps.scale, device=0, using tensor->data=0x78d2782c48c0
[SYCL] simple consumer routing declined: op=REPEAT dst=node_124 plan unavailable ctx=0
[SYCL][OP] call ggml_sycl_repeat: dst='node_124':type=f32;ne=[1, 2, 64, 1];nb=[4, 4, 8, 512]	src0='blk.1.ffn_up_exps.scale (reshaped)':type=f32;ne=[1, 2, 1, 1];nb=[4, 4, 8, 8]
[SYCL] weight cache lookup: tensor=0x22e14dd0 name=blk.1.ffn_up_exps.scale (reshaped) device=0
[SYCL] weight cache lookup: tensor=0x22e14dd0 name=blk.1.ffn_up_exps.scale (reshaped) device=0
[SYCL-BINBCAST] staging raw host tensor=blk.1.ffn_up_exps.scale (reshaped) bytes=8 device=0 src=0x78d2782c48c0 dst=0xffffe38f1ae00000
0.02.193.601 E [UNIFIED-CACHE] planned-mode runtime materialization rejected op=direct_stage_weight caller=direct_stage_weight model=0 name_hash=0x9436376037e599f5 aux=294 type=0 ne=[1,2,1,1] layout=0 graph_active=1
[BINBCAST-PTR] src0=node_124 src0_host=0xffffd55e47cac000 src0_d=0xffffd55e47cac000
[BINBCAST-PTR] src1=blk.1.ffn_up_exps.scale (reshaped) src1_host=0x78d2782c48c0 src1_d=0xffffe38f1ae00000
[SYCL][OP] call ggml_sycl_repeat done
[DEBUG-IMPL] Node 125/140: op=40 name=node_125
[SYCL][OP] call ggml_sycl_get_rows: dst='node_125':type=f32;ne=[1, 1, 64, 1];nb=[4, 4, 4, 256]	src0='node_124':type=f32;ne=[1, 2, 64, 1];nb=[4, 4, 8, 512]	src1='ffn_moe_topk-1':type=i32;ne=[1, 64, 1, 1];nb=[4, 8, 512, 512];strided
[SYCL] weight cache lookup: tensor=0x22e14f60 name=node_124 device=0
0.02.193.647 E [SYCL][PTR] src1 tensor=ffn_moe_topk-1 data=0x78d428383200 alloc=508 base=0xffffd55e47c9c000 size=524288 end=0xffffd55e47d1c000
[SYCL][OP] call ggml_sycl_get_rows done
[DEBUG-IMPL] Node 126/140: op=7 name=ffn_moe_up_scaled-1
[SYCL] simple consumer routing declined: op=MUL dst=ffn_moe_up_scaled-1 local single-device plan ctx=0 target=0
[SYCL][OP] call ggml_sycl_mul: dst='ffn_moe_up_scaled-1':type=f32;ne=[384, 1, 64, 1];nb=[4, 1536, 1536, 98304]	src0='node_122':type=f32;ne=[384, 1, 64, 1];nb=[4, 1536, 1536, 98304]	src1='node_125':type=f32;ne=[1, 1, 64, 1];nb=[4, 4, 4, 256]
[BINBCAST-PTR] src0=node_122 src0_host=0xffffd55e47cd4400 src0_d=0xffffd55e47cd4400
[BINBCAST-PTR] src1=node_125 src1_host=0xffffd55e47cac200 src1_d=0xffffd55e47cac200
[SYCL][OP] call ggml_sycl_mul done
[DEBUG-IMPL] Node 127/140: op=97 name=ffn_moe_swiglu-1
[SYCL] simple consumer routing declined: op=GLU dst=ffn_moe_swiglu-1 local single-device plan ctx=0 target=0
[SYCL][OP] call ggml_sycl_swiglu: dst='ffn_moe_swiglu-1':type=f32;ne=[384, 1, 64, 1];nb=[4, 1536, 1536, 98304]	src0='ffn_moe_gate_scaled-1':type=f32;ne=[384, 1, 64, 1];nb=[4, 1536, 1536, 98304]
[SYCL][OP] call ggml_sycl_swiglu done
[DEBUG-IMPL] Node 128/140: op=30 name=node_128
[RESOLVE] data_handle empty for weight tensor 'blk.1.ffn_down_exps.weight' device 0, falling through to cache lookup
[SYCL] weight cache lookup: tensor=0x2112cd50 name=blk.1.ffn_down_exps.weight device=0
[RESOLVE] refusing composite MoE expert tensor materialization for placement-planned 'blk.1.ffn_down_exps.weight' device 0
[SYCL][OP] call ggml_sycl_mul_mat_id: dst='node_128':type=f32;ne=[256, 1, 64, 1];nb=[4, 1024, 1024, 65536]	src0='blk.1.ffn_down_exps.weight':type=f32;ne=[384, 256, 2, 1];nb=[4, 1536, 393216, 786432]	src1='ffn_moe_swiglu-1':type=f32;ne=[384, 1, 64, 1];nb=[4, 1536, 1536, 98304]	src2='ffn_moe_topk-1':type=i32;ne=[1, 64, 1, 1];nb=[4, 8, 512, 512];strided
0.02.193.714 E [SYCL][PTR] src2 tensor=ffn_moe_topk-1 data=0x78d428383200 alloc=508 base=0xffffd55e47c9c000 size=524288 end=0xffffd55e47d1c000
[XMX-DEBUG] try_xmx_sorted_moe called: src0->type=0
[XMX-DEBUG] XMX MoE: forced=0 fused_enabled=0 tiled_enabled=1
[XMX-DEBUG] XMX caps: supported=1 int8=1
[XMX MoE] Only Q8_0/MXFP4 supported, got type 0
[XMX-MOE-REJECT] tensor=blk.1.ffn_down_exps.weight type=f32 device=0 reason=type src0=[384,256,2,1] src1=[384,1,64,1] ids=[1,64,1,1]
[MoE FUSED] Batch 64 > 32, using oneDNN batching
[MoE] About to try COALESCED layout
[RESOLVE] data_handle empty for weight tensor 'blk.1.ffn_down_exps.weight' device 0, falling through to cache lookup
[SYCL] weight cache lookup: tensor=0x2112cd50 name=blk.1.ffn_down_exps.weight device=0
[RESOLVE] refusing composite MoE expert tensor materialization for placement-planned 'blk.1.ffn_down_exps.weight' device 0
[MoE] Trying MMVQ with layout=2 for blk.1.ffn_down_exps.weight
[MMVQ-ENTRY] src0=blk.1.ffn_down_exps.weight type=0 forced_layout=2
[MMVQ] Batch 64 > threshold 32, routing to batched GEMM path
[MoE] MMVQ layout=2 returned false
[MoE] About to try SOA layout
[RESOLVE] data_handle empty for weight tensor 'blk.1.ffn_down_exps.weight' device 0, falling through to cache lookup
[SYCL] weight cache lookup: tensor=0x2112cd50 name=blk.1.ffn_down_exps.weight device=0
[RESOLVE] refusing composite MoE expert tensor materialization for placement-planned 'blk.1.ffn_down_exps.weight' device 0
[MoE] Trying MMVQ with layout=1 for blk.1.ffn_down_exps.weight
[MMVQ-ENTRY] src0=blk.1.ffn_down_exps.weight type=0 forced_layout=1
[MMVQ] Batch 64 > threshold 32, routing to batched GEMM path
[MoE] MMVQ layout=1 returned false
[MoE] About to try AOS layout
[RESOLVE] data_handle empty for weight tensor 'blk.1.ffn_down_exps.weight' device 0, falling through to cache lookup
[SYCL] weight cache lookup: tensor=0x2112cd50 name=blk.1.ffn_down_exps.weight device=0
[RESOLVE] refusing composite MoE expert tensor materialization for placement-planned 'blk.1.ffn_down_exps.weight' device 0
[MoE] Trying MMVQ with layout=0 for blk.1.ffn_down_exps.weight
[MMVQ-ENTRY] src0=blk.1.ffn_down_exps.weight type=0 forced_layout=0
[MMVQ] Batch 64 > threshold 32, routing to batched GEMM path
[MoE] MMVQ layout=0 returned false
[MoE] All MMVQ layouts failed, falling back to host routing
[MoE] GPU probe paths did not select type 0; resolving planner-owned MoE route
[MoE-1E] Reusing cached IDs for layer 1 (blk.1.ffn_down_exps.weight), 64 elements
[MoE] Using expert cache for blk.1.ffn_down_exps.weight (layer=752070615, host_buf=0, ptr_type=3)
[MOE-AOS-REQUEST] tensor=blk.1.ffn_down_exps.weight expert=0 current=0 planned=0 requested=aos reason=device-plan
[MOE-AOS-REQUEST] tensor=blk.1.ffn_down_exps.weight expert=1 current=0 planned=0 requested=aos reason=device-plan
[GRAPH-MOE-LAYOUT] tensor=blk.1.ffn_down_exps.weight device=0 plan=1 selected=aos local=2 secondary=0 host=0 missing=0 host_weights=0
[MOE-DISPATCH-LAYOUT] tensor=blk.1.ffn_down_exps.weight device=0 route_layout=aos src0_layout=aos use_expert_cache=1 placement_planned=1 host_weights=0 plan=1 plan_host=0 has_override=0 ne12=64
[MOE-STAGE] tensor=blk.1.ffn_down_exps.weight stage=after-dispatch-layout device=0 ne12=64
[MOE-STAGE] tensor=blk.1.ffn_down_exps.weight stage=after-pointer-table device=0 planned_pp=1
[MOE-STAGE] tensor=blk.1.ffn_down_exps.weight stage=after-route-diagnostics device=0 planned_pp=1
[MOE-STAGE] tensor=blk.1.ffn_down_exps.weight stage=before-route-mode device=0 ne12=64 use_cache=1 plan=1 hybrid=1
[MOE-IDS] Staging ids to device (buffer_on_host=0, ptr_usm_type=3)
[MOE-STAGE] tensor=blk.1.ffn_down_exps.weight stage=pp-rowmap-alloc-begin device=0 rows=64
[UNIFIED-ALLOC] zone alloc: dev=0 zone=4 size=0.0 MB ptr=0xffffd55e67c2c000
[MOE-STAGE] tensor=blk.1.ffn_down_exps.weight stage=pp-rowmap-copy-begin device=0 rows=64 dst_handle=0
[MOE-STAGE] tensor=blk.1.ffn_down_exps.weight stage=pp-rowmap-copy-submitted device=0 rows=64
[UNIFIED-ALLOC] zone alloc: dev=0 zone=4 size=0.1 MB ptr=0xffffd55e67c2c200
[UNIFIED-ALLOC] zone alloc: dev=0 zone=4 size=0.1 MB ptr=0xffffd55e67c3c200
[MOE-AOS-REQUEST] tensor=blk.1.ffn_down_exps.weight expert=0 current=0 planned=0 requested=aos reason=device-plan
[DEBUG-MULMAT] ENTER: src0=blk.1.ffn_down_exps.weight src1=ffn_moe_swiglu-1 dst=node_128
[SYCL][OP] call ggml_sycl_mul_mat: dst='node_128':type=f32;ne=[256, 2, 1, 1];nb=[4, 1024, 2048, 2048]	src0='blk.1.ffn_down_exps.weight':type=f32;ne=[384, 256, 2, 1];nb=[4, 1536, 393216, 786432]	src1='ffn_moe_swiglu-1':type=f32;ne=[384, 1, 64, 1];nb=[4, 1536, 1536, 98304]0.02.193.814 E [SYCL][PTR] dst tensor=node_128 data=0xffffd55e67c2c200 alloc=2048 base=0xffffd55e47c9c000 size=524288 end=0xffffd55e47d1c000

[XMXConfig] device=0: M=8 N=16 K_INT8=32 K_FP16=16 SLM=131072 nsm=256 supported=1 int8=1 fp16=1 double_buf=1 max_esimd_wg=64 nbarrier=0 esimd_dpas=1
[MUL_MAT] src0 device=0 ptr=0xffffd556b6a05500 (tensor=blk.1.ffn_down_exps.weight layout=0)
[MUL_MAT] dst device=0 ptr=0xffffd55e67c2c200 (tensor=node_128)
[SYCL][OP] call ggml_sycl_mul_mat done
[MOE-AOS-REQUEST] tensor=blk.1.ffn_down_exps.weight expert=1 current=0 planned=0 requested=aos reason=device-plan
[DEBUG-MULMAT] ENTER: src0=blk.1.ffn_down_exps.weight src1=ffn_moe_swiglu-1 dst=node_128
[SYCL][OP] call ggml_sycl_mul_mat: dst='node_128':type=f32;ne=[256, 62, 1, 1];nb=[4, 1024, 63488, 63488]	src0='blk.1.ffn_down_exps.weight':type=f32;ne=[384, 256, 2, 1];nb=[4, 1536, 393216, 786432]	src1='ffn_moe_swiglu-1':type=f32;ne=[384, 1, 64, 1];nb=[4, 1536, 1536, 98304]0.02.193.947 E [SYCL][PTR] dst tensor=node_128 data=0xffffd55e67c2ca00 alloc=63488 base=0xffffd55e47c9c000 size=524288 end=0xffffd55e47d1c000

[XMXConfig] device=0: M=8 N=16 K_INT8=32 K_FP16=16 SLM=131072 nsm=256 supported=1 int8=1 fp16=1 double_buf=1 max_esimd_wg=64 nbarrier=0 esimd_dpas=1
[MUL_MAT] src0 device=0 ptr=0xffffd556b6a65500 (tensor=blk.1.ffn_down_exps.weight layout=0)
[MUL_MAT] dst device=0 ptr=0xffffd55e67c2ca00 (tensor=node_128)
[SYCL][OP] call ggml_sycl_mul_mat done
[SYCL][OP] call ggml_sycl_mul_mat_id done
[DEBUG-IMPL] Node 129/140: op=36 name=blk.1.ffn_down_exps.scale (reshaped)
[DEBUG-IMPL] Node 130/140: op=20 name=node_130
[SYCL] weight cache lookup: tensor=0x22e15f00 name=blk.1.ffn_down_exps.scale (reshaped) device=0
ggml_sycl_get_data_ptr_slow: tensor=blk.1.ffn_down_exps.scale (reshaped) view_src chain -> base=blk.1.ffn_down_exps.scale, base->extra=0x205c04e0, base->data=0x78d2782c48a0, tensor->data=0x78d2782c48a0
ggml_sycl_get_data_ptr_slow: base=blk.1.ffn_down_exps.scale data=0x78d2782c48a0 ptr_type=3
[SYCL] weight cache lookup: tensor=0x22e15f00 name=blk.1.ffn_down_exps.scale (reshaped) device=0
ggml_sycl_get_data_ptr_slow: tensor=blk.1.ffn_down_exps.scale (reshaped), device=0, staging FAILED for non-device (type=0), using tensor->data=0x78d2782c48a0
ggml_sycl_get_data_ptr_slow: tensor=blk.1.ffn_down_exps.scale (reshaped), device=0, using tensor->data=0x78d2782c48a0
[RESOLVE] data_handle empty for weight tensor 'blk.1.ffn_down_exps.scale' device 0, falling through to cache lookup
[SYCL] weight cache lookup: tensor=0x2112ee20 name=blk.1.ffn_down_exps.scale device=0
[SYCL] weight cache lookup: tensor=0x2112ee20 name=blk.1.ffn_down_exps.scale device=0
ggml_sycl_get_data_ptr_slow: tensor=blk.1.ffn_down_exps.scale, device=0, staging FAILED for non-device (type=0), using tensor->data=0x78d2782c48a0
ggml_sycl_get_data_ptr_slow: tensor=blk.1.ffn_down_exps.scale, device=0, using tensor->data=0x78d2782c48a0
[SYCL] simple consumer routing declined: op=REPEAT dst=node_130 plan unavailable ctx=0
[SYCL][OP] call ggml_sycl_repeat: dst='node_130':type=f32;ne=[1, 2, 64, 1];nb=[4, 4, 8, 512]	src0='blk.1.ffn_down_exps.scale (reshaped)':type=f32;ne=[1, 2, 1, 1];nb=[4, 4, 8, 8]
[SYCL] weight cache lookup: tensor=0x22e15f00 name=blk.1.ffn_down_exps.scale (reshaped) device=0
[SYCL] weight cache lookup: tensor=0x22e15f00 name=blk.1.ffn_down_exps.scale (reshaped) device=0
0.02.194.106 E [UNIFIED-CACHE] planned-mode runtime materialization rejected op=direct_stage_weight caller=direct_stage_weight model=0 name_hash=0x2f51d65e2e10e7e6 aux=299 type=0 ne=[1,2,1,1] layout=0 graph_active=1
[SYCL-BINBCAST] staging raw host tensor=blk.1.ffn_down_exps.scale (reshaped) bytes=8 device=0 src=0x78d2782c48a0 dst=0xffffe38f1ae00000
[BINBCAST-PTR] src0=node_130 src0_host=0xffffd55e47cbc400 src0_d=0xffffd55e47cbc400
[BINBCAST-PTR] src1=blk.1.ffn_down_exps.scale (reshaped) src1_host=0x78d2782c48a0 src1_d=0xffffe38f1ae00000
[SYCL][OP] call ggml_sycl_repeat done
[DEBUG-IMPL] Node 131/140: op=40 name=node_131
[SYCL][OP] call ggml_sycl_get_rows: dst='node_131':type=f32;ne=[1, 1, 64, 1];nb=[4, 4, 4, 256]	src0='node_130':type=f32;ne=[1, 2, 64, 1];nb=[4, 4, 8, 512]	src1='ffn_moe_topk-1':type=i32;ne=[1, 64, 1, 1];nb=[4, 8, 512, 512];strided
0.02.194.159 E [SYCL][PTR] src1 tensor=ffn_moe_topk-1 data=0x78d428383200 alloc=508 base=0xffffd55e47c9c000 size=524288 end=0xffffd55e47d1c000
[SYCL] weight cache lookup: tensor=0x22e16090 name=node_130 device=0
[SYCL][OP] call ggml_sycl_get_rows done
[DEBUG-IMPL] Node 132/140: op=7 name=ffn_moe_down_scaled-1
[SYCL] simple consumer routing declined: op=MUL dst=ffn_moe_down_scaled-1 local single-device plan ctx=0 target=0
[SYCL][OP] call ggml_sycl_mul: dst='ffn_moe_down_scaled-1':type=f32;ne=[256, 1, 64, 1];nb=[4, 1024, 1024, 65536]	src0='node_128':type=f32;ne=[256, 1, 64, 1];nb=[4, 1024, 1024, 65536]	src1='node_131':type=f32;ne=[1, 1, 64, 1];nb=[4, 4, 4, 256]
[BINBCAST-PTR] src0=node_128 src0_host=0xffffd55e47cac000 src0_d=0xffffd55e47cac000
[BINBCAST-PTR] src1=node_131 src1_host=0xffffd55e47cbc000 src1_d=0xffffd55e47cbc000
[SYCL][OP] call ggml_sycl_mul done
[DEBUG-IMPL] Node 133/140: op=7 name=ffn_moe_weighted-1
[SYCL] simple consumer routing declined: op=MUL dst=ffn_moe_weighted-1 local single-device plan ctx=0 target=0
[SYCL][OP] call ggml_sycl_mul: dst='ffn_moe_weighted-1':type=f32;ne=[256, 1, 64, 1];nb=[4, 1024, 1024, 65536]	src0='ffn_moe_down_scaled-1':type=f32;ne=[256, 1, 64, 1];nb=[4, 1024, 1024, 65536]	src1='ffn_moe_weights_norm-1 (reshaped)':type=f32;ne=[1, 1, 64, 1];nb=[4, 4, 4, 256]
[BINBCAST-PTR] src0=ffn_moe_down_scaled-1 src0_host=0xffffd55e47cac000 src0_d=0xffffd55e47cac000
[BINBCAST-PTR] src1=ffn_moe_weights_norm-1 (reshaped) src1_host=0xffffd55e47cbc100 src1_d=0xffffd55e47cbc100
[SYCL][OP] call ggml_sycl_mul done
[DEBUG-IMPL] Node 134/140: op=37 name=ffn_moe_weighted-1 (view)
[DEBUG-IMPL] Node 135/140: op=35 name=ffn_moe_out-1
[SYCL] simple consumer routing declined: op=CONT dst=ffn_moe_out-1 local single-device plan ctx=0 target=0
[SYCL][OP] call ggml_sycl_dup: dst='ffn_moe_out-1':type=f32;ne=[256, 64, 1, 1];nb=[4, 1024, 65536, 65536]	src0='ffn_moe_weighted-1 (view)':type=f32;ne=[256, 64, 1, 1];nb=[4, 1024, 65536, 65536]
[SYCL][OP] call ggml_sycl_cpy: dst='ffn_moe_out-1':type=f32;ne=[256, 64, 1, 1];nb=[4, 1024, 65536, 65536]	src0='ffn_moe_weighted-1 (view)':type=f32;ne=[256, 64, 1, 1];nb=[4, 1024, 65536, 65536]
[CPY] device=0 main_stream=0x1d26bec0 tp_queue=(nil) (match=0)
[CPY DEBUG] device=0 src0=ffn_moe_weighted-1 (view)(0xffffd55e47cac000, usm=1) -> src1=ffn_moe_out-1(0xffffd55e47cbc000, usm=1) size=65536
[CPY STAGING CHECK] device=0 needs_staging=0 src0_type=1 dst_is_device=1
[CPY device=0] memcpy path: 0xffffd55e47cac000 -> 0xffffd55e47cbc000 (65536 bytes)
[CPY device=0] memcpy submitted
[SYCL][OP] call ggml_sycl_cpy done
[SYCL][OP] call ggml_sycl_dup done
[DEBUG-IMPL] Node 136/140: op=2 name=l_out-1
[DEBUG-IMPL] Node 138/140: op=7 name=result_norm
[SYCL] simple consumer routing declined: op=MUL dst=result_norm local single-device plan ctx=0 target=0
[SYCL][OP] call ggml_sycl_mul: dst='result_norm':type=f32;ne=[256, 64, 1, 1];nb=[4, 1024, 65536, 65536]	src0='norm':type=f32;ne=[256, 64, 1, 1];nb=[4, 1024, 65536, 65536]	src1='output_norm.weight':type=f32;ne=[256, 1, 1, 1];nb=[4, 1024, 1024, 1024]
[SYCL-MUL-DBG] device=0 graph_recording=0 dst=result_norm src0=norm src1=output_norm.weight src0_ptr=0xffffd55e47cbc000 src1_ptr=0xffffd556b6420000 dst_ptr=0xffffd55e47cbc000 src0_layout=none src1_layout=aos last_graph_event=0 has_barrier=0 exec_graph=0 graph_nodes=0 graph_decode=0
[BINBCAST-PTR] src0=norm src0_host=0xffffd55e47cbc000 src0_d=0xffffd55e47cbc000
[BINBCAST-PTR] src1=output_norm.weight src1_host=0x78d277c20040 src1_d=0xffffd556b6420000
[SYCL][OP] call ggml_sycl_mul done
[DEBUG-IMPL] Node 139/140: op=29 name=result_output
[SYCL] simple consumer routing declined: op=MUL_MAT dst=result_output plan unavailable ctx=0
[DEBUG-MULMAT] ENTER: src0=output.weight src1=result_norm dst=result_output
[SYCL][OP] call ggml_sycl_mul_mat: dst='result_output':type=f32;ne=[128, 64, 1, 1];nb=[4, 512, 32768, 32768]	src0='output.weight':type=f32;ne=[256, 128, 1, 1];nb=[4, 1024, 131072, 131072]	src1='result_norm':type=f32;ne=[256, 64, 1, 1];nb=[4, 1024, 65536, 65536]
[XMXConfig] device=0: M=8 N=16 K_INT8=32 K_FP16=16 SLM=131072 nsm=256 supported=1 int8=1 fp16=1 double_buf=1 max_esimd_wg=64 nbarrier=0 esimd_dpas=1
[SYCL] output.weight dispatch kernel=ONEDNN_AOS layout=0 batch=64
[MUL_MAT] src0 device=0 ptr=0xffffd556b6421400 (tensor=output.weight layout=0)
[MUL_MAT] dst device=0 ptr=0xffffd55e47c9c000 (tensor=result_output)
[SYCL] weight cache lookup: tensor=0x2112a000 name=output.weight device=0
[SYCL][OP] call ggml_sycl_mul_mat done
[GRAPH-UNPIN] Released 0 graph MoE expert mem_handle leases
[GRAPH-UNPIN-WEIGHTS] Released 0 graph weight mem_handle leases
[SYCL] call ggml_backend_sycl_get_tensor_async: tensor='result_output':type=f32;ne=[128, 64, 1, 1];nb=[4, 512, 32768, 32768] size=32768 offset=0
[DEBUG-GRAPH-COMPUTE] ENTER: backend=0x21a72890 cgraph=0x22ea9b88
[DEBUG-GRAPH-COMPUTE] sycl_ctx=0x1d807780 device=0
[MEM-HANDLE] released 0 command-graph retained leases
[POOL-LEG] released 0 graph-retained scratch mem_handles
[SYCL] call ggml_backend_sycl_get_device_memory
[MEM-QUERY] dev=0 free=467.0 MB total=32656.0 MB consumed=32189.0 MB
[GRAPH-COMPUTE] device 0 arena scratch=512.0/512.0 MB external_free=467.0 MB / total=32656.0 MB
[DEBUG-GRAPH-COMPUTE] Creating lambda...
[DEBUG-GRAPH-COMPUTE] Lambda created
[GRAPH-CHECK] MUL_MAT_ID: src0=blk.0.ffn_gate_exps.weight buffer=0x21a49810 is_sycl=0
[SYCL-GRAPH] call #6: use_sycl_graph=0, async_mem=0, n_nodes=140, has_exec_graph=0
[DEBUG-IMPL] ENTER graph_compute_impl: n_nodes=140, device=0
[DEBUG-IMPL] Starting node loop, n_nodes=140
[DEBUG-IMPL] Node 0/140: op=40 name=embd
ggml_sycl_get_data_ptr_slow: tensor=inp_tokens, device=0, staging FAILED for non-device (type=0), using tensor->data=0x78d2782c4c40
ggml_sycl_get_data_ptr_slow: tensor=inp_tokens, device=0, using tensor->data=0x78d2782c4c40
[SYCL][OP] call ggml_sycl_get_rows: dst='embd':type=f32;ne=[256, 64, 1, 1];nb=[4, 1024, 65536, 65536]	src0='token_embd.weight':type=f32;ne=[256, 128, 1, 1];nb=[4, 1024, 131072, 131072]	src1='inp_tokens':type=i32;ne=[64, 1, 1, 1];nb=[4, 256, 256, 256]
[SYCL] weight cache lookup: tensor=0x21129ce0 name=token_embd.weight device=0
[SYCL][OP] call ggml_sycl_get_rows done
[DEBUG-IMPL] Node 1/140: op=25 name=norm-0
[DEBUG-IMPL] Node 3/140: op=29 name=node_3
[SYCL] simple consumer routing declined: op=MUL_MAT dst=node_3 plan unavailable ctx=0
[DEBUG-MULMAT] ENTER: src0=blk.0.attn_q.weight src1=attn_norm-0 dst=node_3
[SYCL][OP] call ggml_sycl_mul_mat: dst='node_3':type=f32;ne=[256, 64, 1, 1];nb=[4, 1024, 65536, 65536]	src0='blk.0.attn_q.weight':type=f32;ne=[256, 256, 1, 1];nb=[4, 1024, 262144, 262144]	src1='attn_norm-0':type=f32;ne=[256, 64, 1, 1];nb=[4, 1024, 65536, 65536]
[XMXConfig] device=0: M=8 N=16 K_INT8=32 K_FP16=16 SLM=131072 nsm=256 supported=1 int8=1 fp16=1 double_buf=1 max_esimd_wg=64 nbarrier=0 esimd_dpas=1
[MUL_MAT] src0 device=0 ptr=0xffffd556b6441400 (tensor=blk.0.attn_q.weight layout=0)
[MUL_MAT] dst device=0 ptr=0xffffd55e47cbc000 (tensor=node_3)
[SYCL] weight cache lookup: tensor=0x2112a320 name=blk.0.attn_q.weight device=0
[SYCL][OP] call ggml_sycl_mul_mat done
[DEBUG-IMPL] Node 4/140: op=7 name=Qcur-0
[DEBUG-IMPL] Node 6/140: op=36 name=Qcur-0
[DEBUG-IMPL] Node 7/140: op=49 name=Qcur-0
ggml_sycl_get_data_ptr_slow: tensor=leaf_7, device=0, staging FAILED for non-device (type=0), using tensor->data=0x78d2782d4d40
ggml_sycl_get_data_ptr_slow: tensor=leaf_7, device=0, using tensor->data=0x78d2782d4d40
[RESOLVE] data_handle empty for weight tensor 'rope_freqs.weight' device 0, falling through to cache lookup
[SYCL] weight cache lookup: tensor=0x2112b130 name=rope_freqs.weight device=0
[SYCL] weight cache lookup: tensor=0x2112b130 name=rope_freqs.weight device=0
[SYCL] simple consumer routing declined: op=ROPE dst=Qcur-0 local single-device plan ctx=0 target=0
[SYCL][OP] call ggml_sycl_rope: dst='Qcur-0':type=f32;ne=[128, 2, 64, 1];nb=[4, 512, 1024, 65536]	src0='Qcur-0':type=f32;ne=[128, 2, 64, 1];nb=[4, 512, 1024, 65536]	src1='leaf_7':type=i32;ne=[64, 1, 1, 1];nb=[4, 256, 256, 256]	src2='rope_freqs.weight':type=f32;ne=[64, 1, 1, 1];nb=[4, 256, 256, 256]
ggml_sycl_op_rope: norm path
[SYCL][OP] call ggml_sycl_rope done
[DEBUG-IMPL] Node 8/140: op=29 name=node_8
[SYCL] simple consumer routing declined: op=MUL_MAT dst=node_8 plan unavailable ctx=0
[DEBUG-MULMAT] ENTER: src0=blk.0.attn_v.weight src1=attn_norm-0 dst=node_8
[SYCL][OP] call ggml_sycl_mul_mat: dst='node_8':type=f32;ne=[256, 64, 1, 1];nb=[4, 1024, 65536, 65536]	src0='blk.0.attn_v.weight':type=f32;ne=[256, 256, 1, 1];nb=[4, 1024, 262144, 262144]	src1='attn_norm-0':type=f32;ne=[256, 64, 1, 1];nb=[4, 1024, 65536, 65536]
[XMXConfig] device=0: M=8 N=16 K_INT8=32 K_FP16=16 SLM=131072 nsm=256 supported=1 int8=1 fp16=1 double_buf=1 max_esimd_wg=64 nbarrier=0 esimd_dpas=1
[MUL_MAT] src0 device=0 ptr=0xffffd556b64c1400 (tensor=blk.0.attn_v.weight layout=0)
[MUL_MAT] dst device=0 ptr=0xffffd55e47cbc000 (tensor=node_8)
[SYCL] weight cache lookup: tensor=0x2112a640 name=blk.0.attn_v.weight device=0
[SYCL][OP] call ggml_sycl_mul_mat done
[DEBUG-IMPL] Node 9/140: op=7 name=Vcur-0
[DEBUG-IMPL] Node 11/140: op=36 name=Vcur-0
[DEBUG-IMPL] Node 12/140: op=29 name=node_12
[SYCL] simple consumer routing declined: op=MUL_MAT dst=node_12 plan unavailable ctx=0
[DEBUG-MULMAT] ENTER: src0=blk.0.attn_k.weight src1=attn_norm-0 dst=node_12
[SYCL][OP] call ggml_sycl_mul_mat: dst='node_12':type=f32;ne=[256, 64, 1, 1];nb=[4, 1024, 65536, 65536]	src0='blk.0.attn_k.weight':type=f32;ne=[256, 256, 1, 1];nb=[4, 1024, 262144, 262144]	src1='attn_norm-0':type=f32;ne=[256, 64, 1, 1];nb=[4, 1024, 65536, 65536]
[XMXConfig] device=0: M=8 N=16 K_INT8=32 K_FP16=16 SLM=131072 nsm=256 supported=1 int8=1 fp16=1 double_buf=1 max_esimd_wg=64 nbarrier=0 esimd_dpas=1
[MUL_MAT] src0 device=0 ptr=0xffffd556b6481400 (tensor=blk.0.attn_k.weight layout=0)
[MUL_MAT] dst device=0 ptr=0xffffd55e47cdc000 (tensor=node_12)
[SYCL] weight cache lookup: tensor=0x2112a4b0 name=blk.0.attn_k.weight device=0
[SYCL][OP] call ggml_sycl_mul_mat done
[DEBUG-IMPL] Node 13/140: op=7 name=Kcur-0
[DEBUG-IMPL] Node 15/140: op=36 name=Kcur-0
[DEBUG-IMPL] Node 16/140: op=49 name=Kcur-0
[RESOLVE] data_handle empty for weight tensor 'rope_freqs.weight' device 0, falling through to cache lookup
[SYCL] weight cache lookup: tensor=0x2112b130 name=rope_freqs.weight device=0
[SYCL] weight cache lookup: tensor=0x2112b130 name=rope_freqs.weight device=0
[SYCL] simple consumer routing declined: op=ROPE dst=Kcur-0 local single-device plan ctx=0 target=0
[SYCL][OP] call ggml_sycl_rope: dst='Kcur-0':type=f32;ne=[128, 2, 64, 1];nb=[4, 512, 1024, 65536]	src0='Kcur-0':type=f32;ne=[128, 2, 64, 1];nb=[4, 512, 1024, 65536]	src1='leaf_7':type=i32;ne=[64, 1, 1, 1];nb=[4, 256, 256, 256]	src2='rope_freqs.weight':type=f32;ne=[64, 1, 1, 1];nb=[4, 256, 256, 256]
ggml_sycl_op_rope: norm path
[SYCL][OP] call ggml_sycl_rope done
[DEBUG-IMPL] Node 17/140: op=37 name=Kcur-0 (view)
[DEBUG-IMPL] Node 18/140: op=42 name=cache_k_l0 (view)
ggml_sycl_get_data_ptr_slow: tensor=leaf_15, device=0, staging FAILED for non-device (type=0), using tensor->data=0x78d2782d4e40
ggml_sycl_get_data_ptr_slow: tensor=leaf_15, device=0, using tensor->data=0x78d2782d4e40
[SYCL] simple consumer routing declined: op=SET_ROWS dst=cache_k_l0 (view) plan unavailable ctx=0
[SYCL][OP] call ggml_sycl_op_set_rows: dst='cache_k_l0 (view)':type=f16;ne=[256, 256, 1, 1];nb=[2, 512, 131072, 131072]	src0='Kcur-0 (view)':type=f32;ne=[256, 64, 1, 1];nb=[4, 1024, 65536, 65536]	src1='leaf_15':type=i64;ne=[64, 1, 1, 1];nb=[8, 512, 512, 512]
[SYCL][OP] call ggml_sycl_op_set_rows done
[DEBUG-IMPL] Node 19/140: op=37 name=Vcur-0 (view)
[DEBUG-IMPL] Node 20/140: op=42 name=cache_v_l0 (view)
ggml_sycl_get_data_ptr_slow: tensor=leaf_17, device=0, staging FAILED for non-device (type=0), using tensor->data=0x78d2782d5040
ggml_sycl_get_data_ptr_slow: tensor=leaf_17, device=0, using tensor->data=0x78d2782d5040
[SYCL] simple consumer routing declined: op=SET_ROWS dst=cache_v_l0 (view) plan unavailable ctx=0
[SYCL][OP] call ggml_sycl_op_set_rows: dst='cache_v_l0 (view)':type=f16;ne=[256, 256, 1, 1];nb=[2, 512, 131072, 131072]	src0='Vcur-0 (view)':type=f32;ne=[256, 64, 1, 1];nb=[4, 1024, 65536, 65536]	src1='leaf_17':type=i64;ne=[64, 1, 1, 1];nb=[8, 512, 512, 512]
[SYCL][OP] call ggml_sycl_op_set_rows done
[DEBUG-IMPL] Node 21/140: op=37 name=Qcur-0 (view)
[DEBUG-IMPL] Node 22/140: op=38 name=Qcur-0 (view) (permuted)
[DEBUG-IMPL] Node 23/140: op=34 name=Qcur-0 (view) (permuted) (copy)
[SYCL] simple consumer routing declined: op=CPY dst=Qcur-0 (view) (permuted) (copy) local single-device plan ctx=0 target=0
[SYCL][OP] call ggml_sycl_cpy: dst='Qcur-0 (view) (permuted) (copy)':type=f16;ne=[128, 64, 2, 1];nb=[2, 256, 16384, 32768]	src0='Qcur-0 (view) (permuted)':type=f32;ne=[128, 64, 2, 1];nb=[4, 1024, 512, 65536];strided;permuted
[CPY] device=0 main_stream=0x1d26bec0 tp_queue=(nil) (match=0)
[CPY DEBUG] device=0 src0=Qcur-0 (view) (permuted)(0xffffd55e47ccc000, usm=1) -> src1=Qcur-0 (view) (permuted) (copy)(0xffffd55e47cac000, usm=1) size=65536
[CPY STAGING CHECK] device=0 needs_staging=0 src0_type=1 dst_is_device=1
[SYCL][OP] call ggml_sycl_cpy done
[DEBUG-IMPL] Node 24/140: op=37 name=cache_k_l0 (view)
[DEBUG-IMPL] Node 25/140: op=38 name=cache_k_l0 (view) (permuted)
[DEBUG-IMPL] Node 26/140: op=37 name=cache_v_l0 (view)
[DEBUG-IMPL] Node 27/140: op=38 name=cache_v_l0 (view) (permuted)
[DEBUG-IMPL] Node 28/140: op=75 name=node_28
ggml_sycl_get_data_ptr_slow: tensor=attn_inp_kq_mask, device=0, staging FAILED for non-device (type=0), using tensor->data=0x78d2782d5240
ggml_sycl_get_data_ptr_slow: tensor=attn_inp_kq_mask, device=0, using tensor->data=0x78d2782d5240
[SYCL] simple consumer routing declined: op=FLASH_ATTN_EXT dst=node_28 plan unavailable ctx=0
ggml_sycl_get_data_ptr_slow: tensor=Qcur-0 (view) (permuted) (copy), device=1, rejecting tensor->data=0xffffd55e47cac000 owned by device 0
ggml_sycl_get_data_ptr_slow: tensor=node_28, device=1, rejecting tensor->data=0xffffd55e47cb4000 owned by device 0
[DEBUG-IMPL] Node 29/140: op=36 name=kqv_out-0
[DEBUG-IMPL] Node 30/140: op=29 name=node_30
[SYCL] simple consumer routing declined: op=MUL_MAT dst=node_30 plan unavailable ctx=0
[DEBUG-MULMAT] ENTER: src0=blk.0.attn_output.weight src1=kqv_out-0 dst=node_30
[SYCL][OP] call ggml_sycl_mul_mat: dst='node_30':type=f32;ne=[256, 64, 1, 1];nb=[4, 1024, 65536, 65536]	src0='blk.0.attn_output.weight':type=f32;ne=[256, 256, 1, 1];nb=[4, 1024, 262144, 262144]	src1='kqv_out-0':type=f32;ne=[256, 64, 1, 1];nb=[4, 1024, 65536, 65536]
[XMXConfig] device=0: M=8 N=16 K_INT8=32 K_FP16=16 SLM=131072 nsm=256 supported=1 int8=1 fp16=1 double_buf=1 max_esimd_wg=64 nbarrier=0 esimd_dpas=1
[MUL_MAT] src0 device=0 ptr=0xffffd556b6501400 (tensor=blk.0.attn_output.weight layout=0)
[MUL_MAT] dst device=0 ptr=0xffffd55e47cc4000 (tensor=node_30)
[SYCL] weight cache lookup: tensor=0x2112ac80 name=blk.0.attn_output.weight device=0
[SYCL][OP] call ggml_sycl_mul_mat done
[DEBUG-IMPL] Node 31/140: op=7 name=node_31
[DEBUG-IMPL] Node 33/140: op=2 name=ffn_inp-0
[DEBUG-IMPL] Node 35/140: op=7 name=ffn_norm-0
[SYCL] simple consumer routing declined: op=MUL dst=ffn_norm-0 local single-device plan ctx=0 target=0
[SYCL][OP] call ggml_sycl_mul: dst='ffn_norm-0':type=f32;ne=[256, 64, 1, 1];nb=[4, 1024, 65536, 65536]	src0='norm-0':type=f32;ne=[256, 64, 1, 1];nb=[4, 1024, 65536, 65536]	src1='blk.0.ffn_norm.weight':type=f32;ne=[256, 1, 1, 1];nb=[4, 1024, 1024, 1024]
[BINBCAST-PTR] src0=norm-0 src0_host=0xffffd55e47c9c000 src0_d=0xffffd55e47c9c000
[BINBCAST-PTR] src1=blk.0.ffn_norm.weight src1_host=0x78d277d41840 src1_d=0xffffd556b6420800
[SYCL][OP] call ggml_sycl_mul done
[DEBUG-IMPL] Node 36/140: op=29 name=ffn_moe_logits-0
[SYCL] simple consumer routing declined: op=MUL_MAT dst=ffn_moe_logits-0 plan unavailable ctx=0
[DEBUG-MULMAT] ENTER: src0=blk.0.ffn_gate_inp.weight src1=ffn_norm-0 dst=ffn_moe_logits-0
[SYCL][OP] call ggml_sycl_mul_mat: dst='ffn_moe_logits-0':type=f32;ne=[2, 64, 1, 1];nb=[4, 8, 512, 512]	src0='blk.0.ffn_gate_inp.weight':type=f32;ne=[256, 2, 1, 1];nb=[4, 1024, 2048, 2048]	src1='ffn_norm-0':type=f32;ne=[256, 64, 1, 1];nb=[4, 1024, 65536, 65536]
[XMXConfig] device=0: M=8 N=16 K_INT8=32 K_FP16=16 SLM=131072 nsm=256 supported=1 int8=1 fp16=1 double_buf=1 max_esimd_wg=64 nbarrier=0 esimd_dpas=1
[MUL_MAT] src0 device=0 ptr=0xffffd556b6644500 (tensor=blk.0.ffn_gate_inp.weight layout=0)
[MUL_MAT] dst device=0 ptr=0xffffd55e47cac000 (tensor=ffn_moe_logits-0)
[SYCL] weight cache lookup: tensor=0x2112b2c0 name=blk.0.ffn_gate_inp.weight device=0
[SYCL][OP] call ggml_sycl_mul_mat done
[DEBUG-IMPL] Node 37/140: op=47 name=ffn_moe_probs-0
[SYCL] simple consumer routing declined: op=SOFT_MAX dst=ffn_moe_probs-0 local single-device plan ctx=0 target=0
[SYCL][OP] call ggml_sycl_op_soft_max: dst='ffn_moe_probs-0':type=f32;ne=[2, 64, 1, 1];nb=[4, 8, 512, 512]	src0='ffn_moe_logits-0':type=f32;ne=[2, 64, 1, 1];nb=[4, 8, 512, 512]	src1=nullptr
[SYCL][OP] call ggml_sycl_op_soft_max done
[DEBUG-IMPL] Node 38/140: op=36 name=ffn_moe_probs-0 (reshaped)
[DEBUG-IMPL] Node 39/140: op=70 name=ffn_moe_argsort-0
[SYCL] simple consumer routing declined: op=ARGSORT dst=ffn_moe_argsort-0 local single-device plan ctx=0 target=0
[SYCL][OP] call ggml_sycl_argsort: dst='ffn_moe_argsort-0':type=i32;ne=[2, 64, 1, 1];nb=[4, 8, 512, 512]	src0='ffn_moe_probs-0':type=f32;ne=[2, 64, 1, 1];nb=[4, 8, 512, 512]0.02.195.200 E [SYCL][PTR] dst tensor=ffn_moe_argsort-0 data=0x78d428383000 alloc=512 base=0xffffd55e47c9c000 size=524288 end=0xffffd55e47d1c000

[SYCL][OP] call ggml_sycl_argsort done
[DEBUG-IMPL] Node 40/140: op=37 name=ffn_moe_topk-0
[DEBUG-IMPL] Node 41/140: op=40 name=ffn_moe_weights-0
[SYCL][OP] call ggml_sycl_get_rows: dst='ffn_moe_weights-0':type=f32;ne=[1, 1, 64, 1];nb=[4, 4, 4, 256]	src0='ffn_moe_probs-0 (reshaped)':type=f32;ne=[1, 2, 64, 1];nb=[4, 4, 8, 512]	src1='ffn_moe_topk-0':type=i32;ne=[1, 64, 1, 1];nb=[4, 8, 512, 512];strided
0.02.195.229 E [SYCL][PTR] src1 tensor=ffn_moe_topk-0 data=0x78d428383000 alloc=508 base=0xffffd55e47c9c000 size=524288 end=0xffffd55e47d1c000
[SYCL] weight cache lookup: tensor=0x22e0d3f0 name=ffn_moe_probs-0 (reshaped) device=0
[SYCL][OP] call ggml_sycl_get_rows done
[DEBUG-IMPL] Node 42/140: op=36 name=ffn_moe_weights-0 (reshaped)
[DEBUG-IMPL] Node 43/140: op=15 name=ffn_moe_weights_sum-0
[SYCL] simple consumer routing declined: op=SUM_ROWS dst=ffn_moe_weights_sum-0 plan unavailable ctx=0
[SYCL][OP] call ggml_sycl_sum_rows: dst='ffn_moe_weights_sum-0':type=f32;ne=[1, 64, 1, 1];nb=[4, 4, 256, 256]	src0='ffn_moe_weights-0 (reshaped)':type=f32;ne=[1, 64, 1, 1];nb=[4, 4, 256, 256]
[SYCL][OP] call ggml_sycl_sum_rows done
[DEBUG-IMPL] Node 44/140: op=51 name=ffn_moe_weights_sum_clamped-0
[SYCL] simple consumer routing declined: op=CLAMP dst=ffn_moe_weights_sum_clamped-0 plan unavailable ctx=0
[SYCL][OP] call ggml_sycl_clamp: dst='ffn_moe_weights_sum_clamped-0':type=f32;ne=[1, 64, 1, 1];nb=[4, 4, 256, 256]	src0='ffn_moe_weights_sum-0':type=f32;ne=[1, 64, 1, 1];nb=[4, 4, 256, 256]
[SYCL][OP] call ggml_sycl_clamp done
[DEBUG-IMPL] Node 45/140: op=8 name=ffn_moe_weights_norm-0
[SYCL] simple consumer routing declined: op=DIV dst=ffn_moe_weights_norm-0 plan unavailable ctx=0
[SYCL][OP] call ggml_sycl_div: dst='ffn_moe_weights_norm-0':type=f32;ne=[1, 64, 1, 1];nb=[4, 4, 256, 256]	src0='ffn_moe_weights-0 (reshaped)':type=f32;ne=[1, 64, 1, 1];nb=[4, 4, 256, 256]	src1='ffn_moe_weights_sum_clamped-0':type=f32;ne=[1, 64, 1, 1];nb=[4, 4, 256, 256]
[BINBCAST-PTR] src0=ffn_moe_weights-0 (reshaped) src0_host=0xffffd55e47cac400 src0_d=0xffffd55e47cac400
[BINBCAST-PTR] src1=ffn_moe_weights_sum_clamped-0 src1_host=0xffffd55e47cac000 src1_d=0xffffd55e47cac000
[SYCL][OP] call ggml_sycl_div done
[DEBUG-IMPL] Node 46/140: op=36 name=ffn_moe_weights_norm-0 (reshaped)
[DEBUG-IMPL] Node 47/140: op=36 name=ffn_norm-0 (reshaped)
[DEBUG-IMPL] Node 48/140: op=30 name=node_48
[RESOLVE] data_handle empty for weight tensor 'blk.0.ffn_gate_exps.weight' device 0, falling through to cache lookup
[SYCL] weight cache lookup: tensor=0x2112b450 name=blk.0.ffn_gate_exps.weight device=0
[RESOLVE] refusing composite MoE expert tensor materialization for placement-planned 'blk.0.ffn_gate_exps.weight' device 0
[SYCL][OP] call ggml_sycl_mul_mat_id: dst='node_48':type=f32;ne=[384, 1, 64, 1];nb=[4, 1536, 1536, 98304]	src0='blk.0.ffn_gate_exps.weight':type=f32;ne=[256, 384, 2, 1];nb=[4, 1024, 393216, 786432]	src1='ffn_norm-0 (reshaped)':type=f32;ne=[256, 1, 64, 1];nb=[4, 1024, 1024, 65536]	src2='ffn_moe_topk-0':type=i32;ne=[1, 64, 1, 1];nb=[4, 8, 512, 512];strided
[XMX-DEBUG] try_xmx_sorted_moe called: src0->type=0
[XMX-DEBUG] XMX MoE: forced=0 fused_enabled=0 tiled_enabled=1
0.02.195.335 E [XMX-DEBUG] XMX caps: supported=1 int8=1
[XMX MoE] Only Q8_0/MXFP4 supported, got type 0
[XMX-MOE-REJECT] tensor=blk.0.ffn_gate_exps.weight type=f32 device=0 reason=type src0=[256,384,2,1] src1=[256,1,64,1] ids=[1,64,1,1]
[MoE FUSED] Batch 64 > 32, using oneDNN batching
[SYCL][PTR] src2 tensor=ffn_moe_topk-0 data=0x78d428383000 alloc=508 base=0xffffd55e47c9c000 size=524288 end=0xffffd55e47d1c000
[MoE] About to try COALESCED layout
[RESOLVE] data_handle empty for weight tensor 'blk.0.ffn_gate_exps.weight' device 0, falling through to cache lookup
[SYCL] weight cache lookup: tensor=0x2112b450 name=blk.0.ffn_gate_exps.weight device=0
[RESOLVE] refusing composite MoE expert tensor materialization for placement-planned 'blk.0.ffn_gate_exps.weight' device 0
[MoE] Trying MMVQ with layout=2 for blk.0.ffn_gate_exps.weight
[MMVQ-ENTRY] src0=blk.0.ffn_gate_exps.weight type=0 forced_layout=2
[MMVQ] Batch 64 > threshold 32, routing to batched GEMM path
[MoE] MMVQ layout=2 returned false
[MoE] About to try SOA layout
[RESOLVE] data_handle empty for weight tensor 'blk.0.ffn_gate_exps.weight' device 0, falling through to cache lookup
[SYCL] weight cache lookup: tensor=0x2112b450 name=blk.0.ffn_gate_exps.weight device=0
[RESOLVE] refusing composite MoE expert tensor materialization for placement-planned 'blk.0.ffn_gate_exps.weight' device 0
[MoE] Trying MMVQ with layout=1 for blk.0.ffn_gate_exps.weight
[MMVQ-ENTRY] src0=blk.0.ffn_gate_exps.weight type=0 forced_layout=1
[MMVQ] Batch 64 > threshold 32, routing to batched GEMM path
[MoE] MMVQ layout=1 returned false
[MoE] About to try AOS layout
[RESOLVE] data_handle empty for weight tensor 'blk.0.ffn_gate_exps.weight' device 0, falling through to cache lookup
[SYCL] weight cache lookup: tensor=0x2112b450 name=blk.0.ffn_gate_exps.weight device=0
[RESOLVE] refusing composite MoE expert tensor materialization for placement-planned 'blk.0.ffn_gate_exps.weight' device 0
[MoE] Trying MMVQ with layout=0 for blk.0.ffn_gate_exps.weight
[MMVQ-ENTRY] src0=blk.0.ffn_gate_exps.weight type=0 forced_layout=0
[MMVQ] Batch 64 > threshold 32, routing to batched GEMM path
[MoE] MMVQ layout=0 returned false
[MoE] All MMVQ layouts failed, falling back to host routing
[MoE] GPU probe paths did not select type 0; resolving planner-owned MoE route
[MoE-1E] Cached IDs for layer 0 (GATE), 64 elements
[MoE] Using expert cache for blk.0.ffn_gate_exps.weight (layer=1876883677, host_buf=0, ptr_type=3)
[MOE-DISPATCH-LAYOUT] tensor=blk.0.ffn_gate_exps.weight device=0 route_layout=aos src0_layout=aos use_expert_cache=1 placement_planned=1 host_weights=0 plan=1 plan_host=0 has_override=0 ne12=64
[MOE-STAGE] tensor=blk.0.ffn_gate_exps.weight stage=after-dispatch-layout device=0 ne12=64
[MOE-STAGE] tensor=blk.0.ffn_gate_exps.weight stage=after-pointer-table device=0 planned_pp=1
[MOE-STAGE] tensor=blk.0.ffn_gate_exps.weight stage=after-route-diagnostics device=0 planned_pp=1
[MOE-STAGE] tensor=blk.0.ffn_gate_exps.weight stage=before-route-mode device=0 ne12=64 use_cache=1 plan=1 hybrid=1
[MOE-IDS] Staging ids to device (buffer_on_host=0, ptr_usm_type=3)
[MOE-STAGE] tensor=blk.0.ffn_gate_exps.weight stage=pp-rowmap-alloc-begin device=0 rows=64
[UNIFIED-ALLOC] zone alloc: dev=0 zone=4 size=0.0 MB ptr=0xffffd55e67c2c000
[MOE-STAGE] tensor=blk.0.ffn_gate_exps.weight stage=pp-rowmap-copy-begin device=0 rows=64 dst_handle=0
[MOE-STAGE] tensor=blk.0.ffn_gate_exps.weight stage=pp-rowmap-copy-submitted device=0 rows=64
[UNIFIED-ALLOC] zone alloc: dev=0 zone=4 size=0.1 MB ptr=0xffffd55e67c2c200
[UNIFIED-ALLOC] zone alloc: dev=0 zone=4 size=0.1 MB ptr=0xffffd55e67c44200
[MOE-AOS-REQUEST] tensor=blk.0.ffn_gate_exps.weight expert=0 current=0 planned=0 requested=aos reason=device-plan
[DEBUG-MULMAT] ENTER: src0=blk.0.ffn_gate_exps.weight src1=ffn_norm-0 (reshaped) dst=node_48
[SYCL][OP] call ggml_sycl_mul_mat: dst='node_48':type=f32;ne=[384, 50, 1, 1];nb=[4, 1536, 76800, 76800]	src0='blk.0.ffn_gate_exps.weight':type=f32;ne=[256, 384, 2, 1];nb=[4, 1024, 393216, 786432]0.02.195.475 E [SYCL][PTR] dst tensor=node_48 data=0xffffd55e67c2c200 alloc=76800 base=0xffffd55e47c9c000 size=524288 end=0xffffd55e47d1c000
	src1='ffn_norm-0 (reshaped)':type=f32;ne=[256, 1, 64, 1];nb=[4, 1024, 1024, 65536]
[XMXConfig] device=0: M=8 N=16 K_INT8=32 K_FP16=16 SLM=131072 nsm=256 supported=1 int8=1 fp16=1 double_buf=1 max_esimd_wg=64 nbarrier=0 esimd_dpas=1
[MUL_MAT] src0 device=0 ptr=0xffffd556b6645500 (tensor=blk.0.ffn_gate_exps.weight layout=0)
[MUL_MAT] dst device=0 ptr=0xffffd55e67c2c200 (tensor=node_48)
[SYCL][OP] call ggml_sycl_mul_mat done
[MOE-AOS-REQUEST] tensor=blk.0.ffn_gate_exps.weight expert=1 current=0 planned=0 requested=aos reason=device-plan
[DEBUG-MULMAT] ENTER: src0=blk.0.ffn_gate_exps.weight src1=ffn_norm-0 (reshaped) dst=node_48
[SYCL][OP] call ggml_sycl_mul_mat: dst='node_48':type=f32;ne=[384, 14, 1, 1];nb=[4, 1536, 21504, 21504]	src0='blk.0.ffn_gate_exps.weight':type=f32;ne=[256, 384, 2, 1];nb=[4, 1024, 393216, 786432]0.02.195.639 E [SYCL][PTR] dst tensor=node_48 data=0xffffd55e67c3ee00 alloc=21504 base=0xffffd55e47c9c000 size=524288 end=0xffffd55e47d1c000
	src1='ffn_norm-0 (reshaped)':type=f32;ne=[256, 1, 64, 1];nb=[4, 1024, 1024, 65536]
[XMXConfig] device=0: M=8 N=16 K_INT8=32 K_FP16=16 SLM=131072 nsm=256 supported=1 int8=1 fp16=1 double_buf=1 max_esimd_wg=64 nbarrier=0 esimd_dpas=1
[MUL_MAT] src0 device=0 ptr=0xffffd556b66a5500 (tensor=blk.0.ffn_gate_exps.weight layout=0)
[MUL_MAT] dst device=0 ptr=0xffffd55e67c3ee00 (tensor=node_48)
[SYCL][OP] call ggml_sycl_mul_mat done
[SYCL][OP] call ggml_sycl_mul_mat_id done
[DEBUG-IMPL] Node 49/140: op=36 name=blk.0.ffn_gate_exps.scale (reshaped)
[DEBUG-IMPL] Node 50/140: op=20 name=node_50
[SYCL] weight cache lookup: tensor=0x22e0e9d0 name=blk.0.ffn_gate_exps.scale (reshaped) device=0
ggml_sycl_get_data_ptr_slow: tensor=blk.0.ffn_gate_exps.scale (reshaped) view_src chain -> base=blk.0.ffn_gate_exps.scale, base->extra=0x1e09a970, base->data=0x78d2782c46c0, tensor->data=0x78d2782c46c0
ggml_sycl_get_data_ptr_slow: base=blk.0.ffn_gate_exps.scale data=0x78d2782c46c0 ptr_type=3
[SYCL] weight cache lookup: tensor=0x22e0e9d0 name=blk.0.ffn_gate_exps.scale (reshaped) device=0
ggml_sycl_get_data_ptr_slow: tensor=blk.0.ffn_gate_exps.scale (reshaped), device=0, staging FAILED for non-device (type=0), using tensor->data=0x78d2782c46c0
ggml_sycl_get_data_ptr_slow: tensor=blk.0.ffn_gate_exps.scale (reshaped), device=0, using tensor->data=0x78d2782c46c0
[RESOLVE] data_handle empty for weight tensor 'blk.0.ffn_gate_exps.scale' device 0, falling through to cache lookup
[SYCL] weight cache lookup: tensor=0x2112d6b0 name=blk.0.ffn_gate_exps.scale device=0
[SYCL] weight cache lookup: tensor=0x2112d6b0 name=blk.0.ffn_gate_exps.scale device=0
ggml_sycl_get_data_ptr_slow: tensor=blk.0.ffn_gate_exps.scale, device=0, staging FAILED for non-device (type=0), using tensor->data=0x78d2782c46c0
ggml_sycl_get_data_ptr_slow: tensor=blk.0.ffn_gate_exps.scale, device=0, using tensor->data=0x78d2782c46c0
[SYCL] simple consumer routing declined: op=REPEAT dst=node_50 plan unavailable ctx=0
[SYCL][OP] call ggml_sycl_repeat: dst='node_50':type=f32;ne=[1, 2, 64, 1];nb=[4, 4, 8, 512]	src0='blk.0.ffn_gate_exps.scale (reshaped)':type=f32;ne=[1, 2, 1, 1];nb=[4, 4, 8, 8]
[SYCL] weight cache lookup: tensor=0x22e0e9d0 name=blk.0.ffn_gate_exps.scale (reshaped) device=0
[SYCL] weight cache lookup: tensor=0x22e0e9d0 name=blk.0.ffn_gate_exps.scale (reshaped) device=0
0.02.195.801 E [UNIFIED-CACHE] planned-mode runtime materialization rejected op=direct_stage_weight caller=direct_stage_weight model=0 name_hash=0x5c5ab6125ec1b4e2 aux=270 type=0 ne=[1,2,1,1] layout=0 graph_active=1
[SYCL-BINBCAST] staging raw host tensor=blk.0.ffn_gate_exps.scale (reshaped) bytes=8 device=0 src=0x78d2782c46c0 dst=0xffffe38f1ae00000
[BINBCAST-PTR] src0=node_50 src0_host=0xffffd55e47cac400 src0_d=0xffffd55e47cac400
[BINBCAST-PTR] src1=blk.0.ffn_gate_exps.scale (reshaped) src1_host=0x78d2782c46c0 src1_d=0xffffe38f1ae00000
[SYCL][OP] call ggml_sycl_repeat done
[DEBUG-IMPL] Node 51/140: op=40 name=node_51
[SYCL][OP] call ggml_sycl_get_rows: dst='node_51':type=f32;ne=[1, 1, 64, 1];nb=[4, 4, 4, 256]	src0='node_50':type=f32;ne=[1, 2, 64, 1];nb=[4, 4, 8, 512]	src1='ffn_moe_topk-0':type=i32;ne=[1, 64, 1, 1];nb=[4, 8, 512, 512];strided
[SYCL] weight cache lookup: tensor=0x22e0eb60 name=node_50 device=0
0.02.195.854 E [SYCL][PTR] src1 tensor=ffn_moe_topk-0 data=0x78d428383000 alloc=508 base=0xffffd55e47c9c000 size=524288 end=0xffffd55e47d1c000
[SYCL][OP] call ggml_sycl_get_rows done
[DEBUG-IMPL] Node 52/140: op=7 name=ffn_moe_gate_scaled-0
[SYCL] simple consumer routing declined: op=MUL dst=ffn_moe_gate_scaled-0 local single-device plan ctx=0 target=0
[SYCL][OP] call ggml_sycl_mul: dst='ffn_moe_gate_scaled-0':type=f32;ne=[384, 1, 64, 1];nb=[4, 1536, 1536, 98304]	src0='node_48':type=f32;ne=[384, 1, 64, 1];nb=[4, 1536, 1536, 98304]	src1='node_51':type=f32;ne=[1, 1, 64, 1];nb=[4, 4, 4, 256]
[BINBCAST-PTR] src0=node_48 src0_host=0xffffd55e47cd4000 src0_d=0xffffd55e47cd4000
[BINBCAST-PTR] src1=node_51 src1_host=0xffffd55e47cac000 src1_d=0xffffd55e47cac000
[SYCL][OP] call ggml_sycl_mul done
[DEBUG-IMPL] Node 53/140: op=30 name=node_53
[RESOLVE] data_handle empty for weight tensor 'blk.0.ffn_up_exps.weight' device 0, falling through to cache lookup
[SYCL] weight cache lookup: tensor=0x2112b770 name=blk.0.ffn_up_exps.weight device=0
[RESOLVE] refusing composite MoE expert tensor materialization for placement-planned 'blk.0.ffn_up_exps.weight' device 0
[SYCL][OP] call ggml_sycl_mul_mat_id: dst='node_53':type=f32;ne=[384, 1, 64, 1];nb=[4, 1536, 1536, 98304]	src0='blk.0.ffn_up_exps.weight':type=f32;ne=[256, 384, 2, 1];nb=[4, 1024, 393216, 786432]	src1='ffn_norm-0 (reshaped)':type=f32;ne=[256, 1, 64, 1];nb=[4, 1024, 1024, 65536]	src2='ffn_moe_topk-0':type=i32;ne=[1, 64, 1, 1];nb=[4, 8, 512, 512];strided
0.02.195.914 E [SYCL][PTR] src2 tensor=ffn_moe_topk-0 data=0x78d428383000 alloc=508 base=0xffffd55e47c9c000 size=524288 end=0xffffd55e47d1c000
[XMX-DEBUG] try_xmx_sorted_moe called: src0->type=0
[XMX-DEBUG] XMX MoE: forced=0 fused_enabled=0 tiled_enabled=1
[XMX-DEBUG] XMX caps: supported=1 int8=1
[XMX MoE] Only Q8_0/MXFP4 supported, got type 0
[XMX-MOE-REJECT] tensor=blk.0.ffn_up_exps.weight type=f32 device=0 reason=type src0=[256,384,2,1] src1=[256,1,64,1] ids=[1,64,1,1]
[MoE FUSED] Batch 64 > 32, using oneDNN batching
[MoE] About to try COALESCED layout
[RESOLVE] data_handle empty for weight tensor 'blk.0.ffn_up_exps.weight' device 0, falling through to cache lookup
[SYCL] weight cache lookup: tensor=0x2112b770 name=blk.0.ffn_up_exps.weight device=0
[RESOLVE] refusing composite MoE expert tensor materialization for placement-planned 'blk.0.ffn_up_exps.weight' device 0
[MoE] Trying MMVQ with layout=2 for blk.0.ffn_up_exps.weight
[MMVQ-ENTRY] src0=blk.0.ffn_up_exps.weight type=0 forced_layout=2
[MMVQ] Batch 64 > threshold 32, routing to batched GEMM path
[MoE] MMVQ layout=2 returned false
[MoE] About to try SOA layout
[RESOLVE] data_handle empty for weight tensor 'blk.0.ffn_up_exps.weight' device 0, falling through to cache lookup
[SYCL] weight cache lookup: tensor=0x2112b770 name=blk.0.ffn_up_exps.weight device=0
[RESOLVE] refusing composite MoE expert tensor materialization for placement-planned 'blk.0.ffn_up_exps.weight' device 0
[MoE] Trying MMVQ with layout=1 for blk.0.ffn_up_exps.weight
[MMVQ-ENTRY] src0=blk.0.ffn_up_exps.weight type=0 forced_layout=1
[MMVQ] Batch 64 > threshold 32, routing to batched GEMM path
[MoE] MMVQ layout=1 returned false
[MoE] About to try AOS layout
[RESOLVE] data_handle empty for weight tensor 'blk.0.ffn_up_exps.weight' device 0, falling through to cache lookup
[SYCL] weight cache lookup: tensor=0x2112b770 name=blk.0.ffn_up_exps.weight device=0
[RESOLVE] refusing composite MoE expert tensor materialization for placement-planned 'blk.0.ffn_up_exps.weight' device 0
[MoE] Trying MMVQ with layout=0 for blk.0.ffn_up_exps.weight
[MMVQ-ENTRY] src0=blk.0.ffn_up_exps.weight type=0 forced_layout=0
[MMVQ] Batch 64 > threshold 32, routing to batched GEMM path
[MoE] MMVQ layout=0 returned false
[MoE] All MMVQ layouts failed, falling back to host routing
[MoE] GPU probe paths did not select type 0; resolving planner-owned MoE route
[MoE-1E] Reusing cached IDs for layer 0 (blk.0.ffn_up_exps.weight), 64 elements
[MoE] Using expert cache for blk.0.ffn_up_exps.weight (layer=559450555, host_buf=0, ptr_type=3)
[MOE-DISPATCH-LAYOUT] tensor=blk.0.ffn_up_exps.weight device=0 route_layout=aos src0_layout=aos use_expert_cache=1 placement_planned=1 host_weights=0 plan=1 plan_host=0 has_override=0 ne12=64
[MOE-STAGE] tensor=blk.0.ffn_up_exps.weight stage=after-dispatch-layout device=0 ne12=64
[MOE-STAGE] tensor=blk.0.ffn_up_exps.weight stage=after-pointer-table device=0 planned_pp=1
[MOE-STAGE] tensor=blk.0.ffn_up_exps.weight stage=after-route-diagnostics device=0 planned_pp=1
[MOE-STAGE] tensor=blk.0.ffn_up_exps.weight stage=before-route-mode device=0 ne12=64 use_cache=1 plan=1 hybrid=1
[MOE-IDS] Staging ids to device (buffer_on_host=0, ptr_usm_type=3)
[MOE-STAGE] tensor=blk.0.ffn_up_exps.weight stage=pp-rowmap-alloc-begin device=0 rows=64
[UNIFIED-ALLOC] zone alloc: dev=0 zone=4 size=0.0 MB ptr=0xffffd55e67c2c000
[MOE-STAGE] tensor=blk.0.ffn_up_exps.weight stage=pp-rowmap-copy-begin device=0 rows=64 dst_handle=0
[MOE-STAGE] tensor=blk.0.ffn_up_exps.weight stage=pp-rowmap-copy-submitted device=0 rows=64
[UNIFIED-ALLOC] zone alloc: dev=0 zone=4 size=0.1 MB ptr=0xffffd55e67c2c200
[UNIFIED-ALLOC] zone alloc: dev=0 zone=4 size=0.1 MB ptr=0xffffd55e67c44200
[MOE-AOS-REQUEST] tensor=blk.0.ffn_up_exps.weight expert=0 current=0 planned=0 requested=aos reason=device-plan
[DEBUG-MULMAT] ENTER: src0=blk.0.ffn_up_exps.weight src1=ffn_norm-0 (reshaped) dst=node_53
[SYCL][OP] call ggml_sycl_mul_mat: dst='node_53':type=f32;ne=[384, 50, 1, 1];nb=[4, 1536, 76800, 76800]	src0='blk.0.ffn_up_exps.weight':type=f32;ne=[256, 384, 2, 1];nb=[4, 1024, 393216, 786432]	src1='ffn_norm-0 (reshaped)':type=f32;ne=[256, 1, 64, 1];nb=[4, 1024, 1024, 65536]
0.02.196.019 E [SYCL][PTR] dst tensor=node_53 data=0xffffd55e67c2c200 alloc=76800 base=0xffffd55e47c9c000 size=524288 end=0xffffd55e47d1c000
[XMXConfig] device=0: M=8 N=16 K_INT8=32 K_FP16=16 SLM=131072 nsm=256 supported=1 int8=1 fp16=1 double_buf=1 max_esimd_wg=64 nbarrier=0 esimd_dpas=1
[MUL_MAT] src0 device=0 ptr=0xffffd556b6705500 (tensor=blk.0.ffn_up_exps.weight layout=0)
[MUL_MAT] dst device=0 ptr=0xffffd55e67c2c200 (tensor=node_53)
[SYCL][OP] call ggml_sycl_mul_mat done
[MOE-AOS-REQUEST] tensor=blk.0.ffn_up_exps.weight expert=1 current=0 planned=0 requested=aos reason=device-plan
[DEBUG-MULMAT] ENTER: src0=blk.0.ffn_up_exps.weight src1=ffn_norm-0 (reshaped) dst=node_53
[SYCL][OP] call ggml_sycl_mul_mat: dst='node_53':type=f32;ne=[384, 14, 1, 1];nb=[4, 1536, 21504, 21504]	src0='blk.0.ffn_up_exps.weight':type=f32;ne=[256, 384, 2, 1];nb=[4, 1024, 393216, 786432]	src1='ffn_norm-0 (reshaped)':type=f32;ne=[256, 1, 64, 1];nb=[4, 1024, 1024, 65536]0.02.196.090 E [SYCL][PTR] dst tensor=node_53 data=0xffffd55e67c3ee00 alloc=21504 base=0xffffd55e47c9c000 size=524288 end=0xffffd55e47d1c000

[XMXConfig] device=0: M=8 N=16 K_INT8=32 K_FP16=16 SLM=131072 nsm=256 supported=1 int8=1 fp16=1 double_buf=1 max_esimd_wg=64 nbarrier=0 esimd_dpas=1
[MUL_MAT] src0 device=0 ptr=0xffffd556b6765500 (tensor=blk.0.ffn_up_exps.weight layout=0)
[MUL_MAT] dst device=0 ptr=0xffffd55e67c3ee00 (tensor=node_53)
[SYCL][OP] call ggml_sycl_mul_mat done
[SYCL][OP] call ggml_sycl_mul_mat_id done
[DEBUG-IMPL] Node 54/140: op=36 name=blk.0.ffn_up_exps.scale (reshaped)
[DEBUG-IMPL] Node 55/140: op=20 name=node_55
[SYCL] weight cache lookup: tensor=0x22e0e200 name=blk.0.ffn_up_exps.scale (reshaped) device=0
ggml_sycl_get_data_ptr_slow: tensor=blk.0.ffn_up_exps.scale (reshaped) view_src chain -> base=blk.0.ffn_up_exps.scale, base->extra=0x219fc0e0, base->data=0x78d2782c4700, tensor->data=0x78d2782c4700
ggml_sycl_get_data_ptr_slow: base=blk.0.ffn_up_exps.scale data=0x78d2782c4700 ptr_type=3
[SYCL] weight cache lookup: tensor=0x22e0e200 name=blk.0.ffn_up_exps.scale (reshaped) device=0
ggml_sycl_get_data_ptr_slow: tensor=blk.0.ffn_up_exps.scale (reshaped), device=0, staging FAILED for non-device (type=0), using tensor->data=0x78d2782c4700
ggml_sycl_get_data_ptr_slow: tensor=blk.0.ffn_up_exps.scale (reshaped), device=0, using tensor->data=0x78d2782c4700
[RESOLVE] data_handle empty for weight tensor 'blk.0.ffn_up_exps.scale' device 0, falling through to cache lookup
[SYCL] weight cache lookup: tensor=0x2112d9d0 name=blk.0.ffn_up_exps.scale device=0
[SYCL] weight cache lookup: tensor=0x2112d9d0 name=blk.0.ffn_up_exps.scale device=0
ggml_sycl_get_data_ptr_slow: tensor=blk.0.ffn_up_exps.scale, device=0, staging FAILED for non-device (type=0), using tensor->data=0x78d2782c4700
ggml_sycl_get_data_ptr_slow: tensor=blk.0.ffn_up_exps.scale, device=0, using tensor->data=0x78d2782c4700
[SYCL] simple consumer routing declined: op=REPEAT dst=node_55 plan unavailable ctx=0
[SYCL][OP] call ggml_sycl_repeat: dst='node_55':type=f32;ne=[1, 2, 64, 1];nb=[4, 4, 8, 512]	src0='blk.0.ffn_up_exps.scale (reshaped)':type=f32;ne=[1, 2, 1, 1];nb=[4, 4, 8, 8]
[SYCL] weight cache lookup: tensor=0x22e0e200 name=blk.0.ffn_up_exps.scale (reshaped) device=0
[SYCL] weight cache lookup: tensor=0x22e0e200 name=blk.0.ffn_up_exps.scale (reshaped) device=0
0.02.196.196 E [UNIFIED-CACHE] planned-mode runtime materialization rejected op=direct_stage_weight caller=direct_stage_weight model=0 name_hash=0xe55e3ca93cf2a5d1 aux=275 type=0 ne=[1,2,1,1] layout=0 graph_active=1
[SYCL-BINBCAST] staging raw host tensor=blk.0.ffn_up_exps.scale (reshaped) bytes=8 device=0 src=0x78d2782c4700 dst=0xffffe38f1ae00000
[BINBCAST-PTR] src0=node_55 src0_host=0xffffd55e47c9c000 src0_d=0xffffd55e47c9c000
[BINBCAST-PTR] src1=blk.0.ffn_up_exps.scale (reshaped) src1_host=0x78d2782c4700 src1_d=0xffffe38f1ae00000
[SYCL][OP] call ggml_sycl_repeat done
[DEBUG-IMPL] Node 56/140: op=40 name=node_56
[SYCL][OP] call ggml_sycl_get_rows: dst='node_56':type=f32;ne=[1, 1, 64, 1];nb=[4, 4, 4, 256]	src0='node_55':type=f32;ne=[1, 2, 64, 1];nb=[4, 4, 8, 512]	src1='ffn_moe_topk-0':type=i32;ne=[1, 64, 1, 1];nb=[4, 8, 512, 512];strided
[SYCL] weight cache lookup: tensor=0x22e0e390 name=node_55 device=0
0.02.196.243 E [SYCL][PTR] src1 tensor=ffn_moe_topk-0 data=0x78d428383000 alloc=508 base=0xffffd55e47c9c000 size=524288 end=0xffffd55e47d1c000
[SYCL][OP] call ggml_sycl_get_rows done
[DEBUG-IMPL] Node 57/140: op=7 name=ffn_moe_up_scaled-0
[SYCL] simple consumer routing declined: op=MUL dst=ffn_moe_up_scaled-0 local single-device plan ctx=0 target=0
[SYCL][OP] call ggml_sycl_mul: dst='ffn_moe_up_scaled-0':type=f32;ne=[384, 1, 64, 1];nb=[4, 1536, 1536, 98304]	src0='node_53':type=f32;ne=[384, 1, 64, 1];nb=[4, 1536, 1536, 98304]	src1='node_56':type=f32;ne=[1, 1, 64, 1];nb=[4, 4, 4, 256]
[BINBCAST-PTR] src0=node_53 src0_host=0xffffd55e47cec000 src0_d=0xffffd55e47cec000
[BINBCAST-PTR] src1=node_56 src1_host=0xffffd55e47c9c200 src1_d=0xffffd55e47c9c200
[SYCL][OP] call ggml_sycl_mul done
[DEBUG-IMPL] Node 58/140: op=97 name=ffn_moe_swiglu-0
[SYCL] simple consumer routing declined: op=GLU dst=ffn_moe_swiglu-0 local single-device plan ctx=0 target=0
[SYCL][OP] call ggml_sycl_swiglu: dst='ffn_moe_swiglu-0':type=f32;ne=[384, 1, 64, 1];nb=[4, 1536, 1536, 98304]	src0='ffn_moe_gate_scaled-0':type=f32;ne=[384, 1, 64, 1];nb=[4, 1536, 1536, 98304]
[SYCL][OP] call ggml_sycl_swiglu done
[DEBUG-IMPL] Node 59/140: op=30 name=node_59
[RESOLVE] data_handle empty for weight tensor 'blk.0.ffn_down_exps.weight' device 0, falling through to cache lookup
[SYCL] weight cache lookup: tensor=0x2112b5e0 name=blk.0.ffn_down_exps.weight device=0
[RESOLVE] refusing composite MoE expert tensor materialization for placement-planned 'blk.0.ffn_down_exps.weight' device 0
[SYCL][OP] call ggml_sycl_mul_mat_id: dst='node_59':type=f32;ne=[256, 1, 64, 1];nb=[4, 1024, 1024, 65536]	src0='blk.0.ffn_down_exps.weight':type=f32;ne=[384, 256, 2, 1];nb=[4, 1536, 393216, 786432]	src1='ffn_moe_swiglu-0':type=f32;ne=[384, 1, 64, 1];nb=[4, 1536, 1536, 98304]	src2='ffn_moe_topk-0':type=i32;ne=[1, 64, 1, 1];nb=[4, 8, 512, 512];strided
[XMX-DEBUG] try_xmx_sorted_moe called: src0->type=0
[XMX-DEBUG] XMX MoE: forced=0 fused_enabled=0 tiled_enabled=1
[XMX-DEBUG] XMX caps: supported=1 int8=1
[XMX MoE] Only Q8_0/MXFP4 supported, got type 0
[XMX-MOE-REJECT] tensor=blk.0.ffn_down_exps.weight type=f32 device=0 reason=type src0=[384,256,2,1] src1=[384,1,64,1] ids=[1,64,1,1]
0.02.196.317 E [SYCL][PTR] src2 tensor=ffn_moe_topk-0 data=0x78d428383000 alloc=508 base=0xffffd55e47c9c000 size=524288 end=0xffffd55e47d1c000
[MoE FUSED] Batch 64 > 32, using oneDNN batching
[MoE] About to try COALESCED layout
[RESOLVE] data_handle empty for weight tensor 'blk.0.ffn_down_exps.weight' device 0, falling through to cache lookup
[SYCL] weight cache lookup: tensor=0x2112b5e0 name=blk.0.ffn_down_exps.weight device=0
[RESOLVE] refusing composite MoE expert tensor materialization for placement-planned 'blk.0.ffn_down_exps.weight' device 0
[MoE] Trying MMVQ with layout=2 for blk.0.ffn_down_exps.weight
[MMVQ-ENTRY] src0=blk.0.ffn_down_exps.weight type=0 forced_layout=2
[MMVQ] Batch 64 > threshold 32, routing to batched GEMM path
[MoE] MMVQ layout=2 returned false
[MoE] About to try SOA layout
[RESOLVE] data_handle empty for weight tensor 'blk.0.ffn_down_exps.weight' device 0, falling through to cache lookup
[SYCL] weight cache lookup: tensor=0x2112b5e0 name=blk.0.ffn_down_exps.weight device=0
[RESOLVE] refusing composite MoE expert tensor materialization for placement-planned 'blk.0.ffn_down_exps.weight' device 0
[MoE] Trying MMVQ with layout=1 for blk.0.ffn_down_exps.weight
[MMVQ-ENTRY] src0=blk.0.ffn_down_exps.weight type=0 forced_layout=1
[MMVQ] Batch 64 > threshold 32, routing to batched GEMM path
[MoE] MMVQ layout=1 returned false
[MoE] About to try AOS layout
[RESOLVE] data_handle empty for weight tensor 'blk.0.ffn_down_exps.weight' device 0, falling through to cache lookup
[SYCL] weight cache lookup: tensor=0x2112b5e0 name=blk.0.ffn_down_exps.weight device=0
[RESOLVE] refusing composite MoE expert tensor materialization for placement-planned 'blk.0.ffn_down_exps.weight' device 0
[MoE] Trying MMVQ with layout=0 for blk.0.ffn_down_exps.weight
[MMVQ-ENTRY] src0=blk.0.ffn_down_exps.weight type=0 forced_layout=0
[MMVQ] Batch 64 > threshold 32, routing to batched GEMM path
[MoE] MMVQ layout=0 returned false
[MoE] All MMVQ layouts failed, falling back to host routing
[MoE] GPU probe paths did not select type 0; resolving planner-owned MoE route
[MoE-1E] Reusing cached IDs for layer 0 (blk.0.ffn_down_exps.weight), 64 elements
[MoE] Using expert cache for blk.0.ffn_down_exps.weight (layer=1637998062, host_buf=0, ptr_type=3)
[MOE-DISPATCH-LAYOUT] tensor=blk.0.ffn_down_exps.weight device=0 route_layout=aos src0_layout=aos use_expert_cache=1 placement_planned=1 host_weights=0 plan=1 plan_host=0 has_override=0 ne12=64
[MOE-STAGE] tensor=blk.0.ffn_down_exps.weight stage=after-dispatch-layout device=0 ne12=64
[MOE-STAGE] tensor=blk.0.ffn_down_exps.weight stage=after-pointer-table device=0 planned_pp=1
[MOE-STAGE] tensor=blk.0.ffn_down_exps.weight stage=after-route-diagnostics device=0 planned_pp=1
[MOE-STAGE] tensor=blk.0.ffn_down_exps.weight stage=before-route-mode device=0 ne12=64 use_cache=1 plan=1 hybrid=1
[MOE-IDS] Staging ids to device (buffer_on_host=0, ptr_usm_type=3)
[MOE-STAGE] tensor=blk.0.ffn_down_exps.weight stage=pp-rowmap-alloc-begin device=0 rows=64
[UNIFIED-ALLOC] zone alloc: dev=0 zone=4 size=0.0 MB ptr=0xffffd55e67c2c000
[MOE-STAGE] tensor=blk.0.ffn_down_exps.weight stage=pp-rowmap-copy-begin device=0 rows=64 dst_handle=0
[MOE-STAGE] tensor=blk.0.ffn_down_exps.weight stage=pp-rowmap-copy-submitted device=0 rows=64
[UNIFIED-ALLOC] zone alloc: dev=0 zone=4 size=0.1 MB ptr=0xffffd55e67c2c200
[UNIFIED-ALLOC] zone alloc: dev=0 zone=4 size=0.1 MB ptr=0xffffd55e67c3c200
[MOE-AOS-REQUEST] tensor=blk.0.ffn_down_exps.weight expert=0 current=0 planned=0 requested=aos reason=device-plan
[DEBUG-MULMAT] ENTER: src0=blk.0.ffn_down_exps.weight src1=ffn_moe_swiglu-0 dst=node_59
[SYCL][OP] call ggml_sycl_mul_mat: dst='node_59':type=f32;ne=[256, 50, 1, 1];nb=[4, 1024, 51200, 51200]	src0='blk.0.ffn_down_exps.weight':type=f32;ne=[384, 256, 2, 1];nb=[4, 1536, 393216, 786432]	src1='ffn_moe_swiglu-0':type=f32;ne=[384, 1, 64, 1];nb=[4, 1536, 1536, 98304]
0.02.196.401 E [SYCL][PTR] dst tensor=node_59 data=0xffffd55e67c2c200 alloc=51200 base=0xffffd55e47c9c000 size=524288 end=0xffffd55e47d1c000
[XMXConfig] device=0: M=8 N=16 K_INT8=32 K_FP16=16 SLM=131072 nsm=256 supported=1 int8=1 fp16=1 double_buf=1 max_esimd_wg=64 nbarrier=0 esimd_dpas=1
[MUL_MAT] src0 device=0 ptr=0xffffd556b67c5500 (tensor=blk.0.ffn_down_exps.weight layout=0)
[MUL_MAT] dst device=0 ptr=0xffffd55e67c2c200 (tensor=node_59)
[SYCL][OP] call ggml_sycl_mul_mat done
[MOE-AOS-REQUEST] tensor=blk.0.ffn_down_exps.weight expert=1 current=0 planned=0 requested=aos reason=device-plan
[DEBUG-MULMAT] ENTER: src0=blk.0.ffn_down_exps.weight src1=ffn_moe_swiglu-0 dst=node_59
[SYCL][OP] call ggml_sycl_mul_mat: dst='node_59':type=f32;ne=[256, 14, 1, 1];nb=[4, 1024, 14336, 14336]	src0='blk.0.ffn_down_exps.weight':type=f32;ne=[384, 256, 2, 1];nb=[4, 1536, 393216, 786432]	src1='ffn_moe_swiglu-0':type=f32;ne=[384, 1, 64, 1];nb=[4, 1536, 1536, 98304]
0.02.196.543 E [SYCL][PTR] dst tensor=node_59 data=0xffffd55e67c38a00 alloc=14336 base=0xffffd55e47c9c000 size=524288 end=0xffffd55e47d1c000
[XMXConfig] device=0: M=8 N=16 K_INT8=32 K_FP16=16 SLM=131072 nsm=256 supported=1 int8=1 fp16=1 double_buf=1 max_esimd_wg=64 nbarrier=0 esimd_dpas=1
[MUL_MAT] src0 device=0 ptr=0xffffd556b6825500 (tensor=blk.0.ffn_down_exps.weight layout=0)
[MUL_MAT] dst device=0 ptr=0xffffd55e67c38a00 (tensor=node_59)
[SYCL][OP] call ggml_sycl_mul_mat done
[SYCL][OP] call ggml_sycl_mul_mat_id done
[DEBUG-IMPL] Node 60/140: op=36 name=blk.0.ffn_down_exps.scale (reshaped)
[DEBUG-IMPL] Node 61/140: op=20 name=node_61
[SYCL] weight cache lookup: tensor=0x22e0f330 name=blk.0.ffn_down_exps.scale (reshaped) device=0
ggml_sycl_get_data_ptr_slow: tensor=blk.0.ffn_down_exps.scale (reshaped) view_src chain -> base=blk.0.ffn_down_exps.scale, base->extra=0x1e0b7c40, base->data=0x78d2782c46e0, tensor->data=0x78d2782c46e0
ggml_sycl_get_data_ptr_slow: base=blk.0.ffn_down_exps.scale data=0x78d2782c46e0 ptr_type=3
[SYCL] weight cache lookup: tensor=0x22e0f330 name=blk.0.ffn_down_exps.scale (reshaped) device=0
ggml_sycl_get_data_ptr_slow: tensor=blk.0.ffn_down_exps.scale (reshaped), device=0, staging FAILED for non-device (type=0), using tensor->data=0x78d2782c46e0
ggml_sycl_get_data_ptr_slow: tensor=blk.0.ffn_down_exps.scale (reshaped), device=0, using tensor->data=0x78d2782c46e0
[RESOLVE] data_handle empty for weight tensor 'blk.0.ffn_down_exps.scale' device 0, falling through to cache lookup
[SYCL] weight cache lookup: tensor=0x2112d840 name=blk.0.ffn_down_exps.scale device=0
[SYCL] weight cache lookup: tensor=0x2112d840 name=blk.0.ffn_down_exps.scale device=0
ggml_sycl_get_data_ptr_slow: tensor=blk.0.ffn_down_exps.scale, device=0, staging FAILED for non-device (type=0), using tensor->data=0x78d2782c46e0
ggml_sycl_get_data_ptr_slow: tensor=blk.0.ffn_down_exps.scale, device=0, using tensor->data=0x78d2782c46e0
[SYCL] simple consumer routing declined: op=REPEAT dst=node_61 plan unavailable ctx=0
[SYCL][OP] call ggml_sycl_repeat: dst='node_61':type=f32;ne=[1, 2, 64, 1];nb=[4, 4, 8, 512]	src0='blk.0.ffn_down_exps.scale (reshaped)':type=f32;ne=[1, 2, 1, 1];nb=[4, 4, 8, 8]
[SYCL] weight cache lookup: tensor=0x22e0f330 name=blk.0.ffn_down_exps.scale (reshaped) device=0
[SYCL] weight cache lookup: tensor=0x22e0f330 name=blk.0.ffn_down_exps.scale (reshaped) device=0
[SYCL-BINBCAST] staging raw host tensor=blk.0.ffn_down_exps.scale (reshaped) bytes=8 device=0 src=0x78d2782c46e0 dst=0xffffe38f1ae00000
0.02.196.707 E [UNIFIED-CACHE] planned-mode runtime materialization rejected op=direct_stage_weight caller=direct_stage_weight model=0 name_hash=0x2c2c03c5845a4428 aux=280 type=0 ne=[1,2,1,1] layout=0 graph_active=1
[BINBCAST-PTR] src0=node_61 src0_host=0xffffd55e47cac400 src0_d=0xffffd55e47cac400
[BINBCAST-PTR] src1=blk.0.ffn_down_exps.scale (reshaped) src1_host=0x78d2782c46e0 src1_d=0xffffe38f1ae00000
[SYCL][OP] call ggml_sycl_repeat done
[DEBUG-IMPL] Node 62/140: op=40 name=node_62
[SYCL][OP] call ggml_sycl_get_rows: dst='node_62':type=f32;ne=[1, 1, 64, 1];nb=[4, 4, 4, 256]	src0='node_61':type=f32;ne=[1, 2, 64, 1];nb=[4, 4, 8, 512]	src1='ffn_moe_topk-0':type=i32;ne=[1, 64, 1, 1];nb=[4, 8, 512, 512];strided
0.02.196.756 E [SYCL][PTR] src1 tensor=ffn_moe_topk-0 data=0x78d428383000 alloc=508 base=0xffffd55e47c9c000 size=524288 end=0xffffd55e47d1c000
[SYCL] weight cache lookup: tensor=0x22e0f4c0 name=node_61 device=0
[SYCL][OP] call ggml_sycl_get_rows done
[DEBUG-IMPL] Node 63/140: op=7 name=ffn_moe_down_scaled-0
[SYCL] simple consumer routing declined: op=MUL dst=ffn_moe_down_scaled-0 local single-device plan ctx=0 target=0
[SYCL][OP] call ggml_sycl_mul: dst='ffn_moe_down_scaled-0':type=f32;ne=[256, 1, 64, 1];nb=[4, 1024, 1024, 65536]	src0='node_59':type=f32;ne=[256, 1, 64, 1];nb=[4, 1024, 1024, 65536]	src1='node_62':type=f32;ne=[1, 1, 64, 1];nb=[4, 4, 4, 256]
[BINBCAST-PTR] src0=node_59 src0_host=0xffffd55e47c9c000 src0_d=0xffffd55e47c9c000
[BINBCAST-PTR] src1=node_62 src1_host=0xffffd55e47cac000 src1_d=0xffffd55e47cac000
[SYCL][OP] call ggml_sycl_mul done
[DEBUG-IMPL] Node 64/140: op=7 name=ffn_moe_weighted-0
[SYCL] simple consumer routing declined: op=MUL dst=ffn_moe_weighted-0 local single-device plan ctx=0 target=0
[SYCL][OP] call ggml_sycl_mul: dst='ffn_moe_weighted-0':type=f32;ne=[256, 1, 64, 1];nb=[4, 1024, 1024, 65536]	src0='ffn_moe_down_scaled-0':type=f32;ne=[256, 1, 64, 1];nb=[4, 1024, 1024, 65536]	src1='ffn_moe_weights_norm-0 (reshaped)':type=f32;ne=[1, 1, 64, 1];nb=[4, 4, 4, 256]
[BINBCAST-PTR] src0=ffn_moe_down_scaled-0 src0_host=0xffffd55e47c9c000 src0_d=0xffffd55e47c9c000
[BINBCAST-PTR] src1=ffn_moe_weights_norm-0 (reshaped) src1_host=0xffffd55e47cac100 src1_d=0xffffd55e47cac100
[SYCL][OP] call ggml_sycl_mul done
[DEBUG-IMPL] Node 65/140: op=37 name=ffn_moe_weighted-0 (view)
[DEBUG-IMPL] Node 66/140: op=35 name=ffn_moe_out-0
[SYCL] simple consumer routing declined: op=CONT dst=ffn_moe_out-0 local single-device plan ctx=0 target=0
[SYCL][OP] call ggml_sycl_dup: dst='ffn_moe_out-0':type=f32;ne=[256, 64, 1, 1];nb=[4, 1024, 65536, 65536]	src0='ffn_moe_weighted-0 (view)':type=f32;ne=[256, 64, 1, 1];nb=[4, 1024, 65536, 65536]
[SYCL][OP] call ggml_sycl_cpy: dst='ffn_moe_out-0':type=f32;ne=[256, 64, 1, 1];nb=[4, 1024, 65536, 65536]	src0='ffn_moe_weighted-0 (view)':type=f32;ne=[256, 64, 1, 1];nb=[4, 1024, 65536, 65536]
[CPY] device=0 main_stream=0x1d26bec0 tp_queue=(nil) (match=0)
[CPY DEBUG] device=0 src0=ffn_moe_weighted-0 (view)(0xffffd55e47c9c000, usm=1) -> src1=ffn_moe_out-0(0xffffd55e47cac000, usm=1) size=65536
[CPY STAGING CHECK] device=0 needs_staging=0 src0_type=1 dst_is_device=1
[CPY device=0] memcpy path: 0xffffd55e47c9c000 -> 0xffffd55e47cac000 (65536 bytes)
[CPY device=0] memcpy submitted
[SYCL][OP] call ggml_sycl_cpy done
[SYCL][OP] call ggml_sycl_dup done
[DEBUG-IMPL] Node 67/140: op=2 name=l_out-0
[DEBUG-IMPL] Node 69/140: op=7 name=attn_norm-1
[SYCL] simple consumer routing declined: op=MUL dst=attn_norm-1 local single-device plan ctx=0 target=0
[SYCL][OP] call ggml_sycl_mul: dst='attn_norm-1':type=f32;ne=[256, 64, 1, 1];nb=[4, 1024, 65536, 65536]	src0='norm-1':type=f32;ne=[256, 64, 1, 1];nb=[4, 1024, 65536, 65536]	src1='blk.1.attn_norm.weight':type=f32;ne=[256, 1, 1, 1];nb=[4, 1024, 1024, 1024]
[BINBCAST-PTR] src0=norm-1 src0_host=0xffffd55e47c9c000 src0_d=0xffffd55e47c9c000
[BINBCAST-PTR] src1=blk.1.attn_norm.weight src1_host=0x78d277f82540 src1_d=0xffffd556b6420c00
[SYCL][OP] call ggml_sycl_mul done
[DEBUG-IMPL] Node 70/140: op=29 name=node_70
[SYCL] simple consumer routing declined: op=MUL_MAT dst=node_70 plan unavailable ctx=0
[DEBUG-MULMAT] ENTER: src0=blk.1.attn_q.weight src1=attn_norm-1 dst=node_70
[SYCL][OP] call ggml_sycl_mul_mat: dst='node_70':type=f32;ne=[256, 64, 1, 1];nb=[4, 1024, 65536, 65536]	src0='blk.1.attn_q.weight':type=f32;ne=[256, 256, 1, 1];nb=[4, 1024, 262144, 262144]	src1='attn_norm-1':type=f32;ne=[256, 64, 1, 1];nb=[4, 1024, 65536, 65536]
[XMXConfig] device=0: M=8 N=16 K_INT8=32 K_FP16=16 SLM=131072 nsm=256 supported=1 int8=1 fp16=1 double_buf=1 max_esimd_wg=64 nbarrier=0 esimd_dpas=1
[MUL_MAT] src0 device=0 ptr=0xffffd556b6542c00 (tensor=blk.1.attn_q.weight layout=0)
[MUL_MAT] dst device=0 ptr=0xffffd55e47cbc000 (tensor=node_70)
[SYCL] weight cache lookup: tensor=0x2112ba90 name=blk.1.attn_q.weight device=0
[SYCL][OP] call ggml_sycl_mul_mat done
[DEBUG-IMPL] Node 71/140: op=7 name=Qcur-1
[DEBUG-IMPL] Node 73/140: op=36 name=Qcur-1
[DEBUG-IMPL] Node 74/140: op=49 name=Qcur-1
[SYCL] simple consumer routing declined: op=ROPE dst=Qcur-1 local single-device plan ctx=0 target=0
[SYCL][OP] call ggml_sycl_rope: dst='Qcur-1':type=f32;ne=[128, 2, 64, 1];nb=[4, 512, 1024, 65536]	src0='Qcur-1':type=f32;ne=[128, 2, 64, 1];nb=[4, 512, 1024, 65536]	src1='leaf_7':type=i32;ne=[64, 1, 1, 1];nb=[4, 256, 256, 256]	src2='rope_freqs.weight':type=f32;ne=[64, 1, 1, 1];nb=[4, 256, 256, 256]
ggml_sycl_op_rope: norm path
[SYCL][OP] call ggml_sycl_rope done
[DEBUG-IMPL] Node 75/140: op=29 name=node_75
[SYCL] simple consumer routing declined: op=MUL_MAT dst=node_75 plan unavailable ctx=0
[DEBUG-MULMAT] ENTER: src0=blk.1.attn_v.weight src1=attn_norm-1 dst=node_75
[SYCL][OP] call ggml_sycl_mul_mat: dst='node_75':type=f32;ne=[256, 64, 1, 1];nb=[4, 1024, 65536, 65536]	src0='blk.1.attn_v.weight':type=f32;ne=[256, 256, 1, 1];nb=[4, 1024, 262144, 262144]	src1='attn_norm-1':type=f32;ne=[256, 64, 1, 1];nb=[4, 1024, 65536, 65536]
[XMXConfig] device=0: M=8 N=16 K_INT8=32 K_FP16=16 SLM=131072 nsm=256 supported=1 int8=1 fp16=1 double_buf=1 max_esimd_wg=64 nbarrier=0 esimd_dpas=1
[MUL_MAT] src0 device=0 ptr=0xffffd556b65c2c00 (tensor=blk.1.attn_v.weight layout=0)
[MUL_MAT] dst device=0 ptr=0xffffd55e47cbc000 (tensor=node_75)
[SYCL] weight cache lookup: tensor=0x2112bdb0 name=blk.1.attn_v.weight device=0
[SYCL][OP] call ggml_sycl_mul_mat done
[DEBUG-IMPL] Node 76/140: op=7 name=Vcur-1
[DEBUG-IMPL] Node 78/140: op=36 name=Vcur-1
[DEBUG-IMPL] Node 79/140: op=29 name=node_79
[SYCL] simple consumer routing declined: op=MUL_MAT dst=node_79 plan unavailable ctx=0
[DEBUG-MULMAT] ENTER: src0=blk.1.attn_k.weight src1=attn_norm-1 dst=node_79
[SYCL][OP] call ggml_sycl_mul_mat: dst='node_79':type=f32;ne=[256, 64, 1, 1];nb=[4, 1024, 65536, 65536]	src0='blk.1.attn_k.weight':type=f32;ne=[256, 256, 1, 1];nb=[4, 1024, 262144, 262144]	src1='attn_norm-1':type=f32;ne=[256, 64, 1, 1];nb=[4, 1024, 65536, 65536]
[XMXConfig] device=0: M=8 N=16 K_INT8=32 K_FP16=16 SLM=131072 nsm=256 supported=1 int8=1 fp16=1 double_buf=1 max_esimd_wg=64 nbarrier=0 esimd_dpas=1
[MUL_MAT] src0 device=0 ptr=0xffffd556b6582c00 (tensor=blk.1.attn_k.weight layout=0)
[MUL_MAT] dst device=0 ptr=0xffffd55e47cdc000 (tensor=node_79)
[SYCL] weight cache lookup: tensor=0x2112bc20 name=blk.1.attn_k.weight device=0
[SYCL][OP] call ggml_sycl_mul_mat done
[DEBUG-IMPL] Node 80/140: op=7 name=Kcur-1
[DEBUG-IMPL] Node 82/140: op=36 name=Kcur-1
[DEBUG-IMPL] Node 83/140: op=49 name=Kcur-1
[SYCL] simple consumer routing declined: op=ROPE dst=Kcur-1 local single-device plan ctx=0 target=0
[SYCL][OP] call ggml_sycl_rope: dst='Kcur-1':type=f32;ne=[128, 2, 64, 1];nb=[4, 512, 1024, 65536]	src0='Kcur-1':type=f32;ne=[128, 2, 64, 1];nb=[4, 512, 1024, 65536]	src1='leaf_7':type=i32;ne=[64, 1, 1, 1];nb=[4, 256, 256, 256]	src2='rope_freqs.weight':type=f32;ne=[64, 1, 1, 1];nb=[4, 256, 256, 256]
ggml_sycl_op_rope: norm path
[SYCL][OP] call ggml_sycl_rope done
[DEBUG-IMPL] Node 84/140: op=37 name=Kcur-1 (view)
[DEBUG-IMPL] Node 85/140: op=42 name=cache_k_l1 (view)
[SYCL] simple consumer routing declined: op=SET_ROWS dst=cache_k_l1 (view) plan unavailable ctx=0
[SYCL][OP] call ggml_sycl_op_set_rows: dst='cache_k_l1 (view)':type=f16;ne=[256, 256, 1, 1];nb=[2, 512, 131072, 131072]	src0='Kcur-1 (view)':type=f32;ne=[256, 64, 1, 1];nb=[4, 1024, 65536, 65536]	src1='leaf_15':type=i64;ne=[64, 1, 1, 1];nb=[8, 512, 512, 512]
[SYCL][OP] call ggml_sycl_op_set_rows done
[DEBUG-IMPL] Node 86/140: op=37 name=Vcur-1 (view)
[DEBUG-IMPL] Node 87/140: op=42 name=cache_v_l1 (view)
[SYCL] simple consumer routing declined: op=SET_ROWS dst=cache_v_l1 (view) plan unavailable ctx=0
[SYCL][OP] call ggml_sycl_op_set_rows: dst='cache_v_l1 (view)':type=f16;ne=[256, 256, 1, 1];nb=[2, 512, 131072, 131072]	src0='Vcur-1 (view)':type=f32;ne=[256, 64, 1, 1];nb=[4, 1024, 65536, 65536]	src1='leaf_17':type=i64;ne=[64, 1, 1, 1];nb=[8, 512, 512, 512]
[SYCL][OP] call ggml_sycl_op_set_rows done
[DEBUG-IMPL] Node 88/140: op=37 name=Qcur-1 (view)
[DEBUG-IMPL] Node 89/140: op=38 name=Qcur-1 (view) (permuted)
[DEBUG-IMPL] Node 90/140: op=34 name=Qcur-1 (view) (permuted) (copy)
[SYCL] simple consumer routing declined: op=CPY dst=Qcur-1 (view) (permuted) (copy) local single-device plan ctx=0 target=0
[SYCL][OP] call ggml_sycl_cpy: dst='Qcur-1 (view) (permuted) (copy)':type=f16;ne=[128, 64, 2, 1];nb=[2, 256, 16384, 32768]	src0='Qcur-1 (view) (permuted)':type=f32;ne=[128, 64, 2, 1];nb=[4, 1024, 512, 65536];strided;permuted
[CPY] device=0 main_stream=0x1d26bec0 tp_queue=(nil) (match=0)
[CPY DEBUG] device=0 src0=Qcur-1 (view) (permuted)(0xffffd55e47ccc000, usm=1) -> src1=Qcur-1 (view) (permuted) (copy)(0xffffd55e47cbc000, usm=1) size=65536
[CPY STAGING CHECK] device=0 needs_staging=0 src0_type=1 dst_is_device=1
[SYCL][OP] call ggml_sycl_cpy done
[DEBUG-IMPL] Node 91/140: op=37 name=cache_k_l1 (view)
[DEBUG-IMPL] Node 92/140: op=38 name=cache_k_l1 (view) (permuted)
[DEBUG-IMPL] Node 93/140: op=37 name=cache_v_l1 (view)
[DEBUG-IMPL] Node 94/140: op=38 name=cache_v_l1 (view) (permuted)
[DEBUG-IMPL] Node 95/140: op=75 name=node_95
[SYCL] simple consumer routing declined: op=FLASH_ATTN_EXT dst=node_95 plan unavailable ctx=0
ggml_sycl_get_data_ptr_slow: tensor=Qcur-1 (view) (permuted) (copy), device=1, rejecting tensor->data=0xffffd55e47cbc000 owned by device 0
ggml_sycl_get_data_ptr_slow: tensor=node_95, device=1, rejecting tensor->data=0xffffd55e47c9c000 owned by device 0
[DEBUG-IMPL] Node 96/140: op=36 name=kqv_out-1
[DEBUG-IMPL] Node 97/140: op=29 name=node_97
[SYCL] simple consumer routing declined: op=MUL_MAT dst=node_97 plan unavailable ctx=0
[DEBUG-MULMAT] ENTER: src0=blk.1.attn_output.weight src1=kqv_out-1 dst=node_97
[SYCL][OP] call ggml_sycl_mul_mat: dst='node_97':type=f32;ne=[256, 64, 1, 1];nb=[4, 1024, 65536, 65536]	src0='blk.1.attn_output.weight':type=f32;ne=[256, 256, 1, 1];nb=[4, 1024, 262144, 262144]	src1='kqv_out-1':type=f32;ne=[256, 64, 1, 1];nb=[4, 1024, 65536, 65536]
[XMXConfig] device=0: M=8 N=16 K_INT8=32 K_FP16=16 SLM=131072 nsm=256 supported=1 int8=1 fp16=1 double_buf=1 max_esimd_wg=64 nbarrier=0 esimd_dpas=1
[MUL_MAT] src0 device=0 ptr=0xffffd556b6602c00 (tensor=blk.1.attn_output.weight layout=0)
[MUL_MAT] dst device=0 ptr=0xffffd55e47cbc000 (tensor=node_97)
[SYCL] weight cache lookup: tensor=0x2112c3f0 name=blk.1.attn_output.weight device=0
[SYCL][OP] call ggml_sycl_mul_mat done
[DEBUG-IMPL] Node 98/140: op=7 name=node_98
[DEBUG-IMPL] Node 100/140: op=40 name=node_100
ggml_sycl_get_data_ptr_slow: tensor=leaf_48, device=0, staging FAILED for non-device (type=0), using tensor->data=0x78d2782dd240
ggml_sycl_get_data_ptr_slow: tensor=leaf_48, device=0, using tensor->data=0x78d2782dd240
[SYCL][OP] call ggml_sycl_get_rows: dst='node_100':type=f32;ne=[256, 64, 1, 1];nb=[4, 1024, 65536, 65536]	src0='attn_out-1':type=f32;ne=[256, 64, 1, 1];nb=[4, 1024, 65536, 65536]	src1='leaf_48':type=i32;ne=[64, 1, 1, 1];nb=[4, 256, 256, 256]
[SYCL] weight cache lookup: tensor=0x22e13020 name=attn_out-1 device=0
[SYCL][OP] call ggml_sycl_get_rows done
[DEBUG-IMPL] Node 101/140: op=40 name=node_101
[SYCL][OP] call ggml_sycl_get_rows: dst='node_101':type=f32;ne=[256, 64, 1, 1];nb=[4, 1024, 65536, 65536]	src0='l_out-0':type=f32;ne=[256, 64, 1, 1];nb=[4, 1024, 65536, 65536]	src1='leaf_48':type=i32;ne=[64, 1, 1, 1];nb=[4, 256, 256, 256]
[SYCL] weight cache lookup: tensor=0x22e0fe20 name=l_out-0 device=0
[SYCL][OP] call ggml_sycl_get_rows done
[DEBUG-IMPL] Node 102/140: op=2 name=ffn_inp-1
[DEBUG-IMPL] Node 104/140: op=7 name=ffn_norm-1
[SYCL] simple consumer routing declined: op=MUL dst=ffn_norm-1 local single-device plan ctx=0 target=0
[SYCL][OP] call ggml_sycl_mul: dst='ffn_norm-1':type=f32;ne=[256, 64, 1, 1];nb=[4, 1024, 65536, 65536]	src0='norm-1':type=f32;ne=[256, 64, 1, 1];nb=[4, 1024, 65536, 65536]	src1='blk.1.ffn_norm.weight':type=f32;ne=[256, 1, 1, 1];nb=[4, 1024, 1024, 1024]
[BINBCAST-PTR] src0=norm-1 src0_host=0xffffd55e47cac000 src0_d=0xffffd55e47cac000
[BINBCAST-PTR] src1=blk.1.ffn_norm.weight src1_host=0x78d278083940 src1_d=0xffffd556b6421000
[SYCL][OP] call ggml_sycl_mul done
[DEBUG-IMPL] Node 105/140: op=29 name=ffn_moe_logits-1
[SYCL] simple consumer routing declined: op=MUL_MAT dst=ffn_moe_logits-1 plan unavailable ctx=0
[DEBUG-MULMAT] ENTER: src0=blk.1.ffn_gate_inp.weight src1=ffn_norm-1 dst=ffn_moe_logits-1
[SYCL][OP] call ggml_sycl_mul_mat: dst='ffn_moe_logits-1':type=f32;ne=[2, 64, 1, 1];nb=[4, 8, 512, 512]	src0='blk.1.ffn_gate_inp.weight':type=f32;ne=[256, 2, 1, 1];nb=[4, 1024, 2048, 2048]	src1='ffn_norm-1':type=f32;ne=[256, 64, 1, 1];nb=[4, 1024, 65536, 65536]
[XMXConfig] device=0: M=8 N=16 K_INT8=32 K_FP16=16 SLM=131072 nsm=256 supported=1 int8=1 fp16=1 double_buf=1 max_esimd_wg=64 nbarrier=0 esimd_dpas=1
[MUL_MAT] src0 device=0 ptr=0xffffd556b6644d00 (tensor=blk.1.ffn_gate_inp.weight layout=0)
[MUL_MAT] dst device=0 ptr=0xffffd55e47cbc000 (tensor=ffn_moe_logits-1)
[SYCL] weight cache lookup: tensor=0x2112ca30 name=blk.1.ffn_gate_inp.weight device=0
[SYCL][OP] call ggml_sycl_mul_mat done
[DEBUG-IMPL] Node 106/140: op=47 name=ffn_moe_probs-1
[SYCL] simple consumer routing declined: op=SOFT_MAX dst=ffn_moe_probs-1 local single-device plan ctx=0 target=0
[SYCL][OP] call ggml_sycl_op_soft_max: dst='ffn_moe_probs-1':type=f32;ne=[2, 64, 1, 1];nb=[4, 8, 512, 512]	src0='ffn_moe_logits-1':type=f32;ne=[2, 64, 1, 1];nb=[4, 8, 512, 512]	src1=nullptr
[SYCL][OP] call ggml_sycl_op_soft_max done
[DEBUG-IMPL] Node 107/140: op=36 name=ffn_moe_probs-1 (reshaped)
[DEBUG-IMPL] Node 108/140: op=70 name=ffn_moe_argsort-1
[SYCL] simple consumer routing declined: op=ARGSORT dst=ffn_moe_argsort-1 local single-device plan ctx=0 target=0
[SYCL][OP] call ggml_sycl_argsort: dst='ffn_moe_argsort-1':type=i32;ne=[2, 64, 1, 1];nb=[4, 8, 512, 512]	src0='ffn_moe_probs-1':type=f32;ne=[2, 64, 1, 1];nb=[4, 8, 512, 512]
0.02.197.468 E [SYCL][PTR] dst tensor=ffn_moe_argsort-1 data=0x78d428383200 alloc=512 base=0xffffd55e47c9c000 size=524288 end=0xffffd55e47d1c000
[SYCL][OP] call ggml_sycl_argsort done
[DEBUG-IMPL] Node 109/140: op=37 name=ffn_moe_topk-1
[DEBUG-IMPL] Node 110/140: op=40 name=ffn_moe_weights-1
[SYCL][OP] call ggml_sycl_get_rows: dst='ffn_moe_weights-1':type=f32;ne=[1, 1, 64, 1];nb=[4, 4, 4, 256]	src0='ffn_moe_probs-1 (reshaped)':type=f32;ne=[1, 2, 64, 1];nb=[4, 4, 8, 512]	src1='ffn_moe_topk-1':type=i32;ne=[1, 64, 1, 1];nb=[4, 8, 512, 512];strided
[SYCL] weight cache lookup: tensor=0x22e13fc0 name=ffn_moe_probs-1 (reshaped) device=0
0.02.197.486 E [SYCL][PTR] src1 tensor=ffn_moe_topk-1 data=0x78d428383200 alloc=508 base=0xffffd55e47c9c000 size=524288 end=0xffffd55e47d1c000
[SYCL][OP] call ggml_sycl_get_rows done
[DEBUG-IMPL] Node 111/140: op=36 name=ffn_moe_weights-1 (reshaped)
[DEBUG-IMPL] Node 112/140: op=15 name=ffn_moe_weights_sum-1
[SYCL] simple consumer routing declined: op=SUM_ROWS dst=ffn_moe_weights_sum-1 plan unavailable ctx=0
[SYCL][OP] call ggml_sycl_sum_rows: dst='ffn_moe_weights_sum-1':type=f32;ne=[1, 64, 1, 1];nb=[4, 4, 256, 256]	src0='ffn_moe_weights-1 (reshaped)':type=f32;ne=[1, 64, 1, 1];nb=[4, 4, 256, 256]
[SYCL][OP] call ggml_sycl_sum_rows done
[DEBUG-IMPL] Node 113/140: op=51 name=ffn_moe_weights_sum_clamped-1
[SYCL] simple consumer routing declined: op=CLAMP dst=ffn_moe_weights_sum_clamped-1 plan unavailable ctx=0
[SYCL][OP] call ggml_sycl_clamp: dst='ffn_moe_weights_sum_clamped-1':type=f32;ne=[1, 64, 1, 1];nb=[4, 4, 256, 256]	src0='ffn_moe_weights_sum-1':type=f32;ne=[1, 64, 1, 1];nb=[4, 4, 256, 256]
[SYCL][OP] call ggml_sycl_clamp done
[DEBUG-IMPL] Node 114/140: op=8 name=ffn_moe_weights_norm-1
[SYCL] simple consumer routing declined: op=DIV dst=ffn_moe_weights_norm-1 plan unavailable ctx=0
[SYCL][OP] call ggml_sycl_div: dst='ffn_moe_weights_norm-1':type=f32;ne=[1, 64, 1, 1];nb=[4, 4, 256, 256]	src0='ffn_moe_weights-1 (reshaped)':type=f32;ne=[1, 64, 1, 1];nb=[4, 4, 256, 256]	src1='ffn_moe_weights_sum_clamped-1':type=f32;ne=[1, 64, 1, 1];nb=[4, 4, 256, 256]
[BINBCAST-PTR] src0=ffn_moe_weights-1 (reshaped) src0_host=0xffffd55e47cbc400 src0_d=0xffffd55e47cbc400
[BINBCAST-PTR] src1=ffn_moe_weights_sum_clamped-1 src1_host=0xffffd55e47cbc000 src1_d=0xffffd55e47cbc000
[SYCL][OP] call ggml_sycl_div done
[DEBUG-IMPL] Node 115/140: op=36 name=ffn_moe_weights_norm-1 (reshaped)
[DEBUG-IMPL] Node 116/140: op=36 name=ffn_norm-1 (reshaped)
[DEBUG-IMPL] Node 117/140: op=30 name=node_117
[RESOLVE] data_handle empty for weight tensor 'blk.1.ffn_gate_exps.weight' device 0, falling through to cache lookup
[SYCL] weight cache lookup: tensor=0x2112cbc0 name=blk.1.ffn_gate_exps.weight device=0
[RESOLVE] refusing composite MoE expert tensor materialization for placement-planned 'blk.1.ffn_gate_exps.weight' device 0
[SYCL][OP] call ggml_sycl_mul_mat_id: dst='node_117':type=f32;ne=[384, 1, 64, 1];nb=[4, 1536, 1536, 98304]	src0='blk.1.ffn_gate_exps.weight':type=f32;ne=[256, 384, 2, 1];nb=[4, 1024, 393216, 786432]	src1='ffn_norm-1 (reshaped)':type=f32;ne=[256, 1, 64, 1];nb=[4, 1024, 1024, 65536]	src2='ffn_moe_topk-1':type=i32;ne=[1, 64, 1, 1];nb=[4, 8, 512, 512];strided
0.02.197.567 E [SYCL][PTR] src2 tensor=ffn_moe_topk-1 data=0x78d428383200 alloc=508 base=0xffffd55e47c9c000 size=524288 end=0xffffd55e47d1c000
[XMX-DEBUG] try_xmx_sorted_moe called: src0->type=0
[XMX-DEBUG] XMX MoE: forced=0 fused_enabled=0 tiled_enabled=1
[XMX-DEBUG] XMX caps: supported=1 int8=1
[XMX MoE] Only Q8_0/MXFP4 supported, got type 0
[XMX-MOE-REJECT] tensor=blk.1.ffn_gate_exps.weight type=f32 device=0 reason=type src0=[256,384,2,1] src1=[256,1,64,1] ids=[1,64,1,1]
[MoE FUSED] Batch 64 > 32, using oneDNN batching
[MoE] About to try COALESCED layout
[RESOLVE] data_handle empty for weight tensor 'blk.1.ffn_gate_exps.weight' device 0, falling through to cache lookup
[SYCL] weight cache lookup: tensor=0x2112cbc0 name=blk.1.ffn_gate_exps.weight device=0
[RESOLVE] refusing composite MoE expert tensor materialization for placement-planned 'blk.1.ffn_gate_exps.weight' device 0
[MoE] Trying MMVQ with layout=2 for blk.1.ffn_gate_exps.weight
[MMVQ-ENTRY] src0=blk.1.ffn_gate_exps.weight type=0 forced_layout=2
[MMVQ] Batch 64 > threshold 32, routing to batched GEMM path
[MoE] MMVQ layout=2 returned false
[MoE] About to try SOA layout
[RESOLVE] data_handle empty for weight tensor 'blk.1.ffn_gate_exps.weight' device 0, falling through to cache lookup
[SYCL] weight cache lookup: tensor=0x2112cbc0 name=blk.1.ffn_gate_exps.weight device=0
[RESOLVE] refusing composite MoE expert tensor materialization for placement-planned 'blk.1.ffn_gate_exps.weight' device 0
[MoE] Trying MMVQ with layout=1 for blk.1.ffn_gate_exps.weight
[MMVQ-ENTRY] src0=blk.1.ffn_gate_exps.weight type=0 forced_layout=1
[MMVQ] Batch 64 > threshold 32, routing to batched GEMM path
[MoE] MMVQ layout=1 returned false
[MoE] About to try AOS layout
[RESOLVE] data_handle empty for weight tensor 'blk.1.ffn_gate_exps.weight' device 0, falling through to cache lookup
[SYCL] weight cache lookup: tensor=0x2112cbc0 name=blk.1.ffn_gate_exps.weight device=0
[RESOLVE] refusing composite MoE expert tensor materialization for placement-planned 'blk.1.ffn_gate_exps.weight' device 0
[MoE] Trying MMVQ with layout=0 for blk.1.ffn_gate_exps.weight
[MMVQ-ENTRY] src0=blk.1.ffn_gate_exps.weight type=0 forced_layout=0
[MMVQ] Batch 64 > threshold 32, routing to batched GEMM path
[MoE] MMVQ layout=0 returned false
[MoE] All MMVQ layouts failed, falling back to host routing
[MoE] GPU probe paths did not select type 0; resolving planner-owned MoE route
[MoE-1E] Cached IDs for layer 1 (GATE), 64 elements
[MoE] Using expert cache for blk.1.ffn_gate_exps.weight (layer=1358208392, host_buf=0, ptr_type=3)
[MOE-DISPATCH-LAYOUT] tensor=blk.1.ffn_gate_exps.weight device=0 route_layout=aos src0_layout=aos use_expert_cache=1 placement_planned=1 host_weights=0 plan=1 plan_host=0 has_override=0 ne12=64
[MOE-STAGE] tensor=blk.1.ffn_gate_exps.weight stage=after-dispatch-layout device=0 ne12=64
[MOE-STAGE] tensor=blk.1.ffn_gate_exps.weight stage=after-pointer-table device=0 planned_pp=1
[MOE-STAGE] tensor=blk.1.ffn_gate_exps.weight stage=after-route-diagnostics device=0 planned_pp=1
[MOE-STAGE] tensor=blk.1.ffn_gate_exps.weight stage=before-route-mode device=0 ne12=64 use_cache=1 plan=1 hybrid=1
[MOE-IDS] Staging ids to device (buffer_on_host=0, ptr_usm_type=3)
[MOE-STAGE] tensor=blk.1.ffn_gate_exps.weight stage=pp-rowmap-alloc-begin device=0 rows=64
[UNIFIED-ALLOC] zone alloc: dev=0 zone=4 size=0.0 MB ptr=0xffffd55e67c2c000
[MOE-STAGE] tensor=blk.1.ffn_gate_exps.weight stage=pp-rowmap-copy-begin device=0 rows=64 dst_handle=0
[MOE-STAGE] tensor=blk.1.ffn_gate_exps.weight stage=pp-rowmap-copy-submitted device=0 rows=64
[UNIFIED-ALLOC] zone alloc: dev=0 zone=4 size=0.1 MB ptr=0xffffd55e67c2c200
[UNIFIED-ALLOC] zone alloc: dev=0 zone=4 size=0.1 MB ptr=0xffffd55e67c44200
[MOE-AOS-REQUEST] tensor=blk.1.ffn_gate_exps.weight expert=0 current=0 planned=0 requested=aos reason=device-plan
[DEBUG-MULMAT] ENTER: src0=blk.1.ffn_gate_exps.weight src1=ffn_norm-1 (reshaped) dst=node_117
[SYCL][OP] call ggml_sycl_mul_mat: dst='node_117':type=f32;ne=[384, 6, 1, 1];nb=[4, 1536, 9216, 9216]	src0='blk.1.ffn_gate_exps.weight':type=f32;ne=[256, 384, 2, 1];nb=[4, 1024, 393216, 786432]	src1='ffn_norm-1 (reshaped)':type=f32;ne=[256, 1, 64, 1];nb=[4, 1024, 1024, 65536]
0.02.197.685 E [SYCL][PTR] dst tensor=node_117 data=0xffffd55e67c2c200 alloc=9216 base=0xffffd55e47c9c000 size=524288 end=0xffffd55e47d1c000
[XMXConfig] device=0: M=8 N=16 K_INT8=32 K_FP16=16 SLM=131072 nsm=256 supported=1 int8=1 fp16=1 double_buf=1 max_esimd_wg=64 nbarrier=0 esimd_dpas=1
[MUL_MAT] src0 device=0 ptr=0xffffd556b6885500 (tensor=blk.1.ffn_gate_exps.weight layout=0)
[MUL_MAT] dst device=0 ptr=0xffffd55e67c2c200 (tensor=node_117)
[SYCL][OP] call ggml_sycl_mul_mat done
[MOE-AOS-REQUEST] tensor=blk.1.ffn_gate_exps.weight expert=1 current=0 planned=0 requested=aos reason=device-plan
[DEBUG-MULMAT] ENTER: src0=blk.1.ffn_gate_exps.weight src1=ffn_norm-1 (reshaped) dst=node_117
[SYCL][OP] call ggml_sycl_mul_mat: dst='node_117':type=f32;ne=[384, 58, 1, 1];nb=[4, 1536, 89088, 89088]	src0='blk.1.ffn_gate_exps.weight':type=f32;ne=[256, 384, 2, 1];nb=[4, 1024, 393216, 786432]0.02.197.817 E [SYCL][PTR] dst tensor=node_117 data=0xffffd55e67c2e600 alloc=89088 base=0xffffd55e47c9c000 size=524288 end=0xffffd55e47d1c000
	src1='ffn_norm-1 (reshaped)':type=f32;ne=[256, 1, 64, 1];nb=[4, 1024, 1024, 65536]
[XMXConfig] device=0: M=8 N=16 K_INT8=32 K_FP16=16 SLM=131072 nsm=256 supported=1 int8=1 fp16=1 double_buf=1 max_esimd_wg=64 nbarrier=0 esimd_dpas=1
[MUL_MAT] src0 device=0 ptr=0xffffd556b68e5500 (tensor=blk.1.ffn_gate_exps.weight layout=0)
[MUL_MAT] dst device=0 ptr=0xffffd55e67c2e600 (tensor=node_117)
[SYCL][OP] call ggml_sycl_mul_mat done
[SYCL][OP] call ggml_sycl_mul_mat_id done
[DEBUG-IMPL] Node 118/140: op=36 name=blk.1.ffn_gate_exps.scale (reshaped)
[DEBUG-IMPL] Node 119/140: op=20 name=node_119
[SYCL] weight cache lookup: tensor=0x22e155a0 name=blk.1.ffn_gate_exps.scale (reshaped) device=0
ggml_sycl_get_data_ptr_slow: tensor=blk.1.ffn_gate_exps.scale (reshaped) view_src chain -> base=blk.1.ffn_gate_exps.scale, base->extra=0x2058b1e0, base->data=0x78d2782c4880, tensor->data=0x78d2782c4880
ggml_sycl_get_data_ptr_slow: base=blk.1.ffn_gate_exps.scale data=0x78d2782c4880 ptr_type=3
[SYCL] weight cache lookup: tensor=0x22e155a0 name=blk.1.ffn_gate_exps.scale (reshaped) device=0
ggml_sycl_get_data_ptr_slow: tensor=blk.1.ffn_gate_exps.scale (reshaped), device=0, staging FAILED for non-device (type=0), using tensor->data=0x78d2782c4880
ggml_sycl_get_data_ptr_slow: tensor=blk.1.ffn_gate_exps.scale (reshaped), device=0, using tensor->data=0x78d2782c4880
[RESOLVE] data_handle empty for weight tensor 'blk.1.ffn_gate_exps.scale' device 0, falling through to cache lookup
[SYCL] weight cache lookup: tensor=0x2112ec90 name=blk.1.ffn_gate_exps.scale device=0
[SYCL] weight cache lookup: tensor=0x2112ec90 name=blk.1.ffn_gate_exps.scale device=0
ggml_sycl_get_data_ptr_slow: tensor=blk.1.ffn_gate_exps.scale, device=0, staging FAILED for non-device (type=0), using tensor->data=0x78d2782c4880
ggml_sycl_get_data_ptr_slow: tensor=blk.1.ffn_gate_exps.scale, device=0, using tensor->data=0x78d2782c4880
[SYCL] simple consumer routing declined: op=REPEAT dst=node_119 plan unavailable ctx=0
[SYCL][OP] call ggml_sycl_repeat: dst='node_119':type=f32;ne=[1, 2, 64, 1];nb=[4, 4, 8, 512]	src0='blk.1.ffn_gate_exps.scale (reshaped)':type=f32;ne=[1, 2, 1, 1];nb=[4, 4, 8, 8]
[SYCL] weight cache lookup: tensor=0x22e155a0 name=blk.1.ffn_gate_exps.scale (reshaped) device=0
[SYCL] weight cache lookup: tensor=0x22e155a0 name=blk.1.ffn_gate_exps.scale (reshaped) device=0
0.02.197.973 E [UNIFIED-CACHE] planned-mode runtime materialization rejected op=direct_stage_weight caller=direct_stage_weight model=0 name_hash=0x474cbb7ffa4be3cb aux=289 type=0 ne=[1,2,1,1] layout=0 graph_active=1
[SYCL-BINBCAST] staging raw host tensor=blk.1.ffn_gate_exps.scale (reshaped) bytes=8 device=0 src=0x78d2782c4880 dst=0xffffe38f1ae00000
[BINBCAST-PTR] src0=node_119 src0_host=0xffffd55e47cd4400 src0_d=0xffffd55e47cd4400
[BINBCAST-PTR] src1=blk.1.ffn_gate_exps.scale (reshaped) src1_host=0x78d2782c4880 src1_d=0xffffe38f1ae00000
[SYCL][OP] call ggml_sycl_repeat done
[DEBUG-IMPL] Node 120/140: op=40 name=node_120
[SYCL][OP] call ggml_sycl_get_rows: dst='node_120':type=f32;ne=[1, 1, 64, 1];nb=[4, 4, 4, 256]	src0='node_119':type=f32;ne=[1, 2, 64, 1];nb=[4, 4, 8, 512]	src1='ffn_moe_topk-1':type=i32;ne=[1, 64, 1, 1];nb=[4, 8, 512, 512];strided
[SYCL] weight cache lookup: tensor=0x22e15730 name=node_119 device=0
0.02.198.032 E [SYCL][PTR] src1 tensor=ffn_moe_topk-1 data=0x78d428383200 alloc=508 base=0xffffd55e47c9c000 size=524288 end=0xffffd55e47d1c000
[SYCL][OP] call ggml_sycl_get_rows done
[DEBUG-IMPL] Node 121/140: op=7 name=ffn_moe_gate_scaled-1
[SYCL] simple consumer routing declined: op=MUL dst=ffn_moe_gate_scaled-1 local single-device plan ctx=0 target=0
[SYCL][OP] call ggml_sycl_mul: dst='ffn_moe_gate_scaled-1':type=f32;ne=[384, 1, 64, 1];nb=[4, 1536, 1536, 98304]	src0='node_117':type=f32;ne=[384, 1, 64, 1];nb=[4, 1536, 1536, 98304]	src1='node_120':type=f32;ne=[1, 1, 64, 1];nb=[4, 4, 4, 256]
[BINBCAST-PTR] src0=node_117 src0_host=0xffffd55e47cbc400 src0_d=0xffffd55e47cbc400
[BINBCAST-PTR] src1=node_120 src1_host=0xffffd55e47cbc000 src1_d=0xffffd55e47cbc000
[SYCL][OP] call ggml_sycl_mul done
[DEBUG-IMPL] Node 122/140: op=30 name=node_122
[RESOLVE] data_handle empty for weight tensor 'blk.1.ffn_up_exps.weight' device 0, falling through to cache lookup
[SYCL] weight cache lookup: tensor=0x2112cee0 name=blk.1.ffn_up_exps.weight device=0
[RESOLVE] refusing composite MoE expert tensor materialization for placement-planned 'blk.1.ffn_up_exps.weight' device 0
[SYCL][OP] call ggml_sycl_mul_mat_id: dst='node_122':type=f32;ne=[384, 1, 64, 1];nb=[4, 1536, 1536, 98304]	src0='blk.1.ffn_up_exps.weight':type=f32;ne=[256, 384, 2, 1];nb=[4, 1024, 393216, 786432]	src1='ffn_norm-1 (reshaped)':type=f32;ne=[256, 1, 64, 1];nb=[4, 1024, 1024, 65536]	src2='ffn_moe_topk-1':type=i32;ne=[1, 64, 1, 1];nb=[4, 8, 512, 512];strided
0.02.198.087 E [SYCL][PTR] src2 tensor=ffn_moe_topk-1 data=0x78d428383200 alloc=508 base=0xffffd55e47c9c000 size=524288 end=0xffffd55e47d1c000
[XMX-DEBUG] try_xmx_sorted_moe called: src0->type=0
[XMX-DEBUG] XMX MoE: forced=0 fused_enabled=0 tiled_enabled=1
[XMX-DEBUG] XMX caps: supported=1 int8=1
[XMX MoE] Only Q8_0/MXFP4 supported, got type 0
[XMX-MOE-REJECT] tensor=blk.1.ffn_up_exps.weight type=f32 device=0 reason=type src0=[256,384,2,1] src1=[256,1,64,1] ids=[1,64,1,1]
[MoE FUSED] Batch 64 > 32, using oneDNN batching
[MoE] About to try COALESCED layout
[RESOLVE] data_handle empty for weight tensor 'blk.1.ffn_up_exps.weight' device 0, falling through to cache lookup
[SYCL] weight cache lookup: tensor=0x2112cee0 name=blk.1.ffn_up_exps.weight device=0
[RESOLVE] refusing composite MoE expert tensor materialization for placement-planned 'blk.1.ffn_up_exps.weight' device 0
[MoE] Trying MMVQ with layout=2 for blk.1.ffn_up_exps.weight
[MMVQ-ENTRY] src0=blk.1.ffn_up_exps.weight type=0 forced_layout=2
[MMVQ] Batch 64 > threshold 32, routing to batched GEMM path
[MoE] MMVQ layout=2 returned false
[MoE] About to try SOA layout
[RESOLVE] data_handle empty for weight tensor 'blk.1.ffn_up_exps.weight' device 0, falling through to cache lookup
[SYCL] weight cache lookup: tensor=0x2112cee0 name=blk.1.ffn_up_exps.weight device=0
[RESOLVE] refusing composite MoE expert tensor materialization for placement-planned 'blk.1.ffn_up_exps.weight' device 0
[MoE] Trying MMVQ with layout=1 for blk.1.ffn_up_exps.weight
[MMVQ-ENTRY] src0=blk.1.ffn_up_exps.weight type=0 forced_layout=1
[MMVQ] Batch 64 > threshold 32, routing to batched GEMM path
[MoE] MMVQ layout=1 returned false
[MoE] About to try AOS layout
[RESOLVE] data_handle empty for weight tensor 'blk.1.ffn_up_exps.weight' device 0, falling through to cache lookup
[SYCL] weight cache lookup: tensor=0x2112cee0 name=blk.1.ffn_up_exps.weight device=0
[RESOLVE] refusing composite MoE expert tensor materialization for placement-planned 'blk.1.ffn_up_exps.weight' device 0
[MoE] Trying MMVQ with layout=0 for blk.1.ffn_up_exps.weight
[MMVQ-ENTRY] src0=blk.1.ffn_up_exps.weight type=0 forced_layout=0
[MMVQ] Batch 64 > threshold 32, routing to batched GEMM path
[MoE] MMVQ layout=0 returned false
[MoE] All MMVQ layouts failed, falling back to host routing
[MoE] GPU probe paths did not select type 0; resolving planner-owned MoE route
[MoE-1E] Reusing cached IDs for layer 1 (blk.1.ffn_up_exps.weight), 64 elements
[MoE] Using expert cache for blk.1.ffn_up_exps.weight (layer=903754414, host_buf=0, ptr_type=3)
[MOE-DISPATCH-LAYOUT] tensor=blk.1.ffn_up_exps.weight device=0 route_layout=aos src0_layout=aos use_expert_cache=1 placement_planned=1 host_weights=0 plan=1 plan_host=0 has_override=0 ne12=64
[MOE-STAGE] tensor=blk.1.ffn_up_exps.weight stage=after-dispatch-layout device=0 ne12=64
[MOE-STAGE] tensor=blk.1.ffn_up_exps.weight stage=after-pointer-table device=0 planned_pp=1
[MOE-STAGE] tensor=blk.1.ffn_up_exps.weight stage=after-route-diagnostics device=0 planned_pp=1
[MOE-STAGE] tensor=blk.1.ffn_up_exps.weight stage=before-route-mode device=0 ne12=64 use_cache=1 plan=1 hybrid=1
[MOE-IDS] Staging ids to device (buffer_on_host=0, ptr_usm_type=3)
[MOE-STAGE] tensor=blk.1.ffn_up_exps.weight stage=pp-rowmap-alloc-begin device=0 rows=64
[UNIFIED-ALLOC] zone alloc: dev=0 zone=4 size=0.0 MB ptr=0xffffd55e67c2c000
[MOE-STAGE] tensor=blk.1.ffn_up_exps.weight stage=pp-rowmap-copy-begin device=0 rows=64 dst_handle=0
[MOE-STAGE] tensor=blk.1.ffn_up_exps.weight stage=pp-rowmap-copy-submitted device=0 rows=64
[UNIFIED-ALLOC] zone alloc: dev=0 zone=4 size=0.1 MB ptr=0xffffd55e67c2c200
[UNIFIED-ALLOC] zone alloc: dev=0 zone=4 size=0.1 MB ptr=0xffffd55e67c44200
[MOE-AOS-REQUEST] tensor=blk.1.ffn_up_exps.weight expert=0 current=0 planned=0 requested=aos reason=device-plan
[DEBUG-MULMAT] ENTER: src0=blk.1.ffn_up_exps.weight src1=ffn_norm-1 (reshaped) dst=node_122
[SYCL][OP] call ggml_sycl_mul_mat: dst='node_122':type=f32;ne=[384, 6, 1, 1];nb=[4, 1536, 9216, 9216]	src0='blk.1.ffn_up_exps.weight':type=f32;ne=[256, 384, 2, 1];nb=[4, 1024, 393216, 786432]	src1='ffn_norm-1 (reshaped)':type=f32;ne=[256, 1, 64, 1];nb=[4, 1024, 1024, 65536]0.02.198.182 E [SYCL][PTR] dst tensor=node_122 data=0xffffd55e67c2c200 alloc=9216 base=0xffffd55e47c9c000 size=524288 end=0xffffd55e47d1c000

[XMXConfig] device=0: M=8 N=16 K_INT8=32 K_FP16=16 SLM=131072 nsm=256 supported=1 int8=1 fp16=1 double_buf=1 max_esimd_wg=64 nbarrier=0 esimd_dpas=1
[MUL_MAT] src0 device=0 ptr=0xffffd556b6945500 (tensor=blk.1.ffn_up_exps.weight layout=0)
[MUL_MAT] dst device=0 ptr=0xffffd55e67c2c200 (tensor=node_122)
[SYCL][OP] call ggml_sycl_mul_mat done
[MOE-AOS-REQUEST] tensor=blk.1.ffn_up_exps.weight expert=1 current=0 planned=0 requested=aos reason=device-plan
[DEBUG-MULMAT] ENTER: src0=blk.1.ffn_up_exps.weight src1=ffn_norm-1 (reshaped) dst=node_122
[SYCL][OP] call ggml_sycl_mul_mat: dst='node_122':type=f32;ne=[384, 58, 1, 1];nb=[4, 1536, 89088, 89088]	src0='blk.1.ffn_up_exps.weight':type=f32;ne=[256, 384, 2, 1];nb=[4, 1024, 393216, 786432]0.02.198.255 E [SYCL][PTR] dst tensor=node_122 data=0xffffd55e67c2e600 alloc=89088 base=0xffffd55e47c9c000 size=524288 end=0xffffd55e47d1c000
	src1='ffn_norm-1 (reshaped)':type=f32;ne=[256, 1, 64, 1];nb=[4, 1024, 1024, 65536]
[XMXConfig] device=0: M=8 N=16 K_INT8=32 K_FP16=16 SLM=131072 nsm=256 supported=1 int8=1 fp16=1 double_buf=1 max_esimd_wg=64 nbarrier=0 esimd_dpas=1
[MUL_MAT] src0 device=0 ptr=0xffffd556b69a5500 (tensor=blk.1.ffn_up_exps.weight layout=0)
[MUL_MAT] dst device=0 ptr=0xffffd55e67c2e600 (tensor=node_122)
[SYCL][OP] call ggml_sycl_mul_mat done
[SYCL][OP] call ggml_sycl_mul_mat_id done
[DEBUG-IMPL] Node 123/140: op=36 name=blk.1.ffn_up_exps.scale (reshaped)
[DEBUG-IMPL] Node 124/140: op=20 name=node_124
[SYCL] weight cache lookup: tensor=0x22e14dd0 name=blk.1.ffn_up_exps.scale (reshaped) device=0
ggml_sycl_get_data_ptr_slow: tensor=blk.1.ffn_up_exps.scale (reshaped) view_src chain -> base=blk.1.ffn_up_exps.scale, base->extra=0x2171bdb0, base->data=0x78d2782c48c0, tensor->data=0x78d2782c48c0
ggml_sycl_get_data_ptr_slow: base=blk.1.ffn_up_exps.scale data=0x78d2782c48c0 ptr_type=3
[SYCL] weight cache lookup: tensor=0x22e14dd0 name=blk.1.ffn_up_exps.scale (reshaped) device=0
ggml_sycl_get_data_ptr_slow: tensor=blk.1.ffn_up_exps.scale (reshaped), device=0, staging FAILED for non-device (type=0), using tensor->data=0x78d2782c48c0
ggml_sycl_get_data_ptr_slow: tensor=blk.1.ffn_up_exps.scale (reshaped), device=0, using tensor->data=0x78d2782c48c0
[RESOLVE] data_handle empty for weight tensor 'blk.1.ffn_up_exps.scale' device 0, falling through to cache lookup
[SYCL] weight cache lookup: tensor=0x2112efb0 name=blk.1.ffn_up_exps.scale device=0
[SYCL] weight cache lookup: tensor=0x2112efb0 name=blk.1.ffn_up_exps.scale device=0
ggml_sycl_get_data_ptr_slow: tensor=blk.1.ffn_up_exps.scale, device=0, staging FAILED for non-device (type=0), using tensor->data=0x78d2782c48c0
ggml_sycl_get_data_ptr_slow: tensor=blk.1.ffn_up_exps.scale, device=0, using tensor->data=0x78d2782c48c0
[SYCL] simple consumer routing declined: op=REPEAT dst=node_124 plan unavailable ctx=0
[SYCL][OP] call ggml_sycl_repeat: dst='node_124':type=f32;ne=[1, 2, 64, 1];nb=[4, 4, 8, 512]	src0='blk.1.ffn_up_exps.scale (reshaped)':type=f32;ne=[1, 2, 1, 1];nb=[4, 4, 8, 8]
[SYCL] weight cache lookup: tensor=0x22e14dd0 name=blk.1.ffn_up_exps.scale (reshaped) device=0
[SYCL] weight cache lookup: tensor=0x22e14dd0 name=blk.1.ffn_up_exps.scale (reshaped) device=0
0.02.198.370 E [UNIFIED-CACHE] planned-mode runtime materialization rejected op=direct_stage_weight caller=direct_stage_weight model=0 name_hash=0x9436376037e599f5 aux=294 type=0 ne=[1,2,1,1] layout=0 graph_active=1
[SYCL-BINBCAST] staging raw host tensor=blk.1.ffn_up_exps.scale (reshaped) bytes=8 device=0 src=0x78d2782c48c0 dst=0xffffe38f1ae00000
[BINBCAST-PTR] src0=node_124 src0_host=0xffffd55e47cac000 src0_d=0xffffd55e47cac000
[BINBCAST-PTR] src1=blk.1.ffn_up_exps.scale (reshaped) src1_host=0x78d2782c48c0 src1_d=0xffffe38f1ae00000
[SYCL][OP] call ggml_sycl_repeat done
[DEBUG-IMPL] Node 125/140: op=40 name=node_125
[SYCL][OP] call ggml_sycl_get_rows: dst='node_125':type=f32;ne=[1, 1, 64, 1];nb=[4, 4, 4, 256]	src0='node_124':type=f32;ne=[1, 2, 64, 1];nb=[4, 4, 8, 512]	src1='ffn_moe_topk-1':type=i32;ne=[1, 64, 1, 1];nb=[4, 8, 512, 512];strided
[SYCL] weight cache lookup: tensor=0x22e14f60 name=node_124 device=0
0.02.198.421 E [SYCL][PTR] src1 tensor=ffn_moe_topk-1 data=0x78d428383200 alloc=508 base=0xffffd55e47c9c000 size=524288 end=0xffffd55e47d1c000
[SYCL][OP] call ggml_sycl_get_rows done
[DEBUG-IMPL] Node 126/140: op=7 name=ffn_moe_up_scaled-1
[SYCL] simple consumer routing declined: op=MUL dst=ffn_moe_up_scaled-1 local single-device plan ctx=0 target=0
[SYCL][OP] call ggml_sycl_mul: dst='ffn_moe_up_scaled-1':type=f32;ne=[384, 1, 64, 1];nb=[4, 1536, 1536, 98304]	src0='node_122':type=f32;ne=[384, 1, 64, 1];nb=[4, 1536, 1536, 98304]	src1='node_125':type=f32;ne=[1, 1, 64, 1];nb=[4, 4, 4, 256]
[BINBCAST-PTR] src0=node_122 src0_host=0xffffd55e47cd4400 src0_d=0xffffd55e47cd4400
[BINBCAST-PTR] src1=node_125 src1_host=0xffffd55e47cac200 src1_d=0xffffd55e47cac200
[SYCL][OP] call ggml_sycl_mul done
[DEBUG-IMPL] Node 127/140: op=97 name=ffn_moe_swiglu-1
[SYCL] simple consumer routing declined: op=GLU dst=ffn_moe_swiglu-1 local single-device plan ctx=0 target=0
[SYCL][OP] call ggml_sycl_swiglu: dst='ffn_moe_swiglu-1':type=f32;ne=[384, 1, 64, 1];nb=[4, 1536, 1536, 98304]	src0='ffn_moe_gate_scaled-1':type=f32;ne=[384, 1, 64, 1];nb=[4, 1536, 1536, 98304]
[SYCL][OP] call ggml_sycl_swiglu done
[DEBUG-IMPL] Node 128/140: op=30 name=node_128
[RESOLVE] data_handle empty for weight tensor 'blk.1.ffn_down_exps.weight' device 0, falling through to cache lookup
[SYCL] weight cache lookup: tensor=0x2112cd50 name=blk.1.ffn_down_exps.weight device=0
[RESOLVE] refusing composite MoE expert tensor materialization for placement-planned 'blk.1.ffn_down_exps.weight' device 0
[SYCL][OP] call ggml_sycl_mul_mat_id: dst='node_128':type=f32;ne=[256, 1, 64, 1];nb=[4, 1024, 1024, 65536]	src0='blk.1.ffn_down_exps.weight':type=f32;ne=[384, 256, 2, 1];nb=[4, 1536, 393216, 786432]	src1='ffn_moe_swiglu-1':type=f32;ne=[384, 1, 64, 1];nb=[4, 1536, 1536, 98304]	src2='ffn_moe_topk-1':type=i32;ne=[1, 64, 1, 1];nb=[4, 8, 512, 512];strided
0.02.198.492 E [SYCL][PTR] src2 tensor=ffn_moe_topk-1 data=0x78d428383200 alloc=508 base=0xffffd55e47c9c000 size=524288 end=0xffffd55e47d1c000
[XMX-DEBUG] try_xmx_sorted_moe called: src0->type=0
[XMX-DEBUG] XMX MoE: forced=0 fused_enabled=0 tiled_enabled=1
[XMX-DEBUG] XMX caps: supported=1 int8=1
[XMX MoE] Only Q8_0/MXFP4 supported, got type 0
[XMX-MOE-REJECT] tensor=blk.1.ffn_down_exps.weight type=f32 device=0 reason=type src0=[384,256,2,1] src1=[384,1,64,1] ids=[1,64,1,1]
[MoE FUSED] Batch 64 > 32, using oneDNN batching
[MoE] About to try COALESCED layout
[RESOLVE] data_handle empty for weight tensor 'blk.1.ffn_down_exps.weight' device 0, falling through to cache lookup
[SYCL] weight cache lookup: tensor=0x2112cd50 name=blk.1.ffn_down_exps.weight device=0
[RESOLVE] refusing composite MoE expert tensor materialization for placement-planned 'blk.1.ffn_down_exps.weight' device 0
[MoE] Trying MMVQ with layout=2 for blk.1.ffn_down_exps.weight
[MMVQ-ENTRY] src0=blk.1.ffn_down_exps.weight type=0 forced_layout=2
[MMVQ] Batch 64 > threshold 32, routing to batched GEMM path
[MoE] MMVQ layout=2 returned false
[MoE] About to try SOA layout
[RESOLVE] data_handle empty for weight tensor 'blk.1.ffn_down_exps.weight' device 0, falling through to cache lookup
[SYCL] weight cache lookup: tensor=0x2112cd50 name=blk.1.ffn_down_exps.weight device=0
[RESOLVE] refusing composite MoE expert tensor materialization for placement-planned 'blk.1.ffn_down_exps.weight' device 0
[MoE] Trying MMVQ with layout=1 for blk.1.ffn_down_exps.weight
[MMVQ-ENTRY] src0=blk.1.ffn_down_exps.weight type=0 forced_layout=1
[MMVQ] Batch 64 > threshold 32, routing to batched GEMM path
[MoE] MMVQ layout=1 returned false
[MoE] About to try AOS layout
[RESOLVE] data_handle empty for weight tensor 'blk.1.ffn_down_exps.weight' device 0, falling through to cache lookup
[SYCL] weight cache lookup: tensor=0x2112cd50 name=blk.1.ffn_down_exps.weight device=0
[RESOLVE] refusing composite MoE expert tensor materialization for placement-planned 'blk.1.ffn_down_exps.weight' device 0
[MoE] Trying MMVQ with layout=0 for blk.1.ffn_down_exps.weight
[MMVQ-ENTRY] src0=blk.1.ffn_down_exps.weight type=0 forced_layout=0
[MMVQ] Batch 64 > threshold 32, routing to batched GEMM path
[MoE] MMVQ layout=0 returned false
[MoE] All MMVQ layouts failed, falling back to host routing
[MoE] GPU probe paths did not select type 0; resolving planner-owned MoE route
[MoE-1E] Reusing cached IDs for layer 1 (blk.1.ffn_down_exps.weight), 64 elements
[MoE] Using expert cache for blk.1.ffn_down_exps.weight (layer=752070615, host_buf=0, ptr_type=3)
[MOE-DISPATCH-LAYOUT] tensor=blk.1.ffn_down_exps.weight device=0 route_layout=aos src0_layout=aos use_expert_cache=1 placement_planned=1 host_weights=0 plan=1 plan_host=0 has_override=0 ne12=64
[MOE-STAGE] tensor=blk.1.ffn_down_exps.weight stage=after-dispatch-layout device=0 ne12=64
[MOE-STAGE] tensor=blk.1.ffn_down_exps.weight stage=after-pointer-table device=0 planned_pp=1
[MOE-STAGE] tensor=blk.1.ffn_down_exps.weight stage=after-route-diagnostics device=0 planned_pp=1
[MOE-STAGE] tensor=blk.1.ffn_down_exps.weight stage=before-route-mode device=0 ne12=64 use_cache=1 plan=1 hybrid=1
[MOE-IDS] Staging ids to device (buffer_on_host=0, ptr_usm_type=3)
[MOE-STAGE] tensor=blk.1.ffn_down_exps.weight stage=pp-rowmap-alloc-begin device=0 rows=64
[UNIFIED-ALLOC] zone alloc: dev=0 zone=4 size=0.0 MB ptr=0xffffd55e67c2c000
[MOE-STAGE] tensor=blk.1.ffn_down_exps.weight stage=pp-rowmap-copy-begin device=0 rows=64 dst_handle=0
[MOE-STAGE] tensor=blk.1.ffn_down_exps.weight stage=pp-rowmap-copy-submitted device=0 rows=64
[UNIFIED-ALLOC] zone alloc: dev=0 zone=4 size=0.1 MB ptr=0xffffd55e67c2c200
[UNIFIED-ALLOC] zone alloc: dev=0 zone=4 size=0.1 MB ptr=0xffffd55e67c3c200
[MOE-AOS-REQUEST] tensor=blk.1.ffn_down_exps.weight expert=0 current=0 planned=0 requested=aos reason=device-plan
[DEBUG-MULMAT] ENTER: src0=blk.1.ffn_down_exps.weight src1=ffn_moe_swiglu-1 dst=node_128
[SYCL][OP] call ggml_sycl_mul_mat: dst='node_128':type=f32;ne=[256, 6, 1, 1];nb=[4, 1024, 6144, 6144]	src0='blk.1.ffn_down_exps.weight':type=f32;ne=[384, 256, 2, 1];nb=[4, 1536, 393216, 786432]0.02.198.586 E [SYCL][PTR] dst tensor=node_128 data=0xffffd55e67c2c200 alloc=6144 base=0xffffd55e47c9c000 size=524288 end=0xffffd55e47d1c000
	src1='ffn_moe_swiglu-1':type=f32;ne=[384, 1, 64, 1];nb=[4, 1536, 1536, 98304]
[XMXConfig] device=0: M=8 N=16 K_INT8=32 K_FP16=16 SLM=131072 nsm=256 supported=1 int8=1 fp16=1 double_buf=1 max_esimd_wg=64 nbarrier=0 esimd_dpas=1
[MUL_MAT] src0 device=0 ptr=0xffffd556b6a05500 (tensor=blk.1.ffn_down_exps.weight layout=0)
[MUL_MAT] dst device=0 ptr=0xffffd55e67c2c200 (tensor=node_128)
[SYCL][OP] call ggml_sycl_mul_mat done
[MOE-AOS-REQUEST] tensor=blk.1.ffn_down_exps.weight expert=1 current=0 planned=0 requested=aos reason=device-plan
[DEBUG-MULMAT] ENTER: src0=blk.1.ffn_down_exps.weight src1=ffn_moe_swiglu-1 dst=node_128
[SYCL][OP] call ggml_sycl_mul_mat: dst='node_128':type=f32;ne=[256, 58, 1, 1];nb=[4, 1024, 59392, 59392]	src0='blk.1.ffn_down_exps.weight':type=f32;ne=[384, 256, 2, 1];nb=[4, 1536, 393216, 786432]0.02.198.715 E [SYCL][PTR] dst tensor=node_128 data=0xffffd55e67c2da00 alloc=59392 base=0xffffd55e47c9c000 size=524288 end=0xffffd55e47d1c000
	src1='ffn_moe_swiglu-1':type=f32;ne=[384, 1, 64, 1];nb=[4, 1536, 1536, 98304]
[XMXConfig] device=0: M=8 N=16 K_INT8=32 K_FP16=16 SLM=131072 nsm=256 supported=1 int8=1 fp16=1 double_buf=1 max_esimd_wg=64 nbarrier=0 esimd_dpas=1
[MUL_MAT] src0 device=0 ptr=0xffffd556b6a65500 (tensor=blk.1.ffn_down_exps.weight layout=0)
[MUL_MAT] dst device=0 ptr=0xffffd55e67c2da00 (tensor=node_128)
[SYCL][OP] call ggml_sycl_mul_mat done
[SYCL][OP] call ggml_sycl_mul_mat_id done
[DEBUG-IMPL] Node 129/140: op=36 name=blk.1.ffn_down_exps.scale (reshaped)
[DEBUG-IMPL] Node 130/140: op=20 name=node_130
[SYCL] weight cache lookup: tensor=0x22e15f00 name=blk.1.ffn_down_exps.scale (reshaped) device=0
ggml_sycl_get_data_ptr_slow: tensor=blk.1.ffn_down_exps.scale (reshaped) view_src chain -> base=blk.1.ffn_down_exps.scale, base->extra=0x205c04e0, base->data=0x78d2782c48a0, tensor->data=0x78d2782c48a0
ggml_sycl_get_data_ptr_slow: base=blk.1.ffn_down_exps.scale data=0x78d2782c48a0 ptr_type=3
[SYCL] weight cache lookup: tensor=0x22e15f00 name=blk.1.ffn_down_exps.scale (reshaped) device=0
ggml_sycl_get_data_ptr_slow: tensor=blk.1.ffn_down_exps.scale (reshaped), device=0, staging FAILED for non-device (type=0), using tensor->data=0x78d2782c48a0
ggml_sycl_get_data_ptr_slow: tensor=blk.1.ffn_down_exps.scale (reshaped), device=0, using tensor->data=0x78d2782c48a0
[RESOLVE] data_handle empty for weight tensor 'blk.1.ffn_down_exps.scale' device 0, falling through to cache lookup
[SYCL] weight cache lookup: tensor=0x2112ee20 name=blk.1.ffn_down_exps.scale device=0
[SYCL] weight cache lookup: tensor=0x2112ee20 name=blk.1.ffn_down_exps.scale device=0
ggml_sycl_get_data_ptr_slow: tensor=blk.1.ffn_down_exps.scale, device=0, staging FAILED for non-device (type=0), using tensor->data=0x78d2782c48a0
ggml_sycl_get_data_ptr_slow: tensor=blk.1.ffn_down_exps.scale, device=0, using tensor->data=0x78d2782c48a0
[SYCL] simple consumer routing declined: op=REPEAT dst=node_130 plan unavailable ctx=0
[SYCL][OP] call ggml_sycl_repeat: dst='node_130':type=f32;ne=[1, 2, 64, 1];nb=[4, 4, 8, 512]	src0='blk.1.ffn_down_exps.scale (reshaped)':type=f32;ne=[1, 2, 1, 1];nb=[4, 4, 8, 8]
[SYCL] weight cache lookup: tensor=0x22e15f00 name=blk.1.ffn_down_exps.scale (reshaped) device=0
[SYCL] weight cache lookup: tensor=0x22e15f00 name=blk.1.ffn_down_exps.scale (reshaped) device=0
0.02.198.863 E [UNIFIED-CACHE] planned-mode runtime materialization rejected op=direct_stage_weight caller=direct_stage_weight model=0 name_hash=0x2f51d65e2e10e7e6 aux=299 type=0 ne=[1,2,1,1] layout=0 graph_active=1
[SYCL-BINBCAST] staging raw host tensor=blk.1.ffn_down_exps.scale (reshaped) bytes=8 device=0 src=0x78d2782c48a0 dst=0xffffe38f1ae00000
[BINBCAST-PTR] src0=node_130 src0_host=0xffffd55e47cbc400 src0_d=0xffffd55e47cbc400
[BINBCAST-PTR] src1=blk.1.ffn_down_exps.scale (reshaped) src1_host=0x78d2782c48a0 src1_d=0xffffe38f1ae00000
[SYCL][OP] call ggml_sycl_repeat done
[DEBUG-IMPL] Node 131/140: op=40 name=node_131
[SYCL][OP] call ggml_sycl_get_rows: dst='node_131':type=f32;ne=[1, 1, 64, 1];nb=[4, 4, 4, 256]	src0='node_130':type=f32;ne=[1, 2, 64, 1];nb=[4, 4, 8, 512]	src1='ffn_moe_topk-1':type=i32;ne=[1, 64, 1, 1];nb=[4, 8, 512, 512];strided
[SYCL] weight cache lookup: tensor=0x22e16090 name=node_130 device=0
0.02.198.916 E [SYCL][PTR] src1 tensor=ffn_moe_topk-1 data=0x78d428383200 alloc=508 base=0xffffd55e47c9c000 size=524288 end=0xffffd55e47d1c000
[SYCL][OP] call ggml_sycl_get_rows done
[DEBUG-IMPL] Node 132/140: op=7 name=ffn_moe_down_scaled-1
[SYCL] simple consumer routing declined: op=MUL dst=ffn_moe_down_scaled-1 local single-device plan ctx=0 target=0
[SYCL][OP] call ggml_sycl_mul: dst='ffn_moe_down_scaled-1':type=f32;ne=[256, 1, 64, 1];nb=[4, 1024, 1024, 65536]	src0='node_128':type=f32;ne=[256, 1, 64, 1];nb=[4, 1024, 1024, 65536]	src1='node_131':type=f32;ne=[1, 1, 64, 1];nb=[4, 4, 4, 256]
[BINBCAST-PTR] src0=node_128 src0_host=0xffffd55e47cac000 src0_d=0xffffd55e47cac000
[BINBCAST-PTR] src1=node_131 src1_host=0xffffd55e47cbc000 src1_d=0xffffd55e47cbc000
[SYCL][OP] call ggml_sycl_mul done
[DEBUG-IMPL] Node 133/140: op=7 name=ffn_moe_weighted-1
[SYCL] simple consumer routing declined: op=MUL dst=ffn_moe_weighted-1 local single-device plan ctx=0 target=0
[SYCL][OP] call ggml_sycl_mul: dst='ffn_moe_weighted-1':type=f32;ne=[256, 1, 64, 1];nb=[4, 1024, 1024, 65536]	src0='ffn_moe_down_scaled-1':type=f32;ne=[256, 1, 64, 1];nb=[4, 1024, 1024, 65536]	src1='ffn_moe_weights_norm-1 (reshaped)':type=f32;ne=[1, 1, 64, 1];nb=[4, 4, 4, 256]
[BINBCAST-PTR] src0=ffn_moe_down_scaled-1 src0_host=0xffffd55e47cac000 src0_d=0xffffd55e47cac000
[BINBCAST-PTR] src1=ffn_moe_weights_norm-1 (reshaped) src1_host=0xffffd55e47cbc100 src1_d=0xffffd55e47cbc100
[SYCL][OP] call ggml_sycl_mul done
[DEBUG-IMPL] Node 134/140: op=37 name=ffn_moe_weighted-1 (view)
[DEBUG-IMPL] Node 135/140: op=35 name=ffn_moe_out-1
[SYCL] simple consumer routing declined: op=CONT dst=ffn_moe_out-1 local single-device plan ctx=0 target=0
[SYCL][OP] call ggml_sycl_dup: dst='ffn_moe_out-1':type=f32;ne=[256, 64, 1, 1];nb=[4, 1024, 65536, 65536]	src0='ffn_moe_weighted-1 (view)':type=f32;ne=[256, 64, 1, 1];nb=[4, 1024, 65536, 65536]
[SYCL][OP] call ggml_sycl_cpy: dst='ffn_moe_out-1':type=f32;ne=[256, 64, 1, 1];nb=[4, 1024, 65536, 65536]	src0='ffn_moe_weighted-1 (view)':type=f32;ne=[256, 64, 1, 1];nb=[4, 1024, 65536, 65536]
[CPY] device=0 main_stream=0x1d26bec0 tp_queue=(nil) (match=0)
[CPY DEBUG] device=0 src0=ffn_moe_weighted-1 (view)(0xffffd55e47cac000, usm=1) -> src1=ffn_moe_out-1(0xffffd55e47cbc000, usm=1) size=65536
[CPY STAGING CHECK] device=0 needs_staging=0 src0_type=1 dst_is_device=1
[CPY device=0] memcpy path: 0xffffd55e47cac000 -> 0xffffd55e47cbc000 (65536 bytes)
[CPY device=0] memcpy submitted
[SYCL][OP] call ggml_sycl_cpy done
[SYCL][OP] call ggml_sycl_dup done
[DEBUG-IMPL] Node 136/140: op=2 name=l_out-1
[DEBUG-IMPL] Node 138/140: op=7 name=result_norm
[SYCL] simple consumer routing declined: op=MUL dst=result_norm local single-device plan ctx=0 target=0
[SYCL][OP] call ggml_sycl_mul: dst='result_norm':type=f32;ne=[256, 64, 1, 1];nb=[4, 1024, 65536, 65536]	src0='norm':type=f32;ne=[256, 64, 1, 1];nb=[4, 1024, 65536, 65536]	src1='output_norm.weight':type=f32;ne=[256, 1, 1, 1];nb=[4, 1024, 1024, 1024]
[SYCL-MUL-DBG] device=0 graph_recording=0 dst=result_norm src0=norm src1=output_norm.weight src0_ptr=0xffffd55e47cbc000 src1_ptr=0xffffd556b6420000 dst_ptr=0xffffd55e47cbc000 src0_layout=none src1_layout=aos last_graph_event=0 has_barrier=0 exec_graph=0 graph_nodes=0 graph_decode=0
[BINBCAST-PTR] src0=norm src0_host=0xffffd55e47cbc000 src0_d=0xffffd55e47cbc000
[BINBCAST-PTR] src1=output_norm.weight src1_host=0x78d277c20040 src1_d=0xffffd556b6420000
[SYCL][OP] call ggml_sycl_mul done
[DEBUG-IMPL] Node 139/140: op=29 name=result_output
[SYCL] simple consumer routing declined: op=MUL_MAT dst=result_output plan unavailable ctx=0
[DEBUG-MULMAT] ENTER: src0=output.weight src1=result_norm dst=result_output
[SYCL][OP] call ggml_sycl_mul_mat: dst='result_output':type=f32;ne=[128, 64, 1, 1];nb=[4, 512, 32768, 32768]	src0='output.weight':type=f32;ne=[256, 128, 1, 1];nb=[4, 1024, 131072, 131072]	src1='result_norm':type=f32;ne=[256, 64, 1, 1];nb=[4, 1024, 65536, 65536]
[XMXConfig] device=0: M=8 N=16 K_INT8=32 K_FP16=16 SLM=131072 nsm=256 supported=1 int8=1 fp16=1 double_buf=1 max_esimd_wg=64 nbarrier=0 esimd_dpas=1
[SYCL] output.weight dispatch kernel=ONEDNN_AOS layout=0 batch=64
[MUL_MAT] src0 device=0 ptr=0xffffd556b6421400 (tensor=output.weight layout=0)
[MUL_MAT] dst device=0 ptr=0xffffd55e47c9c000 (tensor=result_output)
[SYCL] weight cache lookup: tensor=0x2112a000 name=output.weight device=0
[SYCL][OP] call ggml_sycl_mul_mat done
[GRAPH-UNPIN] Released 0 graph MoE expert mem_handle leases
[GRAPH-UNPIN-WEIGHTS] Released 0 graph weight mem_handle leases
[SYCL] call ggml_backend_sycl_get_tensor_async: tensor='result_output':type=f32;ne=[128, 64, 1, 1];nb=[4, 512, 32768, 32768] size=32768 offset=0
[SYCL] call ggml_backend_sycl_synchronize
[SYCL] call ggml_backend_sycl_synchronize
[SYCL] call ggml_backend_sycl_synchronize
[SYCL] call ggml_backend_sycl_synchronize
[SYCL] call ggml_backend_sycl_synchronize
[SYCL] call ggml_backend_sycl_synchronize
[SYCL] call ggml_backend_sycl_synchronize
[SYCL] call ggml_backend_sycl_synchronize
[SYCL] call ggml_backend_sycl_synchronize
[SYCL] call ggml_backend_sycl_synchronize
[SYCL] call ggml_backend_sycl_synchronize
[SYCL] call ggml_backend_sycl_synchronize
[SYCL] call ggml_backend_sycl_synchronize
[SYCL] call ggml_backend_sycl_synchronize
[SYCL] call ggml_backend_sycl_synchronize
[SYCL] call ggml_backend_sycl_synchronize
[SYCL] call ggml_backend_sycl_synchronize
[SYCL] call ggml_backend_sycl_synchronize
[SYCL] call ggml_backend_sycl_synchronize
[SYCL] call ggml_backend_sycl_synchronize
[SYCL] call ggml_backend_sycl_synchronize
[SYCL] call ggml_backend_sycl_synchronize
[SYCL] call ggml_backend_sycl_synchronize
[SYCL] call ggml_backend_sycl_synchronize
[SYCL] call ggml_backend_sycl_synchronize
[SYCL] call ggml_backend_sycl_synchronize
[SYCL] call ggml_backend_sycl_synchronize
[SYCL] call ggml_backend_sycl_synchronize
[SYCL] call ggml_backend_sycl_synchronize
[SYCL] call ggml_backend_sycl_synchronize
[SYCL] call ggml_backend_sycl_synchronize
[SYCL] call ggml_backend_sycl_synchronize
[SYCL] call ggml_backend_sycl_synchronize
[SYCL] call ggml_backend_sycl_synchronize
[SYCL] call ggml_backend_sycl_synchronize
[SYCL] call ggml_backend_sycl_synchronize
[SYCL] call ggml_backend_sycl_synchronize
[SYCL] call ggml_backend_sycl_synchronize
[SYCL] call ggml_backend_sycl_synchronize
[SYCL] call ggml_backend_sycl_synchronize
[SYCL] call ggml_backend_sycl_synchronize
[SYCL] call ggml_backend_sycl_synchronize
[SYCL] call ggml_backend_sycl_synchronize
[SYCL] call ggml_backend_sycl_synchronize
[SYCL] call ggml_backend_sycl_synchronize
[SYCL] call ggml_backend_sycl_synchronize
[SYCL] call ggml_backend_sycl_synchronize
[SYCL] call ggml_backend_sycl_synchronize
[SYCL] call ggml_backend_sycl_synchronize
[SYCL] call ggml_backend_sycl_synchronize
[SYCL] call ggml_backend_sycl_synchronize
[SYCL] call ggml_backend_sycl_synchronize
[SYCL] call ggml_backend_sycl_synchronize
[SYCL] call ggml_backend_sycl_synchronize
[SYCL] call ggml_backend_sycl_synchronize
[SYCL] call ggml_backend_sycl_synchronize
[SYCL] call ggml_backend_sycl_synchronize
[SYCL] call ggml_backend_sycl_synchronize
[SYCL] call ggml_backend_sycl_synchronize
[SYCL] call ggml_backend_sycl_synchronize
[SYCL] call ggml_backend_sycl_synchronize
[SYCL] call ggml_backend_sycl_synchronize
[SYCL] call ggml_backend_sycl_synchronize
[SYCL] call ggml_backend_sycl_synchronize
[SYCL] call ggml_backend_sycl_synchronize
[SYCL] call ggml_backend_sycl_synchronize
[SYCL] call ggml_backend_sycl_synchronize
[SYCL] call ggml_backend_sycl_synchronize
[SYCL] call ggml_backend_sycl_synchronize
[SYCL] call ggml_backend_sycl_synchronize
[SYCL] call ggml_backend_sycl_synchronize
[SYCL] call ggml_backend_sycl_synchronize
[SYCL] call ggml_backend_sycl_synchronize
[SYCL] call ggml_backend_sycl_synchronize
[SYCL] call ggml_backend_sycl_synchronize
[SYCL] call ggml_backend_sycl_synchronize
[SYCL] call ggml_backend_sycl_synchronize
[SYCL] call ggml_backend_sycl_synchronize
[SYCL] call ggml_backend_sycl_synchronize
[SYCL] call ggml_backend_sycl_synchronize
[SYCL] call ggml_backend_sycl_synchronize
[SYCL] call ggml_backend_sycl_synchronize
[SYCL] call ggml_backend_sycl_synchronize
[SYCL] call ggml_backend_sycl_synchronize
[SYCL] call ggml_backend_sycl_synchronize
[SYCL] call ggml_backend_sycl_synchronize
[SYCL] call ggml_backend_sycl_synchronize
[SYCL] call ggml_backend_sycl_synchronize
[SYCL] call ggml_backend_sycl_synchronize
[SYCL] call ggml_backend_sycl_synchronize
[SYCL] call ggml_backend_sycl_synchronize
[SYCL] call ggml_backend_sycl_synchronize
[SYCL] call ggml_backend_sycl_synchronize
[SYCL] call ggml_backend_sycl_synchronize
[SYCL] call ggml_backend_sycl_synchronize
[SYCL] call ggml_backend_sycl_synchronize
[SYCL] call ggml_backend_sycl_synchronize
[SYCL] call ggml_backend_sycl_synchronize
[SYCL] call ggml_backend_sycl_synchronize
[SYCL] call ggml_backend_sycl_synchronize
[SYCL] call ggml_backend_sycl_synchronize
[SYCL] call ggml_backend_sycl_synchronize
[SYCL] call ggml_backend_sycl_synchronize
[SYCL] call ggml_backend_sycl_synchronize
[SYCL] call ggml_backend_sycl_synchronize
[SYCL] call ggml_backend_sycl_synchronize
[SYCL] call ggml_backend_sycl_synchronize
[SYCL] call ggml_backend_sycl_synchronize
[SYCL] call ggml_backend_sycl_synchronize
[SYCL] call ggml_backend_sycl_synchronize
[SYCL] call ggml_backend_sycl_synchronize
[SYCL] call ggml_backend_sycl_synchronize
[SYCL] call ggml_backend_sycl_synchronize
[SYCL] call ggml_backend_sycl_synchronize
[SYCL] call ggml_backend_sycl_synchronize
[SYCL] call ggml_backend_sycl_synchronize
[SYCL] call ggml_backend_sycl_synchronize
[SYCL] call ggml_backend_sycl_synchronize
[SYCL] call ggml_backend_sycl_synchronize
[SYCL] call ggml_backend_sycl_synchronize
[SYCL] call ggml_backend_sycl_synchronize
[SYCL] call ggml_backend_sycl_synchronize
[SYCL] call ggml_backend_sycl_synchronize
[SYCL] call ggml_backend_sycl_synchronize
[SYCL] call ggml_backend_sycl_synchronize
[SYCL] call ggml_backend_sycl_synchronize
[SYCL] call ggml_backend_sycl_synchronize
[SYCL] call ggml_backend_sycl_synchronize
[UNIFIED-CACHE] reclaim_weight_entries preserving leased model weight model=0 name_hash=0xfa2cebe23c7ce880 layout=0 leases=2 owners=0x00000001 site=mem_handle/copy-assign
[UNIFIED-CACHE] reclaim_weight_entries preserving leased model weight model=0 name_hash=0x81cb139cf9389c1a layout=0 leases=2 owners=0x00000001 site=mem_handle/copy-assign
[UNIFIED-CACHE] reclaim_weight_entries preserving leased model weight model=0 name_hash=0x79309297d69c2863 layout=0 leases=2 owners=0x00000001 site=mem_handle/copy-assign
[UNIFIED-CACHE] reclaim_weight_entries preserving leased model weight model=0 name_hash=0x8ef83253410b0357 layout=0 leases=2 owners=0x00000001 site=mem_handle/copy-assign
[UNIFIED-CACHE] reclaim_weight_entries preserving leased model weight model=0 name_hash=0x4b836cca1e4139c2 layout=0 leases=2 owners=0x00000001 site=mem_handle/copy-assign
[UNIFIED-CACHE] reclaim_weight_entries preserving leased model weight model=0 name_hash=0x1fa7b913e22dad38 layout=0 leases=2 owners=0x00000001 site=mem_handle/copy-assign
[UNIFIED-CACHE] reclaim_weight_entries preserving leased model weight model=0 name_hash=0xcce9ad7a5c60a427 layout=0 leases=2 owners=0x00000001 site=mem_handle/copy-assign
[UNIFIED-CACHE] reclaim_weight_entries preserving leased model weight model=0 name_hash=0xbf5048183c11916b layout=0 leases=2 owners=0x00000001 site=mem_handle/copy-assign
[UNIFIED-CACHE] reclaim_weight_entries preserving leased model weight model=0 name_hash=0x53bcfe044f0d7ab3 layout=0 leases=2 owners=0x00000001 site=extra->data_handle[]/preload_model_weights(dense-pin)
[UNIFIED-CACHE] reclaim_weight_entries preserving leased model weight model=0 name_hash=0x521b1f4d40cd780a layout=0 leases=2 owners=0x00000001 site=extra->data_handle[]/preload_model_weights(dense-pin)
[UNIFIED-CACHE] reclaim_weight_entries preserving leased model weight model=0 name_hash=0x311b9ae764a4abcf layout=0 leases=2 owners=0x00000001 site=extra->data_handle[]/preload_model_weights(dense-pin)
[UNIFIED-CACHE] reclaim_weight_entries preserving leased model weight model=0 name_hash=0xe9ca1d4053ae41f9 layout=0 leases=2 owners=0x00000001 site=extra->data_handle[]/preload_model_weights(dense-pin)
[UNIFIED-CACHE] reclaim_weight_entries preserving leased model weight model=0 name_hash=0xcaf5b0fcacce6aea layout=0 leases=2 owners=0x00000001 site=extra->data_handle[]/preload_model_weights(dense-pin)
[UNIFIED-CACHE] reclaim_weight_entries preserving leased model weight model=0 name_hash=0xe5a443ece75be10e layout=0 leases=2 owners=0x00000001 site=extra->data_handle[]/preload_model_weights(dense-pin)
[UNIFIED-CACHE] reclaim_weight_entries preserving leased model weight model=0 name_hash=0x28e162c724839a layout=0 leases=2 owners=0x00000001 site=extra->data_handle[]/preload_model_weights(dense-pin)
[UNIFIED-CACHE] reclaim_weight_entries preserving leased model weight model=0 name_hash=0xc0bcce7fc727feb8 layout=0 leases=2 owners=0x00000001 site=extra->data_handle[]/preload_model_weights(dense-pin)
[UNIFIED-CACHE] reclaim_weight_entries preserving leased model weight model=0 name_hash=0x64cda8f8043233df layout=0 leases=2 owners=0x00000001 site=extra->data_handle[]/preload_model_weights(dense-pin)
[UNIFIED-CACHE] reclaim_weight_entries preserving leased model weight model=0 name_hash=0xde9943e34534adc3 layout=0 leases=2 owners=0x00000001 site=extra->data_handle[]/preload_model_weights(dense-pin)
[UNIFIED-CACHE] reclaim_weight_entries preserving leased model weight model=0 name_hash=0x213f84667dda1dba layout=0 leases=2 owners=0x00000001 site=extra->data_handle[]/preload_model_weights(dense-pin)
[UNIFIED-CACHE] reclaim_weight_entries preserving leased model weight model=0 name_hash=0xc65810b3308e2a65 layout=0 leases=2 owners=0x00000001 site=extra->data_handle[]/preload_model_weights(dense-pin)
[UNIFIED-CACHE] reclaim_weight_entries preserving leased model weight model=0 name_hash=0xa038863d6bb466d9 layout=0 leases=2 owners=0x00000001 site=mem_handle/copy-assign
[UNIFIED-CACHE] reclaim_weight_entries preserving leased model weight model=0 name_hash=0xd04126154633d92a layout=0 leases=2 owners=0x00000001 site=extra->data_handle[]/preload_model_weights(dense-pin)
[UNIFIED-CACHE] reclaim_weight_entries preserving leased model weight model=0 name_hash=0xfbcd64193ed7dd81 layout=0 leases=2 owners=0x00000001 site=mem_handle/copy-assign
[UNIFIED-CACHE] reclaim_weight_entries preserving leased model weight model=0 name_hash=0xa7c2590f0166f6b0 layout=0 leases=2 owners=0x00000001 site=extra->data_handle[]/preload_model_weights(dense-pin)
[UNIFIED-CACHE] reclaim_weight_entries preserving leased model weight model=0 name_hash=0xd300609ad66701b8 layout=0 leases=2 owners=0x00000001 site=mem_handle/copy-assign
[UNIFIED-CACHE] reclaim_weight_entries preserving leased model weight model=0 name_hash=0xeb54b67e9f099c46 layout=0 leases=2 owners=0x00000001 site=extra->data_handle[]/preload_model_weights(dense-pin)
[UNIFIED-CACHE] reclaim_weight_entries preserving leased model weight model=0 name_hash=0xa7d836df53ff49d4 layout=0 leases=2 owners=0x00000001 site=extra->data_handle[]/preload_model_weights(dense-pin)
[UNIFIED-CACHE] reclaim_weight_entries preserving leased model weight model=0 name_hash=0x6059a543aef7dbb7 layout=0 leases=2 owners=0x00000001 site=extra->data_handle[]/preload_model_weights(dense-pin)
[UNIFIED-CACHE] reclaim_weight_entries preserving leased model weight model=0 name_hash=0xb09204520b9c97f0 layout=0 leases=2 owners=0x00000001 site=extra->data_handle[]/preload_model_weights(dense-pin)
[UNIFIED-CACHE] reclaim_weight_entries preserving leased model weight model=0 name_hash=0x4e1cae023ae18c67 layout=0 leases=2 owners=0x00000001 site=extra->data_handle[]/preload_model_weights(dense-pin)
[UNIFIED-CACHE] reclaim_weight_entries preserving leased model weight model=0 name_hash=0x47466764d37e580d layout=0 leases=2 owners=0x00000001 site=extra->data_handle[]/preload_model_weights(dense-pin)
[UNIFIED-CACHE] reclaim_weight_entries preserving leased model weight model=0 name_hash=0xae8ba76e3b151d9e layout=0 leases=2 owners=0x00000001 site=extra->data_handle[]/preload_model_weights(dense-pin)
[UNIFIED-CACHE] reclaim_weight_entries preserving leased model weight model=0 name_hash=0xf6a1f79a2dffe780 layout=0 leases=2 owners=0x00000001 site=extra->data_handle[]/preload_model_weights(dense-pin)
[UNIFIED-CACHE] reclaim_weight_entries preserving leased model weight model=0 name_hash=0xe30c0751e9ab32a9 layout=0 leases=2 owners=0x00000001 site=extra->data_handle[]/preload_model_weights(dense-pin)
[UNIFIED-CACHE] reclaim_weight_entries preserving leased model weight model=0 name_hash=0xaed088ad06d329a3 layout=0 leases=2 owners=0x00000001 site=extra->data_handle[]/preload_model_weights(dense-pin)
[UNIFIED-CACHE] reclaim_weight_entries preserving leased model weight model=0 name_hash=0xdf7c04510f974718 layout=0 leases=2 owners=0x00000001 site=extra->data_handle[]/preload_model_weights(dense-pin)
[UNIFIED-CACHE] reclaim_weight_entries preserving leased model weight model=0 name_hash=0x6bbc0b27530c18fc layout=0 leases=2 owners=0x00000001 site=extra->data_handle[]/preload_model_weights(dense-pin)
[UNIFIED-CACHE] reclaim_weight_entries preserving leased model weight model=0 name_hash=0xb235334776d9c72d layout=0 leases=2 owners=0x00000001 site=extra->data_handle[]/preload_model_weights(dense-pin)
[UNIFIED-CACHE] reclaim_weight_entries preserving leased model weight model=0 name_hash=0xe34f3e7aafdba3a5 layout=0 leases=2 owners=0x00000001 site=extra->data_handle[]/preload_model_weights(dense-pin)
[UNIFIED-CACHE] reclaim_weight_entries preserving leased model weight model=0 name_hash=0x5f062fc81c4478b3 layout=0 leases=2 owners=0x00000001 site=mem_handle/copy-assign
[UNIFIED-CACHE] reclaim_weight_entries preserving leased model weight model=0 name_hash=0xd16c818664a0cc0a layout=0 leases=2 owners=0x00000001 site=extra->data_handle[]/preload_model_weights(dense-pin)
[UNIFIED-CACHE] reclaim_weight_entries preserving leased model weight model=0 name_hash=0x3779a6d76e4c7ee2 layout=0 leases=2 owners=0x00000001 site=extra->data_handle[]/preload_model_weights(dense-pin)
[UNIFIED-CACHE] reclaim_weight_entries preserving leased model weight model=0 name_hash=0xe4065a55adaaf03f layout=0 leases=2 owners=0x00000001 site=extra->data_handle[]/preload_model_weights(dense-pin)
[UNIFIED-CACHE] reclaim_weight_entries preserving leased model weight model=0 name_hash=0xd46dcd1b728c981f layout=0 leases=2 owners=0x00000001 site=extra->data_handle[]/preload_model_weights(dense-pin)
[UNIFIED-CACHE] reclaim_weight_entries preserving leased model weight model=0 name_hash=0xab8cfe3bf6a50b9c layout=0 leases=2 owners=0x00000001 site=extra->data_handle[]/preload_model_weights(dense-pin)
[UNIFIED-CACHE] reclaim_weight_entries preserving leased model weight model=0 name_hash=0x3a931c14a53d5960 layout=0 leases=2 owners=0x00000001 site=extra->data_handle[]/preload_model_weights(dense-pin)
[UNIFIED-CACHE] reclaim_weight_entries preserving leased model weight model=0 name_hash=0x38771636bce5a702 layout=0 leases=2 owners=0x00000001 site=extra->data_handle[]/preload_model_weights(dense-pin)
[UNIFIED-CACHE] reclaim_weight_entries preserving leased model weight model=0 name_hash=0x3ba5a6821b6511e0 layout=0 leases=2 owners=0x00000001 site=extra->data_handle[]/preload_model_weights(dense-pin)
[UNIFIED-CACHE] reclaim_weight_entries preserving leased model weight model=0 name_hash=0x15380309041992d9 layout=0 leases=2 owners=0x00000001 site=extra->data_handle[]/preload_model_weights(dense-pin)
[UNIFIED-CACHE] reclaim_weight_entries preserving leased model weight model=0 name_hash=0x4599df1b04c6b9fb layout=0 leases=2 owners=0x00000001 site=extra->data_handle[]/preload_model_weights(dense-pin)
[UNIFIED-CACHE] reclaim_weight_entries preserving leased model weight model=0 name_hash=0xe7d3c5e727a81c4d layout=0 leases=2 owners=0x00000001 site=extra->data_handle[]/preload_model_weights(dense-pin)
[UNIFIED-CACHE] reclaim_weight_entries preserving leased model weight model=0 name_hash=0xef3db2028fcb16a3 layout=0 leases=2 owners=0x00000001 site=extra->data_handle[]/preload_model_weights(dense-pin)
[UNIFIED-CACHE] reclaim_weight_entries preserving leased model weight model=0 name_hash=0x348b7dd451046514 layout=0 leases=2 owners=0x00000001 site=extra->data_handle[]/preload_model_weights(dense-pin)
[UNIFIED-CACHE] reclaim_weight_entries preserving leased model weight model=0 name_hash=0xad045d15402c08d3 layout=0 leases=2 owners=0x00000001 site=extra->data_handle[]/preload_model_weights(dense-pin)
[UNIFIED-CACHE] reclaim weight entries(load-boundary): erased 0 unpinned 0
[ZONE-RESET-AUDIT] NEW-ESCAPE site=weight-reclaim/load-boundary:dev0 graph=6 alloc_id=6033976895229229747 size=2048 role=0 category=2 tier=0 cohort=weight:leased
[UNIFIED-CACHE] reclaim weight entries(load-boundary): erased 0 unpinned 0
[SYCL] call ggml_backend_sycl_init
[SYCL] call ggml_backend_sycl_get_device_memory
[SYCL] call ggml_backend_sycl_get_device_memory
[SYCL] call ggml_backend_sycl_get_device_memory
[MEM-QUERY] dev=1 free=572.2 MB total=16304.0 MB consumed=15731.8 MB
[PLACEMENT-MOE-MULTI-TRACE] entries=24 xmx=0 soa=0 alt_entries=0 alt_layouts=0 alt_soa=0 kv_ubatch=512 top_k=1 envelope=1 envelope_ubatch=0 mode=1
SYCL TP: Freed all persistent FFN buffers via unified-cache handles
SYCL TP: Freed all persistent attention buffers
[MEM-HANDLE] released 0 command-graph retained leases
[GRAPH-UNPIN] Released 0 graph MoE expert mem_handle leases
[GRAPH-UNPIN-WEIGHTS] Released 0 graph weight mem_handle leases
[SYCL] call ggml_backend_sycl_host_buffer_type
[SYCL] call ggml_backend_sycl_init
[SYCL] call ggml_backend_sycl_get_device_memory
[MEM-QUERY] dev=0 free=467.0 MB total=32656.0 MB consumed=32189.0 MB
[SYCL] call ggml_backend_sycl_get_device_memory
[SYCL] call ggml_backend_sycl_get_device_memory
[PLACEMENT-MOE-MULTI-TRACE] entries=24 xmx=0 soa=0 alt_entries=0 alt_layouts=0 alt_soa=0 kv_ubatch=512 top_k=1 envelope=1 envelope_ubatch=0 mode=1
SYCL TP: Freed all persistent FFN buffers via unified-cache handles
SYCL TP: Freed all persistent attention buffers
[MEM-HANDLE] released 0 command-graph retained leases
[GRAPH-UNPIN] Released 0 graph MoE expert mem_handle leases
[GRAPH-UNPIN-WEIGHTS] Released 0 graph weight mem_handle leases
[SYCL] Host buffer alloc: 6.8 MB via unified-cache
[UNIFIED-CACHE] reclaim weight entries(mid-load-replan): erased 0 unpinned 0
[UNIFIED-CACHE] reclaim_weight_entries preserving leased model weight model=0 name_hash=0xfa2cebe23c7ce880 layout=0 leases=2 owners=0x00000001 site=mem_handle/copy-assign
[UNIFIED-CACHE] reclaim_weight_entries preserving leased model weight model=0 name_hash=0x81cb139cf9389c1a layout=0 leases=2 owners=0x00000001 site=mem_handle/copy-assign
[UNIFIED-CACHE] reclaim_weight_entries preserving leased model weight model=0 name_hash=0x79309297d69c2863 layout=0 leases=2 owners=0x00000001 site=mem_handle/copy-assign
[UNIFIED-CACHE] reclaim_weight_entries preserving leased model weight model=0 name_hash=0x8ef83253410b0357 layout=0 leases=2 owners=0x00000001 site=mem_handle/copy-assign
[UNIFIED-CACHE] reclaim_weight_entries preserving leased model weight model=0 name_hash=0x4b836cca1e4139c2 layout=0 leases=2 owners=0x00000001 site=mem_handle/copy-assign
[UNIFIED-CACHE] reclaim_weight_entries preserving leased model weight model=0 name_hash=0x1fa7b913e22dad38 layout=0 leases=2 owners=0x00000001 site=mem_handle/copy-assign
[UNIFIED-CACHE] reclaim_weight_entries preserving leased model weight model=0 name_hash=0xcce9ad7a5c60a427 layout=0 leases=2 owners=0x00000001 site=mem_handle/copy-assign
[UNIFIED-CACHE] reclaim_weight_entries preserving leased model weight model=0 name_hash=0xbf5048183c11916b layout=0 leases=2 owners=0x00000001 site=mem_handle/copy-assign
[UNIFIED-CACHE] reclaim_weight_entries preserving leased model weight model=0 name_hash=0x53bcfe044f0d7ab3 layout=0 leases=2 owners=0x00000001 site=extra->data_handle[]/preload_model_weights(dense-pin)
[UNIFIED-CACHE] reclaim_weight_entries preserving leased model weight model=0 name_hash=0x521b1f4d40cd780a layout=0 leases=2 owners=0x00000001 site=extra->data_handle[]/preload_model_weights(dense-pin)
[UNIFIED-CACHE] reclaim_weight_entries preserving leased model weight model=0 name_hash=0x311b9ae764a4abcf layout=0 leases=2 owners=0x00000001 site=extra->data_handle[]/preload_model_weights(dense-pin)
[UNIFIED-CACHE] reclaim_weight_entries preserving leased model weight model=0 name_hash=0xe9ca1d4053ae41f9 layout=0 leases=2 owners=0x00000001 site=extra->data_handle[]/preload_model_weights(dense-pin)
[UNIFIED-CACHE] reclaim_weight_entries preserving leased model weight model=0 name_hash=0xcaf5b0fcacce6aea layout=0 leases=2 owners=0x00000001 site=extra->data_handle[]/preload_model_weights(dense-pin)
[UNIFIED-CACHE] reclaim_weight_entries preserving leased model weight model=0 name_hash=0xe5a443ece75be10e layout=0 leases=2 owners=0x00000001 site=extra->data_handle[]/preload_model_weights(dense-pin)
[UNIFIED-CACHE] reclaim_weight_entries preserving leased model weight model=0 name_hash=0x28e162c724839a layout=0 leases=2 owners=0x00000001 site=extra->data_handle[]/preload_model_weights(dense-pin)
[UNIFIED-CACHE] reclaim_weight_entries preserving leased model weight model=0 name_hash=0xc0bcce7fc727feb8 layout=0 leases=2 owners=0x00000001 site=extra->data_handle[]/preload_model_weights(dense-pin)
[UNIFIED-CACHE] reclaim_weight_entries preserving leased model weight model=0 name_hash=0x64cda8f8043233df layout=0 leases=2 owners=0x00000001 site=extra->data_handle[]/preload_model_weights(dense-pin)
[UNIFIED-CACHE] reclaim_weight_entries preserving leased model weight model=0 name_hash=0xde9943e34534adc3 layout=0 leases=2 owners=0x00000001 site=extra->data_handle[]/preload_model_weights(dense-pin)
[UNIFIED-CACHE] reclaim_weight_entries preserving leased model weight model=0 name_hash=0x213f84667dda1dba layout=0 leases=2 owners=0x00000001 site=extra->data_handle[]/preload_model_weights(dense-pin)
[UNIFIED-CACHE] reclaim_weight_entries preserving leased model weight model=0 name_hash=0xc65810b3308e2a65 layout=0 leases=2 owners=0x00000001 site=extra->data_handle[]/preload_model_weights(dense-pin)
[UNIFIED-CACHE] reclaim_weight_entries preserving leased model weight model=0 name_hash=0xa038863d6bb466d9 layout=0 leases=2 owners=0x00000001 site=mem_handle/copy-assign
[UNIFIED-CACHE] reclaim_weight_entries preserving leased model weight model=0 name_hash=0xd04126154633d92a layout=0 leases=2 owners=0x00000001 site=extra->data_handle[]/preload_model_weights(dense-pin)
[UNIFIED-CACHE] reclaim_weight_entries preserving leased model weight model=0 name_hash=0xfbcd64193ed7dd81 layout=0 leases=2 owners=0x00000001 site=mem_handle/copy-assign
[UNIFIED-CACHE] reclaim_weight_entries preserving leased model weight model=0 name_hash=0xa7c2590f0166f6b0 layout=0 leases=2 owners=0x00000001 site=extra->data_handle[]/preload_model_weights(dense-pin)
[UNIFIED-CACHE] reclaim_weight_entries preserving leased model weight model=0 name_hash=0xd300609ad66701b8 layout=0 leases=2 owners=0x00000001 site=mem_handle/copy-assign
[UNIFIED-CACHE] reclaim_weight_entries preserving leased model weight model=0 name_hash=0xeb54b67e9f099c46 layout=0 leases=2 owners=0x00000001 site=extra->data_handle[]/preload_model_weights(dense-pin)
[UNIFIED-CACHE] reclaim_weight_entries preserving leased model weight model=0 name_hash=0xa7d836df53ff49d4 layout=0 leases=2 owners=0x00000001 site=extra->data_handle[]/preload_model_weights(dense-pin)
[UNIFIED-CACHE] reclaim_weight_entries preserving leased model weight model=0 name_hash=0x6059a543aef7dbb7 layout=0 leases=2 owners=0x00000001 site=extra->data_handle[]/preload_model_weights(dense-pin)
[UNIFIED-CACHE] reclaim_weight_entries preserving leased model weight model=0 name_hash=0xb09204520b9c97f0 layout=0 leases=2 owners=0x00000001 site=extra->data_handle[]/preload_model_weights(dense-pin)
[UNIFIED-CACHE] reclaim_weight_entries preserving leased model weight model=0 name_hash=0x4e1cae023ae18c67 layout=0 leases=2 owners=0x00000001 site=extra->data_handle[]/preload_model_weights(dense-pin)
[UNIFIED-CACHE] reclaim_weight_entries preserving leased model weight model=0 name_hash=0x47466764d37e580d layout=0 leases=2 owners=0x00000001 site=extra->data_handle[]/preload_model_weights(dense-pin)
[UNIFIED-CACHE] reclaim_weight_entries preserving leased model weight model=0 name_hash=0xae8ba76e3b151d9e layout=0 leases=2 owners=0x00000001 site=extra->data_handle[]/preload_model_weights(dense-pin)
[UNIFIED-CACHE] reclaim_weight_entries preserving leased model weight model=0 name_hash=0xf6a1f79a2dffe780 layout=0 leases=2 owners=0x00000001 site=extra->data_handle[]/preload_model_weights(dense-pin)
[UNIFIED-CACHE] reclaim_weight_entries preserving leased model weight model=0 name_hash=0xe30c0751e9ab32a9 layout=0 leases=2 owners=0x00000001 site=extra->data_handle[]/preload_model_weights(dense-pin)
[UNIFIED-CACHE] reclaim_weight_entries preserving leased model weight model=0 name_hash=0xaed088ad06d329a3 layout=0 leases=2 owners=0x00000001 site=extra->data_handle[]/preload_model_weights(dense-pin)
[UNIFIED-CACHE] reclaim_weight_entries preserving leased model weight model=0 name_hash=0xdf7c04510f974718 layout=0 leases=2 owners=0x00000001 site=extra->data_handle[]/preload_model_weights(dense-pin)
[UNIFIED-CACHE] reclaim_weight_entries preserving leased model weight model=0 name_hash=0x6bbc0b27530c18fc layout=0 leases=2 owners=0x00000001 site=extra->data_handle[]/preload_model_weights(dense-pin)
[UNIFIED-CACHE] reclaim_weight_entries preserving leased model weight model=0 name_hash=0xb235334776d9c72d layout=0 leases=2 owners=0x00000001 site=extra->data_handle[]/preload_model_weights(dense-pin)
[UNIFIED-CACHE] reclaim_weight_entries preserving leased model weight model=0 name_hash=0xe34f3e7aafdba3a5 layout=0 leases=2 owners=0x00000001 site=extra->data_handle[]/preload_model_weights(dense-pin)
[UNIFIED-CACHE] reclaim_weight_entries preserving leased model weight model=0 name_hash=0x5f062fc81c4478b3 layout=0 leases=2 owners=0x00000001 site=mem_handle/copy-assign
[UNIFIED-CACHE] reclaim_weight_entries preserving leased model weight model=0 name_hash=0xd16c818664a0cc0a layout=0 leases=2 owners=0x00000001 site=extra->data_handle[]/preload_model_weights(dense-pin)
[UNIFIED-CACHE] reclaim_weight_entries preserving leased model weight model=0 name_hash=0x3779a6d76e4c7ee2 layout=0 leases=2 owners=0x00000001 site=extra->data_handle[]/preload_model_weights(dense-pin)
[UNIFIED-CACHE] reclaim_weight_entries preserving leased model weight model=0 name_hash=0xe4065a55adaaf03f layout=0 leases=2 owners=0x00000001 site=extra->data_handle[]/preload_model_weights(dense-pin)
[UNIFIED-CACHE] reclaim_weight_entries preserving leased model weight model=0 name_hash=0xd46dcd1b728c981f layout=0 leases=2 owners=0x00000001 site=extra->data_handle[]/preload_model_weights(dense-pin)
[UNIFIED-CACHE] reclaim_weight_entries preserving leased model weight model=0 name_hash=0xab8cfe3bf6a50b9c layout=0 leases=2 owners=0x00000001 site=extra->data_handle[]/preload_model_weights(dense-pin)
[UNIFIED-CACHE] reclaim_weight_entries preserving leased model weight model=0 name_hash=0x3a931c14a53d5960 layout=0 leases=2 owners=0x00000001 site=extra->data_handle[]/preload_model_weights(dense-pin)
[UNIFIED-CACHE] reclaim_weight_entries preserving leased model weight model=0 name_hash=0x38771636bce5a702 layout=0 leases=2 owners=0x00000001 site=extra->data_handle[]/preload_model_weights(dense-pin)
[UNIFIED-CACHE] reclaim_weight_entries preserving leased model weight model=0 name_hash=0x3ba5a6821b6511e0 layout=0 leases=2 owners=0x00000001 site=extra->data_handle[]/preload_model_weights(dense-pin)
[UNIFIED-CACHE] reclaim_weight_entries preserving leased model weight model=0 name_hash=0x15380309041992d9 layout=0 leases=2 owners=0x00000001 site=extra->data_handle[]/preload_model_weights(dense-pin)
[UNIFIED-CACHE] reclaim_weight_entries preserving leased model weight model=0 name_hash=0x4599df1b04c6b9fb layout=0 leases=2 owners=0x00000001 site=extra->data_handle[]/preload_model_weights(dense-pin)
[UNIFIED-CACHE] reclaim_weight_entries preserving leased model weight model=0 name_hash=0xe7d3c5e727a81c4d layout=0 leases=2 owners=0x00000001 site=extra->data_handle[]/preload_model_weights(dense-pin)
[UNIFIED-CACHE] reclaim_weight_entries preserving leased model weight model=0 name_hash=0xef3db2028fcb16a3 layout=0 leases=2 owners=0x00000001 site=extra->data_handle[]/preload_model_weights(dense-pin)
[UNIFIED-CACHE] reclaim_weight_entries preserving leased model weight model=0 name_hash=0x348b7dd451046514 layout=0 leases=2 owners=0x00000001 site=extra->data_handle[]/preload_model_weights(dense-pin)
[UNIFIED-CACHE] reclaim_weight_entries preserving leased model weight model=0 name_hash=0xad045d15402c08d3 layout=0 leases=2 owners=0x00000001 site=extra->data_handle[]/preload_model_weights(dense-pin)
[UNIFIED-CACHE] reclaim weight entries(mid-load-replan): erased 0 unpinned 0
[ZONE-RESET-AUDIT] NEW-ESCAPE site=weight-reclaim/mid-load-replan:dev0 graph=6 alloc_id=6033976895229229747 size=2048 role=0 category=2 tier=0 cohort=weight:leased
[SYCL] weight cache lookup: tensor=0x1f2d2760 name=token_embd.weight device=0
[SYCL] weight cache lookup: tensor=0x1f2d28f0 name=output_norm.weight device=0
[SYCL] weight cache lookup: tensor=0x1f2d2c10 name=blk.0.attn_norm.weight device=0
[SYCL] weight cache lookup: tensor=0x1f2d3a20 name=blk.0.ffn_norm.weight device=0
[SYCL] weight cache lookup: tensor=0x1f2d4380 name=blk.1.attn_norm.weight device=0
[SYCL] weight cache lookup: tensor=0x1f2d5190 name=blk.1.ffn_norm.weight device=0
[SYCL] weight cache lookup: tensor=0x1f2d2a80 name=output.weight device=0
[SYCL] weight cache lookup: tensor=0x1f2d2da0 name=blk.0.attn_q.weight device=0
[SYCL] weight cache lookup: tensor=0x1f2d2f30 name=blk.0.attn_k.weight device=0
[SYCL] weight cache lookup: tensor=0x1f2d30c0 name=blk.0.attn_v.weight device=0
[SYCL] weight cache lookup: tensor=0x1f2d3700 name=blk.0.attn_output.weight device=0
[SYCL] weight cache lookup: tensor=0x1f2d3570 name=blk.0.attn_v.bias device=0
[SYCL] weight cache lookup: tensor=0x1f2d3890 name=blk.0.attn_output.bias device=0
[SYCL] weight cache lookup: tensor=0x1f2d33e0 name=blk.0.attn_k.bias device=0
[SYCL] weight cache lookup: tensor=0x1f2d3250 name=blk.0.attn_q.bias device=0
[SYCL] weight cache lookup: tensor=0x1f2d6770 name=blk.0.attn_v.input_scale device=0
[SYCL] weight cache lookup: tensor=0x1f2d5960 name=blk.0.attn_q.scale device=0
[SYCL] weight cache lookup: tensor=0x1f2d5af0 name=blk.0.attn_k.scale device=0
[SYCL] weight cache lookup: tensor=0x1f2d5c80 name=blk.0.attn_v.scale device=0
[SYCL] weight cache lookup: tensor=0x1f2d5e10 name=blk.0.attn_output.scale device=0
[SYCL] weight cache lookup: tensor=0x1f2d6450 name=blk.0.attn_q.input_scale device=0
[SYCL] weight cache lookup: tensor=0x1f2d65e0 name=blk.0.attn_k.input_scale device=0
[SYCL] weight cache lookup: tensor=0x1f2d6900 name=blk.0.attn_output.input_scale device=0
[SYCL] weight cache lookup: tensor=0x1f2d4510 name=blk.1.attn_q.weight device=0
[SYCL] weight cache lookup: tensor=0x1f2d46a0 name=blk.1.attn_k.weight device=0
[SYCL] weight cache lookup: tensor=0x1f2d4830 name=blk.1.attn_v.weight device=0
[SYCL] weight cache lookup: tensor=0x1f2d4e70 name=blk.1.attn_output.weight device=0
[SYCL] weight cache lookup: tensor=0x1f2d5000 name=blk.1.attn_output.bias device=0
[SYCL] weight cache lookup: tensor=0x1f2d4ce0 name=blk.1.attn_v.bias device=0
[SYCL] weight cache lookup: tensor=0x1f2d49c0 name=blk.1.attn_q.bias device=0
[SYCL] weight cache lookup: tensor=0x1f2d4b50 name=blk.1.attn_k.bias device=0
[SYCL] weight cache lookup: tensor=0x1f2d7ee0 name=blk.1.attn_output.input_scale device=0
[SYCL] weight cache lookup: tensor=0x1f2d7d50 name=blk.1.attn_v.input_scale device=0
[SYCL] weight cache lookup: tensor=0x1f2d7a30 name=blk.1.attn_q.input_scale device=0
[SYCL] weight cache lookup: tensor=0x1f2d7bc0 name=blk.1.attn_k.input_scale device=0
[SYCL] weight cache lookup: tensor=0x1f2d73f0 name=blk.1.attn_output.scale device=0
[SYCL] weight cache lookup: tensor=0x1f2d7260 name=blk.1.attn_v.scale device=0
[SYCL] weight cache lookup: tensor=0x1f2d6f40 name=blk.1.attn_q.scale device=0
[SYCL] weight cache lookup: tensor=0x1f2d70d0 name=blk.1.attn_k.scale device=0
[SYCL] weight cache lookup: tensor=0x1f2d3bb0 name=rope_freqs.weight device=0
[SYCL] weight cache lookup: tensor=0x1f2d3d40 name=blk.0.ffn_gate_inp.weight device=0
[SYCL] weight cache lookup: tensor=0x1f2d5320 name=blk.1.ffn_gate_inp.weight device=0
[UNIFIED-CACHE] pin model=4 name_hash=0xad045d15402c08d3 layout=0
[UNIFIED-CACHE] pin model=4 name_hash=0x348b7dd451046514 layout=0
[UNIFIED-CACHE] pin model=4 name_hash=0xef3db2028fcb16a3 layout=0
[UNIFIED-CACHE] pin model=4 name_hash=0xe7d3c5e727a81c4d layout=0
[UNIFIED-CACHE] pin model=4 name_hash=0x4599df1b04c6b9fb layout=0
[UNIFIED-CACHE] pin model=4 name_hash=0x15380309041992d9 layout=0
[UNIFIED-CACHE] pin model=4 name_hash=0x3ba5a6821b6511e0 layout=0
[UNIFIED-CACHE] pin model=4 name_hash=0x38771636bce5a702 layout=0
[UNIFIED-CACHE] pin model=4 name_hash=0x3a931c14a53d5960 layout=0
[UNIFIED-CACHE] pin model=4 name_hash=0xab8cfe3bf6a50b9c layout=0
[UNIFIED-CACHE] pin model=4 name_hash=0xd46dcd1b728c981f layout=0
[UNIFIED-CACHE] pin model=4 name_hash=0xe4065a55adaaf03f layout=0
[UNIFIED-CACHE] pin model=4 name_hash=0x3779a6d76e4c7ee2 layout=0
[UNIFIED-CACHE] pin model=4 name_hash=0xd16c818664a0cc0a layout=0
[UNIFIED-CACHE] pin model=4 name_hash=0xe34f3e7aafdba3a5 layout=0
[UNIFIED-CACHE] pin model=4 name_hash=0x6bbc0b27530c18fc layout=0
[UNIFIED-CACHE] pin model=4 name_hash=0xaed088ad06d329a3 layout=0
[UNIFIED-CACHE] pin model=4 name_hash=0xdf7c04510f974718 layout=0
[UNIFIED-CACHE] pin model=4 name_hash=0xe30c0751e9ab32a9 layout=0
[UNIFIED-CACHE] pin model=4 name_hash=0xae8ba76e3b151d9e layout=0
[UNIFIED-CACHE] pin model=4 name_hash=0x47466764d37e580d layout=0
[UNIFIED-CACHE] pin model=4 name_hash=0x4e1cae023ae18c67 layout=0
[UNIFIED-CACHE] pin model=4 name_hash=0xb09204520b9c97f0 layout=0
[UNIFIED-CACHE] pin model=4 name_hash=0x6059a543aef7dbb7 layout=0
[UNIFIED-CACHE] pin model=4 name_hash=0xa7d836df53ff49d4 layout=0
[UNIFIED-CACHE] pin model=4 name_hash=0xb235334776d9c72d layout=0
[UNIFIED-CACHE] pin model=4 name_hash=0xeb54b67e9f099c46 layout=0
[UNIFIED-CACHE] pin model=4 name_hash=0xa7c2590f0166f6b0 layout=0
[UNIFIED-CACHE] pin model=4 name_hash=0xd04126154633d92a layout=0
[UNIFIED-CACHE] pin model=4 name_hash=0xc65810b3308e2a65 layout=0
[UNIFIED-CACHE] pin model=4 name_hash=0x213f84667dda1dba layout=0
[UNIFIED-CACHE] pin model=4 name_hash=0xde9943e34534adc3 layout=0
[UNIFIED-CACHE] pin model=4 name_hash=0x64cda8f8043233df layout=0
[UNIFIED-CACHE] pin model=4 name_hash=0xf6a1f79a2dffe780 layout=0
[UNIFIED-CACHE] pin model=4 name_hash=0xc0bcce7fc727feb8 layout=0
[UNIFIED-CACHE] pin model=4 name_hash=0xe5a443ece75be10e layout=0
[UNIFIED-CACHE] pin model=4 name_hash=0xcaf5b0fcacce6aea layout=0
[UNIFIED-CACHE] pin model=4 name_hash=0x28e162c724839a layout=0
[UNIFIED-CACHE] pin model=4 name_hash=0xe9ca1d4053ae41f9 layout=0
[UNIFIED-CACHE] pin model=4 name_hash=0x311b9ae764a4abcf layout=0
[UNIFIED-CACHE] pin model=4 name_hash=0x521b1f4d40cd780a layout=0
[UNIFIED-CACHE] pin model=4 name_hash=0x53bcfe044f0d7ab3 layout=0
[UNIFIED-CACHE] model slot 1 claimed 0 weight entries (live mask 0x00000003)
[UNIFIED-CACHE] model slot 1 claimed 54 weight entries (live mask 0x00000003)
[SYCL] call ggml_backend_sycl_init
[SYCL] call ggml_backend_sycl_host_buffer_type
[SYCL] Host buffer alloc: 0.0 MB via unified-cache
[KV-TIER] dev=0 cache_available=30732 MB kv_req=0 MB arena=1
[UNIFIED-ALLOC] zone alloc: dev=0 zone=0 size=0.2 MB ptr=0xffffd55e28280000
[UNIFIED-ALLOC] zone alloc: dev=0 zone=0 size=0.2 MB ptr=0xffffd55e282c0000
[SYCL] call ggml_backend_sycl_host_buffer_type
[SYCL] call ggml_backend_sycl_synchronize
Using unified-cache queue for device 0 stream 0
[UNIFIED-ALLOC] zone alloc: dev=0 zone=3 size=0.5 MB ptr=0xffffd55e47d88000
[SYCL] Arena RUNTIME zone alloc: 0.5 MB (SYCL0)
[SYCL] Host buffer alloc: 0.1 MB via unified-cache
[SYCL] call ggml_backend_sycl_synchronize
[SYCL] call ggml_backend_sycl_synchronize
[SYCL] call ggml_backend_sycl_synchronize
[SYCL] call ggml_backend_sycl_host_buffer_type
[SYCL] Host buffer alloc: 0.1 MB via unified-cache
[SYCL] call ggml_backend_sycl_buffer_reset
[SOA-DEBUG] buffer_reset: PRESERVING 0 extras for compute buffer=0x280a7a30
[SYCL] call ggml_backend_sycl_buffer_init_tensor: tensor='embd':type=f32;ne=[256, 64, 1, 1];nb=[4, 1024, 65536, 65536]
[SYCL] call ggml_backend_sycl_buffer_init_tensor: tensor='norm-0':type=f32;ne=[256, 64, 1, 1];nb=[4, 1024, 65536, 65536]
[SYCL] call ggml_backend_sycl_buffer_init_tensor: tensor='attn_norm-0':type=f32;ne=[256, 64, 1, 1];nb=[4, 1024, 65536, 65536]
[SYCL] call ggml_backend_sycl_buffer_init_tensor: tensor='node_3':type=f32;ne=[256, 64, 1, 1];nb=[4, 1024, 65536, 65536]
[SYCL] call ggml_backend_sycl_buffer_init_tensor: tensor='Qcur-0':type=f32;ne=[256, 64, 1, 1];nb=[4, 1024, 65536, 65536]
[SYCL] call ggml_backend_sycl_buffer_init_tensor: tensor='Qcur-0':type=f32;ne=[256, 64, 1, 1];nb=[4, 1024, 65536, 65536]
[SYCL] call ggml_backend_sycl_buffer_init_tensor: tensor='Qcur-0':type=f32;ne=[128, 2, 64, 1];nb=[4, 512, 1024, 65536]
[SYCL] call ggml_backend_sycl_buffer_init_tensor: tensor='Qcur-0':type=f32;ne=[128, 2, 64, 1];nb=[4, 512, 1024, 65536]
[SYCL] call ggml_backend_sycl_buffer_init_tensor: tensor='node_8':type=f32;ne=[256, 64, 1, 1];nb=[4, 1024, 65536, 65536]
[SYCL] call ggml_backend_sycl_buffer_init_tensor: tensor='Vcur-0':type=f32;ne=[256, 64, 1, 1];nb=[4, 1024, 65536, 65536]
[SYCL] call ggml_backend_sycl_buffer_init_tensor: tensor='Vcur-0':type=f32;ne=[256, 64, 1, 1];nb=[4, 1024, 65536, 65536]
[SYCL] call ggml_backend_sycl_buffer_init_tensor: tensor='Vcur-0':type=f32;ne=[128, 2, 64, 1];nb=[4, 512, 1024, 65536]
[SYCL] call ggml_backend_sycl_buffer_init_tensor: tensor='node_12':type=f32;ne=[256, 64, 1, 1];nb=[4, 1024, 65536, 65536]
[SYCL] call ggml_backend_sycl_buffer_init_tensor: tensor='Kcur-0':type=f32;ne=[256, 64, 1, 1];nb=[4, 1024, 65536, 65536]
[SYCL] call ggml_backend_sycl_buffer_init_tensor: tensor='Kcur-0':type=f32;ne=[256, 64, 1, 1];nb=[4, 1024, 65536, 65536]
[SYCL] call ggml_backend_sycl_buffer_init_tensor: tensor='Kcur-0':type=f32;ne=[128, 2, 64, 1];nb=[4, 512, 1024, 65536]
[SYCL] call ggml_backend_sycl_buffer_init_tensor: tensor='Kcur-0':type=f32;ne=[128, 2, 64, 1];nb=[4, 512, 1024, 65536]
[SYCL] call ggml_backend_sycl_buffer_init_tensor: tensor='Kcur-0 (view)':type=f32;ne=[256, 64, 1, 1];nb=[4, 1024, 65536, 65536]
[SYCL] call ggml_backend_sycl_buffer_init_tensor: tensor='Vcur-0 (view)':type=f32;ne=[256, 64, 1, 1];nb=[4, 1024, 65536, 65536]
[SYCL] call ggml_backend_sycl_buffer_init_tensor: tensor='Qcur-0 (view)':type=f32;ne=[128, 2, 64, 1];nb=[4, 512, 1024, 65536]
[SYCL] call ggml_backend_sycl_buffer_init_tensor: tensor='Qcur-0 (view) (permuted)':type=f32;ne=[128, 64, 2, 1];nb=[4, 1024, 512, 65536];strided;permuted
[SYCL] call ggml_backend_sycl_buffer_init_tensor: tensor='Qcur-0 (view) (permuted) (copy)':type=f16;ne=[128, 64, 2, 1];nb=[2, 256, 16384, 32768]
[SYCL] call ggml_backend_sycl_buffer_init_tensor: tensor='node_28':type=f32;ne=[128, 2, 64, 1];nb=[4, 512, 1024, 65536]
[SYCL] call ggml_backend_sycl_buffer_init_tensor: tensor='kqv_out-0':type=f32;ne=[256, 64, 1, 1];nb=[4, 1024, 65536, 65536]
[SYCL] call ggml_backend_sycl_buffer_init_tensor: tensor='node_30':type=f32;ne=[256, 64, 1, 1];nb=[4, 1024, 65536, 65536]
[SYCL] call ggml_backend_sycl_buffer_init_tensor: tensor='node_31':type=f32;ne=[256, 64, 1, 1];nb=[4, 1024, 65536, 65536]
[SYCL] call ggml_backend_sycl_buffer_init_tensor: tensor='attn_out-0':type=f32;ne=[256, 64, 1, 1];nb=[4, 1024, 65536, 65536]
[SYCL] call ggml_backend_sycl_buffer_init_tensor: tensor='ffn_inp-0':type=f32;ne=[256, 64, 1, 1];nb=[4, 1024, 65536, 65536]
[SYCL] call ggml_backend_sycl_buffer_init_tensor: tensor='norm-0':type=f32;ne=[256, 64, 1, 1];nb=[4, 1024, 65536, 65536]
[SYCL] call ggml_backend_sycl_buffer_init_tensor: tensor='ffn_norm-0':type=f32;ne=[256, 64, 1, 1];nb=[4, 1024, 65536, 65536]
[SYCL] call ggml_backend_sycl_buffer_init_tensor: tensor='ffn_moe_logits-0':type=f32;ne=[2, 64, 1, 1];nb=[4, 8, 512, 512]
[SYCL] call ggml_backend_sycl_buffer_init_tensor: tensor='ffn_moe_probs-0':type=f32;ne=[2, 64, 1, 1];nb=[4, 8, 512, 512]
[SYCL] call ggml_backend_sycl_buffer_init_tensor: tensor='ffn_moe_probs-0 (reshaped)':type=f32;ne=[1, 2, 64, 1];nb=[4, 4, 8, 512]
[SYCL] call ggml_backend_sycl_buffer_init_tensor: tensor='ffn_moe_argsort-0':type=i32;ne=[2, 64, 1, 1];nb=[4, 8, 512, 512]
[SYCL-CONTROL] tensor=ffn_moe_argsort-0 op=ARGSORT bytes=512 ptr=0x78d428383400
[SYCL] call ggml_backend_sycl_buffer_init_tensor: tensor='ffn_moe_topk-0':type=i32;ne=[1, 64, 1, 1];nb=[4, 8, 512, 512];strided
[SYCL] call ggml_backend_sycl_buffer_init_tensor: tensor='ffn_moe_weights-0':type=f32;ne=[1, 1, 64, 1];nb=[4, 4, 4, 256]
[SYCL] call ggml_backend_sycl_buffer_init_tensor: tensor='ffn_moe_weights-0 (reshaped)':type=f32;ne=[1, 64, 1, 1];nb=[4, 4, 256, 256]
[SYCL] call ggml_backend_sycl_buffer_init_tensor: tensor='ffn_moe_weights_sum-0':type=f32;ne=[1, 64, 1, 1];nb=[4, 4, 256, 256]
[SYCL] call ggml_backend_sycl_buffer_init_tensor: tensor='ffn_moe_weights_sum_clamped-0':type=f32;ne=[1, 64, 1, 1];nb=[4, 4, 256, 256]
[SYCL] call ggml_backend_sycl_buffer_init_tensor: tensor='ffn_moe_weights_norm-0':type=f32;ne=[1, 64, 1, 1];nb=[4, 4, 256, 256]
[SYCL] call ggml_backend_sycl_buffer_init_tensor: tensor='ffn_moe_weights_norm-0 (reshaped)':type=f32;ne=[1, 1, 64, 1];nb=[4, 4, 4, 256]
[SYCL] call ggml_backend_sycl_buffer_init_tensor: tensor='ffn_norm-0 (reshaped)':type=f32;ne=[256, 1, 64, 1];nb=[4, 1024, 1024, 65536]
[SYCL] call ggml_backend_sycl_buffer_init_tensor: tensor='node_48':type=f32;ne=[384, 1, 64, 1];nb=[4, 1536, 1536, 98304]
[SYCL] call ggml_backend_sycl_buffer_init_tensor: tensor='node_50':type=f32;ne=[1, 2, 64, 1];nb=[4, 4, 8, 512]
[SYCL] call ggml_backend_sycl_buffer_init_tensor: tensor='node_51':type=f32;ne=[1, 1, 64, 1];nb=[4, 4, 4, 256]
[SYCL] call ggml_backend_sycl_buffer_init_tensor: tensor='ffn_moe_gate_scaled-0':type=f32;ne=[384, 1, 64, 1];nb=[4, 1536, 1536, 98304]
[SYCL] call ggml_backend_sycl_buffer_init_tensor: tensor='node_53':type=f32;ne=[384, 1, 64, 1];nb=[4, 1536, 1536, 98304]
[SYCL] call ggml_backend_sycl_buffer_init_tensor: tensor='node_55':type=f32;ne=[1, 2, 64, 1];nb=[4, 4, 8, 512]
[SYCL] call ggml_backend_sycl_buffer_init_tensor: tensor='node_56':type=f32;ne=[1, 1, 64, 1];nb=[4, 4, 4, 256]
[SYCL] call ggml_backend_sycl_buffer_init_tensor: tensor='ffn_moe_up_scaled-0':type=f32;ne=[384, 1, 64, 1];nb=[4, 1536, 1536, 98304]
[SYCL] call ggml_backend_sycl_buffer_init_tensor: tensor='ffn_moe_swiglu-0':type=f32;ne=[384, 1, 64, 1];nb=[4, 1536, 1536, 98304]
[SYCL] call ggml_backend_sycl_buffer_init_tensor: tensor='node_59':type=f32;ne=[256, 1, 64, 1];nb=[4, 1024, 1024, 65536]
[SYCL] call ggml_backend_sycl_buffer_init_tensor: tensor='node_61':type=f32;ne=[1, 2, 64, 1];nb=[4, 4, 8, 512]
[SYCL] call ggml_backend_sycl_buffer_init_tensor: tensor='node_62':type=f32;ne=[1, 1, 64, 1];nb=[4, 4, 4, 256]
[SYCL] call ggml_backend_sycl_buffer_init_tensor: tensor='ffn_moe_down_scaled-0':type=f32;ne=[256, 1, 64, 1];nb=[4, 1024, 1024, 65536]
[SYCL] call ggml_backend_sycl_buffer_init_tensor: tensor='ffn_moe_weighted-0':type=f32;ne=[256, 1, 64, 1];nb=[4, 1024, 1024, 65536]
[SYCL] call ggml_backend_sycl_buffer_init_tensor: tensor='ffn_moe_weighted-0 (view)':type=f32;ne=[256, 64, 1, 1];nb=[4, 1024, 65536, 65536]
[SYCL] call ggml_backend_sycl_buffer_init_tensor: tensor='ffn_moe_out-0':type=f32;ne=[256, 64, 1, 1];nb=[4, 1024, 65536, 65536]
[SYCL] call ggml_backend_sycl_buffer_init_tensor: tensor='l_out-0':type=f32;ne=[256, 64, 1, 1];nb=[4, 1024, 65536, 65536]
[SYCL] call ggml_backend_sycl_buffer_init_tensor: tensor='norm-1':type=f32;ne=[256, 64, 1, 1];nb=[4, 1024, 65536, 65536]
[SYCL] call ggml_backend_sycl_buffer_init_tensor: tensor='attn_norm-1':type=f32;ne=[256, 64, 1, 1];nb=[4, 1024, 65536, 65536]
[SYCL] call ggml_backend_sycl_buffer_init_tensor: tensor='node_70':type=f32;ne=[256, 64, 1, 1];nb=[4, 1024, 65536, 65536]
[SYCL] call ggml_backend_sycl_buffer_init_tensor: tensor='Qcur-1':type=f32;ne=[256, 64, 1, 1];nb=[4, 1024, 65536, 65536]
[SYCL] call ggml_backend_sycl_buffer_init_tensor: tensor='Qcur-1':type=f32;ne=[256, 64, 1, 1];nb=[4, 1024, 65536, 65536]
[SYCL] call ggml_backend_sycl_buffer_init_tensor: tensor='Qcur-1':type=f32;ne=[128, 2, 64, 1];nb=[4, 512, 1024, 65536]
[SYCL] call ggml_backend_sycl_buffer_init_tensor: tensor='Qcur-1':type=f32;ne=[128, 2, 64, 1];nb=[4, 512, 1024, 65536]
[SYCL] call ggml_backend_sycl_buffer_init_tensor: tensor='node_75':type=f32;ne=[256, 64, 1, 1];nb=[4, 1024, 65536, 65536]
[SYCL] call ggml_backend_sycl_buffer_init_tensor: tensor='Vcur-1':type=f32;ne=[256, 64, 1, 1];nb=[4, 1024, 65536, 65536]
[SYCL] call ggml_backend_sycl_buffer_init_tensor: tensor='Vcur-1':type=f32;ne=[256, 64, 1, 1];nb=[4, 1024, 65536, 65536]
[SYCL] call ggml_backend_sycl_buffer_init_tensor: tensor='Vcur-1':type=f32;ne=[128, 2, 64, 1];nb=[4, 512, 1024, 65536]
[SYCL] call ggml_backend_sycl_buffer_init_tensor: tensor='node_79':type=f32;ne=[256, 64, 1, 1];nb=[4, 1024, 65536, 65536]
[SYCL] call ggml_backend_sycl_buffer_init_tensor: tensor='Kcur-1':type=f32;ne=[256, 64, 1, 1];nb=[4, 1024, 65536, 65536]
[SYCL] call ggml_backend_sycl_buffer_init_tensor: tensor='Kcur-1':type=f32;ne=[256, 64, 1, 1];nb=[4, 1024, 65536, 65536]
[SYCL] call ggml_backend_sycl_buffer_init_tensor: tensor='Kcur-1':type=f32;ne=[128, 2, 64, 1];nb=[4, 512, 1024, 65536]
[SYCL] call ggml_backend_sycl_buffer_init_tensor: tensor='Kcur-1':type=f32;ne=[128, 2, 64, 1];nb=[4, 512, 1024, 65536]
[SYCL] call ggml_backend_sycl_buffer_init_tensor: tensor='Kcur-1 (view)':type=f32;ne=[256, 64, 1, 1];nb=[4, 1024, 65536, 65536]
[SYCL] call ggml_backend_sycl_buffer_init_tensor: tensor='Vcur-1 (view)':type=f32;ne=[256, 64, 1, 1];nb=[4, 1024, 65536, 65536]
[SYCL] call ggml_backend_sycl_buffer_init_tensor: tensor='Qcur-1 (view)':type=f32;ne=[128, 2, 64, 1];nb=[4, 512, 1024, 65536]
[SYCL] call ggml_backend_sycl_buffer_init_tensor: tensor='Qcur-1 (view) (permuted)':type=f32;ne=[128, 64, 2, 1];nb=[4, 1024, 512, 65536];strided;permuted
[SYCL] call ggml_backend_sycl_buffer_init_tensor: tensor='Qcur-1 (view) (permuted) (copy)':type=f16;ne=[128, 64, 2, 1];nb=[2, 256, 16384, 32768]
[SYCL] call ggml_backend_sycl_buffer_init_tensor: tensor='node_95':type=f32;ne=[128, 2, 64, 1];nb=[4, 512, 1024, 65536]
[SYCL] call ggml_backend_sycl_buffer_init_tensor: tensor='kqv_out-1':type=f32;ne=[256, 64, 1, 1];nb=[4, 1024, 65536, 65536]
[SYCL] call ggml_backend_sycl_buffer_init_tensor: tensor='node_97':type=f32;ne=[256, 64, 1, 1];nb=[4, 1024, 65536, 65536]
[SYCL] call ggml_backend_sycl_buffer_init_tensor: tensor='node_98':type=f32;ne=[256, 64, 1, 1];nb=[4, 1024, 65536, 65536]
[SYCL] call ggml_backend_sycl_buffer_init_tensor: tensor='attn_out-1':type=f32;ne=[256, 64, 1, 1];nb=[4, 1024, 65536, 65536]
[SYCL] call ggml_backend_sycl_buffer_init_tensor: tensor='node_100':type=f32;ne=[256, 64, 1, 1];nb=[4, 1024, 65536, 65536]
[SYCL] call ggml_backend_sycl_buffer_init_tensor: tensor='node_101':type=f32;ne=[256, 64, 1, 1];nb=[4, 1024, 65536, 65536]
[SYCL] call ggml_backend_sycl_buffer_init_tensor: tensor='ffn_inp-1':type=f32;ne=[256, 64, 1, 1];nb=[4, 1024, 65536, 65536]
[SYCL] call ggml_backend_sycl_buffer_init_tensor: tensor='norm-1':type=f32;ne=[256, 64, 1, 1];nb=[4, 1024, 65536, 65536]
[SYCL] call ggml_backend_sycl_buffer_init_tensor: tensor='ffn_norm-1':type=f32;ne=[256, 64, 1, 1];nb=[4, 1024, 65536, 65536]
[SYCL] call ggml_backend_sycl_buffer_init_tensor: tensor='ffn_moe_logits-1':type=f32;ne=[2, 64, 1, 1];nb=[4, 8, 512, 512]
[SYCL] call ggml_backend_sycl_buffer_init_tensor: tensor='ffn_moe_probs-1':type=f32;ne=[2, 64, 1, 1];nb=[4, 8, 512, 512]
[SYCL] call ggml_backend_sycl_buffer_init_tensor: tensor='ffn_moe_probs-1 (reshaped)':type=f32;ne=[1, 2, 64, 1];nb=[4, 4, 8, 512]
[SYCL] call ggml_backend_sycl_buffer_init_tensor: tensor='ffn_moe_argsort-1':type=i32;ne=[2, 64, 1, 1];nb=[4, 8, 512, 512]
[SYCL-CONTROL] tensor=ffn_moe_argsort-1 op=ARGSORT bytes=512 ptr=0x78d428383600
[SYCL] call ggml_backend_sycl_buffer_init_tensor: tensor='ffn_moe_topk-1':type=i32;ne=[1, 64, 1, 1];nb=[4, 8, 512, 512];strided
[SYCL] call ggml_backend_sycl_buffer_init_tensor: tensor='ffn_moe_weights-1':type=f32;ne=[1, 1, 64, 1];nb=[4, 4, 4, 256]
[SYCL] call ggml_backend_sycl_buffer_init_tensor: tensor='ffn_moe_weights-1 (reshaped)':type=f32;ne=[1, 64, 1, 1];nb=[4, 4, 256, 256]
[SYCL] call ggml_backend_sycl_buffer_init_tensor: tensor='ffn_moe_weights_sum-1':type=f32;ne=[1, 64, 1, 1];nb=[4, 4, 256, 256]
[SYCL] call ggml_backend_sycl_buffer_init_tensor: tensor='ffn_moe_weights_sum_clamped-1':type=f32;ne=[1, 64, 1, 1];nb=[4, 4, 256, 256]
[SYCL] call ggml_backend_sycl_buffer_init_tensor: tensor='ffn_moe_weights_norm-1':type=f32;ne=[1, 64, 1, 1];nb=[4, 4, 256, 256]
[SYCL] call ggml_backend_sycl_buffer_init_tensor: tensor='ffn_moe_weights_norm-1 (reshaped)':type=f32;ne=[1, 1, 64, 1];nb=[4, 4, 4, 256]
[SYCL] call ggml_backend_sycl_buffer_init_tensor: tensor='ffn_norm-1 (reshaped)':type=f32;ne=[256, 1, 64, 1];nb=[4, 1024, 1024, 65536]
[SYCL] call ggml_backend_sycl_buffer_init_tensor: tensor='node_117':type=f32;ne=[384, 1, 64, 1];nb=[4, 1536, 1536, 98304]
[SYCL] call ggml_backend_sycl_buffer_init_tensor: tensor='node_119':type=f32;ne=[1, 2, 64, 1];nb=[4, 4, 8, 512]
[SYCL] call ggml_backend_sycl_buffer_init_tensor: tensor='node_120':type=f32;ne=[1, 1, 64, 1];nb=[4, 4, 4, 256]
[SYCL] call ggml_backend_sycl_buffer_init_tensor: tensor='ffn_moe_gate_scaled-1':type=f32;ne=[384, 1, 64, 1];nb=[4, 1536, 1536, 98304]
[SYCL] call ggml_backend_sycl_buffer_init_tensor: tensor='node_122':type=f32;ne=[384, 1, 64, 1];nb=[4, 1536, 1536, 98304]
[SYCL] call ggml_backend_sycl_buffer_init_tensor: tensor='node_124':type=f32;ne=[1, 2, 64, 1];nb=[4, 4, 8, 512]
[SYCL] call ggml_backend_sycl_buffer_init_tensor: tensor='node_125':type=f32;ne=[1, 1, 64, 1];nb=[4, 4, 4, 256]
[SYCL] call ggml_backend_sycl_buffer_init_tensor: tensor='ffn_moe_up_scaled-1':type=f32;ne=[384, 1, 64, 1];nb=[4, 1536, 1536, 98304]
[SYCL] call ggml_backend_sycl_buffer_init_tensor: tensor='ffn_moe_swiglu-1':type=f32;ne=[384, 1, 64, 1];nb=[4, 1536, 1536, 98304]
[SYCL] call ggml_backend_sycl_buffer_init_tensor: tensor='node_128':type=f32;ne=[256, 1, 64, 1];nb=[4, 1024, 1024, 65536]
[SYCL] call ggml_backend_sycl_buffer_init_tensor: tensor='node_130':type=f32;ne=[1, 2, 64, 1];nb=[4, 4, 8, 512]
[SYCL] call ggml_backend_sycl_buffer_init_tensor: tensor='node_131':type=f32;ne=[1, 1, 64, 1];nb=[4, 4, 4, 256]
[SYCL] call ggml_backend_sycl_buffer_init_tensor: tensor='ffn_moe_down_scaled-1':type=f32;ne=[256, 1, 64, 1];nb=[4, 1024, 1024, 65536]
[SYCL] call ggml_backend_sycl_buffer_init_tensor: tensor='ffn_moe_weighted-1':type=f32;ne=[256, 1, 64, 1];nb=[4, 1024, 1024, 65536]
[SYCL] call ggml_backend_sycl_buffer_init_tensor: tensor='ffn_moe_weighted-1 (view)':type=f32;ne=[256, 64, 1, 1];nb=[4, 1024, 65536, 65536]
[SYCL] call ggml_backend_sycl_buffer_init_tensor: tensor='ffn_moe_out-1':type=f32;ne=[256, 64, 1, 1];nb=[4, 1024, 65536, 65536]
[SYCL] call ggml_backend_sycl_buffer_init_tensor: tensor='l_out-1':type=f32;ne=[256, 64, 1, 1];nb=[4, 1024, 65536, 65536]
[SYCL] call ggml_backend_sycl_buffer_init_tensor: tensor='norm':type=f32;ne=[256, 64, 1, 1];nb=[4, 1024, 65536, 65536]
[SYCL] call ggml_backend_sycl_buffer_init_tensor: tensor='result_norm':type=f32;ne=[256, 64, 1, 1];nb=[4, 1024, 65536, 65536]
[SYCL] call ggml_backend_sycl_buffer_init_tensor: tensor='result_output':type=f32;ne=[128, 64, 1, 1];nb=[4, 512, 32768, 32768]
[DEBUG-GRAPH-COMPUTE] ENTER: backend=0x22261890 cgraph=0x280760f8
[DEBUG-GRAPH-COMPUTE] sycl_ctx=0x1f2bfe60 device=0
[MEM-HANDLE] released 0 command-graph retained leases
[SYCL] call ggml_backend_sycl_get_device_memory
[MEM-QUERY] dev=0 free=463.2 MB total=32656.0 MB consumed=32192.8 MB
[GRAPH-COMPUTE] device 0 arena scratch=512.0/512.0 MB external_free=463.2 MB / total=32656.0 MB
[DEBUG-GRAPH-COMPUTE] Creating lambda...
[MOE-HYBRID] Popularity tracking initialized: 6 layers, 2 experts/layer
[MOE-AOS-REQUEST] tensor=blk.0.ffn_gate_exps.weight expert=0 current=0 planned=0 requested=aos reason=device-plan
[MOE-AOS-REQUEST] tensor=blk.0.ffn_gate_exps.weight expert=1 current=0 planned=0 requested=aos reason=device-plan
[MOE-AOS-REQUEST] tensor=blk.0.ffn_up_exps.weight expert=0 current=0 planned=0 requested=aos reason=device-plan
[MOE-AOS-REQUEST] tensor=blk.0.ffn_up_exps.weight expert=1 current=0 planned=0 requested=aos reason=device-plan
[MOE-AOS-REQUEST] tensor=blk.0.ffn_down_exps.weight expert=0 current=0 planned=0 requested=aos reason=device-plan
[MOE-AOS-REQUEST] tensor=blk.0.ffn_down_exps.weight expert=1 current=0 planned=0 requested=aos reason=device-plan
[MOE-AOS-REQUEST] tensor=blk.1.ffn_gate_exps.weight expert=0 current=0 planned=0 requested=aos reason=device-plan
[MOE-AOS-REQUEST] tensor=blk.1.ffn_gate_exps.weight expert=1 current=0 planned=0 requested=aos reason=device-plan
[MOE-AOS-REQUEST] tensor=blk.1.ffn_up_exps.weight expert=0 current=0 planned=0 requested=aos reason=device-plan
[MOE-AOS-REQUEST] tensor=blk.1.ffn_up_exps.weight expert=1 current=0 planned=0 requested=aos reason=device-plan
[MOE-AOS-REQUEST] tensor=blk.1.ffn_down_exps.weight expert=0 current=0 planned=0 requested=aos reason=device-plan
[MOE-AOS-REQUEST] tensor=blk.1.ffn_down_exps.weight expert=1 current=0 planned=0 requested=aos reason=device-plan
[SYCL] call ggml_backend_sycl_get_device_memory
[MOE-HYBRID] device 0: available VRAM for expert cache = 207.2 MB
[MOE-HYBRID] Registered gate weights for blk.0 (seq=0, n_embd=256, ptr=0xffffd556b6d09a00)
[MOE-HYBRID] Registered gate weights for blk.1 (seq=3, n_embd=256, ptr=0xffffd556b6d0a200)
[DEBUG-GRAPH-COMPUTE] Lambda created
[GRAPH-CHECK] MUL_MAT_ID: src0=blk.0.ffn_gate_exps.weight buffer=0x1e961c20 is_sycl=0
[SYCL-GRAPH] call #7: use_sycl_graph=0, async_mem=0, n_nodes=140, has_exec_graph=0
[DEBUG-IMPL] ENTER graph_compute_impl: n_nodes=140, device=0
[DEBUG-IMPL] Starting node loop, n_nodes=140
[DEBUG-IMPL] Node 0/140: op=40 name=embd
ggml_sycl_get_data_ptr_slow: tensor=inp_tokens, device=0, staging FAILED for non-device (type=0), using tensor->data=0x78d2789b1e40
ggml_sycl_get_data_ptr_slow: tensor=inp_tokens, device=0, using tensor->data=0x78d2789b1e40
[SYCL][OP] call ggml_sycl_get_rows: dst='embd':type=f32;ne=[256, 64, 1, 1];nb=[4, 1024, 65536, 65536]	src0='token_embd.weight':type=f32;ne=[256, 128, 1, 1];nb=[4, 1024, 131072, 131072]	src1='inp_tokens':type=i32;ne=[64, 1, 1, 1];nb=[4, 256, 256, 256]
[SYCL] weight cache lookup: tensor=0x1f2d2760 name=token_embd.weight device=0
[SYCL][OP] call ggml_sycl_get_rows done
[DEBUG-IMPL] Node 1/140: op=25 name=norm-0
[DEBUG-IMPL] Node 3/140: op=29 name=node_3
[SYCL] simple consumer routing declined: op=MUL_MAT dst=node_3 plan unavailable ctx=0
[DEBUG-MULMAT] ENTER: src0=blk.0.attn_q.weight src1=attn_norm-0 dst=node_3
[SYCL][OP] call ggml_sycl_mul_mat: dst='node_3':type=f32;ne=[256, 64, 1, 1];nb=[4, 1024, 65536, 65536]	src0='blk.0.attn_q.weight':type=f32;ne=[256, 256, 1, 1];nb=[4, 1024, 262144, 262144]	src1='attn_norm-0':type=f32;ne=[256, 64, 1, 1];nb=[4, 1024, 65536, 65536]
[XMXConfig] device=0: M=8 N=16 K_INT8=32 K_FP16=16 SLM=131072 nsm=256 supported=1 int8=1 fp16=1 double_buf=1 max_esimd_wg=64 nbarrier=0 esimd_dpas=1
[MUL_MAT] src0 device=0 ptr=0xffffd556b6b06900 (tensor=blk.0.attn_q.weight layout=0)
[MUL_MAT] dst device=0 ptr=0xffffd55e47da8000 (tensor=node_3)
[SYCL] weight cache lookup: tensor=0x1f2d2da0 name=blk.0.attn_q.weight device=0
[SYCL][OP] call ggml_sycl_mul_mat done
[DEBUG-IMPL] Node 4/140: op=7 name=Qcur-0
[DEBUG-IMPL] Node 6/140: op=36 name=Qcur-0
[DEBUG-IMPL] Node 7/140: op=49 name=Qcur-0
ggml_sycl_get_data_ptr_slow: tensor=leaf_7, device=0, staging FAILED for non-device (type=0), using tensor->data=0x78d2789c1f40
ggml_sycl_get_data_ptr_slow: tensor=leaf_7, device=0, using tensor->data=0x78d2789c1f40
[SYCL] simple consumer routing declined: op=ROPE dst=Qcur-0 local single-device plan ctx=0 target=0
[SYCL][OP] call ggml_sycl_rope: dst='Qcur-0':type=f32;ne=[128, 2, 64, 1];nb=[4, 512, 1024, 65536]	src0='Qcur-0':type=f32;ne=[128, 2, 64, 1];nb=[4, 512, 1024, 65536]	src1='leaf_7':type=i32;ne=[64, 1, 1, 1];nb=[4, 256, 256, 256]	src2='rope_freqs.weight':type=f32;ne=[64, 1, 1, 1];nb=[4, 256, 256, 256]
ggml_sycl_op_rope: norm path
[SYCL][OP] call ggml_sycl_rope done
[DEBUG-IMPL] Node 8/140: op=29 name=node_8
[SYCL] simple consumer routing declined: op=MUL_MAT dst=node_8 plan unavailable ctx=0
[DEBUG-MULMAT] ENTER: src0=blk.0.attn_v.weight src1=attn_norm-0 dst=node_8
[SYCL][OP] call ggml_sycl_mul_mat: dst='node_8':type=f32;ne=[256, 64, 1, 1];nb=[4, 1024, 65536, 65536]	src0='blk.0.attn_v.weight':type=f32;ne=[256, 256, 1, 1];nb=[4, 1024, 262144, 262144]	src1='attn_norm-0':type=f32;ne=[256, 64, 1, 1];nb=[4, 1024, 65536, 65536]
[XMXConfig] device=0: M=8 N=16 K_INT8=32 K_FP16=16 SLM=131072 nsm=256 supported=1 int8=1 fp16=1 double_buf=1 max_esimd_wg=64 nbarrier=0 esimd_dpas=1
[MUL_MAT] src0 device=0 ptr=0xffffd556b6b86900 (tensor=blk.0.attn_v.weight layout=0)
[MUL_MAT] dst device=0 ptr=0xffffd55e47da8000 (tensor=node_8)
[SYCL] weight cache lookup: tensor=0x1f2d30c0 name=blk.0.attn_v.weight device=0
[SYCL][OP] call ggml_sycl_mul_mat done
[DEBUG-IMPL] Node 9/140: op=7 name=Vcur-0
[DEBUG-IMPL] Node 11/140: op=36 name=Vcur-0
[DEBUG-IMPL] Node 12/140: op=29 name=node_12
[SYCL] simple consumer routing declined: op=MUL_MAT dst=node_12 plan unavailable ctx=0
[DEBUG-MULMAT] ENTER: src0=blk.0.attn_k.weight src1=attn_norm-0 dst=node_12
[SYCL][OP] call ggml_sycl_mul_mat: dst='node_12':type=f32;ne=[256, 64, 1, 1];nb=[4, 1024, 65536, 65536]	src0='blk.0.attn_k.weight':type=f32;ne=[256, 256, 1, 1];nb=[4, 1024, 262144, 262144]	src1='attn_norm-0':type=f32;ne=[256, 64, 1, 1];nb=[4, 1024, 65536, 65536]
[XMXConfig] device=0: M=8 N=16 K_INT8=32 K_FP16=16 SLM=131072 nsm=256 supported=1 int8=1 fp16=1 double_buf=1 max_esimd_wg=64 nbarrier=0 esimd_dpas=1
[MUL_MAT] src0 device=0 ptr=0xffffd556b6b46900 (tensor=blk.0.attn_k.weight layout=0)
[MUL_MAT] dst device=0 ptr=0xffffd55e47dc8000 (tensor=node_12)
[SYCL] weight cache lookup: tensor=0x1f2d2f30 name=blk.0.attn_k.weight device=0
[SYCL][OP] call ggml_sycl_mul_mat done
[DEBUG-IMPL] Node 13/140: op=7 name=Kcur-0
[DEBUG-IMPL] Node 15/140: op=36 name=Kcur-0
[DEBUG-IMPL] Node 16/140: op=49 name=Kcur-0
[SYCL] simple consumer routing declined: op=ROPE dst=Kcur-0 local single-device plan ctx=0 target=0
[SYCL][OP] call ggml_sycl_rope: dst='Kcur-0':type=f32;ne=[128, 2, 64, 1];nb=[4, 512, 1024, 65536]	src0='Kcur-0':type=f32;ne=[128, 2, 64, 1];nb=[4, 512, 1024, 65536]	src1='leaf_7':type=i32;ne=[64, 1, 1, 1];nb=[4, 256, 256, 256]	src2='rope_freqs.weight':type=f32;ne=[64, 1, 1, 1];nb=[4, 256, 256, 256]
ggml_sycl_op_rope: norm path
[SYCL][OP] call ggml_sycl_rope done
[DEBUG-IMPL] Node 17/140: op=37 name=Kcur-0 (view)
[DEBUG-IMPL] Node 18/140: op=42 name=cache_k_l0 (view)
ggml_sycl_get_data_ptr_slow: tensor=leaf_15, device=0, staging FAILED for non-device (type=0), using tensor->data=0x78d2789c2040
ggml_sycl_get_data_ptr_slow: tensor=leaf_15, device=0, using tensor->data=0x78d2789c2040
[SYCL] simple consumer routing declined: op=SET_ROWS dst=cache_k_l0 (view) plan unavailable ctx=0
[SYCL][OP] call ggml_sycl_op_set_rows: dst='cache_k_l0 (view)':type=f16;ne=[256, 256, 1, 1];nb=[2, 512, 131072, 131072]	src0='Kcur-0 (view)':type=f32;ne=[256, 64, 1, 1];nb=[4, 1024, 65536, 65536]	src1='leaf_15':type=i64;ne=[64, 1, 1, 1];nb=[8, 512, 512, 512]
[SYCL][OP] call ggml_sycl_op_set_rows done
[DEBUG-IMPL] Node 19/140: op=37 name=Vcur-0 (view)
[DEBUG-IMPL] Node 20/140: op=42 name=cache_v_l0 (view)
ggml_sycl_get_data_ptr_slow: tensor=leaf_17, device=0, staging FAILED for non-device (type=0), using tensor->data=0x78d2789c2240
ggml_sycl_get_data_ptr_slow: tensor=leaf_17, device=0, using tensor->data=0x78d2789c2240
[SYCL] simple consumer routing declined: op=SET_ROWS dst=cache_v_l0 (view) plan unavailable ctx=0
[SYCL][OP] call ggml_sycl_op_set_rows: dst='cache_v_l0 (view)':type=f16;ne=[256, 256, 1, 1];nb=[2, 512, 131072, 131072]	src0='Vcur-0 (view)':type=f32;ne=[256, 64, 1, 1];nb=[4, 1024, 65536, 65536]	src1='leaf_17':type=i64;ne=[64, 1, 1, 1];nb=[8, 512, 512, 512]
[SYCL][OP] call ggml_sycl_op_set_rows done
[DEBUG-IMPL] Node 21/140: op=37 name=Qcur-0 (view)
[DEBUG-IMPL] Node 22/140: op=38 name=Qcur-0 (view) (permuted)
[DEBUG-IMPL] Node 23/140: op=34 name=Qcur-0 (view) (permuted) (copy)
[SYCL] simple consumer routing declined: op=CPY dst=Qcur-0 (view) (permuted) (copy) local single-device plan ctx=0 target=0
[SYCL][OP] call ggml_sycl_cpy: dst='Qcur-0 (view) (permuted) (copy)':type=f16;ne=[128, 64, 2, 1];nb=[2, 256, 16384, 32768]	src0='Qcur-0 (view) (permuted)':type=f32;ne=[128, 64, 2, 1];nb=[4, 1024, 512, 65536];strided;permuted
[CPY] device=0 main_stream=0x1d26bec0 tp_queue=(nil) (match=0)
[CPY DEBUG] device=0 src0=Qcur-0 (view) (permuted)(0xffffd55e47db8000, usm=1) -> src1=Qcur-0 (view) (permuted) (copy)(0xffffd55e47d98000, usm=1) size=65536
[CPY STAGING CHECK] device=0 needs_staging=0 src0_type=1 dst_is_device=1
[SYCL][OP] call ggml_sycl_cpy done
[DEBUG-IMPL] Node 24/140: op=37 name=cache_k_l0 (view)
[DEBUG-IMPL] Node 25/140: op=38 name=cache_k_l0 (view) (permuted)
[DEBUG-IMPL] Node 26/140: op=37 name=cache_v_l0 (view)
[DEBUG-IMPL] Node 27/140: op=38 name=cache_v_l0 (view) (permuted)
[DEBUG-IMPL] Node 28/140: op=75 name=node_28
ggml_sycl_get_data_ptr_slow: tensor=attn_inp_kq_mask, device=0, staging FAILED for non-device (type=0), using tensor->data=0x78d2789c2440
ggml_sycl_get_data_ptr_slow: tensor=attn_inp_kq_mask, device=0, using tensor->data=0x78d2789c2440
[SYCL] simple consumer routing declined: op=FLASH_ATTN_EXT dst=node_28 plan unavailable ctx=0
ggml_sycl_get_data_ptr_slow: tensor=Qcur-0 (view) (permuted) (copy), device=1, rejecting tensor->data=0xffffd55e47d98000 owned by device 0
ggml_sycl_get_data_ptr_slow: tensor=node_28, device=1, rejecting tensor->data=0xffffd55e47da0000 owned by device 0
[DEBUG-IMPL] Node 29/140: op=36 name=kqv_out-0
[DEBUG-IMPL] Node 30/140: op=29 name=node_30
[SYCL] simple consumer routing declined: op=MUL_MAT dst=node_30 plan unavailable ctx=0
[DEBUG-MULMAT] ENTER: src0=blk.0.attn_output.weight src1=kqv_out-0 dst=node_30
[SYCL][OP] call ggml_sycl_mul_mat: dst='node_30':type=f32;ne=[256, 64, 1, 1];nb=[4, 1024, 65536, 65536]	src0='blk.0.attn_output.weight':type=f32;ne=[256, 256, 1, 1];nb=[4, 1024, 262144, 262144]	src1='kqv_out-0':type=f32;ne=[256, 64, 1, 1];nb=[4, 1024, 65536, 65536]
[XMXConfig] device=0: M=8 N=16 K_INT8=32 K_FP16=16 SLM=131072 nsm=256 supported=1 int8=1 fp16=1 double_buf=1 max_esimd_wg=64 nbarrier=0 esimd_dpas=1
[MUL_MAT] src0 device=0 ptr=0xffffd556b6bc6900 (tensor=blk.0.attn_output.weight layout=0)
[MUL_MAT] dst device=0 ptr=0xffffd55e47db0000 (tensor=node_30)
[SYCL] weight cache lookup: tensor=0x1f2d3700 name=blk.0.attn_output.weight device=0
[SYCL][OP] call ggml_sycl_mul_mat done
[DEBUG-IMPL] Node 31/140: op=7 name=node_31
[DEBUG-IMPL] Node 33/140: op=2 name=ffn_inp-0
[DEBUG-IMPL] Node 35/140: op=7 name=ffn_norm-0
[SYCL] simple consumer routing declined: op=MUL dst=ffn_norm-0 local single-device plan ctx=0 target=0
[SYCL][OP] call ggml_sycl_mul: dst='ffn_norm-0':type=f32;ne=[256, 64, 1, 1];nb=[4, 1024, 65536, 65536]	src0='norm-0':type=f32;ne=[256, 64, 1, 1];nb=[4, 1024, 65536, 65536]	src1='blk.0.ffn_norm.weight':type=f32;ne=[256, 1, 1, 1];nb=[4, 1024, 1024, 1024]
[BINBCAST-PTR] src0=norm-0 src0_host=0xffffd55e47d88000 src0_d=0xffffd55e47d88000
[BINBCAST-PTR] src1=blk.0.ffn_norm.weight src1_host=0x78d27842eb40 src1_d=0xffffd556b6ae5d00
[SYCL][OP] call ggml_sycl_mul done
[DEBUG-IMPL] Node 36/140: op=29 name=ffn_moe_logits-0
[SYCL] simple consumer routing declined: op=MUL_MAT dst=ffn_moe_logits-0 plan unavailable ctx=0
[DEBUG-MULMAT] ENTER: src0=blk.0.ffn_gate_inp.weight src1=ffn_norm-0 dst=ffn_moe_logits-0
[SYCL][OP] call ggml_sycl_mul_mat: dst='ffn_moe_logits-0':type=f32;ne=[2, 64, 1, 1];nb=[4, 8, 512, 512]	src0='blk.0.ffn_gate_inp.weight':type=f32;ne=[256, 2, 1, 1];nb=[4, 1024, 2048, 2048]	src1='ffn_norm-0':type=f32;ne=[256, 64, 1, 1];nb=[4, 1024, 65536, 65536]
[XMXConfig] device=0: M=8 N=16 K_INT8=32 K_FP16=16 SLM=131072 nsm=256 supported=1 int8=1 fp16=1 double_buf=1 max_esimd_wg=64 nbarrier=0 esimd_dpas=1
[MUL_MAT] src0 device=0 ptr=0xffffd556b6d09a00 (tensor=blk.0.ffn_gate_inp.weight layout=0)
[MUL_MAT] dst device=0 ptr=0xffffd55e47d98000 (tensor=ffn_moe_logits-0)
[SYCL] weight cache lookup: tensor=0x1f2d3d40 name=blk.0.ffn_gate_inp.weight device=0
[SYCL][OP] call ggml_sycl_mul_mat done
[DEBUG-IMPL] Node 37/140: op=47 name=ffn_moe_probs-0
[SYCL] simple consumer routing declined: op=SOFT_MAX dst=ffn_moe_probs-0 local single-device plan ctx=0 target=0
[SYCL][OP] call ggml_sycl_op_soft_max: dst='ffn_moe_probs-0':type=f32;ne=[2, 64, 1, 1];nb=[4, 8, 512, 512]	src0='ffn_moe_logits-0':type=f32;ne=[2, 64, 1, 1];nb=[4, 8, 512, 512]	src1=nullptr
[SYCL][OP] call ggml_sycl_op_soft_max done
[DEBUG-IMPL] Node 38/140: op=36 name=ffn_moe_probs-0 (reshaped)
[DEBUG-IMPL] Node 39/140: op=70 name=ffn_moe_argsort-0
[SYCL] simple consumer routing declined: op=ARGSORT dst=ffn_moe_argsort-0 local single-device plan ctx=0 target=0
[SYCL][OP] call ggml_sycl_argsort: dst='ffn_moe_argsort-0':type=i32;ne=[2, 64, 1, 1];nb=[4, 8, 512, 512]	src0='ffn_moe_probs-0':type=f32;ne=[2, 64, 1, 1];nb=[4, 8, 512, 512]
0.02.248.719 E [SYCL][PTR] dst tensor=ffn_moe_argsort-0 data=0x78d428383400 alloc=512 base=0xffffd55e47d88000 size=524288 end=0xffffd55e47e08000
[SYCL][OP] call ggml_sycl_argsort done
[DEBUG-IMPL] Node 40/140: op=37 name=ffn_moe_topk-0
[DEBUG-IMPL] Node 41/140: op=40 name=ffn_moe_weights-0
[SYCL][OP] call ggml_sycl_get_rows: dst='ffn_moe_weights-0':type=f32;ne=[1, 1, 64, 1];nb=[4, 4, 4, 256]	src0='ffn_moe_probs-0 (reshaped)':type=f32;ne=[1, 2, 64, 1];nb=[4, 4, 8, 512]	src1='ffn_moe_topk-0':type=i32;ne=[1, 64, 1, 1];nb=[4, 8, 512, 512];strided
[SYCL] weight cache lookup: tensor=0x2690b220 name=ffn_moe_probs-0 (reshaped) device=0
0.02.248.761 E [SYCL][PTR] src1 tensor=ffn_moe_topk-0 data=0x78d428383400 alloc=508 base=0xffffd55e47d88000 size=524288 end=0xffffd55e47e08000
[SYCL][OP] call ggml_sycl_get_rows done
[DEBUG-IMPL] Node 42/140: op=36 name=ffn_moe_weights-0 (reshaped)
[DEBUG-IMPL] Node 43/140: op=15 name=ffn_moe_weights_sum-0
[SYCL] simple consumer routing declined: op=SUM_ROWS dst=ffn_moe_weights_sum-0 plan unavailable ctx=0
[SYCL][OP] call ggml_sycl_sum_rows: dst='ffn_moe_weights_sum-0':type=f32;ne=[1, 64, 1, 1];nb=[4, 4, 256, 256]	src0='ffn_moe_weights-0 (reshaped)':type=f32;ne=[1, 64, 1, 1];nb=[4, 4, 256, 256]
[SYCL][OP] call ggml_sycl_sum_rows done
[DEBUG-IMPL] Node 44/140: op=51 name=ffn_moe_weights_sum_clamped-0
[SYCL] simple consumer routing declined: op=CLAMP dst=ffn_moe_weights_sum_clamped-0 plan unavailable ctx=0
[SYCL][OP] call ggml_sycl_clamp: dst='ffn_moe_weights_sum_clamped-0':type=f32;ne=[1, 64, 1, 1];nb=[4, 4, 256, 256]	src0='ffn_moe_weights_sum-0':type=f32;ne=[1, 64, 1, 1];nb=[4, 4, 256, 256]
[SYCL][OP] call ggml_sycl_clamp done
[DEBUG-IMPL] Node 45/140: op=8 name=ffn_moe_weights_norm-0
[SYCL] simple consumer routing declined: op=DIV dst=ffn_moe_weights_norm-0 plan unavailable ctx=0
[SYCL][OP] call ggml_sycl_div: dst='ffn_moe_weights_norm-0':type=f32;ne=[1, 64, 1, 1];nb=[4, 4, 256, 256]	src0='ffn_moe_weights-0 (reshaped)':type=f32;ne=[1, 64, 1, 1];nb=[4, 4, 256, 256]	src1='ffn_moe_weights_sum_clamped-0':type=f32;ne=[1, 64, 1, 1];nb=[4, 4, 256, 256]
[BINBCAST-PTR] src0=ffn_moe_weights-0 (reshaped) src0_host=0xffffd55e47d98400 src0_d=0xffffd55e47d98400
[BINBCAST-PTR] src1=ffn_moe_weights_sum_clamped-0 src1_host=0xffffd55e47d98000 src1_d=0xffffd55e47d98000
[SYCL][OP] call ggml_sycl_div done
[DEBUG-IMPL] Node 46/140: op=36 name=ffn_moe_weights_norm-0 (reshaped)
[DEBUG-IMPL] Node 47/140: op=36 name=ffn_norm-0 (reshaped)
[DEBUG-IMPL] Node 48/140: op=30 name=node_48
[RESOLVE] data_handle empty for weight tensor 'blk.0.ffn_gate_exps.weight' device 0, falling through to cache lookup
[SYCL] weight cache lookup: tensor=0x1f2d3ed0 name=blk.0.ffn_gate_exps.weight device=0
[RESOLVE] refusing composite MoE expert tensor materialization for placement-planned 'blk.0.ffn_gate_exps.weight' device 0
[SYCL][OP] call ggml_sycl_mul_mat_id: dst='node_48':type=f32;ne=[384, 1, 64, 1];nb=[4, 1536, 1536, 98304]	src0='blk.0.ffn_gate_exps.weight':type=f32;ne=[256, 384, 2, 1];nb=[4, 1024, 393216, 786432]	src1='ffn_norm-0 (reshaped)':type=f32;ne=[256, 1, 64, 1];nb=[4, 1024, 1024, 65536]	src2='ffn_moe_topk-0':type=i32;ne=[1, 64, 1, 1];nb=[4, 8, 512, 512];strided
0.02.248.867 E [SYCL][PTR] src2 tensor=ffn_moe_topk-0 data=0x78d428383400 alloc=508 base=0xffffd55e47d88000 size=524288 end=0xffffd55e47e08000
[XMX-DEBUG] try_xmx_sorted_moe called: src0->type=0
[XMX-DEBUG] XMX MoE: forced=0 fused_enabled=0 tiled_enabled=1
[XMX-DEBUG] XMX caps: supported=1 int8=1
[XMX MoE] Only Q8_0/MXFP4 supported, got type 0
[XMX-MOE-REJECT] tensor=blk.0.ffn_gate_exps.weight type=f32 device=0 reason=type src0=[256,384,2,1] src1=[256,1,64,1] ids=[1,64,1,1]
[MoE FUSED] Batch 64 > 32, using oneDNN batching
[MoE] About to try COALESCED layout
[RESOLVE] data_handle empty for weight tensor 'blk.0.ffn_gate_exps.weight' device 0, falling through to cache lookup
[SYCL] weight cache lookup: tensor=0x1f2d3ed0 name=blk.0.ffn_gate_exps.weight device=0
[RESOLVE] refusing composite MoE expert tensor materialization for placement-planned 'blk.0.ffn_gate_exps.weight' device 0
[MoE] Trying MMVQ with layout=2 for blk.0.ffn_gate_exps.weight
[MMVQ-ENTRY] src0=blk.0.ffn_gate_exps.weight type=0 forced_layout=2
[MMVQ] Batch 64 > threshold 32, routing to batched GEMM path
[MoE] MMVQ layout=2 returned false
[MoE] About to try SOA layout
[RESOLVE] data_handle empty for weight tensor 'blk.0.ffn_gate_exps.weight' device 0, falling through to cache lookup
[SYCL] weight cache lookup: tensor=0x1f2d3ed0 name=blk.0.ffn_gate_exps.weight device=0
[RESOLVE] refusing composite MoE expert tensor materialization for placement-planned 'blk.0.ffn_gate_exps.weight' device 0
[MoE] Trying MMVQ with layout=1 for blk.0.ffn_gate_exps.weight
[MMVQ-ENTRY] src0=blk.0.ffn_gate_exps.weight type=0 forced_layout=1
[MMVQ] Batch 64 > threshold 32, routing to batched GEMM path
[MoE] MMVQ layout=1 returned false
[MoE] About to try AOS layout
[RESOLVE] data_handle empty for weight tensor 'blk.0.ffn_gate_exps.weight' device 0, falling through to cache lookup
[SYCL] weight cache lookup: tensor=0x1f2d3ed0 name=blk.0.ffn_gate_exps.weight device=0
[RESOLVE] refusing composite MoE expert tensor materialization for placement-planned 'blk.0.ffn_gate_exps.weight' device 0
[MoE] Trying MMVQ with layout=0 for blk.0.ffn_gate_exps.weight
[MMVQ-ENTRY] src0=blk.0.ffn_gate_exps.weight type=0 forced_layout=0
[MMVQ] Batch 64 > threshold 32, routing to batched GEMM path
[MoE] MMVQ layout=0 returned false
[MoE] All MMVQ layouts failed, falling back to host routing
[MoE] GPU probe paths did not select type 0; resolving planner-owned MoE route
[MoE-1E] Cached IDs for layer 0 (GATE), 64 elements
[MoE] Using expert cache for blk.0.ffn_gate_exps.weight (layer=1876883677, host_buf=0, ptr_type=3)
[MOE-AOS-REQUEST] tensor=blk.0.ffn_gate_exps.weight expert=0 current=0 planned=0 requested=aos reason=device-plan
[MOE-AOS-REQUEST] tensor=blk.0.ffn_gate_exps.weight expert=1 current=0 planned=0 requested=aos reason=device-plan
[GRAPH-MOE-LAYOUT] tensor=blk.0.ffn_gate_exps.weight device=0 plan=1 selected=aos local=2 secondary=0 host=0 missing=0 host_weights=0
[MOE-DISPATCH-LAYOUT] tensor=blk.0.ffn_gate_exps.weight device=0 route_layout=aos src0_layout=aos use_expert_cache=1 placement_planned=1 host_weights=0 plan=1 plan_host=0 has_override=0 ne12=64
[MOE-STAGE] tensor=blk.0.ffn_gate_exps.weight stage=after-dispatch-layout device=0 ne12=64
[MOE-STAGE] tensor=blk.0.ffn_gate_exps.weight stage=after-pointer-table device=0 planned_pp=1
[MOE-STAGE] tensor=blk.0.ffn_gate_exps.weight stage=after-route-diagnostics device=0 planned_pp=1
[MOE-STAGE] tensor=blk.0.ffn_gate_exps.weight stage=before-route-mode device=0 ne12=64 use_cache=1 plan=1 hybrid=1
[MOE-IDS] Staging ids to device (buffer_on_host=0, ptr_usm_type=3)
[MOE-IDS] Using pre-allocated staging buffer (256 bytes)
[MOE-STAGE] tensor=blk.0.ffn_gate_exps.weight stage=pp-rowmap-alloc-begin device=0 rows=64
[UNIFIED-ALLOC] zone alloc: dev=0 zone=4 size=0.0 MB ptr=0xffffd55e67c2c000
[MOE-STAGE] tensor=blk.0.ffn_gate_exps.weight stage=pp-rowmap-copy-begin device=0 rows=64 dst_handle=0
[MOE-STAGE] tensor=blk.0.ffn_gate_exps.weight stage=pp-rowmap-copy-submitted device=0 rows=64
[UNIFIED-ALLOC] zone alloc: dev=0 zone=4 size=0.1 MB ptr=0xffffd55e67c2c200
[UNIFIED-ALLOC] zone alloc: dev=0 zone=4 size=0.1 MB ptr=0xffffd55e67c44200
[MOE-AOS-REQUEST] tensor=blk.0.ffn_gate_exps.weight expert=0 current=0 planned=0 requested=aos reason=device-plan
[DEBUG-MULMAT] ENTER: src0=blk.0.ffn_gate_exps.weight src1=ffn_norm-0 (reshaped) dst=node_48
[SYCL][OP] call ggml_sycl_mul_mat: dst='node_48':type=f32;ne=[384, 57, 1, 1];nb=[4, 1536, 87552, 87552]	src0='blk.0.ffn_gate_exps.weight':type=f32;ne=[256, 384, 2, 1];nb=[4, 1024, 393216, 786432]	src1='ffn_norm-0 (reshaped)':type=f32;ne=[256, 1, 64, 1];nb=[4, 1024, 1024, 65536]
0.02.249.036 E [SYCL][PTR] dst tensor=node_48 data=0xffffd55e67c2c200 alloc=87552 base=0xffffd55e47d88000 size=524288 end=0xffffd55e47e08000
[XMXConfig] device=0: M=8 N=16 K_INT8=32 K_FP16=16 SLM=131072 nsm=256 supported=1 int8=1 fp16=1 double_buf=1 max_esimd_wg=64 nbarrier=0 esimd_dpas=1
[MUL_MAT] src0 device=0 ptr=0xffffd556b6645500 (tensor=blk.0.ffn_gate_exps.weight layout=0)
[MUL_MAT] dst device=0 ptr=0xffffd55e67c2c200 (tensor=node_48)
[SYCL][OP] call ggml_sycl_mul_mat done
[MOE-AOS-REQUEST] tensor=blk.0.ffn_gate_exps.weight expert=1 current=0 planned=0 requested=aos reason=device-plan
[DEBUG-MULMAT] ENTER: src0=blk.0.ffn_gate_exps.weight src1=ffn_norm-0 (reshaped) dst=node_48
[SYCL][OP] call ggml_sycl_mul_mat: dst='node_48':type=f32;ne=[384, 7, 1, 1];nb=[4, 1536, 10752, 10752]	src0='blk.0.ffn_gate_exps.weight':type=f32;ne=[256, 384, 2, 1];nb=[4, 1024, 393216, 786432]	src1='ffn_norm-0 (reshaped)':type=f32;ne=[256, 1, 64, 1];nb=[4, 1024, 1024, 65536]0.02.249.130 E [SYCL][PTR] dst tensor=node_48 data=0xffffd55e67c41800 alloc=10752 base=0xffffd55e47d88000 size=524288 end=0xffffd55e47e08000

[XMXConfig] device=0: M=8 N=16 K_INT8=32 K_FP16=16 SLM=131072 nsm=256 supported=1 int8=1 fp16=1 double_buf=1 max_esimd_wg=64 nbarrier=0 esimd_dpas=1
[MUL_MAT] src0 device=0 ptr=0xffffd556b66a5500 (tensor=blk.0.ffn_gate_exps.weight layout=0)
[MUL_MAT] dst device=0 ptr=0xffffd55e67c41800 (tensor=node_48)
[SYCL][OP] call ggml_sycl_mul_mat done
[SYCL][OP] call ggml_sycl_mul_mat_id done
[DEBUG-IMPL] Node 49/140: op=36 name=blk.0.ffn_gate_exps.scale (reshaped)
[DEBUG-IMPL] Node 50/140: op=20 name=node_50
[SYCL] weight cache lookup: tensor=0x2690c800 name=blk.0.ffn_gate_exps.scale (reshaped) device=0
ggml_sycl_get_data_ptr_slow: tensor=blk.0.ffn_gate_exps.scale (reshaped) view_src chain -> base=blk.0.ffn_gate_exps.scale, base->extra=0x23445660, base->data=0x78d2789b18c0, tensor->data=0x78d2789b18c0
ggml_sycl_get_data_ptr_slow: base=blk.0.ffn_gate_exps.scale data=0x78d2789b18c0 ptr_type=3
[SYCL] weight cache lookup: tensor=0x2690c800 name=blk.0.ffn_gate_exps.scale (reshaped) device=0
ggml_sycl_get_data_ptr_slow: tensor=blk.0.ffn_gate_exps.scale (reshaped), device=0, staging FAILED for non-device (type=0), using tensor->data=0x78d2789b18c0
ggml_sycl_get_data_ptr_slow: tensor=blk.0.ffn_gate_exps.scale (reshaped), device=0, using tensor->data=0x78d2789b18c0
[RESOLVE] data_handle empty for weight tensor 'blk.0.ffn_gate_exps.scale' device 0, falling through to cache lookup
[SYCL] weight cache lookup: tensor=0x1f2d5fa0 name=blk.0.ffn_gate_exps.scale device=0
[SYCL] weight cache lookup: tensor=0x1f2d5fa0 name=blk.0.ffn_gate_exps.scale device=0
ggml_sycl_get_data_ptr_slow: tensor=blk.0.ffn_gate_exps.scale, device=0, staging FAILED for non-device (type=0), using tensor->data=0x78d2789b18c0
ggml_sycl_get_data_ptr_slow: tensor=blk.0.ffn_gate_exps.scale, device=0, using tensor->data=0x78d2789b18c0
[SYCL] simple consumer routing declined: op=REPEAT dst=node_50 plan unavailable ctx=0
[SYCL][OP] call ggml_sycl_repeat: dst='node_50':type=f32;ne=[1, 2, 64, 1];nb=[4, 4, 8, 512]	src0='blk.0.ffn_gate_exps.scale (reshaped)':type=f32;ne=[1, 2, 1, 1];nb=[4, 4, 8, 8]
[SYCL] weight cache lookup: tensor=0x2690c800 name=blk.0.ffn_gate_exps.scale (reshaped) device=0
[SYCL] weight cache lookup: tensor=0x2690c800 name=blk.0.ffn_gate_exps.scale (reshaped) device=0
0.02.249.266 E [UNIFIED-CACHE] planned-mode runtime materialization rejected op=direct_stage_weight caller=direct_stage_weight model=0 name_hash=0x5c5ab6125ec1b4e2 aux=270 type=0 ne=[1,2,1,1] layout=0 graph_active=1
[SYCL-BINBCAST] staging raw host tensor=blk.0.ffn_gate_exps.scale (reshaped) bytes=8 device=0 src=0x78d2789b18c0 dst=0xffffe38f1ae00000
[BINBCAST-PTR] src0=node_50 src0_host=0xffffd55e47d98400 src0_d=0xffffd55e47d98400
[BINBCAST-PTR] src1=blk.0.ffn_gate_exps.scale (reshaped) src1_host=0x78d2789b18c0 src1_d=0xffffe38f1ae00000
[SYCL][OP] call ggml_sycl_repeat done
[DEBUG-IMPL] Node 51/140: op=40 name=node_51
[SYCL][OP] call ggml_sycl_get_rows: dst='node_51':type=f32;ne=[1, 1, 64, 1];nb=[4, 4, 4, 256]	src0='node_50':type=f32;ne=[1, 2, 64, 1];nb=[4, 4, 8, 512]	src1='ffn_moe_topk-0':type=i32;ne=[1, 64, 1, 1];nb=[4, 8, 512, 512];strided
[SYCL] weight cache lookup: tensor=0x2690c990 name=node_50 device=0
0.02.249.351 E [SYCL][PTR] src1 tensor=ffn_moe_topk-0 data=0x78d428383400 alloc=508 base=0xffffd55e47d88000 size=524288 end=0xffffd55e47e08000
[SYCL][OP] call ggml_sycl_get_rows done
[DEBUG-IMPL] Node 52/140: op=7 name=ffn_moe_gate_scaled-0
[SYCL] simple consumer routing declined: op=MUL dst=ffn_moe_gate_scaled-0 local single-device plan ctx=0 target=0
[SYCL][OP] call ggml_sycl_mul: dst='ffn_moe_gate_scaled-0':type=f32;ne=[384, 1, 64, 1];nb=[4, 1536, 1536, 98304]	src0='node_48':type=f32;ne=[384, 1, 64, 1];nb=[4, 1536, 1536, 98304]	src1='node_51':type=f32;ne=[1, 1, 64, 1];nb=[4, 4, 4, 256]
[BINBCAST-PTR] src0=node_48 src0_host=0xffffd55e47dc0000 src0_d=0xffffd55e47dc0000
[BINBCAST-PTR] src1=node_51 src1_host=0xffffd55e47d98000 src1_d=0xffffd55e47d98000
[SYCL][OP] call ggml_sycl_mul done
[DEBUG-IMPL] Node 53/140: op=30 name=node_53
[RESOLVE] data_handle empty for weight tensor 'blk.0.ffn_up_exps.weight' device 0, falling through to cache lookup
[SYCL] weight cache lookup: tensor=0x1f2d41f0 name=blk.0.ffn_up_exps.weight device=0
[RESOLVE] refusing composite MoE expert tensor materialization for placement-planned 'blk.0.ffn_up_exps.weight' device 0
[SYCL][OP] call ggml_sycl_mul_mat_id: dst='node_53':type=f32;ne=[384, 1, 64, 1];nb=[4, 1536, 1536, 98304]	src0='blk.0.ffn_up_exps.weight':type=f32;ne=[256, 384, 2, 1];nb=[4, 1024, 393216, 786432]	src1='ffn_norm-0 (reshaped)':type=f32;ne=[256, 1, 64, 1];nb=[4, 1024, 1024, 65536]	src2='ffn_moe_topk-0':type=i32;ne=[1, 64, 1, 1];nb=[4, 8, 512, 512];strided
0.02.249.422 E [XMX-DEBUG] try_xmx_sorted_moe called: src0->type=0
[XMX-DEBUG] XMX MoE: forced=0 fused_enabled=0 tiled_enabled=1
[XMX-DEBUG] XMX caps: supported=1 int8=1
[XMX MoE] Only Q8_0/MXFP4 supported, got type 0
[SYCL][PTR] src2 tensor=ffn_moe_topk-0 data=0x78d428383400 alloc=508 base=0xffffd55e47d88000 size=524288 end=0xffffd55e47e08000
[XMX-MOE-REJECT] tensor=blk.0.ffn_up_exps.weight type=f32 device=0 reason=type src0=[256,384,2,1] src1=[256,1,64,1] ids=[1,64,1,1]
[MoE FUSED] Batch 64 > 32, using oneDNN batching
[MoE] About to try COALESCED layout
[RESOLVE] data_handle empty for weight tensor 'blk.0.ffn_up_exps.weight' device 0, falling through to cache lookup
[SYCL] weight cache lookup: tensor=0x1f2d41f0 name=blk.0.ffn_up_exps.weight device=0
[RESOLVE] refusing composite MoE expert tensor materialization for placement-planned 'blk.0.ffn_up_exps.weight' device 0
[MoE] Trying MMVQ with layout=2 for blk.0.ffn_up_exps.weight
[MMVQ-ENTRY] src0=blk.0.ffn_up_exps.weight type=0 forced_layout=2
[MMVQ] Batch 64 > threshold 32, routing to batched GEMM path
[MoE] MMVQ layout=2 returned false
[MoE] About to try SOA layout
[RESOLVE] data_handle empty for weight tensor 'blk.0.ffn_up_exps.weight' device 0, falling through to cache lookup
[SYCL] weight cache lookup: tensor=0x1f2d41f0 name=blk.0.ffn_up_exps.weight device=0
[RESOLVE] refusing composite MoE expert tensor materialization for placement-planned 'blk.0.ffn_up_exps.weight' device 0
[MoE] Trying MMVQ with layout=1 for blk.0.ffn_up_exps.weight
[MMVQ-ENTRY] src0=blk.0.ffn_up_exps.weight type=0 forced_layout=1
[MMVQ] Batch 64 > threshold 32, routing to batched GEMM path
[MoE] MMVQ layout=1 returned false
[MoE] About to try AOS layout
[RESOLVE] data_handle empty for weight tensor 'blk.0.ffn_up_exps.weight' device 0, falling through to cache lookup
[SYCL] weight cache lookup: tensor=0x1f2d41f0 name=blk.0.ffn_up_exps.weight device=0
[RESOLVE] refusing composite MoE expert tensor materialization for placement-planned 'blk.0.ffn_up_exps.weight' device 0
[MoE] Trying MMVQ with layout=0 for blk.0.ffn_up_exps.weight
[MMVQ-ENTRY] src0=blk.0.ffn_up_exps.weight type=0 forced_layout=0
[MMVQ] Batch 64 > threshold 32, routing to batched GEMM path
[MoE] MMVQ layout=0 returned false
[MoE] All MMVQ layouts failed, falling back to host routing
[MoE] GPU probe paths did not select type 0; resolving planner-owned MoE route
[MoE-1E] Reusing cached IDs for layer 0 (blk.0.ffn_up_exps.weight), 64 elements
[MoE] Using expert cache for blk.0.ffn_up_exps.weight (layer=559450555, host_buf=0, ptr_type=3)
[MOE-AOS-REQUEST] tensor=blk.0.ffn_up_exps.weight expert=0 current=0 planned=0 requested=aos reason=device-plan
[MOE-AOS-REQUEST] tensor=blk.0.ffn_up_exps.weight expert=1 current=0 planned=0 requested=aos reason=device-plan
[GRAPH-MOE-LAYOUT] tensor=blk.0.ffn_up_exps.weight device=0 plan=1 selected=aos local=2 secondary=0 host=0 missing=0 host_weights=0
[MOE-DISPATCH-LAYOUT] tensor=blk.0.ffn_up_exps.weight device=0 route_layout=aos src0_layout=aos use_expert_cache=1 placement_planned=1 host_weights=0 plan=1 plan_host=0 has_override=0 ne12=64
[MOE-STAGE] tensor=blk.0.ffn_up_exps.weight stage=after-dispatch-layout device=0 ne12=64
[MOE-STAGE] tensor=blk.0.ffn_up_exps.weight stage=after-pointer-table device=0 planned_pp=1
[MOE-STAGE] tensor=blk.0.ffn_up_exps.weight stage=after-route-diagnostics device=0 planned_pp=1
[MOE-STAGE] tensor=blk.0.ffn_up_exps.weight stage=before-route-mode device=0 ne12=64 use_cache=1 plan=1 hybrid=1
[MOE-IDS] Staging ids to device (buffer_on_host=0, ptr_usm_type=3)
[MOE-STAGE] tensor=blk.0.ffn_up_exps.weight stage=pp-rowmap-alloc-begin device=0 rows=64
[UNIFIED-ALLOC] zone alloc: dev=0 zone=4 size=0.0 MB ptr=0xffffd55e67c2c000
[MOE-STAGE] tensor=blk.0.ffn_up_exps.weight stage=pp-rowmap-copy-begin device=0 rows=64 dst_handle=0
[MOE-STAGE] tensor=blk.0.ffn_up_exps.weight stage=pp-rowmap-copy-submitted device=0 rows=64
[UNIFIED-ALLOC] zone alloc: dev=0 zone=4 size=0.1 MB ptr=0xffffd55e67c2c200
[UNIFIED-ALLOC] zone alloc: dev=0 zone=4 size=0.1 MB ptr=0xffffd55e67c44200
[MOE-AOS-REQUEST] tensor=blk.0.ffn_up_exps.weight expert=0 current=0 planned=0 requested=aos reason=device-plan
[DEBUG-MULMAT] ENTER: src0=blk.0.ffn_up_exps.weight src1=ffn_norm-0 (reshaped) dst=node_53
[SYCL][OP] call ggml_sycl_mul_mat: dst='node_53':type=f32;ne=[384, 57, 1, 1];nb=[4, 1536, 87552, 87552]	src0='blk.0.ffn_up_exps.weight':type=f32;ne=[256, 384, 2, 1];nb=[4, 1024, 393216, 786432]0.02.249.540 E [SYCL][PTR] dst tensor=node_53 data=0xffffd55e67c2c200 alloc=87552 base=0xffffd55e47d88000 size=524288 end=0xffffd55e47e08000
	src1='ffn_norm-0 (reshaped)':type=f32;ne=[256, 1, 64, 1];nb=[4, 1024, 1024, 65536]
[XMXConfig] device=0: M=8 N=16 K_INT8=32 K_FP16=16 SLM=131072 nsm=256 supported=1 int8=1 fp16=1 double_buf=1 max_esimd_wg=64 nbarrier=0 esimd_dpas=1
[MUL_MAT] src0 device=0 ptr=0xffffd556b6705500 (tensor=blk.0.ffn_up_exps.weight layout=0)
[MUL_MAT] dst device=0 ptr=0xffffd55e67c2c200 (tensor=node_53)
[SYCL][OP] call ggml_sycl_mul_mat done
[MOE-AOS-REQUEST] tensor=blk.0.ffn_up_exps.weight expert=1 current=0 planned=0 requested=aos reason=device-plan
[DEBUG-MULMAT] ENTER: src0=blk.0.ffn_up_exps.weight src1=ffn_norm-0 (reshaped) dst=node_53
[SYCL][OP] call ggml_sycl_mul_mat: dst='node_53':type=f32;ne=[384, 7, 1, 1];nb=[4, 1536, 10752, 10752]	src0='blk.0.ffn_up_exps.weight':type=f32;ne=[256, 384, 2, 1];nb=[4, 1024, 393216, 786432]	src1='ffn_norm-0 (reshaped)':type=f32;ne=[256, 1, 64, 1];nb=[4, 1024, 1024, 65536]0.02.249.618 E [SYCL][PTR] dst tensor=node_53 data=0xffffd55e67c41800 alloc=10752 base=0xffffd55e47d88000 size=524288 end=0xffffd55e47e08000

[XMXConfig] device=0: M=8 N=16 K_INT8=32 K_FP16=16 SLM=131072 nsm=256 supported=1 int8=1 fp16=1 double_buf=1 max_esimd_wg=64 nbarrier=0 esimd_dpas=1
[MUL_MAT] src0 device=0 ptr=0xffffd556b6765500 (tensor=blk.0.ffn_up_exps.weight layout=0)
[MUL_MAT] dst device=0 ptr=0xffffd55e67c41800 (tensor=node_53)
[SYCL][OP] call ggml_sycl_mul_mat done
[SYCL][OP] call ggml_sycl_mul_mat_id done
[DEBUG-IMPL] Node 54/140: op=36 name=blk.0.ffn_up_exps.scale (reshaped)
[DEBUG-IMPL] Node 55/140: op=20 name=node_55
[SYCL] weight cache lookup: tensor=0x2690c030 name=blk.0.ffn_up_exps.scale (reshaped) device=0
ggml_sycl_get_data_ptr_slow: tensor=blk.0.ffn_up_exps.scale (reshaped) view_src chain -> base=blk.0.ffn_up_exps.scale, base->extra=0x234bc590, base->data=0x78d2789b1900, tensor->data=0x78d2789b1900
ggml_sycl_get_data_ptr_slow: base=blk.0.ffn_up_exps.scale data=0x78d2789b1900 ptr_type=3
[SYCL] weight cache lookup: tensor=0x2690c030 name=blk.0.ffn_up_exps.scale (reshaped) device=0
ggml_sycl_get_data_ptr_slow: tensor=blk.0.ffn_up_exps.scale (reshaped), device=0, staging FAILED for non-device (type=0), using tensor->data=0x78d2789b1900
ggml_sycl_get_data_ptr_slow: tensor=blk.0.ffn_up_exps.scale (reshaped), device=0, using tensor->data=0x78d2789b1900
[RESOLVE] data_handle empty for weight tensor 'blk.0.ffn_up_exps.scale' device 0, falling through to cache lookup
[SYCL] weight cache lookup: tensor=0x1f2d62c0 name=blk.0.ffn_up_exps.scale device=0
[SYCL] weight cache lookup: tensor=0x1f2d62c0 name=blk.0.ffn_up_exps.scale device=0
ggml_sycl_get_data_ptr_slow: tensor=blk.0.ffn_up_exps.scale, device=0, staging FAILED for non-device (type=0), using tensor->data=0x78d2789b1900
ggml_sycl_get_data_ptr_slow: tensor=blk.0.ffn_up_exps.scale, device=0, using tensor->data=0x78d2789b1900
[SYCL] simple consumer routing declined: op=REPEAT dst=node_55 plan unavailable ctx=0
[SYCL][OP] call ggml_sycl_repeat: dst='node_55':type=f32;ne=[1, 2, 64, 1];nb=[4, 4, 8, 512]	src0='blk.0.ffn_up_exps.scale (reshaped)':type=f32;ne=[1, 2, 1, 1];nb=[4, 4, 8, 8]
[SYCL] weight cache lookup: tensor=0x2690c030 name=blk.0.ffn_up_exps.scale (reshaped) device=0
[SYCL] weight cache lookup: tensor=0x2690c030 name=blk.0.ffn_up_exps.scale (reshaped) device=0
[SYCL-BINBCAST] staging raw host tensor=blk.0.ffn_up_exps.scale (reshaped) bytes=8 device=0 src=0x78d2789b1900 dst=0xffffe38f1ae00000
0.02.249.736 E [UNIFIED-CACHE] planned-mode runtime materialization rejected op=direct_stage_weight caller=direct_stage_weight model=0 name_hash=0xe55e3ca93cf2a5d1 aux=275 type=0 ne=[1,2,1,1] layout=0 graph_active=1
[BINBCAST-PTR] src0=node_55 src0_host=0xffffd55e47d88000 src0_d=0xffffd55e47d88000
[BINBCAST-PTR] src1=blk.0.ffn_up_exps.scale (reshaped) src1_host=0x78d2789b1900 src1_d=0xffffe38f1ae00000
[SYCL][OP] call ggml_sycl_repeat done
[DEBUG-IMPL] Node 56/140: op=40 name=node_56
[SYCL][OP] call ggml_sycl_get_rows: dst='node_56':type=f32;ne=[1, 1, 64, 1];nb=[4, 4, 4, 256]	src0='node_55':type=f32;ne=[1, 2, 64, 1];nb=[4, 4, 8, 512]	src1='ffn_moe_topk-0':type=i32;ne=[1, 64, 1, 1];nb=[4, 8, 512, 512];strided
[SYCL] weight cache lookup: tensor=0x2690c1c0 name=node_55 device=0
0.02.249.782 E [SYCL][PTR] src1 tensor=ffn_moe_topk-0 data=0x78d428383400 alloc=508 base=0xffffd55e47d88000 size=524288 end=0xffffd55e47e08000
[SYCL][OP] call ggml_sycl_get_rows done
[DEBUG-IMPL] Node 57/140: op=7 name=ffn_moe_up_scaled-0
[SYCL] simple consumer routing declined: op=MUL dst=ffn_moe_up_scaled-0 local single-device plan ctx=0 target=0
[SYCL][OP] call ggml_sycl_mul: dst='ffn_moe_up_scaled-0':type=f32;ne=[384, 1, 64, 1];nb=[4, 1536, 1536, 98304]	src0='node_53':type=f32;ne=[384, 1, 64, 1];nb=[4, 1536, 1536, 98304]	src1='node_56':type=f32;ne=[1, 1, 64, 1];nb=[4, 4, 4, 256]
[BINBCAST-PTR] src0=node_53 src0_host=0xffffd55e47dd8000 src0_d=0xffffd55e47dd8000
[BINBCAST-PTR] src1=node_56 src1_host=0xffffd55e47d88200 src1_d=0xffffd55e47d88200
[SYCL][OP] call ggml_sycl_mul done
[DEBUG-IMPL] Node 58/140: op=97 name=ffn_moe_swiglu-0
[SYCL] simple consumer routing declined: op=GLU dst=ffn_moe_swiglu-0 local single-device plan ctx=0 target=0
[SYCL][OP] call ggml_sycl_swiglu: dst='ffn_moe_swiglu-0':type=f32;ne=[384, 1, 64, 1];nb=[4, 1536, 1536, 98304]	src0='ffn_moe_gate_scaled-0':type=f32;ne=[384, 1, 64, 1];nb=[4, 1536, 1536, 98304]
[SYCL][OP] call ggml_sycl_swiglu done
[DEBUG-IMPL] Node 59/140: op=30 name=node_59
[RESOLVE] data_handle empty for weight tensor 'blk.0.ffn_down_exps.weight' device 0, falling through to cache lookup
[SYCL] weight cache lookup: tensor=0x1f2d4060 name=blk.0.ffn_down_exps.weight device=0
[RESOLVE] refusing composite MoE expert tensor materialization for placement-planned 'blk.0.ffn_down_exps.weight' device 0
[SYCL][OP] call ggml_sycl_mul_mat_id: dst='node_59':type=f32;ne=[256, 1, 64, 1];nb=[4, 1024, 1024, 65536]	src0='blk.0.ffn_down_exps.weight':type=f32;ne=[384, 256, 2, 1];nb=[4, 1536, 393216, 786432]	src1='ffn_moe_swiglu-0':type=f32;ne=[384, 1, 64, 1];nb=[4, 1536, 1536, 98304]	src2='ffn_moe_topk-0':type=i32;ne=[1, 64, 1, 1];nb=[4, 8, 512, 512];strided
0.02.249.865 E [SYCL][PTR] src2 tensor=ffn_moe_topk-0 data=0x78d428383400 alloc=508 base=0xffffd55e47d88000 size=524288 end=0xffffd55e47e08000
[XMX-DEBUG] try_xmx_sorted_moe called: src0->type=0
[XMX-DEBUG] XMX MoE: forced=0 fused_enabled=0 tiled_enabled=1
[XMX-DEBUG] XMX caps: supported=1 int8=1
[XMX MoE] Only Q8_0/MXFP4 supported, got type 0
[XMX-MOE-REJECT] tensor=blk.0.ffn_down_exps.weight type=f32 device=0 reason=type src0=[384,256,2,1] src1=[384,1,64,1] ids=[1,64,1,1]
[MoE FUSED] Batch 64 > 32, using oneDNN batching
[MoE] About to try COALESCED layout
[RESOLVE] data_handle empty for weight tensor 'blk.0.ffn_down_exps.weight' device 0, falling through to cache lookup
[SYCL] weight cache lookup: tensor=0x1f2d4060 name=blk.0.ffn_down_exps.weight device=0
[RESOLVE] refusing composite MoE expert tensor materialization for placement-planned 'blk.0.ffn_down_exps.weight' device 0
[MoE] Trying MMVQ with layout=2 for blk.0.ffn_down_exps.weight
[MMVQ-ENTRY] src0=blk.0.ffn_down_exps.weight type=0 forced_layout=2
[MMVQ] Batch 64 > threshold 32, routing to batched GEMM path
[MoE] MMVQ layout=2 returned false
[MoE] About to try SOA layout
[RESOLVE] data_handle empty for weight tensor 'blk.0.ffn_down_exps.weight' device 0, falling through to cache lookup
[SYCL] weight cache lookup: tensor=0x1f2d4060 name=blk.0.ffn_down_exps.weight device=0
[RESOLVE] refusing composite MoE expert tensor materialization for placement-planned 'blk.0.ffn_down_exps.weight' device 0
[MoE] Trying MMVQ with layout=1 for blk.0.ffn_down_exps.weight
[MMVQ-ENTRY] src0=blk.0.ffn_down_exps.weight type=0 forced_layout=1
[MMVQ] Batch 64 > threshold 32, routing to batched GEMM path
[MoE] MMVQ layout=1 returned false
[MoE] About to try AOS layout
[RESOLVE] data_handle empty for weight tensor 'blk.0.ffn_down_exps.weight' device 0, falling through to cache lookup
[SYCL] weight cache lookup: tensor=0x1f2d4060 name=blk.0.ffn_down_exps.weight device=0
[RESOLVE] refusing composite MoE expert tensor materialization for placement-planned 'blk.0.ffn_down_exps.weight' device 0
[MoE] Trying MMVQ with layout=0 for blk.0.ffn_down_exps.weight
[MMVQ-ENTRY] src0=blk.0.ffn_down_exps.weight type=0 forced_layout=0
[MMVQ] Batch 64 > threshold 32, routing to batched GEMM path
[MoE] MMVQ layout=0 returned false
[MoE] All MMVQ layouts failed, falling back to host routing
[MoE] GPU probe paths did not select type 0; resolving planner-owned MoE route
[MoE-1E] Reusing cached IDs for layer 0 (blk.0.ffn_down_exps.weight), 64 elements
[MoE] Using expert cache for blk.0.ffn_down_exps.weight (layer=1637998062, host_buf=0, ptr_type=3)
[MOE-AOS-REQUEST] tensor=blk.0.ffn_down_exps.weight expert=0 current=0 planned=0 requested=aos reason=device-plan
[MOE-AOS-REQUEST] tensor=blk.0.ffn_down_exps.weight expert=1 current=0 planned=0 requested=aos reason=device-plan
[GRAPH-MOE-LAYOUT] tensor=blk.0.ffn_down_exps.weight device=0 plan=1 selected=aos local=2 secondary=0 host=0 missing=0 host_weights=0
[MOE-DISPATCH-LAYOUT] tensor=blk.0.ffn_down_exps.weight device=0 route_layout=aos src0_layout=aos use_expert_cache=1 placement_planned=1 host_weights=0 plan=1 plan_host=0 has_override=0 ne12=64
[MOE-STAGE] tensor=blk.0.ffn_down_exps.weight stage=after-dispatch-layout device=0 ne12=64
[MOE-STAGE] tensor=blk.0.ffn_down_exps.weight stage=after-pointer-table device=0 planned_pp=1
[MOE-STAGE] tensor=blk.0.ffn_down_exps.weight stage=after-route-diagnostics device=0 planned_pp=1
[MOE-STAGE] tensor=blk.0.ffn_down_exps.weight stage=before-route-mode device=0 ne12=64 use_cache=1 plan=1 hybrid=1
[MOE-IDS] Staging ids to device (buffer_on_host=0, ptr_usm_type=3)
[MOE-STAGE] tensor=blk.0.ffn_down_exps.weight stage=pp-rowmap-alloc-begin device=0 rows=64
[UNIFIED-ALLOC] zone alloc: dev=0 zone=4 size=0.0 MB ptr=0xffffd55e67c2c000
[MOE-STAGE] tensor=blk.0.ffn_down_exps.weight stage=pp-rowmap-copy-begin device=0 rows=64 dst_handle=0
[MOE-STAGE] tensor=blk.0.ffn_down_exps.weight stage=pp-rowmap-copy-submitted device=0 rows=64
[UNIFIED-ALLOC] zone alloc: dev=0 zone=4 size=0.1 MB ptr=0xffffd55e67c2c200
[UNIFIED-ALLOC] zone alloc: dev=0 zone=4 size=0.1 MB ptr=0xffffd55e67c3c200
[MOE-AOS-REQUEST] tensor=blk.0.ffn_down_exps.weight expert=0 current=0 planned=0 requested=aos reason=device-plan
[DEBUG-MULMAT] ENTER: src0=blk.0.ffn_down_exps.weight src1=ffn_moe_swiglu-0 dst=node_59
[SYCL][OP] call ggml_sycl_mul_mat: dst='node_59':type=f32;ne=[256, 57, 1, 1];nb=[4, 1024, 58368, 58368]	src0='blk.0.ffn_down_exps.weight':type=f32;ne=[384, 256, 2, 1];nb=[4, 1536, 393216, 786432]0.02.249.972 E [SYCL][PTR] dst tensor=node_59 data=0xffffd55e67c2c200 alloc=58368 base=0xffffd55e47d88000 size=524288 end=0xffffd55e47e08000
	src1='ffn_moe_swiglu-0':type=f32;ne=[384, 1, 64, 1];nb=[4, 1536, 1536, 98304]
[XMXConfig] device=0: M=8 N=16 K_INT8=32 K_FP16=16 SLM=131072 nsm=256 supported=1 int8=1 fp16=1 double_buf=1 max_esimd_wg=64 nbarrier=0 esimd_dpas=1
[MUL_MAT] src0 device=0 ptr=0xffffd556b67c5500 (tensor=blk.0.ffn_down_exps.weight layout=0)
[MUL_MAT] dst device=0 ptr=0xffffd55e67c2c200 (tensor=node_59)
[SYCL][OP] call ggml_sycl_mul_mat done
[MOE-AOS-REQUEST] tensor=blk.0.ffn_down_exps.weight expert=1 current=0 planned=0 requested=aos reason=device-plan
[DEBUG-MULMAT] ENTER: src0=blk.0.ffn_down_exps.weight src1=ffn_moe_swiglu-0 dst=node_59
[SYCL][OP] call ggml_sycl_mul_mat: dst='node_59':type=f32;ne=[256, 7, 1, 1];nb=[4, 1024, 7168, 7168]	src0='blk.0.ffn_down_exps.weight':type=f32;ne=[384, 256, 2, 1];nb=[4, 1536, 393216, 786432]	src1='ffn_moe_swiglu-0':type=f32;ne=[384, 1, 64, 1];nb=[4, 1536, 1536, 98304]
0.02.250.056 E [SYCL][PTR] dst tensor=node_59 data=0xffffd55e67c3a600 alloc=7168 base=0xffffd55e47d88000 size=524288 end=0xffffd55e47e08000
[XMXConfig] device=0: M=8 N=16 K_INT8=32 K_FP16=16 SLM=131072 nsm=256 supported=1 int8=1 fp16=1 double_buf=1 max_esimd_wg=64 nbarrier=0 esimd_dpas=1
[MUL_MAT] src0 device=0 ptr=0xffffd556b6825500 (tensor=blk.0.ffn_down_exps.weight layout=0)
[MUL_MAT] dst device=0 ptr=0xffffd55e67c3a600 (tensor=node_59)
[SYCL][OP] call ggml_sycl_mul_mat done
[SYCL][OP] call ggml_sycl_mul_mat_id done
[DEBUG-IMPL] Node 60/140: op=36 name=blk.0.ffn_down_exps.scale (reshaped)
[DEBUG-IMPL] Node 61/140: op=20 name=node_61
[SYCL] weight cache lookup: tensor=0x2690d160 name=blk.0.ffn_down_exps.scale (reshaped) device=0
ggml_sycl_get_data_ptr_slow: tensor=blk.0.ffn_down_exps.scale (reshaped) view_src chain -> base=blk.0.ffn_down_exps.scale, base->extra=0x23480e10, base->data=0x78d2789b18e0, tensor->data=0x78d2789b18e0
ggml_sycl_get_data_ptr_slow: base=blk.0.ffn_down_exps.scale data=0x78d2789b18e0 ptr_type=3
[SYCL] weight cache lookup: tensor=0x2690d160 name=blk.0.ffn_down_exps.scale (reshaped) device=0
ggml_sycl_get_data_ptr_slow: tensor=blk.0.ffn_down_exps.scale (reshaped), device=0, staging FAILED for non-device (type=0), using tensor->data=0x78d2789b18e0
ggml_sycl_get_data_ptr_slow: tensor=blk.0.ffn_down_exps.scale (reshaped), device=0, using tensor->data=0x78d2789b18e0
[RESOLVE] data_handle empty for weight tensor 'blk.0.ffn_down_exps.scale' device 0, falling through to cache lookup
[SYCL] weight cache lookup: tensor=0x1f2d6130 name=blk.0.ffn_down_exps.scale device=0
[SYCL] weight cache lookup: tensor=0x1f2d6130 name=blk.0.ffn_down_exps.scale device=0
ggml_sycl_get_data_ptr_slow: tensor=blk.0.ffn_down_exps.scale, device=0, staging FAILED for non-device (type=0), using tensor->data=0x78d2789b18e0
ggml_sycl_get_data_ptr_slow: tensor=blk.0.ffn_down_exps.scale, device=0, using tensor->data=0x78d2789b18e0
[SYCL] simple consumer routing declined: op=REPEAT dst=node_61 plan unavailable ctx=0
[SYCL][OP] call ggml_sycl_repeat: dst='node_61':type=f32;ne=[1, 2, 64, 1];nb=[4, 4, 8, 512]	src0='blk.0.ffn_down_exps.scale (reshaped)':type=f32;ne=[1, 2, 1, 1];nb=[4, 4, 8, 8]
[SYCL] weight cache lookup: tensor=0x2690d160 name=blk.0.ffn_down_exps.scale (reshaped) device=0
[SYCL] weight cache lookup: tensor=0x2690d160 name=blk.0.ffn_down_exps.scale (reshaped) device=0
0.02.250.171 E [UNIFIED-CACHE] planned-mode runtime materialization rejected op=direct_stage_weight caller=direct_stage_weight model=0 name_hash=0x2c2c03c5845a4428 aux=280 type=0 ne=[1,2,1,1] layout=0 graph_active=1
[SYCL-BINBCAST] staging raw host tensor=blk.0.ffn_down_exps.scale (reshaped) bytes=8 device=0 src=0x78d2789b18e0 dst=0xffffe38f1ae00000
[BINBCAST-PTR] src0=node_61 src0_host=0xffffd55e47d98400 src0_d=0xffffd55e47d98400
[BINBCAST-PTR] src1=blk.0.ffn_down_exps.scale (reshaped) src1_host=0x78d2789b18e0 src1_d=0xffffe38f1ae00000
[SYCL][OP] call ggml_sycl_repeat done
[DEBUG-IMPL] Node 62/140: op=40 name=node_62
[SYCL][OP] call ggml_sycl_get_rows: dst='node_62':type=f32;ne=[1, 1, 64, 1];nb=[4, 4, 4, 256]	src0='node_61':type=f32;ne=[1, 2, 64, 1];nb=[4, 4, 8, 512]	src1='ffn_moe_topk-0':type=i32;ne=[1, 64, 1, 1];nb=[4, 8, 512, 512];strided
[SYCL] weight cache lookup: tensor=0x2690d2f0 name=node_61 device=0
0.02.250.219 E [SYCL][PTR] src1 tensor=ffn_moe_topk-0 data=0x78d428383400 alloc=508 base=0xffffd55e47d88000 size=524288 end=0xffffd55e47e08000
[SYCL][OP] call ggml_sycl_get_rows done
[DEBUG-IMPL] Node 63/140: op=7 name=ffn_moe_down_scaled-0
[SYCL] simple consumer routing declined: op=MUL dst=ffn_moe_down_scaled-0 local single-device plan ctx=0 target=0
[SYCL][OP] call ggml_sycl_mul: dst='ffn_moe_down_scaled-0':type=f32;ne=[256, 1, 64, 1];nb=[4, 1024, 1024, 65536]	src0='node_59':type=f32;ne=[256, 1, 64, 1];nb=[4, 1024, 1024, 65536]	src1='node_62':type=f32;ne=[1, 1, 64, 1];nb=[4, 4, 4, 256]
[BINBCAST-PTR] src0=node_59 src0_host=0xffffd55e47d88000 src0_d=0xffffd55e47d88000
[BINBCAST-PTR] src1=node_62 src1_host=0xffffd55e47d98000 src1_d=0xffffd55e47d98000
[SYCL][OP] call ggml_sycl_mul done
[DEBUG-IMPL] Node 64/140: op=7 name=ffn_moe_weighted-0
[SYCL] simple consumer routing declined: op=MUL dst=ffn_moe_weighted-0 local single-device plan ctx=0 target=0
[SYCL][OP] call ggml_sycl_mul: dst='ffn_moe_weighted-0':type=f32;ne=[256, 1, 64, 1];nb=[4, 1024, 1024, 65536]	src0='ffn_moe_down_scaled-0':type=f32;ne=[256, 1, 64, 1];nb=[4, 1024, 1024, 65536]	src1='ffn_moe_weights_norm-0 (reshaped)':type=f32;ne=[1, 1, 64, 1];nb=[4, 4, 4, 256]
[BINBCAST-PTR] src0=ffn_moe_down_scaled-0 src0_host=0xffffd55e47d88000 src0_d=0xffffd55e47d88000
[BINBCAST-PTR] src1=ffn_moe_weights_norm-0 (reshaped) src1_host=0xffffd55e47d98100 src1_d=0xffffd55e47d98100
[SYCL][OP] call ggml_sycl_mul done
[DEBUG-IMPL] Node 65/140: op=37 name=ffn_moe_weighted-0 (view)
[DEBUG-IMPL] Node 66/140: op=35 name=ffn_moe_out-0
[SYCL] simple consumer routing declined: op=CONT dst=ffn_moe_out-0 local single-device plan ctx=0 target=0
[SYCL][OP] call ggml_sycl_dup: dst='ffn_moe_out-0':type=f32;ne=[256, 64, 1, 1];nb=[4, 1024, 65536, 65536]	src0='ffn_moe_weighted-0 (view)':type=f32;ne=[256, 64, 1, 1];nb=[4, 1024, 65536, 65536]
[SYCL][OP] call ggml_sycl_cpy: dst='ffn_moe_out-0':type=f32;ne=[256, 64, 1, 1];nb=[4, 1024, 65536, 65536]	src0='ffn_moe_weighted-0 (view)':type=f32;ne=[256, 64, 1, 1];nb=[4, 1024, 65536, 65536]
[CPY] device=0 main_stream=0x1d26bec0 tp_queue=(nil) (match=0)
[CPY DEBUG] device=0 src0=ffn_moe_weighted-0 (view)(0xffffd55e47d88000, usm=1) -> src1=ffn_moe_out-0(0xffffd55e47d98000, usm=1) size=65536
[CPY STAGING CHECK] device=0 needs_staging=0 src0_type=1 dst_is_device=1
[CPY device=0] memcpy path: 0xffffd55e47d88000 -> 0xffffd55e47d98000 (65536 bytes)
[CPY device=0] memcpy submitted
[SYCL][OP] call ggml_sycl_cpy done
[SYCL][OP] call ggml_sycl_dup done
[DEBUG-IMPL] Node 67/140: op=2 name=l_out-0
[DEBUG-IMPL] Node 69/140: op=7 name=attn_norm-1
[SYCL] simple consumer routing declined: op=MUL dst=attn_norm-1 local single-device plan ctx=0 target=0
[SYCL][OP] call ggml_sycl_mul: dst='attn_norm-1':type=f32;ne=[256, 64, 1, 1];nb=[4, 1024, 65536, 65536]	src0='norm-1':type=f32;ne=[256, 64, 1, 1];nb=[4, 1024, 65536, 65536]	src1='blk.1.attn_norm.weight':type=f32;ne=[256, 1, 1, 1];nb=[4, 1024, 1024, 1024]
[BINBCAST-PTR] src0=norm-1 src0_host=0xffffd55e47d88000 src0_d=0xffffd55e47d88000
[BINBCAST-PTR] src1=blk.1.attn_norm.weight src1_host=0x78d27866f840 src1_d=0xffffd556b6ae6100
[SYCL][OP] call ggml_sycl_mul done
[DEBUG-IMPL] Node 70/140: op=29 name=node_70
[SYCL] simple consumer routing declined: op=MUL_MAT dst=node_70 plan unavailable ctx=0
[DEBUG-MULMAT] ENTER: src0=blk.1.attn_q.weight src1=attn_norm-1 dst=node_70
[SYCL][OP] call ggml_sycl_mul_mat: dst='node_70':type=f32;ne=[256, 64, 1, 1];nb=[4, 1024, 65536, 65536]	src0='blk.1.attn_q.weight':type=f32;ne=[256, 256, 1, 1];nb=[4, 1024, 262144, 262144]	src1='attn_norm-1':type=f32;ne=[256, 64, 1, 1];nb=[4, 1024, 65536, 65536]
[XMXConfig] device=0: M=8 N=16 K_INT8=32 K_FP16=16 SLM=131072 nsm=256 supported=1 int8=1 fp16=1 double_buf=1 max_esimd_wg=64 nbarrier=0 esimd_dpas=1
[MUL_MAT] src0 device=0 ptr=0xffffd556b6c08100 (tensor=blk.1.attn_q.weight layout=0)
[MUL_MAT] dst device=0 ptr=0xffffd55e47da8000 (tensor=node_70)
[SYCL] weight cache lookup: tensor=0x1f2d4510 name=blk.1.attn_q.weight device=0
[SYCL][OP] call ggml_sycl_mul_mat done
[DEBUG-IMPL] Node 71/140: op=7 name=Qcur-1
[DEBUG-IMPL] Node 73/140: op=36 name=Qcur-1
[DEBUG-IMPL] Node 74/140: op=49 name=Qcur-1
[SYCL] simple consumer routing declined: op=ROPE dst=Qcur-1 local single-device plan ctx=0 target=0
[SYCL][OP] call ggml_sycl_rope: dst='Qcur-1':type=f32;ne=[128, 2, 64, 1];nb=[4, 512, 1024, 65536]	src0='Qcur-1':type=f32;ne=[128, 2, 64, 1];nb=[4, 512, 1024, 65536]	src1='leaf_7':type=i32;ne=[64, 1, 1, 1];nb=[4, 256, 256, 256]	src2='rope_freqs.weight':type=f32;ne=[64, 1, 1, 1];nb=[4, 256, 256, 256]
ggml_sycl_op_rope: norm path
[SYCL][OP] call ggml_sycl_rope done
[DEBUG-IMPL] Node 75/140: op=29 name=node_75
[SYCL] simple consumer routing declined: op=MUL_MAT dst=node_75 plan unavailable ctx=0
[DEBUG-MULMAT] ENTER: src0=blk.1.attn_v.weight src1=attn_norm-1 dst=node_75
[SYCL][OP] call ggml_sycl_mul_mat: dst='node_75':type=f32;ne=[256, 64, 1, 1];nb=[4, 1024, 65536, 65536]	src0='blk.1.attn_v.weight':type=f32;ne=[256, 256, 1, 1];nb=[4, 1024, 262144, 262144]	src1='attn_norm-1':type=f32;ne=[256, 64, 1, 1];nb=[4, 1024, 65536, 65536]
[XMXConfig] device=0: M=8 N=16 K_INT8=32 K_FP16=16 SLM=131072 nsm=256 supported=1 int8=1 fp16=1 double_buf=1 max_esimd_wg=64 nbarrier=0 esimd_dpas=1
[MUL_MAT] src0 device=0 ptr=0xffffd556b6c88100 (tensor=blk.1.attn_v.weight layout=0)
[MUL_MAT] dst device=0 ptr=0xffffd55e47da8000 (tensor=node_75)
[SYCL] weight cache lookup: tensor=0x1f2d4830 name=blk.1.attn_v.weight device=0
[SYCL][OP] call ggml_sycl_mul_mat done
[DEBUG-IMPL] Node 76/140: op=7 name=Vcur-1
[DEBUG-IMPL] Node 78/140: op=36 name=Vcur-1
[DEBUG-IMPL] Node 79/140: op=29 name=node_79
[SYCL] simple consumer routing declined: op=MUL_MAT dst=node_79 plan unavailable ctx=0
[DEBUG-MULMAT] ENTER: src0=blk.1.attn_k.weight src1=attn_norm-1 dst=node_79
[SYCL][OP] call ggml_sycl_mul_mat: dst='node_79':type=f32;ne=[256, 64, 1, 1];nb=[4, 1024, 65536, 65536]	src0='blk.1.attn_k.weight':type=f32;ne=[256, 256, 1, 1];nb=[4, 1024, 262144, 262144]	src1='attn_norm-1':type=f32;ne=[256, 64, 1, 1];nb=[4, 1024, 65536, 65536]
[XMXConfig] device=0: M=8 N=16 K_INT8=32 K_FP16=16 SLM=131072 nsm=256 supported=1 int8=1 fp16=1 double_buf=1 max_esimd_wg=64 nbarrier=0 esimd_dpas=1
[MUL_MAT] src0 device=0 ptr=0xffffd556b6c48100 (tensor=blk.1.attn_k.weight layout=0)
[MUL_MAT] dst device=0 ptr=0xffffd55e47dc8000 (tensor=node_79)
[SYCL] weight cache lookup: tensor=0x1f2d46a0 name=blk.1.attn_k.weight device=0
[SYCL][OP] call ggml_sycl_mul_mat done
[DEBUG-IMPL] Node 80/140: op=7 name=Kcur-1
[DEBUG-IMPL] Node 82/140: op=36 name=Kcur-1
[DEBUG-IMPL] Node 83/140: op=49 name=Kcur-1
[SYCL] simple consumer routing declined: op=ROPE dst=Kcur-1 local single-device plan ctx=0 target=0
[SYCL][OP] call ggml_sycl_rope: dst='Kcur-1':type=f32;ne=[128, 2, 64, 1];nb=[4, 512, 1024, 65536]	src0='Kcur-1':type=f32;ne=[128, 2, 64, 1];nb=[4, 512, 1024, 65536]	src1='leaf_7':type=i32;ne=[64, 1, 1, 1];nb=[4, 256, 256, 256]	src2='rope_freqs.weight':type=f32;ne=[64, 1, 1, 1];nb=[4, 256, 256, 256]
ggml_sycl_op_rope: norm path
[SYCL][OP] call ggml_sycl_rope done
[DEBUG-IMPL] Node 84/140: op=37 name=Kcur-1 (view)
[DEBUG-IMPL] Node 85/140: op=42 name=cache_k_l1 (view)
[SYCL] simple consumer routing declined: op=SET_ROWS dst=cache_k_l1 (view) plan unavailable ctx=0
[SYCL][OP] call ggml_sycl_op_set_rows: dst='cache_k_l1 (view)':type=f16;ne=[256, 256, 1, 1];nb=[2, 512, 131072, 131072]	src0='Kcur-1 (view)':type=f32;ne=[256, 64, 1, 1];nb=[4, 1024, 65536, 65536]	src1='leaf_15':type=i64;ne=[64, 1, 1, 1];nb=[8, 512, 512, 512]
[SYCL][OP] call ggml_sycl_op_set_rows done
[DEBUG-IMPL] Node 86/140: op=37 name=Vcur-1 (view)
[DEBUG-IMPL] Node 87/140: op=42 name=cache_v_l1 (view)
[SYCL] simple consumer routing declined: op=SET_ROWS dst=cache_v_l1 (view) plan unavailable ctx=0
[SYCL][OP] call ggml_sycl_op_set_rows: dst='cache_v_l1 (view)':type=f16;ne=[256, 256, 1, 1];nb=[2, 512, 131072, 131072]	src0='Vcur-1 (view)':type=f32;ne=[256, 64, 1, 1];nb=[4, 1024, 65536, 65536]	src1='leaf_17':type=i64;ne=[64, 1, 1, 1];nb=[8, 512, 512, 512]
[SYCL][OP] call ggml_sycl_op_set_rows done
[DEBUG-IMPL] Node 88/140: op=37 name=Qcur-1 (view)
[DEBUG-IMPL] Node 89/140: op=38 name=Qcur-1 (view) (permuted)
[DEBUG-IMPL] Node 90/140: op=34 name=Qcur-1 (view) (permuted) (copy)
[SYCL] simple consumer routing declined: op=CPY dst=Qcur-1 (view) (permuted) (copy) local single-device plan ctx=0 target=0
[SYCL][OP] call ggml_sycl_cpy: dst='Qcur-1 (view) (permuted) (copy)':type=f16;ne=[128, 64, 2, 1];nb=[2, 256, 16384, 32768]	src0='Qcur-1 (view) (permuted)':type=f32;ne=[128, 64, 2, 1];nb=[4, 1024, 512, 65536];strided;permuted
[CPY] device=0 main_stream=0x1d26bec0 tp_queue=(nil) (match=0)
[CPY DEBUG] device=0 src0=Qcur-1 (view) (permuted)(0xffffd55e47db8000, usm=1) -> src1=Qcur-1 (view) (permuted) (copy)(0xffffd55e47da8000, usm=1) size=65536
[CPY STAGING CHECK] device=0 needs_staging=0 src0_type=1 dst_is_device=1
[SYCL][OP] call ggml_sycl_cpy done
[DEBUG-IMPL] Node 91/140: op=37 name=cache_k_l1 (view)
[DEBUG-IMPL] Node 92/140: op=38 name=cache_k_l1 (view) (permuted)
[DEBUG-IMPL] Node 93/140: op=37 name=cache_v_l1 (view)
[DEBUG-IMPL] Node 94/140: op=38 name=cache_v_l1 (view) (permuted)
[DEBUG-IMPL] Node 95/140: op=75 name=node_95
[SYCL] simple consumer routing declined: op=FLASH_ATTN_EXT dst=node_95 plan unavailable ctx=0
ggml_sycl_get_data_ptr_slow: tensor=Qcur-1 (view) (permuted) (copy), device=1, rejecting tensor->data=0xffffd55e47da8000 owned by device 0
ggml_sycl_get_data_ptr_slow: tensor=node_95, device=1, rejecting tensor->data=0xffffd55e47d88000 owned by device 0
[DEBUG-IMPL] Node 96/140: op=36 name=kqv_out-1
[DEBUG-IMPL] Node 97/140: op=29 name=node_97
[SYCL] simple consumer routing declined: op=MUL_MAT dst=node_97 plan unavailable ctx=0
[DEBUG-MULMAT] ENTER: src0=blk.1.attn_output.weight src1=kqv_out-1 dst=node_97
[SYCL][OP] call ggml_sycl_mul_mat: dst='node_97':type=f32;ne=[256, 64, 1, 1];nb=[4, 1024, 65536, 65536]	src0='blk.1.attn_output.weight':type=f32;ne=[256, 256, 1, 1];nb=[4, 1024, 262144, 262144]	src1='kqv_out-1':type=f32;ne=[256, 64, 1, 1];nb=[4, 1024, 65536, 65536]
[XMXConfig] device=0: M=8 N=16 K_INT8=32 K_FP16=16 SLM=131072 nsm=256 supported=1 int8=1 fp16=1 double_buf=1 max_esimd_wg=64 nbarrier=0 esimd_dpas=1
[MUL_MAT] src0 device=0 ptr=0xffffd556b6cc8100 (tensor=blk.1.attn_output.weight layout=0)
[MUL_MAT] dst device=0 ptr=0xffffd55e47da8000 (tensor=node_97)
[SYCL] weight cache lookup: tensor=0x1f2d4e70 name=blk.1.attn_output.weight device=0
[SYCL][OP] call ggml_sycl_mul_mat done
[DEBUG-IMPL] Node 98/140: op=7 name=node_98
[DEBUG-IMPL] Node 100/140: op=40 name=node_100
ggml_sycl_get_data_ptr_slow: tensor=leaf_47, device=0, staging FAILED for non-device (type=0), using tensor->data=0x78d2789ca440
ggml_sycl_get_data_ptr_slow: tensor=leaf_47, device=0, using tensor->data=0x78d2789ca440
[SYCL][OP] call ggml_sycl_get_rows: dst='node_100':type=f32;ne=[256, 64, 1, 1];nb=[4, 1024, 65536, 65536]	src0='attn_out-1':type=f32;ne=[256, 64, 1, 1];nb=[4, 1024, 65536, 65536]	src1='leaf_47':type=i32;ne=[64, 1, 1, 1];nb=[4, 256, 256, 256]
[SYCL] weight cache lookup: tensor=0x26910e50 name=attn_out-1 device=0
[SYCL][OP] call ggml_sycl_get_rows done
[DEBUG-IMPL] Node 101/140: op=40 name=node_101
[SYCL][OP] call ggml_sycl_get_rows: dst='node_101':type=f32;ne=[256, 64, 1, 1];nb=[4, 1024, 65536, 65536]	src0='l_out-0':type=f32;ne=[256, 64, 1, 1];nb=[4, 1024, 65536, 65536]	src1='leaf_47':type=i32;ne=[64, 1, 1, 1];nb=[4, 256, 256, 256]
[SYCL] weight cache lookup: tensor=0x2690dc50 name=l_out-0 device=0
[SYCL][OP] call ggml_sycl_get_rows done
[DEBUG-IMPL] Node 102/140: op=2 name=ffn_inp-1
[DEBUG-IMPL] Node 104/140: op=7 name=ffn_norm-1
[SYCL] simple consumer routing declined: op=MUL dst=ffn_norm-1 local single-device plan ctx=0 target=0
[SYCL][OP] call ggml_sycl_mul: dst='ffn_norm-1':type=f32;ne=[256, 64, 1, 1];nb=[4, 1024, 65536, 65536]	src0='norm-1':type=f32;ne=[256, 64, 1, 1];nb=[4, 1024, 65536, 65536]	src1='blk.1.ffn_norm.weight':type=f32;ne=[256, 1, 1, 1];nb=[4, 1024, 1024, 1024]
[BINBCAST-PTR] src0=norm-1 src0_host=0xffffd55e47d98000 src0_d=0xffffd55e47d98000
[BINBCAST-PTR] src1=blk.1.ffn_norm.weight src1_host=0x78d278770c40 src1_d=0xffffd556b6ae6500
[SYCL][OP] call ggml_sycl_mul done
[DEBUG-IMPL] Node 105/140: op=29 name=ffn_moe_logits-1
[SYCL] simple consumer routing declined: op=MUL_MAT dst=ffn_moe_logits-1 plan unavailable ctx=0
[DEBUG-MULMAT] ENTER: src0=blk.1.ffn_gate_inp.weight src1=ffn_norm-1 dst=ffn_moe_logits-1
[SYCL][OP] call ggml_sycl_mul_mat: dst='ffn_moe_logits-1':type=f32;ne=[2, 64, 1, 1];nb=[4, 8, 512, 512]	src0='blk.1.ffn_gate_inp.weight':type=f32;ne=[256, 2, 1, 1];nb=[4, 1024, 2048, 2048]	src1='ffn_norm-1':type=f32;ne=[256, 64, 1, 1];nb=[4, 1024, 65536, 65536]
[XMXConfig] device=0: M=8 N=16 K_INT8=32 K_FP16=16 SLM=131072 nsm=256 supported=1 int8=1 fp16=1 double_buf=1 max_esimd_wg=64 nbarrier=0 esimd_dpas=1
[MUL_MAT] src0 device=0 ptr=0xffffd556b6d0a200 (tensor=blk.1.ffn_gate_inp.weight layout=0)
[MUL_MAT] dst device=0 ptr=0xffffd55e47da8000 (tensor=ffn_moe_logits-1)
[SYCL] weight cache lookup: tensor=0x1f2d5320 name=blk.1.ffn_gate_inp.weight device=0
[SYCL][OP] call ggml_sycl_mul_mat done
[DEBUG-IMPL] Node 106/140: op=47 name=ffn_moe_probs-1
[SYCL] simple consumer routing declined: op=SOFT_MAX dst=ffn_moe_probs-1 local single-device plan ctx=0 target=0
[SYCL][OP] call ggml_sycl_op_soft_max: dst='ffn_moe_probs-1':type=f32;ne=[2, 64, 1, 1];nb=[4, 8, 512, 512]	src0='ffn_moe_logits-1':type=f32;ne=[2, 64, 1, 1];nb=[4, 8, 512, 512]	src1=nullptr
[SYCL][OP] call ggml_sycl_op_soft_max done
[DEBUG-IMPL] Node 107/140: op=36 name=ffn_moe_probs-1 (reshaped)
[DEBUG-IMPL] Node 108/140: op=70 name=ffn_moe_argsort-1
[SYCL] simple consumer routing declined: op=ARGSORT dst=ffn_moe_argsort-1 local single-device plan ctx=0 target=0
[SYCL][OP] call ggml_sycl_argsort: dst='ffn_moe_argsort-1':type=i32;ne=[2, 64, 1, 1];nb=[4, 8, 512, 512]	src0='ffn_moe_probs-1':type=f32;ne=[2, 64, 1, 1];nb=[4, 8, 512, 512]
0.02.251.034 E [SYCL][PTR] dst tensor=ffn_moe_argsort-1 data=0x78d428383600 alloc=512 base=0xffffd55e47d88000 size=524288 end=0xffffd55e47e08000
[SYCL][OP] call ggml_sycl_argsort done
[DEBUG-IMPL] Node 109/140: op=37 name=ffn_moe_topk-1
[DEBUG-IMPL] Node 110/140: op=40 name=ffn_moe_weights-1
[SYCL][OP] call ggml_sycl_get_rows: dst='ffn_moe_weights-1':type=f32;ne=[1, 1, 64, 1];nb=[4, 4, 4, 256]	src0='ffn_moe_probs-1 (reshaped)':type=f32;ne=[1, 2, 64, 1];nb=[4, 4, 8, 512]	src1='ffn_moe_topk-1':type=i32;ne=[1, 64, 1, 1];nb=[4, 8, 512, 512];strided
[SYCL] weight cache lookup: tensor=0x26911df0 name=ffn_moe_probs-1 (reshaped) device=0
0.02.251.055 E [SYCL][PTR] src1 tensor=ffn_moe_topk-1 data=0x78d428383600 alloc=508 base=0xffffd55e47d88000 size=524288 end=0xffffd55e47e08000
[SYCL][OP] call ggml_sycl_get_rows done
[DEBUG-IMPL] Node 111/140: op=36 name=ffn_moe_weights-1 (reshaped)
[DEBUG-IMPL] Node 112/140: op=15 name=ffn_moe_weights_sum-1
[SYCL] simple consumer routing declined: op=SUM_ROWS dst=ffn_moe_weights_sum-1 plan unavailable ctx=0
[SYCL][OP] call ggml_sycl_sum_rows: dst='ffn_moe_weights_sum-1':type=f32;ne=[1, 64, 1, 1];nb=[4, 4, 256, 256]	src0='ffn_moe_weights-1 (reshaped)':type=f32;ne=[1, 64, 1, 1];nb=[4, 4, 256, 256]
[SYCL][OP] call ggml_sycl_sum_rows done
[DEBUG-IMPL] Node 113/140: op=51 name=ffn_moe_weights_sum_clamped-1
[SYCL] simple consumer routing declined: op=CLAMP dst=ffn_moe_weights_sum_clamped-1 plan unavailable ctx=0
[SYCL][OP] call ggml_sycl_clamp: dst='ffn_moe_weights_sum_clamped-1':type=f32;ne=[1, 64, 1, 1];nb=[4, 4, 256, 256]	src0='ffn_moe_weights_sum-1':type=f32;ne=[1, 64, 1, 1];nb=[4, 4, 256, 256]
[SYCL][OP] call ggml_sycl_clamp done
[DEBUG-IMPL] Node 114/140: op=8 name=ffn_moe_weights_norm-1
[SYCL] simple consumer routing declined: op=DIV dst=ffn_moe_weights_norm-1 plan unavailable ctx=0
[SYCL][OP] call ggml_sycl_div: dst='ffn_moe_weights_norm-1':type=f32;ne=[1, 64, 1, 1];nb=[4, 4, 256, 256]	src0='ffn_moe_weights-1 (reshaped)':type=f32;ne=[1, 64, 1, 1];nb=[4, 4, 256, 256]	src1='ffn_moe_weights_sum_clamped-1':type=f32;ne=[1, 64, 1, 1];nb=[4, 4, 256, 256]
[BINBCAST-PTR] src0=ffn_moe_weights-1 (reshaped) src0_host=0xffffd55e47da8400 src0_d=0xffffd55e47da8400
[BINBCAST-PTR] src1=ffn_moe_weights_sum_clamped-1 src1_host=0xffffd55e47da8000 src1_d=0xffffd55e47da8000
[SYCL][OP] call ggml_sycl_div done
[DEBUG-IMPL] Node 115/140: op=36 name=ffn_moe_weights_norm-1 (reshaped)
[DEBUG-IMPL] Node 116/140: op=36 name=ffn_norm-1 (reshaped)
[DEBUG-IMPL] Node 117/140: op=30 name=node_117
[RESOLVE] data_handle empty for weight tensor 'blk.1.ffn_gate_exps.weight' device 0, falling through to cache lookup
[SYCL] weight cache lookup: tensor=0x1f2d54b0 name=blk.1.ffn_gate_exps.weight device=0
[RESOLVE] refusing composite MoE expert tensor materialization for placement-planned 'blk.1.ffn_gate_exps.weight' device 0
[SYCL][OP] call ggml_sycl_mul_mat_id: dst='node_117':type=f32;ne=[384, 1, 64, 1];nb=[4, 1536, 1536, 98304]	src0='blk.1.ffn_gate_exps.weight':type=f32;ne=[256, 384, 2, 1];nb=[4, 1024, 393216, 786432]	src1='ffn_norm-1 (reshaped)':type=f32;ne=[256, 1, 64, 1];nb=[4, 1024, 1024, 65536]	src2='ffn_moe_topk-1':type=i32;ne=[1, 64, 1, 1];nb=[4, 8, 512, 512];strided
0.02.251.150 [XMX-DEBUG] try_xmx_sorted_moe called: src0->type=0
[XMX-DEBUG] XMX MoE: forced=0 fused_enabled=0 tiled_enabled=1
[XMX-DEBUG] XMX caps: supported=1 int8=1
[XMX MoE] Only Q8_0/MXFP4 supported, got type 0
[XMX-MOE-REJECT] tensor=blk.1.ffn_gate_exps.weight type=f32 device=0 reason=type src0=[256,384,2,1] src1=[256,1,64,1] ids=[1,64,1,1]
[MoE FUSED] Batch 64 > 32, using oneDNN batching
[MoE] About to try COALESCED layout
[RESOLVE] data_handle empty for weight tensor 'blk.1.ffn_gate_exps.weight' device 0, falling through to cache lookup
[SYCL] weight cache lookup: tensor=0x1f2d54b0 name=blk.1.ffn_gate_exps.weight device=0
E [SYCL][PTR] src2 tensor=ffn_moe_topk-1 data=0x78d428383600 alloc=508 base=0xffffd55e47d88000 size=524288 end=0xffffd55e47e08000
[RESOLVE] refusing composite MoE expert tensor materialization for placement-planned 'blk.1.ffn_gate_exps.weight' device 0
[MoE] Trying MMVQ with layout=2 for blk.1.ffn_gate_exps.weight
[MMVQ-ENTRY] src0=blk.1.ffn_gate_exps.weight type=0 forced_layout=2
[MMVQ] Batch 64 > threshold 32, routing to batched GEMM path
[MoE] MMVQ layout=2 returned false
[MoE] About to try SOA layout
[RESOLVE] data_handle empty for weight tensor 'blk.1.ffn_gate_exps.weight' device 0, falling through to cache lookup
[SYCL] weight cache lookup: tensor=0x1f2d54b0 name=blk.1.ffn_gate_exps.weight device=0
[RESOLVE] refusing composite MoE expert tensor materialization for placement-planned 'blk.1.ffn_gate_exps.weight' device 0
[MoE] Trying MMVQ with layout=1 for blk.1.ffn_gate_exps.weight
[MMVQ-ENTRY] src0=blk.1.ffn_gate_exps.weight type=0 forced_layout=1
[MMVQ] Batch 64 > threshold 32, routing to batched GEMM path
[MoE] MMVQ layout=1 returned false
[MoE] About to try AOS layout
[RESOLVE] data_handle empty for weight tensor 'blk.1.ffn_gate_exps.weight' device 0, falling through to cache lookup
[SYCL] weight cache lookup: tensor=0x1f2d54b0 name=blk.1.ffn_gate_exps.weight device=0
[RESOLVE] refusing composite MoE expert tensor materialization for placement-planned 'blk.1.ffn_gate_exps.weight' device 0
[MoE] Trying MMVQ with layout=0 for blk.1.ffn_gate_exps.weight
[MMVQ-ENTRY] src0=blk.1.ffn_gate_exps.weight type=0 forced_layout=0
[MMVQ] Batch 64 > threshold 32, routing to batched GEMM path
[MoE] MMVQ layout=0 returned false
[MoE] All MMVQ layouts failed, falling back to host routing
[MoE] GPU probe paths did not select type 0; resolving planner-owned MoE route
[MoE-1E] Cached IDs for layer 1 (GATE), 64 elements
[MoE] Using expert cache for blk.1.ffn_gate_exps.weight (layer=1358208392, host_buf=0, ptr_type=3)
[MOE-AOS-REQUEST] tensor=blk.1.ffn_gate_exps.weight expert=0 current=0 planned=0 requested=aos reason=device-plan
[MOE-AOS-REQUEST] tensor=blk.1.ffn_gate_exps.weight expert=1 current=0 planned=0 requested=aos reason=device-plan
[GRAPH-MOE-LAYOUT] tensor=blk.1.ffn_gate_exps.weight device=0 plan=1 selected=aos local=2 secondary=0 host=0 missing=0 host_weights=0
[MOE-DISPATCH-LAYOUT] tensor=blk.1.ffn_gate_exps.weight device=0 route_layout=aos src0_layout=aos use_expert_cache=1 placement_planned=1 host_weights=0 plan=1 plan_host=0 has_override=0 ne12=64
[MOE-STAGE] tensor=blk.1.ffn_gate_exps.weight stage=after-dispatch-layout device=0 ne12=64
[MOE-STAGE] tensor=blk.1.ffn_gate_exps.weight stage=after-pointer-table device=0 planned_pp=1
[MOE-STAGE] tensor=blk.1.ffn_gate_exps.weight stage=after-route-diagnostics device=0 planned_pp=1
[MOE-STAGE] tensor=blk.1.ffn_gate_exps.weight stage=before-route-mode device=0 ne12=64 use_cache=1 plan=1 hybrid=1
[MOE-IDS] Staging ids to device (buffer_on_host=0, ptr_usm_type=3)
[MOE-IDS] Using pre-allocated staging buffer (256 bytes)
[MOE-STAGE] tensor=blk.1.ffn_gate_exps.weight stage=pp-rowmap-alloc-begin device=0 rows=64
[UNIFIED-ALLOC] zone alloc: dev=0 zone=4 size=0.0 MB ptr=0xffffd55e67c2c000
[MOE-STAGE] tensor=blk.1.ffn_gate_exps.weight stage=pp-rowmap-copy-begin device=0 rows=64 dst_handle=0
[MOE-STAGE] tensor=blk.1.ffn_gate_exps.weight stage=pp-rowmap-copy-submitted device=0 rows=64
[UNIFIED-ALLOC] zone alloc: dev=0 zone=4 size=0.1 MB ptr=0xffffd55e67c2c200
[UNIFIED-ALLOC] zone alloc: dev=0 zone=4 size=0.1 MB ptr=0xffffd55e67c44200
[MOE-AOS-REQUEST] tensor=blk.1.ffn_gate_exps.weight expert=0 current=0 planned=0 requested=aos reason=device-plan
[DEBUG-MULMAT] ENTER: src0=blk.1.ffn_gate_exps.weight src1=ffn_norm-1 (reshaped) dst=node_117
[SYCL][OP] call ggml_sycl_mul_mat: dst='node_117':type=f32;ne=[384, 2, 1, 1];nb=[4, 1536, 3072, 3072]	src0='blk.1.ffn_gate_exps.weight':type=f32;ne=[256, 384, 2, 1];nb=[4, 1024, 393216, 786432]	src1='ffn_norm-1 (reshaped)':type=f32;ne=[256, 1, 64, 1];nb=[4, 1024, 1024, 65536]
[XMXConfig] device=0: M=8 N=16 K_INT8=32 K_FP16=16 SLM=131072 nsm=256 supported=1 int8=1 fp16=1 double_buf=1 max_esimd_wg=64 nbarrier=0 esimd_dpas=1
[MUL_MAT] src0 device=0 ptr=0xffffd556b6885500 (tensor=blk.1.ffn_gate_exps.weight layout=0)
[MUL_MAT] dst device=0 ptr=0xffffd55e67c2c200 (tensor=node_117)
[SYCL][OP] call ggml_sycl_mul_mat done
[MOE-AOS-REQUEST] tensor=blk.1.ffn_gate_exps.weight expert=1 current=0 planned=0 requested=aos reason=device-plan
[DEBUG-MULMAT] ENTER: src0=blk.1.ffn_gate_exps.weight src1=ffn_norm-1 (reshaped) dst=node_117
[SYCL][OP] call ggml_sycl_mul_mat: dst='node_117':type=f32;ne=[384, 62, 1, 1];nb=[4, 1536, 95232, 95232]	src0='blk.1.ffn_gate_exps.weight':type=f32;ne=[256, 384, 2, 1];nb=[4, 1024, 393216, 786432]	src1='ffn_norm-1 (reshaped)':type=f32;ne=[256, 1, 64, 1];nb=[4, 1024, 1024, 65536]
[XMXConfig] device=0: M=8 N=16 K_INT8=32 K_FP16=16 SLM=131072 nsm=256 supported=1 int8=1 fp16=1 double_buf=1 max_esimd_wg=64 nbarrier=0 esimd_dpas=1
[MUL_MAT] src0 device=0 ptr=0xffffd556b68e5500 (tensor=blk.1.ffn_gate_exps.weight layout=0)
[MUL_MAT] dst device=0 ptr=0xffffd55e67c2ce00 (tensor=node_117)
[SYCL][OP] call ggml_sycl_mul_mat done
[SYCL][OP] call ggml_sycl_mul_mat_id done
[DEBUG-IMPL] Node 118/140: op=36 name=blk.1.ffn_gate_exps.scale (reshaped)
[DEBUG-IMPL] Node 119/140: op=20 name=node_119
[SYCL] weight cache lookup: tensor=0x269133d0 name=blk.1.ffn_gate_exps.scale (reshaped) device=0
ggml_sycl_get_data_ptr_slow: tensor=blk.1.ffn_gate_exps.scale (reshaped) view_src chain -> base=blk.1.ffn_gate_exps.scale, base->extra=0x229d73f0, base->data=0x78d2789b1a80, tensor->data=0x78d2789b1a80
ggml_sycl_get_data_ptr_slow: base=blk.1.ffn_gate_exps.scale data=0x78d2789b1a80 ptr_type=3
[SYCL] weight cache lookup: tensor=0x269133d0 name=blk.1.ffn_gate_exps.scale (reshaped) device=0
ggml_sycl_get_data_ptr_slow: tensor=blk.1.ffn_gate_exps.scale (reshaped), device=0, staging FAILED for non-device (type=0), using tensor->data=0x78d2789b1a80
ggml_sycl_get_data_ptr_slow: tensor=blk.1.ffn_gate_exps.scale (reshaped), device=0, using tensor->data=0x78d2789b1a80
[RESOLVE] data_handle empty for weight tensor 'blk.1.ffn_gate_exps.scale' device 0, falling through to cache lookup
[SYCL] weight cache lookup: tensor=0x1f2d7580 name=blk.1.ffn_gate_exps.scale device=0
[SYCL] weight cache lookup: tensor=0x1f2d7580 name=blk.1.ffn_gate_exps.scale device=0
ggml_sycl_get_data_ptr_slow: tensor=blk.1.ffn_gate_exps.scale, device=0, staging FAILED for non-device (type=0), using tensor->data=0x78d2789b1a80
ggml_sycl_get_data_ptr_slow: tensor=blk.1.ffn_gate_exps.scale, device=0, using tensor->data=0x78d2789b1a80
[SYCL] simple consumer routing declined: op=REPEAT dst=node_119 plan unavailable ctx=0
[SYCL][OP] call ggml_sycl_repeat: dst='node_119':type=f32;ne=[1, 2, 64, 1];nb=[4, 4, 8, 512]	src0='blk.1.ffn_gate_exps.scale (reshaped)':type=f32;ne=[1, 2, 1, 1];nb=[4, 4, 8, 8]
[SYCL] weight cache lookup: tensor=0x269133d0 name=blk.1.ffn_gate_exps.scale (reshaped) device=0
[SYCL] weight cache lookup: tensor=0x269133d0 name=blk.1.ffn_gate_exps.scale (reshaped) device=0
[SYCL-BINBCAST] staging raw host tensor=blk.1.ffn_gate_exps.scale (reshaped) bytes=8 device=0 src=0x78d2789b1a80 dst=0xffffe38f1ae00000
0.02.251.336 E [SYCL][PTR] dst tensor=node_117 data=0xffffd55e67c2c200 alloc=3072 base=0xffffd55e47d88000 size=524288 end=0xffffd55e47e08000
0.02.251.427 E [SYCL][PTR] dst tensor=node_117 data=0xffffd55e67c2ce00 alloc=95232 base=0xffffd55e47d88000 size=524288 end=0xffffd55e47e08000
0.02.251.571 E [UNIFIED-CACHE] planned-mode runtime materialization rejected op=direct_stage_weight caller=direct_stage_weight model=0 name_hash=0x474cbb7ffa4be3cb aux=289 type=0 ne=[1,2,1,1] layout=0 graph_active=1
[BINBCAST-PTR] src0=node_119 src0_host=0xffffd55e47dc0400 src0_d=0xffffd55e47dc0400
[BINBCAST-PTR] src1=blk.1.ffn_gate_exps.scale (reshaped) src1_host=0x78d2789b1a80 src1_d=0xffffe38f1ae00000
[SYCL][OP] call ggml_sycl_repeat done
[DEBUG-IMPL] Node 120/140: op=40 name=node_120
[SYCL][OP] call ggml_sycl_get_rows: dst='node_120':type=f32;ne=[1, 1, 64, 1];nb=[4, 4, 4, 256]	src0='node_119':type=f32;ne=[1, 2, 64, 1];nb=[4, 4, 8, 512]	src1='ffn_moe_topk-1':type=i32;ne=[1, 64, 1, 1];nb=[4, 8, 512, 512];strided
[SYCL] weight cache lookup: tensor=0x26913560 name=node_119 device=0
0.02.251.622 E [SYCL][PTR] src1 tensor=ffn_moe_topk-1 data=0x78d428383600 alloc=508 base=0xffffd55e47d88000 size=524288 end=0xffffd55e47e08000
[SYCL][OP] call ggml_sycl_get_rows done
[DEBUG-IMPL] Node 121/140: op=7 name=ffn_moe_gate_scaled-1
[SYCL] simple consumer routing declined: op=MUL dst=ffn_moe_gate_scaled-1 local single-device plan ctx=0 target=0
[SYCL][OP] call ggml_sycl_mul: dst='ffn_moe_gate_scaled-1':type=f32;ne=[384, 1, 64, 1];nb=[4, 1536, 1536, 98304]	src0='node_117':type=f32;ne=[384, 1, 64, 1];nb=[4, 1536, 1536, 98304]	src1='node_120':type=f32;ne=[1, 1, 64, 1];nb=[4, 4, 4, 256]
[BINBCAST-PTR] src0=node_117 src0_host=0xffffd55e47da8400 src0_d=0xffffd55e47da8400
[BINBCAST-PTR] src1=node_120 src1_host=0xffffd55e47da8000 src1_d=0xffffd55e47da8000
[SYCL][OP] call ggml_sycl_mul done
[DEBUG-IMPL] Node 122/140: op=30 name=node_122
[RESOLVE] data_handle empty for weight tensor 'blk.1.ffn_up_exps.weight' device 0, falling through to cache lookup
[SYCL] weight cache lookup: tensor=0x1f2d57d0 name=blk.1.ffn_up_exps.weight device=0
[RESOLVE] refusing composite MoE expert tensor materialization for placement-planned 'blk.1.ffn_up_exps.weight' device 0
[SYCL][OP] call ggml_sycl_mul_mat_id: dst='node_122':type=f32;ne=[384, 1, 64, 1];nb=[4, 1536, 1536, 98304]	src0='blk.1.ffn_up_exps.weight':type=f32;ne=[256, 384, 2, 1];nb=[4, 1024, 393216, 786432]	src1='ffn_norm-1 (reshaped)':type=f32;ne=[256, 1, 64, 1];nb=[4, 1024, 1024, 65536]	src2='ffn_moe_topk-1':type=i32;ne=[1, 64, 1, 1];nb=[4, 8, 512, 512];strided
0.02.251.675 E [XMX-DEBUG] try_xmx_sorted_moe called: src0->type=0
[XMX-DEBUG] XMX MoE: forced=0 fused_enabled=0 tiled_enabled=1
[XMX-DEBUG] XMX caps: supported=1 int8=1
[XMX MoE] Only Q8_0/MXFP4 supported, got type 0
[SYCL][PTR] src2 tensor=ffn_moe_topk-1 data=0x78d428383600 alloc=508 base=0xffffd55e47d88000 size=524288 end=0xffffd55e47e08000
[XMX-MOE-REJECT] tensor=blk.1.ffn_up_exps.weight type=f32 device=0 reason=type src0=[256,384,2,1] src1=[256,1,64,1] ids=[1,64,1,1]
[MoE FUSED] Batch 64 > 32, using oneDNN batching
[MoE] About to try COALESCED layout
[RESOLVE] data_handle empty for weight tensor 'blk.1.ffn_up_exps.weight' device 0, falling through to cache lookup
[SYCL] weight cache lookup: tensor=0x1f2d57d0 name=blk.1.ffn_up_exps.weight device=0
[RESOLVE] refusing composite MoE expert tensor materialization for placement-planned 'blk.1.ffn_up_exps.weight' device 0
[MoE] Trying MMVQ with layout=2 for blk.1.ffn_up_exps.weight
[MMVQ-ENTRY] src0=blk.1.ffn_up_exps.weight type=0 forced_layout=2
[MMVQ] Batch 64 > threshold 32, routing to batched GEMM path
[MoE] MMVQ layout=2 returned false
[MoE] About to try SOA layout
[RESOLVE] data_handle empty for weight tensor 'blk.1.ffn_up_exps.weight' device 0, falling through to cache lookup
[SYCL] weight cache lookup: tensor=0x1f2d57d0 name=blk.1.ffn_up_exps.weight device=0
[RESOLVE] refusing composite MoE expert tensor materialization for placement-planned 'blk.1.ffn_up_exps.weight' device 0
[MoE] Trying MMVQ with layout=1 for blk.1.ffn_up_exps.weight
[MMVQ-ENTRY] src0=blk.1.ffn_up_exps.weight type=0 forced_layout=1
[MMVQ] Batch 64 > threshold 32, routing to batched GEMM path
[MoE] MMVQ layout=1 returned false
[MoE] About to try AOS layout
[RESOLVE] data_handle empty for weight tensor 'blk.1.ffn_up_exps.weight' device 0, falling through to cache lookup
[SYCL] weight cache lookup: tensor=0x1f2d57d0 name=blk.1.ffn_up_exps.weight device=0
[RESOLVE] refusing composite MoE expert tensor materialization for placement-planned 'blk.1.ffn_up_exps.weight' device 0
[MoE] Trying MMVQ with layout=0 for blk.1.ffn_up_exps.weight
[MMVQ-ENTRY] src0=blk.1.ffn_up_exps.weight type=0 forced_layout=0
[MMVQ] Batch 64 > threshold 32, routing to batched GEMM path
[MoE] MMVQ layout=0 returned false
[MoE] All MMVQ layouts failed, falling back to host routing
[MoE] GPU probe paths did not select type 0; resolving planner-owned MoE route
[MoE-1E] Reusing cached IDs for layer 1 (blk.1.ffn_up_exps.weight), 64 elements
[MoE] Using expert cache for blk.1.ffn_up_exps.weight (layer=903754414, host_buf=0, ptr_type=3)
[MOE-AOS-REQUEST] tensor=blk.1.ffn_up_exps.weight expert=0 current=0 planned=0 requested=aos reason=device-plan
[MOE-AOS-REQUEST] tensor=blk.1.ffn_up_exps.weight expert=1 current=0 planned=0 requested=aos reason=device-plan
[GRAPH-MOE-LAYOUT] tensor=blk.1.ffn_up_exps.weight device=0 plan=1 selected=aos local=2 secondary=0 host=0 missing=0 host_weights=0
[MOE-DISPATCH-LAYOUT] tensor=blk.1.ffn_up_exps.weight device=0 route_layout=aos src0_layout=aos use_expert_cache=1 placement_planned=1 host_weights=0 plan=1 plan_host=0 has_override=0 ne12=64
[MOE-STAGE] tensor=blk.1.ffn_up_exps.weight stage=after-dispatch-layout device=0 ne12=64
[MOE-STAGE] tensor=blk.1.ffn_up_exps.weight stage=after-pointer-table device=0 planned_pp=1
[MOE-STAGE] tensor=blk.1.ffn_up_exps.weight stage=after-route-diagnostics device=0 planned_pp=1
[MOE-STAGE] tensor=blk.1.ffn_up_exps.weight stage=before-route-mode device=0 ne12=64 use_cache=1 plan=1 hybrid=1
[MOE-IDS] Staging ids to device (buffer_on_host=0, ptr_usm_type=3)
[MOE-STAGE] tensor=blk.1.ffn_up_exps.weight stage=pp-rowmap-alloc-begin device=0 rows=64
[UNIFIED-ALLOC] zone alloc: dev=0 zone=4 size=0.0 MB ptr=0xffffd55e67c2c000
[MOE-STAGE] tensor=blk.1.ffn_up_exps.weight stage=pp-rowmap-copy-begin device=0 rows=64 dst_handle=0
[MOE-STAGE] tensor=blk.1.ffn_up_exps.weight stage=pp-rowmap-copy-submitted device=0 rows=64
[UNIFIED-ALLOC] zone alloc: dev=0 zone=4 size=0.1 MB ptr=0xffffd55e67c2c200
[UNIFIED-ALLOC] zone alloc: dev=0 zone=4 size=0.1 MB ptr=0xffffd55e67c44200
[MOE-AOS-REQUEST] tensor=blk.1.ffn_up_exps.weight expert=0 current=0 planned=0 requested=aos reason=device-plan
[DEBUG-MULMAT] ENTER: src0=blk.1.ffn_up_exps.weight src1=ffn_norm-1 (reshaped) dst=node_122
[SYCL][OP] call ggml_sycl_mul_mat: dst='node_122':type=f32;ne=[384, 2, 1, 1];nb=[4, 1536, 3072, 3072]	src0='blk.1.ffn_up_exps.weight':type=f32;ne=[256, 384, 2, 1];nb=[4, 1024, 393216, 786432]0.02.251.772 E [SYCL][PTR] dst tensor=node_122 data=0xffffd55e67c2c200 alloc=3072 base=0xffffd55e47d88000 size=524288 end=0xffffd55e47e08000
	src1='ffn_norm-1 (reshaped)':type=f32;ne=[256, 1, 64, 1];nb=[4, 1024, 1024, 65536]
[XMXConfig] device=0: M=8 N=16 K_INT8=32 K_FP16=16 SLM=131072 nsm=256 supported=1 int8=1 fp16=1 double_buf=1 max_esimd_wg=64 nbarrier=0 esimd_dpas=1
[MUL_MAT] src0 device=0 ptr=0xffffd556b6945500 (tensor=blk.1.ffn_up_exps.weight layout=0)
[MUL_MAT] dst device=0 ptr=0xffffd55e67c2c200 (tensor=node_122)
[SYCL][OP] call ggml_sycl_mul_mat done
[MOE-AOS-REQUEST] tensor=blk.1.ffn_up_exps.weight expert=1 current=0 planned=0 requested=aos reason=device-plan
[DEBUG-MULMAT] ENTER: src0=blk.1.ffn_up_exps.weight src1=ffn_norm-1 (reshaped) dst=node_122
[SYCL][OP] call ggml_sycl_mul_mat: dst='node_122':type=f32;ne=[384, 62, 1, 1];nb=[4, 1536, 95232, 95232]	src0='blk.1.ffn_up_exps.weight':type=f32;ne=[256, 384, 2, 1];nb=[4, 1024, 393216, 786432]0.02.251.847 E [SYCL][PTR] dst tensor=node_122 data=0xffffd55e67c2ce00 alloc=95232 base=0xffffd55e47d88000 size=524288 end=0xffffd55e47e08000
	src1='ffn_norm-1 (reshaped)':type=f32;ne=[256, 1, 64, 1];nb=[4, 1024, 1024, 65536]
[XMXConfig] device=0: M=8 N=16 K_INT8=32 K_FP16=16 SLM=131072 nsm=256 supported=1 int8=1 fp16=1 double_buf=1 max_esimd_wg=64 nbarrier=0 esimd_dpas=1
[MUL_MAT] src0 device=0 ptr=0xffffd556b69a5500 (tensor=blk.1.ffn_up_exps.weight layout=0)
[MUL_MAT] dst device=0 ptr=0xffffd55e67c2ce00 (tensor=node_122)
[SYCL][OP] call ggml_sycl_mul_mat done
[SYCL][OP] call ggml_sycl_mul_mat_id done
[DEBUG-IMPL] Node 123/140: op=36 name=blk.1.ffn_up_exps.scale (reshaped)
[DEBUG-IMPL] Node 124/140: op=20 name=node_124
[SYCL] weight cache lookup: tensor=0x26912c00 name=blk.1.ffn_up_exps.scale (reshaped) device=0
ggml_sycl_get_data_ptr_slow: tensor=blk.1.ffn_up_exps.scale (reshaped) view_src chain -> base=blk.1.ffn_up_exps.scale, base->extra=0x22a4e320, base->data=0x78d2789b1ac0, tensor->data=0x78d2789b1ac0
ggml_sycl_get_data_ptr_slow: base=blk.1.ffn_up_exps.scale data=0x78d2789b1ac0 ptr_type=3
[SYCL] weight cache lookup: tensor=0x26912c00 name=blk.1.ffn_up_exps.scale (reshaped) device=0
ggml_sycl_get_data_ptr_slow: tensor=blk.1.ffn_up_exps.scale (reshaped), device=0, staging FAILED for non-device (type=0), using tensor->data=0x78d2789b1ac0
ggml_sycl_get_data_ptr_slow: tensor=blk.1.ffn_up_exps.scale (reshaped), device=0, using tensor->data=0x78d2789b1ac0
[RESOLVE] data_handle empty for weight tensor 'blk.1.ffn_up_exps.scale' device 0, falling through to cache lookup
[SYCL] weight cache lookup: tensor=0x1f2d78a0 name=blk.1.ffn_up_exps.scale device=0
[SYCL] weight cache lookup: tensor=0x1f2d78a0 name=blk.1.ffn_up_exps.scale device=0
ggml_sycl_get_data_ptr_slow: tensor=blk.1.ffn_up_exps.scale, device=0, staging FAILED for non-device (type=0), using tensor->data=0x78d2789b1ac0
ggml_sycl_get_data_ptr_slow: tensor=blk.1.ffn_up_exps.scale, device=0, using tensor->data=0x78d2789b1ac0
[SYCL] simple consumer routing declined: op=REPEAT dst=node_124 plan unavailable ctx=0
[SYCL][OP] call ggml_sycl_repeat: dst='node_124':type=f32;ne=[1, 2, 64, 1];nb=[4, 4, 8, 512]	src0='blk.1.ffn_up_exps.scale (reshaped)':type=f32;ne=[1, 2, 1, 1];nb=[4, 4, 8, 8]
[SYCL] weight cache lookup: tensor=0x26912c00 name=blk.1.ffn_up_exps.scale (reshaped) device=0
[SYCL] weight cache lookup: tensor=0x26912c00 name=blk.1.ffn_up_exps.scale (reshaped) device=0
[SYCL-BINBCAST] staging raw host tensor=blk.1.ffn_up_exps.scale (reshaped) bytes=8 device=0 src=0x78d2789b1ac0 dst=0xffffe38f1ae00000
0.02.251.954 E [UNIFIED-CACHE] planned-mode runtime materialization rejected op=direct_stage_weight caller=direct_stage_weight model=0 name_hash=0x9436376037e599f5 aux=294 type=0 ne=[1,2,1,1] layout=0 graph_active=1
[BINBCAST-PTR] src0=node_124 src0_host=0xffffd55e47d98000 src0_d=0xffffd55e47d98000
[BINBCAST-PTR] src1=blk.1.ffn_up_exps.scale (reshaped) src1_host=0x78d2789b1ac0 src1_d=0xffffe38f1ae00000
[SYCL][OP] call ggml_sycl_repeat done
[DEBUG-IMPL] Node 125/140: op=40 name=node_125
[SYCL][OP] call ggml_sycl_get_rows: dst='node_125':type=f32;ne=[1, 1, 64, 1];nb=[4, 4, 4, 256]	src0='node_124':type=f32;ne=[1, 2, 64, 1];nb=[4, 4, 8, 512]	src1='ffn_moe_topk-1':type=i32;ne=[1, 64, 1, 1];nb=[4, 8, 512, 512];strided
[SYCL] weight cache lookup: tensor=0x26912d90 name=node_124 device=0
0.02.251.995 E [SYCL][PTR] src1 tensor=ffn_moe_topk-1 data=0x78d428383600 alloc=508 base=0xffffd55e47d88000 size=524288 end=0xffffd55e47e08000
[SYCL][OP] call ggml_sycl_get_rows done
[DEBUG-IMPL] Node 126/140: op=7 name=ffn_moe_up_scaled-1
[SYCL] simple consumer routing declined: op=MUL dst=ffn_moe_up_scaled-1 local single-device plan ctx=0 target=0
[SYCL][OP] call ggml_sycl_mul: dst='ffn_moe_up_scaled-1':type=f32;ne=[384, 1, 64, 1];nb=[4, 1536, 1536, 98304]	src0='node_122':type=f32;ne=[384, 1, 64, 1];nb=[4, 1536, 1536, 98304]	src1='node_125':type=f32;ne=[1, 1, 64, 1];nb=[4, 4, 4, 256]
[BINBCAST-PTR] src0=node_122 src0_host=0xffffd55e47dc0400 src0_d=0xffffd55e47dc0400
[BINBCAST-PTR] src1=node_125 src1_host=0xffffd55e47d98200 src1_d=0xffffd55e47d98200
[SYCL][OP] call ggml_sycl_mul done
[DEBUG-IMPL] Node 127/140: op=97 name=ffn_moe_swiglu-1
[SYCL] simple consumer routing declined: op=GLU dst=ffn_moe_swiglu-1 local single-device plan ctx=0 target=0
[SYCL][OP] call ggml_sycl_swiglu: dst='ffn_moe_swiglu-1':type=f32;ne=[384, 1, 64, 1];nb=[4, 1536, 1536, 98304]	src0='ffn_moe_gate_scaled-1':type=f32;ne=[384, 1, 64, 1];nb=[4, 1536, 1536, 98304]
[SYCL][OP] call ggml_sycl_swiglu done
[DEBUG-IMPL] Node 128/140: op=30 name=node_128
[RESOLVE] data_handle empty for weight tensor 'blk.1.ffn_down_exps.weight' device 0, falling through to cache lookup
[SYCL] weight cache lookup: tensor=0x1f2d5640 name=blk.1.ffn_down_exps.weight device=0
[RESOLVE] refusing composite MoE expert tensor materialization for placement-planned 'blk.1.ffn_down_exps.weight' device 0
[SYCL][OP] call ggml_sycl_mul_mat_id: dst='node_128':type=f32;ne=[256, 1, 64, 1];nb=[4, 1024, 1024, 65536]	src0='blk.1.ffn_down_exps.weight':type=f32;ne=[384, 256, 2, 1];nb=[4, 1536, 393216, 786432]	src1='ffn_moe_swiglu-1':type=f32;ne=[384, 1, 64, 1];nb=[4, 1536, 1536, 98304]	src2='ffn_moe_topk-1':type=i32;ne=[1, 64, 1, 1];nb=[4, 8, 512, 512];strided
0.02.252.064 E [SYCL][PTR] src2 tensor=ffn_moe_topk-1 data=0x78d428383600 alloc=508 base=0xffffd55e47d88000 size=524288 end=0xffffd55e47e08000
[XMX-DEBUG] try_xmx_sorted_moe called: src0->type=0
[XMX-DEBUG] XMX MoE: forced=0 fused_enabled=0 tiled_enabled=1
[XMX-DEBUG] XMX caps: supported=1 int8=1
[XMX MoE] Only Q8_0/MXFP4 supported, got type 0
[XMX-MOE-REJECT] tensor=blk.1.ffn_down_exps.weight type=f32 device=0 reason=type src0=[384,256,2,1] src1=[384,1,64,1] ids=[1,64,1,1]
[MoE FUSED] Batch 64 > 32, using oneDNN batching
[MoE] About to try COALESCED layout
[RESOLVE] data_handle empty for weight tensor 'blk.1.ffn_down_exps.weight' device 0, falling through to cache lookup
[SYCL] weight cache lookup: tensor=0x1f2d5640 name=blk.1.ffn_down_exps.weight device=0
[RESOLVE] refusing composite MoE expert tensor materialization for placement-planned 'blk.1.ffn_down_exps.weight' device 0
[MoE] Trying MMVQ with layout=2 for blk.1.ffn_down_exps.weight
[MMVQ-ENTRY] src0=blk.1.ffn_down_exps.weight type=0 forced_layout=2
[MMVQ] Batch 64 > threshold 32, routing to batched GEMM path
[MoE] MMVQ layout=2 returned false
[MoE] About to try SOA layout
[RESOLVE] data_handle empty for weight tensor 'blk.1.ffn_down_exps.weight' device 0, falling through to cache lookup
[SYCL] weight cache lookup: tensor=0x1f2d5640 name=blk.1.ffn_down_exps.weight device=0
[RESOLVE] refusing composite MoE expert tensor materialization for placement-planned 'blk.1.ffn_down_exps.weight' device 0
[MoE] Trying MMVQ with layout=1 for blk.1.ffn_down_exps.weight
[MMVQ-ENTRY] src0=blk.1.ffn_down_exps.weight type=0 forced_layout=1
[MMVQ] Batch 64 > threshold 32, routing to batched GEMM path
[MoE] MMVQ layout=1 returned false
[MoE] About to try AOS layout
[RESOLVE] data_handle empty for weight tensor 'blk.1.ffn_down_exps.weight' device 0, falling through to cache lookup
[SYCL] weight cache lookup: tensor=0x1f2d5640 name=blk.1.ffn_down_exps.weight device=0
[RESOLVE] refusing composite MoE expert tensor materialization for placement-planned 'blk.1.ffn_down_exps.weight' device 0
[MoE] Trying MMVQ with layout=0 for blk.1.ffn_down_exps.weight
[MMVQ-ENTRY] src0=blk.1.ffn_down_exps.weight type=0 forced_layout=0
[MMVQ] Batch 64 > threshold 32, routing to batched GEMM path
[MoE] MMVQ layout=0 returned false
[MoE] All MMVQ layouts failed, falling back to host routing
[MoE] GPU probe paths did not select type 0; resolving planner-owned MoE route
[MoE-1E] Reusing cached IDs for layer 1 (blk.1.ffn_down_exps.weight), 64 elements
[MoE] Using expert cache for blk.1.ffn_down_exps.weight (layer=752070615, host_buf=0, ptr_type=3)
[MOE-AOS-REQUEST] tensor=blk.1.ffn_down_exps.weight expert=0 current=0 planned=0 requested=aos reason=device-plan
[MOE-AOS-REQUEST] tensor=blk.1.ffn_down_exps.weight expert=1 current=0 planned=0 requested=aos reason=device-plan
[GRAPH-MOE-LAYOUT] tensor=blk.1.ffn_down_exps.weight device=0 plan=1 selected=aos local=2 secondary=0 host=0 missing=0 host_weights=0
[MOE-DISPATCH-LAYOUT] tensor=blk.1.ffn_down_exps.weight device=0 route_layout=aos src0_layout=aos use_expert_cache=1 placement_planned=1 host_weights=0 plan=1 plan_host=0 has_override=0 ne12=64
[MOE-STAGE] tensor=blk.1.ffn_down_exps.weight stage=after-dispatch-layout device=0 ne12=64
[MOE-STAGE] tensor=blk.1.ffn_down_exps.weight stage=after-pointer-table device=0 planned_pp=1
[MOE-STAGE] tensor=blk.1.ffn_down_exps.weight stage=after-route-diagnostics device=0 planned_pp=1
[MOE-STAGE] tensor=blk.1.ffn_down_exps.weight stage=before-route-mode device=0 ne12=64 use_cache=1 plan=1 hybrid=1
[MOE-IDS] Staging ids to device (buffer_on_host=0, ptr_usm_type=3)
[MOE-STAGE] tensor=blk.1.ffn_down_exps.weight stage=pp-rowmap-alloc-begin device=0 rows=64
[UNIFIED-ALLOC] zone alloc: dev=0 zone=4 size=0.0 MB ptr=0xffffd55e67c2c000
[MOE-STAGE] tensor=blk.1.ffn_down_exps.weight stage=pp-rowmap-copy-begin device=0 rows=64 dst_handle=0
[MOE-STAGE] tensor=blk.1.ffn_down_exps.weight stage=pp-rowmap-copy-submitted device=0 rows=64
[UNIFIED-ALLOC] zone alloc: dev=0 zone=4 size=0.1 MB ptr=0xffffd55e67c2c200
[UNIFIED-ALLOC] zone alloc: dev=0 zone=4 size=0.1 MB ptr=0xffffd55e67c3c200
[MOE-AOS-REQUEST] tensor=blk.1.ffn_down_exps.weight expert=0 current=0 planned=0 requested=aos reason=device-plan
[DEBUG-MULMAT] ENTER: src0=blk.1.ffn_down_exps.weight src1=ffn_moe_swiglu-1 dst=node_128
[SYCL][OP] call ggml_sycl_mul_mat: dst='node_128':type=f32;ne=[256, 2, 1, 1];nb=[4, 1024, 2048, 2048]	src0='blk.1.ffn_down_exps.weight':type=f32;ne=[384, 256, 2, 1];nb=[4, 1536, 393216, 786432]0.02.252.168 E [SYCL][PTR] dst tensor=node_128 data=0xffffd55e67c2c200 alloc=2048 base=0xffffd55e47d88000 size=524288 end=0xffffd55e47e08000
	src1='ffn_moe_swiglu-1':type=f32;ne=[384, 1, 64, 1];nb=[4, 1536, 1536, 98304]
[XMXConfig] device=0: M=8 N=16 K_INT8=32 K_FP16=16 SLM=131072 nsm=256 supported=1 int8=1 fp16=1 double_buf=1 max_esimd_wg=64 nbarrier=0 esimd_dpas=1
[MUL_MAT] src0 device=0 ptr=0xffffd556b6a05500 (tensor=blk.1.ffn_down_exps.weight layout=0)
[MUL_MAT] dst device=0 ptr=0xffffd55e67c2c200 (tensor=node_128)
[SYCL][OP] call ggml_sycl_mul_mat done
[MOE-AOS-REQUEST] tensor=blk.1.ffn_down_exps.weight expert=1 current=0 planned=0 requested=aos reason=device-plan
[DEBUG-MULMAT] ENTER: src0=blk.1.ffn_down_exps.weight src1=ffn_moe_swiglu-1 dst=node_128
[SYCL][OP] call ggml_sycl_mul_mat: dst='node_128':type=f32;ne=[256, 62, 1, 1];nb=[4, 1024, 63488, 63488]	src0='blk.1.ffn_down_exps.weight':type=f32;ne=[384, 256, 2, 1];nb=[4, 1536, 393216, 786432]0.02.252.254 E [SYCL][PTR] dst tensor=node_128 data=0xffffd55e67c2ca00 alloc=63488 base=0xffffd55e47d88000 size=524288 end=0xffffd55e47e08000
	src1='ffn_moe_swiglu-1':type=f32;ne=[384, 1, 64, 1];nb=[4, 1536, 1536, 98304]
[XMXConfig] device=0: M=8 N=16 K_INT8=32 K_FP16=16 SLM=131072 nsm=256 supported=1 int8=1 fp16=1 double_buf=1 max_esimd_wg=64 nbarrier=0 esimd_dpas=1
[MUL_MAT] src0 device=0 ptr=0xffffd556b6a65500 (tensor=blk.1.ffn_down_exps.weight layout=0)
[MUL_MAT] dst device=0 ptr=0xffffd55e67c2ca00 (tensor=node_128)
[SYCL][OP] call ggml_sycl_mul_mat done
[SYCL][OP] call ggml_sycl_mul_mat_id done
[DEBUG-IMPL] Node 129/140: op=36 name=blk.1.ffn_down_exps.scale (reshaped)
[DEBUG-IMPL] Node 130/140: op=20 name=node_130
[SYCL] weight cache lookup: tensor=0x26913d30 name=blk.1.ffn_down_exps.scale (reshaped) device=0
ggml_sycl_get_data_ptr_slow: tensor=blk.1.ffn_down_exps.scale (reshaped) view_src chain -> base=blk.1.ffn_down_exps.scale, base->extra=0x22a12ba0, base->data=0x78d2789b1aa0, tensor->data=0x78d2789b1aa0
ggml_sycl_get_data_ptr_slow: base=blk.1.ffn_down_exps.scale data=0x78d2789b1aa0 ptr_type=3
[SYCL] weight cache lookup: tensor=0x26913d30 name=blk.1.ffn_down_exps.scale (reshaped) device=0
ggml_sycl_get_data_ptr_slow: tensor=blk.1.ffn_down_exps.scale (reshaped), device=0, staging FAILED for non-device (type=0), using tensor->data=0x78d2789b1aa0
ggml_sycl_get_data_ptr_slow: tensor=blk.1.ffn_down_exps.scale (reshaped), device=0, using tensor->data=0x78d2789b1aa0
[RESOLVE] data_handle empty for weight tensor 'blk.1.ffn_down_exps.scale' device 0, falling through to cache lookup
[SYCL] weight cache lookup: tensor=0x1f2d7710 name=blk.1.ffn_down_exps.scale device=0
[SYCL] weight cache lookup: tensor=0x1f2d7710 name=blk.1.ffn_down_exps.scale device=0
ggml_sycl_get_data_ptr_slow: tensor=blk.1.ffn_down_exps.scale, device=0, staging FAILED for non-device (type=0), using tensor->data=0x78d2789b1aa0
ggml_sycl_get_data_ptr_slow: tensor=blk.1.ffn_down_exps.scale, device=0, using tensor->data=0x78d2789b1aa0
[SYCL] simple consumer routing declined: op=REPEAT dst=node_130 plan unavailable ctx=0
[SYCL][OP] call ggml_sycl_repeat: dst='node_130':type=f32;ne=[1, 2, 64, 1];nb=[4, 4, 8, 512]	src0='blk.1.ffn_down_exps.scale (reshaped)':type=f32;ne=[1, 2, 1, 1];nb=[4, 4, 8, 8]
[SYCL] weight cache lookup: tensor=0x26913d30 name=blk.1.ffn_down_exps.scale (reshaped) device=0
[SYCL] weight cache lookup: tensor=0x26913d30 name=blk.1.ffn_down_exps.scale (reshaped) device=0
[SYCL-BINBCAST] staging raw host tensor=blk.1.ffn_down_exps.scale (reshaped) bytes=8 device=0 src=0x78d2789b1aa0 dst=0xffffe38f1ae00000
0.02.252.373 E [UNIFIED-CACHE] planned-mode runtime materialization rejected op=direct_stage_weight caller=direct_stage_weight model=0 name_hash=0x2f51d65e2e10e7e6 aux=299 type=0 ne=[1,2,1,1] layout=0 graph_active=1
[BINBCAST-PTR] src0=node_130 src0_host=0xffffd55e47da8400 src0_d=0xffffd55e47da8400
[BINBCAST-PTR] src1=blk.1.ffn_down_exps.scale (reshaped) src1_host=0x78d2789b1aa0 src1_d=0xffffe38f1ae00000
[SYCL][OP] call ggml_sycl_repeat done
[DEBUG-IMPL] Node 131/140: op=40 name=node_131
[SYCL][OP] call ggml_sycl_get_rows: dst='node_131':type=f32;ne=[1, 1, 64, 1];nb=[4, 4, 4, 256]	src0='node_130':type=f32;ne=[1, 2, 64, 1];nb=[4, 4, 8, 512]	src1='ffn_moe_topk-1':type=i32;ne=[1, 64, 1, 1];nb=[4, 8, 512, 512];strided
[SYCL] weight cache lookup: tensor=0x26913ec0 name=node_130 device=0
0.02.252.414 E [SYCL][PTR] src1 tensor=ffn_moe_topk-1 data=0x78d428383600 alloc=508 base=0xffffd55e47d88000 size=524288 end=0xffffd55e47e08000
[SYCL][OP] call ggml_sycl_get_rows done
[DEBUG-IMPL] Node 132/140: op=7 name=ffn_moe_down_scaled-1
[SYCL] simple consumer routing declined: op=MUL dst=ffn_moe_down_scaled-1 local single-device plan ctx=0 target=0
[SYCL][OP] call ggml_sycl_mul: dst='ffn_moe_down_scaled-1':type=f32;ne=[256, 1, 64, 1];nb=[4, 1024, 1024, 65536]	src0='node_128':type=f32;ne=[256, 1, 64, 1];nb=[4, 1024, 1024, 65536]	src1='node_131':type=f32;ne=[1, 1, 64, 1];nb=[4, 4, 4, 256]
[BINBCAST-PTR] src0=node_128 src0_host=0xffffd55e47d98000 src0_d=0xffffd55e47d98000
[BINBCAST-PTR] src1=node_131 src1_host=0xffffd55e47da8000 src1_d=0xffffd55e47da8000
[SYCL][OP] call ggml_sycl_mul done
[DEBUG-IMPL] Node 133/140: op=7 name=ffn_moe_weighted-1
[SYCL] simple consumer routing declined: op=MUL dst=ffn_moe_weighted-1 local single-device plan ctx=0 target=0
[SYCL][OP] call ggml_sycl_mul: dst='ffn_moe_weighted-1':type=f32;ne=[256, 1, 64, 1];nb=[4, 1024, 1024, 65536]	src0='ffn_moe_down_scaled-1':type=f32;ne=[256, 1, 64, 1];nb=[4, 1024, 1024, 65536]	src1='ffn_moe_weights_norm-1 (reshaped)':type=f32;ne=[1, 1, 64, 1];nb=[4, 4, 4, 256]
[BINBCAST-PTR] src0=ffn_moe_down_scaled-1 src0_host=0xffffd55e47d98000 src0_d=0xffffd55e47d98000
[BINBCAST-PTR] src1=ffn_moe_weights_norm-1 (reshaped) src1_host=0xffffd55e47da8100 src1_d=0xffffd55e47da8100
[SYCL][OP] call ggml_sycl_mul done
[DEBUG-IMPL] Node 134/140: op=37 name=ffn_moe_weighted-1 (view)
[DEBUG-IMPL] Node 135/140: op=35 name=ffn_moe_out-1
[SYCL] simple consumer routing declined: op=CONT dst=ffn_moe_out-1 local single-device plan ctx=0 target=0
[SYCL][OP] call ggml_sycl_dup: dst='ffn_moe_out-1':type=f32;ne=[256, 64, 1, 1];nb=[4, 1024, 65536, 65536]	src0='ffn_moe_weighted-1 (view)':type=f32;ne=[256, 64, 1, 1];nb=[4, 1024, 65536, 65536]
[SYCL][OP] call ggml_sycl_cpy: dst='ffn_moe_out-1':type=f32;ne=[256, 64, 1, 1];nb=[4, 1024, 65536, 65536]	src0='ffn_moe_weighted-1 (view)':type=f32;ne=[256, 64, 1, 1];nb=[4, 1024, 65536, 65536]
[CPY] device=0 main_stream=0x1d26bec0 tp_queue=(nil) (match=0)
[CPY DEBUG] device=0 src0=ffn_moe_weighted-1 (view)(0xffffd55e47d98000, usm=1) -> src1=ffn_moe_out-1(0xffffd55e47da8000, usm=1) size=65536
[CPY STAGING CHECK] device=0 needs_staging=0 src0_type=1 dst_is_device=1
[CPY device=0] memcpy path: 0xffffd55e47d98000 -> 0xffffd55e47da8000 (65536 bytes)
[CPY device=0] memcpy submitted
[SYCL][OP] call ggml_sycl_cpy done
[SYCL][OP] call ggml_sycl_dup done
[DEBUG-IMPL] Node 136/140: op=2 name=l_out-1
[DEBUG-IMPL] Node 138/140: op=7 name=result_norm
[SYCL] simple consumer routing declined: op=MUL dst=result_norm local single-device plan ctx=0 target=0
[SYCL][OP] call ggml_sycl_mul: dst='result_norm':type=f32;ne=[256, 64, 1, 1];nb=[4, 1024, 65536, 65536]	src0='norm':type=f32;ne=[256, 64, 1, 1];nb=[4, 1024, 65536, 65536]	src1='output_norm.weight':type=f32;ne=[256, 1, 1, 1];nb=[4, 1024, 1024, 1024]
[SYCL-MUL-DBG] device=0 graph_recording=0 dst=result_norm src0=norm src1=output_norm.weight src0_ptr=0xffffd55e47da8000 src1_ptr=0xffffd556b6ae5500 dst_ptr=0xffffd55e47da8000 src0_layout=none src1_layout=aos last_graph_event=0 has_barrier=0 exec_graph=0 graph_nodes=0 graph_decode=0
[BINBCAST-PTR] src0=norm src0_host=0xffffd55e47da8000 src0_d=0xffffd55e47da8000
[BINBCAST-PTR] src1=output_norm.weight src1_host=0x78d27830d340 src1_d=0xffffd556b6ae5500
[SYCL][OP] call ggml_sycl_mul done
[DEBUG-IMPL] Node 139/140: op=29 name=result_output
[SYCL] simple consumer routing declined: op=MUL_MAT dst=result_output plan unavailable ctx=0
[DEBUG-MULMAT] ENTER: src0=output.weight src1=result_norm dst=result_output
[SYCL][OP] call ggml_sycl_mul_mat: dst='result_output':type=f32;ne=[128, 64, 1, 1];nb=[4, 512, 32768, 32768]	src0='output.weight':type=f32;ne=[256, 128, 1, 1];nb=[4, 1024, 131072, 131072]	src1='result_norm':type=f32;ne=[256, 64, 1, 1];nb=[4, 1024, 65536, 65536]
[XMXConfig] device=0: M=8 N=16 K_INT8=32 K_FP16=16 SLM=131072 nsm=256 supported=1 int8=1 fp16=1 double_buf=1 max_esimd_wg=64 nbarrier=0 esimd_dpas=1
[SYCL] output.weight dispatch kernel=ONEDNN_AOS layout=0 batch=64
[MUL_MAT] src0 device=0 ptr=0xffffd556b6ae6900 (tensor=output.weight layout=0)
[MUL_MAT] dst device=0 ptr=0xffffd55e47d88000 (tensor=result_output)
[SYCL] weight cache lookup: tensor=0x1f2d2a80 name=output.weight device=0
[SYCL][OP] call ggml_sycl_mul_mat done
[GRAPH-UNPIN] Released 0 graph MoE expert mem_handle leases
[GRAPH-UNPIN-WEIGHTS] Released 0 graph weight mem_handle leases
[SYCL] call ggml_backend_sycl_get_tensor_async: tensor='result_output':type=f32;ne=[128, 64, 1, 1];nb=[4, 512, 32768, 32768] size=32768 offset=0
[DEBUG-GRAPH-COMPUTE] ENTER: backend=0x22261890 cgraph=0x280760f8
[DEBUG-GRAPH-COMPUTE] sycl_ctx=0x1f2bfe60 device=0
[MEM-HANDLE] released 0 command-graph retained leases
[POOL-LEG] released 0 graph-retained scratch mem_handles
[SYCL] call ggml_backend_sycl_get_device_memory
[MEM-QUERY] dev=0 free=455.7 MB total=32656.0 MB consumed=32200.3 MB
[GRAPH-COMPUTE] device 0 arena scratch=512.0/512.0 MB external_free=455.7 MB / total=32656.0 MB
[DEBUG-GRAPH-COMPUTE] Creating lambda...
[DEBUG-GRAPH-COMPUTE] Lambda created
[GRAPH-CHECK] MUL_MAT_ID: src0=blk.0.ffn_gate_exps.weight buffer=0x1e961c20 is_sycl=0
[SYCL-GRAPH] call #8: use_sycl_graph=0, async_mem=0, n_nodes=140, has_exec_graph=0
[DEBUG-IMPL] ENTER graph_compute_impl: n_nodes=140, device=0
[DEBUG-IMPL] Starting node loop, n_nodes=140
[DEBUG-IMPL] Node 0/140: op=40 name=embd
ggml_sycl_get_data_ptr_slow: tensor=inp_tokens, device=0, staging FAILED for non-device (type=0), using tensor->data=0x78d2789b1e40
ggml_sycl_get_data_ptr_slow: tensor=inp_tokens, device=0, using tensor->data=0x78d2789b1e40
[SYCL][OP] call ggml_sycl_get_rows: dst='embd':type=f32;ne=[256, 64, 1, 1];nb=[4, 1024, 65536, 65536]	src0='token_embd.weight':type=f32;ne=[256, 128, 1, 1];nb=[4, 1024, 131072, 131072]	src1='inp_tokens':type=i32;ne=[64, 1, 1, 1];nb=[4, 256, 256, 256]
[SYCL] weight cache lookup: tensor=0x1f2d2760 name=token_embd.weight device=0
[SYCL][OP] call ggml_sycl_get_rows done
[DEBUG-IMPL] Node 1/140: op=25 name=norm-0
[DEBUG-IMPL] Node 3/140: op=29 name=node_3
[SYCL] simple consumer routing declined: op=MUL_MAT dst=node_3 plan unavailable ctx=0
[DEBUG-MULMAT] ENTER: src0=blk.0.attn_q.weight src1=attn_norm-0 dst=node_3
[SYCL][OP] call ggml_sycl_mul_mat: dst='node_3':type=f32;ne=[256, 64, 1, 1];nb=[4, 1024, 65536, 65536]	src0='blk.0.attn_q.weight':type=f32;ne=[256, 256, 1, 1];nb=[4, 1024, 262144, 262144]	src1='attn_norm-0':type=f32;ne=[256, 64, 1, 1];nb=[4, 1024, 65536, 65536]
[XMXConfig] device=0: M=8 N=16 K_INT8=32 K_FP16=16 SLM=131072 nsm=256 supported=1 int8=1 fp16=1 double_buf=1 max_esimd_wg=64 nbarrier=0 esimd_dpas=1
[MUL_MAT] src0 device=0 ptr=0xffffd556b6b06900 (tensor=blk.0.attn_q.weight layout=0)
[MUL_MAT] dst device=0 ptr=0xffffd55e47da8000 (tensor=node_3)
[SYCL] weight cache lookup: tensor=0x1f2d2da0 name=blk.0.attn_q.weight device=0
[SYCL][OP] call ggml_sycl_mul_mat done
[DEBUG-IMPL] Node 4/140: op=7 name=Qcur-0
[DEBUG-IMPL] Node 6/140: op=36 name=Qcur-0
[DEBUG-IMPL] Node 7/140: op=49 name=Qcur-0
ggml_sycl_get_data_ptr_slow: tensor=leaf_7, device=0, staging FAILED for non-device (type=0), using tensor->data=0x78d2789c1f40
ggml_sycl_get_data_ptr_slow: tensor=leaf_7, device=0, using tensor->data=0x78d2789c1f40
[SYCL] simple consumer routing declined: op=ROPE dst=Qcur-0 local single-device plan ctx=0 target=0
[SYCL][OP] call ggml_sycl_rope: dst='Qcur-0':type=f32;ne=[128, 2, 64, 1];nb=[4, 512, 1024, 65536]	src0='Qcur-0':type=f32;ne=[128, 2, 64, 1];nb=[4, 512, 1024, 65536]	src1='leaf_7':type=i32;ne=[64, 1, 1, 1];nb=[4, 256, 256, 256]	src2='rope_freqs.weight':type=f32;ne=[64, 1, 1, 1];nb=[4, 256, 256, 256]
ggml_sycl_op_rope: norm path
[SYCL][OP] call ggml_sycl_rope done
[DEBUG-IMPL] Node 8/140: op=29 name=node_8
[SYCL] simple consumer routing declined: op=MUL_MAT dst=node_8 plan unavailable ctx=0
[DEBUG-MULMAT] ENTER: src0=blk.0.attn_v.weight src1=attn_norm-0 dst=node_8
[SYCL][OP] call ggml_sycl_mul_mat: dst='node_8':type=f32;ne=[256, 64, 1, 1];nb=[4, 1024, 65536, 65536]	src0='blk.0.attn_v.weight':type=f32;ne=[256, 256, 1, 1];nb=[4, 1024, 262144, 262144]	src1='attn_norm-0':type=f32;ne=[256, 64, 1, 1];nb=[4, 1024, 65536, 65536]
[XMXConfig] device=0: M=8 N=16 K_INT8=32 K_FP16=16 SLM=131072 nsm=256 supported=1 int8=1 fp16=1 double_buf=1 max_esimd_wg=64 nbarrier=0 esimd_dpas=1
[MUL_MAT] src0 device=0 ptr=0xffffd556b6b86900 (tensor=blk.0.attn_v.weight layout=0)
[MUL_MAT] dst device=0 ptr=0xffffd55e47da8000 (tensor=node_8)
[SYCL] weight cache lookup: tensor=0x1f2d30c0 name=blk.0.attn_v.weight device=0
[SYCL][OP] call ggml_sycl_mul_mat done
[DEBUG-IMPL] Node 9/140: op=7 name=Vcur-0
[DEBUG-IMPL] Node 11/140: op=36 name=Vcur-0
[DEBUG-IMPL] Node 12/140: op=29 name=node_12
[SYCL] simple consumer routing declined: op=MUL_MAT dst=node_12 plan unavailable ctx=0
[DEBUG-MULMAT] ENTER: src0=blk.0.attn_k.weight src1=attn_norm-0 dst=node_12
[SYCL][OP] call ggml_sycl_mul_mat: dst='node_12':type=f32;ne=[256, 64, 1, 1];nb=[4, 1024, 65536, 65536]	src0='blk.0.attn_k.weight':type=f32;ne=[256, 256, 1, 1];nb=[4, 1024, 262144, 262144]	src1='attn_norm-0':type=f32;ne=[256, 64, 1, 1];nb=[4, 1024, 65536, 65536]
[XMXConfig] device=0: M=8 N=16 K_INT8=32 K_FP16=16 SLM=131072 nsm=256 supported=1 int8=1 fp16=1 double_buf=1 max_esimd_wg=64 nbarrier=0 esimd_dpas=1
[MUL_MAT] src0 device=0 ptr=0xffffd556b6b46900 (tensor=blk.0.attn_k.weight layout=0)
[MUL_MAT] dst device=0 ptr=0xffffd55e47dc8000 (tensor=node_12)
[SYCL] weight cache lookup: tensor=0x1f2d2f30 name=blk.0.attn_k.weight device=0
[SYCL][OP] call ggml_sycl_mul_mat done
[DEBUG-IMPL] Node 13/140: op=7 name=Kcur-0
[DEBUG-IMPL] Node 15/140: op=36 name=Kcur-0
[DEBUG-IMPL] Node 16/140: op=49 name=Kcur-0
[SYCL] simple consumer routing declined: op=ROPE dst=Kcur-0 local single-device plan ctx=0 target=0
[SYCL][OP] call ggml_sycl_rope: dst='Kcur-0':type=f32;ne=[128, 2, 64, 1];nb=[4, 512, 1024, 65536]	src0='Kcur-0':type=f32;ne=[128, 2, 64, 1];nb=[4, 512, 1024, 65536]	src1='leaf_7':type=i32;ne=[64, 1, 1, 1];nb=[4, 256, 256, 256]	src2='rope_freqs.weight':type=f32;ne=[64, 1, 1, 1];nb=[4, 256, 256, 256]
ggml_sycl_op_rope: norm path
[SYCL][OP] call ggml_sycl_rope done
[DEBUG-IMPL] Node 17/140: op=37 name=Kcur-0 (view)
[DEBUG-IMPL] Node 18/140: op=42 name=cache_k_l0 (view)
ggml_sycl_get_data_ptr_slow: tensor=leaf_15, device=0, staging FAILED for non-device (type=0), using tensor->data=0x78d2789c2040
ggml_sycl_get_data_ptr_slow: tensor=leaf_15, device=0, using tensor->data=0x78d2789c2040
[SYCL] simple consumer routing declined: op=SET_ROWS dst=cache_k_l0 (view) plan unavailable ctx=0
[SYCL][OP] call ggml_sycl_op_set_rows: dst='cache_k_l0 (view)':type=f16;ne=[256, 256, 1, 1];nb=[2, 512, 131072, 131072]	src0='Kcur-0 (view)':type=f32;ne=[256, 64, 1, 1];nb=[4, 1024, 65536, 65536]	src1='leaf_15':type=i64;ne=[64, 1, 1, 1];nb=[8, 512, 512, 512]
[SYCL][OP] call ggml_sycl_op_set_rows done
[DEBUG-IMPL] Node 19/140: op=37 name=Vcur-0 (view)
[DEBUG-IMPL] Node 20/140: op=42 name=cache_v_l0 (view)
ggml_sycl_get_data_ptr_slow: tensor=leaf_17, device=0, staging FAILED for non-device (type=0), using tensor->data=0x78d2789c2240
ggml_sycl_get_data_ptr_slow: tensor=leaf_17, device=0, using tensor->data=0x78d2789c2240
[SYCL] simple consumer routing declined: op=SET_ROWS dst=cache_v_l0 (view) plan unavailable ctx=0
[SYCL][OP] call ggml_sycl_op_set_rows: dst='cache_v_l0 (view)':type=f16;ne=[256, 256, 1, 1];nb=[2, 512, 131072, 131072]	src0='Vcur-0 (view)':type=f32;ne=[256, 64, 1, 1];nb=[4, 1024, 65536, 65536]	src1='leaf_17':type=i64;ne=[64, 1, 1, 1];nb=[8, 512, 512, 512]
[SYCL][OP] call ggml_sycl_op_set_rows done
[DEBUG-IMPL] Node 21/140: op=37 name=Qcur-0 (view)
[DEBUG-IMPL] Node 22/140: op=38 name=Qcur-0 (view) (permuted)
[DEBUG-IMPL] Node 23/140: op=34 name=Qcur-0 (view) (permuted) (copy)
[SYCL] simple consumer routing declined: op=CPY dst=Qcur-0 (view) (permuted) (copy) local single-device plan ctx=0 target=0
[SYCL][OP] call ggml_sycl_cpy: dst='Qcur-0 (view) (permuted) (copy)':type=f16;ne=[128, 64, 2, 1];nb=[2, 256, 16384, 32768]	src0='Qcur-0 (view) (permuted)':type=f32;ne=[128, 64, 2, 1];nb=[4, 1024, 512, 65536];strided;permuted
[CPY] device=0 main_stream=0x1d26bec0 tp_queue=(nil) (match=0)
[CPY DEBUG] device=0 src0=Qcur-0 (view) (permuted)(0xffffd55e47db8000, usm=1) -> src1=Qcur-0 (view) (permuted) (copy)(0xffffd55e47d98000, usm=1) size=65536
[CPY STAGING CHECK] device=0 needs_staging=0 src0_type=1 dst_is_device=1
[SYCL][OP] call ggml_sycl_cpy done
[DEBUG-IMPL] Node 24/140: op=37 name=cache_k_l0 (view)
[DEBUG-IMPL] Node 25/140: op=38 name=cache_k_l0 (view) (permuted)
[DEBUG-IMPL] Node 26/140: op=37 name=cache_v_l0 (view)
[DEBUG-IMPL] Node 27/140: op=38 name=cache_v_l0 (view) (permuted)
[DEBUG-IMPL] Node 28/140: op=75 name=node_28
ggml_sycl_get_data_ptr_slow: tensor=attn_inp_kq_mask, device=0, staging FAILED for non-device (type=0), using tensor->data=0x78d2789c2440
ggml_sycl_get_data_ptr_slow: tensor=attn_inp_kq_mask, device=0, using tensor->data=0x78d2789c2440
[SYCL] simple consumer routing declined: op=FLASH_ATTN_EXT dst=node_28 plan unavailable ctx=0
ggml_sycl_get_data_ptr_slow: tensor=Qcur-0 (view) (permuted) (copy), device=1, rejecting tensor->data=0xffffd55e47d98000 owned by device 0
ggml_sycl_get_data_ptr_slow: tensor=node_28, device=1, rejecting tensor->data=0xffffd55e47da0000 owned by device 0
[DEBUG-IMPL] Node 29/140: op=36 name=kqv_out-0
[DEBUG-IMPL] Node 30/140: op=29 name=node_30
[SYCL] simple consumer routing declined: op=MUL_MAT dst=node_30 plan unavailable ctx=0
[DEBUG-MULMAT] ENTER: src0=blk.0.attn_output.weight src1=kqv_out-0 dst=node_30
[SYCL][OP] call ggml_sycl_mul_mat: dst='node_30':type=f32;ne=[256, 64, 1, 1];nb=[4, 1024, 65536, 65536]	src0='blk.0.attn_output.weight':type=f32;ne=[256, 256, 1, 1];nb=[4, 1024, 262144, 262144]	src1='kqv_out-0':type=f32;ne=[256, 64, 1, 1];nb=[4, 1024, 65536, 65536]
[XMXConfig] device=0: M=8 N=16 K_INT8=32 K_FP16=16 SLM=131072 nsm=256 supported=1 int8=1 fp16=1 double_buf=1 max_esimd_wg=64 nbarrier=0 esimd_dpas=1
[MUL_MAT] src0 device=0 ptr=0xffffd556b6bc6900 (tensor=blk.0.attn_output.weight layout=0)
[MUL_MAT] dst device=0 ptr=0xffffd55e47db0000 (tensor=node_30)
[SYCL] weight cache lookup: tensor=0x1f2d3700 name=blk.0.attn_output.weight device=0
[SYCL][OP] call ggml_sycl_mul_mat done
[DEBUG-IMPL] Node 31/140: op=7 name=node_31
[DEBUG-IMPL] Node 33/140: op=2 name=ffn_inp-0
[DEBUG-IMPL] Node 35/140: op=7 name=ffn_norm-0
[SYCL] simple consumer routing declined: op=MUL dst=ffn_norm-0 local single-device plan ctx=0 target=0
[SYCL][OP] call ggml_sycl_mul: dst='ffn_norm-0':type=f32;ne=[256, 64, 1, 1];nb=[4, 1024, 65536, 65536]	src0='norm-0':type=f32;ne=[256, 64, 1, 1];nb=[4, 1024, 65536, 65536]	src1='blk.0.ffn_norm.weight':type=f32;ne=[256, 1, 1, 1];nb=[4, 1024, 1024, 1024]
[BINBCAST-PTR] src0=norm-0 src0_host=0xffffd55e47d88000 src0_d=0xffffd55e47d88000
[BINBCAST-PTR] src1=blk.0.ffn_norm.weight src1_host=0x78d27842eb40 src1_d=0xffffd556b6ae5d00
[SYCL][OP] call ggml_sycl_mul done
[DEBUG-IMPL] Node 36/140: op=29 name=ffn_moe_logits-0
[SYCL] simple consumer routing declined: op=MUL_MAT dst=ffn_moe_logits-0 plan unavailable ctx=0
[DEBUG-MULMAT] ENTER: src0=blk.0.ffn_gate_inp.weight src1=ffn_norm-0 dst=ffn_moe_logits-0
[SYCL][OP] call ggml_sycl_mul_mat: dst='ffn_moe_logits-0':type=f32;ne=[2, 64, 1, 1];nb=[4, 8, 512, 512]	src0='blk.0.ffn_gate_inp.weight':type=f32;ne=[256, 2, 1, 1];nb=[4, 1024, 2048, 2048]	src1='ffn_norm-0':type=f32;ne=[256, 64, 1, 1];nb=[4, 1024, 65536, 65536]
[XMXConfig] device=0: M=8 N=16 K_INT8=32 K_FP16=16 SLM=131072 nsm=256 supported=1 int8=1 fp16=1 double_buf=1 max_esimd_wg=64 nbarrier=0 esimd_dpas=1
[MUL_MAT] src0 device=0 ptr=0xffffd556b6d09a00 (tensor=blk.0.ffn_gate_inp.weight layout=0)
[MUL_MAT] dst device=0 ptr=0xffffd55e47d98000 (tensor=ffn_moe_logits-0)
[SYCL] weight cache lookup: tensor=0x1f2d3d40 name=blk.0.ffn_gate_inp.weight device=0
[SYCL][OP] call ggml_sycl_mul_mat done
[DEBUG-IMPL] Node 37/140: op=47 name=ffn_moe_probs-0
[SYCL] simple consumer routing declined: op=SOFT_MAX dst=ffn_moe_probs-0 local single-device plan ctx=0 target=0
[SYCL][OP] call ggml_sycl_op_soft_max: dst='ffn_moe_probs-0':type=f32;ne=[2, 64, 1, 1];nb=[4, 8, 512, 512]	src0='ffn_moe_logits-0':type=f32;ne=[2, 64, 1, 1];nb=[4, 8, 512, 512]	src1=nullptr
[SYCL][OP] call ggml_sycl_op_soft_max done
[DEBUG-IMPL] Node 38/140: op=36 name=ffn_moe_probs-0 (reshaped)
[DEBUG-IMPL] Node 39/140: op=70 name=ffn_moe_argsort-0
[SYCL] simple consumer routing declined: op=ARGSORT dst=ffn_moe_argsort-0 local single-device plan ctx=0 target=0
[SYCL][OP] call ggml_sycl_argsort: dst='ffn_moe_argsort-0':type=i32;ne=[2, 64, 1, 1];nb=[4, 8, 512, 512]	src0='ffn_moe_probs-0':type=f32;ne=[2, 64, 1, 1];nb=[4, 8, 512, 512]
0.02.253.436 E [SYCL][PTR] dst tensor=ffn_moe_argsort-0 data=0x78d428383400 alloc=512 base=0xffffd55e47d88000 size=524288 end=0xffffd55e47e08000
[SYCL][OP] call ggml_sycl_argsort done
[DEBUG-IMPL] Node 40/140: op=37 name=ffn_moe_topk-0
[DEBUG-IMPL] Node 41/140: op=40 name=ffn_moe_weights-0
[SYCL][OP] call ggml_sycl_get_rows: dst='ffn_moe_weights-0':type=f32;ne=[1, 1, 64, 1];nb=[4, 4, 4, 256]	src0='ffn_moe_probs-0 (reshaped)':type=f32;ne=[1, 2, 64, 1];nb=[4, 4, 8, 512]	src1='ffn_moe_topk-0':type=i32;ne=[1, 64, 1, 1];nb=[4, 8, 512, 512];strided
[SYCL] weight cache lookup: tensor=0x2690b220 name=ffn_moe_probs-0 (reshaped) device=0
0.02.253.456 E [SYCL][PTR] src1 tensor=ffn_moe_topk-0 data=0x78d428383400 alloc=508 base=0xffffd55e47d88000 size=524288 end=0xffffd55e47e08000
[SYCL][OP] call ggml_sycl_get_rows done
[DEBUG-IMPL] Node 42/140: op=36 name=ffn_moe_weights-0 (reshaped)
[DEBUG-IMPL] Node 43/140: op=15 name=ffn_moe_weights_sum-0
[SYCL] simple consumer routing declined: op=SUM_ROWS dst=ffn_moe_weights_sum-0 plan unavailable ctx=0
[SYCL][OP] call ggml_sycl_sum_rows: dst='ffn_moe_weights_sum-0':type=f32;ne=[1, 64, 1, 1];nb=[4, 4, 256, 256]	src0='ffn_moe_weights-0 (reshaped)':type=f32;ne=[1, 64, 1, 1];nb=[4, 4, 256, 256]
[SYCL][OP] call ggml_sycl_sum_rows done
[DEBUG-IMPL] Node 44/140: op=51 name=ffn_moe_weights_sum_clamped-0
[SYCL] simple consumer routing declined: op=CLAMP dst=ffn_moe_weights_sum_clamped-0 plan unavailable ctx=0
[SYCL][OP] call ggml_sycl_clamp: dst='ffn_moe_weights_sum_clamped-0':type=f32;ne=[1, 64, 1, 1];nb=[4, 4, 256, 256]	src0='ffn_moe_weights_sum-0':type=f32;ne=[1, 64, 1, 1];nb=[4, 4, 256, 256]
[SYCL][OP] call ggml_sycl_clamp done
[DEBUG-IMPL] Node 45/140: op=8 name=ffn_moe_weights_norm-0
[SYCL] simple consumer routing declined: op=DIV dst=ffn_moe_weights_norm-0 plan unavailable ctx=0
[SYCL][OP] call ggml_sycl_div: dst='ffn_moe_weights_norm-0':type=f32;ne=[1, 64, 1, 1];nb=[4, 4, 256, 256]	src0='ffn_moe_weights-0 (reshaped)':type=f32;ne=[1, 64, 1, 1];nb=[4, 4, 256, 256]	src1='ffn_moe_weights_sum_clamped-0':type=f32;ne=[1, 64, 1, 1];nb=[4, 4, 256, 256]
[BINBCAST-PTR] src0=ffn_moe_weights-0 (reshaped) src0_host=0xffffd55e47d98400 src0_d=0xffffd55e47d98400
[BINBCAST-PTR] src1=ffn_moe_weights_sum_clamped-0 src1_host=0xffffd55e47d98000 src1_d=0xffffd55e47d98000
[SYCL][OP] call ggml_sycl_div done
[DEBUG-IMPL] Node 46/140: op=36 name=ffn_moe_weights_norm-0 (reshaped)
[DEBUG-IMPL] Node 47/140: op=36 name=ffn_norm-0 (reshaped)
[DEBUG-IMPL] Node 48/140: op=30 name=node_48
[RESOLVE] data_handle empty for weight tensor 'blk.0.ffn_gate_exps.weight' device 0, falling through to cache lookup
[SYCL] weight cache lookup: tensor=0x1f2d3ed0 name=blk.0.ffn_gate_exps.weight device=0
[RESOLVE] refusing composite MoE expert tensor materialization for placement-planned 'blk.0.ffn_gate_exps.weight' device 0
[SYCL][OP] call ggml_sycl_mul_mat_id: dst='node_48':type=f32;ne=[384, 1, 64, 1];nb=[4, 1536, 1536, 98304]	src0='blk.0.ffn_gate_exps.weight':type=f32;ne=[256, 384, 2, 1];nb=[4, 1024, 393216, 786432]	src1='ffn_norm-0 (reshaped)':type=f32;ne=[256, 1, 64, 1];nb=[4, 1024, 1024, 65536]	src2='ffn_moe_topk-0':type=i32;ne=[1, 64, 1, 1];nb=[4, 8, 512, 512];strided
0.02.253.531 E [SYCL][PTR] src2 tensor=ffn_moe_topk-0 data=0x78d428383400 alloc=508 base=0xffffd55e47d88000 size=524288 end=0xffffd55e47e08000
[XMX-DEBUG] try_xmx_sorted_moe called: src0->type=0
[XMX-DEBUG] XMX MoE: forced=0 fused_enabled=0 tiled_enabled=1
[XMX-DEBUG] XMX caps: supported=1 int8=1
[XMX MoE] Only Q8_0/MXFP4 supported, got type 0
[XMX-MOE-REJECT] tensor=blk.0.ffn_gate_exps.weight type=f32 device=0 reason=type src0=[256,384,2,1] src1=[256,1,64,1] ids=[1,64,1,1]
[MoE FUSED] Batch 64 > 32, using oneDNN batching
[MoE] About to try COALESCED layout
[RESOLVE] data_handle empty for weight tensor 'blk.0.ffn_gate_exps.weight' device 0, falling through to cache lookup
[SYCL] weight cache lookup: tensor=0x1f2d3ed0 name=blk.0.ffn_gate_exps.weight device=0
[RESOLVE] refusing composite MoE expert tensor materialization for placement-planned 'blk.0.ffn_gate_exps.weight' device 0
[MoE] Trying MMVQ with layout=2 for blk.0.ffn_gate_exps.weight
[MMVQ-ENTRY] src0=blk.0.ffn_gate_exps.weight type=0 forced_layout=2
[MMVQ] Batch 64 > threshold 32, routing to batched GEMM path
[MoE] MMVQ layout=2 returned false
[MoE] About to try SOA layout
[RESOLVE] data_handle empty for weight tensor 'blk.0.ffn_gate_exps.weight' device 0, falling through to cache lookup
[SYCL] weight cache lookup: tensor=0x1f2d3ed0 name=blk.0.ffn_gate_exps.weight device=0
[RESOLVE] refusing composite MoE expert tensor materialization for placement-planned 'blk.0.ffn_gate_exps.weight' device 0
[MoE] Trying MMVQ with layout=1 for blk.0.ffn_gate_exps.weight
[MMVQ-ENTRY] src0=blk.0.ffn_gate_exps.weight type=0 forced_layout=1
[MMVQ] Batch 64 > threshold 32, routing to batched GEMM path
[MoE] MMVQ layout=1 returned false
[MoE] About to try AOS layout
[RESOLVE] data_handle empty for weight tensor 'blk.0.ffn_gate_exps.weight' device 0, falling through to cache lookup
[SYCL] weight cache lookup: tensor=0x1f2d3ed0 name=blk.0.ffn_gate_exps.weight device=0
[RESOLVE] refusing composite MoE expert tensor materialization for placement-planned 'blk.0.ffn_gate_exps.weight' device 0
[MoE] Trying MMVQ with layout=0 for blk.0.ffn_gate_exps.weight
[MMVQ-ENTRY] src0=blk.0.ffn_gate_exps.weight type=0 forced_layout=0
[MMVQ] Batch 64 > threshold 32, routing to batched GEMM path
[MoE] MMVQ layout=0 returned false
[MoE] All MMVQ layouts failed, falling back to host routing
[MoE] GPU probe paths did not select type 0; resolving planner-owned MoE route
[MoE-1E] Cached IDs for layer 0 (GATE), 64 elements
[MoE] Using expert cache for blk.0.ffn_gate_exps.weight (layer=1876883677, host_buf=0, ptr_type=3)
[MOE-DISPATCH-LAYOUT] tensor=blk.0.ffn_gate_exps.weight device=0 route_layout=aos src0_layout=aos use_expert_cache=1 placement_planned=1 host_weights=0 plan=1 plan_host=0 has_override=0 ne12=64
[MOE-STAGE] tensor=blk.0.ffn_gate_exps.weight stage=after-dispatch-layout device=0 ne12=64
[MOE-STAGE] tensor=blk.0.ffn_gate_exps.weight stage=after-pointer-table device=0 planned_pp=1
[MOE-STAGE] tensor=blk.0.ffn_gate_exps.weight stage=after-route-diagnostics device=0 planned_pp=1
[MOE-STAGE] tensor=blk.0.ffn_gate_exps.weight stage=before-route-mode device=0 ne12=64 use_cache=1 plan=1 hybrid=1
[MOE-IDS] Staging ids to device (buffer_on_host=0, ptr_usm_type=3)
[MOE-STAGE] tensor=blk.0.ffn_gate_exps.weight stage=pp-rowmap-alloc-begin device=0 rows=64
[UNIFIED-ALLOC] zone alloc: dev=0 zone=4 size=0.0 MB ptr=0xffffd55e67c2c000
[MOE-STAGE] tensor=blk.0.ffn_gate_exps.weight stage=pp-rowmap-copy-begin device=0 rows=64 dst_handle=0
[MOE-STAGE] tensor=blk.0.ffn_gate_exps.weight stage=pp-rowmap-copy-submitted device=0 rows=64
[UNIFIED-ALLOC] zone alloc: dev=0 zone=4 size=0.1 MB ptr=0xffffd55e67c2c200
[UNIFIED-ALLOC] zone alloc: dev=0 zone=4 size=0.1 MB ptr=0xffffd55e67c44200
[MOE-AOS-REQUEST] tensor=blk.0.ffn_gate_exps.weight expert=0 current=0 planned=0 requested=aos reason=device-plan
[DEBUG-MULMAT] ENTER: src0=blk.0.ffn_gate_exps.weight src1=ffn_norm-0 (reshaped) dst=node_48
[SYCL][OP] call ggml_sycl_mul_mat: dst='node_48':type=f32;ne=[384, 50, 1, 1];nb=[4, 1536, 76800, 76800]	src0='blk.0.ffn_gate_exps.weight':type=f32;ne=[256, 384, 2, 1];nb=[4, 1024, 393216, 786432]0.02.253.640 E [SYCL][PTR] dst tensor=node_48 data=0xffffd55e67c2c200 alloc=76800 base=0xffffd55e47d88000 size=524288 end=0xffffd55e47e08000
	src1='ffn_norm-0 (reshaped)':type=f32;ne=[256, 1, 64, 1];nb=[4, 1024, 1024, 65536]
[XMXConfig] device=0: M=8 N=16 K_INT8=32 K_FP16=16 SLM=131072 nsm=256 supported=1 int8=1 fp16=1 double_buf=1 max_esimd_wg=64 nbarrier=0 esimd_dpas=1
[MUL_MAT] src0 device=0 ptr=0xffffd556b6645500 (tensor=blk.0.ffn_gate_exps.weight layout=0)
[MUL_MAT] dst device=0 ptr=0xffffd55e67c2c200 (tensor=node_48)
[SYCL][OP] call ggml_sycl_mul_mat done
[MOE-AOS-REQUEST] tensor=blk.0.ffn_gate_exps.weight expert=1 current=0 planned=0 requested=aos reason=device-plan
[DEBUG-MULMAT] ENTER: src0=blk.0.ffn_gate_exps.weight src1=ffn_norm-0 (reshaped) dst=node_48
[SYCL][OP] call ggml_sycl_mul_mat: dst='node_48':type=f32;ne=[384, 14, 1, 1];nb=[4, 1536, 21504, 21504]	src0='blk.0.ffn_gate_exps.weight':type=f32;ne=[256, 384, 2, 1];nb=[4, 1024, 393216, 786432]	src1='ffn_norm-0 (reshaped)':type=f32;ne=[256, 1, 64, 1];nb=[4, 1024, 1024, 65536]
0.02.253.726 E [SYCL][PTR] dst tensor=node_48 data=0xffffd55e67c3ee00 alloc=21504 base=0xffffd55e47d88000 size=524288 end=0xffffd55e47e08000
[XMXConfig] device=0: M=8 N=16 K_INT8=32 K_FP16=16 SLM=131072 nsm=256 supported=1 int8=1 fp16=1 double_buf=1 max_esimd_wg=64 nbarrier=0 esimd_dpas=1
[MUL_MAT] src0 device=0 ptr=0xffffd556b66a5500 (tensor=blk.0.ffn_gate_exps.weight layout=0)
[MUL_MAT] dst device=0 ptr=0xffffd55e67c3ee00 (tensor=node_48)
[SYCL][OP] call ggml_sycl_mul_mat done
[SYCL][OP] call ggml_sycl_mul_mat_id done
[DEBUG-IMPL] Node 49/140: op=36 name=blk.0.ffn_gate_exps.scale (reshaped)
[DEBUG-IMPL] Node 50/140: op=20 name=node_50
[SYCL] weight cache lookup: tensor=0x2690c800 name=blk.0.ffn_gate_exps.scale (reshaped) device=0
ggml_sycl_get_data_ptr_slow: tensor=blk.0.ffn_gate_exps.scale (reshaped) view_src chain -> base=blk.0.ffn_gate_exps.scale, base->extra=0x23445660, base->data=0x78d2789b18c0, tensor->data=0x78d2789b18c0
ggml_sycl_get_data_ptr_slow: base=blk.0.ffn_gate_exps.scale data=0x78d2789b18c0 ptr_type=3
[SYCL] weight cache lookup: tensor=0x2690c800 name=blk.0.ffn_gate_exps.scale (reshaped) device=0
ggml_sycl_get_data_ptr_slow: tensor=blk.0.ffn_gate_exps.scale (reshaped), device=0, staging FAILED for non-device (type=0), using tensor->data=0x78d2789b18c0
ggml_sycl_get_data_ptr_slow: tensor=blk.0.ffn_gate_exps.scale (reshaped), device=0, using tensor->data=0x78d2789b18c0
[RESOLVE] data_handle empty for weight tensor 'blk.0.ffn_gate_exps.scale' device 0, falling through to cache lookup
[SYCL] weight cache lookup: tensor=0x1f2d5fa0 name=blk.0.ffn_gate_exps.scale device=0
[SYCL] weight cache lookup: tensor=0x1f2d5fa0 name=blk.0.ffn_gate_exps.scale device=0
ggml_sycl_get_data_ptr_slow: tensor=blk.0.ffn_gate_exps.scale, device=0, staging FAILED for non-device (type=0), using tensor->data=0x78d2789b18c0
ggml_sycl_get_data_ptr_slow: tensor=blk.0.ffn_gate_exps.scale, device=0, using tensor->data=0x78d2789b18c0
[SYCL] simple consumer routing declined: op=REPEAT dst=node_50 plan unavailable ctx=0
[SYCL][OP] call ggml_sycl_repeat: dst='node_50':type=f32;ne=[1, 2, 64, 1];nb=[4, 4, 8, 512]	src0='blk.0.ffn_gate_exps.scale (reshaped)':type=f32;ne=[1, 2, 1, 1];nb=[4, 4, 8, 8]
[SYCL] weight cache lookup: tensor=0x2690c800 name=blk.0.ffn_gate_exps.scale (reshaped) device=0
[SYCL] weight cache lookup: tensor=0x2690c800 name=blk.0.ffn_gate_exps.scale (reshaped) device=0
[SYCL-BINBCAST] staging raw host tensor=blk.0.ffn_gate_exps.scale (reshaped) bytes=8 device=0 src=0x78d2789b18c0 dst=0xffffe38f1ae00000
0.02.253.846 E [UNIFIED-CACHE] planned-mode runtime materialization rejected op=direct_stage_weight caller=direct_stage_weight model=0 name_hash=0x5c5ab6125ec1b4e2 aux=270 type=0 ne=[1,2,1,1] layout=0 graph_active=1
[BINBCAST-PTR] src0=node_50 src0_host=0xffffd55e47d98400 src0_d=0xffffd55e47d98400
[BINBCAST-PTR] src1=blk.0.ffn_gate_exps.scale (reshaped) src1_host=0x78d2789b18c0 src1_d=0xffffe38f1ae00000
[SYCL][OP] call ggml_sycl_repeat done
[DEBUG-IMPL] Node 51/140: op=40 name=node_51
[SYCL][OP] call ggml_sycl_get_rows: dst='node_51':type=f32;ne=[1, 1, 64, 1];nb=[4, 4, 4, 256]	src0='node_50':type=f32;ne=[1, 2, 64, 1];nb=[4, 4, 8, 512]	src1='ffn_moe_topk-0':type=i32;ne=[1, 64, 1, 1];nb=[4, 8, 512, 512];strided
[SYCL] weight cache lookup: tensor=0x2690c990 name=node_50 device=0
0.02.253.891 E [SYCL][PTR] src1 tensor=ffn_moe_topk-0 data=0x78d428383400 alloc=508 base=0xffffd55e47d88000 size=524288 end=0xffffd55e47e08000
[SYCL][OP] call ggml_sycl_get_rows done
[DEBUG-IMPL] Node 52/140: op=7 name=ffn_moe_gate_scaled-0
[SYCL] simple consumer routing declined: op=MUL dst=ffn_moe_gate_scaled-0 local single-device plan ctx=0 target=0
[SYCL][OP] call ggml_sycl_mul: dst='ffn_moe_gate_scaled-0':type=f32;ne=[384, 1, 64, 1];nb=[4, 1536, 1536, 98304]	src0='node_48':type=f32;ne=[384, 1, 64, 1];nb=[4, 1536, 1536, 98304]	src1='node_51':type=f32;ne=[1, 1, 64, 1];nb=[4, 4, 4, 256]
[BINBCAST-PTR] src0=node_48 src0_host=0xffffd55e47dc0000 src0_d=0xffffd55e47dc0000
[BINBCAST-PTR] src1=node_51 src1_host=0xffffd55e47d98000 src1_d=0xffffd55e47d98000
[SYCL][OP] call ggml_sycl_mul done
[DEBUG-IMPL] Node 53/140: op=30 name=node_53
[RESOLVE] data_handle empty for weight tensor 'blk.0.ffn_up_exps.weight' device 0, falling through to cache lookup
[SYCL] weight cache lookup: tensor=0x1f2d41f0 name=blk.0.ffn_up_exps.weight device=0
[RESOLVE] refusing composite MoE expert tensor materialization for placement-planned 'blk.0.ffn_up_exps.weight' device 0
[SYCL][OP] call ggml_sycl_mul_mat_id: dst='node_53':type=f32;ne=[384, 1, 64, 1];nb=[4, 1536, 1536, 98304]	src0='blk.0.ffn_up_exps.weight':type=f32;ne=[256, 384, 2, 1];nb=[4, 1024, 393216, 786432]	src1='ffn_norm-0 (reshaped)':type=f32;ne=[256, 1, 64, 1];nb=[4, 1024, 1024, 65536]	src2='ffn_moe_topk-0':type=i32;ne=[1, 64, 1, 1];nb=[4, 8, 512, 512];strided
0.02.253.949 E [XMX-DEBUG] try_xmx_sorted_moe called: src0->type=0
[XMX-DEBUG] XMX MoE: forced=0 fused_enabled=0 tiled_enabled=1
[XMX-DEBUG] XMX caps: supported=1 int8=1
[XMX MoE] Only Q8_0/MXFP4 supported, got type 0
[XMX-MOE-REJECT] tensor=blk.0.ffn_up_exps.weight type=f32 device=0 reason=type src0=[256,384,2,1] src1=[256,1,64,1] ids=[1,64,1,1]
[MoE FUSED] Batch 64 > 32, using oneDNN batching
[SYCL][PTR] src2 tensor=ffn_moe_topk-0 data=0x78d428383400 alloc=508 base=0xffffd55e47d88000 size=524288 end=0xffffd55e47e08000
[MoE] About to try COALESCED layout
[RESOLVE] data_handle empty for weight tensor 'blk.0.ffn_up_exps.weight' device 0, falling through to cache lookup
[SYCL] weight cache lookup: tensor=0x1f2d41f0 name=blk.0.ffn_up_exps.weight device=0
[RESOLVE] refusing composite MoE expert tensor materialization for placement-planned 'blk.0.ffn_up_exps.weight' device 0
[MoE] Trying MMVQ with layout=2 for blk.0.ffn_up_exps.weight
[MMVQ-ENTRY] src0=blk.0.ffn_up_exps.weight type=0 forced_layout=2
[MMVQ] Batch 64 > threshold 32, routing to batched GEMM path
[MoE] MMVQ layout=2 returned false
[MoE] About to try SOA layout
[RESOLVE] data_handle empty for weight tensor 'blk.0.ffn_up_exps.weight' device 0, falling through to cache lookup
[SYCL] weight cache lookup: tensor=0x1f2d41f0 name=blk.0.ffn_up_exps.weight device=0
[RESOLVE] refusing composite MoE expert tensor materialization for placement-planned 'blk.0.ffn_up_exps.weight' device 0
[MoE] Trying MMVQ with layout=1 for blk.0.ffn_up_exps.weight
[MMVQ-ENTRY] src0=blk.0.ffn_up_exps.weight type=0 forced_layout=1
[MMVQ] Batch 64 > threshold 32, routing to batched GEMM path
[MoE] MMVQ layout=1 returned false
[MoE] About to try AOS layout
[RESOLVE] data_handle empty for weight tensor 'blk.0.ffn_up_exps.weight' device 0, falling through to cache lookup
[SYCL] weight cache lookup: tensor=0x1f2d41f0 name=blk.0.ffn_up_exps.weight device=0
[RESOLVE] refusing composite MoE expert tensor materialization for placement-planned 'blk.0.ffn_up_exps.weight' device 0
[MoE] Trying MMVQ with layout=0 for blk.0.ffn_up_exps.weight
[MMVQ-ENTRY] src0=blk.0.ffn_up_exps.weight type=0 forced_layout=0
[MMVQ] Batch 64 > threshold 32, routing to batched GEMM path
[MoE] MMVQ layout=0 returned false
[MoE] All MMVQ layouts failed, falling back to host routing
[MoE] GPU probe paths did not select type 0; resolving planner-owned MoE route
[MoE-1E] Reusing cached IDs for layer 0 (blk.0.ffn_up_exps.weight), 64 elements
[MoE] Using expert cache for blk.0.ffn_up_exps.weight (layer=559450555, host_buf=0, ptr_type=3)
[MOE-DISPATCH-LAYOUT] tensor=blk.0.ffn_up_exps.weight device=0 route_layout=aos src0_layout=aos use_expert_cache=1 placement_planned=1 host_weights=0 plan=1 plan_host=0 has_override=0 ne12=64
[MOE-STAGE] tensor=blk.0.ffn_up_exps.weight stage=after-dispatch-layout device=0 ne12=64
[MOE-STAGE] tensor=blk.0.ffn_up_exps.weight stage=after-pointer-table device=0 planned_pp=1
[MOE-STAGE] tensor=blk.0.ffn_up_exps.weight stage=after-route-diagnostics device=0 planned_pp=1
[MOE-STAGE] tensor=blk.0.ffn_up_exps.weight stage=before-route-mode device=0 ne12=64 use_cache=1 plan=1 hybrid=1
[MOE-IDS] Staging ids to device (buffer_on_host=0, ptr_usm_type=3)
[MOE-STAGE] tensor=blk.0.ffn_up_exps.weight stage=pp-rowmap-alloc-begin device=0 rows=64
[UNIFIED-ALLOC] zone alloc: dev=0 zone=4 size=0.0 MB ptr=0xffffd55e67c2c000
[MOE-STAGE] tensor=blk.0.ffn_up_exps.weight stage=pp-rowmap-copy-begin device=0 rows=64 dst_handle=0
[MOE-STAGE] tensor=blk.0.ffn_up_exps.weight stage=pp-rowmap-copy-submitted device=0 rows=64
[UNIFIED-ALLOC] zone alloc: dev=0 zone=4 size=0.1 MB ptr=0xffffd55e67c2c200
[UNIFIED-ALLOC] zone alloc: dev=0 zone=4 size=0.1 MB ptr=0xffffd55e67c44200
[MOE-AOS-REQUEST] tensor=blk.0.ffn_up_exps.weight expert=0 current=0 planned=0 requested=aos reason=device-plan
[DEBUG-MULMAT] ENTER: src0=blk.0.ffn_up_exps.weight src1=ffn_norm-0 (reshaped) dst=node_53
[SYCL][OP] call ggml_sycl_mul_mat: dst='node_53':type=f32;ne=[384, 50, 1, 1];nb=[4, 1536, 76800, 76800]	src0='blk.0.ffn_up_exps.weight':type=f32;ne=[256, 384, 2, 1];nb=[4, 1024, 393216, 786432]	src1='ffn_norm-0 (reshaped)':type=f32;ne=[256, 1, 64, 1];nb=[4, 1024, 1024, 65536]0.02.254.048 E [SYCL][PTR] dst tensor=node_53 data=0xffffd55e67c2c200 alloc=76800 base=0xffffd55e47d88000 size=524288 end=0xffffd55e47e08000

[XMXConfig] device=0: M=8 N=16 K_INT8=32 K_FP16=16 SLM=131072 nsm=256 supported=1 int8=1 fp16=1 double_buf=1 max_esimd_wg=64 nbarrier=0 esimd_dpas=1
[MUL_MAT] src0 device=0 ptr=0xffffd556b6705500 (tensor=blk.0.ffn_up_exps.weight layout=0)
[MUL_MAT] dst device=0 ptr=0xffffd55e67c2c200 (tensor=node_53)
[SYCL][OP] call ggml_sycl_mul_mat done
[MOE-AOS-REQUEST] tensor=blk.0.ffn_up_exps.weight expert=1 current=0 planned=0 requested=aos reason=device-plan
[DEBUG-MULMAT] ENTER: src0=blk.0.ffn_up_exps.weight src1=ffn_norm-0 (reshaped) dst=node_53
[SYCL][OP] call ggml_sycl_mul_mat: dst='node_53':type=f32;ne=[384, 14, 1, 1];nb=[4, 1536, 21504, 21504]	src0='blk.0.ffn_up_exps.weight':type=f32;ne=[256, 384, 2, 1];nb=[4, 1024, 393216, 786432]	src1='ffn_norm-0 (reshaped)':type=f32;ne=[256, 1, 64, 1];nb=[4, 1024, 1024, 65536]
[XMXConfig] device=0: M=8 N=16 K_INT8=32 K_FP16=16 SLM=131072 nsm=256 supported=1 int8=1 fp16=1 double_buf=1 max_esimd_wg=64 nbarrier=0 esimd_dpas=1
0.02.254.124 E [SYCL][PTR] dst tensor=node_53 data=0xffffd55e67c3ee00 alloc=21504 base=0xffffd55e47d88000 size=524288 end=0xffffd55e47e08000
[MUL_MAT] src0 device=0 ptr=0xffffd556b6765500 (tensor=blk.0.ffn_up_exps.weight layout=0)
[MUL_MAT] dst device=0 ptr=0xffffd55e67c3ee00 (tensor=node_53)
[SYCL][OP] call ggml_sycl_mul_mat done
[SYCL][OP] call ggml_sycl_mul_mat_id done
[DEBUG-IMPL] Node 54/140: op=36 name=blk.0.ffn_up_exps.scale (reshaped)
[DEBUG-IMPL] Node 55/140: op=20 name=node_55
[SYCL] weight cache lookup: tensor=0x2690c030 name=blk.0.ffn_up_exps.scale (reshaped) device=0
ggml_sycl_get_data_ptr_slow: tensor=blk.0.ffn_up_exps.scale (reshaped) view_src chain -> base=blk.0.ffn_up_exps.scale, base->extra=0x234bc590, base->data=0x78d2789b1900, tensor->data=0x78d2789b1900
ggml_sycl_get_data_ptr_slow: base=blk.0.ffn_up_exps.scale data=0x78d2789b1900 ptr_type=3
[SYCL] weight cache lookup: tensor=0x2690c030 name=blk.0.ffn_up_exps.scale (reshaped) device=0
ggml_sycl_get_data_ptr_slow: tensor=blk.0.ffn_up_exps.scale (reshaped), device=0, staging FAILED for non-device (type=0), using tensor->data=0x78d2789b1900
ggml_sycl_get_data_ptr_slow: tensor=blk.0.ffn_up_exps.scale (reshaped), device=0, using tensor->data=0x78d2789b1900
[RESOLVE] data_handle empty for weight tensor 'blk.0.ffn_up_exps.scale' device 0, falling through to cache lookup
[SYCL] weight cache lookup: tensor=0x1f2d62c0 name=blk.0.ffn_up_exps.scale device=0
[SYCL] weight cache lookup: tensor=0x1f2d62c0 name=blk.0.ffn_up_exps.scale device=0
ggml_sycl_get_data_ptr_slow: tensor=blk.0.ffn_up_exps.scale, device=0, staging FAILED for non-device (type=0), using tensor->data=0x78d2789b1900
ggml_sycl_get_data_ptr_slow: tensor=blk.0.ffn_up_exps.scale, device=0, using tensor->data=0x78d2789b1900
[SYCL] simple consumer routing declined: op=REPEAT dst=node_55 plan unavailable ctx=0
[SYCL][OP] call ggml_sycl_repeat: dst='node_55':type=f32;ne=[1, 2, 64, 1];nb=[4, 4, 8, 512]	src0='blk.0.ffn_up_exps.scale (reshaped)':type=f32;ne=[1, 2, 1, 1];nb=[4, 4, 8, 8]
[SYCL] weight cache lookup: tensor=0x2690c030 name=blk.0.ffn_up_exps.scale (reshaped) device=0
[SYCL] weight cache lookup: tensor=0x2690c030 name=blk.0.ffn_up_exps.scale (reshaped) device=0
[SYCL-BINBCAST] staging raw host tensor=blk.0.ffn_up_exps.scale (reshaped) bytes=8 device=0 src=0x78d2789b1900 dst=0xffffe38f1ae00000
0.02.254.246 E [UNIFIED-CACHE] planned-mode runtime materialization rejected op=direct_stage_weight caller=direct_stage_weight model=0 name_hash=0xe55e3ca93cf2a5d1 aux=275 type=0 ne=[1,2,1,1] layout=0 graph_active=1
[BINBCAST-PTR] src0=node_55 src0_host=0xffffd55e47d88000 src0_d=0xffffd55e47d88000
[BINBCAST-PTR] src1=blk.0.ffn_up_exps.scale (reshaped) src1_host=0x78d2789b1900 src1_d=0xffffe38f1ae00000
[SYCL][OP] call ggml_sycl_repeat done
[DEBUG-IMPL] Node 56/140: op=40 name=node_56
[SYCL][OP] call ggml_sycl_get_rows: dst='node_56':type=f32;ne=[1, 1, 64, 1];nb=[4, 4, 4, 256]	src0='node_55':type=f32;ne=[1, 2, 64, 1];nb=[4, 4, 8, 512]	src1='ffn_moe_topk-0':type=i32;ne=[1, 64, 1, 1];nb=[4, 8, 512, 512];strided
[SYCL] weight cache lookup: tensor=0x2690c1c0 name=node_55 device=0
0.02.254.288 E [SYCL][PTR] src1 tensor=ffn_moe_topk-0 data=0x78d428383400 alloc=508 base=0xffffd55e47d88000 size=524288 end=0xffffd55e47e08000
[SYCL][OP] call ggml_sycl_get_rows done
[DEBUG-IMPL] Node 57/140: op=7 name=ffn_moe_up_scaled-0
[SYCL] simple consumer routing declined: op=MUL dst=ffn_moe_up_scaled-0 local single-device plan ctx=0 target=0
[SYCL][OP] call ggml_sycl_mul: dst='ffn_moe_up_scaled-0':type=f32;ne=[384, 1, 64, 1];nb=[4, 1536, 1536, 98304]	src0='node_53':type=f32;ne=[384, 1, 64, 1];nb=[4, 1536, 1536, 98304]	src1='node_56':type=f32;ne=[1, 1, 64, 1];nb=[4, 4, 4, 256]
[BINBCAST-PTR] src0=node_53 src0_host=0xffffd55e47dd8000 src0_d=0xffffd55e47dd8000
[BINBCAST-PTR] src1=node_56 src1_host=0xffffd55e47d88200 src1_d=0xffffd55e47d88200
[SYCL][OP] call ggml_sycl_mul done
[DEBUG-IMPL] Node 58/140: op=97 name=ffn_moe_swiglu-0
[SYCL] simple consumer routing declined: op=GLU dst=ffn_moe_swiglu-0 local single-device plan ctx=0 target=0
[SYCL][OP] call ggml_sycl_swiglu: dst='ffn_moe_swiglu-0':type=f32;ne=[384, 1, 64, 1];nb=[4, 1536, 1536, 98304]	src0='ffn_moe_gate_scaled-0':type=f32;ne=[384, 1, 64, 1];nb=[4, 1536, 1536, 98304]
[SYCL][OP] call ggml_sycl_swiglu done
[DEBUG-IMPL] Node 59/140: op=30 name=node_59
[RESOLVE] data_handle empty for weight tensor 'blk.0.ffn_down_exps.weight' device 0, falling through to cache lookup
[SYCL] weight cache lookup: tensor=0x1f2d4060 name=blk.0.ffn_down_exps.weight device=0
[RESOLVE] refusing composite MoE expert tensor materialization for placement-planned 'blk.0.ffn_down_exps.weight' device 0
[SYCL][OP] call ggml_sycl_mul_mat_id: dst='node_59':type=f32;ne=[256, 1, 64, 1];nb=[4, 1024, 1024, 65536]	src0='blk.0.ffn_down_exps.weight':type=f32;ne=[384, 256, 2, 1];nb=[4, 1536, 393216, 786432]	src1='ffn_moe_swiglu-0':type=f32;ne=[384, 1, 64, 1];nb=[4, 1536, 1536, 98304]	src2='ffn_moe_topk-0':type=i32;ne=[1, 64, 1, 1];nb=[4, 8, 512, 512];strided
[XMX-DEBUG] try_xmx_sorted_moe called: src0->type=0
[XMX-DEBUG] XMX MoE: forced=0 fused_enabled=0 tiled_enabled=1
[XMX-DEBUG] XMX caps: supported=1 int8=1
[XMX MoE] Only Q8_0/MXFP4 supported, got type 0
[XMX-MOE-REJECT] tensor=blk.0.ffn_down_exps.weight type=f32 device=0 reason=type src0=[384,256,2,1] src1=[384,1,64,1] ids=[1,64,1,1]
[MoE FUSED] Batch 64 > 32, using oneDNN batching
[MoE] About to try COALESCED layout
[RESOLVE] data_handle empty for weight tensor 'blk.0.ffn_down_exps.weight' device 0, falling through to cache lookup
[SYCL] weight cache lookup: tensor=0x1f2d4060 name=blk.0.ffn_down_exps.weight device=0
0.02.254.367 E [SYCL][PTR] src2 tensor=ffn_moe_topk-0 data=0x78d428383400 alloc=508 base=0xffffd55e47d88000 size=524288 end=0xffffd55e47e08000
[RESOLVE] refusing composite MoE expert tensor materialization for placement-planned 'blk.0.ffn_down_exps.weight' device 0
[MoE] Trying MMVQ with layout=2 for blk.0.ffn_down_exps.weight
[MMVQ-ENTRY] src0=blk.0.ffn_down_exps.weight type=0 forced_layout=2
[MMVQ] Batch 64 > threshold 32, routing to batched GEMM path
[MoE] MMVQ layout=2 returned false
[MoE] About to try SOA layout
[RESOLVE] data_handle empty for weight tensor 'blk.0.ffn_down_exps.weight' device 0, falling through to cache lookup
[SYCL] weight cache lookup: tensor=0x1f2d4060 name=blk.0.ffn_down_exps.weight device=0
[RESOLVE] refusing composite MoE expert tensor materialization for placement-planned 'blk.0.ffn_down_exps.weight' device 0
[MoE] Trying MMVQ with layout=1 for blk.0.ffn_down_exps.weight
[MMVQ-ENTRY] src0=blk.0.ffn_down_exps.weight type=0 forced_layout=1
[MMVQ] Batch 64 > threshold 32, routing to batched GEMM path
[MoE] MMVQ layout=1 returned false
[MoE] About to try AOS layout
[RESOLVE] data_handle empty for weight tensor 'blk.0.ffn_down_exps.weight' device 0, falling through to cache lookup
[SYCL] weight cache lookup: tensor=0x1f2d4060 name=blk.0.ffn_down_exps.weight device=0
[RESOLVE] refusing composite MoE expert tensor materialization for placement-planned 'blk.0.ffn_down_exps.weight' device 0
[MoE] Trying MMVQ with layout=0 for blk.0.ffn_down_exps.weight
[MMVQ-ENTRY] src0=blk.0.ffn_down_exps.weight type=0 forced_layout=0
[MMVQ] Batch 64 > threshold 32, routing to batched GEMM path
[MoE] MMVQ layout=0 returned false
[MoE] All MMVQ layouts failed, falling back to host routing
[MoE] GPU probe paths did not select type 0; resolving planner-owned MoE route
[MoE-1E] Reusing cached IDs for layer 0 (blk.0.ffn_down_exps.weight), 64 elements
[MoE] Using expert cache for blk.0.ffn_down_exps.weight (layer=1637998062, host_buf=0, ptr_type=3)
[MOE-DISPATCH-LAYOUT] tensor=blk.0.ffn_down_exps.weight device=0 route_layout=aos src0_layout=aos use_expert_cache=1 placement_planned=1 host_weights=0 plan=1 plan_host=0 has_override=0 ne12=64
[MOE-STAGE] tensor=blk.0.ffn_down_exps.weight stage=after-dispatch-layout device=0 ne12=64
[MOE-STAGE] tensor=blk.0.ffn_down_exps.weight stage=after-pointer-table device=0 planned_pp=1
[MOE-STAGE] tensor=blk.0.ffn_down_exps.weight stage=after-route-diagnostics device=0 planned_pp=1
[MOE-STAGE] tensor=blk.0.ffn_down_exps.weight stage=before-route-mode device=0 ne12=64 use_cache=1 plan=1 hybrid=1
[MOE-IDS] Staging ids to device (buffer_on_host=0, ptr_usm_type=3)
[MOE-STAGE] tensor=blk.0.ffn_down_exps.weight stage=pp-rowmap-alloc-begin device=0 rows=64
[UNIFIED-ALLOC] zone alloc: dev=0 zone=4 size=0.0 MB ptr=0xffffd55e67c2c000
[MOE-STAGE] tensor=blk.0.ffn_down_exps.weight stage=pp-rowmap-copy-begin device=0 rows=64 dst_handle=0
[MOE-STAGE] tensor=blk.0.ffn_down_exps.weight stage=pp-rowmap-copy-submitted device=0 rows=64
[UNIFIED-ALLOC] zone alloc: dev=0 zone=4 size=0.1 MB ptr=0xffffd55e67c2c200
[UNIFIED-ALLOC] zone alloc: dev=0 zone=4 size=0.1 MB ptr=0xffffd55e67c3c200
[MOE-AOS-REQUEST] tensor=blk.0.ffn_down_exps.weight expert=0 current=0 planned=0 requested=aos reason=device-plan
[DEBUG-MULMAT] ENTER: src0=blk.0.ffn_down_exps.weight src1=ffn_moe_swiglu-0 dst=node_59
[SYCL][OP] call ggml_sycl_mul_mat: dst='node_59':type=f32;ne=[256, 50, 1, 1];nb=[4, 1024, 51200, 51200]	src0='blk.0.ffn_down_exps.weight':type=f32;ne=[384, 256, 2, 1];nb=[4, 1536, 393216, 786432]0.02.254.610 E [SYCL][PTR] dst tensor=node_59 data=0xffffd55e67c2c200 alloc=51200 base=0xffffd55e47d88000 size=524288 end=0xffffd55e47e08000
	src1='ffn_moe_swiglu-0':type=f32;ne=[384, 1, 64, 1];nb=[4, 1536, 1536, 98304]
[XMXConfig] device=0: M=8 N=16 K_INT8=32 K_FP16=16 SLM=131072 nsm=256 supported=1 int8=1 fp16=1 double_buf=1 max_esimd_wg=64 nbarrier=0 esimd_dpas=1
[MUL_MAT] src0 device=0 ptr=0xffffd556b67c5500 (tensor=blk.0.ffn_down_exps.weight layout=0)
[MUL_MAT] dst device=0 ptr=0xffffd55e67c2c200 (tensor=node_59)
[SYCL][OP] call ggml_sycl_mul_mat done
[MOE-AOS-REQUEST] tensor=blk.0.ffn_down_exps.weight expert=1 current=0 planned=0 requested=aos reason=device-plan
[DEBUG-MULMAT] ENTER: src0=blk.0.ffn_down_exps.weight src1=ffn_moe_swiglu-0 dst=node_59
[SYCL][OP] call ggml_sycl_mul_mat: dst='node_59':type=f32;ne=[256, 14, 1, 1];nb=[4, 1024, 14336, 14336]	src0='blk.0.ffn_down_exps.weight':type=f32;ne=[384, 256, 2, 1];nb=[4, 1536, 393216, 786432]0.02.254.788 E [SYCL][PTR] dst tensor=node_59 data=0xffffd55e67c38a00 alloc=14336 base=0xffffd55e47d88000 size=524288 end=0xffffd55e47e08000
	src1='ffn_moe_swiglu-0':type=f32;ne=[384, 1, 64, 1];nb=[4, 1536, 1536, 98304]
[XMXConfig] device=0: M=8 N=16 K_INT8=32 K_FP16=16 SLM=131072 nsm=256 supported=1 int8=1 fp16=1 double_buf=1 max_esimd_wg=64 nbarrier=0 esimd_dpas=1
[MUL_MAT] src0 device=0 ptr=0xffffd556b6825500 (tensor=blk.0.ffn_down_exps.weight layout=0)
[MUL_MAT] dst device=0 ptr=0xffffd55e67c38a00 (tensor=node_59)
[SYCL][OP] call ggml_sycl_mul_mat done
[SYCL][OP] call ggml_sycl_mul_mat_id done
[DEBUG-IMPL] Node 60/140: op=36 name=blk.0.ffn_down_exps.scale (reshaped)
[DEBUG-IMPL] Node 61/140: op=20 name=node_61
[SYCL] weight cache lookup: tensor=0x2690d160 name=blk.0.ffn_down_exps.scale (reshaped) device=0
ggml_sycl_get_data_ptr_slow: tensor=blk.0.ffn_down_exps.scale (reshaped) view_src chain -> base=blk.0.ffn_down_exps.scale, base->extra=0x23480e10, base->data=0x78d2789b18e0, tensor->data=0x78d2789b18e0
ggml_sycl_get_data_ptr_slow: base=blk.0.ffn_down_exps.scale data=0x78d2789b18e0 ptr_type=3
[SYCL] weight cache lookup: tensor=0x2690d160 name=blk.0.ffn_down_exps.scale (reshaped) device=0
ggml_sycl_get_data_ptr_slow: tensor=blk.0.ffn_down_exps.scale (reshaped), device=0, staging FAILED for non-device (type=0), using tensor->data=0x78d2789b18e0
ggml_sycl_get_data_ptr_slow: tensor=blk.0.ffn_down_exps.scale (reshaped), device=0, using tensor->data=0x78d2789b18e0
[RESOLVE] data_handle empty for weight tensor 'blk.0.ffn_down_exps.scale' device 0, falling through to cache lookup
[SYCL] weight cache lookup: tensor=0x1f2d6130 name=blk.0.ffn_down_exps.scale device=0
[SYCL] weight cache lookup: tensor=0x1f2d6130 name=blk.0.ffn_down_exps.scale device=0
ggml_sycl_get_data_ptr_slow: tensor=blk.0.ffn_down_exps.scale, device=0, staging FAILED for non-device (type=0), using tensor->data=0x78d2789b18e0
ggml_sycl_get_data_ptr_slow: tensor=blk.0.ffn_down_exps.scale, device=0, using tensor->data=0x78d2789b18e0
[SYCL] simple consumer routing declined: op=REPEAT dst=node_61 plan unavailable ctx=0
[SYCL][OP] call ggml_sycl_repeat: dst='node_61':type=f32;ne=[1, 2, 64, 1];nb=[4, 4, 8, 512]	src0='blk.0.ffn_down_exps.scale (reshaped)':type=f32;ne=[1, 2, 1, 1];nb=[4, 4, 8, 8]
[SYCL] weight cache lookup: tensor=0x2690d160 name=blk.0.ffn_down_exps.scale (reshaped) device=0
[SYCL] weight cache lookup: tensor=0x2690d160 name=blk.0.ffn_down_exps.scale (reshaped) device=0
0.02.254.950 E [UNIFIED-CACHE] planned-mode runtime materialization rejected op=direct_stage_weight caller=direct_stage_weight model=0 name_hash=0x2c2c03c5845a4428 aux=280 type=0 ne=[1,2,1,1] layout=0 graph_active=1
[SYCL-BINBCAST] staging raw host tensor=blk.0.ffn_down_exps.scale (reshaped) bytes=8 device=0 src=0x78d2789b18e0 dst=0xffffe38f1ae00000
[BINBCAST-PTR] src0=node_61 src0_host=0xffffd55e47d98400 src0_d=0xffffd55e47d98400
[BINBCAST-PTR] src1=blk.0.ffn_down_exps.scale (reshaped) src1_host=0x78d2789b18e0 src1_d=0xffffe38f1ae00000
[SYCL][OP] call ggml_sycl_repeat done
[DEBUG-IMPL] Node 62/140: op=40 name=node_62
[SYCL][OP] call ggml_sycl_get_rows: dst='node_62':type=f32;ne=[1, 1, 64, 1];nb=[4, 4, 4, 256]	src0='node_61':type=f32;ne=[1, 2, 64, 1];nb=[4, 4, 8, 512]	src1='ffn_moe_topk-0':type=i32;ne=[1, 64, 1, 1];nb=[4, 8, 512, 512];strided
0.02.255.001 E [SYCL][PTR] src1 tensor=ffn_moe_topk-0 data=0x78d428383400 alloc=508 base=0xffffd55e47d88000 size=524288 end=0xffffd55e47e08000
[SYCL] weight cache lookup: tensor=0x2690d2f0 name=node_61 device=0
[SYCL][OP] call ggml_sycl_get_rows done
[DEBUG-IMPL] Node 63/140: op=7 name=ffn_moe_down_scaled-0
[SYCL] simple consumer routing declined: op=MUL dst=ffn_moe_down_scaled-0 local single-device plan ctx=0 target=0
[SYCL][OP] call ggml_sycl_mul: dst='ffn_moe_down_scaled-0':type=f32;ne=[256, 1, 64, 1];nb=[4, 1024, 1024, 65536]	src0='node_59':type=f32;ne=[256, 1, 64, 1];nb=[4, 1024, 1024, 65536]	src1='node_62':type=f32;ne=[1, 1, 64, 1];nb=[4, 4, 4, 256]
[BINBCAST-PTR] src0=node_59 src0_host=0xffffd55e47d88000 src0_d=0xffffd55e47d88000
[BINBCAST-PTR] src1=node_62 src1_host=0xffffd55e47d98000 src1_d=0xffffd55e47d98000
[SYCL][OP] call ggml_sycl_mul done
[DEBUG-IMPL] Node 64/140: op=7 name=ffn_moe_weighted-0
[SYCL] simple consumer routing declined: op=MUL dst=ffn_moe_weighted-0 local single-device plan ctx=0 target=0
[SYCL][OP] call ggml_sycl_mul: dst='ffn_moe_weighted-0':type=f32;ne=[256, 1, 64, 1];nb=[4, 1024, 1024, 65536]	src0='ffn_moe_down_scaled-0':type=f32;ne=[256, 1, 64, 1];nb=[4, 1024, 1024, 65536]	src1='ffn_moe_weights_norm-0 (reshaped)':type=f32;ne=[1, 1, 64, 1];nb=[4, 4, 4, 256]
[BINBCAST-PTR] src0=ffn_moe_down_scaled-0 src0_host=0xffffd55e47d88000 src0_d=0xffffd55e47d88000
[BINBCAST-PTR] src1=ffn_moe_weights_norm-0 (reshaped) src1_host=0xffffd55e47d98100 src1_d=0xffffd55e47d98100
[SYCL][OP] call ggml_sycl_mul done
[DEBUG-IMPL] Node 65/140: op=37 name=ffn_moe_weighted-0 (view)
[DEBUG-IMPL] Node 66/140: op=35 name=ffn_moe_out-0
[SYCL] simple consumer routing declined: op=CONT dst=ffn_moe_out-0 local single-device plan ctx=0 target=0
[SYCL][OP] call ggml_sycl_dup: dst='ffn_moe_out-0':type=f32;ne=[256, 64, 1, 1];nb=[4, 1024, 65536, 65536]	src0='ffn_moe_weighted-0 (view)':type=f32;ne=[256, 64, 1, 1];nb=[4, 1024, 65536, 65536]
[SYCL][OP] call ggml_sycl_cpy: dst='ffn_moe_out-0':type=f32;ne=[256, 64, 1, 1];nb=[4, 1024, 65536, 65536]	src0='ffn_moe_weighted-0 (view)':type=f32;ne=[256, 64, 1, 1];nb=[4, 1024, 65536, 65536]
[CPY] device=0 main_stream=0x1d26bec0 tp_queue=(nil) (match=0)
[CPY DEBUG] device=0 src0=ffn_moe_weighted-0 (view)(0xffffd55e47d88000, usm=1) -> src1=ffn_moe_out-0(0xffffd55e47d98000, usm=1) size=65536
[CPY STAGING CHECK] device=0 needs_staging=0 src0_type=1 dst_is_device=1
[CPY device=0] memcpy path: 0xffffd55e47d88000 -> 0xffffd55e47d98000 (65536 bytes)
[CPY device=0] memcpy submitted
[SYCL][OP] call ggml_sycl_cpy done
[SYCL][OP] call ggml_sycl_dup done
[DEBUG-IMPL] Node 67/140: op=2 name=l_out-0
[DEBUG-IMPL] Node 69/140: op=7 name=attn_norm-1
[SYCL] simple consumer routing declined: op=MUL dst=attn_norm-1 local single-device plan ctx=0 target=0
[SYCL][OP] call ggml_sycl_mul: dst='attn_norm-1':type=f32;ne=[256, 64, 1, 1];nb=[4, 1024, 65536, 65536]	src0='norm-1':type=f32;ne=[256, 64, 1, 1];nb=[4, 1024, 65536, 65536]	src1='blk.1.attn_norm.weight':type=f32;ne=[256, 1, 1, 1];nb=[4, 1024, 1024, 1024]
[BINBCAST-PTR] src0=norm-1 src0_host=0xffffd55e47d88000 src0_d=0xffffd55e47d88000
[BINBCAST-PTR] src1=blk.1.attn_norm.weight src1_host=0x78d27866f840 src1_d=0xffffd556b6ae6100
[SYCL][OP] call ggml_sycl_mul done
[DEBUG-IMPL] Node 70/140: op=29 name=node_70
[SYCL] simple consumer routing declined: op=MUL_MAT dst=node_70 plan unavailable ctx=0
[DEBUG-MULMAT] ENTER: src0=blk.1.attn_q.weight src1=attn_norm-1 dst=node_70
[SYCL][OP] call ggml_sycl_mul_mat: dst='node_70':type=f32;ne=[256, 64, 1, 1];nb=[4, 1024, 65536, 65536]	src0='blk.1.attn_q.weight':type=f32;ne=[256, 256, 1, 1];nb=[4, 1024, 262144, 262144]	src1='attn_norm-1':type=f32;ne=[256, 64, 1, 1];nb=[4, 1024, 65536, 65536]
[XMXConfig] device=0: M=8 N=16 K_INT8=32 K_FP16=16 SLM=131072 nsm=256 supported=1 int8=1 fp16=1 double_buf=1 max_esimd_wg=64 nbarrier=0 esimd_dpas=1
[MUL_MAT] src0 device=0 ptr=0xffffd556b6c08100 (tensor=blk.1.attn_q.weight layout=0)
[MUL_MAT] dst device=0 ptr=0xffffd55e47da8000 (tensor=node_70)
[SYCL] weight cache lookup: tensor=0x1f2d4510 name=blk.1.attn_q.weight device=0
[SYCL][OP] call ggml_sycl_mul_mat done
[DEBUG-IMPL] Node 71/140: op=7 name=Qcur-1
[DEBUG-IMPL] Node 73/140: op=36 name=Qcur-1
[DEBUG-IMPL] Node 74/140: op=49 name=Qcur-1
[SYCL] simple consumer routing declined: op=ROPE dst=Qcur-1 local single-device plan ctx=0 target=0
[SYCL][OP] call ggml_sycl_rope: dst='Qcur-1':type=f32;ne=[128, 2, 64, 1];nb=[4, 512, 1024, 65536]	src0='Qcur-1':type=f32;ne=[128, 2, 64, 1];nb=[4, 512, 1024, 65536]	src1='leaf_7':type=i32;ne=[64, 1, 1, 1];nb=[4, 256, 256, 256]	src2='rope_freqs.weight':type=f32;ne=[64, 1, 1, 1];nb=[4, 256, 256, 256]
ggml_sycl_op_rope: norm path
[SYCL][OP] call ggml_sycl_rope done
[DEBUG-IMPL] Node 75/140: op=29 name=node_75
[SYCL] simple consumer routing declined: op=MUL_MAT dst=node_75 plan unavailable ctx=0
[DEBUG-MULMAT] ENTER: src0=blk.1.attn_v.weight src1=attn_norm-1 dst=node_75
[SYCL][OP] call ggml_sycl_mul_mat: dst='node_75':type=f32;ne=[256, 64, 1, 1];nb=[4, 1024, 65536, 65536]	src0='blk.1.attn_v.weight':type=f32;ne=[256, 256, 1, 1];nb=[4, 1024, 262144, 262144]	src1='attn_norm-1':type=f32;ne=[256, 64, 1, 1];nb=[4, 1024, 65536, 65536]
[XMXConfig] device=0: M=8 N=16 K_INT8=32 K_FP16=16 SLM=131072 nsm=256 supported=1 int8=1 fp16=1 double_buf=1 max_esimd_wg=64 nbarrier=0 esimd_dpas=1
[MUL_MAT] src0 device=0 ptr=0xffffd556b6c88100 (tensor=blk.1.attn_v.weight layout=0)
[MUL_MAT] dst device=0 ptr=0xffffd55e47da8000 (tensor=node_75)
[SYCL] weight cache lookup: tensor=0x1f2d4830 name=blk.1.attn_v.weight device=0
[SYCL][OP] call ggml_sycl_mul_mat done
[DEBUG-IMPL] Node 76/140: op=7 name=Vcur-1
[DEBUG-IMPL] Node 78/140: op=36 name=Vcur-1
[DEBUG-IMPL] Node 79/140: op=29 name=node_79
[SYCL] simple consumer routing declined: op=MUL_MAT dst=node_79 plan unavailable ctx=0
[DEBUG-MULMAT] ENTER: src0=blk.1.attn_k.weight src1=attn_norm-1 dst=node_79
[SYCL][OP] call ggml_sycl_mul_mat: dst='node_79':type=f32;ne=[256, 64, 1, 1];nb=[4, 1024, 65536, 65536]	src0='blk.1.attn_k.weight':type=f32;ne=[256, 256, 1, 1];nb=[4, 1024, 262144, 262144]	src1='attn_norm-1':type=f32;ne=[256, 64, 1, 1];nb=[4, 1024, 65536, 65536]
[XMXConfig] device=0: M=8 N=16 K_INT8=32 K_FP16=16 SLM=131072 nsm=256 supported=1 int8=1 fp16=1 double_buf=1 max_esimd_wg=64 nbarrier=0 esimd_dpas=1
[MUL_MAT] src0 device=0 ptr=0xffffd556b6c48100 (tensor=blk.1.attn_k.weight layout=0)
[MUL_MAT] dst device=0 ptr=0xffffd55e47dc8000 (tensor=node_79)
[SYCL] weight cache lookup: tensor=0x1f2d46a0 name=blk.1.attn_k.weight device=0
[SYCL][OP] call ggml_sycl_mul_mat done
[DEBUG-IMPL] Node 80/140: op=7 name=Kcur-1
[DEBUG-IMPL] Node 82/140: op=36 name=Kcur-1
[DEBUG-IMPL] Node 83/140: op=49 name=Kcur-1
[SYCL] simple consumer routing declined: op=ROPE dst=Kcur-1 local single-device plan ctx=0 target=0
[SYCL][OP] call ggml_sycl_rope: dst='Kcur-1':type=f32;ne=[128, 2, 64, 1];nb=[4, 512, 1024, 65536]	src0='Kcur-1':type=f32;ne=[128, 2, 64, 1];nb=[4, 512, 1024, 65536]	src1='leaf_7':type=i32;ne=[64, 1, 1, 1];nb=[4, 256, 256, 256]	src2='rope_freqs.weight':type=f32;ne=[64, 1, 1, 1];nb=[4, 256, 256, 256]
ggml_sycl_op_rope: norm path
[SYCL][OP] call ggml_sycl_rope done
[DEBUG-IMPL] Node 84/140: op=37 name=Kcur-1 (view)
[DEBUG-IMPL] Node 85/140: op=42 name=cache_k_l1 (view)
[SYCL] simple consumer routing declined: op=SET_ROWS dst=cache_k_l1 (view) plan unavailable ctx=0
[SYCL][OP] call ggml_sycl_op_set_rows: dst='cache_k_l1 (view)':type=f16;ne=[256, 256, 1, 1];nb=[2, 512, 131072, 131072]	src0='Kcur-1 (view)':type=f32;ne=[256, 64, 1, 1];nb=[4, 1024, 65536, 65536]	src1='leaf_15':type=i64;ne=[64, 1, 1, 1];nb=[8, 512, 512, 512]
[SYCL][OP] call ggml_sycl_op_set_rows done
[DEBUG-IMPL] Node 86/140: op=37 name=Vcur-1 (view)
[DEBUG-IMPL] Node 87/140: op=42 name=cache_v_l1 (view)
[SYCL] simple consumer routing declined: op=SET_ROWS dst=cache_v_l1 (view) plan unavailable ctx=0
[SYCL][OP] call ggml_sycl_op_set_rows: dst='cache_v_l1 (view)':type=f16;ne=[256, 256, 1, 1];nb=[2, 512, 131072, 131072]	src0='Vcur-1 (view)':type=f32;ne=[256, 64, 1, 1];nb=[4, 1024, 65536, 65536]	src1='leaf_17':type=i64;ne=[64, 1, 1, 1];nb=[8, 512, 512, 512]
[SYCL][OP] call ggml_sycl_op_set_rows done
[DEBUG-IMPL] Node 88/140: op=37 name=Qcur-1 (view)
[DEBUG-IMPL] Node 89/140: op=38 name=Qcur-1 (view) (permuted)
[DEBUG-IMPL] Node 90/140: op=34 name=Qcur-1 (view) (permuted) (copy)
[SYCL] simple consumer routing declined: op=CPY dst=Qcur-1 (view) (permuted) (copy) local single-device plan ctx=0 target=0
[SYCL][OP] call ggml_sycl_cpy: dst='Qcur-1 (view) (permuted) (copy)':type=f16;ne=[128, 64, 2, 1];nb=[2, 256, 16384, 32768]	src0='Qcur-1 (view) (permuted)':type=f32;ne=[128, 64, 2, 1];nb=[4, 1024, 512, 65536];strided;permuted
[CPY] device=0 main_stream=0x1d26bec0 tp_queue=(nil) (match=0)
[CPY DEBUG] device=0 src0=Qcur-1 (view) (permuted)(0xffffd55e47db8000, usm=1) -> src1=Qcur-1 (view) (permuted) (copy)(0xffffd55e47da8000, usm=1) size=65536
[CPY STAGING CHECK] device=0 needs_staging=0 src0_type=1 dst_is_device=1
[SYCL][OP] call ggml_sycl_cpy done
[DEBUG-IMPL] Node 91/140: op=37 name=cache_k_l1 (view)
[DEBUG-IMPL] Node 92/140: op=38 name=cache_k_l1 (view) (permuted)
[DEBUG-IMPL] Node 93/140: op=37 name=cache_v_l1 (view)
[DEBUG-IMPL] Node 94/140: op=38 name=cache_v_l1 (view) (permuted)
[DEBUG-IMPL] Node 95/140: op=75 name=node_95
[SYCL] simple consumer routing declined: op=FLASH_ATTN_EXT dst=node_95 plan unavailable ctx=0
ggml_sycl_get_data_ptr_slow: tensor=Qcur-1 (view) (permuted) (copy), device=1, rejecting tensor->data=0xffffd55e47da8000 owned by device 0
ggml_sycl_get_data_ptr_slow: tensor=node_95, device=1, rejecting tensor->data=0xffffd55e47d88000 owned by device 0
[DEBUG-IMPL] Node 96/140: op=36 name=kqv_out-1
[DEBUG-IMPL] Node 97/140: op=29 name=node_97
[SYCL] simple consumer routing declined: op=MUL_MAT dst=node_97 plan unavailable ctx=0
[DEBUG-MULMAT] ENTER: src0=blk.1.attn_output.weight src1=kqv_out-1 dst=node_97
[SYCL][OP] call ggml_sycl_mul_mat: dst='node_97':type=f32;ne=[256, 64, 1, 1];nb=[4, 1024, 65536, 65536]	src0='blk.1.attn_output.weight':type=f32;ne=[256, 256, 1, 1];nb=[4, 1024, 262144, 262144]	src1='kqv_out-1':type=f32;ne=[256, 64, 1, 1];nb=[4, 1024, 65536, 65536]
[XMXConfig] device=0: M=8 N=16 K_INT8=32 K_FP16=16 SLM=131072 nsm=256 supported=1 int8=1 fp16=1 double_buf=1 max_esimd_wg=64 nbarrier=0 esimd_dpas=1
[MUL_MAT] src0 device=0 ptr=0xffffd556b6cc8100 (tensor=blk.1.attn_output.weight layout=0)
[MUL_MAT] dst device=0 ptr=0xffffd55e47da8000 (tensor=node_97)
[SYCL] weight cache lookup: tensor=0x1f2d4e70 name=blk.1.attn_output.weight device=0
[SYCL][OP] call ggml_sycl_mul_mat done
[DEBUG-IMPL] Node 98/140: op=7 name=node_98
[DEBUG-IMPL] Node 100/140: op=40 name=node_100
ggml_sycl_get_data_ptr_slow: tensor=leaf_47, device=0, staging FAILED for non-device (type=0), using tensor->data=0x78d2789ca440
ggml_sycl_get_data_ptr_slow: tensor=leaf_47, device=0, using tensor->data=0x78d2789ca440
[SYCL][OP] call ggml_sycl_get_rows: dst='node_100':type=f32;ne=[256, 64, 1, 1];nb=[4, 1024, 65536, 65536]	src0='attn_out-1':type=f32;ne=[256, 64, 1, 1];nb=[4, 1024, 65536, 65536]	src1='leaf_47':type=i32;ne=[64, 1, 1, 1];nb=[4, 256, 256, 256]
[SYCL] weight cache lookup: tensor=0x26910e50 name=attn_out-1 device=0
[SYCL][OP] call ggml_sycl_get_rows done
[DEBUG-IMPL] Node 101/140: op=40 name=node_101
[SYCL][OP] call ggml_sycl_get_rows: dst='node_101':type=f32;ne=[256, 64, 1, 1];nb=[4, 1024, 65536, 65536]	src0='l_out-0':type=f32;ne=[256, 64, 1, 1];nb=[4, 1024, 65536, 65536]	src1='leaf_47':type=i32;ne=[64, 1, 1, 1];nb=[4, 256, 256, 256]
[SYCL] weight cache lookup: tensor=0x2690dc50 name=l_out-0 device=0
[SYCL][OP] call ggml_sycl_get_rows done
[DEBUG-IMPL] Node 102/140: op=2 name=ffn_inp-1
[DEBUG-IMPL] Node 104/140: op=7 name=ffn_norm-1
[SYCL] simple consumer routing declined: op=MUL dst=ffn_norm-1 local single-device plan ctx=0 target=0
[SYCL][OP] call ggml_sycl_mul: dst='ffn_norm-1':type=f32;ne=[256, 64, 1, 1];nb=[4, 1024, 65536, 65536]	src0='norm-1':type=f32;ne=[256, 64, 1, 1];nb=[4, 1024, 65536, 65536]	src1='blk.1.ffn_norm.weight':type=f32;ne=[256, 1, 1, 1];nb=[4, 1024, 1024, 1024]
[BINBCAST-PTR] src0=norm-1 src0_host=0xffffd55e47d98000 src0_d=0xffffd55e47d98000
[BINBCAST-PTR] src1=blk.1.ffn_norm.weight src1_host=0x78d278770c40 src1_d=0xffffd556b6ae6500
[SYCL][OP] call ggml_sycl_mul done
[DEBUG-IMPL] Node 105/140: op=29 name=ffn_moe_logits-1
[SYCL] simple consumer routing declined: op=MUL_MAT dst=ffn_moe_logits-1 plan unavailable ctx=0
[DEBUG-MULMAT] ENTER: src0=blk.1.ffn_gate_inp.weight src1=ffn_norm-1 dst=ffn_moe_logits-1
[SYCL][OP] call ggml_sycl_mul_mat: dst='ffn_moe_logits-1':type=f32;ne=[2, 64, 1, 1];nb=[4, 8, 512, 512]	src0='blk.1.ffn_gate_inp.weight':type=f32;ne=[256, 2, 1, 1];nb=[4, 1024, 2048, 2048]	src1='ffn_norm-1':type=f32;ne=[256, 64, 1, 1];nb=[4, 1024, 65536, 65536]
[XMXConfig] device=0: M=8 N=16 K_INT8=32 K_FP16=16 SLM=131072 nsm=256 supported=1 int8=1 fp16=1 double_buf=1 max_esimd_wg=64 nbarrier=0 esimd_dpas=1
[MUL_MAT] src0 device=0 ptr=0xffffd556b6d0a200 (tensor=blk.1.ffn_gate_inp.weight layout=0)
[MUL_MAT] dst device=0 ptr=0xffffd55e47da8000 (tensor=ffn_moe_logits-1)
[SYCL] weight cache lookup: tensor=0x1f2d5320 name=blk.1.ffn_gate_inp.weight device=0
[SYCL][OP] call ggml_sycl_mul_mat done
[DEBUG-IMPL] Node 106/140: op=47 name=ffn_moe_probs-1
[SYCL] simple consumer routing declined: op=SOFT_MAX dst=ffn_moe_probs-1 local single-device plan ctx=0 target=0
[SYCL][OP] call ggml_sycl_op_soft_max: dst='ffn_moe_probs-1':type=f32;ne=[2, 64, 1, 1];nb=[4, 8, 512, 512]	src0='ffn_moe_logits-1':type=f32;ne=[2, 64, 1, 1];nb=[4, 8, 512, 512]	src1=nullptr
[SYCL][OP] call ggml_sycl_op_soft_max done
[DEBUG-IMPL] Node 107/140: op=36 name=ffn_moe_probs-1 (reshaped)
[DEBUG-IMPL] Node 108/140: op=70 name=ffn_moe_argsort-1
[SYCL] simple consumer routing declined: op=ARGSORT dst=ffn_moe_argsort-1 local single-device plan ctx=0 target=0
[SYCL][OP] call ggml_sycl_argsort: dst='ffn_moe_argsort-1':type=i32;ne=[2, 64, 1, 1];nb=[4, 8, 512, 512]	src0='ffn_moe_probs-1':type=f32;ne=[2, 64, 1, 1];nb=[4, 8, 512, 512]
0.02.255.757 E [SYCL][PTR] dst tensor=ffn_moe_argsort-1 data=0x78d428383600 alloc=512 base=0xffffd55e47d88000 size=524288 end=0xffffd55e47e08000
[SYCL][OP] call ggml_sycl_argsort done
[DEBUG-IMPL] Node 109/140: op=37 name=ffn_moe_topk-1
[DEBUG-IMPL] Node 110/140: op=40 name=ffn_moe_weights-1
[SYCL][OP] call ggml_sycl_get_rows: dst='ffn_moe_weights-1':type=f32;ne=[1, 1, 64, 1];nb=[4, 4, 4, 256]	src0='ffn_moe_probs-1 (reshaped)':type=f32;ne=[1, 2, 64, 1];nb=[4, 4, 8, 512]	src1='ffn_moe_topk-1':type=i32;ne=[1, 64, 1, 1];nb=[4, 8, 512, 512];strided
0.02.255.783 [SYCL] weight cache lookup: tensor=0x26911df0 name=ffn_moe_probs-1 (reshaped) device=0
E [SYCL][PTR] src1 tensor=ffn_moe_topk-1 data=0x78d428383600 alloc=508 base=0xffffd55e47d88000 size=524288 end=0xffffd55e47e08000
[SYCL][OP] call ggml_sycl_get_rows done
[DEBUG-IMPL] Node 111/140: op=36 name=ffn_moe_weights-1 (reshaped)
[DEBUG-IMPL] Node 112/140: op=15 name=ffn_moe_weights_sum-1
[SYCL] simple consumer routing declined: op=SUM_ROWS dst=ffn_moe_weights_sum-1 plan unavailable ctx=0
[SYCL][OP] call ggml_sycl_sum_rows: dst='ffn_moe_weights_sum-1':type=f32;ne=[1, 64, 1, 1];nb=[4, 4, 256, 256]	src0='ffn_moe_weights-1 (reshaped)':type=f32;ne=[1, 64, 1, 1];nb=[4, 4, 256, 256]
[SYCL][OP] call ggml_sycl_sum_rows done
[DEBUG-IMPL] Node 113/140: op=51 name=ffn_moe_weights_sum_clamped-1
[SYCL] simple consumer routing declined: op=CLAMP dst=ffn_moe_weights_sum_clamped-1 plan unavailable ctx=0
[SYCL][OP] call ggml_sycl_clamp: dst='ffn_moe_weights_sum_clamped-1':type=f32;ne=[1, 64, 1, 1];nb=[4, 4, 256, 256]	src0='ffn_moe_weights_sum-1':type=f32;ne=[1, 64, 1, 1];nb=[4, 4, 256, 256]
[SYCL][OP] call ggml_sycl_clamp done
[DEBUG-IMPL] Node 114/140: op=8 name=ffn_moe_weights_norm-1
[SYCL] simple consumer routing declined: op=DIV dst=ffn_moe_weights_norm-1 plan unavailable ctx=0
[SYCL][OP] call ggml_sycl_div: dst='ffn_moe_weights_norm-1':type=f32;ne=[1, 64, 1, 1];nb=[4, 4, 256, 256]	src0='ffn_moe_weights-1 (reshaped)':type=f32;ne=[1, 64, 1, 1];nb=[4, 4, 256, 256]	src1='ffn_moe_weights_sum_clamped-1':type=f32;ne=[1, 64, 1, 1];nb=[4, 4, 256, 256]
[BINBCAST-PTR] src0=ffn_moe_weights-1 (reshaped) src0_host=0xffffd55e47da8400 src0_d=0xffffd55e47da8400
[BINBCAST-PTR] src1=ffn_moe_weights_sum_clamped-1 src1_host=0xffffd55e47da8000 src1_d=0xffffd55e47da8000
[SYCL][OP] call ggml_sycl_div done
[DEBUG-IMPL] Node 115/140: op=36 name=ffn_moe_weights_norm-1 (reshaped)
[DEBUG-IMPL] Node 116/140: op=36 name=ffn_norm-1 (reshaped)
[DEBUG-IMPL] Node 117/140: op=30 name=node_117
[RESOLVE] data_handle empty for weight tensor 'blk.1.ffn_gate_exps.weight' device 0, falling through to cache lookup
[SYCL] weight cache lookup: tensor=0x1f2d54b0 name=blk.1.ffn_gate_exps.weight device=0
[RESOLVE] refusing composite MoE expert tensor materialization for placement-planned 'blk.1.ffn_gate_exps.weight' device 0
[SYCL][OP] call ggml_sycl_mul_mat_id: dst='node_117':type=f32;ne=[384, 1, 64, 1];nb=[4, 1536, 1536, 98304]	src0='blk.1.ffn_gate_exps.weight':type=f32;ne=[256, 384, 2, 1];nb=[4, 1024, 393216, 786432]	src1='ffn_norm-1 (reshaped)':type=f32;ne=[256, 1, 64, 1];nb=[4, 1024, 1024, 65536]	src2='ffn_moe_topk-1':type=i32;ne=[1, 64, 1, 1];nb=[4, 8, 512, 512];strided
0.02.255.872 E [SYCL][PTR] src2 tensor=ffn_moe_topk-1 data=0x78d428383600 alloc=508 base=0xffffd55e47d88000 size=524288 end=0xffffd55e47e08000
[XMX-DEBUG] try_xmx_sorted_moe called: src0->type=0
[XMX-DEBUG] XMX MoE: forced=0 fused_enabled=0 tiled_enabled=1
[XMX-DEBUG] XMX caps: supported=1 int8=1
[XMX MoE] Only Q8_0/MXFP4 supported, got type 0
[XMX-MOE-REJECT] tensor=blk.1.ffn_gate_exps.weight type=f32 device=0 reason=type src0=[256,384,2,1] src1=[256,1,64,1] ids=[1,64,1,1]
[MoE FUSED] Batch 64 > 32, using oneDNN batching
[MoE] About to try COALESCED layout
[RESOLVE] data_handle empty for weight tensor 'blk.1.ffn_gate_exps.weight' device 0, falling through to cache lookup
[SYCL] weight cache lookup: tensor=0x1f2d54b0 name=blk.1.ffn_gate_exps.weight device=0
[RESOLVE] refusing composite MoE expert tensor materialization for placement-planned 'blk.1.ffn_gate_exps.weight' device 0
[MoE] Trying MMVQ with layout=2 for blk.1.ffn_gate_exps.weight
[MMVQ-ENTRY] src0=blk.1.ffn_gate_exps.weight type=0 forced_layout=2
[MMVQ] Batch 64 > threshold 32, routing to batched GEMM path
[MoE] MMVQ layout=2 returned false
[MoE] About to try SOA layout
[RESOLVE] data_handle empty for weight tensor 'blk.1.ffn_gate_exps.weight' device 0, falling through to cache lookup
[SYCL] weight cache lookup: tensor=0x1f2d54b0 name=blk.1.ffn_gate_exps.weight device=0
[RESOLVE] refusing composite MoE expert tensor materialization for placement-planned 'blk.1.ffn_gate_exps.weight' device 0
[MoE] Trying MMVQ with layout=1 for blk.1.ffn_gate_exps.weight
[MMVQ-ENTRY] src0=blk.1.ffn_gate_exps.weight type=0 forced_layout=1
[MMVQ] Batch 64 > threshold 32, routing to batched GEMM path
[MoE] MMVQ layout=1 returned false
[MoE] About to try AOS layout
[RESOLVE] data_handle empty for weight tensor 'blk.1.ffn_gate_exps.weight' device 0, falling through to cache lookup
[SYCL] weight cache lookup: tensor=0x1f2d54b0 name=blk.1.ffn_gate_exps.weight device=0
[RESOLVE] refusing composite MoE expert tensor materialization for placement-planned 'blk.1.ffn_gate_exps.weight' device 0
[MoE] Trying MMVQ with layout=0 for blk.1.ffn_gate_exps.weight
[MMVQ-ENTRY] src0=blk.1.ffn_gate_exps.weight type=0 forced_layout=0
[MMVQ] Batch 64 > threshold 32, routing to batched GEMM path
[MoE] MMVQ layout=0 returned false
[MoE] All MMVQ layouts failed, falling back to host routing
[MoE] GPU probe paths did not select type 0; resolving planner-owned MoE route
[MoE-1E] Cached IDs for layer 1 (GATE), 64 elements
[MoE] Using expert cache for blk.1.ffn_gate_exps.weight (layer=1358208392, host_buf=0, ptr_type=3)
[MOE-DISPATCH-LAYOUT] tensor=blk.1.ffn_gate_exps.weight device=0 route_layout=aos src0_layout=aos use_expert_cache=1 placement_planned=1 host_weights=0 plan=1 plan_host=0 has_override=0 ne12=64
[MOE-STAGE] tensor=blk.1.ffn_gate_exps.weight stage=after-dispatch-layout device=0 ne12=64
[MOE-STAGE] tensor=blk.1.ffn_gate_exps.weight stage=after-pointer-table device=0 planned_pp=1
[MOE-STAGE] tensor=blk.1.ffn_gate_exps.weight stage=after-route-diagnostics device=0 planned_pp=1
[MOE-STAGE] tensor=blk.1.ffn_gate_exps.weight stage=before-route-mode device=0 ne12=64 use_cache=1 plan=1 hybrid=1
[MOE-IDS] Staging ids to device (buffer_on_host=0, ptr_usm_type=3)
[MOE-STAGE] tensor=blk.1.ffn_gate_exps.weight stage=pp-rowmap-alloc-begin device=0 rows=64
[UNIFIED-ALLOC] zone alloc: dev=0 zone=4 size=0.0 MB ptr=0xffffd55e67c2c000
[MOE-STAGE] tensor=blk.1.ffn_gate_exps.weight stage=pp-rowmap-copy-begin device=0 rows=64 dst_handle=0
[MOE-STAGE] tensor=blk.1.ffn_gate_exps.weight stage=pp-rowmap-copy-submitted device=0 rows=64
[UNIFIED-ALLOC] zone alloc: dev=0 zone=4 size=0.1 MB ptr=0xffffd55e67c2c200
[UNIFIED-ALLOC] zone alloc: dev=0 zone=4 size=0.1 MB ptr=0xffffd55e67c44200
[MOE-AOS-REQUEST] tensor=blk.1.ffn_gate_exps.weight expert=0 current=0 planned=0 requested=aos reason=device-plan
[DEBUG-MULMAT] ENTER: src0=blk.1.ffn_gate_exps.weight src1=ffn_norm-1 (reshaped) dst=node_117
[SYCL][OP] call ggml_sycl_mul_mat: dst='node_117':type=f32;ne=[384, 6, 1, 1];nb=[4, 1536, 9216, 9216]	src0='blk.1.ffn_gate_exps.weight':type=f32;ne=[256, 384, 2, 1];nb=[4, 1024, 393216, 786432]	src1='ffn_norm-1 (reshaped)':type=f32;ne=[256, 1, 64, 1];nb=[4, 1024, 1024, 65536]
0.02.255.994 [XMXConfig] device=0: M=8 N=16 K_INT8=32 K_FP16=16 SLM=131072 nsm=256 supported=1 int8=1 fp16=1 double_buf=1 max_esimd_wg=64 nbarrier=0 esimd_dpas=1
E [SYCL][PTR] dst tensor=node_117 data=0xffffd55e67c2c200 alloc=9216 base=0xffffd55e47d88000 size=524288 end=0xffffd55e47e08000
[MUL_MAT] src0 device=0 ptr=0xffffd556b6885500 (tensor=blk.1.ffn_gate_exps.weight layout=0)
[MUL_MAT] dst device=0 ptr=0xffffd55e67c2c200 (tensor=node_117)
[SYCL][OP] call ggml_sycl_mul_mat done
[MOE-AOS-REQUEST] tensor=blk.1.ffn_gate_exps.weight expert=1 current=0 planned=0 requested=aos reason=device-plan
[DEBUG-MULMAT] ENTER: src0=blk.1.ffn_gate_exps.weight src1=ffn_norm-1 (reshaped) dst=node_117
[SYCL][OP] call ggml_sycl_mul_mat: dst='node_117':type=f32;ne=[384, 58, 1, 1];nb=[4, 1536, 89088, 89088]	src0='blk.1.ffn_gate_exps.weight':type=f32;ne=[256, 384, 2, 1];nb=[4, 1024, 393216, 786432]	src1='ffn_norm-1 (reshaped)':type=f32;ne=[256, 1, 64, 1];nb=[4, 1024, 1024, 65536]0.02.256.082 E [SYCL][PTR] dst tensor=node_117 data=0xffffd55e67c2e600 alloc=89088 base=0xffffd55e47d88000 size=524288 end=0xffffd55e47e08000

[XMXConfig] device=0: M=8 N=16 K_INT8=32 K_FP16=16 SLM=131072 nsm=256 supported=1 int8=1 fp16=1 double_buf=1 max_esimd_wg=64 nbarrier=0 esimd_dpas=1
[MUL_MAT] src0 device=0 ptr=0xffffd556b68e5500 (tensor=blk.1.ffn_gate_exps.weight layout=0)
[MUL_MAT] dst device=0 ptr=0xffffd55e67c2e600 (tensor=node_117)
[SYCL][OP] call ggml_sycl_mul_mat done
[SYCL][OP] call ggml_sycl_mul_mat_id done
[DEBUG-IMPL] Node 118/140: op=36 name=blk.1.ffn_gate_exps.scale (reshaped)
[DEBUG-IMPL] Node 119/140: op=20 name=node_119
[SYCL] weight cache lookup: tensor=0x269133d0 name=blk.1.ffn_gate_exps.scale (reshaped) device=0
ggml_sycl_get_data_ptr_slow: tensor=blk.1.ffn_gate_exps.scale (reshaped) view_src chain -> base=blk.1.ffn_gate_exps.scale, base->extra=0x229d73f0, base->data=0x78d2789b1a80, tensor->data=0x78d2789b1a80
ggml_sycl_get_data_ptr_slow: base=blk.1.ffn_gate_exps.scale data=0x78d2789b1a80 ptr_type=3
[SYCL] weight cache lookup: tensor=0x269133d0 name=blk.1.ffn_gate_exps.scale (reshaped) device=0
ggml_sycl_get_data_ptr_slow: tensor=blk.1.ffn_gate_exps.scale (reshaped), device=0, staging FAILED for non-device (type=0), using tensor->data=0x78d2789b1a80
ggml_sycl_get_data_ptr_slow: tensor=blk.1.ffn_gate_exps.scale (reshaped), device=0, using tensor->data=0x78d2789b1a80
[RESOLVE] data_handle empty for weight tensor 'blk.1.ffn_gate_exps.scale' device 0, falling through to cache lookup
[SYCL] weight cache lookup: tensor=0x1f2d7580 name=blk.1.ffn_gate_exps.scale device=0
[SYCL] weight cache lookup: tensor=0x1f2d7580 name=blk.1.ffn_gate_exps.scale device=0
ggml_sycl_get_data_ptr_slow: tensor=blk.1.ffn_gate_exps.scale, device=0, staging FAILED for non-device (type=0), using tensor->data=0x78d2789b1a80
ggml_sycl_get_data_ptr_slow: tensor=blk.1.ffn_gate_exps.scale, device=0, using tensor->data=0x78d2789b1a80
[SYCL] simple consumer routing declined: op=REPEAT dst=node_119 plan unavailable ctx=0
[SYCL][OP] call ggml_sycl_repeat: dst='node_119':type=f32;ne=[1, 2, 64, 1];nb=[4, 4, 8, 512]	src0='blk.1.ffn_gate_exps.scale (reshaped)':type=f32;ne=[1, 2, 1, 1];nb=[4, 4, 8, 8]
[SYCL] weight cache lookup: tensor=0x269133d0 name=blk.1.ffn_gate_exps.scale (reshaped) device=0
[SYCL] weight cache lookup: tensor=0x269133d0 name=blk.1.ffn_gate_exps.scale (reshaped) device=0
0.02.256.236 E [UNIFIED-CACHE] planned-mode runtime materialization rejected op=direct_stage_weight caller=direct_stage_weight model=0 name_hash=0x474cbb7ffa4be3cb aux=289 type=0 ne=[1,2,1,1] layout=0 graph_active=1
[SYCL-BINBCAST] staging raw host tensor=blk.1.ffn_gate_exps.scale (reshaped) bytes=8 device=0 src=0x78d2789b1a80 dst=0xffffe38f1ae00000
[BINBCAST-PTR] src0=node_119 src0_host=0xffffd55e47dc0400 src0_d=0xffffd55e47dc0400
[BINBCAST-PTR] src1=blk.1.ffn_gate_exps.scale (reshaped) src1_host=0x78d2789b1a80 src1_d=0xffffe38f1ae00000
[SYCL][OP] call ggml_sycl_repeat done
[DEBUG-IMPL] Node 120/140: op=40 name=node_120
[SYCL][OP] call ggml_sycl_get_rows: dst='node_120':type=f32;ne=[1, 1, 64, 1];nb=[4, 4, 4, 256]	src0='node_119':type=f32;ne=[1, 2, 64, 1];nb=[4, 4, 8, 512]	src1='ffn_moe_topk-1':type=i32;ne=[1, 64, 1, 1];nb=[4, 8, 512, 512];strided
[SYCL] weight cache lookup: tensor=0x26913560 name=node_119 device=0
0.02.256.301 E [SYCL][PTR] src1 tensor=ffn_moe_topk-1 data=0x78d428383600 alloc=508 base=0xffffd55e47d88000 size=524288 end=0xffffd55e47e08000
[SYCL][OP] call ggml_sycl_get_rows done
[DEBUG-IMPL] Node 121/140: op=7 name=ffn_moe_gate_scaled-1
[SYCL] simple consumer routing declined: op=MUL dst=ffn_moe_gate_scaled-1 local single-device plan ctx=0 target=0
[SYCL][OP] call ggml_sycl_mul: dst='ffn_moe_gate_scaled-1':type=f32;ne=[384, 1, 64, 1];nb=[4, 1536, 1536, 98304]	src0='node_117':type=f32;ne=[384, 1, 64, 1];nb=[4, 1536, 1536, 98304]	src1='node_120':type=f32;ne=[1, 1, 64, 1];nb=[4, 4, 4, 256]
[BINBCAST-PTR] src0=node_117 src0_host=0xffffd55e47da8400 src0_d=0xffffd55e47da8400
[BINBCAST-PTR] src1=node_120 src1_host=0xffffd55e47da8000 src1_d=0xffffd55e47da8000
[SYCL][OP] call ggml_sycl_mul done
[DEBUG-IMPL] Node 122/140: op=30 name=node_122
[RESOLVE] data_handle empty for weight tensor 'blk.1.ffn_up_exps.weight' device 0, falling through to cache lookup
[SYCL] weight cache lookup: tensor=0x1f2d57d0 name=blk.1.ffn_up_exps.weight device=0
[RESOLVE] refusing composite MoE expert tensor materialization for placement-planned 'blk.1.ffn_up_exps.weight' device 0
[SYCL][OP] call ggml_sycl_mul_mat_id: dst='node_122':type=f32;ne=[384, 1, 64, 1];nb=[4, 1536, 1536, 98304]	src0='blk.1.ffn_up_exps.weight':type=f32;ne=[256, 384, 2, 1];nb=[4, 1024, 393216, 786432]	src1='ffn_norm-1 (reshaped)':type=f32;ne=[256, 1, 64, 1];nb=[4, 1024, 1024, 65536]	src2='ffn_moe_topk-1':type=i32;ne=[1, 64, 1, 1];nb=[4, 8, 512, 512];strided
0.02.256.432 E [SYCL][PTR] src2 tensor=ffn_moe_topk-1 data=0x78d428383600 alloc=508 base=0xffffd55e47d88000 size=524288 end=0xffffd55e47e08000
[XMX-DEBUG] try_xmx_sorted_moe called: src0->type=0
[XMX-DEBUG] XMX MoE: forced=0 fused_enabled=0 tiled_enabled=1
[XMX-DEBUG] XMX caps: supported=1 int8=1
[XMX MoE] Only Q8_0/MXFP4 supported, got type 0
[XMX-MOE-REJECT] tensor=blk.1.ffn_up_exps.weight type=f32 device=0 reason=type src0=[256,384,2,1] src1=[256,1,64,1] ids=[1,64,1,1]
[MoE FUSED] Batch 64 > 32, using oneDNN batching
[MoE] About to try COALESCED layout
[RESOLVE] data_handle empty for weight tensor 'blk.1.ffn_up_exps.weight' device 0, falling through to cache lookup
[SYCL] weight cache lookup: tensor=0x1f2d57d0 name=blk.1.ffn_up_exps.weight device=0
[RESOLVE] refusing composite MoE expert tensor materialization for placement-planned 'blk.1.ffn_up_exps.weight' device 0
[MoE] Trying MMVQ with layout=2 for blk.1.ffn_up_exps.weight
[MMVQ-ENTRY] src0=blk.1.ffn_up_exps.weight type=0 forced_layout=2
[MMVQ] Batch 64 > threshold 32, routing to batched GEMM path
[MoE] MMVQ layout=2 returned false
[MoE] About to try SOA layout
[RESOLVE] data_handle empty for weight tensor 'blk.1.ffn_up_exps.weight' device 0, falling through to cache lookup
[SYCL] weight cache lookup: tensor=0x1f2d57d0 name=blk.1.ffn_up_exps.weight device=0
[RESOLVE] refusing composite MoE expert tensor materialization for placement-planned 'blk.1.ffn_up_exps.weight' device 0
[MoE] Trying MMVQ with layout=1 for blk.1.ffn_up_exps.weight
[MMVQ-ENTRY] src0=blk.1.ffn_up_exps.weight type=0 forced_layout=1
[MMVQ] Batch 64 > threshold 32, routing to batched GEMM path
[MoE] MMVQ layout=1 returned false
[MoE] About to try AOS layout
[RESOLVE] data_handle empty for weight tensor 'blk.1.ffn_up_exps.weight' device 0, falling through to cache lookup
[SYCL] weight cache lookup: tensor=0x1f2d57d0 name=blk.1.ffn_up_exps.weight device=0
[RESOLVE] refusing composite MoE expert tensor materialization for placement-planned 'blk.1.ffn_up_exps.weight' device 0
[MoE] Trying MMVQ with layout=0 for blk.1.ffn_up_exps.weight
[MMVQ-ENTRY] src0=blk.1.ffn_up_exps.weight type=0 forced_layout=0
[MMVQ] Batch 64 > threshold 32, routing to batched GEMM path
[MoE] MMVQ layout=0 returned false
[MoE] All MMVQ layouts failed, falling back to host routing
[MoE] GPU probe paths did not select type 0; resolving planner-owned MoE route
[MoE-1E] Reusing cached IDs for layer 1 (blk.1.ffn_up_exps.weight), 64 elements
[MoE] Using expert cache for blk.1.ffn_up_exps.weight (layer=903754414, host_buf=0, ptr_type=3)
[MOE-DISPATCH-LAYOUT] tensor=blk.1.ffn_up_exps.weight device=0 route_layout=aos src0_layout=aos use_expert_cache=1 placement_planned=1 host_weights=0 plan=1 plan_host=0 has_override=0 ne12=64
[MOE-STAGE] tensor=blk.1.ffn_up_exps.weight stage=after-dispatch-layout device=0 ne12=64
[MOE-STAGE] tensor=blk.1.ffn_up_exps.weight stage=after-pointer-table device=0 planned_pp=1
[MOE-STAGE] tensor=blk.1.ffn_up_exps.weight stage=after-route-diagnostics device=0 planned_pp=1
[MOE-STAGE] tensor=blk.1.ffn_up_exps.weight stage=before-route-mode device=0 ne12=64 use_cache=1 plan=1 hybrid=1
[MOE-IDS] Staging ids to device (buffer_on_host=0, ptr_usm_type=3)
[MOE-STAGE] tensor=blk.1.ffn_up_exps.weight stage=pp-rowmap-alloc-begin device=0 rows=64
[UNIFIED-ALLOC] zone alloc: dev=0 zone=4 size=0.0 MB ptr=0xffffd55e67c2c000
[MOE-STAGE] tensor=blk.1.ffn_up_exps.weight stage=pp-rowmap-copy-begin device=0 rows=64 dst_handle=0
[MOE-STAGE] tensor=blk.1.ffn_up_exps.weight stage=pp-rowmap-copy-submitted device=0 rows=64
[UNIFIED-ALLOC] zone alloc: dev=0 zone=4 size=0.1 MB ptr=0xffffd55e67c2c200
[UNIFIED-ALLOC] zone alloc: dev=0 zone=4 size=0.1 MB ptr=0xffffd55e67c44200
[MOE-AOS-REQUEST] tensor=blk.1.ffn_up_exps.weight expert=0 current=0 planned=0 requested=aos reason=device-plan
[DEBUG-MULMAT] ENTER: src0=blk.1.ffn_up_exps.weight src1=ffn_norm-1 (reshaped) dst=node_122
[SYCL][OP] call ggml_sycl_mul_mat: dst='node_122':type=f32;ne=[384, 6, 1, 1];nb=[4, 1536, 9216, 9216]	src0='blk.1.ffn_up_exps.weight':type=f32;ne=[256, 384, 2, 1];nb=[4, 1024, 393216, 786432]	src1='ffn_norm-1 (reshaped)':type=f32;ne=[256, 1, 64, 1];nb=[4, 1024, 1024, 65536]0.02.256.554 E [SYCL][PTR] dst tensor=node_122 data=0xffffd55e67c2c200 alloc=9216 base=0xffffd55e47d88000 size=524288 end=0xffffd55e47e08000

[XMXConfig] device=0: M=8 N=16 K_INT8=32 K_FP16=16 SLM=131072 nsm=256 supported=1 int8=1 fp16=1 double_buf=1 max_esimd_wg=64 nbarrier=0 esimd_dpas=1
[MUL_MAT] src0 device=0 ptr=0xffffd556b6945500 (tensor=blk.1.ffn_up_exps.weight layout=0)
[MUL_MAT] dst device=0 ptr=0xffffd55e67c2c200 (tensor=node_122)
[SYCL][OP] call ggml_sycl_mul_mat done
[MOE-AOS-REQUEST] tensor=blk.1.ffn_up_exps.weight expert=1 current=0 planned=0 requested=aos reason=device-plan
[DEBUG-MULMAT] ENTER: src0=blk.1.ffn_up_exps.weight src1=ffn_norm-1 (reshaped) dst=node_122
[SYCL][OP] call ggml_sycl_mul_mat: dst='node_122':type=f32;ne=[384, 58, 1, 1];nb=[4, 1536, 89088, 89088]	src0='blk.1.ffn_up_exps.weight':type=f32;ne=[256, 384, 2, 1];nb=[4, 1024, 393216, 786432]0.02.256.658 E [SYCL][PTR] dst tensor=node_122 data=0xffffd55e67c2e600 alloc=89088 base=0xffffd55e47d88000 size=524288 end=0xffffd55e47e08000
	src1='ffn_norm-1 (reshaped)':type=f32;ne=[256, 1, 64, 1];nb=[4, 1024, 1024, 65536]
[XMXConfig] device=0: M=8 N=16 K_INT8=32 K_FP16=16 SLM=131072 nsm=256 supported=1 int8=1 fp16=1 double_buf=1 max_esimd_wg=64 nbarrier=0 esimd_dpas=1
[MUL_MAT] src0 device=0 ptr=0xffffd556b69a5500 (tensor=blk.1.ffn_up_exps.weight layout=0)
[MUL_MAT] dst device=0 ptr=0xffffd55e67c2e600 (tensor=node_122)
[SYCL][OP] call ggml_sycl_mul_mat done
[SYCL][OP] call ggml_sycl_mul_mat_id done
[DEBUG-IMPL] Node 123/140: op=36 name=blk.1.ffn_up_exps.scale (reshaped)
[DEBUG-IMPL] Node 124/140: op=20 name=node_124
[SYCL] weight cache lookup: tensor=0x26912c00 name=blk.1.ffn_up_exps.scale (reshaped) device=0
ggml_sycl_get_data_ptr_slow: tensor=blk.1.ffn_up_exps.scale (reshaped) view_src chain -> base=blk.1.ffn_up_exps.scale, base->extra=0x22a4e320, base->data=0x78d2789b1ac0, tensor->data=0x78d2789b1ac0
ggml_sycl_get_data_ptr_slow: base=blk.1.ffn_up_exps.scale data=0x78d2789b1ac0 ptr_type=3
[SYCL] weight cache lookup: tensor=0x26912c00 name=blk.1.ffn_up_exps.scale (reshaped) device=0
ggml_sycl_get_data_ptr_slow: tensor=blk.1.ffn_up_exps.scale (reshaped), device=0, staging FAILED for non-device (type=0), using tensor->data=0x78d2789b1ac0
ggml_sycl_get_data_ptr_slow: tensor=blk.1.ffn_up_exps.scale (reshaped), device=0, using tensor->data=0x78d2789b1ac0
[RESOLVE] data_handle empty for weight tensor 'blk.1.ffn_up_exps.scale' device 0, falling through to cache lookup
[SYCL] weight cache lookup: tensor=0x1f2d78a0 name=blk.1.ffn_up_exps.scale device=0
[SYCL] weight cache lookup: tensor=0x1f2d78a0 name=blk.1.ffn_up_exps.scale device=0
ggml_sycl_get_data_ptr_slow: tensor=blk.1.ffn_up_exps.scale, device=0, staging FAILED for non-device (type=0), using tensor->data=0x78d2789b1ac0
ggml_sycl_get_data_ptr_slow: tensor=blk.1.ffn_up_exps.scale, device=0, using tensor->data=0x78d2789b1ac0
[SYCL] simple consumer routing declined: op=REPEAT dst=node_124 plan unavailable ctx=0
[SYCL][OP] call ggml_sycl_repeat: dst='node_124':type=f32;ne=[1, 2, 64, 1];nb=[4, 4, 8, 512]	src0='blk.1.ffn_up_exps.scale (reshaped)':type=f32;ne=[1, 2, 1, 1];nb=[4, 4, 8, 8]
[SYCL] weight cache lookup: tensor=0x26912c00 name=blk.1.ffn_up_exps.scale (reshaped) device=0
[SYCL] weight cache lookup: tensor=0x26912c00 name=blk.1.ffn_up_exps.scale (reshaped) device=0
0.02.256.789 E [UNIFIED-CACHE] planned-mode runtime materialization rejected op=direct_stage_weight caller=direct_stage_weight model=0 name_hash=0x9436376037e599f5 aux=294 type=0 ne=[1,2,1,1] layout=0 graph_active=1
[SYCL-BINBCAST] staging raw host tensor=blk.1.ffn_up_exps.scale (reshaped) bytes=8 device=0 src=0x78d2789b1ac0 dst=0xffffe38f1ae00000
[BINBCAST-PTR] src0=node_124 src0_host=0xffffd55e47d98000 src0_d=0xffffd55e47d98000
[BINBCAST-PTR] src1=blk.1.ffn_up_exps.scale (reshaped) src1_host=0x78d2789b1ac0 src1_d=0xffffe38f1ae00000
[SYCL][OP] call ggml_sycl_repeat done
[DEBUG-IMPL] Node 125/140: op=40 name=node_125
[SYCL][OP] call ggml_sycl_get_rows: dst='node_125':type=f32;ne=[1, 1, 64, 1];nb=[4, 4, 4, 256]	src0='node_124':type=f32;ne=[1, 2, 64, 1];nb=[4, 4, 8, 512]	src1='ffn_moe_topk-1':type=i32;ne=[1, 64, 1, 1];nb=[4, 8, 512, 512];strided
[SYCL] weight cache lookup: tensor=0x26912d90 name=node_124 device=0
0.02.256.838 E [SYCL][PTR] src1 tensor=ffn_moe_topk-1 data=0x78d428383600 alloc=508 base=0xffffd55e47d88000 size=524288 end=0xffffd55e47e08000
[SYCL][OP] call ggml_sycl_get_rows done
[DEBUG-IMPL] Node 126/140: op=7 name=ffn_moe_up_scaled-1
[SYCL] simple consumer routing declined: op=MUL dst=ffn_moe_up_scaled-1 local single-device plan ctx=0 target=0
[SYCL][OP] call ggml_sycl_mul: dst='ffn_moe_up_scaled-1':type=f32;ne=[384, 1, 64, 1];nb=[4, 1536, 1536, 98304]	src0='node_122':type=f32;ne=[384, 1, 64, 1];nb=[4, 1536, 1536, 98304]	src1='node_125':type=f32;ne=[1, 1, 64, 1];nb=[4, 4, 4, 256]
[BINBCAST-PTR] src0=node_122 src0_host=0xffffd55e47dc0400 src0_d=0xffffd55e47dc0400
[BINBCAST-PTR] src1=node_125 src1_host=0xffffd55e47d98200 src1_d=0xffffd55e47d98200
[SYCL][OP] call ggml_sycl_mul done
[DEBUG-IMPL] Node 127/140: op=97 name=ffn_moe_swiglu-1
[SYCL] simple consumer routing declined: op=GLU dst=ffn_moe_swiglu-1 local single-device plan ctx=0 target=0
[SYCL][OP] call ggml_sycl_swiglu: dst='ffn_moe_swiglu-1':type=f32;ne=[384, 1, 64, 1];nb=[4, 1536, 1536, 98304]	src0='ffn_moe_gate_scaled-1':type=f32;ne=[384, 1, 64, 1];nb=[4, 1536, 1536, 98304]
[SYCL][OP] call ggml_sycl_swiglu done
[DEBUG-IMPL] Node 128/140: op=30 name=node_128
[RESOLVE] data_handle empty for weight tensor 'blk.1.ffn_down_exps.weight' device 0, falling through to cache lookup
[SYCL] weight cache lookup: tensor=0x1f2d5640 name=blk.1.ffn_down_exps.weight device=0
[RESOLVE] refusing composite MoE expert tensor materialization for placement-planned 'blk.1.ffn_down_exps.weight' device 0
[SYCL][OP] call ggml_sycl_mul_mat_id: dst='node_128':type=f32;ne=[256, 1, 64, 1];nb=[4, 1024, 1024, 65536]	src0='blk.1.ffn_down_exps.weight':type=f32;ne=[384, 256, 2, 1];nb=[4, 1536, 393216, 786432]	src1='ffn_moe_swiglu-1':type=f32;ne=[384, 1, 64, 1];nb=[4, 1536, 1536, 98304]	src2='ffn_moe_topk-1':type=i32;ne=[1, 64, 1, 1];nb=[4, 8, 512, 512];strided
0.02.256.924 E [SYCL][PTR] src2 tensor=ffn_moe_topk-1 data=0x78d428383600 alloc=508 base=0xffffd55e47d88000 size=524288 end=0xffffd55e47e08000
[XMX-DEBUG] try_xmx_sorted_moe called: src0->type=0
[XMX-DEBUG] XMX MoE: forced=0 fused_enabled=0 tiled_enabled=1
[XMX-DEBUG] XMX caps: supported=1 int8=1
[XMX MoE] Only Q8_0/MXFP4 supported, got type 0
[XMX-MOE-REJECT] tensor=blk.1.ffn_down_exps.weight type=f32 device=0 reason=type src0=[384,256,2,1] src1=[384,1,64,1] ids=[1,64,1,1]
[MoE FUSED] Batch 64 > 32, using oneDNN batching
[MoE] About to try COALESCED layout
[RESOLVE] data_handle empty for weight tensor 'blk.1.ffn_down_exps.weight' device 0, falling through to cache lookup
[SYCL] weight cache lookup: tensor=0x1f2d5640 name=blk.1.ffn_down_exps.weight device=0
[RESOLVE] refusing composite MoE expert tensor materialization for placement-planned 'blk.1.ffn_down_exps.weight' device 0
[MoE] Trying MMVQ with layout=2 for blk.1.ffn_down_exps.weight
[MMVQ-ENTRY] src0=blk.1.ffn_down_exps.weight type=0 forced_layout=2
[MMVQ] Batch 64 > threshold 32, routing to batched GEMM path
[MoE] MMVQ layout=2 returned false
[MoE] About to try SOA layout
[RESOLVE] data_handle empty for weight tensor 'blk.1.ffn_down_exps.weight' device 0, falling through to cache lookup
[SYCL] weight cache lookup: tensor=0x1f2d5640 name=blk.1.ffn_down_exps.weight device=0
[RESOLVE] refusing composite MoE expert tensor materialization for placement-planned 'blk.1.ffn_down_exps.weight' device 0
[MoE] Trying MMVQ with layout=1 for blk.1.ffn_down_exps.weight
[MMVQ-ENTRY] src0=blk.1.ffn_down_exps.weight type=0 forced_layout=1
[MMVQ] Batch 64 > threshold 32, routing to batched GEMM path
[MoE] MMVQ layout=1 returned false
[MoE] About to try AOS layout
[RESOLVE] data_handle empty for weight tensor 'blk.1.ffn_down_exps.weight' device 0, falling through to cache lookup
[SYCL] weight cache lookup: tensor=0x1f2d5640 name=blk.1.ffn_down_exps.weight device=0
[RESOLVE] refusing composite MoE expert tensor materialization for placement-planned 'blk.1.ffn_down_exps.weight' device 0
[MoE] Trying MMVQ with layout=0 for blk.1.ffn_down_exps.weight
[MMVQ-ENTRY] src0=blk.1.ffn_down_exps.weight type=0 forced_layout=0
[MMVQ] Batch 64 > threshold 32, routing to batched GEMM path
[MoE] MMVQ layout=0 returned false
[MoE] All MMVQ layouts failed, falling back to host routing
[MoE] GPU probe paths did not select type 0; resolving planner-owned MoE route
[MoE-1E] Reusing cached IDs for layer 1 (blk.1.ffn_down_exps.weight), 64 elements
[MoE] Using expert cache for blk.1.ffn_down_exps.weight (layer=752070615, host_buf=0, ptr_type=3)
[MOE-DISPATCH-LAYOUT] tensor=blk.1.ffn_down_exps.weight device=0 route_layout=aos src0_layout=aos use_expert_cache=1 placement_planned=1 host_weights=0 plan=1 plan_host=0 has_override=0 ne12=64
[MOE-STAGE] tensor=blk.1.ffn_down_exps.weight stage=after-dispatch-layout device=0 ne12=64
[MOE-STAGE] tensor=blk.1.ffn_down_exps.weight stage=after-pointer-table device=0 planned_pp=1
[MOE-STAGE] tensor=blk.1.ffn_down_exps.weight stage=after-route-diagnostics device=0 planned_pp=1
[MOE-STAGE] tensor=blk.1.ffn_down_exps.weight stage=before-route-mode device=0 ne12=64 use_cache=1 plan=1 hybrid=1
[MOE-IDS] Staging ids to device (buffer_on_host=0, ptr_usm_type=3)
[MOE-STAGE] tensor=blk.1.ffn_down_exps.weight stage=pp-rowmap-alloc-begin device=0 rows=64
[UNIFIED-ALLOC] zone alloc: dev=0 zone=4 size=0.0 MB ptr=0xffffd55e67c2c000
[MOE-STAGE] tensor=blk.1.ffn_down_exps.weight stage=pp-rowmap-copy-begin device=0 rows=64 dst_handle=0
[MOE-STAGE] tensor=blk.1.ffn_down_exps.weight stage=pp-rowmap-copy-submitted device=0 rows=64
[UNIFIED-ALLOC] zone alloc: dev=0 zone=4 size=0.1 MB ptr=0xffffd55e67c2c200
[UNIFIED-ALLOC] zone alloc: dev=0 zone=4 size=0.1 MB ptr=0xffffd55e67c3c200
[MOE-AOS-REQUEST] tensor=blk.1.ffn_down_exps.weight expert=0 current=0 planned=0 requested=aos reason=device-plan
[DEBUG-MULMAT] ENTER: src0=blk.1.ffn_down_exps.weight src1=ffn_moe_swiglu-1 dst=node_128
[SYCL][OP] call ggml_sycl_mul_mat: dst='node_128':type=f32;ne=[256, 6, 1, 1];nb=[4, 1024, 6144, 6144]	src0='blk.1.ffn_down_exps.weight':type=f32;ne=[384, 256, 2, 1];nb=[4, 1536, 393216, 786432]	src1='ffn_moe_swiglu-1':type=f32;ne=[384, 1, 64, 1];nb=[4, 1536, 1536, 98304]
0.02.257.033 E [SYCL][PTR] dst tensor=node_128 data=0xffffd55e67c2c200 alloc=6144 base=0xffffd55e47d88000 size=524288 end=0xffffd55e47e08000
[XMXConfig] device=0: M=8 N=16 K_INT8=32 K_FP16=16 SLM=131072 nsm=256 supported=1 int8=1 fp16=1 double_buf=1 max_esimd_wg=64 nbarrier=0 esimd_dpas=1
[MUL_MAT] src0 device=0 ptr=0xffffd556b6a05500 (tensor=blk.1.ffn_down_exps.weight layout=0)
[MUL_MAT] dst device=0 ptr=0xffffd55e67c2c200 (tensor=node_128)
[SYCL][OP] call ggml_sycl_mul_mat done
[MOE-AOS-REQUEST] tensor=blk.1.ffn_down_exps.weight expert=1 current=0 planned=0 requested=aos reason=device-plan
[DEBUG-MULMAT] ENTER: src0=blk.1.ffn_down_exps.weight src1=ffn_moe_swiglu-1 dst=node_128
[SYCL][OP] call ggml_sycl_mul_mat: dst='node_128':type=f32;ne=[256, 58, 1, 1];nb=[4, 1024, 59392, 59392]	src0='blk.1.ffn_down_exps.weight':type=f32;ne=[384, 256, 2, 1];nb=[4, 1536, 393216, 786432]	src1='ffn_moe_swiglu-1':type=f32;ne=[384, 1, 64, 1];nb=[4, 1536, 1536, 98304]
0.02.257.227 E [SYCL][PTR] dst tensor=node_128 data=0xffffd55e67c2da00 alloc=59392 base=0xffffd55e47d88000 size=524288 end=0xffffd55e47e08000
[XMXConfig] device=0: M=8 N=16 K_INT8=32 K_FP16=16 SLM=131072 nsm=256 supported=1 int8=1 fp16=1 double_buf=1 max_esimd_wg=64 nbarrier=0 esimd_dpas=1
[MUL_MAT] src0 device=0 ptr=0xffffd556b6a65500 (tensor=blk.1.ffn_down_exps.weight layout=0)
[MUL_MAT] dst device=0 ptr=0xffffd55e67c2da00 (tensor=node_128)
[SYCL][OP] call ggml_sycl_mul_mat done
[SYCL][OP] call ggml_sycl_mul_mat_id done
[DEBUG-IMPL] Node 129/140: op=36 name=blk.1.ffn_down_exps.scale (reshaped)
[DEBUG-IMPL] Node 130/140: op=20 name=node_130
[SYCL] weight cache lookup: tensor=0x26913d30 name=blk.1.ffn_down_exps.scale (reshaped) device=0
ggml_sycl_get_data_ptr_slow: tensor=blk.1.ffn_down_exps.scale (reshaped) view_src chain -> base=blk.1.ffn_down_exps.scale, base->extra=0x22a12ba0, base->data=0x78d2789b1aa0, tensor->data=0x78d2789b1aa0
ggml_sycl_get_data_ptr_slow: base=blk.1.ffn_down_exps.scale data=0x78d2789b1aa0 ptr_type=3
[SYCL] weight cache lookup: tensor=0x26913d30 name=blk.1.ffn_down_exps.scale (reshaped) device=0
ggml_sycl_get_data_ptr_slow: tensor=blk.1.ffn_down_exps.scale (reshaped), device=0, staging FAILED for non-device (type=0), using tensor->data=0x78d2789b1aa0
ggml_sycl_get_data_ptr_slow: tensor=blk.1.ffn_down_exps.scale (reshaped), device=0, using tensor->data=0x78d2789b1aa0
[RESOLVE] data_handle empty for weight tensor 'blk.1.ffn_down_exps.scale' device 0, falling through to cache lookup
[SYCL] weight cache lookup: tensor=0x1f2d7710 name=blk.1.ffn_down_exps.scale device=0
[SYCL] weight cache lookup: tensor=0x1f2d7710 name=blk.1.ffn_down_exps.scale device=0
ggml_sycl_get_data_ptr_slow: tensor=blk.1.ffn_down_exps.scale, device=0, staging FAILED for non-device (type=0), using tensor->data=0x78d2789b1aa0
ggml_sycl_get_data_ptr_slow: tensor=blk.1.ffn_down_exps.scale, device=0, using tensor->data=0x78d2789b1aa0
[SYCL] simple consumer routing declined: op=REPEAT dst=node_130 plan unavailable ctx=0
[SYCL][OP] call ggml_sycl_repeat: dst='node_130':type=f32;ne=[1, 2, 64, 1];nb=[4, 4, 8, 512]	src0='blk.1.ffn_down_exps.scale (reshaped)':type=f32;ne=[1, 2, 1, 1];nb=[4, 4, 8, 8]
[SYCL] weight cache lookup: tensor=0x26913d30 name=blk.1.ffn_down_exps.scale (reshaped) device=0
[SYCL] weight cache lookup: tensor=0x26913d30 name=blk.1.ffn_down_exps.scale (reshaped) device=0
0.02.257.379 E [UNIFIED-CACHE] planned-mode runtime materialization rejected op=direct_stage_weight caller=direct_stage_weight model=0 name_hash=0x2f51d65e2e10e7e6 aux=299 type=0 ne=[1,2,1,1] layout=0 graph_active=1
[SYCL-BINBCAST] staging raw host tensor=blk.1.ffn_down_exps.scale (reshaped) bytes=8 device=0 src=0x78d2789b1aa0 dst=0xffffe38f1ae00000
[BINBCAST-PTR] src0=node_130 src0_host=0xffffd55e47da8400 src0_d=0xffffd55e47da8400
[BINBCAST-PTR] src1=blk.1.ffn_down_exps.scale (reshaped) src1_host=0x78d2789b1aa0 src1_d=0xffffe38f1ae00000
[SYCL][OP] call ggml_sycl_repeat done
[DEBUG-IMPL] Node 131/140: op=40 name=node_131
[SYCL][OP] call ggml_sycl_get_rows: dst='node_131':type=f32;ne=[1, 1, 64, 1];nb=[4, 4, 4, 256]	src0='node_130':type=f32;ne=[1, 2, 64, 1];nb=[4, 4, 8, 512]	src1='ffn_moe_topk-1':type=i32;ne=[1, 64, 1, 1];nb=[4, 8, 512, 512];strided
0.02.257.496 E [SYCL][PTR] src1 tensor=ffn_moe_topk-1 data=0x78d428383600 alloc=508 base=0xffffd55e47d88000 size=524288 end=0xffffd55e47e08000
[SYCL] weight cache lookup: tensor=0x26913ec0 name=node_130 device=0
[SYCL][OP] call ggml_sycl_get_rows done
[DEBUG-IMPL] Node 132/140: op=7 name=ffn_moe_down_scaled-1
[SYCL] simple consumer routing declined: op=MUL dst=ffn_moe_down_scaled-1 local single-device plan ctx=0 target=0
[SYCL][OP] call ggml_sycl_mul: dst='ffn_moe_down_scaled-1':type=f32;ne=[256, 1, 64, 1];nb=[4, 1024, 1024, 65536]	src0='node_128':type=f32;ne=[256, 1, 64, 1];nb=[4, 1024, 1024, 65536]	src1='node_131':type=f32;ne=[1, 1, 64, 1];nb=[4, 4, 4, 256]
[BINBCAST-PTR] src0=node_128 src0_host=0xffffd55e47d98000 src0_d=0xffffd55e47d98000
[BINBCAST-PTR] src1=node_131 src1_host=0xffffd55e47da8000 src1_d=0xffffd55e47da8000
[SYCL][OP] call ggml_sycl_mul done
[DEBUG-IMPL] Node 133/140: op=7 name=ffn_moe_weighted-1
[SYCL] simple consumer routing declined: op=MUL dst=ffn_moe_weighted-1 local single-device plan ctx=0 target=0
[SYCL][OP] call ggml_sycl_mul: dst='ffn_moe_weighted-1':type=f32;ne=[256, 1, 64, 1];nb=[4, 1024, 1024, 65536]	src0='ffn_moe_down_scaled-1':type=f32;ne=[256, 1, 64, 1];nb=[4, 1024, 1024, 65536]	src1='ffn_moe_weights_norm-1 (reshaped)':type=f32;ne=[1, 1, 64, 1];nb=[4, 4, 4, 256]
[BINBCAST-PTR] src0=ffn_moe_down_scaled-1 src0_host=0xffffd55e47d98000 src0_d=0xffffd55e47d98000
[BINBCAST-PTR] src1=ffn_moe_weights_norm-1 (reshaped) src1_host=0xffffd55e47da8100 src1_d=0xffffd55e47da8100
[SYCL][OP] call ggml_sycl_mul done
[DEBUG-IMPL] Node 134/140: op=37 name=ffn_moe_weighted-1 (view)
[DEBUG-IMPL] Node 135/140: op=35 name=ffn_moe_out-1
[SYCL] simple consumer routing declined: op=CONT dst=ffn_moe_out-1 local single-device plan ctx=0 target=0
[SYCL][OP] call ggml_sycl_dup: dst='ffn_moe_out-1':type=f32;ne=[256, 64, 1, 1];nb=[4, 1024, 65536, 65536]	src0='ffn_moe_weighted-1 (view)':type=f32;ne=[256, 64, 1, 1];nb=[4, 1024, 65536, 65536]
[SYCL][OP] call ggml_sycl_cpy: dst='ffn_moe_out-1':type=f32;ne=[256, 64, 1, 1];nb=[4, 1024, 65536, 65536]	src0='ffn_moe_weighted-1 (view)':type=f32;ne=[256, 64, 1, 1];nb=[4, 1024, 65536, 65536]
[CPY] device=0 main_stream=0x1d26bec0 tp_queue=(nil) (match=0)
[CPY DEBUG] device=0 src0=ffn_moe_weighted-1 (view)(0xffffd55e47d98000, usm=1) -> src1=ffn_moe_out-1(0xffffd55e47da8000, usm=1) size=65536
[CPY STAGING CHECK] device=0 needs_staging=0 src0_type=1 dst_is_device=1
[CPY device=0] memcpy path: 0xffffd55e47d98000 -> 0xffffd55e47da8000 (65536 bytes)
[CPY device=0] memcpy submitted
[SYCL][OP] call ggml_sycl_cpy done
[SYCL][OP] call ggml_sycl_dup done
[DEBUG-IMPL] Node 136/140: op=2 name=l_out-1
[DEBUG-IMPL] Node 138/140: op=7 name=result_norm
[SYCL] simple consumer routing declined: op=MUL dst=result_norm local single-device plan ctx=0 target=0
[SYCL][OP] call ggml_sycl_mul: dst='result_norm':type=f32;ne=[256, 64, 1, 1];nb=[4, 1024, 65536, 65536]	src0='norm':type=f32;ne=[256, 64, 1, 1];nb=[4, 1024, 65536, 65536]	src1='output_norm.weight':type=f32;ne=[256, 1, 1, 1];nb=[4, 1024, 1024, 1024]
[SYCL-MUL-DBG] device=0 graph_recording=0 dst=result_norm src0=norm src1=output_norm.weight src0_ptr=0xffffd55e47da8000 src1_ptr=0xffffd556b6ae5500 dst_ptr=0xffffd55e47da8000 src0_layout=none src1_layout=aos last_graph_event=0 has_barrier=0 exec_graph=0 graph_nodes=0 graph_decode=0
[BINBCAST-PTR] src0=norm src0_host=0xffffd55e47da8000 src0_d=0xffffd55e47da8000
[BINBCAST-PTR] src1=output_norm.weight src1_host=0x78d27830d340 src1_d=0xffffd556b6ae5500
[SYCL][OP] call ggml_sycl_mul done
[DEBUG-IMPL] Node 139/140: op=29 name=result_output
[SYCL] simple consumer routing declined: op=MUL_MAT dst=result_output plan unavailable ctx=0
[DEBUG-MULMAT] ENTER: src0=output.weight src1=result_norm dst=result_output
[SYCL][OP] call ggml_sycl_mul_mat: dst='result_output':type=f32;ne=[128, 64, 1, 1];nb=[4, 512, 32768, 32768]	src0='output.weight':type=f32;ne=[256, 128, 1, 1];nb=[4, 1024, 131072, 131072]	src1='result_norm':type=f32;ne=[256, 64, 1, 1];nb=[4, 1024, 65536, 65536]
[XMXConfig] device=0: M=8 N=16 K_INT8=32 K_FP16=16 SLM=131072 nsm=256 supported=1 int8=1 fp16=1 double_buf=1 max_esimd_wg=64 nbarrier=0 esimd_dpas=1
[SYCL] output.weight dispatch kernel=ONEDNN_AOS layout=0 batch=64
[MUL_MAT] src0 device=0 ptr=0xffffd556b6ae6900 (tensor=output.weight layout=0)
[MUL_MAT] dst device=0 ptr=0xffffd55e47d88000 (tensor=result_output)
[SYCL] weight cache lookup: tensor=0x1f2d2a80 name=output.weight device=0
[SYCL][OP] call ggml_sycl_mul_mat done
[GRAPH-UNPIN] Released 0 graph MoE expert mem_handle leases
[GRAPH-UNPIN-WEIGHTS] Released 0 graph weight mem_handle leases
[SYCL] call ggml_backend_sycl_get_tensor_async: tensor='result_output':type=f32;ne=[128, 64, 1, 1];nb=[4, 512, 32768, 32768] size=32768 offset=0
[SYCL] call ggml_backend_sycl_synchronize
[SYCL] call ggml_backend_sycl_synchronize
[SYCL] call ggml_backend_sycl_synchronize
[SYCL] call ggml_backend_sycl_synchronize
[SYCL] call ggml_backend_sycl_synchronize
[SYCL] call ggml_backend_sycl_synchronize
[SYCL] call ggml_backend_sycl_synchronize
[SYCL] call ggml_backend_sycl_synchronize
[SYCL] call ggml_backend_sycl_synchronize
[SYCL] call ggml_backend_sycl_synchronize
[SYCL] call ggml_backend_sycl_synchronize
[SYCL] call ggml_backend_sycl_synchronize
[SYCL] call ggml_backend_sycl_synchronize
[SYCL] call ggml_backend_sycl_synchronize
[SYCL] call ggml_backend_sycl_synchronize
[SYCL] call ggml_backend_sycl_synchronize
[SYCL] call ggml_backend_sycl_synchronize
[SYCL] call ggml_backend_sycl_synchronize
[SYCL] call ggml_backend_sycl_synchronize
[SYCL] call ggml_backend_sycl_synchronize
[SYCL] call ggml_backend_sycl_synchronize
[SYCL] call ggml_backend_sycl_synchronize
[SYCL] call ggml_backend_sycl_synchronize
[SYCL] call ggml_backend_sycl_synchronize
[SYCL] call ggml_backend_sycl_synchronize
[SYCL] call ggml_backend_sycl_synchronize
[SYCL] call ggml_backend_sycl_synchronize
[SYCL] call ggml_backend_sycl_synchronize
[SYCL] call ggml_backend_sycl_synchronize
[SYCL] call ggml_backend_sycl_synchronize
[SYCL] call ggml_backend_sycl_synchronize
[SYCL] call ggml_backend_sycl_synchronize
[SYCL] call ggml_backend_sycl_synchronize
[SYCL] call ggml_backend_sycl_synchronize
[SYCL] call ggml_backend_sycl_synchronize
[SYCL] call ggml_backend_sycl_synchronize
[SYCL] call ggml_backend_sycl_synchronize
[SYCL] call ggml_backend_sycl_synchronize
[SYCL] call ggml_backend_sycl_synchronize
[SYCL] call ggml_backend_sycl_synchronize
[SYCL] call ggml_backend_sycl_synchronize
[SYCL] call ggml_backend_sycl_synchronize
[SYCL] call ggml_backend_sycl_synchronize
[SYCL] call ggml_backend_sycl_synchronize
[SYCL] call ggml_backend_sycl_synchronize
[SYCL] call ggml_backend_sycl_synchronize
[SYCL] call ggml_backend_sycl_synchronize
[SYCL] call ggml_backend_sycl_synchronize
[SYCL] call ggml_backend_sycl_synchronize
[SYCL] call ggml_backend_sycl_synchronize
[SYCL] call ggml_backend_sycl_synchronize
[SYCL] call ggml_backend_sycl_synchronize
[SYCL] call ggml_backend_sycl_synchronize
[SYCL] call ggml_backend_sycl_synchronize
[SYCL] call ggml_backend_sycl_synchronize
[SYCL] call ggml_backend_sycl_synchronize
[SYCL] call ggml_backend_sycl_synchronize
[SYCL] call ggml_backend_sycl_synchronize
[SYCL] call ggml_backend_sycl_synchronize
[SYCL] call ggml_backend_sycl_synchronize
[SYCL] call ggml_backend_sycl_synchronize
[SYCL] call ggml_backend_sycl_synchronize
[SYCL] call ggml_backend_sycl_synchronize
[SYCL] call ggml_backend_sycl_synchronize
[SYCL] call ggml_backend_sycl_synchronize
[SYCL] call ggml_backend_sycl_synchronize
[SYCL] call ggml_backend_sycl_synchronize
[SYCL] call ggml_backend_sycl_synchronize
[SYCL] call ggml_backend_sycl_synchronize
[SYCL] call ggml_backend_sycl_synchronize
[SYCL] call ggml_backend_sycl_synchronize
[SYCL] call ggml_backend_sycl_synchronize
[SYCL] call ggml_backend_sycl_synchronize
[SYCL] call ggml_backend_sycl_synchronize
[SYCL] call ggml_backend_sycl_synchronize
[SYCL] call ggml_backend_sycl_synchronize
[SYCL] call ggml_backend_sycl_synchronize
[SYCL] call ggml_backend_sycl_synchronize
[SYCL] call ggml_backend_sycl_synchronize
[SYCL] call ggml_backend_sycl_synchronize
[SYCL] call ggml_backend_sycl_synchronize
[SYCL] call ggml_backend_sycl_synchronize
[SYCL] call ggml_backend_sycl_synchronize
[SYCL] call ggml_backend_sycl_synchronize
[SYCL] call ggml_backend_sycl_synchronize
[SYCL] call ggml_backend_sycl_synchronize
[SYCL] call ggml_backend_sycl_synchronize
[SYCL] call ggml_backend_sycl_synchronize
[SYCL] call ggml_backend_sycl_synchronize
[SYCL] call ggml_backend_sycl_synchronize
[SYCL] call ggml_backend_sycl_synchronize
[SYCL] call ggml_backend_sycl_synchronize
[SYCL] call ggml_backend_sycl_synchronize
[SYCL] call ggml_backend_sycl_synchronize
[SYCL] call ggml_backend_sycl_synchronize
[SYCL] call ggml_backend_sycl_synchronize
[SYCL] call ggml_backend_sycl_synchronize
[SYCL] call ggml_backend_sycl_synchronize
[SYCL] call ggml_backend_sycl_synchronize
[SYCL] call ggml_backend_sycl_synchronize
[SYCL] call ggml_backend_sycl_synchronize
[SYCL] call ggml_backend_sycl_synchronize
[SYCL] call ggml_backend_sycl_synchronize
[SYCL] call ggml_backend_sycl_synchronize
[SYCL] call ggml_backend_sycl_synchronize
[SYCL] call ggml_backend_sycl_synchronize
[SYCL] call ggml_backend_sycl_synchronize
[SYCL] call ggml_backend_sycl_synchronize
[SYCL] call ggml_backend_sycl_synchronize
[SYCL] call ggml_backend_sycl_synchronize
[SYCL] call ggml_backend_sycl_synchronize
[SYCL] call ggml_backend_sycl_synchronize
[SYCL] call ggml_backend_sycl_synchronize
[SYCL] call ggml_backend_sycl_synchronize
[SYCL] call ggml_backend_sycl_synchronize
[SYCL] call ggml_backend_sycl_synchronize
[SYCL] call ggml_backend_sycl_synchronize
[SYCL] call ggml_backend_sycl_synchronize
[SYCL] call ggml_backend_sycl_synchronize
[SYCL] call ggml_backend_sycl_synchronize
[SYCL] call ggml_backend_sycl_synchronize
[SYCL] call ggml_backend_sycl_synchronize
[SYCL] call ggml_backend_sycl_synchronize
[SYCL] call ggml_backend_sycl_synchronize
[SYCL] call ggml_backend_sycl_synchronize
[SYCL] call ggml_backend_sycl_synchronize
[SYCL] call ggml_backend_sycl_synchronize
[SYCL] call ggml_backend_sycl_synchronize
[SYCL] call ggml_backend_sycl_synchronize
[SYCL-GRAPH] clearing active graph state (context-drain)
[MEM-HANDLE] released 0 command-graph retained leases
[POOL-LEG] released 0 graph-retained scratch mem_handles
[GRAPH-UNPIN] Released 0 graph MoE expert mem_handle leases
[GRAPH-UNPIN-WEIGHTS] Released 0 graph weight mem_handle leases
[SYCL-GRAPH] clearing active graph state (context-drain)
[MEM-HANDLE] released 0 command-graph retained leases
[POOL-LEG] released 0 graph-retained scratch mem_handles
[GRAPH-UNPIN] Released 0 graph MoE expert mem_handle leases
[GRAPH-UNPIN-WEIGHTS] Released 0 graph weight mem_handle leases
SYCL TP: Freed all persistent FFN buffers via unified-cache handles
SYCL TP: Freed all persistent attention buffers
[MEM-HANDLE] released 0 command-graph retained leases
[POOL-LEG] released 0 graph-retained scratch mem_handles
[GRAPH-UNPIN] Released 0 graph MoE expert mem_handle leases
[GRAPH-UNPIN-WEIGHTS] Released 0 graph weight mem_handle leases
[POOL-LEG] released 0 graph-retained scratch mem_handles
[UNIFIED-CACHE] reclaim_weight_entries(model-teardown) released direct-stage mirror rows before the reclaim scan: weights=0 experts=0
[UNIFIED-CACHE] reclaim weight entries(model-teardown): erased 0 unpinned 0
[UNIFIED-CACHE] reclaim_weight_entries preserving leased model weight model=4 name_hash=0x53bcfe044f0d7ab3 layout=0 leases=1 owners=0x00000000 site=extra->data_handle[]/preload_model_weights(dense-pin)
[UNIFIED-CACHE] reclaim_weight_entries preserving leased model weight model=4 name_hash=0x521b1f4d40cd780a layout=0 leases=1 owners=0x00000000 site=extra->data_handle[]/preload_model_weights(dense-pin)
[UNIFIED-CACHE] reclaim_weight_entries preserving leased model weight model=4 name_hash=0x28e162c724839a layout=0 leases=1 owners=0x00000000 site=extra->data_handle[]/preload_model_weights(dense-pin)
[UNIFIED-CACHE] reclaim_weight_entries preserving leased model weight model=4 name_hash=0xcaf5b0fcacce6aea layout=0 leases=1 owners=0x00000000 site=extra->data_handle[]/preload_model_weights(dense-pin)
[UNIFIED-CACHE] reclaim_weight_entries preserving leased model weight model=4 name_hash=0xe5a443ece75be10e layout=0 leases=1 owners=0x00000000 site=extra->data_handle[]/preload_model_weights(dense-pin)
[UNIFIED-CACHE] reclaim_weight_entries preserving leased model weight model=4 name_hash=0xde9943e34534adc3 layout=0 leases=1 owners=0x00000000 site=extra->data_handle[]/preload_model_weights(dense-pin)
[UNIFIED-CACHE] reclaim_weight_entries preserving leased model weight model=4 name_hash=0x213f84667dda1dba layout=0 leases=1 owners=0x00000000 site=extra->data_handle[]/preload_model_weights(dense-pin)
[UNIFIED-CACHE] reclaim_weight_entries preserving leased model weight model=4 name_hash=0xc65810b3308e2a65 layout=0 leases=1 owners=0x00000000 site=extra->data_handle[]/preload_model_weights(dense-pin)
[UNIFIED-CACHE] reclaim_weight_entries preserving leased model weight model=4 name_hash=0xd04126154633d92a layout=0 leases=1 owners=0x00000000 site=extra->data_handle[]/preload_model_weights(dense-pin)
[UNIFIED-CACHE] reclaim_weight_entries preserving leased model weight model=4 name_hash=0xeb54b67e9f099c46 layout=0 leases=1 owners=0x00000000 site=extra->data_handle[]/preload_model_weights(dense-pin)
[UNIFIED-CACHE] reclaim_weight_entries preserving leased model weight model=4 name_hash=0xb235334776d9c72d layout=0 leases=1 owners=0x00000000 site=extra->data_handle[]/preload_model_weights(dense-pin)
[UNIFIED-CACHE] reclaim_weight_entries preserving leased model weight model=4 name_hash=0xa7d836df53ff49d4 layout=0 leases=1 owners=0x00000000 site=extra->data_handle[]/preload_model_weights(dense-pin)
[UNIFIED-CACHE] reclaim_weight_entries preserving leased model weight model=4 name_hash=0xb09204520b9c97f0 layout=0 leases=1 owners=0x00000000 site=extra->data_handle[]/preload_model_weights(dense-pin)
[UNIFIED-CACHE] reclaim_weight_entries preserving leased model weight model=4 name_hash=0x4e1cae023ae18c67 layout=0 leases=1 owners=0x00000000 site=extra->data_handle[]/preload_model_weights(dense-pin)
[UNIFIED-CACHE] reclaim_weight_entries preserving leased model weight model=4 name_hash=0x47466764d37e580d layout=0 leases=1 owners=0x00000000 site=extra->data_handle[]/preload_model_weights(dense-pin)
[UNIFIED-CACHE] reclaim_weight_entries preserving leased model weight model=4 name_hash=0xae8ba76e3b151d9e layout=0 leases=1 owners=0x00000000 site=extra->data_handle[]/preload_model_weights(dense-pin)
[UNIFIED-CACHE] reclaim_weight_entries preserving leased model weight model=4 name_hash=0x6bbc0b27530c18fc layout=0 leases=1 owners=0x00000000 site=extra->data_handle[]/preload_model_weights(dense-pin)
[UNIFIED-CACHE] reclaim_weight_entries preserving leased model weight model=4 name_hash=0xe34f3e7aafdba3a5 layout=0 leases=1 owners=0x00000000 site=extra->data_handle[]/preload_model_weights(dense-pin)
[UNIFIED-CACHE] reclaim_weight_entries preserving leased model weight model=4 name_hash=0x3779a6d76e4c7ee2 layout=0 leases=1 owners=0x00000000 site=extra->data_handle[]/preload_model_weights(dense-pin)
[UNIFIED-CACHE] reclaim_weight_entries preserving leased model weight model=4 name_hash=0x6059a543aef7dbb7 layout=0 leases=1 owners=0x00000000 site=extra->data_handle[]/preload_model_weights(dense-pin)
[UNIFIED-CACHE] reclaim_weight_entries preserving leased model weight model=4 name_hash=0xab8cfe3bf6a50b9c layout=0 leases=1 owners=0x00000000 site=extra->data_handle[]/preload_model_weights(dense-pin)
[UNIFIED-CACHE] reclaim_weight_entries preserving leased model weight model=4 name_hash=0x3a931c14a53d5960 layout=0 leases=1 owners=0x00000000 site=extra->data_handle[]/preload_model_weights(dense-pin)
[UNIFIED-CACHE] reclaim_weight_entries preserving leased model weight model=4 name_hash=0x38771636bce5a702 layout=0 leases=1 owners=0x00000000 site=extra->data_handle[]/preload_model_weights(dense-pin)
[UNIFIED-CACHE] reclaim_weight_entries preserving leased model weight model=4 name_hash=0x15380309041992d9 layout=0 leases=1 owners=0x00000000 site=extra->data_handle[]/preload_model_weights(dense-pin)
[UNIFIED-CACHE] reclaim_weight_entries preserving leased model weight model=4 name_hash=0xe9ca1d4053ae41f9 layout=0 leases=1 owners=0x00000000 site=extra->data_handle[]/preload_model_weights(dense-pin)
[UNIFIED-CACHE] reclaim_weight_entries preserving leased model weight model=4 name_hash=0x348b7dd451046514 layout=0 leases=1 owners=0x00000000 site=extra->data_handle[]/preload_model_weights(dense-pin)
[UNIFIED-CACHE] reclaim_weight_entries preserving leased model weight model=4 name_hash=0xc0bcce7fc727feb8 layout=0 leases=1 owners=0x00000000 site=extra->data_handle[]/preload_model_weights(dense-pin)
[UNIFIED-CACHE] reclaim_weight_entries preserving leased model weight model=4 name_hash=0xad045d15402c08d3 layout=0 leases=1 owners=0x00000000 site=extra->data_handle[]/preload_model_weights(dense-pin)
[UNIFIED-CACHE] reclaim_weight_entries preserving leased model weight model=0 name_hash=0xfa2cebe23c7ce880 layout=0 leases=2 owners=0x00000001 site=mem_handle/copy-assign
[UNIFIED-CACHE] reclaim_weight_entries preserving leased model weight model=0 name_hash=0x81cb139cf9389c1a layout=0 leases=2 owners=0x00000001 site=mem_handle/copy-assign
[UNIFIED-CACHE] reclaim_weight_entries preserving leased model weight model=0 name_hash=0x79309297d69c2863 layout=0 leases=2 owners=0x00000001 site=mem_handle/copy-assign
[UNIFIED-CACHE] reclaim_weight_entries preserving leased model weight model=0 name_hash=0x8ef83253410b0357 layout=0 leases=2 owners=0x00000001 site=mem_handle/copy-assign
[UNIFIED-CACHE] reclaim_weight_entries preserving leased model weight model=4 name_hash=0xe30c0751e9ab32a9 layout=0 leases=1 owners=0x00000000 site=extra->data_handle[]/preload_model_weights(dense-pin)
[UNIFIED-CACHE] reclaim_weight_entries preserving leased model weight model=0 name_hash=0x4b836cca1e4139c2 layout=0 leases=2 owners=0x00000001 site=mem_handle/copy-assign
[UNIFIED-CACHE] reclaim_weight_entries preserving leased model weight model=4 name_hash=0xd16c818664a0cc0a layout=0 leases=1 owners=0x00000000 site=extra->data_handle[]/preload_model_weights(dense-pin)
[UNIFIED-CACHE] reclaim_weight_entries preserving leased model weight model=0 name_hash=0x1fa7b913e22dad38 layout=0 leases=2 owners=0x00000001 site=mem_handle/copy-assign
[UNIFIED-CACHE] reclaim_weight_entries preserving leased model weight model=0 name_hash=0xcce9ad7a5c60a427 layout=0 leases=2 owners=0x00000001 site=mem_handle/copy-assign
[UNIFIED-CACHE] reclaim_weight_entries preserving leased model weight model=4 name_hash=0xdf7c04510f974718 layout=0 leases=1 owners=0x00000000 site=extra->data_handle[]/preload_model_weights(dense-pin)
[UNIFIED-CACHE] reclaim_weight_entries preserving leased model weight model=0 name_hash=0xbf5048183c11916b layout=0 leases=2 owners=0x00000001 site=mem_handle/copy-assign
[UNIFIED-CACHE] reclaim_weight_entries preserving leased model weight model=4 name_hash=0xe4065a55adaaf03f layout=0 leases=1 owners=0x00000000 site=extra->data_handle[]/preload_model_weights(dense-pin)
[UNIFIED-CACHE] reclaim_weight_entries preserving leased model weight model=4 name_hash=0xef3db2028fcb16a3 layout=0 leases=1 owners=0x00000000 site=extra->data_handle[]/preload_model_weights(dense-pin)
[UNIFIED-CACHE] reclaim_weight_entries preserving leased model weight model=0 name_hash=0x53bcfe044f0d7ab3 layout=0 leases=2 owners=0x00000001 site=extra->data_handle[]/preload_model_weights(dense-pin)
[UNIFIED-CACHE] reclaim_weight_entries preserving leased model weight model=0 name_hash=0x521b1f4d40cd780a layout=0 leases=2 owners=0x00000001 site=extra->data_handle[]/preload_model_weights(dense-pin)
[UNIFIED-CACHE] reclaim_weight_entries preserving leased model weight model=4 name_hash=0x4599df1b04c6b9fb layout=0 leases=1 owners=0x00000000 site=extra->data_handle[]/preload_model_weights(dense-pin)
[UNIFIED-CACHE] reclaim_weight_entries preserving leased model weight model=0 name_hash=0x311b9ae764a4abcf layout=0 leases=2 owners=0x00000001 site=extra->data_handle[]/preload_model_weights(dense-pin)
[UNIFIED-CACHE] reclaim_weight_entries preserving leased model weight model=0 name_hash=0xe9ca1d4053ae41f9 layout=0 leases=2 owners=0x00000001 site=extra->data_handle[]/preload_model_weights(dense-pin)
[UNIFIED-CACHE] reclaim_weight_entries preserving leased model weight model=4 name_hash=0xf6a1f79a2dffe780 layout=0 leases=1 owners=0x00000000 site=extra->data_handle[]/preload_model_weights(dense-pin)
[UNIFIED-CACHE] reclaim_weight_entries preserving leased model weight model=0 name_hash=0xcaf5b0fcacce6aea layout=0 leases=2 owners=0x00000001 site=extra->data_handle[]/preload_model_weights(dense-pin)
[UNIFIED-CACHE] reclaim_weight_entries preserving leased model weight model=0 name_hash=0xe5a443ece75be10e layout=0 leases=2 owners=0x00000001 site=extra->data_handle[]/preload_model_weights(dense-pin)
[UNIFIED-CACHE] reclaim_weight_entries preserving leased model weight model=4 name_hash=0xa7c2590f0166f6b0 layout=0 leases=1 owners=0x00000000 site=extra->data_handle[]/preload_model_weights(dense-pin)
[UNIFIED-CACHE] reclaim_weight_entries preserving leased model weight model=0 name_hash=0x28e162c724839a layout=0 leases=2 owners=0x00000001 site=extra->data_handle[]/preload_model_weights(dense-pin)
[UNIFIED-CACHE] reclaim_weight_entries preserving leased model weight model=0 name_hash=0xc0bcce7fc727feb8 layout=0 leases=2 owners=0x00000001 site=extra->data_handle[]/preload_model_weights(dense-pin)
[UNIFIED-CACHE] reclaim_weight_entries preserving leased model weight model=0 name_hash=0x64cda8f8043233df layout=0 leases=2 owners=0x00000001 site=extra->data_handle[]/preload_model_weights(dense-pin)
[UNIFIED-CACHE] reclaim_weight_entries preserving leased model weight model=0 name_hash=0xde9943e34534adc3 layout=0 leases=2 owners=0x00000001 site=extra->data_handle[]/preload_model_weights(dense-pin)
[UNIFIED-CACHE] reclaim_weight_entries preserving leased model weight model=0 name_hash=0x213f84667dda1dba layout=0 leases=2 owners=0x00000001 site=extra->data_handle[]/preload_model_weights(dense-pin)
[UNIFIED-CACHE] reclaim_weight_entries preserving leased model weight model=0 name_hash=0xc65810b3308e2a65 layout=0 leases=2 owners=0x00000001 site=extra->data_handle[]/preload_model_weights(dense-pin)
[UNIFIED-CACHE] reclaim_weight_entries preserving leased model weight model=0 name_hash=0xa038863d6bb466d9 layout=0 leases=2 owners=0x00000001 site=mem_handle/copy-assign
[UNIFIED-CACHE] reclaim_weight_entries preserving leased model weight model=0 name_hash=0xd04126154633d92a layout=0 leases=2 owners=0x00000001 site=extra->data_handle[]/preload_model_weights(dense-pin)
[UNIFIED-CACHE] reclaim_weight_entries preserving leased model weight model=0 name_hash=0xfbcd64193ed7dd81 layout=0 leases=2 owners=0x00000001 site=mem_handle/copy-assign
[UNIFIED-CACHE] reclaim_weight_entries preserving leased model weight model=0 name_hash=0xa7c2590f0166f6b0 layout=0 leases=2 owners=0x00000001 site=extra->data_handle[]/preload_model_weights(dense-pin)
[UNIFIED-CACHE] reclaim_weight_entries preserving leased model weight model=0 name_hash=0xd300609ad66701b8 layout=0 leases=2 owners=0x00000001 site=mem_handle/copy-assign
[UNIFIED-CACHE] reclaim_weight_entries preserving leased model weight model=0 name_hash=0xeb54b67e9f099c46 layout=0 leases=2 owners=0x00000001 site=extra->data_handle[]/preload_model_weights(dense-pin)
[UNIFIED-CACHE] reclaim_weight_entries preserving leased model weight model=0 name_hash=0xa7d836df53ff49d4 layout=0 leases=2 owners=0x00000001 site=extra->data_handle[]/preload_model_weights(dense-pin)
[UNIFIED-CACHE] reclaim_weight_entries preserving leased model weight model=0 name_hash=0x6059a543aef7dbb7 layout=0 leases=2 owners=0x00000001 site=extra->data_handle[]/preload_model_weights(dense-pin)
[UNIFIED-CACHE] reclaim_weight_entries preserving leased model weight model=0 name_hash=0xb09204520b9c97f0 layout=0 leases=2 owners=0x00000001 site=extra->data_handle[]/preload_model_weights(dense-pin)
[UNIFIED-CACHE] reclaim_weight_entries preserving leased model weight model=4 name_hash=0x64cda8f8043233df layout=0 leases=1 owners=0x00000000 site=extra->data_handle[]/preload_model_weights(dense-pin)
[UNIFIED-CACHE] reclaim_weight_entries preserving leased model weight model=0 name_hash=0x4e1cae023ae18c67 layout=0 leases=2 owners=0x00000001 site=extra->data_handle[]/preload_model_weights(dense-pin)
[UNIFIED-CACHE] reclaim_weight_entries preserving leased model weight model=0 name_hash=0x47466764d37e580d layout=0 leases=2 owners=0x00000001 site=extra->data_handle[]/preload_model_weights(dense-pin)
[UNIFIED-CACHE] reclaim_weight_entries preserving leased model weight model=0 name_hash=0xae8ba76e3b151d9e layout=0 leases=2 owners=0x00000001 site=extra->data_handle[]/preload_model_weights(dense-pin)
[UNIFIED-CACHE] reclaim_weight_entries preserving leased model weight model=0 name_hash=0xf6a1f79a2dffe780 layout=0 leases=2 owners=0x00000001 site=extra->data_handle[]/preload_model_weights(dense-pin)
[UNIFIED-CACHE] reclaim_weight_entries preserving leased model weight model=0 name_hash=0xe30c0751e9ab32a9 layout=0 leases=2 owners=0x00000001 site=extra->data_handle[]/preload_model_weights(dense-pin)
[UNIFIED-CACHE] reclaim_weight_entries preserving leased model weight model=4 name_hash=0xe7d3c5e727a81c4d layout=0 leases=1 owners=0x00000000 site=extra->data_handle[]/preload_model_weights(dense-pin)
[UNIFIED-CACHE] reclaim_weight_entries preserving leased model weight model=0 name_hash=0xaed088ad06d329a3 layout=0 leases=2 owners=0x00000001 site=extra->data_handle[]/preload_model_weights(dense-pin)
[UNIFIED-CACHE] reclaim_weight_entries preserving leased model weight model=0 name_hash=0xdf7c04510f974718 layout=0 leases=2 owners=0x00000001 site=extra->data_handle[]/preload_model_weights(dense-pin)
[UNIFIED-CACHE] reclaim_weight_entries preserving leased model weight model=0 name_hash=0x6bbc0b27530c18fc layout=0 leases=2 owners=0x00000001 site=extra->data_handle[]/preload_model_weights(dense-pin)
[UNIFIED-CACHE] reclaim_weight_entries preserving leased model weight model=0 name_hash=0xb235334776d9c72d layout=0 leases=2 owners=0x00000001 site=extra->data_handle[]/preload_model_weights(dense-pin)
[UNIFIED-CACHE] reclaim_weight_entries preserving leased model weight model=0 name_hash=0xe34f3e7aafdba3a5 layout=0 leases=2 owners=0x00000001 site=extra->data_handle[]/preload_model_weights(dense-pin)
[UNIFIED-CACHE] reclaim_weight_entries preserving leased model weight model=0 name_hash=0x5f062fc81c4478b3 layout=0 leases=2 owners=0x00000001 site=mem_handle/copy-assign
[UNIFIED-CACHE] reclaim_weight_entries preserving leased model weight model=0 name_hash=0xd16c818664a0cc0a layout=0 leases=2 owners=0x00000001 site=extra->data_handle[]/preload_model_weights(dense-pin)
[UNIFIED-CACHE] reclaim_weight_entries preserving leased model weight model=0 name_hash=0x3779a6d76e4c7ee2 layout=0 leases=2 owners=0x00000001 site=extra->data_handle[]/preload_model_weights(dense-pin)
[UNIFIED-CACHE] reclaim_weight_entries preserving leased model weight model=0 name_hash=0xe4065a55adaaf03f layout=0 leases=2 owners=0x00000001 site=extra->data_handle[]/preload_model_weights(dense-pin)
[UNIFIED-CACHE] reclaim_weight_entries preserving leased model weight model=0 name_hash=0xd46dcd1b728c981f layout=0 leases=2 owners=0x00000001 site=extra->data_handle[]/preload_model_weights(dense-pin)
[UNIFIED-CACHE] reclaim_weight_entries preserving leased model weight model=0 name_hash=0xab8cfe3bf6a50b9c layout=0 leases=2 owners=0x00000001 site=extra->data_handle[]/preload_model_weights(dense-pin)
[UNIFIED-CACHE] reclaim_weight_entries preserving leased model weight model=0 name_hash=0x3a931c14a53d5960 layout=0 leases=2 owners=0x00000001 site=extra->data_handle[]/preload_model_weights(dense-pin)
[UNIFIED-CACHE] reclaim_weight_entries preserving leased model weight model=4 name_hash=0xd46dcd1b728c981f layout=0 leases=1 owners=0x00000000 site=extra->data_handle[]/preload_model_weights(dense-pin)
[UNIFIED-CACHE] reclaim_weight_entries preserving leased model weight model=0 name_hash=0x38771636bce5a702 layout=0 leases=2 owners=0x00000001 site=extra->data_handle[]/preload_model_weights(dense-pin)
[UNIFIED-CACHE] reclaim_weight_entries preserving leased model weight model=0 name_hash=0x3ba5a6821b6511e0 layout=0 leases=2 owners=0x00000001 site=extra->data_handle[]/preload_model_weights(dense-pin)
[UNIFIED-CACHE] reclaim_weight_entries preserving leased model weight model=0 name_hash=0x15380309041992d9 layout=0 leases=2 owners=0x00000001 site=extra->data_handle[]/preload_model_weights(dense-pin)
[UNIFIED-CACHE] reclaim_weight_entries preserving leased model weight model=4 name_hash=0xaed088ad06d329a3 layout=0 leases=1 owners=0x00000000 site=extra->data_handle[]/preload_model_weights(dense-pin)
[UNIFIED-CACHE] reclaim_weight_entries preserving leased model weight model=0 name_hash=0x4599df1b04c6b9fb layout=0 leases=2 owners=0x00000001 site=extra->data_handle[]/preload_model_weights(dense-pin)
[UNIFIED-CACHE] reclaim_weight_entries preserving leased model weight model=0 name_hash=0xe7d3c5e727a81c4d layout=0 leases=2 owners=0x00000001 site=extra->data_handle[]/preload_model_weights(dense-pin)
[UNIFIED-CACHE] reclaim_weight_entries preserving leased model weight model=4 name_hash=0x3ba5a6821b6511e0 layout=0 leases=1 owners=0x00000000 site=extra->data_handle[]/preload_model_weights(dense-pin)
[UNIFIED-CACHE] reclaim_weight_entries preserving leased model weight model=0 name_hash=0xef3db2028fcb16a3 layout=0 leases=2 owners=0x00000001 site=extra->data_handle[]/preload_model_weights(dense-pin)
[UNIFIED-CACHE] reclaim_weight_entries preserving leased model weight model=0 name_hash=0x348b7dd451046514 layout=0 leases=2 owners=0x00000001 site=extra->data_handle[]/preload_model_weights(dense-pin)
[UNIFIED-CACHE] reclaim_weight_entries preserving leased model weight model=4 name_hash=0x311b9ae764a4abcf layout=0 leases=1 owners=0x00000000 site=extra->data_handle[]/preload_model_weights(dense-pin)
[UNIFIED-CACHE] reclaim_weight_entries preserving leased model weight model=0 name_hash=0xad045d15402c08d3 layout=0 leases=2 owners=0x00000001 site=extra->data_handle[]/preload_model_weights(dense-pin)
[UNIFIED-CACHE] reclaim weight entries(model-teardown): erased 0 unpinned 42
[ZONE-RESET-AUDIT] NEW-ESCAPE site=weight-reclaim/model-teardown:dev0 graph=8 alloc_id=6033976895229229747 size=2048 role=0 category=1 tier=0 cohort=weight:leaked_lease
[ZONE-RESET-AUDIT] NEW-ESCAPE site=weight-reclaim/model-teardown:dev0 graph=8 alloc_id=6033976895229229747 size=2048 role=0 category=2 tier=0 cohort=weight:leased
|           llama|Intel(R) Arc(TM) Pro B70 Graphics|   MoE|  [1;32mOK[0m (2.56e-11)|       [1;32mOK[0m|
[SYCL] call ggml_backend_sycl_synchronize
[SYCL-GRAPH] clearing active graph state (context-drain)
[MEM-HANDLE] released 0 command-graph retained leases
[POOL-LEG] released 0 graph-retained scratch mem_handles
[GRAPH-UNPIN] Released 0 graph MoE expert mem_handle leases
[GRAPH-UNPIN-WEIGHTS] Released 0 graph weight mem_handle leases
[SYCL-GRAPH] clearing active graph state (context-drain)
[MEM-HANDLE] released 0 command-graph retained leases
[POOL-LEG] released 0 graph-retained scratch mem_handles
[GRAPH-UNPIN] Released 0 graph MoE expert mem_handle leases
[GRAPH-UNPIN-WEIGHTS] Released 0 graph weight mem_handle leases
SYCL TP: Freed all persistent FFN buffers via unified-cache handles
SYCL TP: Freed all persistent attention buffers
[MEM-HANDLE] released 0 command-graph retained leases
[POOL-LEG] released 0 graph-retained scratch mem_handles
[GRAPH-UNPIN] Released 0 graph MoE expert mem_handle leases
[GRAPH-UNPIN-WEIGHTS] Released 0 graph weight mem_handle leases
[POOL-LEG] released 0 graph-retained scratch mem_handles
[UNIFIED-CACHE] reclaim_weight_entries(model-teardown) released direct-stage mirror rows before the reclaim scan: weights=0 experts=0
[UNIFIED-CACHE] reclaim weight entries(model-teardown): erased 0 unpinned 0
[UNIFIED-CACHE] reclaim_weight_entries(model-teardown) released direct-stage mirror rows before the reclaim scan: weights=84 experts=12
[UNIFIED-CACHE] reclaim weight entries(model-teardown): erased 96 unpinned 54
test case: llama (Intel(R) Core(TM) Ultra 7 265K, MoE)
|           llama|   Intel(R) Core(TM) Ultra 7 265K|   MoE|  [1;32mOK[0m (0.00e+00)|       [1;32mOK[0m|
test case: llama (Meta, MoE)
|           llama|                             Meta|   MoE|[1;33mSKIP[0m           |     [1;33mSKIP[0m|
Roundtrip gate: NMSE(device, reloaded) <= 1e-04, not bit-equality. 0 row(s) round-tripped within tolerance but not bit-for-bit.
[ZONE-RESET-AUDIT] ==== escape inventory (process-exit) graphs=8 ====
[ZONE-RESET-AUDIT] site=device-zone-reset/SCRATCH:dev0 visits=8 visits_with_live=0 live_max=0 live_total=0 distinct_sizes=0 distinct_cohorts=0 graphs=[0..7]
[ZONE-RESET-AUDIT]   largest_free first=512.00 MB last=512.00 MB min=512.00 MB
[ZONE-RESET-AUDIT] site=device-zone-reset/SCRATCH:dev1 visits=8 visits_with_live=0 live_max=0 live_total=0 distinct_sizes=0 distinct_cohorts=0 graphs=[0..7]
[ZONE-RESET-AUDIT]   largest_free first=512.00 MB last=512.00 MB min=512.00 MB
0.02.311.123 W [ZONE-RESET-AUDIT] ==== escape inventory (process-exit) graphs=8 ====
0.02.311.149 W [ZONE-RESET-AUDIT] site=device-zone-reset/SCRATCH:dev0 visits=8 visits_with_live=0 live_max=0 live_total=0 distinct_sizes=0 distinct_cohorts=0 graphs=[0..7]
0.02.311.153 W [ZONE-RESET-AUDIT]   largest_free first=512.00 MB last=512.00 MB min=512.00 MB
0.02.311.155 W [ZONE-RESET-AUDIT] site=host-zone-reset/SCRATCH visits=8 visits_with_live=0 live_max=0 live_total=0 distinct_sizes=0 distinct_cohorts=0 graphs=[1..8]
[ZONE-RESET-AUDIT]   largest_free first=64.00 MB last=64.00 MB min=64.00 MB
[ZONE-RESET-AUDIT] site=device-zone-reset/SCRATCH:dev1 visits=8 visits_with_live=0 live_max=0 live_total=0 distinct_sizes=0 distinct_cohorts=0 graphs=[0..7]
0.02.311.156 W [ZONE-RESET-AUDIT]   largest_free first=512.00 MB last=512.00 MB min=512.00 MB
[ZONE-RESET-AUDIT] site=host-zone-reset/STAGING visits=8 visits_with_live=0 live_max=0 live_total=0 distinct_sizes=0 distinct_cohorts=0 graphs=[1..8]
[ZONE-RESET-AUDIT]   largest_free first=64.00 MB last=64.00 MB min=64.00 MB
[ZONE-RESET-AUDIT] site=scratch-pool-reset/bump:dev0 visits=8 visits_with_live=0 live_max=0 live_total=0 distinct_sizes=0 distinct_cohorts=0 graphs=[1..8]
[ZONE-RESET-AUDIT] site=weight-reclaim/load-boundary:dev0 visits=4 visits_with_live=2 live_max=64 live_total=118 distinct_sizes=8 distinct_cohorts=1 graphs=[0..6]
[ZONE-RESET-AUDIT]   largest_free first=29472.04 MB last=29465.27 MB min=29465.27 MB
[ZONE-RESET-AUDIT]   cohort=weight:leased size=4 occurrences=44 graphs=2 per_graph=22.00 distinct_alloc_ids=28 role=0 category=2 tier=0 -> REALLOC-EVERY-GRAPH (retention candidate)
[ZONE-RESET-AUDIT]   cohort=weight:leased size=256 occurrences=2 graphs=2 per_graph=1.00 distinct_alloc_ids=1 role=0 category=2 tier=0 -> RETAINED (lifetime bug only)
[ZONE-RESET-AUDIT]   cohort=weight:leased size=1024 occurrences=28 graphs=2 per_graph=14.00 distinct_alloc_ids=15 role=0 category=2 tier=0 -> REALLOC-EVERY-GRAPH (retention candidate)
[ZONE-RESET-AUDIT]   cohort=weight:leased size=1536 occurrences=4 graphs=1 per_graph=4.00 distinct_alloc_ids=4 role=0 category=2 tier=0 -> single-shot
[ZONE-RESET-AUDIT]   cohort=weight:leased size=2048 occurrences=2 graphs=1 per_graph=2.00 distinct_alloc_ids=2 role=0 category=2 tier=0 -> single-shot
[ZONE-RESET-AUDIT]   cohort=weight:leased size=131072 occurrences=4 graphs=2 per_graph=2.00 distinct_alloc_ids=2 role=0 category=2 tier=0 -> RETAINED (lifetime bug only)
[ZONE-RESET-AUDIT]   cohort=weight:leased size=262144 occurrences=16 graphs=2 per_graph=8.00 distinct_alloc_ids=8 role=0 category=2 tier=0 -> REALLOC-EVERY-GRAPH (retention candidate)
[ZONE-RESET-AUDIT]   cohort=weight:leased size=393216 occurrences=18 graphs=2 per_graph=9.00 distinct_alloc_ids=18 role=0 category=2 tier=0 -> REALLOC-EVERY-GRAPH (retention candidate)
0.02.311.157 W [ZONE-RESET-AUDIT] site=host-zone-reset/SCRATCH visits=8 visits_with_live=0 live_max=0 live_total=0 distinct_sizes=0 distinct_cohorts=0 graphs=[1..8]
0.02.311.183 W [ZONE-RESET-AUDIT]   largest_free first=64.00 MB last=64.00 MB min=64.00 MB
0.02.311.184 W [ZONE-RESET-AUDIT] site=host-zone-reset/STAGING visits=8 visits_with_live=0 live_max=0 live_total=0 distinct_sizes=0 distinct_cohorts=0 graphs=[1..8]
0.02.311.189 W [ZONE-RESET-AUDIT]   largest_free first=64.00 MB last=64.00 MB min=64.00 MB
[ZONE-RESET-AUDIT]   size-histogram 4 x44
[ZONE-RESET-AUDIT]   size-histogram 256 x2
[ZONE-RESET-AUDIT]   size-histogram 1024 x28
[ZONE-RESET-AUDIT]   size-histogram 1536 x4
0.02.311.191 W [ZONE-RESET-AUDIT] site=scratch-pool-reset/bump:dev0 visits=8 visits_with_live=0 live_max=0 live_total=0 distinct_sizes=0 distinct_cohorts=0 graphs=[1..8]
[ZONE-RESET-AUDIT]   size-histogram 2048 x2
[ZONE-RESET-AUDIT]   size-histogram 131072 x4
[ZONE-RESET-AUDIT]   size-histogram 262144 x16
[ZONE-RESET-AUDIT]   size-histogram 393216 x18
[ZONE-RESET-AUDIT] site=weight-reclaim/load-boundary:dev1 visits=4 visits_with_live=0 live_max=0 live_total=0 distinct_sizes=0 distinct_cohorts=0 graphs=[0..6]
[ZONE-RESET-AUDIT]   largest_free first=13520.00 MB last=13520.00 MB min=13520.00 MB
[ZONE-RESET-AUDIT] site=weight-reclaim/mid-load-replan:dev0 visits=4 visits_with_live=2 live_max=64 live_total=118 distinct_sizes=8 distinct_cohorts=1 graphs=[0..6]
[ZONE-RESET-AUDIT]   largest_free first=29472.04 MB last=29465.27 MB min=29465.27 MB
0.02.311.192 W [ZONE-RESET-AUDIT] site=weight-reclaim/load-boundary:dev0 visits=4 visits_with_live=2 live_max=64 live_total=118 distinct_sizes=8 distinct_cohorts=1 graphs=[0..6]
0.02.311.196 W [ZONE-RESET-AUDIT]   largest_free first=29472.04 MB last=29465.27 MB min=29465.27 MB
0.02.311.197 W [ZONE-RESET-AUDIT]   cohort=weight:leased size=4 occurrences=44 graphs=2 per_graph=22.00 distinct_alloc_ids=28 role=0 category=2 tier=0 -> REALLOC-EVERY-GRAPH (retention candidate)
[ZONE-RESET-AUDIT]   cohort=weight:leased size=256 occurrences=2 graphs=2 per_graph=1.00 distinct_alloc_ids=1 role=0 category=2 tier=0 -> RETAINED (lifetime bug only)
[ZONE-RESET-AUDIT]   cohort=weight:leased size=1024 occurrences=28 graphs=2 per_graph=14.00 distinct_alloc_ids=15 role=0 category=2 tier=0 -> REALLOC-EVERY-GRAPH (retention candidate)
[ZONE-RESET-AUDIT]   cohort=weight:leased size=1536 occurrences=4 graphs=1 per_graph=4.00 distinct_alloc_ids=4 role=0 category=2 tier=0 -> single-shot
[ZONE-RESET-AUDIT]   cohort=weight:leased size=2048 occurrences=2 graphs=1 per_graph=2.00 distinct_alloc_ids=2 role=0 category=2 tier=0 -> single-shot
[ZONE-RESET-AUDIT]   cohort=weight:leased size=131072 occurrences=4 graphs=2 per_graph=2.00 distinct_alloc_ids=2 role=0 category=2 tier=0 -> RETAINED (lifetime bug only)
[ZONE-RESET-AUDIT]   cohort=weight:leased size=4 occurrences=44 graphs=2 per_graph=22.00 distinct_alloc_ids=28 role=0 category=2 tier=0 -> REALLOC-EVERY-GRAPH (retention candidate)
0.02.311.199 W [ZONE-RESET-AUDIT]   cohort=weight:leased size=256 occurrences=2 graphs=2 per_graph=1.00 distinct_alloc_ids=1 role=0 category=2 tier=0 -> RETAINED (lifetime bug only)
0.02.311.201 W [ZONE-RESET-AUDIT]   cohort=weight:leased size=1024 occurrences=28 graphs=2 per_graph=14.00 distinct_alloc_ids=15 role=0 category=2 tier=0 -> REALLOC-EVERY-GRAPH (retention candidate)
0.02.311.202 W [ZONE-RESET-AUDIT]   cohort=weight:leased size=1536 occurrences=4 graphs=1 per_graph=4.00 distinct_alloc_ids=4 role=0 category=2 tier=0 -> single-shot
0.02.311.204 W [ZONE-RESET-AUDIT]   cohort=weight:leased size=2048 occurrences=2 graphs=1 per_graph=2.00 distinct_alloc_ids=2 role=0 category=2 tier=0 -> single-shot
0.02.311.205 W [ZONE-RESET-AUDIT]   cohort=weight:leased size=131072 occurrences=4 graphs=2 per_graph=2.00 distinct_alloc_ids=2 role=0 category=2 tier=0 -> RETAINED (lifetime bug only)
0.02.311.206 W [ZONE-RESET-AUDIT]   cohort=weight:leased size=262144 occurrences=16 graphs=2 per_graph=8.00 distinct_alloc_ids=8 role=0 category=2 tier=0 -> REALLOC-EVERY-GRAPH (retention candidate)
0.02.311.215 W [ZONE-RESET-AUDIT]   cohort=weight:leased size=393216 occurrences=18 graphs=2 per_graph=9.00 distinct_alloc_ids=18 role=0 category=2 tier=0 -> REALLOC-EVERY-GRAPH (retention candidate)
0.02.311.216 W [ZONE-RESET-AUDIT]   size-histogram 4 x44
0.02.311.231 W [ZONE-RESET-AUDIT]   size-histogram 256 x2
0.02.311.232 W [ZONE-RESET-AUDIT]   size-histogram 1024 x28
0.02.311.234 W [ZONE-RESET-AUDIT]   size-histogram 1536 x4
0.02.311.235 W [ZONE-RESET-AUDIT]   size-histogram 2048 x2
0.02.311.239 W [ZONE-RESET-AUDIT]   size-histogram 131072 x4
0.02.311.240 W [ZONE-RESET-AUDIT]   size-histogram 262144 x16
0.02.311.240 W [ZONE-RESET-AUDIT]   size-histogram 393216 x18
[ZONE-RESET-AUDIT]   cohort=weight:leased size=262144 occurrences=16 graphs=2 per_graph=8.00 distinct_alloc_ids=8 role=0 category=2 tier=0 -> REALLOC-EVERY-GRAPH (retention candidate)
[ZONE-RESET-AUDIT]   cohort=weight:leased size=393216 occurrences=18 graphs=2 per_graph=9.00 distinct_alloc_ids=18 role=0 category=2 tier=0 -> REALLOC-EVERY-GRAPH (retention candidate)
[ZONE-RESET-AUDIT]   size-histogram 4 x44
[ZONE-RESET-AUDIT]   size-histogram 256 x2
[ZONE-RESET-AUDIT]   size-histogram 1024 x28
[ZONE-RESET-AUDIT]   size-histogram 1536 x4
[ZONE-RESET-AUDIT]   size-histogram 2048 x2
[ZONE-RESET-AUDIT]   size-histogram 131072 x4
[ZONE-RESET-AUDIT]   size-histogram 262144 x16
[ZONE-RESET-AUDIT]   size-histogram 393216 x18
[ZONE-RESET-AUDIT] site=weight-reclaim/mid-load-replan:dev1 visits=2 visits_with_live=0 live_max=0 live_total=0 distinct_sizes=0 distinct_cohorts=0 graphs=[4..6]
0.02.311.242 W [ZONE-RESET-AUDIT] site=weight-reclaim/load-boundary:dev1 visits=4 visits_with_live=0 live_max=0 live_total=0 distinct_sizes=0 distinct_cohorts=0 graphs=[0..6]
0.02.311.245 W [ZONE-RESET-AUDIT]   largest_free first=13520.00 MB last=13520.00 MB min=13520.00 MB
0.02.311.246 W [ZONE-RESET-AUDIT] site=weight-reclaim/mid-load-replan:dev0 visits=4 visits_with_live=2 live_max=64 live_total=118 distinct_sizes=8 distinct_cohorts=1 graphs=[0..6]
0.02.311.248 [ZONE-RESET-AUDIT]   largest_free first=13520.00 MB last=13520.00 MB min=13520.00 MB
[ZONE-RESET-AUDIT] site=weight-reclaim/model-teardown:dev0 visits=4 visits_with_live=2 live_max=128 live_total=224 distinct_sizes=8 distinct_cohorts=2 graphs=[4..8]
[ZONE-RESET-AUDIT]   largest_free first=29462.98 MB last=29463.00 MB min=29462.98 MB
W [ZONE-RESET-AUDIT]   largest_free first=29472.04 MB last=29465.27 MB min=29465.27 MB
0.02.311.254 W [ZONE-RESET-AUDIT]   cohort=weight:leased size=4 occurrences=44 graphs=2 per_graph=22.00 distinct_alloc_ids=28 role=0 category=2 tier=0 -> REALLOC-EVERY-GRAPH (retention candidate)
[ZONE-RESET-AUDIT]   cohort=weight:leaked_lease size=4 occurrences=44 graphs=2 per_graph=22.00 distinct_alloc_ids=28 role=0 category=1 tier=0 -> REALLOC-EVERY-GRAPH (retention candidate)
[ZONE-RESET-AUDIT]   cohort=weight:leaked_lease size=256 occurrences=2 graphs=2 per_graph=1.00 distinct_alloc_ids=1 role=0 category=1 tier=0 -> RETAINED (lifetime bug only)
[ZONE-RESET-AUDIT]   cohort=weight:leaked_lease size=1024 occurrences=28 graphs=2 per_graph=14.00 distinct_alloc_ids=15 role=0 category=1 tier=0 -> REALLOC-EVERY-GRAPH (retention candidate)
[ZONE-RESET-AUDIT]   cohort=weight:leaked_lease size=1536 occurrences=4 graphs=1 per_graph=4.00 distinct_alloc_ids=4 role=0 category=1 tier=0 -> single-shot
[ZONE-RESET-AUDIT]   cohort=weight:leaked_lease size=2048 occurrences=2 graphs=1 per_graph=2.00 distinct_alloc_ids=2 role=0 category=1 tier=0 -> single-shot
[ZONE-RESET-AUDIT]   cohort=weight:leaked_lease size=131072 occurrences=4 graphs=2 per_graph=2.00 distinct_alloc_ids=2 role=0 category=1 tier=0 -> RETAINED (lifetime bug only)
[ZONE-RESET-AUDIT]   cohort=weight:leaked_lease size=262144 occurrences=16 graphs=2 per_graph=8.00 distinct_alloc_ids=8 role=0 category=1 tier=0 -> REALLOC-EVERY-GRAPH (retention candidate)
[ZONE-RESET-AUDIT]   cohort=weight:leaked_lease size=393216 occurrences=6 graphs=1 per_graph=6.00 distinct_alloc_ids=6 role=0 category=1 tier=0 -> single-shot
[ZONE-RESET-AUDIT]   cohort=weight:leased size=4 occurrences=44 graphs=2 per_graph=22.00 distinct_alloc_ids=28 role=0 category=2 tier=0 -> REALLOC-EVERY-GRAPH (retention candidate)
[ZONE-RESET-AUDIT]   cohort=weight:leased size=256 occurrences=2 graphs=2 per_graph=1.00 distinct_alloc_ids=1 role=0 category=2 tier=0 -> RETAINED (lifetime bug only)
[ZONE-RESET-AUDIT]   cohort=weight:leased size=1024 occurrences=28 graphs=2 per_graph=14.00 distinct_alloc_ids=15 role=0 category=2 tier=0 -> REALLOC-EVERY-GRAPH (retention candidate)
0.02.311.260 W [ZONE-RESET-AUDIT]   cohort=weight:leased size=256 occurrences=2 graphs=2 per_graph=1.00 distinct_alloc_ids=1 role=0 category=2 tier=0 -> RETAINED (lifetime bug only)
0.02.311.262 W [ZONE-RESET-AUDIT]   cohort=weight:leased size=1024 occurrences=28 graphs=2 per_graph=14.00 distinct_alloc_ids=15 role=0 category=2 tier=0 -> REALLOC-EVERY-GRAPH (retention candidate)
[ZONE-RESET-AUDIT]   cohort=weight:leased size=1536 occurrences=4 graphs=1 per_graph=4.00 distinct_alloc_ids=4 role=0 category=2 tier=0 -> single-shot
[ZONE-RESET-AUDIT]   cohort=weight:leased size=2048 occurrences=2 graphs=1 per_graph=2.00 distinct_alloc_ids=2 role=0 category=2 tier=0 -> single-shot
[ZONE-RESET-AUDIT]   cohort=weight:leased size=131072 occurrences=4 graphs=2 per_graph=2.00 distinct_alloc_ids=2 role=0 category=2 tier=0 -> RETAINED (lifetime bug only)
[ZONE-RESET-AUDIT]   cohort=weight:leased size=262144 occurrences=16 graphs=2 per_graph=8.00 distinct_alloc_ids=8 role=0 category=2 tier=0 -> REALLOC-EVERY-GRAPH (retention candidate)
0.02.311.263 W [ZONE-RESET-AUDIT]   cohort=weight:leased size=1536 occurrences=4 graphs=1 per_graph=4.00 distinct_alloc_ids=4 role=0 category=2 tier=0 -> single-shot
0.02.311.265 W [ZONE-RESET-AUDIT]   cohort=weight:leased size=2048 occurrences=2 graphs=1 per_graph=2.00 distinct_alloc_ids=2 role=0 category=2 tier=0 -> single-shot
0.02.311.267 W [ZONE-RESET-AUDIT]   cohort=weight:leased size=131072 occurrences=4 graphs=2 per_graph=2.00 distinct_alloc_ids=2 role=0 category=2 tier=0 -> RETAINED (lifetime bug only)
0.02.311.303 W [ZONE-RESET-AUDIT]   cohort=weight:leased size=262144 occurrences=16 graphs=2 per_graph=8.00 distinct_alloc_ids=8 role=0 category=2 tier=0 -> REALLOC-EVERY-GRAPH (retention candidate)
0.02.311.322 W [ZONE-RESET-AUDIT]   cohort=weight:leased size=393216 occurrences=18 graphs=2 per_graph=9.00 distinct_alloc_ids=18 role=0 category=2 tier=0 -> REALLOC-EVERY-GRAPH (retention candidate)
0.02.311.324 W [ZONE-RESET-AUDIT]   size-histogram 4 x44
0.02.311.325 W [ZONE-RESET-AUDIT]   cohort=weight:leased size=393216 occurrences=18 graphs=2 per_graph=9.00 distinct_alloc_ids=18 role=0 category=2 tier=0 -> REALLOC-EVERY-GRAPH (retention candidate)
[ZONE-RESET-AUDIT]   size-histogram 4 x88
[ZONE-RESET-AUDIT]   size-histogram 256 x4
[ZONE-RESET-AUDIT]   size-histogram 256 x2
0.02.311.326 W [ZONE-RESET-AUDIT]   size-histogram 1024 x28
0.02.311.328 W [ZONE-RESET-AUDIT]   size-histogram 1536 x4
0.02.311.330 W [ZONE-RESET-AUDIT]   size-histogram 2048 x2
0.02.311.331 W [ZONE-RESET-AUDIT]   size-histogram 131072 x4
0.02.311.332 W [ZONE-RESET-AUDIT]   size-histogram 262144 x16
0.02.311.333 W [ZONE-RESET-AUDIT]   size-histogram 393216 x18
0.02.311.335 W [ZONE-RESET-AUDIT] site=weight-reclaim/mid-load-replan:dev1 visits=2 visits_with_live=0 live_max=0 live_total=0 distinct_sizes=0 distinct_cohorts=0 graphs=[4..6]
0.02.311.336 W [ZONE-RESET-AUDIT]   largest_free first=13520.00 MB last=13520.00 MB min=13520.00 MB
0.02.311.346 W [ZONE-RESET-AUDIT] site=weight-reclaim/model-teardown:dev0 visits=4 visits_with_live=2 live_max=128 live_total=224 distinct_sizes=8 distinct_cohorts=2 graphs=[4..8]
0.02.311.348 W [ZONE-RESET-AUDIT]   largest_free first=29462.98 MB last=29463.00 MB min=29462.98 MB
0.02.311.350 W [ZONE-RESET-AUDIT]   cohort=weight:leaked_lease size=4 occurrences=44 graphs=2 per_graph=22.00 distinct_alloc_ids=28 role=0 category=1 tier=0 -> REALLOC-EVERY-GRAPH (retention candidate)
0.02.311.372 W [ZONE-RESET-AUDIT]   cohort=weight:leaked_lease size=256 occurrences=2 graphs=2 per_graph=1.00 distinct_alloc_ids=1 role=0 category=1 tier=0 -> RETAINED (lifetime bug only)
0.02.311.374 W [ZONE-RESET-AUDIT]   cohort=weight:leaked_lease size=1024 occurrences=28 graphs=2 per_graph=14.00 distinct_alloc_ids=15 role=0 category=1 tier=0 -> REALLOC-EVERY-GRAPH (retention candidate)
0.02.311.376 W [ZONE-RESET-AUDIT]   cohort=weight:leaked_lease size=1536 occurrences=4 graphs=1 per_graph=4.00 distinct_alloc_ids=4 role=0 category=1 tier=0 -> single-shot
0.02.311.377 W [ZONE-RESET-AUDIT]   size-histogram 1024 x56
[ZONE-RESET-AUDIT]   size-histogram 1536 x8
[ZONE-RESET-AUDIT]   size-histogram 2048 x4
[ZONE-RESET-AUDIT]   size-histogram 131072 x8
[ZONE-RESET-AUDIT]   size-histogram 262144 x32
[ZONE-RESET-AUDIT]   size-histogram 393216 x24
[ZONE-RESET-AUDIT]   cohort=weight:leaked_lease size=2048 occurrences=2 graphs=1 per_graph=2.00 distinct_alloc_ids=2 role=0 category=1 tier=0 -> single-shot
0.02.311.378 W [ZONE-RESET-AUDIT]   cohort=weight:leaked_lease size=131072 occurrences=4 graphs=2 per_graph=2.00 distinct_alloc_ids=2 role=0 category=1 tier=0 -> RETAINED (lifetime bug only)
0.02.311.384 W [ZONE-RESET-AUDIT]   cohort=weight:leaked_lease size=262144 occurrences=16 graphs=2 per_graph=8.00 distinct_alloc_ids=8 role=0 category=1 tier=0 -> REALLOC-EVERY-GRAPH (retention candidate)
0.02.311.388 W [ZONE-RESET-AUDIT]   cohort=weight:leaked_lease size=393216 occurrences=6 graphs=1 per_graph=6.00 distinct_alloc_ids=6 role=0 category=1 tier=0 -> single-shot
0.02.311.389 W [ZONE-RESET-AUDIT]   cohort=weight:leased size=4 occurrences=44 graphs=2 per_graph=22.00 distinct_alloc_ids=28 role=0 category=2 tier=0 -> REALLOC-EVERY-GRAPH (retention candidate)
0.02.311.390 W [ZONE-RESET-AUDIT]   cohort=weight:leased size=256 occurrences=2 graphs=2 per_graph=1.00 distinct_alloc_ids=1 role=0 category=2 tier=0 -> RETAINED (lifetime bug only)
0.02.311.393 W [ZONE-RESET-AUDIT]   cohort=weight:leased size=1024 occurrences=28 graphs=2 per_graph=14.00 distinct_alloc_ids=15 role=0 category=2 tier=0 -> REALLOC-EVERY-GRAPH (retention candidate)
0.02.311.395 W [ZONE-RESET-AUDIT]   cohort=weight:leased size=1536 occurrences=4 graphs=1 per_graph=4.00 distinct_alloc_ids=4 role=0 category=2 tier=0 -> single-shot
0.02.311.401 W [ZONE-RESET-AUDIT]   cohort=weight:leased size=2048 occurrences=2 graphs=1 per_graph=2.00 distinct_alloc_ids=2 role=0 category=2 tier=0 -> single-shot
0.02.311.403 W [ZONE-RESET-AUDIT]   cohort=weight:leased size=131072 occurrences=4 graphs=2 per_graph=2.00 distinct_alloc_ids=2 role=0 category=2 tier=0 -> RETAINED (lifetime bug only)
0.02.311.405 W [ZONE-RESET-AUDIT]   cohort=weight:leased size=262144 occurrences=16 graphs=2 per_graph=8.00 distinct_alloc_ids=8 role=0 category=2 tier=0 -> REALLOC-EVERY-GRAPH (retention candidate)
0.02.311.423 W [ZONE-RESET-AUDIT]   cohort=weight:leased size=393216 occurrences=18 graphs=2 per_graph=9.00 distinct_alloc_ids=18 role=0 category=2 tier=0 -> REALLOC-EVERY-GRAPH (retention candidate)
0.02.311.441 W [ZONE-RESET-AUDIT]   size-histogram 4 x88
0.02.311.441 W [ZONE-RESET-AUDIT]   size-histogram 256 x4
0.02.311.475 W [ZONE-RESET-AUDIT]   size-histogram 1024 x56
0.02.314.314 W [ZONE-RESET-AUDIT]   size-histogram 1536 x8
0.02.314.325 W [ZONE-RESET-AUDIT]   size-histogram 2048 x4
0.02.314.326 W [ZONE-RESET-AUDIT]   size-histogram 131072 x8
0.02.314.327 W [ZONE-RESET-AUDIT]   size-histogram 262144 x32
0.02.314.328 W [ZONE-RESET-AUDIT]   size-histogram 393216 x24
0.02.314.330 W [ZONE-RESET-AUDIT] site=weight-reclaim/model-teardown:dev1 visits=4 visits_with_live=0 live_max=0 live_total=0 distinct_sizes=0 distinct_cohorts=0 graphs=[4..8]
[ZONE-RESET-AUDIT] site=weight-reclaim/model-teardown:dev1 visits=4 visits_with_live=0 live_max=0 live_total=0 distinct_sizes=0 distinct_cohorts=0 graphs=[4..8]
[ZONE-RESET-AUDIT]   largest_free first=13520.00 MB last=13520.00 MB min=13520.00 MB
[ZONE-RESET-AUDIT]   timing vram/kv alloc_calls=8 alloc_MB=2.0 alloc_ms=0.005 free_calls=8 free_ms=0.004 allocs_per_graph_max=2 allocs_per_graph_mean=1.0 graphs=8
[ZONE-RESET-AUDIT]   timing vram/weight alloc_calls=218 alloc_MB=18.1 alloc_ms=0.053 free_calls=218 free_ms=0.027 allocs_per_graph_max=64 allocs_per_graph_mean=27.2 graphs=8
[ZONE-RESET-AUDIT]   timing vram/runtime alloc_calls=6 alloc_MB=2.3 alloc_ms=0.009 free_calls=5 free_ms=0.008 allocs_per_graph_max=2 allocs_per_graph_mean=0.8 graphs=8
[ZONE-RESET-AUDIT]   timing vram/scratch alloc_calls=72 alloc_MB=3.8 alloc_ms=0.012 free_calls=72 free_ms=0.017 allocs_per_graph_max=18 allocs_per_graph_mean=6.8 graphs=8
[ZONE-RESET-AUDIT]   timing host/WEIGHT alloc_calls=26 alloc_MB=20.6 alloc_ms=0.022 free_calls=25 free_ms=0.018 allocs_per_graph_max=7 allocs_per_graph_mean=3.2 graphs=8
[ZONE-RESET-AUDIT]   timing host/STAGING alloc_calls=56 alloc_MB=0.0 alloc_ms=0.018 free_calls=0 free_ms=0.000 allocs_per_graph_max=11 allocs_per_graph_mean=5.6 graphs=8
[ZONE-RESET-AUDIT]   timing host/SCRATCH alloc_calls=316 alloc_MB=18.8 alloc_ms=0.088 free_calls=316 free_ms=0.145 allocs_per_graph_max=67 allocs_per_graph_mean=36.9 graphs=8
0.02.315.319 W [ZONE-RESET-AUDIT]   largest_free first=13520.00 MB last=13520.00 MB min=13520.00 MB
0.02.315.333 W [ZONE-RESET-AUDIT]   timing vram/kv alloc_calls=8 alloc_MB=2.0 alloc_ms=0.005 free_calls=8 free_ms=0.004 allocs_per_graph_max=2 allocs_per_graph_mean=1.0 graphs=8
0.02.315.339 W [ZONE-RESET-AUDIT]   timing vram/weight alloc_calls=218 alloc_MB=18.1 alloc_ms=0.053 free_calls=218 free_ms=0.027 allocs_per_graph_max=64 allocs_per_graph_mean=27.2 graphs=8
0.02.315.341 W [ZONE-RESET-AUDIT]   timing vram/runtime alloc_calls=6 alloc_MB=2.3 alloc_ms=0.009 free_calls=5 free_ms=0.008 allocs_per_graph_max=2 allocs_per_graph_mean=0.8 graphs=8
0.02.315.342 W [ZONE-RESET-AUDIT]   timing vram/scratch alloc_calls=72 alloc_MB=3.8 alloc_ms=0.012 free_calls=72 free_ms=0.017 allocs_per_graph_max=18 allocs_per_graph_mean=6.8 graphs=8
0.02.315.344 W [ZONE-RESET-AUDIT]   timing host/WEIGHT alloc_calls=26 alloc_MB=20.6 alloc_ms=0.022 free_calls=25 free_ms=0.018 allocs_per_graph_max=7 allocs_per_graph_mean=3.2 graphs=8
0.02.315.345 W [ZONE-RESET-AUDIT]   timing host/STAGING alloc_calls=56 alloc_MB=0.0 alloc_ms=0.018 free_calls=0 free_ms=0.000 allocs_per_graph_max=11 allocs_per_graph_mean=5.6 graphs=8
0.02.315.347 W [ZONE-RESET-AUDIT]   timing host/SCRATCH alloc_calls=316 alloc_MB=18.8 alloc_ms=0.088 free_calls=316 free_ms=0.145 allocs_per_graph_max=67 allocs_per_graph_mean=36.9 graphs=8
0.02.315.348 W [ZONE-RESET-AUDIT] ==== end inventory ====
[ZONE-RESET-AUDIT] ==== end inventory ====
[SYCL-PLAN] zone sizing coverage: onednn observations=0 underestimates=0
[SYCL-PLAN] zone sizing coverage: onednn observations=0 underestimates=0
