archs_table::emit: line of 514 bytes exceeds the 256-byte atomic-write bound; it may be split across writes and interleaved with log output
main: using seed 2343012036
|     Model arch.|                           Device|Config|   NMSE vs. CPU|Roundtrip|
|----------------|---------------------------------|------|---------------|---------|
Roundtrip: a GGUF save+reload of the device model, compared against that model.
  Gated on NMSE(device, reloaded) <= 1e-04, NOT on bit-equality: this path is not
  bit-reproducible run to run, so OK does NOT mean the logits matched bit for bit.
  BITDIFF = bits differ, within tolerance. Magnitudes for any non-bit-exact row
  are on stderr.
test case: llama (Intel(R) Arc(TM) Pro B70 Graphics, Dense)
[SYCL] host weight registry mismatch for rope_freqs.weight (existing=0x2bbcf860 new=0x2bfc2160)
[SYCL] call ggml_check_sycl
[SYCL] call ggml_backend_sycl_print_sycl_devices
[SYCL] call ggml_backend_sycl_get_device_memory
[MEM-QUERY] dev=0 free=572.9 MB total=32656.0 MB consumed=32083.1 MB
[SYCL] call ggml_backend_sycl_get_device_memory
[SYCL] call ggml_backend_sycl_get_device_memory
[MEM-QUERY] dev=1 free=572.3 MB total=16304.0 MB consumed=15731.7 MB
[PLACEMENT-MULTI] Dense standalone token_embd.weight -> device=0 reason=fastest-dense-compatible bytes=0.1 MB
[PLACEMENT-MULTI] Dense standalone output_norm.weight -> device=0 reason=fastest-dense-compatible bytes=0.0 MB
[PLACEMENT-MULTI] Dense standalone output.weight -> device=0 reason=fastest-dense-compatible bytes=0.1 MB
[PLACEMENT-MULTI] Dense standalone rope_freqs.weight -> device=0 reason=fastest-dense-compatible bytes=0.0 MB
[PLACEMENT-MULTI] Dense standalone rope_freqs.weight -> device=0 reason=fastest-dense-compatible bytes=0.0 MB
[PLACEMENT-MOE-MULTI-TRACE] entries=0 xmx=0 soa=0 alt_entries=0 alt_layouts=0 alt_soa=0 kv_ubatch=512 top_k=0 envelope=1 envelope_ubatch=0 mode=0
SYCL TP: Freed all persistent FFN buffers via unified-cache handles
SYCL TP: Freed all persistent attention buffers
[MEM-HANDLE] released 0 command-graph retained leases
[GRAPH-UNPIN] Released 0 graph MoE expert mem_handle leases
[GRAPH-UNPIN-WEIGHTS] Released 0 graph weight mem_handle leases
[SYCL] Host buffer alloc: 4.5 MB via unified-cache
[UNIFIED-CACHE] reclaim weight entries(mid-load-replan): erased 0 unpinned 0
[SYCL] weight cache lookup: tensor=0x2b898760 name=token_embd.weight device=0
[SYCL] weight cache lookup: tensor=0x2b8988f0 name=output_norm.weight device=0
[SYCL] weight cache lookup: tensor=0x2b899a20 name=blk.0.ffn_norm.weight device=0
[SYCL] weight cache lookup: tensor=0x2b898c10 name=blk.0.attn_norm.weight device=0
[SYCL] weight cache lookup: tensor=0x2b89b4b0 name=blk.1.ffn_norm.weight device=0
[SYCL] weight cache lookup: tensor=0x2b89a6a0 name=blk.1.attn_norm.weight device=0
[SYCL] weight cache lookup: tensor=0x2b898a80 name=output.weight device=0
[SYCL] weight cache lookup: tensor=0x2b898da0 name=blk.0.attn_q.weight device=0
[SYCL] weight cache lookup: tensor=0x2b899700 name=blk.0.attn_output.weight device=0
[SYCL] weight cache lookup: tensor=0x2b8990c0 name=blk.0.attn_v.weight device=0
[SYCL] weight cache lookup: tensor=0x2b898f30 name=blk.0.attn_k.weight device=0
[SYCL] weight cache lookup: tensor=0x2b899570 name=blk.0.attn_v.bias device=0
[SYCL] weight cache lookup: tensor=0x2b8993e0 name=blk.0.attn_k.bias device=0
[SYCL] weight cache lookup: tensor=0x2b899890 name=blk.0.attn_output.bias device=0
[SYCL] weight cache lookup: tensor=0x2b899250 name=blk.0.attn_q.bias device=0
[SYCL] weight cache lookup: tensor=0x2b89d0d0 name=blk.0.attn_output.input_scale device=0
[SYCL] weight cache lookup: tensor=0x2b89cf40 name=blk.0.attn_v.input_scale device=0
[SYCL] weight cache lookup: tensor=0x2b89cdb0 name=blk.0.attn_k.input_scale device=0
[SYCL] weight cache lookup: tensor=0x2b89cc20 name=blk.0.attn_q.input_scale device=0
[SYCL] weight cache lookup: tensor=0x2b89c5e0 name=blk.0.attn_output.scale device=0
[SYCL] weight cache lookup: tensor=0x2b89c450 name=blk.0.attn_v.scale device=0
[SYCL] weight cache lookup: tensor=0x2b89c2c0 name=blk.0.attn_k.scale device=0
[SYCL] weight cache lookup: tensor=0x2b89c130 name=blk.0.attn_q.scale device=0
[SYCL] weight cache lookup: tensor=0x2b89b190 name=blk.1.attn_output.weight device=0
[SYCL] weight cache lookup: tensor=0x2b89ab50 name=blk.1.attn_v.weight device=0
[SYCL] weight cache lookup: tensor=0x2b89a9c0 name=blk.1.attn_k.weight device=0
[SYCL] weight cache lookup: tensor=0x2b89a830 name=blk.1.attn_q.weight device=0
[SYCL] weight cache lookup: tensor=0x2b89ae70 name=blk.1.attn_k.bias device=0
[SYCL] weight cache lookup: tensor=0x2b89b000 name=blk.1.attn_v.bias device=0
[SYCL] weight cache lookup: tensor=0x2b89ace0 name=blk.1.attn_q.bias device=0
[SYCL] weight cache lookup: tensor=0x2b89b320 name=blk.1.attn_output.bias device=0
[SYCL] weight cache lookup: tensor=0x2b89da30 name=blk.1.attn_v.scale device=0
[SYCL] weight cache lookup: tensor=0x2b89d8a0 name=blk.1.attn_k.scale device=0
[SYCL] weight cache lookup: tensor=0x2b89d710 name=blk.1.attn_q.scale device=0
[SYCL] weight cache lookup: tensor=0x2b89dbc0 name=blk.1.attn_output.scale device=0
[SYCL] weight cache lookup: tensor=0x2b89e390 name=blk.1.attn_k.input_scale device=0
[SYCL] weight cache lookup: tensor=0x2b89e520 name=blk.1.attn_v.input_scale device=0
[SYCL] weight cache lookup: tensor=0x2b89e6b0 name=blk.1.attn_output.input_scale device=0
[SYCL] weight cache lookup: tensor=0x2b89e200 name=blk.1.attn_q.input_scale device=0
[SYCL] weight cache lookup: tensor=0x2b89b640 name=rope_freqs.weight device=0
[SYCL] weight cache lookup: tensor=0x2b89a060 name=blk.0.ffn_up.weight device=0
[SYCL] weight cache lookup: tensor=0x2b899d40 name=blk.0.ffn_gate.weight device=0
[SYCL] weight cache lookup: tensor=0x2b899ed0 name=blk.0.ffn_down.weight device=0
[SYCL] weight cache lookup: tensor=0x2b89a1f0 name=blk.0.ffn_gate.bias device=0
[SYCL] weight cache lookup: tensor=0x2b89a510 name=blk.0.ffn_up.bias device=0
[SYCL] weight cache lookup: tensor=0x2b89a380 name=blk.0.ffn_down.bias device=0
[SYCL] weight cache lookup: tensor=0x2b89ca90 name=blk.0.ffn_up.scale device=0
[SYCL] weight cache lookup: tensor=0x2b89c900 name=blk.0.ffn_down.scale device=0
[SYCL] weight cache lookup: tensor=0x2b89c770 name=blk.0.ffn_gate.scale device=0
[SYCL] weight cache lookup: tensor=0x2b89d260 name=blk.0.ffn_gate.input_scale device=0
[SYCL] weight cache lookup: tensor=0x2b89d3f0 name=blk.0.ffn_down.input_scale device=0
[SYCL] weight cache lookup: tensor=0x2b89d580 name=blk.0.ffn_up.input_scale device=0
[SYCL] weight cache lookup: tensor=0x2b89b960 name=blk.1.ffn_down.weight device=0
[SYCL] weight cache lookup: tensor=0x2b89baf0 name=blk.1.ffn_up.weight device=0
[SYCL] weight cache lookup: tensor=0x2b89b7d0 name=blk.1.ffn_gate.weight device=0
[SYCL] weight cache lookup: tensor=0x2b89bfa0 name=blk.1.ffn_up.bias device=0
[SYCL] weight cache lookup: tensor=0x2b89bc80 name=blk.1.ffn_gate.bias device=0
[SYCL] weight cache lookup: tensor=0x2b89be10 name=blk.1.ffn_down.bias device=0
[SYCL] weight cache lookup: tensor=0x2b89dd50 name=blk.1.ffn_gate.scale device=0
[SYCL] weight cache lookup: tensor=0x2b89dee0 name=blk.1.ffn_down.scale device=0
[SYCL] weight cache lookup: tensor=0x2b89e070 name=blk.1.ffn_up.scale device=0
[SYCL] weight cache lookup: tensor=0x2b89e840 name=blk.1.ffn_gate.input_scale device=0
[SYCL] weight cache lookup: tensor=0x2b89e9d0 name=blk.1.ffn_down.input_scale device=0
[SYCL] weight cache lookup: tensor=0x2b89eb60 name=blk.1.ffn_up.input_scale device=0
[UNIFIED-CACHE] pin model=0 name_hash=0xad045d15402c08d3 layout=0
[UNIFIED-CACHE] pin model=0 name_hash=0x348b7dd451046514 layout=0
[UNIFIED-CACHE] pin model=0 name_hash=0xe7d3c5e727a81c4d layout=0
[UNIFIED-CACHE] pin model=0 name_hash=0xef3db2028fcb16a3 layout=0
[UNIFIED-CACHE] pin model=0 name_hash=0x15380309041992d9 layout=0
[UNIFIED-CACHE] pin model=0 name_hash=0x4599df1b04c6b9fb layout=0
[UNIFIED-CACHE] pin model=0 name_hash=0x3ba5a6821b6511e0 layout=0
[UNIFIED-CACHE] pin model=0 name_hash=0x38771636bce5a702 layout=0
[UNIFIED-CACHE] pin model=0 name_hash=0xd46dcd1b728c981f layout=0
[UNIFIED-CACHE] pin model=0 name_hash=0xab8cfe3bf6a50b9c layout=0
[UNIFIED-CACHE] pin model=0 name_hash=0x3a931c14a53d5960 layout=0
[UNIFIED-CACHE] pin model=0 name_hash=0xe4065a55adaaf03f layout=0
[UNIFIED-CACHE] pin model=0 name_hash=0xd16c818664a0cc0a layout=0
[UNIFIED-CACHE] pin model=0 name_hash=0x3779a6d76e4c7ee2 layout=0
[UNIFIED-CACHE] pin model=0 name_hash=0xe34f3e7aafdba3a5 layout=0
[UNIFIED-CACHE] pin model=0 name_hash=0xb09204520b9c97f0 layout=0
[UNIFIED-CACHE] pin model=0 name_hash=0x6bbc0b27530c18fc layout=0
[UNIFIED-CACHE] pin model=0 name_hash=0x4e1cae023ae18c67 layout=0
[UNIFIED-CACHE] pin model=0 name_hash=0x47466764d37e580d layout=0
[UNIFIED-CACHE] pin model=0 name_hash=0xae8ba76e3b151d9e layout=0
[UNIFIED-CACHE] pin model=0 name_hash=0xe30c0751e9ab32a9 layout=0
[UNIFIED-CACHE] pin model=0 name_hash=0xdf7c04510f974718 layout=0
[UNIFIED-CACHE] pin model=0 name_hash=0xaed088ad06d329a3 layout=0
[UNIFIED-CACHE] pin model=0 name_hash=0xeb54b67e9f099c46 layout=0
[UNIFIED-CACHE] pin model=0 name_hash=0xb235334776d9c72d layout=0
[UNIFIED-CACHE] pin model=0 name_hash=0xa7d836df53ff49d4 layout=0
[UNIFIED-CACHE] pin model=0 name_hash=0x6059a543aef7dbb7 layout=0
[UNIFIED-CACHE] pin model=0 name_hash=0x213f84667dda1dba layout=0
[UNIFIED-CACHE] pin model=0 name_hash=0xd04126154633d92a layout=0
[UNIFIED-CACHE] pin model=0 name_hash=0xc65810b3308e2a65 layout=0
[UNIFIED-CACHE] pin model=0 name_hash=0xa7c2590f0166f6b0 layout=0
[UNIFIED-CACHE] pin model=0 name_hash=0xcaf5b0fcacce6aea layout=0
[UNIFIED-CACHE] pin model=0 name_hash=0xe9ca1d4053ae41f9 layout=0
[UNIFIED-CACHE] pin model=0 name_hash=0x28e162c724839a layout=0
[UNIFIED-CACHE] pin model=0 name_hash=0xe5a443ece75be10e layout=0
[UNIFIED-CACHE] pin model=0 name_hash=0xc0bcce7fc727feb8 layout=0
[UNIFIED-CACHE] pin model=0 name_hash=0x64cda8f8043233df layout=0
[UNIFIED-CACHE] pin model=0 name_hash=0xde9943e34534adc3 layout=0
[UNIFIED-CACHE] pin model=0 name_hash=0xf6a1f79a2dffe780 layout=0
[UNIFIED-CACHE] pin model=0 name_hash=0x311b9ae764a4abcf layout=0
[UNIFIED-CACHE] pin model=0 name_hash=0x74919db2149cd436 layout=0
[UNIFIED-CACHE] pin model=0 name_hash=0x6fef520cddfce3c0 layout=0
[UNIFIED-CACHE] pin model=0 name_hash=0xac38173202bd7abb layout=0
[UNIFIED-CACHE] pin model=0 name_hash=0x6d5c481c06ed6b1c layout=0
[UNIFIED-CACHE] pin model=0 name_hash=0x582991162916c4b3 layout=0
[UNIFIED-CACHE] pin model=0 name_hash=0xbcde7c22847b8f24 layout=0
[UNIFIED-CACHE] pin model=0 name_hash=0xddb603f9cd448660 layout=0
[UNIFIED-CACHE] pin model=0 name_hash=0xc3a0bc9f0504d35c layout=0
[UNIFIED-CACHE] pin model=0 name_hash=0xb032bd475a68a1fe layout=0
[UNIFIED-CACHE] pin model=0 name_hash=0x5c0dc55f0f5cf2d3 layout=0
[UNIFIED-CACHE] pin model=0 name_hash=0xdd97f95fa07fec16 layout=0
[UNIFIED-CACHE] pin model=0 name_hash=0x891936947be60d4d layout=0
[UNIFIED-CACHE] pin model=0 name_hash=0xbe3c27e272f3ab58 layout=0
[UNIFIED-CACHE] pin model=0 name_hash=0xd5fed533d7a9f43d layout=0
[UNIFIED-CACHE] pin model=0 name_hash=0x6dec5f18f0f78e5a layout=0
[UNIFIED-CACHE] pin model=0 name_hash=0xf0969627acaaadf3 layout=0
[UNIFIED-CACHE] pin model=0 name_hash=0x6fcc54bc8ac0ed91 layout=0
[UNIFIED-CACHE] pin model=0 name_hash=0x38f421c0f38eec13 layout=0
[UNIFIED-CACHE] pin model=0 name_hash=0xecb90fa9456ad029 layout=0
[UNIFIED-CACHE] pin model=0 name_hash=0x1ede8821e8d02fde layout=0
[UNIFIED-CACHE] pin model=0 name_hash=0x708f6c2b4615257e layout=0
[UNIFIED-CACHE] pin model=0 name_hash=0x51e0984aef35a252 layout=0
[UNIFIED-CACHE] pin model=0 name_hash=0xb279802dbf02ec50 layout=0
[UNIFIED-CACHE] pin model=0 name_hash=0xd13690e99048047c layout=0
[UNIFIED-CACHE] model slot 0 claimed 0 weight entries (live mask 0x00000001)
[UNIFIED-CACHE] model slot 0 claimed 64 weight entries (live mask 0x00000001)
[SYCL] call ggml_backend_sycl_init
[SYCL] call ggml_backend_sycl_host_buffer_type
[SYCL] Host buffer alloc: 0.0 MB via unified-cache
[KV-TIER] dev=0 cache_available=30737 MB kv_req=0 MB arena=1
[UNIFIED-ALLOC] zone alloc: dev=0 zone=0 size=0.2 MB ptr=0xffffd55e28200000
[UNIFIED-ALLOC] zone alloc: dev=0 zone=0 size=0.2 MB ptr=0xffffd55e28240000
[SYCL] call ggml_backend_sycl_host_buffer_type
[SYCL] call ggml_backend_sycl_synchronize
Using unified-cache queue for device 0 stream 0
[UNIFIED-ALLOC] zone alloc: dev=0 zone=3 size=0.4 MB ptr=0xffffd55e47c2c000
[SYCL] Arena RUNTIME zone alloc: 0.4 MB (SYCL0)
[SYCL] Host buffer alloc: 0.1 MB via unified-cache
[SYCL] call ggml_backend_sycl_synchronize
[SYCL] call ggml_backend_sycl_synchronize
[SYCL] call ggml_backend_sycl_synchronize
[SYCL] call ggml_backend_sycl_host_buffer_type
[SYCL] Host buffer alloc: 0.1 MB via unified-cache
[SYCL] call ggml_backend_sycl_buffer_reset
[SOA-DEBUG] buffer_reset: PRESERVING 0 extras for compute buffer=0x2cb88020
[SYCL] call ggml_backend_sycl_buffer_init_tensor: tensor='embd':type=f32;ne=[256, 64, 1, 1];nb=[4, 1024, 65536, 65536]
[SYCL] call ggml_backend_sycl_buffer_init_tensor: tensor='norm-0':type=f32;ne=[256, 64, 1, 1];nb=[4, 1024, 65536, 65536]
[SYCL] call ggml_backend_sycl_buffer_init_tensor: tensor='attn_norm-0':type=f32;ne=[256, 64, 1, 1];nb=[4, 1024, 65536, 65536]
[SYCL] call ggml_backend_sycl_buffer_init_tensor: tensor='node_3':type=f32;ne=[256, 64, 1, 1];nb=[4, 1024, 65536, 65536]
[SYCL] call ggml_backend_sycl_buffer_init_tensor: tensor='Qcur-0':type=f32;ne=[256, 64, 1, 1];nb=[4, 1024, 65536, 65536]
[SYCL] call ggml_backend_sycl_buffer_init_tensor: tensor='Qcur-0':type=f32;ne=[256, 64, 1, 1];nb=[4, 1024, 65536, 65536]
[SYCL] call ggml_backend_sycl_buffer_init_tensor: tensor='Qcur-0':type=f32;ne=[128, 2, 64, 1];nb=[4, 512, 1024, 65536]
[SYCL] call ggml_backend_sycl_buffer_init_tensor: tensor='Qcur-0':type=f32;ne=[128, 2, 64, 1];nb=[4, 512, 1024, 65536]
[SYCL] call ggml_backend_sycl_buffer_init_tensor: tensor='node_8':type=f32;ne=[256, 64, 1, 1];nb=[4, 1024, 65536, 65536]
[SYCL] call ggml_backend_sycl_buffer_init_tensor: tensor='Vcur-0':type=f32;ne=[256, 64, 1, 1];nb=[4, 1024, 65536, 65536]
[SYCL] call ggml_backend_sycl_buffer_init_tensor: tensor='Vcur-0':type=f32;ne=[256, 64, 1, 1];nb=[4, 1024, 65536, 65536]
[SYCL] call ggml_backend_sycl_buffer_init_tensor: tensor='Vcur-0':type=f32;ne=[128, 2, 64, 1];nb=[4, 512, 1024, 65536]
[SYCL] call ggml_backend_sycl_buffer_init_tensor: tensor='node_12':type=f32;ne=[256, 64, 1, 1];nb=[4, 1024, 65536, 65536]
[SYCL] call ggml_backend_sycl_buffer_init_tensor: tensor='Kcur-0':type=f32;ne=[256, 64, 1, 1];nb=[4, 1024, 65536, 65536]
[SYCL] call ggml_backend_sycl_buffer_init_tensor: tensor='Kcur-0':type=f32;ne=[256, 64, 1, 1];nb=[4, 1024, 65536, 65536]
[SYCL] call ggml_backend_sycl_buffer_init_tensor: tensor='Kcur-0':type=f32;ne=[128, 2, 64, 1];nb=[4, 512, 1024, 65536]
[SYCL] call ggml_backend_sycl_buffer_init_tensor: tensor='Kcur-0':type=f32;ne=[128, 2, 64, 1];nb=[4, 512, 1024, 65536]
[SYCL] call ggml_backend_sycl_buffer_init_tensor: tensor='Kcur-0 (view)':type=f32;ne=[256, 64, 1, 1];nb=[4, 1024, 65536, 65536]
[SYCL] call ggml_backend_sycl_buffer_init_tensor: tensor='Vcur-0 (view)':type=f32;ne=[256, 64, 1, 1];nb=[4, 1024, 65536, 65536]
[SYCL] call ggml_backend_sycl_buffer_init_tensor: tensor='Qcur-0 (view)':type=f32;ne=[128, 2, 64, 1];nb=[4, 512, 1024, 65536]
[SYCL] call ggml_backend_sycl_buffer_init_tensor: tensor='Qcur-0 (view) (permuted)':type=f32;ne=[128, 64, 2, 1];nb=[4, 1024, 512, 65536];strided;permuted
[SYCL] call ggml_backend_sycl_buffer_init_tensor: tensor='Qcur-0 (view) (permuted) (copy)':type=f16;ne=[128, 64, 2, 1];nb=[2, 256, 16384, 32768]
[SYCL] call ggml_backend_sycl_buffer_init_tensor: tensor='node_28':type=f32;ne=[128, 2, 64, 1];nb=[4, 512, 1024, 65536]
[SYCL] call ggml_backend_sycl_buffer_init_tensor: tensor='kqv_out-0':type=f32;ne=[256, 64, 1, 1];nb=[4, 1024, 65536, 65536]
[SYCL] call ggml_backend_sycl_buffer_init_tensor: tensor='node_30':type=f32;ne=[256, 64, 1, 1];nb=[4, 1024, 65536, 65536]
[SYCL] call ggml_backend_sycl_buffer_init_tensor: tensor='node_31':type=f32;ne=[256, 64, 1, 1];nb=[4, 1024, 65536, 65536]
[SYCL] call ggml_backend_sycl_buffer_init_tensor: tensor='attn_out-0':type=f32;ne=[256, 64, 1, 1];nb=[4, 1024, 65536, 65536]
[SYCL] call ggml_backend_sycl_buffer_init_tensor: tensor='ffn_inp-0':type=f32;ne=[256, 64, 1, 1];nb=[4, 1024, 65536, 65536]
[SYCL] call ggml_backend_sycl_buffer_init_tensor: tensor='norm-0':type=f32;ne=[256, 64, 1, 1];nb=[4, 1024, 65536, 65536]
[SYCL] call ggml_backend_sycl_buffer_init_tensor: tensor='ffn_norm-0':type=f32;ne=[256, 64, 1, 1];nb=[4, 1024, 65536, 65536]
[SYCL] call ggml_backend_sycl_buffer_init_tensor: tensor='ffn_gate-0':type=f32;ne=[384, 64, 1, 1];nb=[4, 1536, 98304, 98304]
[SYCL] call ggml_backend_sycl_buffer_init_tensor: tensor='ffn_gate_b-0':type=f32;ne=[384, 64, 1, 1];nb=[4, 1536, 98304, 98304]
[SYCL] call ggml_backend_sycl_buffer_init_tensor: tensor='ffn_gate_s-0':type=f32;ne=[384, 64, 1, 1];nb=[4, 1536, 98304, 98304]
[SYCL] call ggml_backend_sycl_buffer_init_tensor: tensor='ffn_up-0':type=f32;ne=[384, 64, 1, 1];nb=[4, 1536, 98304, 98304]
[SYCL] call ggml_backend_sycl_buffer_init_tensor: tensor='ffn_up_b-0':type=f32;ne=[384, 64, 1, 1];nb=[4, 1536, 98304, 98304]
[SYCL] call ggml_backend_sycl_buffer_init_tensor: tensor='ffn_up_s-0':type=f32;ne=[384, 64, 1, 1];nb=[4, 1536, 98304, 98304]
[SYCL] call ggml_backend_sycl_buffer_init_tensor: tensor='ffn_swiglu-0':type=f32;ne=[384, 64, 1, 1];nb=[4, 1536, 98304, 98304]
[SYCL] call ggml_backend_sycl_buffer_init_tensor: tensor='ffn_down-0':type=f32;ne=[256, 64, 1, 1];nb=[4, 1024, 65536, 65536]
[SYCL] call ggml_backend_sycl_buffer_init_tensor: tensor='node_44':type=f32;ne=[256, 64, 1, 1];nb=[4, 1024, 65536, 65536]
[SYCL] call ggml_backend_sycl_buffer_init_tensor: tensor='ffn_out-0':type=f32;ne=[256, 64, 1, 1];nb=[4, 1024, 65536, 65536]
[SYCL] call ggml_backend_sycl_buffer_init_tensor: tensor='l_out-0':type=f32;ne=[256, 64, 1, 1];nb=[4, 1024, 65536, 65536]
[SYCL] call ggml_backend_sycl_buffer_init_tensor: tensor='norm-1':type=f32;ne=[256, 64, 1, 1];nb=[4, 1024, 65536, 65536]
[SYCL] call ggml_backend_sycl_buffer_init_tensor: tensor='attn_norm-1':type=f32;ne=[256, 64, 1, 1];nb=[4, 1024, 65536, 65536]
[SYCL] call ggml_backend_sycl_buffer_init_tensor: tensor='node_49':type=f32;ne=[256, 64, 1, 1];nb=[4, 1024, 65536, 65536]
[SYCL] call ggml_backend_sycl_buffer_init_tensor: tensor='Qcur-1':type=f32;ne=[256, 64, 1, 1];nb=[4, 1024, 65536, 65536]
[SYCL] call ggml_backend_sycl_buffer_init_tensor: tensor='Qcur-1':type=f32;ne=[256, 64, 1, 1];nb=[4, 1024, 65536, 65536]
[SYCL] call ggml_backend_sycl_buffer_init_tensor: tensor='Qcur-1':type=f32;ne=[128, 2, 64, 1];nb=[4, 512, 1024, 65536]
[SYCL] call ggml_backend_sycl_buffer_init_tensor: tensor='Qcur-1':type=f32;ne=[128, 2, 64, 1];nb=[4, 512, 1024, 65536]
[SYCL] call ggml_backend_sycl_buffer_init_tensor: tensor='node_54':type=f32;ne=[256, 64, 1, 1];nb=[4, 1024, 65536, 65536]
[SYCL] call ggml_backend_sycl_buffer_init_tensor: tensor='Vcur-1':type=f32;ne=[256, 64, 1, 1];nb=[4, 1024, 65536, 65536]
[SYCL] call ggml_backend_sycl_buffer_init_tensor: tensor='Vcur-1':type=f32;ne=[256, 64, 1, 1];nb=[4, 1024, 65536, 65536]
[SYCL] call ggml_backend_sycl_buffer_init_tensor: tensor='Vcur-1':type=f32;ne=[128, 2, 64, 1];nb=[4, 512, 1024, 65536]
[SYCL] call ggml_backend_sycl_buffer_init_tensor: tensor='node_58':type=f32;ne=[256, 64, 1, 1];nb=[4, 1024, 65536, 65536]
[SYCL] call ggml_backend_sycl_buffer_init_tensor: tensor='Kcur-1':type=f32;ne=[256, 64, 1, 1];nb=[4, 1024, 65536, 65536]
[SYCL] call ggml_backend_sycl_buffer_init_tensor: tensor='Kcur-1':type=f32;ne=[256, 64, 1, 1];nb=[4, 1024, 65536, 65536]
[SYCL] call ggml_backend_sycl_buffer_init_tensor: tensor='Kcur-1':type=f32;ne=[128, 2, 64, 1];nb=[4, 512, 1024, 65536]
[SYCL] call ggml_backend_sycl_buffer_init_tensor: tensor='Kcur-1':type=f32;ne=[128, 2, 64, 1];nb=[4, 512, 1024, 65536]
[SYCL] call ggml_backend_sycl_buffer_init_tensor: tensor='Kcur-1 (view)':type=f32;ne=[256, 64, 1, 1];nb=[4, 1024, 65536, 65536]
[SYCL] call ggml_backend_sycl_buffer_init_tensor: tensor='Vcur-1 (view)':type=f32;ne=[256, 64, 1, 1];nb=[4, 1024, 65536, 65536]
[SYCL] call ggml_backend_sycl_buffer_init_tensor: tensor='Qcur-1 (view)':type=f32;ne=[128, 2, 64, 1];nb=[4, 512, 1024, 65536]
[SYCL] call ggml_backend_sycl_buffer_init_tensor: tensor='Qcur-1 (view) (permuted)':type=f32;ne=[128, 64, 2, 1];nb=[4, 1024, 512, 65536];strided;permuted
[SYCL] call ggml_backend_sycl_buffer_init_tensor: tensor='Qcur-1 (view) (permuted) (copy)':type=f16;ne=[128, 64, 2, 1];nb=[2, 256, 16384, 32768]
[SYCL] call ggml_backend_sycl_buffer_init_tensor: tensor='node_74':type=f32;ne=[128, 2, 64, 1];nb=[4, 512, 1024, 65536]
[SYCL] call ggml_backend_sycl_buffer_init_tensor: tensor='kqv_out-1':type=f32;ne=[256, 64, 1, 1];nb=[4, 1024, 65536, 65536]
[SYCL] call ggml_backend_sycl_buffer_init_tensor: tensor='node_76':type=f32;ne=[256, 64, 1, 1];nb=[4, 1024, 65536, 65536]
[SYCL] call ggml_backend_sycl_buffer_init_tensor: tensor='node_77':type=f32;ne=[256, 64, 1, 1];nb=[4, 1024, 65536, 65536]
[SYCL] call ggml_backend_sycl_buffer_init_tensor: tensor='attn_out-1':type=f32;ne=[256, 64, 1, 1];nb=[4, 1024, 65536, 65536]
[SYCL] call ggml_backend_sycl_buffer_init_tensor: tensor='node_79':type=f32;ne=[256, 64, 1, 1];nb=[4, 1024, 65536, 65536]
[SYCL] call ggml_backend_sycl_buffer_init_tensor: tensor='node_80':type=f32;ne=[256, 64, 1, 1];nb=[4, 1024, 65536, 65536]
[SYCL] call ggml_backend_sycl_buffer_init_tensor: tensor='ffn_inp-1':type=f32;ne=[256, 64, 1, 1];nb=[4, 1024, 65536, 65536]
[SYCL] call ggml_backend_sycl_buffer_init_tensor: tensor='norm-1':type=f32;ne=[256, 64, 1, 1];nb=[4, 1024, 65536, 65536]
[SYCL] call ggml_backend_sycl_buffer_init_tensor: tensor='ffn_norm-1':type=f32;ne=[256, 64, 1, 1];nb=[4, 1024, 65536, 65536]
[SYCL] call ggml_backend_sycl_buffer_init_tensor: tensor='ffn_gate-1':type=f32;ne=[384, 64, 1, 1];nb=[4, 1536, 98304, 98304]
[SYCL] call ggml_backend_sycl_buffer_init_tensor: tensor='ffn_gate_b-1':type=f32;ne=[384, 64, 1, 1];nb=[4, 1536, 98304, 98304]
[SYCL] call ggml_backend_sycl_buffer_init_tensor: tensor='ffn_gate_s-1':type=f32;ne=[384, 64, 1, 1];nb=[4, 1536, 98304, 98304]
[SYCL] call ggml_backend_sycl_buffer_init_tensor: tensor='ffn_up-1':type=f32;ne=[384, 64, 1, 1];nb=[4, 1536, 98304, 98304]
[SYCL] call ggml_backend_sycl_buffer_init_tensor: tensor='ffn_up_b-1':type=f32;ne=[384, 64, 1, 1];nb=[4, 1536, 98304, 98304]
[SYCL] call ggml_backend_sycl_buffer_init_tensor: tensor='ffn_up_s-1':type=f32;ne=[384, 64, 1, 1];nb=[4, 1536, 98304, 98304]
[SYCL] call ggml_backend_sycl_buffer_init_tensor: tensor='ffn_swiglu-1':type=f32;ne=[384, 64, 1, 1];nb=[4, 1536, 98304, 98304]
[SYCL] call ggml_backend_sycl_buffer_init_tensor: tensor='ffn_down-1':type=f32;ne=[256, 64, 1, 1];nb=[4, 1024, 65536, 65536]
[SYCL] call ggml_backend_sycl_buffer_init_tensor: tensor='node_92':type=f32;ne=[256, 64, 1, 1];nb=[4, 1024, 65536, 65536]
[SYCL] call ggml_backend_sycl_buffer_init_tensor: tensor='ffn_out-1':type=f32;ne=[256, 64, 1, 1];nb=[4, 1024, 65536, 65536]
[SYCL] call ggml_backend_sycl_buffer_init_tensor: tensor='l_out-1':type=f32;ne=[256, 64, 1, 1];nb=[4, 1024, 65536, 65536]
[SYCL] call ggml_backend_sycl_buffer_init_tensor: tensor='norm':type=f32;ne=[256, 64, 1, 1];nb=[4, 1024, 65536, 65536]
[SYCL] call ggml_backend_sycl_buffer_init_tensor: tensor='result_norm':type=f32;ne=[256, 64, 1, 1];nb=[4, 1024, 65536, 65536]
[SYCL] call ggml_backend_sycl_buffer_init_tensor: tensor='result_output':type=f32;ne=[128, 64, 1, 1];nb=[4, 512, 32768, 32768]
[DEBUG-GRAPH-COMPUTE] ENTER: backend=0x2bcda750 cgraph=0x2cb571b8
[DEBUG-GRAPH-COMPUTE] sycl_ctx=0x2c7c96c0 device=0
[MEM-HANDLE] released 0 command-graph retained leases
[SYCL] call ggml_backend_sycl_get_device_memory
[MEM-QUERY] dev=0 free=497.9 MB total=32656.0 MB consumed=32158.1 MB
[GRAPH-COMPUTE] device 0 arena scratch=512.0/512.0 MB external_free=497.9 MB / total=32656.0 MB
[DEBUG-GRAPH-COMPUTE] Creating lambda...
[MOE-HYBRID] No MUL_MAT_ID nodes found, MoE hybrid disabled
[DEBUG-GRAPH-COMPUTE] Lambda created
[SYCL-GRAPH] call #1: use_sycl_graph=1, async_mem=0, n_nodes=98, has_exec_graph=0
[DEBUG] About to call ggml_sycl_graph_signature cgraph=0x2cb571b8
[DEBUG-GRAPH-SIG] cgraph=0x2cb571b8 n_nodes=98 n_leafs=0
[DEBUG] graph_hash=501262221122680916
[DEBUG] Checking graph support for device 0...
[DEBUG] graph_support=1
[GRAPH-PRELOAD-WEIGHTS] planner-authoritative residency active; skipping dense preload
[GRAPH-PRELOAD] Planner active: refreshing MoE pointer tables only
[GRAPH-PRELOAD] Preparing MoE pointer tables for graph (nodes=98 device=0)
[SYCL-GRAPH] warmup pass for prompt phase (n_nodes=98, warmed=0)
[DEBUG-IMPL] ENTER graph_compute_impl: n_nodes=98, device=0
[DEBUG-IMPL] Starting node loop, n_nodes=98
[DEBUG-IMPL] Node 0/98: op=40 name=embd
ggml_sycl_get_data_ptr_slow: tensor=inp_tokens, device=0, staging FAILED for non-device (type=0), using tensor->data=0x77cdffc00240
ggml_sycl_get_data_ptr_slow: tensor=inp_tokens, device=0, using tensor->data=0x77cdffc00240
[SYCL][OP] call ggml_sycl_get_rows: dst='embd':type=f32;ne=[256, 64, 1, 1];nb=[4, 1024, 65536, 65536]	src0='token_embd.weight':type=f32;ne=[256, 128, 1, 1];nb=[4, 1024, 131072, 131072]	src1='inp_tokens':type=i32;ne=[64, 1, 1, 1];nb=[4, 256, 256, 256]
[SYCL] weight cache lookup: tensor=0x2b898760 name=token_embd.weight device=0
[SYCL][OP] call ggml_sycl_get_rows done
[DEBUG-IMPL] Node 1/98: op=25 name=norm-0
[DEBUG-IMPL] Node 3/98: op=29 name=node_3
[SYCL] simple consumer routing declined: op=MUL_MAT dst=node_3 plan unavailable ctx=0
[DEBUG-MULMAT] ENTER: src0=blk.0.attn_q.weight src1=attn_norm-0 dst=node_3
[SYCL][OP] call ggml_sycl_mul_mat: dst='node_3':type=f32;ne=[256, 64, 1, 1];nb=[4, 1024, 65536, 65536]	src0='blk.0.attn_q.weight':type=f32;ne=[256, 256, 1, 1];nb=[4, 1024, 262144, 262144]	src1='attn_norm-0':type=f32;ne=[256, 64, 1, 1];nb=[4, 1024, 65536, 65536]
[XMXConfig] device=0: M=8 N=16 K_INT8=32 K_FP16=16 SLM=131072 nsm=256 supported=1 int8=1 fp16=1 double_buf=1 max_esimd_wg=64 nbarrier=0 esimd_dpas=1
[MUL_MAT] src0 device=0 ptr=0xffffd556b6441400 (tensor=blk.0.attn_q.weight layout=0)
[MUL_MAT] dst device=0 ptr=0xffffd55e47c4c000 (tensor=node_3)
[SYCL] weight cache lookup: tensor=0x2b898da0 name=blk.0.attn_q.weight device=0
[SYCL][OP] call ggml_sycl_mul_mat done
[DEBUG-IMPL] Node 4/98: op=7 name=Qcur-0
[DEBUG-IMPL] Node 6/98: op=36 name=Qcur-0
[DEBUG-IMPL] Node 7/98: op=49 name=Qcur-0
ggml_sycl_get_data_ptr_slow: tensor=leaf_7, device=0, staging FAILED for non-device (type=0), using tensor->data=0x77cdffc10340
ggml_sycl_get_data_ptr_slow: tensor=leaf_7, device=0, using tensor->data=0x77cdffc10340
[SYCL] simple consumer routing declined: op=ROPE dst=Qcur-0 local single-device plan ctx=0 target=0
[SYCL][OP] call ggml_sycl_rope: dst='Qcur-0':type=f32;ne=[128, 2, 64, 1];nb=[4, 512, 1024, 65536]	src0='Qcur-0':type=f32;ne=[128, 2, 64, 1];nb=[4, 512, 1024, 65536]	src1='leaf_7':type=i32;ne=[64, 1, 1, 1];nb=[4, 256, 256, 256]	src2='rope_freqs.weight':type=f32;ne=[64, 1, 1, 1];nb=[4, 256, 256, 256]
ggml_sycl_op_rope: norm path
[SYCL][OP] call ggml_sycl_rope done
[DEBUG-IMPL] Node 8/98: op=29 name=node_8
[SYCL] simple consumer routing declined: op=MUL_MAT dst=node_8 plan unavailable ctx=0
[DEBUG-MULMAT] ENTER: src0=blk.0.attn_v.weight src1=attn_norm-0 dst=node_8
[SYCL][OP] call ggml_sycl_mul_mat: dst='node_8':type=f32;ne=[256, 64, 1, 1];nb=[4, 1024, 65536, 65536]	src0='blk.0.attn_v.weight':type=f32;ne=[256, 256, 1, 1];nb=[4, 1024, 262144, 262144]	src1='attn_norm-0':type=f32;ne=[256, 64, 1, 1];nb=[4, 1024, 65536, 65536]
[XMXConfig] device=0: M=8 N=16 K_INT8=32 K_FP16=16 SLM=131072 nsm=256 supported=1 int8=1 fp16=1 double_buf=1 max_esimd_wg=64 nbarrier=0 esimd_dpas=1
[MUL_MAT] src0 device=0 ptr=0xffffd556b64c1400 (tensor=blk.0.attn_v.weight layout=0)
[MUL_MAT] dst device=0 ptr=0xffffd55e47c4c000 (tensor=node_8)
[SYCL] weight cache lookup: tensor=0x2b8990c0 name=blk.0.attn_v.weight device=0
[SYCL][OP] call ggml_sycl_mul_mat done
[DEBUG-IMPL] Node 9/98: op=7 name=Vcur-0
[DEBUG-IMPL] Node 11/98: op=36 name=Vcur-0
[DEBUG-IMPL] Node 12/98: op=29 name=node_12
[SYCL] simple consumer routing declined: op=MUL_MAT dst=node_12 plan unavailable ctx=0
[DEBUG-MULMAT] ENTER: src0=blk.0.attn_k.weight src1=attn_norm-0 dst=node_12
[SYCL][OP] call ggml_sycl_mul_mat: dst='node_12':type=f32;ne=[256, 64, 1, 1];nb=[4, 1024, 65536, 65536]	src0='blk.0.attn_k.weight':type=f32;ne=[256, 256, 1, 1];nb=[4, 1024, 262144, 262144]	src1='attn_norm-0':type=f32;ne=[256, 64, 1, 1];nb=[4, 1024, 65536, 65536]
[XMXConfig] device=0: M=8 N=16 K_INT8=32 K_FP16=16 SLM=131072 nsm=256 supported=1 int8=1 fp16=1 double_buf=1 max_esimd_wg=64 nbarrier=0 esimd_dpas=1
[MUL_MAT] src0 device=0 ptr=0xffffd556b6501400 (tensor=blk.0.attn_k.weight layout=0)
[MUL_MAT] dst device=0 ptr=0xffffd55e47c6c000 (tensor=node_12)
[SYCL] weight cache lookup: tensor=0x2b898f30 name=blk.0.attn_k.weight device=0
[SYCL][OP] call ggml_sycl_mul_mat done
[DEBUG-IMPL] Node 13/98: op=7 name=Kcur-0
[DEBUG-IMPL] Node 15/98: op=36 name=Kcur-0
[DEBUG-IMPL] Node 16/98: op=49 name=Kcur-0
[SYCL] simple consumer routing declined: op=ROPE dst=Kcur-0 local single-device plan ctx=0 target=0
[SYCL][OP] call ggml_sycl_rope: dst='Kcur-0':type=f32;ne=[128, 2, 64, 1];nb=[4, 512, 1024, 65536]	src0='Kcur-0':type=f32;ne=[128, 2, 64, 1];nb=[4, 512, 1024, 65536]	src1='leaf_7':type=i32;ne=[64, 1, 1, 1];nb=[4, 256, 256, 256]	src2='rope_freqs.weight':type=f32;ne=[64, 1, 1, 1];nb=[4, 256, 256, 256]
ggml_sycl_op_rope: norm path
[SYCL][OP] call ggml_sycl_rope done
[DEBUG-IMPL] Node 17/98: op=37 name=Kcur-0 (view)
[DEBUG-IMPL] Node 18/98: op=42 name=cache_k_l0 (view)
ggml_sycl_get_data_ptr_slow: tensor=leaf_15, device=0, staging FAILED for non-device (type=0), using tensor->data=0x77cdffc10440
ggml_sycl_get_data_ptr_slow: tensor=leaf_15, device=0, using tensor->data=0x77cdffc10440
[SYCL] simple consumer routing declined: op=SET_ROWS dst=cache_k_l0 (view) plan unavailable ctx=0
[SYCL][OP] call ggml_sycl_op_set_rows: dst='cache_k_l0 (view)':type=f16;ne=[256, 256, 1, 1];nb=[2, 512, 131072, 131072]	src0='Kcur-0 (view)':type=f32;ne=[256, 64, 1, 1];nb=[4, 1024, 65536, 65536]	src1='leaf_15':type=i64;ne=[64, 1, 1, 1];nb=[8, 512, 512, 512]
[SYCL][OP] call ggml_sycl_op_set_rows done
[DEBUG-IMPL] Node 19/98: op=37 name=Vcur-0 (view)
[DEBUG-IMPL] Node 20/98: op=42 name=cache_v_l0 (view)
ggml_sycl_get_data_ptr_slow: tensor=leaf_17, device=0, staging FAILED for non-device (type=0), using tensor->data=0x77cdffc10640
ggml_sycl_get_data_ptr_slow: tensor=leaf_17, device=0, using tensor->data=0x77cdffc10640
[SYCL] simple consumer routing declined: op=SET_ROWS dst=cache_v_l0 (view) plan unavailable ctx=0
[SYCL][OP] call ggml_sycl_op_set_rows: dst='cache_v_l0 (view)':type=f16;ne=[256, 256, 1, 1];nb=[2, 512, 131072, 131072]	src0='Vcur-0 (view)':type=f32;ne=[256, 64, 1, 1];nb=[4, 1024, 65536, 65536]	src1='leaf_17':type=i64;ne=[64, 1, 1, 1];nb=[8, 512, 512, 512]
[SYCL][OP] call ggml_sycl_op_set_rows done
[DEBUG-IMPL] Node 21/98: op=37 name=Qcur-0 (view)
[DEBUG-IMPL] Node 22/98: op=38 name=Qcur-0 (view) (permuted)
[DEBUG-IMPL] Node 23/98: op=34 name=Qcur-0 (view) (permuted) (copy)
[SYCL] simple consumer routing declined: op=CPY dst=Qcur-0 (view) (permuted) (copy) local single-device plan ctx=0 target=0
[SYCL][OP] call ggml_sycl_cpy: dst='Qcur-0 (view) (permuted) (copy)':type=f16;ne=[128, 64, 2, 1];nb=[2, 256, 16384, 32768]	src0='Qcur-0 (view) (permuted)':type=f32;ne=[128, 64, 2, 1];nb=[4, 1024, 512, 65536];strided;permuted
[CPY] device=0 main_stream=0x2b690ec0 tp_queue=(nil) (match=0)
[CPY DEBUG] device=0 src0=Qcur-0 (view) (permuted)(0xffffd55e47c5c000, usm=1) -> src1=Qcur-0 (view) (permuted) (copy)(0xffffd55e47c3c000, usm=1) size=65536
[CPY STAGING CHECK] device=0 needs_staging=0 src0_type=1 dst_is_device=1
[SYCL][OP] call ggml_sycl_cpy done
[DEBUG-IMPL] Node 24/98: op=37 name=cache_k_l0 (view)
[DEBUG-IMPL] Node 25/98: op=38 name=cache_k_l0 (view) (permuted)
[DEBUG-IMPL] Node 26/98: op=37 name=cache_v_l0 (view)
[DEBUG-IMPL] Node 27/98: op=38 name=cache_v_l0 (view) (permuted)
[DEBUG-IMPL] Node 28/98: op=75 name=node_28
ggml_sycl_get_data_ptr_slow: tensor=attn_inp_kq_mask, device=0, staging FAILED for non-device (type=0), using tensor->data=0x77cdffc10840
ggml_sycl_get_data_ptr_slow: tensor=attn_inp_kq_mask, device=0, using tensor->data=0x77cdffc10840
[SYCL] simple consumer routing declined: op=FLASH_ATTN_EXT dst=node_28 plan unavailable ctx=0
ggml_sycl_get_data_ptr_slow: tensor=Qcur-0 (view) (permuted) (copy), device=1, rejecting tensor->data=0xffffd55e47c3c000 owned by device 0
ggml_sycl_get_data_ptr_slow: tensor=node_28, device=1, rejecting tensor->data=0xffffd55e47c44000 owned by device 0
[SYCL] ESIMD Flash Attention enabled for decode
[SYCL] GGML_SYCL_F16 build: attention Q/accumulators are f16
[UNIFIED-ALLOC] zone alloc: dev=0 zone=3 size=0.0 MB ptr=0xffffd55e47c94000
[DEBUG-IMPL] Node 29/98: op=36 name=kqv_out-0
[DEBUG-IMPL] Node 30/98: op=29 name=node_30
[SYCL] simple consumer routing declined: op=MUL_MAT dst=node_30 plan unavailable ctx=0
[DEBUG-MULMAT] ENTER: src0=blk.0.attn_output.weight src1=kqv_out-0 dst=node_30
[SYCL][OP] call ggml_sycl_mul_mat: dst='node_30':type=f32;ne=[256, 64, 1, 1];nb=[4, 1024, 65536, 65536]	src0='blk.0.attn_output.weight':type=f32;ne=[256, 256, 1, 1];nb=[4, 1024, 262144, 262144]	src1='kqv_out-0':type=f32;ne=[256, 64, 1, 1];nb=[4, 1024, 65536, 65536]
[XMXConfig] device=0: M=8 N=16 K_INT8=32 K_FP16=16 SLM=131072 nsm=256 supported=1 int8=1 fp16=1 double_buf=1 max_esimd_wg=64 nbarrier=0 esimd_dpas=1
[MUL_MAT] src0 device=0 ptr=0xffffd556b6481400 (tensor=blk.0.attn_output.weight layout=0)
[MUL_MAT] dst device=0 ptr=0xffffd55e47c54000 (tensor=node_30)
[SYCL] weight cache lookup: tensor=0x2b899700 name=blk.0.attn_output.weight device=0
[SYCL][OP] call ggml_sycl_mul_mat done
[DEBUG-IMPL] Node 31/98: op=7 name=node_31
[DEBUG-IMPL] Node 33/98: op=2 name=ffn_inp-0
[DEBUG-IMPL] Node 35/98: op=7 name=ffn_norm-0
[SYCL] simple consumer routing declined: op=MUL dst=ffn_norm-0 local single-device plan ctx=0 target=0
[SYCL][OP] call ggml_sycl_mul: dst='ffn_norm-0':type=f32;ne=[256, 64, 1, 1];nb=[4, 1024, 65536, 65536]	src0='norm-0':type=f32;ne=[256, 64, 1, 1];nb=[4, 1024, 65536, 65536]	src1='blk.0.ffn_norm.weight':type=f32;ne=[256, 1, 1, 1];nb=[4, 1024, 1024, 1024]
[BINBCAST-PTR] src0=norm-0 src0_host=0xffffd55e47c2c000 src0_d=0xffffd55e47c2c000
[BINBCAST-PTR] src1=blk.0.ffn_norm.weight src1_host=0x77cf13941840 src1_d=0xffffd556b6420400
[SYCL][OP] call ggml_sycl_mul done
[DEBUG-IMPL] Node 36/98: op=29 name=ffn_gate-0
[SYCL] simple consumer routing declined: op=MUL_MAT dst=ffn_gate-0 plan unavailable ctx=0
[DEBUG-MULMAT] ENTER: src0=blk.0.ffn_gate.weight src1=ffn_norm-0 dst=ffn_gate-0
[SYCL][OP] call ggml_sycl_mul_mat: dst='ffn_gate-0':type=f32;ne=[384, 64, 1, 1];nb=[4, 1536, 98304, 98304]	src0='blk.0.ffn_gate.weight':type=f32;ne=[256, 384, 1, 1];nb=[4, 1024, 393216, 393216]	src1='ffn_norm-0':type=f32;ne=[256, 64, 1, 1];nb=[4, 1024, 65536, 65536]
[XMXConfig] device=0: M=8 N=16 K_INT8=32 K_FP16=16 SLM=131072 nsm=256 supported=1 int8=1 fp16=1 double_buf=1 max_esimd_wg=64 nbarrier=0 esimd_dpas=1
[MUL_MAT] src0 device=0 ptr=0xffffd556b66a4500 (tensor=blk.0.ffn_gate.weight layout=0)
[MUL_MAT] dst device=0 ptr=0xffffd55e47c3c000 (tensor=ffn_gate-0)
[SYCL] weight cache lookup: tensor=0x2b899d40 name=blk.0.ffn_gate.weight device=0
[SYCL][OP] call ggml_sycl_mul_mat done
[DEBUG-IMPL] Node 37/98: op=2 name=ffn_gate_b-0
[SYCL] simple consumer routing declined: op=ADD dst=ffn_gate_b-0 local single-device plan ctx=0 target=0
[SYCL-ADD-DBG] ADD dst: name=ffn_gate_b-0 type=f32 op=ADD ne=[384,64,1,1] nb=[4,1536,98304,98304] contig=1 data=0xffffd55e47c3c000 view_src=none view_offs=0 layout_mode=none layout_ptr=(nil) layout_size=0
[SYCL-ADD-DBG] ADD src0: name=ffn_gate-0 type=f32 op=MUL_MAT ne=[384,64,1,1] nb=[4,1536,98304,98304] contig=1 data=0xffffd55e47c3c000 view_src=none view_offs=0 layout_mode=none layout_ptr=(nil) layout_size=0
[SYCL-ADD-DBG] ADD src1: name=blk.0.ffn_gate.bias type=f32 op=NONE ne=[384,1,1,1] nb=[4,1536,1536,1536] contig=1 data=0x77cf13a61d40 view_src=none view_offs=0 layout_mode=aos layout_ptr=(nil) layout_size=1536
[SYCL][OP] call ggml_sycl_add: dst='ffn_gate_b-0':type=f32;ne=[384, 64, 1, 1];nb=[4, 1536, 98304, 98304]	src0='ffn_gate-0':type=f32;ne=[384, 64, 1, 1];nb=[4, 1536, 98304, 98304]	src1='blk.0.ffn_gate.bias':type=f32;ne=[384, 1, 1, 1];nb=[4, 1536, 1536, 1536]
[SYCL-ADD-DBG] ADD src0: name=ffn_gate-0 type=f32 ne=[384,64,1,1] nb=[4,1536,98304,98304] contig=1 data=0xffffd55e47c3c000 view_src=none view_offs=0 layout_mode=none layout_ptr=(nil) layout_size=0
[SYCL-ADD-DBG] ADD src1: name=blk.0.ffn_gate.bias type=f32 ne=[384,1,1,1] nb=[4,1536,1536,1536] contig=1 data=0x77cf13a61d40 view_src=none view_offs=0 layout_mode=aos layout_ptr=(nil) layout_size=1536
[SYCL-ADD-DBG] ADD dst: name=ffn_gate_b-0 type=f32 ne=[384,64,1,1] nb=[4,1536,98304,98304] contig=1 data=0xffffd55e47c3c000 view_src=none view_offs=0 layout_mode=none layout_ptr=(nil) layout_size=0
[BINBCAST-PTR] src0=ffn_gate-0 src0_host=0xffffd55e47c3c000 src0_d=0xffffd55e47c3c000
[BINBCAST-PTR] src1=blk.0.ffn_gate.bias src1_host=0x77cf13a61d40 src1_d=0xffffd556b6764500
[SYCL][OP] call ggml_sycl_add done
[DEBUG-IMPL] Node 38/98: op=7 name=ffn_gate_s-0
[SYCL] simple consumer routing declined: op=MUL dst=ffn_gate_s-0 local single-device plan ctx=0 target=0
[SYCL][OP] call ggml_sycl_mul: dst='ffn_gate_s-0':type=f32;ne=[384, 64, 1, 1];nb=[4, 1536, 98304, 98304]	src0='ffn_gate_b-0':type=f32;ne=[384, 64, 1, 1];nb=[4, 1536, 98304, 98304]	src1='blk.0.ffn_gate.scale':type=f32;ne=[1, 1, 1, 1];nb=[4, 4, 4, 4]
[BINBCAST-PTR] src0=ffn_gate_b-0 src0_host=0xffffd55e47c3c000 src0_d=0xffffd55e47c3c000
[BINBCAST-PTR] src1=blk.0.ffn_gate.scale src1_host=0x77cf13c856c0 src1_d=0xffffd556b6765700
[SYCL][OP] call ggml_sycl_mul done
[DEBUG-IMPL] Node 39/98: op=29 name=ffn_up-0
[SYCL] simple consumer routing declined: op=MUL_MAT dst=ffn_up-0 plan unavailable ctx=0
[DEBUG-MULMAT] ENTER: src0=blk.0.ffn_up.weight src1=ffn_norm-0 dst=ffn_up-0
[SYCL][OP] call ggml_sycl_mul_mat: dst='ffn_up-0':type=f32;ne=[384, 64, 1, 1];nb=[4, 1536, 98304, 98304]	src0='blk.0.ffn_up.weight':type=f32;ne=[256, 384, 1, 1];nb=[4, 1024, 393216, 393216]	src1='ffn_norm-0':type=f32;ne=[256, 64, 1, 1];nb=[4, 1024, 65536, 65536]
[XMXConfig] device=0: M=8 N=16 K_INT8=32 K_FP16=16 SLM=131072 nsm=256 supported=1 int8=1 fp16=1 double_buf=1 max_esimd_wg=64 nbarrier=0 esimd_dpas=1
[MUL_MAT] src0 device=0 ptr=0xffffd556b6644500 (tensor=blk.0.ffn_up.weight layout=0)
[MUL_MAT] dst device=0 ptr=0xffffd55e47c64000 (tensor=ffn_up-0)
[SYCL] weight cache lookup: tensor=0x2b89a060 name=blk.0.ffn_up.weight device=0
[SYCL][OP] call ggml_sycl_mul_mat done
[DEBUG-IMPL] Node 40/98: op=2 name=ffn_up_b-0
[SYCL] simple consumer routing declined: op=ADD dst=ffn_up_b-0 local single-device plan ctx=0 target=0
[SYCL-ADD-DBG] ADD dst: name=ffn_up_b-0 type=f32 op=ADD ne=[384,64,1,1] nb=[4,1536,98304,98304] contig=1 data=0xffffd55e47c64000 view_src=none view_offs=0 layout_mode=none layout_ptr=(nil) layout_size=0
[SYCL-ADD-DBG] ADD src0: name=ffn_up-0 type=f32 op=MUL_MAT ne=[384,64,1,1] nb=[4,1536,98304,98304] contig=1 data=0xffffd55e47c64000 view_src=none view_offs=0 layout_mode=none layout_ptr=(nil) layout_size=0
[SYCL-ADD-DBG] ADD src1: name=blk.0.ffn_up.bias type=f32 op=NONE ne=[384,1,1,1] nb=[4,1536,1536,1536] contig=1 data=0x77cf13a62740 view_src=none view_offs=0 layout_mode=aos layout_ptr=(nil) layout_size=1536
[SYCL][OP] call ggml_sycl_add: dst='ffn_up_b-0':type=f32;ne=[384, 64, 1, 1];nb=[4, 1536, 98304, 98304]	src0='ffn_up-0':type=f32;ne=[384, 64, 1, 1];nb=[4, 1536, 98304, 98304]	src1='blk.0.ffn_up.bias':type=f32;ne=[384, 1, 1, 1];nb=[4, 1536, 1536, 1536]
[SYCL-ADD-DBG] ADD src0: name=ffn_up-0 type=f32 ne=[384,64,1,1] nb=[4,1536,98304,98304] contig=1 data=0xffffd55e47c64000 view_src=none view_offs=0 layout_mode=none layout_ptr=(nil) layout_size=0
[SYCL-ADD-DBG] ADD src1: name=blk.0.ffn_up.bias type=f32 ne=[384,1,1,1] nb=[4,1536,1536,1536] contig=1 data=0x77cf13a62740 view_src=none view_offs=0 layout_mode=aos layout_ptr=(nil) layout_size=1536
[SYCL-ADD-DBG] ADD dst: name=ffn_up_b-0 type=f32 ne=[384,64,1,1] nb=[4,1536,98304,98304] contig=1 data=0xffffd55e47c64000 view_src=none view_offs=0 layout_mode=none layout_ptr=(nil) layout_size=0
[BINBCAST-PTR] src0=ffn_up-0 src0_host=0xffffd55e47c64000 src0_d=0xffffd55e47c64000
[BINBCAST-PTR] src1=blk.0.ffn_up.bias src1_host=0x77cf13a62740 src1_d=0xffffd556b6764b00
[SYCL][OP] call ggml_sycl_add done
[DEBUG-IMPL] Node 41/98: op=7 name=ffn_up_s-0
[SYCL] simple consumer routing declined: op=MUL dst=ffn_up_s-0 local single-device plan ctx=0 target=0
[SYCL][OP] call ggml_sycl_mul: dst='ffn_up_s-0':type=f32;ne=[384, 64, 1, 1];nb=[4, 1536, 98304, 98304]	src0='ffn_up_b-0':type=f32;ne=[384, 64, 1, 1];nb=[4, 1536, 98304, 98304]	src1='blk.0.ffn_up.scale':type=f32;ne=[1, 1, 1, 1];nb=[4, 4, 4, 4]
[BINBCAST-PTR] src0=ffn_up_b-0 src0_host=0xffffd55e47c64000 src0_d=0xffffd55e47c64000
[BINBCAST-PTR] src1=blk.0.ffn_up.scale src1_host=0x77cf13c85700 src1_d=0xffffd556b6765500
[SYCL][OP] call ggml_sycl_mul done
[DEBUG-IMPL] Node 42/98: op=97 name=ffn_swiglu-0
[SYCL] simple consumer routing declined: op=GLU dst=ffn_swiglu-0 local single-device plan ctx=0 target=0
[SYCL][OP] call ggml_sycl_swiglu: dst='ffn_swiglu-0':type=f32;ne=[384, 64, 1, 1];nb=[4, 1536, 98304, 98304]	src0='ffn_gate_s-0':type=f32;ne=[384, 64, 1, 1];nb=[4, 1536, 98304, 98304]
[SYCL][OP] call ggml_sycl_swiglu done
[DEBUG-IMPL] Node 43/98: op=29 name=ffn_down-0
[SYCL] simple consumer routing declined: op=MUL_MAT dst=ffn_down-0 plan unavailable ctx=0
[DEBUG-MULMAT] ENTER: src0=blk.0.ffn_down.weight src1=ffn_swiglu-0 dst=ffn_down-0
[SYCL][OP] call ggml_sycl_mul_mat: dst='ffn_down-0':type=f32;ne=[256, 64, 1, 1];nb=[4, 1024, 65536, 65536]	src0='blk.0.ffn_down.weight':type=f32;ne=[384, 256, 1, 1];nb=[4, 1536, 393216, 393216]	src1='ffn_swiglu-0':type=f32;ne=[384, 64, 1, 1];nb=[4, 1536, 98304, 98304]
[XMXConfig] device=0: M=8 N=16 K_INT8=32 K_FP16=16 SLM=131072 nsm=256 supported=1 int8=1 fp16=1 double_buf=1 max_esimd_wg=64 nbarrier=0 esimd_dpas=1
[MUL_MAT] src0 device=0 ptr=0xffffd556b6704500 (tensor=blk.0.ffn_down.weight layout=0)
[MUL_MAT] dst device=0 ptr=0xffffd55e47c64000 (tensor=ffn_down-0)
[SYCL] weight cache lookup: tensor=0x2b899ed0 name=blk.0.ffn_down.weight device=0
[SYCL][OP] call ggml_sycl_mul_mat done
[DEBUG-IMPL] Node 44/98: op=2 name=node_44
[SYCL] simple consumer routing declined: op=ADD dst=node_44 local single-device plan ctx=0 target=0
[SYCL-ADD-DBG] ADD dst: name=node_44 type=f32 op=ADD ne=[256,64,1,1] nb=[4,1024,65536,65536] contig=1 data=0xffffd55e47c64000 view_src=none view_offs=0 layout_mode=none layout_ptr=(nil) layout_size=0
[SYCL-ADD-DBG] ADD src0: name=ffn_down-0 type=f32 op=MUL_MAT ne=[256,64,1,1] nb=[4,1024,65536,65536] contig=1 data=0xffffd55e47c64000 view_src=none view_offs=0 layout_mode=none layout_ptr=(nil) layout_size=0
[SYCL-ADD-DBG] ADD src1: name=blk.0.ffn_down.bias type=f32 op=NONE ne=[256,1,1,1] nb=[4,1024,1024,1024] contig=1 data=0x77cf13a62340 view_src=none view_offs=0 layout_mode=aos layout_ptr=(nil) layout_size=1024
[SYCL][OP] call ggml_sycl_add: dst='node_44':type=f32;ne=[256, 64, 1, 1];nb=[4, 1024, 65536, 65536]	src0='ffn_down-0':type=f32;ne=[256, 64, 1, 1];nb=[4, 1024, 65536, 65536]	src1='blk.0.ffn_down.bias':type=f32;ne=[256, 1, 1, 1];nb=[4, 1024, 1024, 1024]
[SYCL-ADD-DBG] ADD src0: name=ffn_down-0 type=f32 ne=[256,64,1,1] nb=[4,1024,65536,65536] contig=1 data=0xffffd55e47c64000 view_src=none view_offs=0 layout_mode=none layout_ptr=(nil) layout_size=0
[SYCL-ADD-DBG] ADD src1: name=blk.0.ffn_down.bias type=f32 ne=[256,1,1,1] nb=[4,1024,1024,1024] contig=1 data=0x77cf13a62340 view_src=none view_offs=0 layout_mode=aos layout_ptr=(nil) layout_size=1024
[SYCL-ADD-DBG] ADD dst: name=node_44 type=f32 ne=[256,64,1,1] nb=[4,1024,65536,65536] contig=1 data=0xffffd55e47c64000 view_src=none view_offs=0 layout_mode=none layout_ptr=(nil) layout_size=0
[BINBCAST-PTR] src0=ffn_down-0 src0_host=0xffffd55e47c64000 src0_d=0xffffd55e47c64000
[BINBCAST-PTR] src1=blk.0.ffn_down.bias src1_host=0x77cf13a62340 src1_d=0xffffd556b6765100
[SYCL][OP] call ggml_sycl_add done
[DEBUG-IMPL] Node 45/98: op=7 name=ffn_out-0
[SYCL] simple consumer routing declined: op=MUL dst=ffn_out-0 local single-device plan ctx=0 target=0
[SYCL][OP] call ggml_sycl_mul: dst='ffn_out-0':type=f32;ne=[256, 64, 1, 1];nb=[4, 1024, 65536, 65536]	src0='node_44':type=f32;ne=[256, 64, 1, 1];nb=[4, 1024, 65536, 65536]	src1='blk.0.ffn_down.scale':type=f32;ne=[1, 1, 1, 1];nb=[4, 4, 4, 4]
[BINBCAST-PTR] src0=node_44 src0_host=0xffffd55e47c64000 src0_d=0xffffd55e47c64000
[BINBCAST-PTR] src1=blk.0.ffn_down.scale src1_host=0x77cf13c856e0 src1_d=0xffffd556b6765600
[SYCL][OP] call ggml_sycl_mul done
[DEBUG-IMPL] Node 46/98: op=2 name=l_out-0
[DEBUG-IMPL] Node 48/98: op=7 name=attn_norm-1
[SYCL] simple consumer routing declined: op=MUL dst=attn_norm-1 local single-device plan ctx=0 target=0
[SYCL][OP] call ggml_sycl_mul: dst='attn_norm-1':type=f32;ne=[256, 64, 1, 1];nb=[4, 1024, 65536, 65536]	src0='norm-1':type=f32;ne=[256, 64, 1, 1];nb=[4, 1024, 65536, 65536]	src1='blk.1.attn_norm.weight':type=f32;ne=[256, 1, 1, 1];nb=[4, 1024, 1024, 1024]
[BINBCAST-PTR] src0=norm-1 src0_host=0xffffd55e47c2c000 src0_d=0xffffd55e47c2c000
[BINBCAST-PTR] src1=blk.1.attn_norm.weight src1_host=0x77cf13a62d40 src1_d=0xffffd556b6421000
[SYCL][OP] call ggml_sycl_mul done
[DEBUG-IMPL] Node 49/98: op=29 name=node_49
[SYCL] simple consumer routing declined: op=MUL_MAT dst=node_49 plan unavailable ctx=0
[DEBUG-MULMAT] ENTER: src0=blk.1.attn_q.weight src1=attn_norm-1 dst=node_49
[SYCL][OP] call ggml_sycl_mul_mat: dst='node_49':type=f32;ne=[256, 64, 1, 1];nb=[4, 1024, 65536, 65536]	src0='blk.1.attn_q.weight':type=f32;ne=[256, 256, 1, 1];nb=[4, 1024, 262144, 262144]	src1='attn_norm-1':type=f32;ne=[256, 64, 1, 1];nb=[4, 1024, 65536, 65536]
[XMXConfig] device=0: M=8 N=16 K_INT8=32 K_FP16=16 SLM=131072 nsm=256 supported=1 int8=1 fp16=1 double_buf=1 max_esimd_wg=64 nbarrier=0 esimd_dpas=1
[MUL_MAT] src0 device=0 ptr=0xffffd556b6602c00 (tensor=blk.1.attn_q.weight layout=0)
[MUL_MAT] dst device=0 ptr=0xffffd55e47c3c000 (tensor=node_49)
[SYCL] weight cache lookup: tensor=0x2b89a830 name=blk.1.attn_q.weight device=0
[SYCL][OP] call ggml_sycl_mul_mat done
[DEBUG-IMPL] Node 50/98: op=7 name=Qcur-1
[DEBUG-IMPL] Node 52/98: op=36 name=Qcur-1
[DEBUG-IMPL] Node 53/98: op=49 name=Qcur-1
[SYCL] simple consumer routing declined: op=ROPE dst=Qcur-1 local single-device plan ctx=0 target=0
[SYCL][OP] call ggml_sycl_rope: dst='Qcur-1':type=f32;ne=[128, 2, 64, 1];nb=[4, 512, 1024, 65536]	src0='Qcur-1':type=f32;ne=[128, 2, 64, 1];nb=[4, 512, 1024, 65536]	src1='leaf_7':type=i32;ne=[64, 1, 1, 1];nb=[4, 256, 256, 256]	src2='rope_freqs.weight':type=f32;ne=[64, 1, 1, 1];nb=[4, 256, 256, 256]
ggml_sycl_op_rope: norm path
[SYCL][OP] call ggml_sycl_rope done
[DEBUG-IMPL] Node 54/98: op=29 name=node_54
[SYCL] simple consumer routing declined: op=MUL_MAT dst=node_54 plan unavailable ctx=0
[DEBUG-MULMAT] ENTER: src0=blk.1.attn_v.weight src1=attn_norm-1 dst=node_54
[SYCL][OP] call ggml_sycl_mul_mat: dst='node_54':type=f32;ne=[256, 64, 1, 1];nb=[4, 1024, 65536, 65536]	src0='blk.1.attn_v.weight':type=f32;ne=[256, 256, 1, 1];nb=[4, 1024, 262144, 262144]	src1='attn_norm-1':type=f32;ne=[256, 64, 1, 1];nb=[4, 1024, 65536, 65536]
[XMXConfig] device=0: M=8 N=16 K_INT8=32 K_FP16=16 SLM=131072 nsm=256 supported=1 int8=1 fp16=1 double_buf=1 max_esimd_wg=64 nbarrier=0 esimd_dpas=1
[MUL_MAT] src0 device=0 ptr=0xffffd556b6582c00 (tensor=blk.1.attn_v.weight layout=0)
[MUL_MAT] dst device=0 ptr=0xffffd55e47c3c000 (tensor=node_54)
[SYCL] weight cache lookup: tensor=0x2b89ab50 name=blk.1.attn_v.weight device=0
[SYCL][OP] call ggml_sycl_mul_mat done
[DEBUG-IMPL] Node 55/98: op=7 name=Vcur-1
[DEBUG-IMPL] Node 57/98: op=36 name=Vcur-1
[DEBUG-IMPL] Node 58/98: op=29 name=node_58
[SYCL] simple consumer routing declined: op=MUL_MAT dst=node_58 plan unavailable ctx=0
[DEBUG-MULMAT] ENTER: src0=blk.1.attn_k.weight src1=attn_norm-1 dst=node_58
[SYCL][OP] call ggml_sycl_mul_mat: dst='node_58':type=f32;ne=[256, 64, 1, 1];nb=[4, 1024, 65536, 65536]	src0='blk.1.attn_k.weight':type=f32;ne=[256, 256, 1, 1];nb=[4, 1024, 262144, 262144]	src1='attn_norm-1':type=f32;ne=[256, 64, 1, 1];nb=[4, 1024, 65536, 65536]
[XMXConfig] device=0: M=8 N=16 K_INT8=32 K_FP16=16 SLM=131072 nsm=256 supported=1 int8=1 fp16=1 double_buf=1 max_esimd_wg=64 nbarrier=0 esimd_dpas=1
[MUL_MAT] src0 device=0 ptr=0xffffd556b65c2c00 (tensor=blk.1.attn_k.weight layout=0)
[MUL_MAT] dst device=0 ptr=0xffffd55e47c74000 (tensor=node_58)
[SYCL] weight cache lookup: tensor=0x2b89a9c0 name=blk.1.attn_k.weight device=0
[SYCL][OP] call ggml_sycl_mul_mat done
[DEBUG-IMPL] Node 59/98: op=7 name=Kcur-1
[DEBUG-IMPL] Node 61/98: op=36 name=Kcur-1
[DEBUG-IMPL] Node 62/98: op=49 name=Kcur-1
[SYCL] simple consumer routing declined: op=ROPE dst=Kcur-1 local single-device plan ctx=0 target=0
[SYCL][OP] call ggml_sycl_rope: dst='Kcur-1':type=f32;ne=[128, 2, 64, 1];nb=[4, 512, 1024, 65536]	src0='Kcur-1':type=f32;ne=[128, 2, 64, 1];nb=[4, 512, 1024, 65536]	src1='leaf_7':type=i32;ne=[64, 1, 1, 1];nb=[4, 256, 256, 256]	src2='rope_freqs.weight':type=f32;ne=[64, 1, 1, 1];nb=[4, 256, 256, 256]
ggml_sycl_op_rope: norm path
[SYCL][OP] call ggml_sycl_rope done
[DEBUG-IMPL] Node 63/98: op=37 name=Kcur-1 (view)
[DEBUG-IMPL] Node 64/98: op=42 name=cache_k_l1 (view)
[SYCL] simple consumer routing declined: op=SET_ROWS dst=cache_k_l1 (view) plan unavailable ctx=0
[SYCL][OP] call ggml_sycl_op_set_rows: dst='cache_k_l1 (view)':type=f16;ne=[256, 256, 1, 1];nb=[2, 512, 131072, 131072]	src0='Kcur-1 (view)':type=f32;ne=[256, 64, 1, 1];nb=[4, 1024, 65536, 65536]	src1='leaf_15':type=i64;ne=[64, 1, 1, 1];nb=[8, 512, 512, 512]
[SYCL][OP] call ggml_sycl_op_set_rows done
[DEBUG-IMPL] Node 65/98: op=37 name=Vcur-1 (view)
[DEBUG-IMPL] Node 66/98: op=42 name=cache_v_l1 (view)
[SYCL] simple consumer routing declined: op=SET_ROWS dst=cache_v_l1 (view) plan unavailable ctx=0
[SYCL][OP] call ggml_sycl_op_set_rows: dst='cache_v_l1 (view)':type=f16;ne=[256, 256, 1, 1];nb=[2, 512, 131072, 131072]	src0='Vcur-1 (view)':type=f32;ne=[256, 64, 1, 1];nb=[4, 1024, 65536, 65536]	src1='leaf_17':type=i64;ne=[64, 1, 1, 1];nb=[8, 512, 512, 512]
[SYCL][OP] call ggml_sycl_op_set_rows done
[DEBUG-IMPL] Node 67/98: op=37 name=Qcur-1 (view)
[DEBUG-IMPL] Node 68/98: op=38 name=Qcur-1 (view) (permuted)
[DEBUG-IMPL] Node 69/98: op=34 name=Qcur-1 (view) (permuted) (copy)
[SYCL] simple consumer routing declined: op=CPY dst=Qcur-1 (view) (permuted) (copy) local single-device plan ctx=0 target=0
[SYCL][OP] call ggml_sycl_cpy: dst='Qcur-1 (view) (permuted) (copy)':type=f16;ne=[128, 64, 2, 1];nb=[2, 256, 16384, 32768]	src0='Qcur-1 (view) (permuted)':type=f32;ne=[128, 64, 2, 1];nb=[4, 1024, 512, 65536];strided;permuted
[CPY] device=0 main_stream=0x2b690ec0 tp_queue=(nil) (match=0)
[CPY DEBUG] device=0 src0=Qcur-1 (view) (permuted)(0xffffd55e47c4c000, usm=1) -> src1=Qcur-1 (view) (permuted) (copy)(0xffffd55e47c5c000, usm=1) size=65536
[CPY STAGING CHECK] device=0 needs_staging=0 src0_type=1 dst_is_device=1
[SYCL][OP] call ggml_sycl_cpy done
[DEBUG-IMPL] Node 70/98: op=37 name=cache_k_l1 (view)
[DEBUG-IMPL] Node 71/98: op=38 name=cache_k_l1 (view) (permuted)
[DEBUG-IMPL] Node 72/98: op=37 name=cache_v_l1 (view)
[DEBUG-IMPL] Node 73/98: op=38 name=cache_v_l1 (view) (permuted)
[DEBUG-IMPL] Node 74/98: op=75 name=node_74
[SYCL] simple consumer routing declined: op=FLASH_ATTN_EXT dst=node_74 plan unavailable ctx=0
ggml_sycl_get_data_ptr_slow: tensor=Qcur-1 (view) (permuted) (copy), device=1, rejecting tensor->data=0xffffd55e47c5c000 owned by device 0
ggml_sycl_get_data_ptr_slow: tensor=node_74, device=1, rejecting tensor->data=0xffffd55e47c2c000 owned by device 0
[DEBUG-IMPL] Node 75/98: op=36 name=kqv_out-1
[DEBUG-IMPL] Node 76/98: op=29 name=node_76
[SYCL] simple consumer routing declined: op=MUL_MAT dst=node_76 plan unavailable ctx=0
[DEBUG-MULMAT] ENTER: src0=blk.1.attn_output.weight src1=kqv_out-1 dst=node_76
[SYCL][OP] call ggml_sycl_mul_mat: dst='node_76':type=f32;ne=[256, 64, 1, 1];nb=[4, 1024, 65536, 65536]	src0='blk.1.attn_output.weight':type=f32;ne=[256, 256, 1, 1];nb=[4, 1024, 262144, 262144]	src1='kqv_out-1':type=f32;ne=[256, 64, 1, 1];nb=[4, 1024, 65536, 65536]
[XMXConfig] device=0: M=8 N=16 K_INT8=32 K_FP16=16 SLM=131072 nsm=256 supported=1 int8=1 fp16=1 double_buf=1 max_esimd_wg=64 nbarrier=0 esimd_dpas=1
[MUL_MAT] src0 device=0 ptr=0xffffd556b6542c00 (tensor=blk.1.attn_output.weight layout=0)
[MUL_MAT] dst device=0 ptr=0xffffd55e47c3c000 (tensor=node_76)
[SYCL] weight cache lookup: tensor=0x2b89b190 name=blk.1.attn_output.weight device=0
[SYCL][OP] call ggml_sycl_mul_mat done
[DEBUG-IMPL] Node 77/98: op=7 name=node_77
[DEBUG-IMPL] Node 79/98: op=40 name=node_79
ggml_sycl_get_data_ptr_slow: tensor=leaf_52, device=0, staging FAILED for non-device (type=0), using tensor->data=0x77cdffc18840
ggml_sycl_get_data_ptr_slow: tensor=leaf_52, device=0, using tensor->data=0x77cdffc18840
[SYCL][OP] call ggml_sycl_get_rows: dst='node_79':type=f32;ne=[256, 64, 1, 1];nb=[4, 1024, 65536, 65536]	src0='attn_out-1':type=f32;ne=[256, 64, 1, 1];nb=[4, 1024, 65536, 65536]	src1='leaf_52':type=i32;ne=[64, 1, 1, 1];nb=[4, 256, 256, 256]
[SYCL] weight cache lookup: tensor=0x77cfa1ccb6d0 name=attn_out-1 device=0
[SYCL][OP] call ggml_sycl_get_rows done
[DEBUG-IMPL] Node 80/98: op=40 name=node_80
[SYCL][OP] call ggml_sycl_get_rows: dst='node_80':type=f32;ne=[256, 64, 1, 1];nb=[4, 1024, 65536, 65536]	src0='l_out-0':type=f32;ne=[256, 64, 1, 1];nb=[4, 1024, 65536, 65536]	src1='leaf_52':type=i32;ne=[64, 1, 1, 1];nb=[4, 256, 256, 256]
[SYCL] weight cache lookup: tensor=0x77cfa1cc84d0 name=l_out-0 device=0
[SYCL][OP] call ggml_sycl_get_rows done
[DEBUG-IMPL] Node 81/98: op=2 name=ffn_inp-1
[DEBUG-IMPL] Node 83/98: op=7 name=ffn_norm-1
[SYCL] simple consumer routing declined: op=MUL dst=ffn_norm-1 local single-device plan ctx=0 target=0
[SYCL][OP] call ggml_sycl_mul: dst='ffn_norm-1':type=f32;ne=[256, 64, 1, 1];nb=[4, 1024, 65536, 65536]	src0='norm-1':type=f32;ne=[256, 64, 1, 1];nb=[4, 1024, 65536, 65536]	src1='blk.1.ffn_norm.weight':type=f32;ne=[256, 1, 1, 1];nb=[4, 1024, 1024, 1024]
[BINBCAST-PTR] src0=norm-1 src0_host=0xffffd55e47c3c000 src0_d=0xffffd55e47c3c000
[BINBCAST-PTR] src1=blk.1.ffn_norm.weight src1_host=0x77cf13b64140 src1_d=0xffffd556b6420c00
[SYCL][OP] call ggml_sycl_mul done
[DEBUG-IMPL] Node 84/98: op=29 name=ffn_gate-1
[SYCL] simple consumer routing declined: op=MUL_MAT dst=ffn_gate-1 plan unavailable ctx=0
[DEBUG-MULMAT] ENTER: src0=blk.1.ffn_gate.weight src1=ffn_norm-1 dst=ffn_gate-1
[SYCL][OP] call ggml_sycl_mul_mat: dst='ffn_gate-1':type=f32;ne=[384, 64, 1, 1];nb=[4, 1536, 98304, 98304]	src0='blk.1.ffn_gate.weight':type=f32;ne=[256, 384, 1, 1];nb=[4, 1024, 393216, 393216]	src1='ffn_norm-1':type=f32;ne=[256, 64, 1, 1];nb=[4, 1024, 65536, 65536]
[XMXConfig] device=0: M=8 N=16 K_INT8=32 K_FP16=16 SLM=131072 nsm=256 supported=1 int8=1 fp16=1 double_buf=1 max_esimd_wg=64 nbarrier=0 esimd_dpas=1
[MUL_MAT] src0 device=0 ptr=0xffffd556b6825b00 (tensor=blk.1.ffn_gate.weight layout=0)
[MUL_MAT] dst device=0 ptr=0xffffd55e47c4c000 (tensor=ffn_gate-1)
[SYCL] weight cache lookup: tensor=0x2b89b7d0 name=blk.1.ffn_gate.weight device=0
[SYCL][OP] call ggml_sycl_mul_mat done
[DEBUG-IMPL] Node 85/98: op=2 name=ffn_gate_b-1
[SYCL] simple consumer routing declined: op=ADD dst=ffn_gate_b-1 local single-device plan ctx=0 target=0
[SYCL-ADD-DBG] ADD dst: name=ffn_gate_b-1 type=f32 op=ADD ne=[384,64,1,1] nb=[4,1536,98304,98304] contig=1 data=0xffffd55e47c4c000 view_src=none view_offs=0 layout_mode=none layout_ptr=(nil) layout_size=0
[SYCL-ADD-DBG] ADD src0: name=ffn_gate-1 type=f32 op=MUL_MAT ne=[384,64,1,1] nb=[4,1536,98304,98304] contig=1 data=0xffffd55e47c4c000 view_src=none view_offs=0 layout_mode=none layout_ptr=(nil) layout_size=0
[SYCL-ADD-DBG] ADD src1: name=blk.1.ffn_gate.bias type=f32 op=NONE ne=[384,1,1,1] nb=[4,1536,1536,1536] contig=1 data=0x77cf13c84640 view_src=none view_offs=0 layout_mode=aos layout_ptr=(nil) layout_size=1536
[SYCL][OP] call ggml_sycl_add: dst='ffn_gate_b-1':type=f32;ne=[384, 64, 1, 1];nb=[4, 1536, 98304, 98304]	src0='ffn_gate-1':type=f32;ne=[384, 64, 1, 1];nb=[4, 1536, 98304, 98304]	src1='blk.1.ffn_gate.bias':type=f32;ne=[384, 1, 1, 1];nb=[4, 1536, 1536, 1536]
[SYCL-ADD-DBG] ADD src0: name=ffn_gate-1 type=f32 ne=[384,64,1,1] nb=[4,1536,98304,98304] contig=1 data=0xffffd55e47c4c000 view_src=none view_offs=0 layout_mode=none layout_ptr=(nil) layout_size=0
[SYCL-ADD-DBG] ADD src1: name=blk.1.ffn_gate.bias type=f32 ne=[384,1,1,1] nb=[4,1536,1536,1536] contig=1 data=0x77cf13c84640 view_src=none view_offs=0 layout_mode=aos layout_ptr=(nil) layout_size=1536
[SYCL-ADD-DBG] ADD dst: name=ffn_gate_b-1 type=f32 ne=[384,64,1,1] nb=[4,1536,98304,98304] contig=1 data=0xffffd55e47c4c000 view_src=none view_offs=0 layout_mode=none layout_ptr=(nil) layout_size=0
[BINBCAST-PTR] src0=ffn_gate-1 src0_host=0xffffd55e47c4c000 src0_d=0xffffd55e47c4c000
[BINBCAST-PTR] src1=blk.1.ffn_gate.bias src1_host=0x77cf13c84640 src1_d=0xffffd556b6886100
[SYCL][OP] call ggml_sycl_add done
[DEBUG-IMPL] Node 86/98: op=7 name=ffn_gate_s-1
[SYCL] simple consumer routing declined: op=MUL dst=ffn_gate_s-1 local single-device plan ctx=0 target=0
[SYCL][OP] call ggml_sycl_mul: dst='ffn_gate_s-1':type=f32;ne=[384, 64, 1, 1];nb=[4, 1536, 98304, 98304]	src0='ffn_gate_b-1':type=f32;ne=[384, 64, 1, 1];nb=[4, 1536, 98304, 98304]	src1='blk.1.ffn_gate.scale':type=f32;ne=[1, 1, 1, 1];nb=[4, 4, 4, 4]
[BINBCAST-PTR] src0=ffn_gate_b-1 src0_host=0xffffd55e47c4c000 src0_d=0xffffd55e47c4c000
[BINBCAST-PTR] src1=blk.1.ffn_gate.scale src1_host=0x77cf13c85880 src1_d=0xffffd556b6886b00
[SYCL][OP] call ggml_sycl_mul done
[DEBUG-IMPL] Node 87/98: op=29 name=ffn_up-1
[SYCL] simple consumer routing declined: op=MUL_MAT dst=ffn_up-1 plan unavailable ctx=0
[DEBUG-MULMAT] ENTER: src0=blk.1.ffn_up.weight src1=ffn_norm-1 dst=ffn_up-1
[SYCL][OP] call ggml_sycl_mul_mat: dst='ffn_up-1':type=f32;ne=[384, 64, 1, 1];nb=[4, 1536, 98304, 98304]	src0='blk.1.ffn_up.weight':type=f32;ne=[256, 384, 1, 1];nb=[4, 1024, 393216, 393216]	src1='ffn_norm-1':type=f32;ne=[256, 64, 1, 1];nb=[4, 1024, 65536, 65536]
[XMXConfig] device=0: M=8 N=16 K_INT8=32 K_FP16=16 SLM=131072 nsm=256 supported=1 int8=1 fp16=1 double_buf=1 max_esimd_wg=64 nbarrier=0 esimd_dpas=1
[MUL_MAT] src0 device=0 ptr=0xffffd556b67c5b00 (tensor=blk.1.ffn_up.weight layout=0)
[MUL_MAT] dst device=0 ptr=0xffffd55e47c64000 (tensor=ffn_up-1)
[SYCL] weight cache lookup: tensor=0x2b89baf0 name=blk.1.ffn_up.weight device=0
[SYCL][OP] call ggml_sycl_mul_mat done
[DEBUG-IMPL] Node 88/98: op=2 name=ffn_up_b-1
[SYCL] simple consumer routing declined: op=ADD dst=ffn_up_b-1 local single-device plan ctx=0 target=0
[SYCL-ADD-DBG] ADD dst: name=ffn_up_b-1 type=f32 op=ADD ne=[384,64,1,1] nb=[4,1536,98304,98304] contig=1 data=0xffffd55e47c64000 view_src=none view_offs=0 layout_mode=none layout_ptr=(nil) layout_size=0
[SYCL-ADD-DBG] ADD src0: name=ffn_up-1 type=f32 op=MUL_MAT ne=[384,64,1,1] nb=[4,1536,98304,98304] contig=1 data=0xffffd55e47c64000 view_src=none view_offs=0 layout_mode=none layout_ptr=(nil) layout_size=0
[SYCL-ADD-DBG] ADD src1: name=blk.1.ffn_up.bias type=f32 op=NONE ne=[384,1,1,1] nb=[4,1536,1536,1536] contig=1 data=0x77cf13c85040 view_src=none view_offs=0 layout_mode=aos layout_ptr=(nil) layout_size=1536
[SYCL][OP] call ggml_sycl_add: dst='ffn_up_b-1':type=f32;ne=[384, 64, 1, 1];nb=[4, 1536, 98304, 98304]	src0='ffn_up-1':type=f32;ne=[384, 64, 1, 1];nb=[4, 1536, 98304, 98304]	src1='blk.1.ffn_up.bias':type=f32;ne=[384, 1, 1, 1];nb=[4, 1536, 1536, 1536]
[SYCL-ADD-DBG] ADD src0: name=ffn_up-1 type=f32 ne=[384,64,1,1] nb=[4,1536,98304,98304] contig=1 data=0xffffd55e47c64000 view_src=none view_offs=0 layout_mode=none layout_ptr=(nil) layout_size=0
[SYCL-ADD-DBG] ADD src1: name=blk.1.ffn_up.bias type=f32 ne=[384,1,1,1] nb=[4,1536,1536,1536] contig=1 data=0x77cf13c85040 view_src=none view_offs=0 layout_mode=aos layout_ptr=(nil) layout_size=1536
[SYCL-ADD-DBG] ADD dst: name=ffn_up_b-1 type=f32 ne=[384,64,1,1] nb=[4,1536,98304,98304] contig=1 data=0xffffd55e47c64000 view_src=none view_offs=0 layout_mode=none layout_ptr=(nil) layout_size=0
[BINBCAST-PTR] src0=ffn_up-1 src0_host=0xffffd55e47c64000 src0_d=0xffffd55e47c64000
[BINBCAST-PTR] src1=blk.1.ffn_up.bias src1_host=0x77cf13c85040 src1_d=0xffffd556b6885b00
[SYCL][OP] call ggml_sycl_add done
[DEBUG-IMPL] Node 89/98: op=7 name=ffn_up_s-1
[SYCL] simple consumer routing declined: op=MUL dst=ffn_up_s-1 local single-device plan ctx=0 target=0
[SYCL][OP] call ggml_sycl_mul: dst='ffn_up_s-1':type=f32;ne=[384, 64, 1, 1];nb=[4, 1536, 98304, 98304]	src0='ffn_up_b-1':type=f32;ne=[384, 64, 1, 1];nb=[4, 1536, 98304, 98304]	src1='blk.1.ffn_up.scale':type=f32;ne=[1, 1, 1, 1];nb=[4, 4, 4, 4]
[BINBCAST-PTR] src0=ffn_up_b-1 src0_host=0xffffd55e47c64000 src0_d=0xffffd55e47c64000
[BINBCAST-PTR] src1=blk.1.ffn_up.scale src1_host=0x77cf13c858c0 src1_d=0xffffd556b6886d00
[SYCL][OP] call ggml_sycl_mul done
[DEBUG-IMPL] Node 90/98: op=97 name=ffn_swiglu-1
[SYCL] simple consumer routing declined: op=GLU dst=ffn_swiglu-1 local single-device plan ctx=0 target=0
[SYCL][OP] call ggml_sycl_swiglu: dst='ffn_swiglu-1':type=f32;ne=[384, 64, 1, 1];nb=[4, 1536, 98304, 98304]	src0='ffn_gate_s-1':type=f32;ne=[384, 64, 1, 1];nb=[4, 1536, 98304, 98304]
[SYCL][OP] call ggml_sycl_swiglu done
[DEBUG-IMPL] Node 91/98: op=29 name=ffn_down-1
[SYCL] simple consumer routing declined: op=MUL_MAT dst=ffn_down-1 plan unavailable ctx=0
[DEBUG-MULMAT] ENTER: src0=blk.1.ffn_down.weight src1=ffn_swiglu-1 dst=ffn_down-1
[SYCL][OP] call ggml_sycl_mul_mat: dst='ffn_down-1':type=f32;ne=[256, 64, 1, 1];nb=[4, 1024, 65536, 65536]	src0='blk.1.ffn_down.weight':type=f32;ne=[384, 256, 1, 1];nb=[4, 1536, 393216, 393216]	src1='ffn_swiglu-1':type=f32;ne=[384, 64, 1, 1];nb=[4, 1536, 98304, 98304]
[XMXConfig] device=0: M=8 N=16 K_INT8=32 K_FP16=16 SLM=131072 nsm=256 supported=1 int8=1 fp16=1 double_buf=1 max_esimd_wg=64 nbarrier=0 esimd_dpas=1
[MUL_MAT] src0 device=0 ptr=0xffffd556b6765b00 (tensor=blk.1.ffn_down.weight layout=0)
[MUL_MAT] dst device=0 ptr=0xffffd55e47c3c000 (tensor=ffn_down-1)
[SYCL] weight cache lookup: tensor=0x2b89b960 name=blk.1.ffn_down.weight device=0
[SYCL][OP] call ggml_sycl_mul_mat done
[DEBUG-IMPL] Node 92/98: op=2 name=node_92
[SYCL] simple consumer routing declined: op=ADD dst=node_92 local single-device plan ctx=0 target=0
[SYCL-ADD-DBG] ADD dst: name=node_92 type=f32 op=ADD ne=[256,64,1,1] nb=[4,1024,65536,65536] contig=1 data=0xffffd55e47c3c000 view_src=none view_offs=0 layout_mode=none layout_ptr=(nil) layout_size=0
[SYCL-ADD-DBG] ADD src0: name=ffn_down-1 type=f32 op=MUL_MAT ne=[256,64,1,1] nb=[4,1024,65536,65536] contig=1 data=0xffffd55e47c3c000 view_src=none view_offs=0 layout_mode=none layout_ptr=(nil) layout_size=0
[SYCL-ADD-DBG] ADD src1: name=blk.1.ffn_down.bias type=f32 op=NONE ne=[256,1,1,1] nb=[4,1024,1024,1024] contig=1 data=0x77cf13c84c40 view_src=none view_offs=0 layout_mode=aos layout_ptr=(nil) layout_size=1024
[SYCL][OP] call ggml_sycl_add: dst='node_92':type=f32;ne=[256, 64, 1, 1];nb=[4, 1024, 65536, 65536]	src0='ffn_down-1':type=f32;ne=[256, 64, 1, 1];nb=[4, 1024, 65536, 65536]	src1='blk.1.ffn_down.bias':type=f32;ne=[256, 1, 1, 1];nb=[4, 1024, 1024, 1024]
[SYCL-ADD-DBG] ADD src0: name=ffn_down-1 type=f32 ne=[256,64,1,1] nb=[4,1024,65536,65536] contig=1 data=0xffffd55e47c3c000 view_src=none view_offs=0 layout_mode=none layout_ptr=(nil) layout_size=0
[SYCL-ADD-DBG] ADD src1: name=blk.1.ffn_down.bias type=f32 ne=[256,1,1,1] nb=[4,1024,1024,1024] contig=1 data=0x77cf13c84c40 view_src=none view_offs=0 layout_mode=aos layout_ptr=(nil) layout_size=1024
[SYCL-ADD-DBG] ADD dst: name=node_92 type=f32 ne=[256,64,1,1] nb=[4,1024,65536,65536] contig=1 data=0xffffd55e47c3c000 view_src=none view_offs=0 layout_mode=none layout_ptr=(nil) layout_size=0
[BINBCAST-PTR] src0=ffn_down-1 src0_host=0xffffd55e47c3c000 src0_d=0xffffd55e47c3c000
[BINBCAST-PTR] src1=blk.1.ffn_down.bias src1_host=0x77cf13c84c40 src1_d=0xffffd556b6886700
[SYCL][OP] call ggml_sycl_add done
[DEBUG-IMPL] Node 93/98: op=7 name=ffn_out-1
[SYCL] simple consumer routing declined: op=MUL dst=ffn_out-1 local single-device plan ctx=0 target=0
[SYCL][OP] call ggml_sycl_mul: dst='ffn_out-1':type=f32;ne=[256, 64, 1, 1];nb=[4, 1024, 65536, 65536]	src0='node_92':type=f32;ne=[256, 64, 1, 1];nb=[4, 1024, 65536, 65536]	src1='blk.1.ffn_down.scale':type=f32;ne=[1, 1, 1, 1];nb=[4, 4, 4, 4]
[BINBCAST-PTR] src0=node_92 src0_host=0xffffd55e47c3c000 src0_d=0xffffd55e47c3c000
[BINBCAST-PTR] src1=blk.1.ffn_down.scale src1_host=0x77cf13c858a0 src1_d=0xffffd556b6886c00
[SYCL][OP] call ggml_sycl_mul done
[DEBUG-IMPL] Node 94/98: op=2 name=l_out-1
[DEBUG-IMPL] Node 96/98: op=7 name=result_norm
[SYCL] simple consumer routing declined: op=MUL dst=result_norm local single-device plan ctx=0 target=0
[SYCL][OP] call ggml_sycl_mul: dst='result_norm':type=f32;ne=[256, 64, 1, 1];nb=[4, 1024, 65536, 65536]	src0='norm':type=f32;ne=[256, 64, 1, 1];nb=[4, 1024, 65536, 65536]	src1='output_norm.weight':type=f32;ne=[256, 1, 1, 1];nb=[4, 1024, 1024, 1024]
[SYCL-MUL-DBG] device=0 graph_recording=0 dst=result_norm src0=norm src1=output_norm.weight src0_ptr=0xffffd55e47c3c000 src1_ptr=0xffffd556b6420000 dst_ptr=0xffffd55e47c3c000 src0_layout=none src1_layout=aos last_graph_event=0 has_barrier=0 exec_graph=0 graph_nodes=0 graph_decode=0
[BINBCAST-PTR] src0=norm src0_host=0xffffd55e47c3c000 src0_d=0xffffd55e47c3c000
[BINBCAST-PTR] src1=output_norm.weight src1_host=0x77cf13820040 src1_d=0xffffd556b6420000
[SYCL][OP] call ggml_sycl_mul done
[DEBUG-IMPL] Node 97/98: op=29 name=result_output
[SYCL] simple consumer routing declined: op=MUL_MAT dst=result_output plan unavailable ctx=0
[DEBUG-MULMAT] ENTER: src0=output.weight src1=result_norm dst=result_output
[SYCL][OP] call ggml_sycl_mul_mat: dst='result_output':type=f32;ne=[128, 64, 1, 1];nb=[4, 512, 32768, 32768]	src0='output.weight':type=f32;ne=[256, 128, 1, 1];nb=[4, 1024, 131072, 131072]	src1='result_norm':type=f32;ne=[256, 64, 1, 1];nb=[4, 1024, 65536, 65536]
[XMXConfig] device=0: M=8 N=16 K_INT8=32 K_FP16=16 SLM=131072 nsm=256 supported=1 int8=1 fp16=1 double_buf=1 max_esimd_wg=64 nbarrier=0 esimd_dpas=1
[SYCL] output.weight dispatch kernel=ONEDNN_AOS layout=0 batch=64
[MUL_MAT] src0 device=0 ptr=0xffffd556b6421400 (tensor=output.weight layout=0)
[MUL_MAT] dst device=0 ptr=0xffffd55e47c2c000 (tensor=result_output)
[SYCL] weight cache lookup: tensor=0x2b898a80 name=output.weight device=0
[SYCL][OP] call ggml_sycl_mul_mat done
[SYCL-GRAPH] warmup complete for prompt phase
[GRAPH-UNPIN] Released 0 graph MoE expert mem_handle leases
[GRAPH-UNPIN-WEIGHTS] Released 0 graph weight mem_handle leases
[SYCL] call ggml_backend_sycl_get_tensor_async: tensor='result_output':type=f32;ne=[128, 64, 1, 1];nb=[4, 512, 32768, 32768] size=32768 offset=0
[DEBUG-GRAPH-COMPUTE] ENTER: backend=0x2bcda750 cgraph=0x2cb571b8
[DEBUG-GRAPH-COMPUTE] sycl_ctx=0x2c7c96c0 device=0
[MEM-HANDLE] released 0 command-graph retained leases
[POOL-LEG] released 0 graph-retained scratch mem_handles
[SYCL] call ggml_backend_sycl_get_device_memory
[MEM-QUERY] dev=0 free=487.7 MB total=32656.0 MB consumed=32168.3 MB
[GRAPH-COMPUTE] device 0 arena scratch=512.0/512.0 MB external_free=487.7 MB / total=32656.0 MB
[DEBUG-GRAPH-COMPUTE] Creating lambda...
[MOE-HYBRID] No MUL_MAT_ID nodes found, MoE hybrid disabled
[DEBUG-GRAPH-COMPUTE] Lambda created
[SYCL-GRAPH] call #2: use_sycl_graph=1, async_mem=0, n_nodes=98, has_exec_graph=0
[DEBUG] About to call ggml_sycl_graph_signature cgraph=0x2cb571b8
[DEBUG-GRAPH-SIG] cgraph=0x2cb571b8 n_nodes=98 n_leafs=0
[DEBUG] graph_hash=501262221122680916
[DEBUG] Checking graph support for device 0...
[DEBUG] graph_support=1
[GRAPH-PRELOAD-WEIGHTS] planner-authoritative residency active; skipping dense preload
[GRAPH-PRELOAD] Planner active: refreshing MoE pointer tables only
[GRAPH-PRELOAD] Preparing MoE pointer tables for graph (nodes=98 device=0)
[SYCL-GRAPH-STATE] no executable graph cached, will record
[SYCL-GRAPH] skipping graph recording for PP phase
[DEBUG-IMPL] ENTER graph_compute_impl: n_nodes=98, device=0
[DEBUG-IMPL] Starting node loop, n_nodes=98
[DEBUG-IMPL] Node 0/98: op=40 name=embd
ggml_sycl_get_data_ptr_slow: tensor=inp_tokens, device=0, staging FAILED for non-device (type=0), using tensor->data=0x77cdffc00240
ggml_sycl_get_data_ptr_slow: tensor=inp_tokens, device=0, using tensor->data=0x77cdffc00240
[SYCL][OP] call ggml_sycl_get_rows: dst='embd':type=f32;ne=[256, 64, 1, 1];nb=[4, 1024, 65536, 65536]	src0='token_embd.weight':type=f32;ne=[256, 128, 1, 1];nb=[4, 1024, 131072, 131072]	src1='inp_tokens':type=i32;ne=[64, 1, 1, 1];nb=[4, 256, 256, 256]
[SYCL] weight cache lookup: tensor=0x2b898760 name=token_embd.weight device=0
[SYCL][OP] call ggml_sycl_get_rows done
[DEBUG-IMPL] Node 1/98: op=25 name=norm-0
[DEBUG-IMPL] Node 3/98: op=29 name=node_3
[SYCL] simple consumer routing declined: op=MUL_MAT dst=node_3 plan unavailable ctx=0
[DEBUG-MULMAT] ENTER: src0=blk.0.attn_q.weight src1=attn_norm-0 dst=node_3
[SYCL][OP] call ggml_sycl_mul_mat: dst='node_3':type=f32;ne=[256, 64, 1, 1];nb=[4, 1024, 65536, 65536]	src0='blk.0.attn_q.weight':type=f32;ne=[256, 256, 1, 1];nb=[4, 1024, 262144, 262144]	src1='attn_norm-0':type=f32;ne=[256, 64, 1, 1];nb=[4, 1024, 65536, 65536]
[XMXConfig] device=0: M=8 N=16 K_INT8=32 K_FP16=16 SLM=131072 nsm=256 supported=1 int8=1 fp16=1 double_buf=1 max_esimd_wg=64 nbarrier=0 esimd_dpas=1
[MUL_MAT] src0 device=0 ptr=0xffffd556b6441400 (tensor=blk.0.attn_q.weight layout=0)
[MUL_MAT] dst device=0 ptr=0xffffd55e47c4c000 (tensor=node_3)
[SYCL] weight cache lookup: tensor=0x2b898da0 name=blk.0.attn_q.weight device=0
[SYCL][OP] call ggml_sycl_mul_mat done
[DEBUG-IMPL] Node 4/98: op=7 name=Qcur-0
[DEBUG-IMPL] Node 6/98: op=36 name=Qcur-0
[DEBUG-IMPL] Node 7/98: op=49 name=Qcur-0
ggml_sycl_get_data_ptr_slow: tensor=leaf_7, device=0, staging FAILED for non-device (type=0), using tensor->data=0x77cdffc10340
ggml_sycl_get_data_ptr_slow: tensor=leaf_7, device=0, using tensor->data=0x77cdffc10340
[SYCL] simple consumer routing declined: op=ROPE dst=Qcur-0 local single-device plan ctx=0 target=0
[SYCL][OP] call ggml_sycl_rope: dst='Qcur-0':type=f32;ne=[128, 2, 64, 1];nb=[4, 512, 1024, 65536]	src0='Qcur-0':type=f32;ne=[128, 2, 64, 1];nb=[4, 512, 1024, 65536]	src1='leaf_7':type=i32;ne=[64, 1, 1, 1];nb=[4, 256, 256, 256]	src2='rope_freqs.weight':type=f32;ne=[64, 1, 1, 1];nb=[4, 256, 256, 256]
ggml_sycl_op_rope: norm path
[SYCL][OP] call ggml_sycl_rope done
[DEBUG-IMPL] Node 8/98: op=29 name=node_8
[SYCL] simple consumer routing declined: op=MUL_MAT dst=node_8 plan unavailable ctx=0
[DEBUG-MULMAT] ENTER: src0=blk.0.attn_v.weight src1=attn_norm-0 dst=node_8
[SYCL][OP] call ggml_sycl_mul_mat: dst='node_8':type=f32;ne=[256, 64, 1, 1];nb=[4, 1024, 65536, 65536]	src0='blk.0.attn_v.weight':type=f32;ne=[256, 256, 1, 1];nb=[4, 1024, 262144, 262144]	src1='attn_norm-0':type=f32;ne=[256, 64, 1, 1];nb=[4, 1024, 65536, 65536]
[XMXConfig] device=0: M=8 N=16 K_INT8=32 K_FP16=16 SLM=131072 nsm=256 supported=1 int8=1 fp16=1 double_buf=1 max_esimd_wg=64 nbarrier=0 esimd_dpas=1
[MUL_MAT] src0 device=0 ptr=0xffffd556b64c1400 (tensor=blk.0.attn_v.weight layout=0)
[MUL_MAT] dst device=0 ptr=0xffffd55e47c4c000 (tensor=node_8)
[SYCL] weight cache lookup: tensor=0x2b8990c0 name=blk.0.attn_v.weight device=0
[SYCL][OP] call ggml_sycl_mul_mat done
[DEBUG-IMPL] Node 9/98: op=7 name=Vcur-0
[DEBUG-IMPL] Node 11/98: op=36 name=Vcur-0
[DEBUG-IMPL] Node 12/98: op=29 name=node_12
[SYCL] simple consumer routing declined: op=MUL_MAT dst=node_12 plan unavailable ctx=0
[DEBUG-MULMAT] ENTER: src0=blk.0.attn_k.weight src1=attn_norm-0 dst=node_12
[SYCL][OP] call ggml_sycl_mul_mat: dst='node_12':type=f32;ne=[256, 64, 1, 1];nb=[4, 1024, 65536, 65536]	src0='blk.0.attn_k.weight':type=f32;ne=[256, 256, 1, 1];nb=[4, 1024, 262144, 262144]	src1='attn_norm-0':type=f32;ne=[256, 64, 1, 1];nb=[4, 1024, 65536, 65536]
[XMXConfig] device=0: M=8 N=16 K_INT8=32 K_FP16=16 SLM=131072 nsm=256 supported=1 int8=1 fp16=1 double_buf=1 max_esimd_wg=64 nbarrier=0 esimd_dpas=1
[MUL_MAT] src0 device=0 ptr=0xffffd556b6501400 (tensor=blk.0.attn_k.weight layout=0)
[MUL_MAT] dst device=0 ptr=0xffffd55e47c6c000 (tensor=node_12)
[SYCL] weight cache lookup: tensor=0x2b898f30 name=blk.0.attn_k.weight device=0
[SYCL][OP] call ggml_sycl_mul_mat done
[DEBUG-IMPL] Node 13/98: op=7 name=Kcur-0
[DEBUG-IMPL] Node 15/98: op=36 name=Kcur-0
[DEBUG-IMPL] Node 16/98: op=49 name=Kcur-0
[SYCL] simple consumer routing declined: op=ROPE dst=Kcur-0 local single-device plan ctx=0 target=0
[SYCL][OP] call ggml_sycl_rope: dst='Kcur-0':type=f32;ne=[128, 2, 64, 1];nb=[4, 512, 1024, 65536]	src0='Kcur-0':type=f32;ne=[128, 2, 64, 1];nb=[4, 512, 1024, 65536]	src1='leaf_7':type=i32;ne=[64, 1, 1, 1];nb=[4, 256, 256, 256]	src2='rope_freqs.weight':type=f32;ne=[64, 1, 1, 1];nb=[4, 256, 256, 256]
ggml_sycl_op_rope: norm path
[SYCL][OP] call ggml_sycl_rope done
[DEBUG-IMPL] Node 17/98: op=37 name=Kcur-0 (view)
[DEBUG-IMPL] Node 18/98: op=42 name=cache_k_l0 (view)
ggml_sycl_get_data_ptr_slow: tensor=leaf_15, device=0, staging FAILED for non-device (type=0), using tensor->data=0x77cdffc10440
ggml_sycl_get_data_ptr_slow: tensor=leaf_15, device=0, using tensor->data=0x77cdffc10440
[SYCL] simple consumer routing declined: op=SET_ROWS dst=cache_k_l0 (view) plan unavailable ctx=0
[SYCL][OP] call ggml_sycl_op_set_rows: dst='cache_k_l0 (view)':type=f16;ne=[256, 256, 1, 1];nb=[2, 512, 131072, 131072]	src0='Kcur-0 (view)':type=f32;ne=[256, 64, 1, 1];nb=[4, 1024, 65536, 65536]	src1='leaf_15':type=i64;ne=[64, 1, 1, 1];nb=[8, 512, 512, 512]
[SYCL][OP] call ggml_sycl_op_set_rows done
[DEBUG-IMPL] Node 19/98: op=37 name=Vcur-0 (view)
[DEBUG-IMPL] Node 20/98: op=42 name=cache_v_l0 (view)
ggml_sycl_get_data_ptr_slow: tensor=leaf_17, device=0, staging FAILED for non-device (type=0), using tensor->data=0x77cdffc10640
ggml_sycl_get_data_ptr_slow: tensor=leaf_17, device=0, using tensor->data=0x77cdffc10640
[SYCL] simple consumer routing declined: op=SET_ROWS dst=cache_v_l0 (view) plan unavailable ctx=0
[SYCL][OP] call ggml_sycl_op_set_rows: dst='cache_v_l0 (view)':type=f16;ne=[256, 256, 1, 1];nb=[2, 512, 131072, 131072]	src0='Vcur-0 (view)':type=f32;ne=[256, 64, 1, 1];nb=[4, 1024, 65536, 65536]	src1='leaf_17':type=i64;ne=[64, 1, 1, 1];nb=[8, 512, 512, 512]
[SYCL][OP] call ggml_sycl_op_set_rows done
[DEBUG-IMPL] Node 21/98: op=37 name=Qcur-0 (view)
[DEBUG-IMPL] Node 22/98: op=38 name=Qcur-0 (view) (permuted)
[DEBUG-IMPL] Node 23/98: op=34 name=Qcur-0 (view) (permuted) (copy)
[SYCL] simple consumer routing declined: op=CPY dst=Qcur-0 (view) (permuted) (copy) local single-device plan ctx=0 target=0
[SYCL][OP] call ggml_sycl_cpy: dst='Qcur-0 (view) (permuted) (copy)':type=f16;ne=[128, 64, 2, 1];nb=[2, 256, 16384, 32768]	src0='Qcur-0 (view) (permuted)':type=f32;ne=[128, 64, 2, 1];nb=[4, 1024, 512, 65536];strided;permuted
[CPY] device=0 main_stream=0x2b690ec0 tp_queue=(nil) (match=0)
[CPY DEBUG] device=0 src0=Qcur-0 (view) (permuted)(0xffffd55e47c5c000, usm=1) -> src1=Qcur-0 (view) (permuted) (copy)(0xffffd55e47c3c000, usm=1) size=65536
[CPY STAGING CHECK] device=0 needs_staging=0 src0_type=1 dst_is_device=1
[SYCL][OP] call ggml_sycl_cpy done
[DEBUG-IMPL] Node 24/98: op=37 name=cache_k_l0 (view)
[DEBUG-IMPL] Node 25/98: op=38 name=cache_k_l0 (view) (permuted)
[DEBUG-IMPL] Node 26/98: op=37 name=cache_v_l0 (view)
[DEBUG-IMPL] Node 27/98: op=38 name=cache_v_l0 (view) (permuted)
[DEBUG-IMPL] Node 28/98: op=75 name=node_28
ggml_sycl_get_data_ptr_slow: tensor=attn_inp_kq_mask, device=0, staging FAILED for non-device (type=0), using tensor->data=0x77cdffc10840
ggml_sycl_get_data_ptr_slow: tensor=attn_inp_kq_mask, device=0, using tensor->data=0x77cdffc10840
[SYCL] simple consumer routing declined: op=FLASH_ATTN_EXT dst=node_28 plan unavailable ctx=0
ggml_sycl_get_data_ptr_slow: tensor=Qcur-0 (view) (permuted) (copy), device=1, rejecting tensor->data=0xffffd55e47c3c000 owned by device 0
ggml_sycl_get_data_ptr_slow: tensor=node_28, device=1, rejecting tensor->data=0xffffd55e47c44000 owned by device 0
[DEBUG-IMPL] Node 29/98: op=36 name=kqv_out-0
[DEBUG-IMPL] Node 30/98: op=29 name=node_30
[SYCL] simple consumer routing declined: op=MUL_MAT dst=node_30 plan unavailable ctx=0
[DEBUG-MULMAT] ENTER: src0=blk.0.attn_output.weight src1=kqv_out-0 dst=node_30
[SYCL][OP] call ggml_sycl_mul_mat: dst='node_30':type=f32;ne=[256, 64, 1, 1];nb=[4, 1024, 65536, 65536]	src0='blk.0.attn_output.weight':type=f32;ne=[256, 256, 1, 1];nb=[4, 1024, 262144, 262144]	src1='kqv_out-0':type=f32;ne=[256, 64, 1, 1];nb=[4, 1024, 65536, 65536]
[XMXConfig] device=0: M=8 N=16 K_INT8=32 K_FP16=16 SLM=131072 nsm=256 supported=1 int8=1 fp16=1 double_buf=1 max_esimd_wg=64 nbarrier=0 esimd_dpas=1
[MUL_MAT] src0 device=0 ptr=0xffffd556b6481400 (tensor=blk.0.attn_output.weight layout=0)
[MUL_MAT] dst device=0 ptr=0xffffd55e47c54000 (tensor=node_30)
[SYCL] weight cache lookup: tensor=0x2b899700 name=blk.0.attn_output.weight device=0
[SYCL][OP] call ggml_sycl_mul_mat done
[DEBUG-IMPL] Node 31/98: op=7 name=node_31
[DEBUG-IMPL] Node 33/98: op=2 name=ffn_inp-0
[DEBUG-IMPL] Node 35/98: op=7 name=ffn_norm-0
[SYCL] simple consumer routing declined: op=MUL dst=ffn_norm-0 local single-device plan ctx=0 target=0
[SYCL][OP] call ggml_sycl_mul: dst='ffn_norm-0':type=f32;ne=[256, 64, 1, 1];nb=[4, 1024, 65536, 65536]	src0='norm-0':type=f32;ne=[256, 64, 1, 1];nb=[4, 1024, 65536, 65536]	src1='blk.0.ffn_norm.weight':type=f32;ne=[256, 1, 1, 1];nb=[4, 1024, 1024, 1024]
[BINBCAST-PTR] src0=norm-0 src0_host=0xffffd55e47c2c000 src0_d=0xffffd55e47c2c000
[BINBCAST-PTR] src1=blk.0.ffn_norm.weight src1_host=0x77cf13941840 src1_d=0xffffd556b6420400
[SYCL][OP] call ggml_sycl_mul done
[DEBUG-IMPL] Node 36/98: op=29 name=ffn_gate-0
[SYCL] simple consumer routing declined: op=MUL_MAT dst=ffn_gate-0 plan unavailable ctx=0
[DEBUG-MULMAT] ENTER: src0=blk.0.ffn_gate.weight src1=ffn_norm-0 dst=ffn_gate-0
[SYCL][OP] call ggml_sycl_mul_mat: dst='ffn_gate-0':type=f32;ne=[384, 64, 1, 1];nb=[4, 1536, 98304, 98304]	src0='blk.0.ffn_gate.weight':type=f32;ne=[256, 384, 1, 1];nb=[4, 1024, 393216, 393216]	src1='ffn_norm-0':type=f32;ne=[256, 64, 1, 1];nb=[4, 1024, 65536, 65536]
[XMXConfig] device=0: M=8 N=16 K_INT8=32 K_FP16=16 SLM=131072 nsm=256 supported=1 int8=1 fp16=1 double_buf=1 max_esimd_wg=64 nbarrier=0 esimd_dpas=1
[MUL_MAT] src0 device=0 ptr=0xffffd556b66a4500 (tensor=blk.0.ffn_gate.weight layout=0)
[MUL_MAT] dst device=0 ptr=0xffffd55e47c3c000 (tensor=ffn_gate-0)
[SYCL] weight cache lookup: tensor=0x2b899d40 name=blk.0.ffn_gate.weight device=0
[SYCL][OP] call ggml_sycl_mul_mat done
[DEBUG-IMPL] Node 37/98: op=2 name=ffn_gate_b-0
[SYCL] simple consumer routing declined: op=ADD dst=ffn_gate_b-0 local single-device plan ctx=0 target=0
[SYCL-ADD-DBG] ADD dst: name=ffn_gate_b-0 type=f32 op=ADD ne=[384,64,1,1] nb=[4,1536,98304,98304] contig=1 data=0xffffd55e47c3c000 view_src=none view_offs=0 layout_mode=none layout_ptr=(nil) layout_size=0
[SYCL-ADD-DBG] ADD src0: name=ffn_gate-0 type=f32 op=MUL_MAT ne=[384,64,1,1] nb=[4,1536,98304,98304] contig=1 data=0xffffd55e47c3c000 view_src=none view_offs=0 layout_mode=none layout_ptr=(nil) layout_size=0
[SYCL-ADD-DBG] ADD src1: name=blk.0.ffn_gate.bias type=f32 op=NONE ne=[384,1,1,1] nb=[4,1536,1536,1536] contig=1 data=0x77cf13a61d40 view_src=none view_offs=0 layout_mode=aos layout_ptr=(nil) layout_size=1536
[SYCL][OP] call ggml_sycl_add: dst='ffn_gate_b-0':type=f32;ne=[384, 64, 1, 1];nb=[4, 1536, 98304, 98304]	src0='ffn_gate-0':type=f32;ne=[384, 64, 1, 1];nb=[4, 1536, 98304, 98304]	src1='blk.0.ffn_gate.bias':type=f32;ne=[384, 1, 1, 1];nb=[4, 1536, 1536, 1536]
[SYCL-ADD-DBG] ADD src0: name=ffn_gate-0 type=f32 ne=[384,64,1,1] nb=[4,1536,98304,98304] contig=1 data=0xffffd55e47c3c000 view_src=none view_offs=0 layout_mode=none layout_ptr=(nil) layout_size=0
[SYCL-ADD-DBG] ADD src1: name=blk.0.ffn_gate.bias type=f32 ne=[384,1,1,1] nb=[4,1536,1536,1536] contig=1 data=0x77cf13a61d40 view_src=none view_offs=0 layout_mode=aos layout_ptr=(nil) layout_size=1536
[SYCL-ADD-DBG] ADD dst: name=ffn_gate_b-0 type=f32 ne=[384,64,1,1] nb=[4,1536,98304,98304] contig=1 data=0xffffd55e47c3c000 view_src=none view_offs=0 layout_mode=none layout_ptr=(nil) layout_size=0
[BINBCAST-PTR] src0=ffn_gate-0 src0_host=0xffffd55e47c3c000 src0_d=0xffffd55e47c3c000
[BINBCAST-PTR] src1=blk.0.ffn_gate.bias src1_host=0x77cf13a61d40 src1_d=0xffffd556b6764500
[SYCL][OP] call ggml_sycl_add done
[DEBUG-IMPL] Node 38/98: op=7 name=ffn_gate_s-0
[SYCL] simple consumer routing declined: op=MUL dst=ffn_gate_s-0 local single-device plan ctx=0 target=0
[SYCL][OP] call ggml_sycl_mul: dst='ffn_gate_s-0':type=f32;ne=[384, 64, 1, 1];nb=[4, 1536, 98304, 98304]	src0='ffn_gate_b-0':type=f32;ne=[384, 64, 1, 1];nb=[4, 1536, 98304, 98304]	src1='blk.0.ffn_gate.scale':type=f32;ne=[1, 1, 1, 1];nb=[4, 4, 4, 4]
[BINBCAST-PTR] src0=ffn_gate_b-0 src0_host=0xffffd55e47c3c000 src0_d=0xffffd55e47c3c000
[BINBCAST-PTR] src1=blk.0.ffn_gate.scale src1_host=0x77cf13c856c0 src1_d=0xffffd556b6765700
[SYCL][OP] call ggml_sycl_mul done
[DEBUG-IMPL] Node 39/98: op=29 name=ffn_up-0
[SYCL] simple consumer routing declined: op=MUL_MAT dst=ffn_up-0 plan unavailable ctx=0
[DEBUG-MULMAT] ENTER: src0=blk.0.ffn_up.weight src1=ffn_norm-0 dst=ffn_up-0
[SYCL][OP] call ggml_sycl_mul_mat: dst='ffn_up-0':type=f32;ne=[384, 64, 1, 1];nb=[4, 1536, 98304, 98304]	src0='blk.0.ffn_up.weight':type=f32;ne=[256, 384, 1, 1];nb=[4, 1024, 393216, 393216]	src1='ffn_norm-0':type=f32;ne=[256, 64, 1, 1];nb=[4, 1024, 65536, 65536]
[XMXConfig] device=0: M=8 N=16 K_INT8=32 K_FP16=16 SLM=131072 nsm=256 supported=1 int8=1 fp16=1 double_buf=1 max_esimd_wg=64 nbarrier=0 esimd_dpas=1
[MUL_MAT] src0 device=0 ptr=0xffffd556b6644500 (tensor=blk.0.ffn_up.weight layout=0)
[MUL_MAT] dst device=0 ptr=0xffffd55e47c64000 (tensor=ffn_up-0)
[SYCL] weight cache lookup: tensor=0x2b89a060 name=blk.0.ffn_up.weight device=0
[SYCL][OP] call ggml_sycl_mul_mat done
[DEBUG-IMPL] Node 40/98: op=2 name=ffn_up_b-0
[SYCL] simple consumer routing declined: op=ADD dst=ffn_up_b-0 local single-device plan ctx=0 target=0
[SYCL-ADD-DBG] ADD dst: name=ffn_up_b-0 type=f32 op=ADD ne=[384,64,1,1] nb=[4,1536,98304,98304] contig=1 data=0xffffd55e47c64000 view_src=none view_offs=0 layout_mode=none layout_ptr=(nil) layout_size=0
[SYCL-ADD-DBG] ADD src0: name=ffn_up-0 type=f32 op=MUL_MAT ne=[384,64,1,1] nb=[4,1536,98304,98304] contig=1 data=0xffffd55e47c64000 view_src=none view_offs=0 layout_mode=none layout_ptr=(nil) layout_size=0
[SYCL-ADD-DBG] ADD src1: name=blk.0.ffn_up.bias type=f32 op=NONE ne=[384,1,1,1] nb=[4,1536,1536,1536] contig=1 data=0x77cf13a62740 view_src=none view_offs=0 layout_mode=aos layout_ptr=(nil) layout_size=1536
[SYCL][OP] call ggml_sycl_add: dst='ffn_up_b-0':type=f32;ne=[384, 64, 1, 1];nb=[4, 1536, 98304, 98304]	src0='ffn_up-0':type=f32;ne=[384, 64, 1, 1];nb=[4, 1536, 98304, 98304]	src1='blk.0.ffn_up.bias':type=f32;ne=[384, 1, 1, 1];nb=[4, 1536, 1536, 1536]
[SYCL-ADD-DBG] ADD src0: name=ffn_up-0 type=f32 ne=[384,64,1,1] nb=[4,1536,98304,98304] contig=1 data=0xffffd55e47c64000 view_src=none view_offs=0 layout_mode=none layout_ptr=(nil) layout_size=0
[SYCL-ADD-DBG] ADD src1: name=blk.0.ffn_up.bias type=f32 ne=[384,1,1,1] nb=[4,1536,1536,1536] contig=1 data=0x77cf13a62740 view_src=none view_offs=0 layout_mode=aos layout_ptr=(nil) layout_size=1536
[SYCL-ADD-DBG] ADD dst: name=ffn_up_b-0 type=f32 ne=[384,64,1,1] nb=[4,1536,98304,98304] contig=1 data=0xffffd55e47c64000 view_src=none view_offs=0 layout_mode=none layout_ptr=(nil) layout_size=0
[BINBCAST-PTR] src0=ffn_up-0 src0_host=0xffffd55e47c64000 src0_d=0xffffd55e47c64000
[BINBCAST-PTR] src1=blk.0.ffn_up.bias src1_host=0x77cf13a62740 src1_d=0xffffd556b6764b00
[SYCL][OP] call ggml_sycl_add done
[DEBUG-IMPL] Node 41/98: op=7 name=ffn_up_s-0
[SYCL] simple consumer routing declined: op=MUL dst=ffn_up_s-0 local single-device plan ctx=0 target=0
[SYCL][OP] call ggml_sycl_mul: dst='ffn_up_s-0':type=f32;ne=[384, 64, 1, 1];nb=[4, 1536, 98304, 98304]	src0='ffn_up_b-0':type=f32;ne=[384, 64, 1, 1];nb=[4, 1536, 98304, 98304]	src1='blk.0.ffn_up.scale':type=f32;ne=[1, 1, 1, 1];nb=[4, 4, 4, 4]
[BINBCAST-PTR] src0=ffn_up_b-0 src0_host=0xffffd55e47c64000 src0_d=0xffffd55e47c64000
[BINBCAST-PTR] src1=blk.0.ffn_up.scale src1_host=0x77cf13c85700 src1_d=0xffffd556b6765500
[SYCL][OP] call ggml_sycl_mul done
[DEBUG-IMPL] Node 42/98: op=97 name=ffn_swiglu-0
[SYCL] simple consumer routing declined: op=GLU dst=ffn_swiglu-0 local single-device plan ctx=0 target=0
[SYCL][OP] call ggml_sycl_swiglu: dst='ffn_swiglu-0':type=f32;ne=[384, 64, 1, 1];nb=[4, 1536, 98304, 98304]	src0='ffn_gate_s-0':type=f32;ne=[384, 64, 1, 1];nb=[4, 1536, 98304, 98304]
[SYCL][OP] call ggml_sycl_swiglu done
[DEBUG-IMPL] Node 43/98: op=29 name=ffn_down-0
[SYCL] simple consumer routing declined: op=MUL_MAT dst=ffn_down-0 plan unavailable ctx=0
[DEBUG-MULMAT] ENTER: src0=blk.0.ffn_down.weight src1=ffn_swiglu-0 dst=ffn_down-0
[SYCL][OP] call ggml_sycl_mul_mat: dst='ffn_down-0':type=f32;ne=[256, 64, 1, 1];nb=[4, 1024, 65536, 65536]	src0='blk.0.ffn_down.weight':type=f32;ne=[384, 256, 1, 1];nb=[4, 1536, 393216, 393216]	src1='ffn_swiglu-0':type=f32;ne=[384, 64, 1, 1];nb=[4, 1536, 98304, 98304]
[XMXConfig] device=0: M=8 N=16 K_INT8=32 K_FP16=16 SLM=131072 nsm=256 supported=1 int8=1 fp16=1 double_buf=1 max_esimd_wg=64 nbarrier=0 esimd_dpas=1
[MUL_MAT] src0 device=0 ptr=0xffffd556b6704500 (tensor=blk.0.ffn_down.weight layout=0)
[MUL_MAT] dst device=0 ptr=0xffffd55e47c64000 (tensor=ffn_down-0)
[SYCL] weight cache lookup: tensor=0x2b899ed0 name=blk.0.ffn_down.weight device=0
[SYCL][OP] call ggml_sycl_mul_mat done
[DEBUG-IMPL] Node 44/98: op=2 name=node_44
[SYCL] simple consumer routing declined: op=ADD dst=node_44 local single-device plan ctx=0 target=0
[SYCL-ADD-DBG] ADD dst: name=node_44 type=f32 op=ADD ne=[256,64,1,1] nb=[4,1024,65536,65536] contig=1 data=0xffffd55e47c64000 view_src=none view_offs=0 layout_mode=none layout_ptr=(nil) layout_size=0
[SYCL-ADD-DBG] ADD src0: name=ffn_down-0 type=f32 op=MUL_MAT ne=[256,64,1,1] nb=[4,1024,65536,65536] contig=1 data=0xffffd55e47c64000 view_src=none view_offs=0 layout_mode=none layout_ptr=(nil) layout_size=0
[SYCL-ADD-DBG] ADD src1: name=blk.0.ffn_down.bias type=f32 op=NONE ne=[256,1,1,1] nb=[4,1024,1024,1024] contig=1 data=0x77cf13a62340 view_src=none view_offs=0 layout_mode=aos layout_ptr=(nil) layout_size=1024
[SYCL][OP] call ggml_sycl_add: dst='node_44':type=f32;ne=[256, 64, 1, 1];nb=[4, 1024, 65536, 65536]	src0='ffn_down-0':type=f32;ne=[256, 64, 1, 1];nb=[4, 1024, 65536, 65536]	src1='blk.0.ffn_down.bias':type=f32;ne=[256, 1, 1, 1];nb=[4, 1024, 1024, 1024]
[SYCL-ADD-DBG] ADD src0: name=ffn_down-0 type=f32 ne=[256,64,1,1] nb=[4,1024,65536,65536] contig=1 data=0xffffd55e47c64000 view_src=none view_offs=0 layout_mode=none layout_ptr=(nil) layout_size=0
[SYCL-ADD-DBG] ADD src1: name=blk.0.ffn_down.bias type=f32 ne=[256,1,1,1] nb=[4,1024,1024,1024] contig=1 data=0x77cf13a62340 view_src=none view_offs=0 layout_mode=aos layout_ptr=(nil) layout_size=1024
[SYCL-ADD-DBG] ADD dst: name=node_44 type=f32 ne=[256,64,1,1] nb=[4,1024,65536,65536] contig=1 data=0xffffd55e47c64000 view_src=none view_offs=0 layout_mode=none layout_ptr=(nil) layout_size=0
[BINBCAST-PTR] src0=ffn_down-0 src0_host=0xffffd55e47c64000 src0_d=0xffffd55e47c64000
[BINBCAST-PTR] src1=blk.0.ffn_down.bias src1_host=0x77cf13a62340 src1_d=0xffffd556b6765100
[SYCL][OP] call ggml_sycl_add done
[DEBUG-IMPL] Node 45/98: op=7 name=ffn_out-0
[SYCL] simple consumer routing declined: op=MUL dst=ffn_out-0 local single-device plan ctx=0 target=0
[SYCL][OP] call ggml_sycl_mul: dst='ffn_out-0':type=f32;ne=[256, 64, 1, 1];nb=[4, 1024, 65536, 65536]	src0='node_44':type=f32;ne=[256, 64, 1, 1];nb=[4, 1024, 65536, 65536]	src1='blk.0.ffn_down.scale':type=f32;ne=[1, 1, 1, 1];nb=[4, 4, 4, 4]
[BINBCAST-PTR] src0=node_44 src0_host=0xffffd55e47c64000 src0_d=0xffffd55e47c64000
[BINBCAST-PTR] src1=blk.0.ffn_down.scale src1_host=0x77cf13c856e0 src1_d=0xffffd556b6765600
[SYCL][OP] call ggml_sycl_mul done
[DEBUG-IMPL] Node 46/98: op=2 name=l_out-0
[DEBUG-IMPL] Node 48/98: op=7 name=attn_norm-1
[SYCL] simple consumer routing declined: op=MUL dst=attn_norm-1 local single-device plan ctx=0 target=0
[SYCL][OP] call ggml_sycl_mul: dst='attn_norm-1':type=f32;ne=[256, 64, 1, 1];nb=[4, 1024, 65536, 65536]	src0='norm-1':type=f32;ne=[256, 64, 1, 1];nb=[4, 1024, 65536, 65536]	src1='blk.1.attn_norm.weight':type=f32;ne=[256, 1, 1, 1];nb=[4, 1024, 1024, 1024]
[BINBCAST-PTR] src0=norm-1 src0_host=0xffffd55e47c2c000 src0_d=0xffffd55e47c2c000
[BINBCAST-PTR] src1=blk.1.attn_norm.weight src1_host=0x77cf13a62d40 src1_d=0xffffd556b6421000
[SYCL][OP] call ggml_sycl_mul done
[DEBUG-IMPL] Node 49/98: op=29 name=node_49
[SYCL] simple consumer routing declined: op=MUL_MAT dst=node_49 plan unavailable ctx=0
[DEBUG-MULMAT] ENTER: src0=blk.1.attn_q.weight src1=attn_norm-1 dst=node_49
[SYCL][OP] call ggml_sycl_mul_mat: dst='node_49':type=f32;ne=[256, 64, 1, 1];nb=[4, 1024, 65536, 65536]	src0='blk.1.attn_q.weight':type=f32;ne=[256, 256, 1, 1];nb=[4, 1024, 262144, 262144]	src1='attn_norm-1':type=f32;ne=[256, 64, 1, 1];nb=[4, 1024, 65536, 65536]
[XMXConfig] device=0: M=8 N=16 K_INT8=32 K_FP16=16 SLM=131072 nsm=256 supported=1 int8=1 fp16=1 double_buf=1 max_esimd_wg=64 nbarrier=0 esimd_dpas=1
[MUL_MAT] src0 device=0 ptr=0xffffd556b6602c00 (tensor=blk.1.attn_q.weight layout=0)
[MUL_MAT] dst device=0 ptr=0xffffd55e47c3c000 (tensor=node_49)
[SYCL] weight cache lookup: tensor=0x2b89a830 name=blk.1.attn_q.weight device=0
[SYCL][OP] call ggml_sycl_mul_mat done
[DEBUG-IMPL] Node 50/98: op=7 name=Qcur-1
[DEBUG-IMPL] Node 52/98: op=36 name=Qcur-1
[DEBUG-IMPL] Node 53/98: op=49 name=Qcur-1
[SYCL] simple consumer routing declined: op=ROPE dst=Qcur-1 local single-device plan ctx=0 target=0
[SYCL][OP] call ggml_sycl_rope: dst='Qcur-1':type=f32;ne=[128, 2, 64, 1];nb=[4, 512, 1024, 65536]	src0='Qcur-1':type=f32;ne=[128, 2, 64, 1];nb=[4, 512, 1024, 65536]	src1='leaf_7':type=i32;ne=[64, 1, 1, 1];nb=[4, 256, 256, 256]	src2='rope_freqs.weight':type=f32;ne=[64, 1, 1, 1];nb=[4, 256, 256, 256]
ggml_sycl_op_rope: norm path
[SYCL][OP] call ggml_sycl_rope done
[DEBUG-IMPL] Node 54/98: op=29 name=node_54
[SYCL] simple consumer routing declined: op=MUL_MAT dst=node_54 plan unavailable ctx=0
[DEBUG-MULMAT] ENTER: src0=blk.1.attn_v.weight src1=attn_norm-1 dst=node_54
[SYCL][OP] call ggml_sycl_mul_mat: dst='node_54':type=f32;ne=[256, 64, 1, 1];nb=[4, 1024, 65536, 65536]	src0='blk.1.attn_v.weight':type=f32;ne=[256, 256, 1, 1];nb=[4, 1024, 262144, 262144]	src1='attn_norm-1':type=f32;ne=[256, 64, 1, 1];nb=[4, 1024, 65536, 65536]
[XMXConfig] device=0: M=8 N=16 K_INT8=32 K_FP16=16 SLM=131072 nsm=256 supported=1 int8=1 fp16=1 double_buf=1 max_esimd_wg=64 nbarrier=0 esimd_dpas=1
[MUL_MAT] src0 device=0 ptr=0xffffd556b6582c00 (tensor=blk.1.attn_v.weight layout=0)
[MUL_MAT] dst device=0 ptr=0xffffd55e47c3c000 (tensor=node_54)
[SYCL] weight cache lookup: tensor=0x2b89ab50 name=blk.1.attn_v.weight device=0
[SYCL][OP] call ggml_sycl_mul_mat done
[DEBUG-IMPL] Node 55/98: op=7 name=Vcur-1
[DEBUG-IMPL] Node 57/98: op=36 name=Vcur-1
[DEBUG-IMPL] Node 58/98: op=29 name=node_58
[SYCL] simple consumer routing declined: op=MUL_MAT dst=node_58 plan unavailable ctx=0
[DEBUG-MULMAT] ENTER: src0=blk.1.attn_k.weight src1=attn_norm-1 dst=node_58
[SYCL][OP] call ggml_sycl_mul_mat: dst='node_58':type=f32;ne=[256, 64, 1, 1];nb=[4, 1024, 65536, 65536]	src0='blk.1.attn_k.weight':type=f32;ne=[256, 256, 1, 1];nb=[4, 1024, 262144, 262144]	src1='attn_norm-1':type=f32;ne=[256, 64, 1, 1];nb=[4, 1024, 65536, 65536]
[XMXConfig] device=0: M=8 N=16 K_INT8=32 K_FP16=16 SLM=131072 nsm=256 supported=1 int8=1 fp16=1 double_buf=1 max_esimd_wg=64 nbarrier=0 esimd_dpas=1
[MUL_MAT] src0 device=0 ptr=0xffffd556b65c2c00 (tensor=blk.1.attn_k.weight layout=0)
[MUL_MAT] dst device=0 ptr=0xffffd55e47c74000 (tensor=node_58)
[SYCL] weight cache lookup: tensor=0x2b89a9c0 name=blk.1.attn_k.weight device=0
[SYCL][OP] call ggml_sycl_mul_mat done
[DEBUG-IMPL] Node 59/98: op=7 name=Kcur-1
[DEBUG-IMPL] Node 61/98: op=36 name=Kcur-1
[DEBUG-IMPL] Node 62/98: op=49 name=Kcur-1
[SYCL] simple consumer routing declined: op=ROPE dst=Kcur-1 local single-device plan ctx=0 target=0
[SYCL][OP] call ggml_sycl_rope: dst='Kcur-1':type=f32;ne=[128, 2, 64, 1];nb=[4, 512, 1024, 65536]	src0='Kcur-1':type=f32;ne=[128, 2, 64, 1];nb=[4, 512, 1024, 65536]	src1='leaf_7':type=i32;ne=[64, 1, 1, 1];nb=[4, 256, 256, 256]	src2='rope_freqs.weight':type=f32;ne=[64, 1, 1, 1];nb=[4, 256, 256, 256]
ggml_sycl_op_rope: norm path
[SYCL][OP] call ggml_sycl_rope done
[DEBUG-IMPL] Node 63/98: op=37 name=Kcur-1 (view)
[DEBUG-IMPL] Node 64/98: op=42 name=cache_k_l1 (view)
[SYCL] simple consumer routing declined: op=SET_ROWS dst=cache_k_l1 (view) plan unavailable ctx=0
[SYCL][OP] call ggml_sycl_op_set_rows: dst='cache_k_l1 (view)':type=f16;ne=[256, 256, 1, 1];nb=[2, 512, 131072, 131072]	src0='Kcur-1 (view)':type=f32;ne=[256, 64, 1, 1];nb=[4, 1024, 65536, 65536]	src1='leaf_15':type=i64;ne=[64, 1, 1, 1];nb=[8, 512, 512, 512]
[SYCL][OP] call ggml_sycl_op_set_rows done
[DEBUG-IMPL] Node 65/98: op=37 name=Vcur-1 (view)
[DEBUG-IMPL] Node 66/98: op=42 name=cache_v_l1 (view)
[SYCL] simple consumer routing declined: op=SET_ROWS dst=cache_v_l1 (view) plan unavailable ctx=0
[SYCL][OP] call ggml_sycl_op_set_rows: dst='cache_v_l1 (view)':type=f16;ne=[256, 256, 1, 1];nb=[2, 512, 131072, 131072]	src0='Vcur-1 (view)':type=f32;ne=[256, 64, 1, 1];nb=[4, 1024, 65536, 65536]	src1='leaf_17':type=i64;ne=[64, 1, 1, 1];nb=[8, 512, 512, 512]
[SYCL][OP] call ggml_sycl_op_set_rows done
[DEBUG-IMPL] Node 67/98: op=37 name=Qcur-1 (view)
[DEBUG-IMPL] Node 68/98: op=38 name=Qcur-1 (view) (permuted)
[DEBUG-IMPL] Node 69/98: op=34 name=Qcur-1 (view) (permuted) (copy)
[SYCL] simple consumer routing declined: op=CPY dst=Qcur-1 (view) (permuted) (copy) local single-device plan ctx=0 target=0
[SYCL][OP] call ggml_sycl_cpy: dst='Qcur-1 (view) (permuted) (copy)':type=f16;ne=[128, 64, 2, 1];nb=[2, 256, 16384, 32768]	src0='Qcur-1 (view) (permuted)':type=f32;ne=[128, 64, 2, 1];nb=[4, 1024, 512, 65536];strided;permuted
[CPY] device=0 main_stream=0x2b690ec0 tp_queue=(nil) (match=0)
[CPY DEBUG] device=0 src0=Qcur-1 (view) (permuted)(0xffffd55e47c4c000, usm=1) -> src1=Qcur-1 (view) (permuted) (copy)(0xffffd55e47c5c000, usm=1) size=65536
[CPY STAGING CHECK] device=0 needs_staging=0 src0_type=1 dst_is_device=1
[SYCL][OP] call ggml_sycl_cpy done
[DEBUG-IMPL] Node 70/98: op=37 name=cache_k_l1 (view)
[DEBUG-IMPL] Node 71/98: op=38 name=cache_k_l1 (view) (permuted)
[DEBUG-IMPL] Node 72/98: op=37 name=cache_v_l1 (view)
[DEBUG-IMPL] Node 73/98: op=38 name=cache_v_l1 (view) (permuted)
[DEBUG-IMPL] Node 74/98: op=75 name=node_74
[SYCL] simple consumer routing declined: op=FLASH_ATTN_EXT dst=node_74 plan unavailable ctx=0
ggml_sycl_get_data_ptr_slow: tensor=Qcur-1 (view) (permuted) (copy), device=1, rejecting tensor->data=0xffffd55e47c5c000 owned by device 0
ggml_sycl_get_data_ptr_slow: tensor=node_74, device=1, rejecting tensor->data=0xffffd55e47c2c000 owned by device 0
[DEBUG-IMPL] Node 75/98: op=36 name=kqv_out-1
[DEBUG-IMPL] Node 76/98: op=29 name=node_76
[SYCL] simple consumer routing declined: op=MUL_MAT dst=node_76 plan unavailable ctx=0
[DEBUG-MULMAT] ENTER: src0=blk.1.attn_output.weight src1=kqv_out-1 dst=node_76
[SYCL][OP] call ggml_sycl_mul_mat: dst='node_76':type=f32;ne=[256, 64, 1, 1];nb=[4, 1024, 65536, 65536]	src0='blk.1.attn_output.weight':type=f32;ne=[256, 256, 1, 1];nb=[4, 1024, 262144, 262144]	src1='kqv_out-1':type=f32;ne=[256, 64, 1, 1];nb=[4, 1024, 65536, 65536]
[XMXConfig] device=0: M=8 N=16 K_INT8=32 K_FP16=16 SLM=131072 nsm=256 supported=1 int8=1 fp16=1 double_buf=1 max_esimd_wg=64 nbarrier=0 esimd_dpas=1
[MUL_MAT] src0 device=0 ptr=0xffffd556b6542c00 (tensor=blk.1.attn_output.weight layout=0)
[MUL_MAT] dst device=0 ptr=0xffffd55e47c3c000 (tensor=node_76)
[SYCL] weight cache lookup: tensor=0x2b89b190 name=blk.1.attn_output.weight device=0
[SYCL][OP] call ggml_sycl_mul_mat done
[DEBUG-IMPL] Node 77/98: op=7 name=node_77
[DEBUG-IMPL] Node 79/98: op=40 name=node_79
ggml_sycl_get_data_ptr_slow: tensor=leaf_52, device=0, staging FAILED for non-device (type=0), using tensor->data=0x77cdffc18840
ggml_sycl_get_data_ptr_slow: tensor=leaf_52, device=0, using tensor->data=0x77cdffc18840
[SYCL][OP] call ggml_sycl_get_rows: dst='node_79':type=f32;ne=[256, 64, 1, 1];nb=[4, 1024, 65536, 65536]	src0='attn_out-1':type=f32;ne=[256, 64, 1, 1];nb=[4, 1024, 65536, 65536]	src1='leaf_52':type=i32;ne=[64, 1, 1, 1];nb=[4, 256, 256, 256]
[SYCL] weight cache lookup: tensor=0x77cfa1ccb6d0 name=attn_out-1 device=0
[SYCL][OP] call ggml_sycl_get_rows done
[DEBUG-IMPL] Node 80/98: op=40 name=node_80
[SYCL][OP] call ggml_sycl_get_rows: dst='node_80':type=f32;ne=[256, 64, 1, 1];nb=[4, 1024, 65536, 65536]	src0='l_out-0':type=f32;ne=[256, 64, 1, 1];nb=[4, 1024, 65536, 65536]	src1='leaf_52':type=i32;ne=[64, 1, 1, 1];nb=[4, 256, 256, 256]
[SYCL] weight cache lookup: tensor=0x77cfa1cc84d0 name=l_out-0 device=0
[SYCL][OP] call ggml_sycl_get_rows done
[DEBUG-IMPL] Node 81/98: op=2 name=ffn_inp-1
[DEBUG-IMPL] Node 83/98: op=7 name=ffn_norm-1
[SYCL] simple consumer routing declined: op=MUL dst=ffn_norm-1 local single-device plan ctx=0 target=0
[SYCL][OP] call ggml_sycl_mul: dst='ffn_norm-1':type=f32;ne=[256, 64, 1, 1];nb=[4, 1024, 65536, 65536]	src0='norm-1':type=f32;ne=[256, 64, 1, 1];nb=[4, 1024, 65536, 65536]	src1='blk.1.ffn_norm.weight':type=f32;ne=[256, 1, 1, 1];nb=[4, 1024, 1024, 1024]
[BINBCAST-PTR] src0=norm-1 src0_host=0xffffd55e47c3c000 src0_d=0xffffd55e47c3c000
[BINBCAST-PTR] src1=blk.1.ffn_norm.weight src1_host=0x77cf13b64140 src1_d=0xffffd556b6420c00
[SYCL][OP] call ggml_sycl_mul done
[DEBUG-IMPL] Node 84/98: op=29 name=ffn_gate-1
[SYCL] simple consumer routing declined: op=MUL_MAT dst=ffn_gate-1 plan unavailable ctx=0
[DEBUG-MULMAT] ENTER: src0=blk.1.ffn_gate.weight src1=ffn_norm-1 dst=ffn_gate-1
[SYCL][OP] call ggml_sycl_mul_mat: dst='ffn_gate-1':type=f32;ne=[384, 64, 1, 1];nb=[4, 1536, 98304, 98304]	src0='blk.1.ffn_gate.weight':type=f32;ne=[256, 384, 1, 1];nb=[4, 1024, 393216, 393216]	src1='ffn_norm-1':type=f32;ne=[256, 64, 1, 1];nb=[4, 1024, 65536, 65536]
[XMXConfig] device=0: M=8 N=16 K_INT8=32 K_FP16=16 SLM=131072 nsm=256 supported=1 int8=1 fp16=1 double_buf=1 max_esimd_wg=64 nbarrier=0 esimd_dpas=1
[MUL_MAT] src0 device=0 ptr=0xffffd556b6825b00 (tensor=blk.1.ffn_gate.weight layout=0)
[MUL_MAT] dst device=0 ptr=0xffffd55e47c4c000 (tensor=ffn_gate-1)
[SYCL] weight cache lookup: tensor=0x2b89b7d0 name=blk.1.ffn_gate.weight device=0
[SYCL][OP] call ggml_sycl_mul_mat done
[DEBUG-IMPL] Node 85/98: op=2 name=ffn_gate_b-1
[SYCL] simple consumer routing declined: op=ADD dst=ffn_gate_b-1 local single-device plan ctx=0 target=0
[SYCL-ADD-DBG] ADD dst: name=ffn_gate_b-1 type=f32 op=ADD ne=[384,64,1,1] nb=[4,1536,98304,98304] contig=1 data=0xffffd55e47c4c000 view_src=none view_offs=0 layout_mode=none layout_ptr=(nil) layout_size=0
[SYCL-ADD-DBG] ADD src0: name=ffn_gate-1 type=f32 op=MUL_MAT ne=[384,64,1,1] nb=[4,1536,98304,98304] contig=1 data=0xffffd55e47c4c000 view_src=none view_offs=0 layout_mode=none layout_ptr=(nil) layout_size=0
[SYCL-ADD-DBG] ADD src1: name=blk.1.ffn_gate.bias type=f32 op=NONE ne=[384,1,1,1] nb=[4,1536,1536,1536] contig=1 data=0x77cf13c84640 view_src=none view_offs=0 layout_mode=aos layout_ptr=(nil) layout_size=1536
[SYCL][OP] call ggml_sycl_add: dst='ffn_gate_b-1':type=f32;ne=[384, 64, 1, 1];nb=[4, 1536, 98304, 98304]	src0='ffn_gate-1':type=f32;ne=[384, 64, 1, 1];nb=[4, 1536, 98304, 98304]	src1='blk.1.ffn_gate.bias':type=f32;ne=[384, 1, 1, 1];nb=[4, 1536, 1536, 1536]
[SYCL-ADD-DBG] ADD src0: name=ffn_gate-1 type=f32 ne=[384,64,1,1] nb=[4,1536,98304,98304] contig=1 data=0xffffd55e47c4c000 view_src=none view_offs=0 layout_mode=none layout_ptr=(nil) layout_size=0
[SYCL-ADD-DBG] ADD src1: name=blk.1.ffn_gate.bias type=f32 ne=[384,1,1,1] nb=[4,1536,1536,1536] contig=1 data=0x77cf13c84640 view_src=none view_offs=0 layout_mode=aos layout_ptr=(nil) layout_size=1536
[SYCL-ADD-DBG] ADD dst: name=ffn_gate_b-1 type=f32 ne=[384,64,1,1] nb=[4,1536,98304,98304] contig=1 data=0xffffd55e47c4c000 view_src=none view_offs=0 layout_mode=none layout_ptr=(nil) layout_size=0
[BINBCAST-PTR] src0=ffn_gate-1 src0_host=0xffffd55e47c4c000 src0_d=0xffffd55e47c4c000
[BINBCAST-PTR] src1=blk.1.ffn_gate.bias src1_host=0x77cf13c84640 src1_d=0xffffd556b6886100
[SYCL][OP] call ggml_sycl_add done
[DEBUG-IMPL] Node 86/98: op=7 name=ffn_gate_s-1
[SYCL] simple consumer routing declined: op=MUL dst=ffn_gate_s-1 local single-device plan ctx=0 target=0
[SYCL][OP] call ggml_sycl_mul: dst='ffn_gate_s-1':type=f32;ne=[384, 64, 1, 1];nb=[4, 1536, 98304, 98304]	src0='ffn_gate_b-1':type=f32;ne=[384, 64, 1, 1];nb=[4, 1536, 98304, 98304]	src1='blk.1.ffn_gate.scale':type=f32;ne=[1, 1, 1, 1];nb=[4, 4, 4, 4]
[BINBCAST-PTR] src0=ffn_gate_b-1 src0_host=0xffffd55e47c4c000 src0_d=0xffffd55e47c4c000
[BINBCAST-PTR] src1=blk.1.ffn_gate.scale src1_host=0x77cf13c85880 src1_d=0xffffd556b6886b00
[SYCL][OP] call ggml_sycl_mul done
[DEBUG-IMPL] Node 87/98: op=29 name=ffn_up-1
[SYCL] simple consumer routing declined: op=MUL_MAT dst=ffn_up-1 plan unavailable ctx=0
[DEBUG-MULMAT] ENTER: src0=blk.1.ffn_up.weight src1=ffn_norm-1 dst=ffn_up-1
[SYCL][OP] call ggml_sycl_mul_mat: dst='ffn_up-1':type=f32;ne=[384, 64, 1, 1];nb=[4, 1536, 98304, 98304]	src0='blk.1.ffn_up.weight':type=f32;ne=[256, 384, 1, 1];nb=[4, 1024, 393216, 393216]	src1='ffn_norm-1':type=f32;ne=[256, 64, 1, 1];nb=[4, 1024, 65536, 65536]
[XMXConfig] device=0: M=8 N=16 K_INT8=32 K_FP16=16 SLM=131072 nsm=256 supported=1 int8=1 fp16=1 double_buf=1 max_esimd_wg=64 nbarrier=0 esimd_dpas=1
[MUL_MAT] src0 device=0 ptr=0xffffd556b67c5b00 (tensor=blk.1.ffn_up.weight layout=0)
[MUL_MAT] dst device=0 ptr=0xffffd55e47c64000 (tensor=ffn_up-1)
[SYCL] weight cache lookup: tensor=0x2b89baf0 name=blk.1.ffn_up.weight device=0
[SYCL][OP] call ggml_sycl_mul_mat done
[DEBUG-IMPL] Node 88/98: op=2 name=ffn_up_b-1
[SYCL] simple consumer routing declined: op=ADD dst=ffn_up_b-1 local single-device plan ctx=0 target=0
[SYCL-ADD-DBG] ADD dst: name=ffn_up_b-1 type=f32 op=ADD ne=[384,64,1,1] nb=[4,1536,98304,98304] contig=1 data=0xffffd55e47c64000 view_src=none view_offs=0 layout_mode=none layout_ptr=(nil) layout_size=0
[SYCL-ADD-DBG] ADD src0: name=ffn_up-1 type=f32 op=MUL_MAT ne=[384,64,1,1] nb=[4,1536,98304,98304] contig=1 data=0xffffd55e47c64000 view_src=none view_offs=0 layout_mode=none layout_ptr=(nil) layout_size=0
[SYCL-ADD-DBG] ADD src1: name=blk.1.ffn_up.bias type=f32 op=NONE ne=[384,1,1,1] nb=[4,1536,1536,1536] contig=1 data=0x77cf13c85040 view_src=none view_offs=0 layout_mode=aos layout_ptr=(nil) layout_size=1536
[SYCL][OP] call ggml_sycl_add: dst='ffn_up_b-1':type=f32;ne=[384, 64, 1, 1];nb=[4, 1536, 98304, 98304]	src0='ffn_up-1':type=f32;ne=[384, 64, 1, 1];nb=[4, 1536, 98304, 98304]	src1='blk.1.ffn_up.bias':type=f32;ne=[384, 1, 1, 1];nb=[4, 1536, 1536, 1536]
[SYCL-ADD-DBG] ADD src0: name=ffn_up-1 type=f32 ne=[384,64,1,1] nb=[4,1536,98304,98304] contig=1 data=0xffffd55e47c64000 view_src=none view_offs=0 layout_mode=none layout_ptr=(nil) layout_size=0
[SYCL-ADD-DBG] ADD src1: name=blk.1.ffn_up.bias type=f32 ne=[384,1,1,1] nb=[4,1536,1536,1536] contig=1 data=0x77cf13c85040 view_src=none view_offs=0 layout_mode=aos layout_ptr=(nil) layout_size=1536
[SYCL-ADD-DBG] ADD dst: name=ffn_up_b-1 type=f32 ne=[384,64,1,1] nb=[4,1536,98304,98304] contig=1 data=0xffffd55e47c64000 view_src=none view_offs=0 layout_mode=none layout_ptr=(nil) layout_size=0
[BINBCAST-PTR] src0=ffn_up-1 src0_host=0xffffd55e47c64000 src0_d=0xffffd55e47c64000
[BINBCAST-PTR] src1=blk.1.ffn_up.bias src1_host=0x77cf13c85040 src1_d=0xffffd556b6885b00
[SYCL][OP] call ggml_sycl_add done
[DEBUG-IMPL] Node 89/98: op=7 name=ffn_up_s-1
[SYCL] simple consumer routing declined: op=MUL dst=ffn_up_s-1 local single-device plan ctx=0 target=0
[SYCL][OP] call ggml_sycl_mul: dst='ffn_up_s-1':type=f32;ne=[384, 64, 1, 1];nb=[4, 1536, 98304, 98304]	src0='ffn_up_b-1':type=f32;ne=[384, 64, 1, 1];nb=[4, 1536, 98304, 98304]	src1='blk.1.ffn_up.scale':type=f32;ne=[1, 1, 1, 1];nb=[4, 4, 4, 4]
[BINBCAST-PTR] src0=ffn_up_b-1 src0_host=0xffffd55e47c64000 src0_d=0xffffd55e47c64000
[BINBCAST-PTR] src1=blk.1.ffn_up.scale src1_host=0x77cf13c858c0 src1_d=0xffffd556b6886d00
[SYCL][OP] call ggml_sycl_mul done
[DEBUG-IMPL] Node 90/98: op=97 name=ffn_swiglu-1
[SYCL] simple consumer routing declined: op=GLU dst=ffn_swiglu-1 local single-device plan ctx=0 target=0
[SYCL][OP] call ggml_sycl_swiglu: dst='ffn_swiglu-1':type=f32;ne=[384, 64, 1, 1];nb=[4, 1536, 98304, 98304]	src0='ffn_gate_s-1':type=f32;ne=[384, 64, 1, 1];nb=[4, 1536, 98304, 98304]
[SYCL][OP] call ggml_sycl_swiglu done
[DEBUG-IMPL] Node 91/98: op=29 name=ffn_down-1
[SYCL] simple consumer routing declined: op=MUL_MAT dst=ffn_down-1 plan unavailable ctx=0
[DEBUG-MULMAT] ENTER: src0=blk.1.ffn_down.weight src1=ffn_swiglu-1 dst=ffn_down-1
[SYCL][OP] call ggml_sycl_mul_mat: dst='ffn_down-1':type=f32;ne=[256, 64, 1, 1];nb=[4, 1024, 65536, 65536]	src0='blk.1.ffn_down.weight':type=f32;ne=[384, 256, 1, 1];nb=[4, 1536, 393216, 393216]	src1='ffn_swiglu-1':type=f32;ne=[384, 64, 1, 1];nb=[4, 1536, 98304, 98304]
[XMXConfig] device=0: M=8 N=16 K_INT8=32 K_FP16=16 SLM=131072 nsm=256 supported=1 int8=1 fp16=1 double_buf=1 max_esimd_wg=64 nbarrier=0 esimd_dpas=1
[MUL_MAT] src0 device=0 ptr=0xffffd556b6765b00 (tensor=blk.1.ffn_down.weight layout=0)
[MUL_MAT] dst device=0 ptr=0xffffd55e47c3c000 (tensor=ffn_down-1)
[SYCL] weight cache lookup: tensor=0x2b89b960 name=blk.1.ffn_down.weight device=0
[SYCL][OP] call ggml_sycl_mul_mat done
[DEBUG-IMPL] Node 92/98: op=2 name=node_92
[SYCL] simple consumer routing declined: op=ADD dst=node_92 local single-device plan ctx=0 target=0
[SYCL-ADD-DBG] ADD dst: name=node_92 type=f32 op=ADD ne=[256,64,1,1] nb=[4,1024,65536,65536] contig=1 data=0xffffd55e47c3c000 view_src=none view_offs=0 layout_mode=none layout_ptr=(nil) layout_size=0
[SYCL-ADD-DBG] ADD src0: name=ffn_down-1 type=f32 op=MUL_MAT ne=[256,64,1,1] nb=[4,1024,65536,65536] contig=1 data=0xffffd55e47c3c000 view_src=none view_offs=0 layout_mode=none layout_ptr=(nil) layout_size=0
[SYCL-ADD-DBG] ADD src1: name=blk.1.ffn_down.bias type=f32 op=NONE ne=[256,1,1,1] nb=[4,1024,1024,1024] contig=1 data=0x77cf13c84c40 view_src=none view_offs=0 layout_mode=aos layout_ptr=(nil) layout_size=1024
[SYCL][OP] call ggml_sycl_add: dst='node_92':type=f32;ne=[256, 64, 1, 1];nb=[4, 1024, 65536, 65536]	src0='ffn_down-1':type=f32;ne=[256, 64, 1, 1];nb=[4, 1024, 65536, 65536]	src1='blk.1.ffn_down.bias':type=f32;ne=[256, 1, 1, 1];nb=[4, 1024, 1024, 1024]
[SYCL-ADD-DBG] ADD src0: name=ffn_down-1 type=f32 ne=[256,64,1,1] nb=[4,1024,65536,65536] contig=1 data=0xffffd55e47c3c000 view_src=none view_offs=0 layout_mode=none layout_ptr=(nil) layout_size=0
[SYCL-ADD-DBG] ADD src1: name=blk.1.ffn_down.bias type=f32 ne=[256,1,1,1] nb=[4,1024,1024,1024] contig=1 data=0x77cf13c84c40 view_src=none view_offs=0 layout_mode=aos layout_ptr=(nil) layout_size=1024
[SYCL-ADD-DBG] ADD dst: name=node_92 type=f32 ne=[256,64,1,1] nb=[4,1024,65536,65536] contig=1 data=0xffffd55e47c3c000 view_src=none view_offs=0 layout_mode=none layout_ptr=(nil) layout_size=0
[BINBCAST-PTR] src0=ffn_down-1 src0_host=0xffffd55e47c3c000 src0_d=0xffffd55e47c3c000
[BINBCAST-PTR] src1=blk.1.ffn_down.bias src1_host=0x77cf13c84c40 src1_d=0xffffd556b6886700
[SYCL][OP] call ggml_sycl_add done
[DEBUG-IMPL] Node 93/98: op=7 name=ffn_out-1
[SYCL] simple consumer routing declined: op=MUL dst=ffn_out-1 local single-device plan ctx=0 target=0
[SYCL][OP] call ggml_sycl_mul: dst='ffn_out-1':type=f32;ne=[256, 64, 1, 1];nb=[4, 1024, 65536, 65536]	src0='node_92':type=f32;ne=[256, 64, 1, 1];nb=[4, 1024, 65536, 65536]	src1='blk.1.ffn_down.scale':type=f32;ne=[1, 1, 1, 1];nb=[4, 4, 4, 4]
[BINBCAST-PTR] src0=node_92 src0_host=0xffffd55e47c3c000 src0_d=0xffffd55e47c3c000
[BINBCAST-PTR] src1=blk.1.ffn_down.scale src1_host=0x77cf13c858a0 src1_d=0xffffd556b6886c00
[SYCL][OP] call ggml_sycl_mul done
[DEBUG-IMPL] Node 94/98: op=2 name=l_out-1
[DEBUG-IMPL] Node 96/98: op=7 name=result_norm
[SYCL] simple consumer routing declined: op=MUL dst=result_norm local single-device plan ctx=0 target=0
[SYCL][OP] call ggml_sycl_mul: dst='result_norm':type=f32;ne=[256, 64, 1, 1];nb=[4, 1024, 65536, 65536]	src0='norm':type=f32;ne=[256, 64, 1, 1];nb=[4, 1024, 65536, 65536]	src1='output_norm.weight':type=f32;ne=[256, 1, 1, 1];nb=[4, 1024, 1024, 1024]
[SYCL-MUL-DBG] device=0 graph_recording=0 dst=result_norm src0=norm src1=output_norm.weight src0_ptr=0xffffd55e47c3c000 src1_ptr=0xffffd556b6420000 dst_ptr=0xffffd55e47c3c000 src0_layout=none src1_layout=aos last_graph_event=0 has_barrier=0 exec_graph=0 graph_nodes=0 graph_decode=0
[BINBCAST-PTR] src0=norm src0_host=0xffffd55e47c3c000 src0_d=0xffffd55e47c3c000
[BINBCAST-PTR] src1=output_norm.weight src1_host=0x77cf13820040 src1_d=0xffffd556b6420000
[SYCL][OP] call ggml_sycl_mul done
[DEBUG-IMPL] Node 97/98: op=29 name=result_output
[SYCL] simple consumer routing declined: op=MUL_MAT dst=result_output plan unavailable ctx=0
[DEBUG-MULMAT] ENTER: src0=output.weight src1=result_norm dst=result_output
[SYCL][OP] call ggml_sycl_mul_mat: dst='result_output':type=f32;ne=[128, 64, 1, 1];nb=[4, 512, 32768, 32768]	src0='output.weight':type=f32;ne=[256, 128, 1, 1];nb=[4, 1024, 131072, 131072]	src1='result_norm':type=f32;ne=[256, 64, 1, 1];nb=[4, 1024, 65536, 65536]
[XMXConfig] device=0: M=8 N=16 K_INT8=32 K_FP16=16 SLM=131072 nsm=256 supported=1 int8=1 fp16=1 double_buf=1 max_esimd_wg=64 nbarrier=0 esimd_dpas=1
[SYCL] output.weight dispatch kernel=ONEDNN_AOS layout=0 batch=64
[MUL_MAT] src0 device=0 ptr=0xffffd556b6421400 (tensor=output.weight layout=0)
[MUL_MAT] dst device=0 ptr=0xffffd55e47c2c000 (tensor=result_output)
[SYCL] weight cache lookup: tensor=0x2b898a80 name=output.weight device=0
[SYCL][OP] call ggml_sycl_mul_mat done
[GRAPH-UNPIN] Released 0 graph MoE expert mem_handle leases
[GRAPH-UNPIN-WEIGHTS] Released 0 graph weight mem_handle leases
[SYCL] call ggml_backend_sycl_get_tensor_async: tensor='result_output':type=f32;ne=[128, 64, 1, 1];nb=[4, 512, 32768, 32768] size=32768 offset=0
[SYCL] call ggml_backend_sycl_synchronize
[SYCL] call ggml_backend_sycl_synchronize
[SYCL] call ggml_backend_sycl_synchronize
[SYCL] call ggml_backend_sycl_synchronize
[SYCL] call ggml_backend_sycl_synchronize
[SYCL] call ggml_backend_sycl_synchronize
[SYCL] call ggml_backend_sycl_synchronize
[SYCL] call ggml_backend_sycl_synchronize
[SYCL] call ggml_backend_sycl_synchronize
[SYCL] call ggml_backend_sycl_synchronize
[SYCL] call ggml_backend_sycl_synchronize
[SYCL] call ggml_backend_sycl_synchronize
[SYCL] call ggml_backend_sycl_synchronize
[SYCL] call ggml_backend_sycl_synchronize
[SYCL] call ggml_backend_sycl_synchronize
[SYCL] call ggml_backend_sycl_synchronize
[SYCL] call ggml_backend_sycl_synchronize
[SYCL] call ggml_backend_sycl_synchronize
[SYCL] call ggml_backend_sycl_synchronize
[SYCL] call ggml_backend_sycl_synchronize
[SYCL] call ggml_backend_sycl_synchronize
[SYCL] call ggml_backend_sycl_synchronize
[SYCL] call ggml_backend_sycl_synchronize
[SYCL] call ggml_backend_sycl_synchronize
[SYCL] call ggml_backend_sycl_synchronize
[SYCL] call ggml_backend_sycl_synchronize
[SYCL] call ggml_backend_sycl_synchronize
[SYCL] call ggml_backend_sycl_synchronize
[SYCL] call ggml_backend_sycl_synchronize
[SYCL] call ggml_backend_sycl_synchronize
[SYCL] call ggml_backend_sycl_synchronize
[SYCL] call ggml_backend_sycl_synchronize
[SYCL] call ggml_backend_sycl_synchronize
[SYCL] call ggml_backend_sycl_synchronize
[SYCL] call ggml_backend_sycl_synchronize
[SYCL] call ggml_backend_sycl_synchronize
[SYCL] call ggml_backend_sycl_synchronize
[SYCL] call ggml_backend_sycl_synchronize
[SYCL] call ggml_backend_sycl_synchronize
[SYCL] call ggml_backend_sycl_synchronize
[SYCL] call ggml_backend_sycl_synchronize
[SYCL] call ggml_backend_sycl_synchronize
[SYCL] call ggml_backend_sycl_synchronize
[SYCL] call ggml_backend_sycl_synchronize
[SYCL] call ggml_backend_sycl_synchronize
[SYCL] call ggml_backend_sycl_synchronize
[SYCL] call ggml_backend_sycl_synchronize
[SYCL] call ggml_backend_sycl_synchronize
[SYCL] call ggml_backend_sycl_synchronize
[SYCL] call ggml_backend_sycl_synchronize
[SYCL] call ggml_backend_sycl_synchronize
[SYCL] call ggml_backend_sycl_synchronize
[SYCL] call ggml_backend_sycl_synchronize
[SYCL] call ggml_backend_sycl_synchronize
[SYCL] call ggml_backend_sycl_synchronize
[SYCL] call ggml_backend_sycl_synchronize
[SYCL] call ggml_backend_sycl_synchronize
[SYCL] call ggml_backend_sycl_synchronize
[SYCL] call ggml_backend_sycl_synchronize
[SYCL] call ggml_backend_sycl_synchronize
[SYCL] call ggml_backend_sycl_synchronize
[SYCL] call ggml_backend_sycl_synchronize
[SYCL] call ggml_backend_sycl_synchronize
[SYCL] call ggml_backend_sycl_synchronize
[SYCL] call ggml_backend_sycl_synchronize
[SYCL] call ggml_backend_sycl_synchronize
[SYCL] call ggml_backend_sycl_synchronize
[SYCL] call ggml_backend_sycl_synchronize
[SYCL] call ggml_backend_sycl_synchronize
[SYCL] call ggml_backend_sycl_synchronize
[SYCL] call ggml_backend_sycl_synchronize
[SYCL] call ggml_backend_sycl_synchronize
[SYCL] call ggml_backend_sycl_synchronize
[SYCL] call ggml_backend_sycl_synchronize
[SYCL] call ggml_backend_sycl_synchronize
[SYCL] call ggml_backend_sycl_synchronize
[SYCL] call ggml_backend_sycl_synchronize
[SYCL] call ggml_backend_sycl_synchronize
[SYCL] call ggml_backend_sycl_synchronize
[SYCL] call ggml_backend_sycl_synchronize
[SYCL] call ggml_backend_sycl_synchronize
[SYCL] call ggml_backend_sycl_synchronize
[SYCL] call ggml_backend_sycl_synchronize
[SYCL] call ggml_backend_sycl_synchronize
[SYCL] call ggml_backend_sycl_synchronize
[SYCL] call ggml_backend_sycl_synchronize
[SYCL] call ggml_backend_sycl_synchronize
[SYCL] call ggml_backend_sycl_synchronize
[SYCL] call ggml_backend_sycl_synchronize
[SYCL] call ggml_backend_sycl_synchronize
[SYCL] call ggml_backend_sycl_synchronize
[SYCL] call ggml_backend_sycl_synchronize
[SYCL] call ggml_backend_sycl_synchronize
[SYCL] call ggml_backend_sycl_synchronize
[SYCL] call ggml_backend_sycl_synchronize
[SYCL] call ggml_backend_sycl_synchronize
[SYCL] call ggml_backend_sycl_synchronize
[SYCL] call ggml_backend_sycl_synchronize
[SYCL] call ggml_backend_sycl_synchronize
[SYCL] call ggml_backend_sycl_synchronize
[SYCL] call ggml_backend_sycl_synchronize
[SYCL] call ggml_backend_sycl_synchronize
[SYCL] call ggml_backend_sycl_synchronize
[SYCL] call ggml_backend_sycl_synchronize
[SYCL] call ggml_backend_sycl_synchronize
[SYCL] call ggml_backend_sycl_synchronize
[SYCL] call ggml_backend_sycl_synchronize
[SYCL] call ggml_backend_sycl_synchronize
[SYCL] call ggml_backend_sycl_synchronize
[SYCL] call ggml_backend_sycl_synchronize
[SYCL] call ggml_backend_sycl_synchronize
[SYCL] call ggml_backend_sycl_synchronize
[SYCL] call ggml_backend_sycl_synchronize
[SYCL] call ggml_backend_sycl_synchronize
[SYCL] call ggml_backend_sycl_synchronize
[SYCL] call ggml_backend_sycl_synchronize
[SYCL] call ggml_backend_sycl_synchronize
[SYCL] call ggml_backend_sycl_synchronize
[SYCL] call ggml_backend_sycl_synchronize
[SYCL] call ggml_backend_sycl_synchronize
[SYCL] call ggml_backend_sycl_synchronize
[SYCL] call ggml_backend_sycl_synchronize
[SYCL] call ggml_backend_sycl_synchronize
[SYCL] call ggml_backend_sycl_synchronize
[SYCL] call ggml_backend_sycl_synchronize
[SYCL] call ggml_backend_sycl_synchronize
[SYCL] call ggml_backend_sycl_synchronize
[SYCL] call ggml_backend_sycl_synchronize
[UNIFIED-CACHE] reclaim_weight_entries preserving leased model weight model=0 name_hash=0xd13690e99048047c layout=0 leases=2 owners=0x00000001 site=extra->data_handle[]/preload_model_weights(dense-pin)
[UNIFIED-CACHE] lease ring for name_hash=0xd13690e99048047c: seq=0+acquire:direct_stage_weight/mirror seq=1+acquire:direct_stage_weight/publish-out_handle seq=2+acquire:mem_handle/copy-assign seq=3-release:mem_handle/release_lease_state
[UNIFIED-CACHE] reclaim_weight_entries preserving leased model weight model=0 name_hash=0x51e0984aef35a252 layout=0 leases=2 owners=0x00000001 site=extra->data_handle[]/preload_model_weights(dense-pin)
[UNIFIED-CACHE] lease ring for name_hash=0x51e0984aef35a252: seq=0+acquire:direct_stage_weight/mirror seq=1+acquire:direct_stage_weight/publish-out_handle seq=2+acquire:mem_handle/copy-assign seq=3-release:mem_handle/release_lease_state
[UNIFIED-CACHE] reclaim_weight_entries preserving leased model weight model=0 name_hash=0x708f6c2b4615257e layout=0 leases=2 owners=0x00000001 site=extra->data_handle[]/preload_model_weights(dense-pin)
[UNIFIED-CACHE] lease ring for name_hash=0x708f6c2b4615257e: seq=0+acquire:direct_stage_weight/mirror seq=1+acquire:direct_stage_weight/publish-out_handle seq=2+acquire:mem_handle/copy-assign seq=3-release:mem_handle/release_lease_state
[UNIFIED-CACHE] reclaim_weight_entries preserving leased model weight model=0 name_hash=0xecb90fa9456ad029 layout=0 leases=2 owners=0x00000001 site=extra->data_handle[]/preload_model_weights(dense-pin)
[UNIFIED-CACHE] lease ring for name_hash=0xecb90fa9456ad029: seq=0+acquire:direct_stage_weight/mirror seq=1+acquire:direct_stage_weight/publish-out_handle seq=2+acquire:mem_handle/copy-assign seq=3-release:mem_handle/release_lease_state
[UNIFIED-CACHE] reclaim_weight_entries preserving leased model weight model=0 name_hash=0x6fcc54bc8ac0ed91 layout=0 leases=2 owners=0x00000001 site=extra->data_handle[]/preload_model_weights(dense-pin)
[UNIFIED-CACHE] lease ring for name_hash=0x6fcc54bc8ac0ed91: seq=0+acquire:direct_stage_weight/mirror seq=1+acquire:direct_stage_weight/publish-out_handle seq=2+acquire:mem_handle/copy-assign seq=3-release:mem_handle/release_lease_state
[UNIFIED-CACHE] reclaim_weight_entries preserving leased model weight model=0 name_hash=0x6dec5f18f0f78e5a layout=0 leases=2 owners=0x00000001 site=extra->data_handle[]/preload_model_weights(dense-pin)
[UNIFIED-CACHE] lease ring for name_hash=0x6dec5f18f0f78e5a: seq=0+acquire:direct_stage_weight/mirror seq=1+acquire:direct_stage_weight/publish-out_handle seq=2+acquire:mem_handle/copy-assign seq=3-release:mem_handle/release_lease_state
[UNIFIED-CACHE] reclaim_weight_entries preserving leased model weight model=0 name_hash=0x1ede8821e8d02fde layout=0 leases=2 owners=0x00000001 site=extra->data_handle[]/preload_model_weights(dense-pin)
[UNIFIED-CACHE] lease ring for name_hash=0x1ede8821e8d02fde: seq=0+acquire:direct_stage_weight/mirror seq=1+acquire:direct_stage_weight/publish-out_handle seq=2+acquire:mem_handle/copy-assign seq=3-release:mem_handle/release_lease_state
[UNIFIED-CACHE] reclaim_weight_entries preserving leased model weight model=0 name_hash=0xd5fed533d7a9f43d layout=0 leases=2 owners=0x00000001 site=extra->data_handle[]/preload_model_weights(dense-pin)
[UNIFIED-CACHE] lease ring for name_hash=0xd5fed533d7a9f43d: seq=0+acquire:direct_stage_weight/mirror seq=1+acquire:direct_stage_weight/publish-out_handle seq=2+acquire:mem_handle/copy-assign seq=3-release:mem_handle/release_lease_state
[UNIFIED-CACHE] reclaim_weight_entries preserving leased model weight model=0 name_hash=0x891936947be60d4d layout=0 leases=2 owners=0x00000001 site=extra->data_handle[]/preload_model_weights(dense-pin)
[UNIFIED-CACHE] lease ring for name_hash=0x891936947be60d4d: seq=0+acquire:direct_stage_weight/mirror seq=1+acquire:direct_stage_weight/publish-out_handle seq=2+acquire:mem_handle/copy-assign seq=3-release:mem_handle/release_lease_state
[UNIFIED-CACHE] reclaim_weight_entries preserving leased model weight model=0 name_hash=0x38f421c0f38eec13 layout=0 leases=2 owners=0x00000001 site=extra->data_handle[]/preload_model_weights(dense-pin)
[UNIFIED-CACHE] lease ring for name_hash=0x38f421c0f38eec13: seq=0+acquire:direct_stage_weight/mirror seq=1+acquire:direct_stage_weight/publish-out_handle seq=2+acquire:mem_handle/copy-assign seq=3-release:mem_handle/release_lease_state
[UNIFIED-CACHE] reclaim_weight_entries preserving leased model weight model=0 name_hash=0x5c0dc55f0f5cf2d3 layout=0 leases=2 owners=0x00000001 site=extra->data_handle[]/preload_model_weights(dense-pin)
[UNIFIED-CACHE] lease ring for name_hash=0x5c0dc55f0f5cf2d3: seq=0+acquire:direct_stage_weight/mirror seq=1+acquire:direct_stage_weight/publish-out_handle seq=2+acquire:mem_handle/copy-assign seq=3-release:mem_handle/release_lease_state
[UNIFIED-CACHE] reclaim_weight_entries preserving leased model weight model=0 name_hash=0xb279802dbf02ec50 layout=0 leases=2 owners=0x00000001 site=extra->data_handle[]/preload_model_weights(dense-pin)
[UNIFIED-CACHE] lease ring for name_hash=0xb279802dbf02ec50: seq=0+acquire:direct_stage_weight/mirror seq=1+acquire:direct_stage_weight/publish-out_handle seq=2+acquire:mem_handle/copy-assign seq=3-release:mem_handle/release_lease_state
[UNIFIED-CACHE] reclaim_weight_entries preserving leased model weight model=0 name_hash=0x6d5c481c06ed6b1c layout=0 leases=2 owners=0x00000001 site=extra->data_handle[]/preload_model_weights(dense-pin)
[UNIFIED-CACHE] lease ring for name_hash=0x6d5c481c06ed6b1c: seq=0+acquire:direct_stage_weight/mirror seq=1+acquire:direct_stage_weight/publish-out_handle seq=2+acquire:mem_handle/copy-assign seq=3-release:mem_handle/release_lease_state
[UNIFIED-CACHE] reclaim_weight_entries preserving leased model weight model=0 name_hash=0x4e1cae023ae18c67 layout=0 leases=2 owners=0x00000001 site=extra->data_handle[]/preload_model_weights(dense-pin)
[UNIFIED-CACHE] lease ring for name_hash=0x4e1cae023ae18c67: seq=0+acquire:direct_stage_weight/mirror seq=1+acquire:direct_stage_weight/publish-out_handle seq=2+acquire:mem_handle/copy-assign seq=3-release:mem_handle/release_lease_state
[UNIFIED-CACHE] reclaim_weight_entries preserving leased model weight model=0 name_hash=0xd04126154633d92a layout=0 leases=2 owners=0x00000001 site=extra->data_handle[]/preload_model_weights(dense-pin)
[UNIFIED-CACHE] lease ring for name_hash=0xd04126154633d92a: seq=0+acquire:direct_stage_weight/mirror seq=1+acquire:direct_stage_weight/publish-out_handle seq=2+acquire:mem_handle/copy-assign seq=3-release:mem_handle/release_lease_state
[UNIFIED-CACHE] reclaim_weight_entries preserving leased model weight model=0 name_hash=0x6bbc0b27530c18fc layout=0 leases=2 owners=0x00000001 site=extra->data_handle[]/preload_model_weights(dense-pin)
[UNIFIED-CACHE] lease ring for name_hash=0x6bbc0b27530c18fc: seq=0+acquire:direct_stage_weight/mirror seq=1+acquire:direct_stage_weight/publish-out_handle seq=2+acquire:mem_handle/copy-assign seq=3-release:mem_handle/release_lease_state
[UNIFIED-CACHE] reclaim_weight_entries preserving leased model weight model=0 name_hash=0xf0969627acaaadf3 layout=0 leases=2 owners=0x00000001 site=extra->data_handle[]/preload_model_weights(dense-pin)
[UNIFIED-CACHE] lease ring for name_hash=0xf0969627acaaadf3: seq=0+acquire:direct_stage_weight/mirror seq=1+acquire:direct_stage_weight/publish-out_handle seq=2+acquire:mem_handle/copy-assign seq=3-release:mem_handle/release_lease_state
[UNIFIED-CACHE] reclaim_weight_entries preserving leased model weight model=0 name_hash=0x47466764d37e580d layout=0 leases=2 owners=0x00000001 site=extra->data_handle[]/preload_model_weights(dense-pin)
[UNIFIED-CACHE] lease ring for name_hash=0x47466764d37e580d: seq=0+acquire:direct_stage_weight/mirror seq=1+acquire:direct_stage_weight/publish-out_handle seq=2+acquire:mem_handle/copy-assign seq=3-release:mem_handle/release_lease_state
[UNIFIED-CACHE] reclaim_weight_entries preserving leased model weight model=0 name_hash=0xe34f3e7aafdba3a5 layout=0 leases=2 owners=0x00000001 site=extra->data_handle[]/preload_model_weights(dense-pin)
[UNIFIED-CACHE] lease ring for name_hash=0xe34f3e7aafdba3a5: seq=0+acquire:direct_stage_weight/mirror seq=1+acquire:direct_stage_weight/publish-out_handle seq=2+acquire:mem_handle/copy-assign seq=3-release:mem_handle/release_lease_state
[UNIFIED-CACHE] reclaim_weight_entries preserving leased model weight model=0 name_hash=0xf6a1f79a2dffe780 layout=0 leases=2 owners=0x00000001 site=extra->data_handle[]/preload_model_weights(dense-pin)
[UNIFIED-CACHE] lease ring for name_hash=0xf6a1f79a2dffe780: seq=0+acquire:direct_stage_weight/mirror seq=1+acquire:direct_stage_weight/publish-out_handle seq=2+acquire:mem_handle/copy-assign seq=3-release:mem_handle/release_lease_state
[UNIFIED-CACHE] reclaim_weight_entries preserving leased model weight model=0 name_hash=0xdf7c04510f974718 layout=0 leases=2 owners=0x00000001 site=extra->data_handle[]/preload_model_weights(dense-pin)
[UNIFIED-CACHE] lease ring for name_hash=0xdf7c04510f974718: seq=0+acquire:direct_stage_weight/mirror seq=1+acquire:direct_stage_weight/publish-out_handle seq=2+acquire:mem_handle/copy-assign seq=3-release:mem_handle/release_lease_state
[UNIFIED-CACHE] reclaim_weight_entries preserving leased model weight model=0 name_hash=0x3779a6d76e4c7ee2 layout=0 leases=2 owners=0x00000001 site=extra->data_handle[]/preload_model_weights(dense-pin)
[UNIFIED-CACHE] lease ring for name_hash=0x3779a6d76e4c7ee2: seq=0+acquire:direct_stage_weight/mirror seq=1+acquire:direct_stage_weight/publish-out_handle seq=2+acquire:mem_handle/copy-assign seq=3-release:mem_handle/release_lease_state
[UNIFIED-CACHE] reclaim_weight_entries preserving leased model weight model=0 name_hash=0x582991162916c4b3 layout=0 leases=2 owners=0x00000001 site=extra->data_handle[]/preload_model_weights(dense-pin)
[UNIFIED-CACHE] lease ring for name_hash=0x582991162916c4b3: seq=0+acquire:direct_stage_weight/mirror seq=1+acquire:direct_stage_weight/publish-out_handle seq=2+acquire:mem_handle/copy-assign seq=3-release:mem_handle/release_lease_state
[UNIFIED-CACHE] reclaim_weight_entries preserving leased model weight model=0 name_hash=0xd16c818664a0cc0a layout=0 leases=2 owners=0x00000001 site=extra->data_handle[]/preload_model_weights(dense-pin)
[UNIFIED-CACHE] lease ring for name_hash=0xd16c818664a0cc0a: seq=0+acquire:direct_stage_weight/mirror seq=1+acquire:direct_stage_weight/publish-out_handle seq=2+acquire:mem_handle/copy-assign seq=3-release:mem_handle/release_lease_state
[UNIFIED-CACHE] reclaim_weight_entries preserving leased model weight model=0 name_hash=0x74919db2149cd436 layout=0 leases=2 owners=0x00000001 site=extra->data_handle[]/preload_model_weights(dense-pin)
[UNIFIED-CACHE] lease ring for name_hash=0x74919db2149cd436: seq=0+acquire:direct_stage_weight/mirror seq=1+acquire:direct_stage_weight/publish-out_handle seq=2+acquire:mem_handle/copy-assign seq=3-release:mem_handle/release_lease_state
[UNIFIED-CACHE] reclaim_weight_entries preserving leased model weight model=0 name_hash=0xef3db2028fcb16a3 layout=0 leases=2 owners=0x00000001 site=extra->data_handle[]/preload_model_weights(dense-pin)
[UNIFIED-CACHE] lease ring for name_hash=0xef3db2028fcb16a3: seq=0+acquire:direct_stage_weight/mirror seq=1+acquire:direct_stage_weight/publish-out_handle seq=2+acquire:mem_handle/copy-assign seq=3-release:mem_handle/release_lease_state
[UNIFIED-CACHE] reclaim_weight_entries preserving leased model weight model=0 name_hash=0xe4065a55adaaf03f layout=0 leases=2 owners=0x00000001 site=extra->data_handle[]/preload_model_weights(dense-pin)
[UNIFIED-CACHE] lease ring for name_hash=0xe4065a55adaaf03f: seq=0+acquire:direct_stage_weight/mirror seq=1+acquire:direct_stage_weight/publish-out_handle seq=2+acquire:mem_handle/copy-assign seq=3-release:mem_handle/release_lease_state
[UNIFIED-CACHE] reclaim_weight_entries preserving leased model weight model=0 name_hash=0xc3a0bc9f0504d35c layout=0 leases=2 owners=0x00000001 site=extra->data_handle[]/preload_model_weights(dense-pin)
[UNIFIED-CACHE] lease ring for name_hash=0xc3a0bc9f0504d35c: seq=0+acquire:direct_stage_weight/mirror seq=1+acquire:direct_stage_weight/publish-out_handle seq=2+acquire:mem_handle/copy-assign seq=3-release:mem_handle/release_lease_state
[UNIFIED-CACHE] reclaim_weight_entries preserving leased model weight model=0 name_hash=0xe30c0751e9ab32a9 layout=0 leases=2 owners=0x00000001 site=extra->data_handle[]/preload_model_weights(dense-pin)
[UNIFIED-CACHE] lease ring for name_hash=0xe30c0751e9ab32a9: seq=0+acquire:direct_stage_weight/mirror seq=1+acquire:direct_stage_weight/publish-out_handle seq=2+acquire:mem_handle/copy-assign seq=3-release:mem_handle/release_lease_state
[UNIFIED-CACHE] reclaim_weight_entries preserving leased model weight model=0 name_hash=0xeb54b67e9f099c46 layout=0 leases=2 owners=0x00000001 site=extra->data_handle[]/preload_model_weights(dense-pin)
[UNIFIED-CACHE] lease ring for name_hash=0xeb54b67e9f099c46: seq=0+acquire:direct_stage_weight/mirror seq=1+acquire:direct_stage_weight/publish-out_handle seq=2+acquire:mem_handle/copy-assign seq=3-release:mem_handle/release_lease_state
[UNIFIED-CACHE] reclaim_weight_entries preserving leased model weight model=0 name_hash=0x348b7dd451046514 layout=0 leases=2 owners=0x00000001 site=extra->data_handle[]/preload_model_weights(dense-pin)
[UNIFIED-CACHE] lease ring for name_hash=0x348b7dd451046514: seq=0+acquire:direct_stage_weight/mirror seq=1+acquire:direct_stage_weight/publish-out_handle seq=2+acquire:mem_handle/copy-assign seq=3-release:mem_handle/release_lease_state
[UNIFIED-CACHE] reclaim_weight_entries preserving leased model weight model=0 name_hash=0xad045d15402c08d3 layout=0 leases=2 owners=0x00000001 site=extra->data_handle[]/preload_model_weights(dense-pin)
[UNIFIED-CACHE] lease ring for name_hash=0xad045d15402c08d3: seq=0+acquire:direct_stage_weight/mirror seq=1+acquire:direct_stage_weight/publish-out_handle seq=2+acquire:mem_handle/copy-assign seq=3-release:mem_handle/release_lease_state
[UNIFIED-CACHE] reclaim_weight_entries preserving leased model weight model=0 name_hash=0x15380309041992d9 layout=0 leases=2 owners=0x00000001 site=extra->data_handle[]/preload_model_weights(dense-pin)
[UNIFIED-CACHE] lease ring for name_hash=0x15380309041992d9: seq=0+acquire:direct_stage_weight/mirror seq=1+acquire:direct_stage_weight/publish-out_handle seq=2+acquire:mem_handle/copy-assign seq=3-release:mem_handle/release_lease_state
[UNIFIED-CACHE] reclaim_weight_entries preserving leased model weight model=0 name_hash=0x4599df1b04c6b9fb layout=0 leases=2 owners=0x00000001 site=extra->data_handle[]/preload_model_weights(dense-pin)
[UNIFIED-CACHE] lease ring for name_hash=0x4599df1b04c6b9fb: seq=0+acquire:direct_stage_weight/mirror seq=1+acquire:direct_stage_weight/publish-out_handle seq=2+acquire:mem_handle/copy-assign seq=3-release:mem_handle/release_lease_state
[UNIFIED-CACHE] reclaim_weight_entries preserving leased model weight model=0 name_hash=0x6059a543aef7dbb7 layout=0 leases=2 owners=0x00000001 site=extra->data_handle[]/preload_model_weights(dense-pin)
[UNIFIED-CACHE] lease ring for name_hash=0x6059a543aef7dbb7: seq=0+acquire:direct_stage_weight/mirror seq=1+acquire:direct_stage_weight/publish-out_handle seq=2+acquire:mem_handle/copy-assign seq=3-release:mem_handle/release_lease_state
[UNIFIED-CACHE] reclaim_weight_entries preserving leased model weight model=0 name_hash=0xd46dcd1b728c981f layout=0 leases=2 owners=0x00000001 site=extra->data_handle[]/preload_model_weights(dense-pin)
[UNIFIED-CACHE] lease ring for name_hash=0xd46dcd1b728c981f: seq=0+acquire:direct_stage_weight/mirror seq=1+acquire:direct_stage_weight/publish-out_handle seq=2+acquire:mem_handle/copy-assign seq=3-release:mem_handle/release_lease_state
[UNIFIED-CACHE] reclaim_weight_entries preserving leased model weight model=0 name_hash=0xaed088ad06d329a3 layout=0 leases=2 owners=0x00000001 site=extra->data_handle[]/preload_model_weights(dense-pin)
[UNIFIED-CACHE] lease ring for name_hash=0xaed088ad06d329a3: seq=0+acquire:direct_stage_weight/mirror seq=1+acquire:direct_stage_weight/publish-out_handle seq=2+acquire:mem_handle/copy-assign seq=3-release:mem_handle/release_lease_state
[UNIFIED-CACHE] reclaim_weight_entries preserving leased model weight model=0 name_hash=0x6fef520cddfce3c0 layout=0 leases=2 owners=0x00000001 site=extra->data_handle[]/preload_model_weights(dense-pin)
[UNIFIED-CACHE] lease ring for name_hash=0x6fef520cddfce3c0: seq=0+acquire:direct_stage_weight/mirror seq=1+acquire:direct_stage_weight/publish-out_handle seq=2+acquire:mem_handle/copy-assign seq=3-release:mem_handle/release_lease_state
[UNIFIED-CACHE] reclaim_weight_entries preserving leased model weight model=0 name_hash=0xddb603f9cd448660 layout=0 leases=2 owners=0x00000001 site=extra->data_handle[]/preload_model_weights(dense-pin)
[UNIFIED-CACHE] lease ring for name_hash=0xddb603f9cd448660: seq=0+acquire:direct_stage_weight/mirror seq=1+acquire:direct_stage_weight/publish-out_handle seq=2+acquire:mem_handle/copy-assign seq=3-release:mem_handle/release_lease_state
[UNIFIED-CACHE] reclaim_weight_entries preserving leased model weight model=0 name_hash=0xb09204520b9c97f0 layout=0 leases=2 owners=0x00000001 site=extra->data_handle[]/preload_model_weights(dense-pin)
[UNIFIED-CACHE] lease ring for name_hash=0xb09204520b9c97f0: seq=0+acquire:direct_stage_weight/mirror seq=1+acquire:direct_stage_weight/publish-out_handle seq=2+acquire:mem_handle/copy-assign seq=3-release:mem_handle/release_lease_state
[UNIFIED-CACHE] reclaim_weight_entries preserving leased model weight model=0 name_hash=0xab8cfe3bf6a50b9c layout=0 leases=2 owners=0x00000001 site=extra->data_handle[]/preload_model_weights(dense-pin)
[UNIFIED-CACHE] lease ring for name_hash=0xab8cfe3bf6a50b9c: seq=0+acquire:direct_stage_weight/mirror seq=1+acquire:direct_stage_weight/publish-out_handle seq=2+acquire:mem_handle/copy-assign seq=3-release:mem_handle/release_lease_state
[UNIFIED-CACHE] reclaim_weight_entries preserving leased model weight model=0 name_hash=0x311b9ae764a4abcf layout=0 leases=2 owners=0x00000001 site=extra->data_handle[]/preload_model_weights(dense-pin)
[UNIFIED-CACHE] lease ring for name_hash=0x311b9ae764a4abcf: seq=0+acquire:direct_stage_weight/mirror seq=1+acquire:direct_stage_weight/publish-out_handle seq=2+acquire:mem_handle/copy-assign seq=3-release:mem_handle/release_lease_state
[UNIFIED-CACHE] reclaim_weight_entries preserving leased model weight model=0 name_hash=0x3ba5a6821b6511e0 layout=0 leases=2 owners=0x00000001 site=extra->data_handle[]/preload_model_weights(dense-pin)
[UNIFIED-CACHE] lease ring for name_hash=0x3ba5a6821b6511e0: seq=0+acquire:direct_stage_weight/mirror seq=1+acquire:direct_stage_weight/publish-out_handle seq=2+acquire:mem_handle/copy-assign seq=3-release:mem_handle/release_lease_state
[UNIFIED-CACHE] reclaim_weight_entries preserving leased model weight model=0 name_hash=0xe9ca1d4053ae41f9 layout=0 leases=2 owners=0x00000001 site=extra->data_handle[]/preload_model_weights(dense-pin)
[UNIFIED-CACHE] lease ring for name_hash=0xe9ca1d4053ae41f9: seq=0+acquire:direct_stage_weight/mirror seq=1+acquire:direct_stage_weight/publish-out_handle seq=2+acquire:mem_handle/copy-assign seq=3-release:mem_handle/release_lease_state
[UNIFIED-CACHE] reclaim_weight_entries preserving leased model weight model=0 name_hash=0xe5a443ece75be10e layout=0 leases=2 owners=0x00000001 site=extra->data_handle[]/preload_model_weights(dense-pin)
[UNIFIED-CACHE] lease ring for name_hash=0xe5a443ece75be10e: seq=0+acquire:direct_stage_weight/mirror seq=1+acquire:direct_stage_weight/publish-out_handle seq=2+acquire:mem_handle/copy-assign seq=3-release:mem_handle/release_lease_state
[UNIFIED-CACHE] reclaim_weight_entries preserving leased model weight model=0 name_hash=0x38771636bce5a702 layout=0 leases=2 owners=0x00000001 site=extra->data_handle[]/preload_model_weights(dense-pin)
[UNIFIED-CACHE] lease ring for name_hash=0x38771636bce5a702: seq=0+acquire:direct_stage_weight/mirror seq=1+acquire:direct_stage_weight/publish-out_handle seq=2+acquire:mem_handle/copy-assign seq=3-release:mem_handle/release_lease_state
[UNIFIED-CACHE] reclaim_weight_entries preserving leased model weight model=0 name_hash=0x3a931c14a53d5960 layout=0 leases=2 owners=0x00000001 site=extra->data_handle[]/preload_model_weights(dense-pin)
[UNIFIED-CACHE] lease ring for name_hash=0x3a931c14a53d5960: seq=0+acquire:direct_stage_weight/mirror seq=1+acquire:direct_stage_weight/publish-out_handle seq=2+acquire:mem_handle/copy-assign seq=3-release:mem_handle/release_lease_state
[UNIFIED-CACHE] reclaim_weight_entries preserving leased model weight model=0 name_hash=0xbcde7c22847b8f24 layout=0 leases=2 owners=0x00000001 site=extra->data_handle[]/preload_model_weights(dense-pin)
[UNIFIED-CACHE] lease ring for name_hash=0xbcde7c22847b8f24: seq=0+acquire:direct_stage_weight/mirror seq=1+acquire:direct_stage_weight/publish-out_handle seq=2+acquire:mem_handle/copy-assign seq=3-release:mem_handle/release_lease_state
[UNIFIED-CACHE] reclaim_weight_entries preserving leased model weight model=0 name_hash=0xb235334776d9c72d layout=0 leases=2 owners=0x00000001 site=extra->data_handle[]/preload_model_weights(dense-pin)
[UNIFIED-CACHE] lease ring for name_hash=0xb235334776d9c72d: seq=0+acquire:direct_stage_weight/mirror seq=1+acquire:direct_stage_weight/publish-out_handle seq=2+acquire:mem_handle/copy-assign seq=3-release:mem_handle/release_lease_state
[UNIFIED-CACHE] reclaim_weight_entries preserving leased model weight model=0 name_hash=0xe7d3c5e727a81c4d layout=0 leases=2 owners=0x00000001 site=extra->data_handle[]/preload_model_weights(dense-pin)
[UNIFIED-CACHE] lease ring for name_hash=0xe7d3c5e727a81c4d: seq=0+acquire:direct_stage_weight/mirror seq=1+acquire:direct_stage_weight/publish-out_handle seq=2+acquire:mem_handle/copy-assign seq=3-release:mem_handle/release_lease_state
[UNIFIED-CACHE] reclaim_weight_entries preserving leased model weight model=0 name_hash=0xa7d836df53ff49d4 layout=0 leases=2 owners=0x00000001 site=extra->data_handle[]/preload_model_weights(dense-pin)
[UNIFIED-CACHE] lease ring for name_hash=0xa7d836df53ff49d4: seq=0+acquire:direct_stage_weight/mirror seq=1+acquire:direct_stage_weight/publish-out_handle seq=2+acquire:mem_handle/copy-assign seq=3-release:mem_handle/release_lease_state
[UNIFIED-CACHE] reclaim_weight_entries preserving leased model weight model=0 name_hash=0xc65810b3308e2a65 layout=0 leases=2 owners=0x00000001 site=extra->data_handle[]/preload_model_weights(dense-pin)
[UNIFIED-CACHE] lease ring for name_hash=0xc65810b3308e2a65: seq=0+acquire:direct_stage_weight/mirror seq=1+acquire:direct_stage_weight/publish-out_handle seq=2+acquire:mem_handle/copy-assign seq=3-release:mem_handle/release_lease_state
[UNIFIED-CACHE] reclaim_weight_entries preserving leased model weight model=0 name_hash=0xc0bcce7fc727feb8 layout=0 leases=2 owners=0x00000001 site=extra->data_handle[]/preload_model_weights(dense-pin)
[UNIFIED-CACHE] lease ring for name_hash=0xc0bcce7fc727feb8: seq=0+acquire:direct_stage_weight/mirror seq=1+acquire:direct_stage_weight/publish-out_handle seq=2+acquire:mem_handle/copy-assign seq=3-release:mem_handle/release_lease_state
[UNIFIED-CACHE] reclaim_weight_entries preserving leased model weight model=0 name_hash=0x213f84667dda1dba layout=0 leases=2 owners=0x00000001 site=extra->data_handle[]/preload_model_weights(dense-pin)
[UNIFIED-CACHE] lease ring for name_hash=0x213f84667dda1dba: seq=0+acquire:direct_stage_weight/mirror seq=1+acquire:direct_stage_weight/publish-out_handle seq=2+acquire:mem_handle/copy-assign seq=3-release:mem_handle/release_lease_state
[UNIFIED-CACHE] reclaim_weight_entries preserving leased model weight model=0 name_hash=0xdd97f95fa07fec16 layout=0 leases=2 owners=0x00000001 site=extra->data_handle[]/preload_model_weights(dense-pin)
[UNIFIED-CACHE] lease ring for name_hash=0xdd97f95fa07fec16: seq=0+acquire:direct_stage_weight/mirror seq=1+acquire:direct_stage_weight/publish-out_handle seq=2+acquire:mem_handle/copy-assign seq=3-release:mem_handle/release_lease_state
[UNIFIED-CACHE] reclaim_weight_entries preserving leased model weight model=0 name_hash=0xa7c2590f0166f6b0 layout=0 leases=2 owners=0x00000001 site=extra->data_handle[]/preload_model_weights(dense-pin)
[UNIFIED-CACHE] lease ring for name_hash=0xa7c2590f0166f6b0: seq=0+acquire:direct_stage_weight/mirror seq=1+acquire:direct_stage_weight/publish-out_handle seq=2+acquire:mem_handle/copy-assign seq=3-release:mem_handle/release_lease_state
[UNIFIED-CACHE] reclaim_weight_entries preserving leased model weight model=0 name_hash=0xae8ba76e3b151d9e layout=0 leases=2 owners=0x00000001 site=extra->data_handle[]/preload_model_weights(dense-pin)
[UNIFIED-CACHE] lease ring for name_hash=0xae8ba76e3b151d9e: seq=0+acquire:direct_stage_weight/mirror seq=1+acquire:direct_stage_weight/publish-out_handle seq=2+acquire:mem_handle/copy-assign seq=3-release:mem_handle/release_lease_state
[UNIFIED-CACHE] reclaim_weight_entries preserving leased model weight model=0 name_hash=0xcaf5b0fcacce6aea layout=0 leases=2 owners=0x00000001 site=extra->data_handle[]/preload_model_weights(dense-pin)
[UNIFIED-CACHE] lease ring for name_hash=0xcaf5b0fcacce6aea: seq=0+acquire:direct_stage_weight/mirror seq=1+acquire:direct_stage_weight/publish-out_handle seq=2+acquire:mem_handle/copy-assign seq=3-release:mem_handle/release_lease_state
[UNIFIED-CACHE] reclaim_weight_entries preserving leased model weight model=0 name_hash=0xbe3c27e272f3ab58 layout=0 leases=2 owners=0x00000001 site=extra->data_handle[]/preload_model_weights(dense-pin)
[UNIFIED-CACHE] lease ring for name_hash=0xbe3c27e272f3ab58: seq=0+acquire:direct_stage_weight/mirror seq=1+acquire:direct_stage_weight/publish-out_handle seq=2+acquire:mem_handle/copy-assign seq=3-release:mem_handle/release_lease_state
[UNIFIED-CACHE] reclaim_weight_entries preserving leased model weight model=0 name_hash=0x28e162c724839a layout=0 leases=2 owners=0x00000001 site=extra->data_handle[]/preload_model_weights(dense-pin)
[UNIFIED-CACHE] lease ring for name_hash=0x28e162c724839a: seq=0+acquire:direct_stage_weight/mirror seq=1+acquire:direct_stage_weight/publish-out_handle seq=2+acquire:mem_handle/copy-assign seq=3-release:mem_handle/release_lease_state
[UNIFIED-CACHE] reclaim_weight_entries preserving leased model weight model=0 name_hash=0xb032bd475a68a1fe layout=0 leases=2 owners=0x00000001 site=extra->data_handle[]/preload_model_weights(dense-pin)
[UNIFIED-CACHE] lease ring for name_hash=0xb032bd475a68a1fe: seq=0+acquire:direct_stage_weight/mirror seq=1+acquire:direct_stage_weight/publish-out_handle seq=2+acquire:mem_handle/copy-assign seq=3-release:mem_handle/release_lease_state
[UNIFIED-CACHE] reclaim_weight_entries preserving leased model weight model=0 name_hash=0xde9943e34534adc3 layout=0 leases=2 owners=0x00000001 site=extra->data_handle[]/preload_model_weights(dense-pin)
[UNIFIED-CACHE] lease ring for name_hash=0xde9943e34534adc3: seq=0+acquire:direct_stage_weight/mirror seq=1+acquire:direct_stage_weight/publish-out_handle seq=2+acquire:mem_handle/copy-assign seq=3-release:mem_handle/release_lease_state
[UNIFIED-CACHE] reclaim_weight_entries preserving leased model weight model=0 name_hash=0x64cda8f8043233df layout=0 leases=2 owners=0x00000001 site=extra->data_handle[]/preload_model_weights(dense-pin)
[UNIFIED-CACHE] lease ring for name_hash=0x64cda8f8043233df: seq=0+acquire:direct_stage_weight/mirror seq=1+acquire:direct_stage_weight/publish-out_handle seq=2+acquire:mem_handle/copy-assign seq=3-release:mem_handle/release_lease_state
[UNIFIED-CACHE] reclaim_weight_entries preserving leased model weight model=0 name_hash=0xac38173202bd7abb layout=0 leases=2 owners=0x00000001 site=extra->data_handle[]/preload_model_weights(dense-pin)
[UNIFIED-CACHE] lease ring for name_hash=0xac38173202bd7abb: seq=0+acquire:direct_stage_weight/mirror seq=1+acquire:direct_stage_weight/publish-out_handle seq=2+acquire:mem_handle/copy-assign seq=3-release:mem_handle/release_lease_state
[UNIFIED-CACHE] reclaim weight entries(load-boundary): erased 0 unpinned 0
[ZONE-RESET-AUDIT] NEW-ESCAPE site=weight-reclaim/load-boundary:dev0 graph=2 alloc_id=15075396135491732604 size=4 role=0 category=2 tier=0 cohort=weight:leased
[ZONE-RESET-AUDIT] NEW-ESCAPE site=weight-reclaim/load-boundary:dev0 graph=2 alloc_id=8055907002217459089 size=1536 role=0 category=2 tier=0 cohort=weight:leased
[ZONE-RESET-AUDIT] NEW-ESCAPE site=weight-reclaim/load-boundary:dev0 graph=2 alloc_id=7920810405364469338 size=393216 role=0 category=2 tier=0 cohort=weight:leased
[ZONE-RESET-AUDIT] NEW-ESCAPE site=weight-reclaim/load-boundary:dev0 graph=2 alloc_id=4103942273045031955 size=1024 role=0 category=2 tier=0 cohort=weight:leased
[ZONE-RESET-AUDIT] NEW-ESCAPE site=weight-reclaim/load-boundary:dev0 graph=2 alloc_id=16957379151907101766 size=262144 role=0 category=2 tier=0 cohort=weight:leased
[ZONE-RESET-AUDIT] NEW-ESCAPE site=weight-reclaim/load-boundary:dev0 graph=2 alloc_id=12467192014320699603 size=131072 role=0 category=2 tier=0 cohort=weight:leased
[ZONE-RESET-AUDIT] NEW-ESCAPE site=weight-reclaim/load-boundary:dev0 graph=2 alloc_id=3538592250846292943 size=256 role=0 category=2 tier=0 cohort=weight:leased
[UNIFIED-CACHE] reclaim weight entries(load-boundary): erased 0 unpinned 0
[SYCL] call ggml_backend_sycl_init
[SYCL] call ggml_backend_sycl_get_device_memory
[SYCL] call ggml_backend_sycl_get_device_memory
[SYCL] call ggml_backend_sycl_get_device_memory
[MEM-QUERY] dev=1 free=572.1 MB total=16304.0 MB consumed=15731.9 MB
[PLACEMENT-MULTI] Dense standalone token_embd.weight -> device=0 reason=fastest-dense-compatible bytes=0.1 MB
[PLACEMENT-MULTI] Dense standalone output_norm.weight -> device=0 reason=fastest-dense-compatible bytes=0.0 MB
[PLACEMENT-MULTI] Dense standalone output.weight -> device=0 reason=fastest-dense-compatible bytes=0.1 MB
[PLACEMENT-MULTI] Dense standalone rope_freqs.weight -> device=0 reason=fastest-dense-compatible bytes=0.0 MB
[PLACEMENT-MOE-MULTI-TRACE] entries=0 xmx=0 soa=0 alt_entries=0 alt_layouts=0 alt_soa=0 kv_ubatch=512 top_k=0 envelope=1 envelope_ubatch=0 mode=0
SYCL TP: Freed all persistent FFN buffers via unified-cache handles
SYCL TP: Freed all persistent attention buffers
[MEM-HANDLE] released 0 command-graph retained leases
[GRAPH-UNPIN] Released 0 graph MoE expert mem_handle leases
[GRAPH-UNPIN-WEIGHTS] Released 0 graph weight mem_handle leases
[SYCL] call ggml_backend_sycl_host_buffer_type
[SYCL] call ggml_backend_sycl_init
[SYCL] call ggml_backend_sycl_get_device_memory
[SYCL] call ggml_backend_sycl_get_device_memory
[SYCL] call ggml_backend_sycl_get_device_memory
[PLACEMENT-MULTI] Dense standalone token_embd.weight -> device=0 reason=fastest-dense-compatible bytes=0.1 MB
[PLACEMENT-MULTI] Dense standalone output_norm.weight -> device=0 reason=fastest-dense-compatible bytes=0.0 MB
[PLACEMENT-MULTI] Dense standalone output.weight -> device=0 reason=fastest-dense-compatible bytes=0.1 MB
[PLACEMENT-MULTI] Dense standalone rope_freqs.weight -> device=0 reason=fastest-dense-compatible bytes=0.0 MB
[PLACEMENT-MOE-MULTI-TRACE] entries=0 xmx=0 soa=0 alt_entries=0 alt_layouts=0 alt_soa=0 kv_ubatch=512 top_k=0 envelope=1 envelope_ubatch=0 mode=0
SYCL TP: Freed all persistent FFN buffers via unified-cache handles
SYCL TP: Freed all persistent attention buffers
[MEM-HANDLE] released 0 command-graph retained leases
[GRAPH-UNPIN] Released 0 graph MoE expert mem_handle leases
[GRAPH-UNPIN-WEIGHTS] Released 0 graph weight mem_handle leases
[SYCL] Host buffer alloc: 4.5 MB via unified-cache
[UNIFIED-CACHE] reclaim_weight_entries preserving leased model weight model=0 name_hash=0xd13690e99048047c layout=0 leases=2 owners=0x00000001 site=extra->data_handle[]/preload_model_weights(dense-pin)
[UNIFIED-CACHE] lease ring for name_hash=0xd13690e99048047c: seq=0+acquire:direct_stage_weight/mirror seq=1+acquire:direct_stage_weight/publish-out_handle seq=2+acquire:mem_handle/copy-assign seq=3-release:mem_handle/release_lease_state
[UNIFIED-CACHE] reclaim_weight_entries preserving leased model weight model=0 name_hash=0x51e0984aef35a252 layout=0 leases=2 owners=0x00000001 site=extra->data_handle[]/preload_model_weights(dense-pin)
[UNIFIED-CACHE] lease ring for name_hash=0x51e0984aef35a252: seq=0+acquire:direct_stage_weight/mirror seq=1+acquire:direct_stage_weight/publish-out_handle seq=2+acquire:mem_handle/copy-assign seq=3-release:mem_handle/release_lease_state
[UNIFIED-CACHE] reclaim_weight_entries preserving leased model weight model=0 name_hash=0x708f6c2b4615257e layout=0 leases=2 owners=0x00000001 site=extra->data_handle[]/preload_model_weights(dense-pin)
[UNIFIED-CACHE] lease ring for name_hash=0x708f6c2b4615257e: seq=0+acquire:direct_stage_weight/mirror seq=1+acquire:direct_stage_weight/publish-out_handle seq=2+acquire:mem_handle/copy-assign seq=3-release:mem_handle/release_lease_state
[UNIFIED-CACHE] reclaim_weight_entries preserving leased model weight model=0 name_hash=0xecb90fa9456ad029 layout=0 leases=2 owners=0x00000001 site=extra->data_handle[]/preload_model_weights(dense-pin)
[UNIFIED-CACHE] lease ring for name_hash=0xecb90fa9456ad029: seq=0+acquire:direct_stage_weight/mirror seq=1+acquire:direct_stage_weight/publish-out_handle seq=2+acquire:mem_handle/copy-assign seq=3-release:mem_handle/release_lease_state
[UNIFIED-CACHE] reclaim_weight_entries preserving leased model weight model=0 name_hash=0x6fcc54bc8ac0ed91 layout=0 leases=2 owners=0x00000001 site=extra->data_handle[]/preload_model_weights(dense-pin)
[UNIFIED-CACHE] lease ring for name_hash=0x6fcc54bc8ac0ed91: seq=0+acquire:direct_stage_weight/mirror seq=1+acquire:direct_stage_weight/publish-out_handle seq=2+acquire:mem_handle/copy-assign seq=3-release:mem_handle/release_lease_state
[UNIFIED-CACHE] reclaim_weight_entries preserving leased model weight model=0 name_hash=0x6dec5f18f0f78e5a layout=0 leases=2 owners=0x00000001 site=extra->data_handle[]/preload_model_weights(dense-pin)
[UNIFIED-CACHE] lease ring for name_hash=0x6dec5f18f0f78e5a: seq=0+acquire:direct_stage_weight/mirror seq=1+acquire:direct_stage_weight/publish-out_handle seq=2+acquire:mem_handle/copy-assign seq=3-release:mem_handle/release_lease_state
[UNIFIED-CACHE] reclaim_weight_entries preserving leased model weight model=0 name_hash=0x1ede8821e8d02fde layout=0 leases=2 owners=0x00000001 site=extra->data_handle[]/preload_model_weights(dense-pin)
[UNIFIED-CACHE] lease ring for name_hash=0x1ede8821e8d02fde: seq=0+acquire:direct_stage_weight/mirror seq=1+acquire:direct_stage_weight/publish-out_handle seq=2+acquire:mem_handle/copy-assign seq=3-release:mem_handle/release_lease_state
[UNIFIED-CACHE] reclaim_weight_entries preserving leased model weight model=0 name_hash=0xd5fed533d7a9f43d layout=0 leases=2 owners=0x00000001 site=extra->data_handle[]/preload_model_weights(dense-pin)
[UNIFIED-CACHE] lease ring for name_hash=0xd5fed533d7a9f43d: seq=0+acquire:direct_stage_weight/mirror seq=1+acquire:direct_stage_weight/publish-out_handle seq=2+acquire:mem_handle/copy-assign seq=3-release:mem_handle/release_lease_state
[UNIFIED-CACHE] reclaim_weight_entries preserving leased model weight model=0 name_hash=0x891936947be60d4d layout=0 leases=2 owners=0x00000001 site=extra->data_handle[]/preload_model_weights(dense-pin)
[UNIFIED-CACHE] lease ring for name_hash=0x891936947be60d4d: seq=0+acquire:direct_stage_weight/mirror seq=1+acquire:direct_stage_weight/publish-out_handle seq=2+acquire:mem_handle/copy-assign seq=3-release:mem_handle/release_lease_state
[UNIFIED-CACHE] reclaim_weight_entries preserving leased model weight model=0 name_hash=0x38f421c0f38eec13 layout=0 leases=2 owners=0x00000001 site=extra->data_handle[]/preload_model_weights(dense-pin)
[UNIFIED-CACHE] lease ring for name_hash=0x38f421c0f38eec13: seq=0+acquire:direct_stage_weight/mirror seq=1+acquire:direct_stage_weight/publish-out_handle seq=2+acquire:mem_handle/copy-assign seq=3-release:mem_handle/release_lease_state
[UNIFIED-CACHE] reclaim_weight_entries preserving leased model weight model=0 name_hash=0x5c0dc55f0f5cf2d3 layout=0 leases=2 owners=0x00000001 site=extra->data_handle[]/preload_model_weights(dense-pin)
[UNIFIED-CACHE] lease ring for name_hash=0x5c0dc55f0f5cf2d3: seq=0+acquire:direct_stage_weight/mirror seq=1+acquire:direct_stage_weight/publish-out_handle seq=2+acquire:mem_handle/copy-assign seq=3-release:mem_handle/release_lease_state
[UNIFIED-CACHE] reclaim_weight_entries preserving leased model weight model=0 name_hash=0xb279802dbf02ec50 layout=0 leases=2 owners=0x00000001 site=extra->data_handle[]/preload_model_weights(dense-pin)
[UNIFIED-CACHE] lease ring for name_hash=0xb279802dbf02ec50: seq=0+acquire:direct_stage_weight/mirror seq=1+acquire:direct_stage_weight/publish-out_handle seq=2+acquire:mem_handle/copy-assign seq=3-release:mem_handle/release_lease_state
[UNIFIED-CACHE] reclaim_weight_entries preserving leased model weight model=0 name_hash=0x6d5c481c06ed6b1c layout=0 leases=2 owners=0x00000001 site=extra->data_handle[]/preload_model_weights(dense-pin)
[UNIFIED-CACHE] lease ring for name_hash=0x6d5c481c06ed6b1c: seq=0+acquire:direct_stage_weight/mirror seq=1+acquire:direct_stage_weight/publish-out_handle seq=2+acquire:mem_handle/copy-assign seq=3-release:mem_handle/release_lease_state
[UNIFIED-CACHE] reclaim_weight_entries preserving leased model weight model=0 name_hash=0x4e1cae023ae18c67 layout=0 leases=2 owners=0x00000001 site=extra->data_handle[]/preload_model_weights(dense-pin)
[UNIFIED-CACHE] lease ring for name_hash=0x4e1cae023ae18c67: seq=0+acquire:direct_stage_weight/mirror seq=1+acquire:direct_stage_weight/publish-out_handle seq=2+acquire:mem_handle/copy-assign seq=3-release:mem_handle/release_lease_state
[UNIFIED-CACHE] reclaim_weight_entries preserving leased model weight model=0 name_hash=0xd04126154633d92a layout=0 leases=2 owners=0x00000001 site=extra->data_handle[]/preload_model_weights(dense-pin)
[UNIFIED-CACHE] lease ring for name_hash=0xd04126154633d92a: seq=0+acquire:direct_stage_weight/mirror seq=1+acquire:direct_stage_weight/publish-out_handle seq=2+acquire:mem_handle/copy-assign seq=3-release:mem_handle/release_lease_state
[UNIFIED-CACHE] reclaim_weight_entries preserving leased model weight model=0 name_hash=0x6bbc0b27530c18fc layout=0 leases=2 owners=0x00000001 site=extra->data_handle[]/preload_model_weights(dense-pin)
[UNIFIED-CACHE] lease ring for name_hash=0x6bbc0b27530c18fc: seq=0+acquire:direct_stage_weight/mirror seq=1+acquire:direct_stage_weight/publish-out_handle seq=2+acquire:mem_handle/copy-assign seq=3-release:mem_handle/release_lease_state
[UNIFIED-CACHE] reclaim_weight_entries preserving leased model weight model=0 name_hash=0xf0969627acaaadf3 layout=0 leases=2 owners=0x00000001 site=extra->data_handle[]/preload_model_weights(dense-pin)
[UNIFIED-CACHE] lease ring for name_hash=0xf0969627acaaadf3: seq=0+acquire:direct_stage_weight/mirror seq=1+acquire:direct_stage_weight/publish-out_handle seq=2+acquire:mem_handle/copy-assign seq=3-release:mem_handle/release_lease_state
[UNIFIED-CACHE] reclaim_weight_entries preserving leased model weight model=0 name_hash=0x47466764d37e580d layout=0 leases=2 owners=0x00000001 site=extra->data_handle[]/preload_model_weights(dense-pin)
[UNIFIED-CACHE] lease ring for name_hash=0x47466764d37e580d: seq=0+acquire:direct_stage_weight/mirror seq=1+acquire:direct_stage_weight/publish-out_handle seq=2+acquire:mem_handle/copy-assign seq=3-release:mem_handle/release_lease_state
[UNIFIED-CACHE] reclaim_weight_entries preserving leased model weight model=0 name_hash=0xe34f3e7aafdba3a5 layout=0 leases=2 owners=0x00000001 site=extra->data_handle[]/preload_model_weights(dense-pin)
[UNIFIED-CACHE] lease ring for name_hash=0xe34f3e7aafdba3a5: seq=0+acquire:direct_stage_weight/mirror seq=1+acquire:direct_stage_weight/publish-out_handle seq=2+acquire:mem_handle/copy-assign seq=3-release:mem_handle/release_lease_state
[UNIFIED-CACHE] reclaim_weight_entries preserving leased model weight model=0 name_hash=0xf6a1f79a2dffe780 layout=0 leases=2 owners=0x00000001 site=extra->data_handle[]/preload_model_weights(dense-pin)
[UNIFIED-CACHE] lease ring for name_hash=0xf6a1f79a2dffe780: seq=0+acquire:direct_stage_weight/mirror seq=1+acquire:direct_stage_weight/publish-out_handle seq=2+acquire:mem_handle/copy-assign seq=3-release:mem_handle/release_lease_state
[UNIFIED-CACHE] reclaim_weight_entries preserving leased model weight model=0 name_hash=0xdf7c04510f974718 layout=0 leases=2 owners=0x00000001 site=extra->data_handle[]/preload_model_weights(dense-pin)
[UNIFIED-CACHE] lease ring for name_hash=0xdf7c04510f974718: seq=0+acquire:direct_stage_weight/mirror seq=1+acquire:direct_stage_weight/publish-out_handle seq=2+acquire:mem_handle/copy-assign seq=3-release:mem_handle/release_lease_state
[UNIFIED-CACHE] reclaim_weight_entries preserving leased model weight model=0 name_hash=0x3779a6d76e4c7ee2 layout=0 leases=2 owners=0x00000001 site=extra->data_handle[]/preload_model_weights(dense-pin)
[UNIFIED-CACHE] lease ring for name_hash=0x3779a6d76e4c7ee2: seq=0+acquire:direct_stage_weight/mirror seq=1+acquire:direct_stage_weight/publish-out_handle seq=2+acquire:mem_handle/copy-assign seq=3-release:mem_handle/release_lease_state
[UNIFIED-CACHE] reclaim_weight_entries preserving leased model weight model=0 name_hash=0x582991162916c4b3 layout=0 leases=2 owners=0x00000001 site=extra->data_handle[]/preload_model_weights(dense-pin)
[UNIFIED-CACHE] lease ring for name_hash=0x582991162916c4b3: seq=0+acquire:direct_stage_weight/mirror seq=1+acquire:direct_stage_weight/publish-out_handle seq=2+acquire:mem_handle/copy-assign seq=3-release:mem_handle/release_lease_state
[UNIFIED-CACHE] reclaim_weight_entries preserving leased model weight model=0 name_hash=0xd16c818664a0cc0a layout=0 leases=2 owners=0x00000001 site=extra->data_handle[]/preload_model_weights(dense-pin)
[UNIFIED-CACHE] lease ring for name_hash=0xd16c818664a0cc0a: seq=0+acquire:direct_stage_weight/mirror seq=1+acquire:direct_stage_weight/publish-out_handle seq=2+acquire:mem_handle/copy-assign seq=3-release:mem_handle/release_lease_state
[UNIFIED-CACHE] reclaim_weight_entries preserving leased model weight model=0 name_hash=0x74919db2149cd436 layout=0 leases=2 owners=0x00000001 site=extra->data_handle[]/preload_model_weights(dense-pin)
[UNIFIED-CACHE] lease ring for name_hash=0x74919db2149cd436: seq=0+acquire:direct_stage_weight/mirror seq=1+acquire:direct_stage_weight/publish-out_handle seq=2+acquire:mem_handle/copy-assign seq=3-release:mem_handle/release_lease_state
[UNIFIED-CACHE] reclaim_weight_entries preserving leased model weight model=0 name_hash=0xef3db2028fcb16a3 layout=0 leases=2 owners=0x00000001 site=extra->data_handle[]/preload_model_weights(dense-pin)
[UNIFIED-CACHE] lease ring for name_hash=0xef3db2028fcb16a3: seq=0+acquire:direct_stage_weight/mirror seq=1+acquire:direct_stage_weight/publish-out_handle seq=2+acquire:mem_handle/copy-assign seq=3-release:mem_handle/release_lease_state
[UNIFIED-CACHE] reclaim_weight_entries preserving leased model weight model=0 name_hash=0xe4065a55adaaf03f layout=0 leases=2 owners=0x00000001 site=extra->data_handle[]/preload_model_weights(dense-pin)
[UNIFIED-CACHE] lease ring for name_hash=0xe4065a55adaaf03f: seq=0+acquire:direct_stage_weight/mirror seq=1+acquire:direct_stage_weight/publish-out_handle seq=2+acquire:mem_handle/copy-assign seq=3-release:mem_handle/release_lease_state
[UNIFIED-CACHE] reclaim_weight_entries preserving leased model weight model=0 name_hash=0xc3a0bc9f0504d35c layout=0 leases=2 owners=0x00000001 site=extra->data_handle[]/preload_model_weights(dense-pin)
[UNIFIED-CACHE] lease ring for name_hash=0xc3a0bc9f0504d35c: seq=0+acquire:direct_stage_weight/mirror seq=1+acquire:direct_stage_weight/publish-out_handle seq=2+acquire:mem_handle/copy-assign seq=3-release:mem_handle/release_lease_state
[UNIFIED-CACHE] reclaim_weight_entries preserving leased model weight model=0 name_hash=0xe30c0751e9ab32a9 layout=0 leases=2 owners=0x00000001 site=extra->data_handle[]/preload_model_weights(dense-pin)
[UNIFIED-CACHE] lease ring for name_hash=0xe30c0751e9ab32a9: seq=0+acquire:direct_stage_weight/mirror seq=1+acquire:direct_stage_weight/publish-out_handle seq=2+acquire:mem_handle/copy-assign seq=3-release:mem_handle/release_lease_state
[UNIFIED-CACHE] reclaim_weight_entries preserving leased model weight model=0 name_hash=0xeb54b67e9f099c46 layout=0 leases=2 owners=0x00000001 site=extra->data_handle[]/preload_model_weights(dense-pin)
[UNIFIED-CACHE] lease ring for name_hash=0xeb54b67e9f099c46: seq=0+acquire:direct_stage_weight/mirror seq=1+acquire:direct_stage_weight/publish-out_handle seq=2+acquire:mem_handle/copy-assign seq=3-release:mem_handle/release_lease_state
[UNIFIED-CACHE] reclaim_weight_entries preserving leased model weight model=0 name_hash=0x348b7dd451046514 layout=0 leases=2 owners=0x00000001 site=extra->data_handle[]/preload_model_weights(dense-pin)
[UNIFIED-CACHE] lease ring for name_hash=0x348b7dd451046514: seq=0+acquire:direct_stage_weight/mirror seq=1+acquire:direct_stage_weight/publish-out_handle seq=2+acquire:mem_handle/copy-assign seq=3-release:mem_handle/release_lease_state
[UNIFIED-CACHE] reclaim_weight_entries preserving leased model weight model=0 name_hash=0xad045d15402c08d3 layout=0 leases=2 owners=0x00000001 site=extra->data_handle[]/preload_model_weights(dense-pin)
[UNIFIED-CACHE] lease ring for name_hash=0xad045d15402c08d3: seq=0+acquire:direct_stage_weight/mirror seq=1+acquire:direct_stage_weight/publish-out_handle seq=2+acquire:mem_handle/copy-assign seq=3-release:mem_handle/release_lease_state
[UNIFIED-CACHE] reclaim_weight_entries preserving leased model weight model=0 name_hash=0x15380309041992d9 layout=0 leases=2 owners=0x00000001 site=extra->data_handle[]/preload_model_weights(dense-pin)
[UNIFIED-CACHE] lease ring for name_hash=0x15380309041992d9: seq=0+acquire:direct_stage_weight/mirror seq=1+acquire:direct_stage_weight/publish-out_handle seq=2+acquire:mem_handle/copy-assign seq=3-release:mem_handle/release_lease_state
[UNIFIED-CACHE] reclaim_weight_entries preserving leased model weight model=0 name_hash=0x4599df1b04c6b9fb layout=0 leases=2 owners=0x00000001 site=extra->data_handle[]/preload_model_weights(dense-pin)
[UNIFIED-CACHE] lease ring for name_hash=0x4599df1b04c6b9fb: seq=0+acquire:direct_stage_weight/mirror seq=1+acquire:direct_stage_weight/publish-out_handle seq=2+acquire:mem_handle/copy-assign seq=3-release:mem_handle/release_lease_state
[UNIFIED-CACHE] reclaim_weight_entries preserving leased model weight model=0 name_hash=0x6059a543aef7dbb7 layout=0 leases=2 owners=0x00000001 site=extra->data_handle[]/preload_model_weights(dense-pin)
[UNIFIED-CACHE] lease ring for name_hash=0x6059a543aef7dbb7: seq=0+acquire:direct_stage_weight/mirror seq=1+acquire:direct_stage_weight/publish-out_handle seq=2+acquire:mem_handle/copy-assign seq=3-release:mem_handle/release_lease_state
[UNIFIED-CACHE] reclaim_weight_entries preserving leased model weight model=0 name_hash=0xd46dcd1b728c981f layout=0 leases=2 owners=0x00000001 site=extra->data_handle[]/preload_model_weights(dense-pin)
[UNIFIED-CACHE] lease ring for name_hash=0xd46dcd1b728c981f: seq=0+acquire:direct_stage_weight/mirror seq=1+acquire:direct_stage_weight/publish-out_handle seq=2+acquire:mem_handle/copy-assign seq=3-release:mem_handle/release_lease_state
[UNIFIED-CACHE] reclaim_weight_entries preserving leased model weight model=0 name_hash=0xaed088ad06d329a3 layout=0 leases=2 owners=0x00000001 site=extra->data_handle[]/preload_model_weights(dense-pin)
[UNIFIED-CACHE] lease ring for name_hash=0xaed088ad06d329a3: seq=0+acquire:direct_stage_weight/mirror seq=1+acquire:direct_stage_weight/publish-out_handle seq=2+acquire:mem_handle/copy-assign seq=3-release:mem_handle/release_lease_state
[UNIFIED-CACHE] reclaim_weight_entries preserving leased model weight model=0 name_hash=0x6fef520cddfce3c0 layout=0 leases=2 owners=0x00000001 site=extra->data_handle[]/preload_model_weights(dense-pin)
[UNIFIED-CACHE] lease ring for name_hash=0x6fef520cddfce3c0: seq=0+acquire:direct_stage_weight/mirror seq=1+acquire:direct_stage_weight/publish-out_handle seq=2+acquire:mem_handle/copy-assign seq=3-release:mem_handle/release_lease_state
[UNIFIED-CACHE] reclaim_weight_entries preserving leased model weight model=0 name_hash=0xddb603f9cd448660 layout=0 leases=2 owners=0x00000001 site=extra->data_handle[]/preload_model_weights(dense-pin)
[UNIFIED-CACHE] lease ring for name_hash=0xddb603f9cd448660: seq=0+acquire:direct_stage_weight/mirror seq=1+acquire:direct_stage_weight/publish-out_handle seq=2+acquire:mem_handle/copy-assign seq=3-release:mem_handle/release_lease_state
[UNIFIED-CACHE] reclaim_weight_entries preserving leased model weight model=0 name_hash=0xb09204520b9c97f0 layout=0 leases=2 owners=0x00000001 site=extra->data_handle[]/preload_model_weights(dense-pin)
[UNIFIED-CACHE] lease ring for name_hash=0xb09204520b9c97f0: seq=0+acquire:direct_stage_weight/mirror seq=1+acquire:direct_stage_weight/publish-out_handle seq=2+acquire:mem_handle/copy-assign seq=3-release:mem_handle/release_lease_state
[UNIFIED-CACHE] reclaim_weight_entries preserving leased model weight model=0 name_hash=0xab8cfe3bf6a50b9c layout=0 leases=2 owners=0x00000001 site=extra->data_handle[]/preload_model_weights(dense-pin)
[UNIFIED-CACHE] lease ring for name_hash=0xab8cfe3bf6a50b9c: seq=0+acquire:direct_stage_weight/mirror seq=1+acquire:direct_stage_weight/publish-out_handle seq=2+acquire:mem_handle/copy-assign seq=3-release:mem_handle/release_lease_state
[UNIFIED-CACHE] reclaim_weight_entries preserving leased model weight model=0 name_hash=0x311b9ae764a4abcf layout=0 leases=2 owners=0x00000001 site=extra->data_handle[]/preload_model_weights(dense-pin)
[UNIFIED-CACHE] lease ring for name_hash=0x311b9ae764a4abcf: seq=0+acquire:direct_stage_weight/mirror seq=1+acquire:direct_stage_weight/publish-out_handle seq=2+acquire:mem_handle/copy-assign seq=3-release:mem_handle/release_lease_state
[UNIFIED-CACHE] reclaim_weight_entries preserving leased model weight model=0 name_hash=0x3ba5a6821b6511e0 layout=0 leases=2 owners=0x00000001 site=extra->data_handle[]/preload_model_weights(dense-pin)
[UNIFIED-CACHE] lease ring for name_hash=0x3ba5a6821b6511e0: seq=0+acquire:direct_stage_weight/mirror seq=1+acquire:direct_stage_weight/publish-out_handle seq=2+acquire:mem_handle/copy-assign seq=3-release:mem_handle/release_lease_state
[UNIFIED-CACHE] reclaim_weight_entries preserving leased model weight model=0 name_hash=0xe9ca1d4053ae41f9 layout=0 leases=2 owners=0x00000001 site=extra->data_handle[]/preload_model_weights(dense-pin)
[UNIFIED-CACHE] lease ring for name_hash=0xe9ca1d4053ae41f9: seq=0+acquire:direct_stage_weight/mirror seq=1+acquire:direct_stage_weight/publish-out_handle seq=2+acquire:mem_handle/copy-assign seq=3-release:mem_handle/release_lease_state
[UNIFIED-CACHE] reclaim_weight_entries preserving leased model weight model=0 name_hash=0xe5a443ece75be10e layout=0 leases=2 owners=0x00000001 site=extra->data_handle[]/preload_model_weights(dense-pin)
[UNIFIED-CACHE] lease ring for name_hash=0xe5a443ece75be10e: seq=0+acquire:direct_stage_weight/mirror seq=1+acquire:direct_stage_weight/publish-out_handle seq=2+acquire:mem_handle/copy-assign seq=3-release:mem_handle/release_lease_state
[UNIFIED-CACHE] reclaim_weight_entries preserving leased model weight model=0 name_hash=0x38771636bce5a702 layout=0 leases=2 owners=0x00000001 site=extra->data_handle[]/preload_model_weights(dense-pin)
[UNIFIED-CACHE] lease ring for name_hash=0x38771636bce5a702: seq=0+acquire:direct_stage_weight/mirror seq=1+acquire:direct_stage_weight/publish-out_handle seq=2+acquire:mem_handle/copy-assign seq=3-release:mem_handle/release_lease_state
[UNIFIED-CACHE] reclaim_weight_entries preserving leased model weight model=0 name_hash=0x3a931c14a53d5960 layout=0 leases=2 owners=0x00000001 site=extra->data_handle[]/preload_model_weights(dense-pin)
[UNIFIED-CACHE] lease ring for name_hash=0x3a931c14a53d5960: seq=0+acquire:direct_stage_weight/mirror seq=1+acquire:direct_stage_weight/publish-out_handle seq=2+acquire:mem_handle/copy-assign seq=3-release:mem_handle/release_lease_state
[UNIFIED-CACHE] reclaim_weight_entries preserving leased model weight model=0 name_hash=0xbcde7c22847b8f24 layout=0 leases=2 owners=0x00000001 site=extra->data_handle[]/preload_model_weights(dense-pin)
[UNIFIED-CACHE] lease ring for name_hash=0xbcde7c22847b8f24: seq=0+acquire:direct_stage_weight/mirror seq=1+acquire:direct_stage_weight/publish-out_handle seq=2+acquire:mem_handle/copy-assign seq=3-release:mem_handle/release_lease_state
[UNIFIED-CACHE] reclaim_weight_entries preserving leased model weight model=0 name_hash=0xb235334776d9c72d layout=0 leases=2 owners=0x00000001 site=extra->data_handle[]/preload_model_weights(dense-pin)
[UNIFIED-CACHE] lease ring for name_hash=0xb235334776d9c72d: seq=0+acquire:direct_stage_weight/mirror seq=1+acquire:direct_stage_weight/publish-out_handle seq=2+acquire:mem_handle/copy-assign seq=3-release:mem_handle/release_lease_state
[UNIFIED-CACHE] reclaim_weight_entries preserving leased model weight model=0 name_hash=0xe7d3c5e727a81c4d layout=0 leases=2 owners=0x00000001 site=extra->data_handle[]/preload_model_weights(dense-pin)
[UNIFIED-CACHE] lease ring for name_hash=0xe7d3c5e727a81c4d: seq=0+acquire:direct_stage_weight/mirror seq=1+acquire:direct_stage_weight/publish-out_handle seq=2+acquire:mem_handle/copy-assign seq=3-release:mem_handle/release_lease_state
[UNIFIED-CACHE] reclaim_weight_entries preserving leased model weight model=0 name_hash=0xa7d836df53ff49d4 layout=0 leases=2 owners=0x00000001 site=extra->data_handle[]/preload_model_weights(dense-pin)
[UNIFIED-CACHE] lease ring for name_hash=0xa7d836df53ff49d4: seq=0+acquire:direct_stage_weight/mirror seq=1+acquire:direct_stage_weight/publish-out_handle seq=2+acquire:mem_handle/copy-assign seq=3-release:mem_handle/release_lease_state
[UNIFIED-CACHE] reclaim_weight_entries preserving leased model weight model=0 name_hash=0xc65810b3308e2a65 layout=0 leases=2 owners=0x00000001 site=extra->data_handle[]/preload_model_weights(dense-pin)
[UNIFIED-CACHE] lease ring for name_hash=0xc65810b3308e2a65: seq=0+acquire:direct_stage_weight/mirror seq=1+acquire:direct_stage_weight/publish-out_handle seq=2+acquire:mem_handle/copy-assign seq=3-release:mem_handle/release_lease_state
[UNIFIED-CACHE] reclaim_weight_entries preserving leased model weight model=0 name_hash=0xc0bcce7fc727feb8 layout=0 leases=2 owners=0x00000001 site=extra->data_handle[]/preload_model_weights(dense-pin)
[UNIFIED-CACHE] lease ring for name_hash=0xc0bcce7fc727feb8: seq=0+acquire:direct_stage_weight/mirror seq=1+acquire:direct_stage_weight/publish-out_handle seq=2+acquire:mem_handle/copy-assign seq=3-release:mem_handle/release_lease_state
[UNIFIED-CACHE] reclaim_weight_entries preserving leased model weight model=0 name_hash=0x213f84667dda1dba layout=0 leases=2 owners=0x00000001 site=extra->data_handle[]/preload_model_weights(dense-pin)
[UNIFIED-CACHE] lease ring for name_hash=0x213f84667dda1dba: seq=0+acquire:direct_stage_weight/mirror seq=1+acquire:direct_stage_weight/publish-out_handle seq=2+acquire:mem_handle/copy-assign seq=3-release:mem_handle/release_lease_state
[UNIFIED-CACHE] reclaim_weight_entries preserving leased model weight model=0 name_hash=0xdd97f95fa07fec16 layout=0 leases=2 owners=0x00000001 site=extra->data_handle[]/preload_model_weights(dense-pin)
[UNIFIED-CACHE] lease ring for name_hash=0xdd97f95fa07fec16: seq=0+acquire:direct_stage_weight/mirror seq=1+acquire:direct_stage_weight/publish-out_handle seq=2+acquire:mem_handle/copy-assign seq=3-release:mem_handle/release_lease_state
[UNIFIED-CACHE] reclaim_weight_entries preserving leased model weight model=0 name_hash=0xa7c2590f0166f6b0 layout=0 leases=2 owners=0x00000001 site=extra->data_handle[]/preload_model_weights(dense-pin)
[UNIFIED-CACHE] lease ring for name_hash=0xa7c2590f0166f6b0: seq=0+acquire:direct_stage_weight/mirror seq=1+acquire:direct_stage_weight/publish-out_handle seq=2+acquire:mem_handle/copy-assign seq=3-release:mem_handle/release_lease_state
[UNIFIED-CACHE] reclaim_weight_entries preserving leased model weight model=0 name_hash=0xae8ba76e3b151d9e layout=0 leases=2 owners=0x00000001 site=extra->data_handle[]/preload_model_weights(dense-pin)
[UNIFIED-CACHE] lease ring for name_hash=0xae8ba76e3b151d9e: seq=0+acquire:direct_stage_weight/mirror seq=1+acquire:direct_stage_weight/publish-out_handle seq=2+acquire:mem_handle/copy-assign seq=3-release:mem_handle/release_lease_state
[UNIFIED-CACHE] reclaim_weight_entries preserving leased model weight model=0 name_hash=0xcaf5b0fcacce6aea layout=0 leases=2 owners=0x00000001 site=extra->data_handle[]/preload_model_weights(dense-pin)
[UNIFIED-CACHE] lease ring for name_hash=0xcaf5b0fcacce6aea: seq=0+acquire:direct_stage_weight/mirror seq=1+acquire:direct_stage_weight/publish-out_handle seq=2+acquire:mem_handle/copy-assign seq=3-release:mem_handle/release_lease_state
[UNIFIED-CACHE] reclaim_weight_entries preserving leased model weight model=0 name_hash=0xbe3c27e272f3ab58 layout=0 leases=2 owners=0x00000001 site=extra->data_handle[]/preload_model_weights(dense-pin)
[UNIFIED-CACHE] lease ring for name_hash=0xbe3c27e272f3ab58: seq=0+acquire:direct_stage_weight/mirror seq=1+acquire:direct_stage_weight/publish-out_handle seq=2+acquire:mem_handle/copy-assign seq=3-release:mem_handle/release_lease_state
[UNIFIED-CACHE] reclaim_weight_entries preserving leased model weight model=0 name_hash=0x28e162c724839a layout=0 leases=2 owners=0x00000001 site=extra->data_handle[]/preload_model_weights(dense-pin)
[UNIFIED-CACHE] lease ring for name_hash=0x28e162c724839a: seq=0+acquire:direct_stage_weight/mirror seq=1+acquire:direct_stage_weight/publish-out_handle seq=2+acquire:mem_handle/copy-assign seq=3-release:mem_handle/release_lease_state
[UNIFIED-CACHE] reclaim_weight_entries preserving leased model weight model=0 name_hash=0xb032bd475a68a1fe layout=0 leases=2 owners=0x00000001 site=extra->data_handle[]/preload_model_weights(dense-pin)
[UNIFIED-CACHE] lease ring for name_hash=0xb032bd475a68a1fe: seq=0+acquire:direct_stage_weight/mirror seq=1+acquire:direct_stage_weight/publish-out_handle seq=2+acquire:mem_handle/copy-assign seq=3-release:mem_handle/release_lease_state
[UNIFIED-CACHE] reclaim_weight_entries preserving leased model weight model=0 name_hash=0xde9943e34534adc3 layout=0 leases=2 owners=0x00000001 site=extra->data_handle[]/preload_model_weights(dense-pin)
[UNIFIED-CACHE] lease ring for name_hash=0xde9943e34534adc3: seq=0+acquire:direct_stage_weight/mirror seq=1+acquire:direct_stage_weight/publish-out_handle seq=2+acquire:mem_handle/copy-assign seq=3-release:mem_handle/release_lease_state
[UNIFIED-CACHE] reclaim_weight_entries preserving leased model weight model=0 name_hash=0x64cda8f8043233df layout=0 leases=2 owners=0x00000001 site=extra->data_handle[]/preload_model_weights(dense-pin)
[UNIFIED-CACHE] lease ring for name_hash=0x64cda8f8043233df: seq=0+acquire:direct_stage_weight/mirror seq=1+acquire:direct_stage_weight/publish-out_handle seq=2+acquire:mem_handle/copy-assign seq=3-release:mem_handle/release_lease_state
[UNIFIED-CACHE] reclaim_weight_entries preserving leased model weight model=0 name_hash=0xac38173202bd7abb layout=0 leases=2 owners=0x00000001 site=extra->data_handle[]/preload_model_weights(dense-pin)
[UNIFIED-CACHE] lease ring for name_hash=0xac38173202bd7abb: seq=0+acquire:direct_stage_weight/mirror seq=1+acquire:direct_stage_weight/publish-out_handle seq=2+acquire:mem_handle/copy-assign seq=3-release:mem_handle/release_lease_state
[UNIFIED-CACHE] reclaim weight entries(mid-load-replan): erased 0 unpinned 0
[ZONE-RESET-AUDIT] NEW-ESCAPE site=weight-reclaim/mid-load-replan:dev0 graph=2 alloc_id=15075396135491732604 size=4 role=0 category=2 tier=0 cohort=weight:leased
[ZONE-RESET-AUDIT] NEW-ESCAPE site=weight-reclaim/mid-load-replan:dev0 graph=2 alloc_id=8055907002217459089 size=1536 role=0 category=2 tier=0 cohort=weight:leased
[ZONE-RESET-AUDIT] NEW-ESCAPE site=weight-reclaim/mid-load-replan:dev0 graph=2 alloc_id=7920810405364469338 size=393216 role=0 category=2 tier=0 cohort=weight:leased
[ZONE-RESET-AUDIT] NEW-ESCAPE site=weight-reclaim/mid-load-replan:dev0 graph=2 alloc_id=4103942273045031955 size=1024 role=0 category=2 tier=0 cohort=weight:leased
[ZONE-RESET-AUDIT] NEW-ESCAPE site=weight-reclaim/mid-load-replan:dev0 graph=2 alloc_id=16957379151907101766 size=262144 role=0 category=2 tier=0 cohort=weight:leased
[ZONE-RESET-AUDIT] NEW-ESCAPE site=weight-reclaim/mid-load-replan:dev0 graph=2 alloc_id=12467192014320699603 size=131072 role=0 category=2 tier=0 cohort=weight:leased
[ZONE-RESET-AUDIT] NEW-ESCAPE site=weight-reclaim/mid-load-replan:dev0 graph=2 alloc_id=3538592250846292943 size=256 role=0 category=2 tier=0 cohort=weight:leased
[SYCL] weight cache lookup: tensor=0x2f3066a0 name=token_embd.weight device=0
[SYCL] weight cache lookup: tensor=0x2f306830 name=output_norm.weight device=0
[SYCL] weight cache lookup: tensor=0x2f306b50 name=blk.0.attn_norm.weight device=0
[SYCL] weight cache lookup: tensor=0x2f307960 name=blk.0.ffn_norm.weight device=0
[SYCL] weight cache lookup: tensor=0x2f3085e0 name=blk.1.attn_norm.weight device=0
[SYCL] weight cache lookup: tensor=0x2f3093f0 name=blk.1.ffn_norm.weight device=0
[SYCL] weight cache lookup: tensor=0x2f3069c0 name=output.weight device=0
[SYCL] weight cache lookup: tensor=0x2f306ce0 name=blk.0.attn_q.weight device=0
[SYCL] weight cache lookup: tensor=0x2f306e70 name=blk.0.attn_k.weight device=0
[SYCL] weight cache lookup: tensor=0x2f307000 name=blk.0.attn_v.weight device=0
[SYCL] weight cache lookup: tensor=0x2f307640 name=blk.0.attn_output.weight device=0
[SYCL] weight cache lookup: tensor=0x2f3074b0 name=blk.0.attn_v.bias device=0
[SYCL] weight cache lookup: tensor=0x2f3077d0 name=blk.0.attn_output.bias device=0
[SYCL] weight cache lookup: tensor=0x2f307320 name=blk.0.attn_k.bias device=0
[SYCL] weight cache lookup: tensor=0x2f307190 name=blk.0.attn_q.bias device=0
[SYCL] weight cache lookup: tensor=0x2f30acf0 name=blk.0.attn_v.input_scale device=0
[SYCL] weight cache lookup: tensor=0x2f309ee0 name=blk.0.attn_q.scale device=0
[SYCL] weight cache lookup: tensor=0x2f30a070 name=blk.0.attn_k.scale device=0
[SYCL] weight cache lookup: tensor=0x2f30a200 name=blk.0.attn_v.scale device=0
[SYCL] weight cache lookup: tensor=0x2f30a390 name=blk.0.attn_output.scale device=0
[SYCL] weight cache lookup: tensor=0x2f30a9d0 name=blk.0.attn_q.input_scale device=0
[SYCL] weight cache lookup: tensor=0x2f30ab60 name=blk.0.attn_k.input_scale device=0
[SYCL] weight cache lookup: tensor=0x2f30ae80 name=blk.0.attn_output.input_scale device=0
[SYCL] weight cache lookup: tensor=0x2f308770 name=blk.1.attn_q.weight device=0
[SYCL] weight cache lookup: tensor=0x2f308900 name=blk.1.attn_k.weight device=0
[SYCL] weight cache lookup: tensor=0x2f308a90 name=blk.1.attn_v.weight device=0
[SYCL] weight cache lookup: tensor=0x2f3090d0 name=blk.1.attn_output.weight device=0
[SYCL] weight cache lookup: tensor=0x2f308f40 name=blk.1.attn_v.bias device=0
[SYCL] weight cache lookup: tensor=0x2f308db0 name=blk.1.attn_k.bias device=0
[SYCL] weight cache lookup: tensor=0x2f308c20 name=blk.1.attn_q.bias device=0
[SYCL] weight cache lookup: tensor=0x2f309260 name=blk.1.attn_output.bias device=0
[SYCL] weight cache lookup: tensor=0x2f30b7e0 name=blk.1.attn_v.scale device=0
[SYCL] weight cache lookup: tensor=0x2f30c460 name=blk.1.attn_output.input_scale device=0
[SYCL] weight cache lookup: tensor=0x2f30c2d0 name=blk.1.attn_v.input_scale device=0
[SYCL] weight cache lookup: tensor=0x2f30c140 name=blk.1.attn_k.input_scale device=0
[SYCL] weight cache lookup: tensor=0x2f30bfb0 name=blk.1.attn_q.input_scale device=0
[SYCL] weight cache lookup: tensor=0x2f30b970 name=blk.1.attn_output.scale device=0
[SYCL] weight cache lookup: tensor=0x2f30b650 name=blk.1.attn_k.scale device=0
[SYCL] weight cache lookup: tensor=0x2f30b4c0 name=blk.1.attn_q.scale device=0
[SYCL] weight cache lookup: tensor=0x2f307af0 name=rope_freqs.weight device=0
[SYCL] weight cache lookup: tensor=0x2f307c80 name=blk.0.ffn_gate.weight device=0
[SYCL] weight cache lookup: tensor=0x2f307e10 name=blk.0.ffn_down.weight device=0
[SYCL] weight cache lookup: tensor=0x2f307fa0 name=blk.0.ffn_up.weight device=0
[SYCL] weight cache lookup: tensor=0x2f308130 name=blk.0.ffn_gate.bias device=0
[SYCL] weight cache lookup: tensor=0x2f308450 name=blk.0.ffn_up.bias device=0
[SYCL] weight cache lookup: tensor=0x2f3082c0 name=blk.0.ffn_down.bias device=0
[SYCL] weight cache lookup: tensor=0x2f30a520 name=blk.0.ffn_gate.scale device=0
[SYCL] weight cache lookup: tensor=0x2f30b330 name=blk.0.ffn_up.input_scale device=0
[SYCL] weight cache lookup: tensor=0x2f30b1a0 name=blk.0.ffn_down.input_scale device=0
[SYCL] weight cache lookup: tensor=0x2f30b010 name=blk.0.ffn_gate.input_scale device=0
[SYCL] weight cache lookup: tensor=0x2f30a840 name=blk.0.ffn_up.scale device=0
[SYCL] weight cache lookup: tensor=0x2f30a6b0 name=blk.0.ffn_down.scale device=0
[SYCL] weight cache lookup: tensor=0x2f3098a0 name=blk.1.ffn_up.weight device=0
[SYCL] weight cache lookup: tensor=0x2f309710 name=blk.1.ffn_down.weight device=0
[SYCL] weight cache lookup: tensor=0x2f309580 name=blk.1.ffn_gate.weight device=0
[SYCL] weight cache lookup: tensor=0x2f309d50 name=blk.1.ffn_up.bias device=0
[SYCL] weight cache lookup: tensor=0x2f309a30 name=blk.1.ffn_gate.bias device=0
[SYCL] weight cache lookup: tensor=0x2f309bc0 name=blk.1.ffn_down.bias device=0
[SYCL] weight cache lookup: tensor=0x2f30bb00 name=blk.1.ffn_gate.scale device=0
[SYCL] weight cache lookup: tensor=0x2f30bc90 name=blk.1.ffn_down.scale device=0
[SYCL] weight cache lookup: tensor=0x2f30be20 name=blk.1.ffn_up.scale device=0
[SYCL] weight cache lookup: tensor=0x2f30c5f0 name=blk.1.ffn_gate.input_scale device=0
[SYCL] weight cache lookup: tensor=0x2f30c780 name=blk.1.ffn_down.input_scale device=0
[SYCL] weight cache lookup: tensor=0x2f30c910 name=blk.1.ffn_up.input_scale device=0
[UNIFIED-CACHE] pin model=2 name_hash=0xad045d15402c08d3 layout=0
[UNIFIED-CACHE] pin model=2 name_hash=0x348b7dd451046514 layout=0
[UNIFIED-CACHE] pin model=2 name_hash=0xef3db2028fcb16a3 layout=0
[UNIFIED-CACHE] pin model=2 name_hash=0xe7d3c5e727a81c4d layout=0
[UNIFIED-CACHE] pin model=2 name_hash=0x4599df1b04c6b9fb layout=0
[UNIFIED-CACHE] pin model=2 name_hash=0x15380309041992d9 layout=0
[UNIFIED-CACHE] pin model=2 name_hash=0x3ba5a6821b6511e0 layout=0
[UNIFIED-CACHE] pin model=2 name_hash=0x38771636bce5a702 layout=0
[UNIFIED-CACHE] pin model=2 name_hash=0x3a931c14a53d5960 layout=0
[UNIFIED-CACHE] pin model=2 name_hash=0xab8cfe3bf6a50b9c layout=0
[UNIFIED-CACHE] pin model=2 name_hash=0xd46dcd1b728c981f layout=0
[UNIFIED-CACHE] pin model=2 name_hash=0xe4065a55adaaf03f layout=0
[UNIFIED-CACHE] pin model=2 name_hash=0x3779a6d76e4c7ee2 layout=0
[UNIFIED-CACHE] pin model=2 name_hash=0xd16c818664a0cc0a layout=0
[UNIFIED-CACHE] pin model=2 name_hash=0xe34f3e7aafdba3a5 layout=0
[UNIFIED-CACHE] pin model=2 name_hash=0x6bbc0b27530c18fc layout=0
[UNIFIED-CACHE] pin model=2 name_hash=0xaed088ad06d329a3 layout=0
[UNIFIED-CACHE] pin model=2 name_hash=0xdf7c04510f974718 layout=0
[UNIFIED-CACHE] pin model=2 name_hash=0xe30c0751e9ab32a9 layout=0
[UNIFIED-CACHE] pin model=2 name_hash=0xae8ba76e3b151d9e layout=0
[UNIFIED-CACHE] pin model=2 name_hash=0x47466764d37e580d layout=0
[UNIFIED-CACHE] pin model=2 name_hash=0x4e1cae023ae18c67 layout=0
[UNIFIED-CACHE] pin model=2 name_hash=0xb09204520b9c97f0 layout=0
[UNIFIED-CACHE] pin model=2 name_hash=0x6059a543aef7dbb7 layout=0
[UNIFIED-CACHE] pin model=2 name_hash=0xa7d836df53ff49d4 layout=0
[UNIFIED-CACHE] pin model=2 name_hash=0xb235334776d9c72d layout=0
[UNIFIED-CACHE] pin model=2 name_hash=0xeb54b67e9f099c46 layout=0
[UNIFIED-CACHE] pin model=2 name_hash=0xd04126154633d92a layout=0
[UNIFIED-CACHE] pin model=2 name_hash=0x213f84667dda1dba layout=0
[UNIFIED-CACHE] pin model=2 name_hash=0xc65810b3308e2a65 layout=0
[UNIFIED-CACHE] pin model=2 name_hash=0xa7c2590f0166f6b0 layout=0
[UNIFIED-CACHE] pin model=2 name_hash=0xcaf5b0fcacce6aea layout=0
[UNIFIED-CACHE] pin model=2 name_hash=0xde9943e34534adc3 layout=0
[UNIFIED-CACHE] pin model=2 name_hash=0x64cda8f8043233df layout=0
[UNIFIED-CACHE] pin model=2 name_hash=0xc0bcce7fc727feb8 layout=0
[UNIFIED-CACHE] pin model=2 name_hash=0xf6a1f79a2dffe780 layout=0
[UNIFIED-CACHE] pin model=2 name_hash=0xe5a443ece75be10e layout=0
[UNIFIED-CACHE] pin model=2 name_hash=0xe9ca1d4053ae41f9 layout=0
[UNIFIED-CACHE] pin model=2 name_hash=0x28e162c724839a layout=0
[UNIFIED-CACHE] pin model=2 name_hash=0x311b9ae764a4abcf layout=0
[UNIFIED-CACHE] pin model=2 name_hash=0x6fef520cddfce3c0 layout=0
[UNIFIED-CACHE] pin model=2 name_hash=0xac38173202bd7abb layout=0
[UNIFIED-CACHE] pin model=2 name_hash=0x74919db2149cd436 layout=0
[UNIFIED-CACHE] pin model=2 name_hash=0x6d5c481c06ed6b1c layout=0
[UNIFIED-CACHE] pin model=2 name_hash=0x582991162916c4b3 layout=0
[UNIFIED-CACHE] pin model=2 name_hash=0xbcde7c22847b8f24 layout=0
[UNIFIED-CACHE] pin model=2 name_hash=0xb032bd475a68a1fe layout=0
[UNIFIED-CACHE] pin model=2 name_hash=0x891936947be60d4d layout=0
[UNIFIED-CACHE] pin model=2 name_hash=0xdd97f95fa07fec16 layout=0
[UNIFIED-CACHE] pin model=2 name_hash=0x5c0dc55f0f5cf2d3 layout=0
[UNIFIED-CACHE] pin model=2 name_hash=0xddb603f9cd448660 layout=0
[UNIFIED-CACHE] pin model=2 name_hash=0xc3a0bc9f0504d35c layout=0
[UNIFIED-CACHE] pin model=2 name_hash=0xd5fed533d7a9f43d layout=0
[UNIFIED-CACHE] pin model=2 name_hash=0xbe3c27e272f3ab58 layout=0
[UNIFIED-CACHE] pin model=2 name_hash=0x6dec5f18f0f78e5a layout=0
[UNIFIED-CACHE] pin model=2 name_hash=0xf0969627acaaadf3 layout=0
[UNIFIED-CACHE] pin model=2 name_hash=0x6fcc54bc8ac0ed91 layout=0
[UNIFIED-CACHE] pin model=2 name_hash=0x38f421c0f38eec13 layout=0
[UNIFIED-CACHE] pin model=2 name_hash=0xecb90fa9456ad029 layout=0
[UNIFIED-CACHE] pin model=2 name_hash=0x1ede8821e8d02fde layout=0
[UNIFIED-CACHE] pin model=2 name_hash=0x708f6c2b4615257e layout=0
[UNIFIED-CACHE] pin model=2 name_hash=0x51e0984aef35a252 layout=0
[UNIFIED-CACHE] pin model=2 name_hash=0xb279802dbf02ec50 layout=0
[UNIFIED-CACHE] pin model=2 name_hash=0xd13690e99048047c layout=0
[UNIFIED-CACHE] model slot 1 claimed 0 weight entries (live mask 0x00000003)
[UNIFIED-CACHE] model slot 1 claimed 64 weight entries (live mask 0x00000003)
[SYCL] call ggml_backend_sycl_init
[SYCL] call ggml_backend_sycl_host_buffer_type
[SYCL] Host buffer alloc: 0.0 MB via unified-cache
[KV-TIER] dev=0 cache_available=30732 MB kv_req=0 MB arena=1
[UNIFIED-ALLOC] zone alloc: dev=0 zone=0 size=0.2 MB ptr=0xffffd55e28280000
[UNIFIED-ALLOC] zone alloc: dev=0 zone=0 size=0.2 MB ptr=0xffffd55e282c0000
[SYCL] call ggml_backend_sycl_host_buffer_type
[SYCL] call ggml_backend_sycl_synchronize
Using unified-cache queue for device 0 stream 0
[UNIFIED-ALLOC] zone alloc: dev=0 zone=3 size=0.4 MB ptr=0xffffd55e47c9c000
[SYCL] Arena RUNTIME zone alloc: 0.4 MB (SYCL0)
[SYCL] Host buffer alloc: 0.1 MB via unified-cache
[SYCL] call ggml_backend_sycl_synchronize
[SYCL] call ggml_backend_sycl_synchronize
[SYCL] call ggml_backend_sycl_synchronize
[SYCL] call ggml_backend_sycl_host_buffer_type
[SYCL] Host buffer alloc: 0.1 MB via unified-cache
[SYCL] call ggml_backend_sycl_buffer_reset
[SOA-DEBUG] buffer_reset: PRESERVING 0 extras for compute buffer=0x302588a0
[SYCL] call ggml_backend_sycl_buffer_init_tensor: tensor='embd':type=f32;ne=[256, 64, 1, 1];nb=[4, 1024, 65536, 65536]
[SYCL] call ggml_backend_sycl_buffer_init_tensor: tensor='norm-0':type=f32;ne=[256, 64, 1, 1];nb=[4, 1024, 65536, 65536]
[SYCL] call ggml_backend_sycl_buffer_init_tensor: tensor='attn_norm-0':type=f32;ne=[256, 64, 1, 1];nb=[4, 1024, 65536, 65536]
[SYCL] call ggml_backend_sycl_buffer_init_tensor: tensor='node_3':type=f32;ne=[256, 64, 1, 1];nb=[4, 1024, 65536, 65536]
[SYCL] call ggml_backend_sycl_buffer_init_tensor: tensor='Qcur-0':type=f32;ne=[256, 64, 1, 1];nb=[4, 1024, 65536, 65536]
[SYCL] call ggml_backend_sycl_buffer_init_tensor: tensor='Qcur-0':type=f32;ne=[256, 64, 1, 1];nb=[4, 1024, 65536, 65536]
[SYCL] call ggml_backend_sycl_buffer_init_tensor: tensor='Qcur-0':type=f32;ne=[128, 2, 64, 1];nb=[4, 512, 1024, 65536]
[SYCL] call ggml_backend_sycl_buffer_init_tensor: tensor='Qcur-0':type=f32;ne=[128, 2, 64, 1];nb=[4, 512, 1024, 65536]
[SYCL] call ggml_backend_sycl_buffer_init_tensor: tensor='node_8':type=f32;ne=[256, 64, 1, 1];nb=[4, 1024, 65536, 65536]
[SYCL] call ggml_backend_sycl_buffer_init_tensor: tensor='Vcur-0':type=f32;ne=[256, 64, 1, 1];nb=[4, 1024, 65536, 65536]
[SYCL] call ggml_backend_sycl_buffer_init_tensor: tensor='Vcur-0':type=f32;ne=[256, 64, 1, 1];nb=[4, 1024, 65536, 65536]
[SYCL] call ggml_backend_sycl_buffer_init_tensor: tensor='Vcur-0':type=f32;ne=[128, 2, 64, 1];nb=[4, 512, 1024, 65536]
[SYCL] call ggml_backend_sycl_buffer_init_tensor: tensor='node_12':type=f32;ne=[256, 64, 1, 1];nb=[4, 1024, 65536, 65536]
[SYCL] call ggml_backend_sycl_buffer_init_tensor: tensor='Kcur-0':type=f32;ne=[256, 64, 1, 1];nb=[4, 1024, 65536, 65536]
[SYCL] call ggml_backend_sycl_buffer_init_tensor: tensor='Kcur-0':type=f32;ne=[256, 64, 1, 1];nb=[4, 1024, 65536, 65536]
[SYCL] call ggml_backend_sycl_buffer_init_tensor: tensor='Kcur-0':type=f32;ne=[128, 2, 64, 1];nb=[4, 512, 1024, 65536]
[SYCL] call ggml_backend_sycl_buffer_init_tensor: tensor='Kcur-0':type=f32;ne=[128, 2, 64, 1];nb=[4, 512, 1024, 65536]
[SYCL] call ggml_backend_sycl_buffer_init_tensor: tensor='Kcur-0 (view)':type=f32;ne=[256, 64, 1, 1];nb=[4, 1024, 65536, 65536]
[SYCL] call ggml_backend_sycl_buffer_init_tensor: tensor='Vcur-0 (view)':type=f32;ne=[256, 64, 1, 1];nb=[4, 1024, 65536, 65536]
[SYCL] call ggml_backend_sycl_buffer_init_tensor: tensor='Qcur-0 (view)':type=f32;ne=[128, 2, 64, 1];nb=[4, 512, 1024, 65536]
[SYCL] call ggml_backend_sycl_buffer_init_tensor: tensor='Qcur-0 (view) (permuted)':type=f32;ne=[128, 64, 2, 1];nb=[4, 1024, 512, 65536];strided;permuted
[SYCL] call ggml_backend_sycl_buffer_init_tensor: tensor='Qcur-0 (view) (permuted) (copy)':type=f16;ne=[128, 64, 2, 1];nb=[2, 256, 16384, 32768]
[SYCL] call ggml_backend_sycl_buffer_init_tensor: tensor='node_28':type=f32;ne=[128, 2, 64, 1];nb=[4, 512, 1024, 65536]
[SYCL] call ggml_backend_sycl_buffer_init_tensor: tensor='kqv_out-0':type=f32;ne=[256, 64, 1, 1];nb=[4, 1024, 65536, 65536]
[SYCL] call ggml_backend_sycl_buffer_init_tensor: tensor='node_30':type=f32;ne=[256, 64, 1, 1];nb=[4, 1024, 65536, 65536]
[SYCL] call ggml_backend_sycl_buffer_init_tensor: tensor='node_31':type=f32;ne=[256, 64, 1, 1];nb=[4, 1024, 65536, 65536]
[SYCL] call ggml_backend_sycl_buffer_init_tensor: tensor='attn_out-0':type=f32;ne=[256, 64, 1, 1];nb=[4, 1024, 65536, 65536]
[SYCL] call ggml_backend_sycl_buffer_init_tensor: tensor='ffn_inp-0':type=f32;ne=[256, 64, 1, 1];nb=[4, 1024, 65536, 65536]
[SYCL] call ggml_backend_sycl_buffer_init_tensor: tensor='norm-0':type=f32;ne=[256, 64, 1, 1];nb=[4, 1024, 65536, 65536]
[SYCL] call ggml_backend_sycl_buffer_init_tensor: tensor='ffn_norm-0':type=f32;ne=[256, 64, 1, 1];nb=[4, 1024, 65536, 65536]
[SYCL] call ggml_backend_sycl_buffer_init_tensor: tensor='ffn_gate-0':type=f32;ne=[384, 64, 1, 1];nb=[4, 1536, 98304, 98304]
[SYCL] call ggml_backend_sycl_buffer_init_tensor: tensor='ffn_gate_b-0':type=f32;ne=[384, 64, 1, 1];nb=[4, 1536, 98304, 98304]
[SYCL] call ggml_backend_sycl_buffer_init_tensor: tensor='ffn_gate_s-0':type=f32;ne=[384, 64, 1, 1];nb=[4, 1536, 98304, 98304]
[SYCL] call ggml_backend_sycl_buffer_init_tensor: tensor='ffn_up-0':type=f32;ne=[384, 64, 1, 1];nb=[4, 1536, 98304, 98304]
[SYCL] call ggml_backend_sycl_buffer_init_tensor: tensor='ffn_up_b-0':type=f32;ne=[384, 64, 1, 1];nb=[4, 1536, 98304, 98304]
[SYCL] call ggml_backend_sycl_buffer_init_tensor: tensor='ffn_up_s-0':type=f32;ne=[384, 64, 1, 1];nb=[4, 1536, 98304, 98304]
[SYCL] call ggml_backend_sycl_buffer_init_tensor: tensor='ffn_swiglu-0':type=f32;ne=[384, 64, 1, 1];nb=[4, 1536, 98304, 98304]
[SYCL] call ggml_backend_sycl_buffer_init_tensor: tensor='ffn_down-0':type=f32;ne=[256, 64, 1, 1];nb=[4, 1024, 65536, 65536]
[SYCL] call ggml_backend_sycl_buffer_init_tensor: tensor='node_44':type=f32;ne=[256, 64, 1, 1];nb=[4, 1024, 65536, 65536]
[SYCL] call ggml_backend_sycl_buffer_init_tensor: tensor='ffn_out-0':type=f32;ne=[256, 64, 1, 1];nb=[4, 1024, 65536, 65536]
[SYCL] call ggml_backend_sycl_buffer_init_tensor: tensor='l_out-0':type=f32;ne=[256, 64, 1, 1];nb=[4, 1024, 65536, 65536]
[SYCL] call ggml_backend_sycl_buffer_init_tensor: tensor='norm-1':type=f32;ne=[256, 64, 1, 1];nb=[4, 1024, 65536, 65536]
[SYCL] call ggml_backend_sycl_buffer_init_tensor: tensor='attn_norm-1':type=f32;ne=[256, 64, 1, 1];nb=[4, 1024, 65536, 65536]
[SYCL] call ggml_backend_sycl_buffer_init_tensor: tensor='node_49':type=f32;ne=[256, 64, 1, 1];nb=[4, 1024, 65536, 65536]
[SYCL] call ggml_backend_sycl_buffer_init_tensor: tensor='Qcur-1':type=f32;ne=[256, 64, 1, 1];nb=[4, 1024, 65536, 65536]
[SYCL] call ggml_backend_sycl_buffer_init_tensor: tensor='Qcur-1':type=f32;ne=[256, 64, 1, 1];nb=[4, 1024, 65536, 65536]
[SYCL] call ggml_backend_sycl_buffer_init_tensor: tensor='Qcur-1':type=f32;ne=[128, 2, 64, 1];nb=[4, 512, 1024, 65536]
[SYCL] call ggml_backend_sycl_buffer_init_tensor: tensor='Qcur-1':type=f32;ne=[128, 2, 64, 1];nb=[4, 512, 1024, 65536]
[SYCL] call ggml_backend_sycl_buffer_init_tensor: tensor='node_54':type=f32;ne=[256, 64, 1, 1];nb=[4, 1024, 65536, 65536]
[SYCL] call ggml_backend_sycl_buffer_init_tensor: tensor='Vcur-1':type=f32;ne=[256, 64, 1, 1];nb=[4, 1024, 65536, 65536]
[SYCL] call ggml_backend_sycl_buffer_init_tensor: tensor='Vcur-1':type=f32;ne=[256, 64, 1, 1];nb=[4, 1024, 65536, 65536]
[SYCL] call ggml_backend_sycl_buffer_init_tensor: tensor='Vcur-1':type=f32;ne=[128, 2, 64, 1];nb=[4, 512, 1024, 65536]
[SYCL] call ggml_backend_sycl_buffer_init_tensor: tensor='node_58':type=f32;ne=[256, 64, 1, 1];nb=[4, 1024, 65536, 65536]
[SYCL] call ggml_backend_sycl_buffer_init_tensor: tensor='Kcur-1':type=f32;ne=[256, 64, 1, 1];nb=[4, 1024, 65536, 65536]
[SYCL] call ggml_backend_sycl_buffer_init_tensor: tensor='Kcur-1':type=f32;ne=[256, 64, 1, 1];nb=[4, 1024, 65536, 65536]
[SYCL] call ggml_backend_sycl_buffer_init_tensor: tensor='Kcur-1':type=f32;ne=[128, 2, 64, 1];nb=[4, 512, 1024, 65536]
[SYCL] call ggml_backend_sycl_buffer_init_tensor: tensor='Kcur-1':type=f32;ne=[128, 2, 64, 1];nb=[4, 512, 1024, 65536]
[SYCL] call ggml_backend_sycl_buffer_init_tensor: tensor='Kcur-1 (view)':type=f32;ne=[256, 64, 1, 1];nb=[4, 1024, 65536, 65536]
[SYCL] call ggml_backend_sycl_buffer_init_tensor: tensor='Vcur-1 (view)':type=f32;ne=[256, 64, 1, 1];nb=[4, 1024, 65536, 65536]
[SYCL] call ggml_backend_sycl_buffer_init_tensor: tensor='Qcur-1 (view)':type=f32;ne=[128, 2, 64, 1];nb=[4, 512, 1024, 65536]
[SYCL] call ggml_backend_sycl_buffer_init_tensor: tensor='Qcur-1 (view) (permuted)':type=f32;ne=[128, 64, 2, 1];nb=[4, 1024, 512, 65536];strided;permuted
[SYCL] call ggml_backend_sycl_buffer_init_tensor: tensor='Qcur-1 (view) (permuted) (copy)':type=f16;ne=[128, 64, 2, 1];nb=[2, 256, 16384, 32768]
[SYCL] call ggml_backend_sycl_buffer_init_tensor: tensor='node_74':type=f32;ne=[128, 2, 64, 1];nb=[4, 512, 1024, 65536]
[SYCL] call ggml_backend_sycl_buffer_init_tensor: tensor='kqv_out-1':type=f32;ne=[256, 64, 1, 1];nb=[4, 1024, 65536, 65536]
[SYCL] call ggml_backend_sycl_buffer_init_tensor: tensor='node_76':type=f32;ne=[256, 64, 1, 1];nb=[4, 1024, 65536, 65536]
[SYCL] call ggml_backend_sycl_buffer_init_tensor: tensor='node_77':type=f32;ne=[256, 64, 1, 1];nb=[4, 1024, 65536, 65536]
[SYCL] call ggml_backend_sycl_buffer_init_tensor: tensor='attn_out-1':type=f32;ne=[256, 64, 1, 1];nb=[4, 1024, 65536, 65536]
[SYCL] call ggml_backend_sycl_buffer_init_tensor: tensor='node_79':type=f32;ne=[256, 64, 1, 1];nb=[4, 1024, 65536, 65536]
[SYCL] call ggml_backend_sycl_buffer_init_tensor: tensor='node_80':type=f32;ne=[256, 64, 1, 1];nb=[4, 1024, 65536, 65536]
[SYCL] call ggml_backend_sycl_buffer_init_tensor: tensor='ffn_inp-1':type=f32;ne=[256, 64, 1, 1];nb=[4, 1024, 65536, 65536]
[SYCL] call ggml_backend_sycl_buffer_init_tensor: tensor='norm-1':type=f32;ne=[256, 64, 1, 1];nb=[4, 1024, 65536, 65536]
[SYCL] call ggml_backend_sycl_buffer_init_tensor: tensor='ffn_norm-1':type=f32;ne=[256, 64, 1, 1];nb=[4, 1024, 65536, 65536]
[SYCL] call ggml_backend_sycl_buffer_init_tensor: tensor='ffn_gate-1':type=f32;ne=[384, 64, 1, 1];nb=[4, 1536, 98304, 98304]
[SYCL] call ggml_backend_sycl_buffer_init_tensor: tensor='ffn_gate_b-1':type=f32;ne=[384, 64, 1, 1];nb=[4, 1536, 98304, 98304]
[SYCL] call ggml_backend_sycl_buffer_init_tensor: tensor='ffn_gate_s-1':type=f32;ne=[384, 64, 1, 1];nb=[4, 1536, 98304, 98304]
[SYCL] call ggml_backend_sycl_buffer_init_tensor: tensor='ffn_up-1':type=f32;ne=[384, 64, 1, 1];nb=[4, 1536, 98304, 98304]
[SYCL] call ggml_backend_sycl_buffer_init_tensor: tensor='ffn_up_b-1':type=f32;ne=[384, 64, 1, 1];nb=[4, 1536, 98304, 98304]
[SYCL] call ggml_backend_sycl_buffer_init_tensor: tensor='ffn_up_s-1':type=f32;ne=[384, 64, 1, 1];nb=[4, 1536, 98304, 98304]
[SYCL] call ggml_backend_sycl_buffer_init_tensor: tensor='ffn_swiglu-1':type=f32;ne=[384, 64, 1, 1];nb=[4, 1536, 98304, 98304]
[SYCL] call ggml_backend_sycl_buffer_init_tensor: tensor='ffn_down-1':type=f32;ne=[256, 64, 1, 1];nb=[4, 1024, 65536, 65536]
[SYCL] call ggml_backend_sycl_buffer_init_tensor: tensor='node_92':type=f32;ne=[256, 64, 1, 1];nb=[4, 1024, 65536, 65536]
[SYCL] call ggml_backend_sycl_buffer_init_tensor: tensor='ffn_out-1':type=f32;ne=[256, 64, 1, 1];nb=[4, 1024, 65536, 65536]
[SYCL] call ggml_backend_sycl_buffer_init_tensor: tensor='l_out-1':type=f32;ne=[256, 64, 1, 1];nb=[4, 1024, 65536, 65536]
[SYCL] call ggml_backend_sycl_buffer_init_tensor: tensor='norm':type=f32;ne=[256, 64, 1, 1];nb=[4, 1024, 65536, 65536]
[SYCL] call ggml_backend_sycl_buffer_init_tensor: tensor='result_norm':type=f32;ne=[256, 64, 1, 1];nb=[4, 1024, 65536, 65536]
[SYCL] call ggml_backend_sycl_buffer_init_tensor: tensor='result_output':type=f32;ne=[128, 64, 1, 1];nb=[4, 512, 32768, 32768]
[DEBUG-GRAPH-COMPUTE] ENTER: backend=0x2e4cd150 cgraph=0x3022b348
[DEBUG-GRAPH-COMPUTE] sycl_ctx=0x2f1f89f0 device=0
[MEM-HANDLE] released 0 command-graph retained leases
[SYCL] call ggml_backend_sycl_get_device_memory
[MEM-QUERY] dev=0 free=487.7 MB total=32656.0 MB consumed=32168.3 MB
[GRAPH-COMPUTE] device 0 arena scratch=512.0/512.0 MB external_free=487.7 MB / total=32656.0 MB
[DEBUG-GRAPH-COMPUTE] Creating lambda...
[MOE-HYBRID] No MUL_MAT_ID nodes found, MoE hybrid disabled
[DEBUG-GRAPH-COMPUTE] Lambda created
[SYCL-GRAPH] call #3: use_sycl_graph=1, async_mem=0, n_nodes=98, has_exec_graph=0
[DEBUG] About to call ggml_sycl_graph_signature cgraph=0x3022b348
[DEBUG-GRAPH-SIG] cgraph=0x3022b348 n_nodes=98 n_leafs=0
[DEBUG] graph_hash=501262221122680916
[DEBUG] Checking graph support for device 0...
[DEBUG] graph_support=1
[GRAPH-PRELOAD-WEIGHTS] planner-authoritative residency active; skipping dense preload
[GRAPH-PRELOAD] Planner active: refreshing MoE pointer tables only
[GRAPH-PRELOAD] Preparing MoE pointer tables for graph (nodes=98 device=0)
[SYCL-GRAPH] warmup pass for prompt phase (n_nodes=98, warmed=0)
[DEBUG-IMPL] ENTER graph_compute_impl: n_nodes=98, device=0
[DEBUG-IMPL] Starting node loop, n_nodes=98
[DEBUG-IMPL] Node 0/98: op=40 name=embd
ggml_sycl_get_data_ptr_slow: tensor=inp_tokens, device=0, staging FAILED for non-device (type=0), using tensor->data=0x77ce000ae240
ggml_sycl_get_data_ptr_slow: tensor=inp_tokens, device=0, using tensor->data=0x77ce000ae240
[SYCL][OP] call ggml_sycl_get_rows: dst='embd':type=f32;ne=[256, 64, 1, 1];nb=[4, 1024, 65536, 65536]	src0='token_embd.weight':type=f32;ne=[256, 128, 1, 1];nb=[4, 1024, 131072, 131072]	src1='inp_tokens':type=i32;ne=[64, 1, 1, 1];nb=[4, 256, 256, 256]
[SYCL] weight cache lookup: tensor=0x2f3066a0 name=token_embd.weight device=0
[SYCL][OP] call ggml_sycl_get_rows done
[DEBUG-IMPL] Node 1/98: op=25 name=norm-0
[DEBUG-IMPL] Node 3/98: op=29 name=node_3
[SYCL] simple consumer routing declined: op=MUL_MAT dst=node_3 plan unavailable ctx=0
[DEBUG-MULMAT] ENTER: src0=blk.0.attn_q.weight src1=attn_norm-0 dst=node_3
[SYCL][OP] call ggml_sycl_mul_mat: dst='node_3':type=f32;ne=[256, 64, 1, 1];nb=[4, 1024, 65536, 65536]	src0='blk.0.attn_q.weight':type=f32;ne=[256, 256, 1, 1];nb=[4, 1024, 262144, 262144]	src1='attn_norm-0':type=f32;ne=[256, 64, 1, 1];nb=[4, 1024, 65536, 65536]
[XMXConfig] device=0: M=8 N=16 K_INT8=32 K_FP16=16 SLM=131072 nsm=256 supported=1 int8=1 fp16=1 double_buf=1 max_esimd_wg=64 nbarrier=0 esimd_dpas=1
[MUL_MAT] src0 device=0 ptr=0xffffd556b68c8500 (tensor=blk.0.attn_q.weight layout=0)
[MUL_MAT] dst device=0 ptr=0xffffd55e47cbc000 (tensor=node_3)
[SYCL] weight cache lookup: tensor=0x2f306ce0 name=blk.0.attn_q.weight device=0
[SYCL][OP] call ggml_sycl_mul_mat done
[DEBUG-IMPL] Node 4/98: op=7 name=Qcur-0
[DEBUG-IMPL] Node 6/98: op=36 name=Qcur-0
[DEBUG-IMPL] Node 7/98: op=49 name=Qcur-0
ggml_sycl_get_data_ptr_slow: tensor=leaf_7, device=0, staging FAILED for non-device (type=0), using tensor->data=0x77ce000be340
ggml_sycl_get_data_ptr_slow: tensor=leaf_7, device=0, using tensor->data=0x77ce000be340
[SYCL] simple consumer routing declined: op=ROPE dst=Qcur-0 local single-device plan ctx=0 target=0
[SYCL][OP] call ggml_sycl_rope: dst='Qcur-0':type=f32;ne=[128, 2, 64, 1];nb=[4, 512, 1024, 65536]	src0='Qcur-0':type=f32;ne=[128, 2, 64, 1];nb=[4, 512, 1024, 65536]	src1='leaf_7':type=i32;ne=[64, 1, 1, 1];nb=[4, 256, 256, 256]	src2='rope_freqs.weight':type=f32;ne=[64, 1, 1, 1];nb=[4, 256, 256, 256]
ggml_sycl_op_rope: norm path
[SYCL][OP] call ggml_sycl_rope done
[DEBUG-IMPL] Node 8/98: op=29 name=node_8
[SYCL] simple consumer routing declined: op=MUL_MAT dst=node_8 plan unavailable ctx=0
[DEBUG-MULMAT] ENTER: src0=blk.0.attn_v.weight src1=attn_norm-0 dst=node_8
[SYCL][OP] call ggml_sycl_mul_mat: dst='node_8':type=f32;ne=[256, 64, 1, 1];nb=[4, 1024, 65536, 65536]	src0='blk.0.attn_v.weight':type=f32;ne=[256, 256, 1, 1];nb=[4, 1024, 262144, 262144]	src1='attn_norm-0':type=f32;ne=[256, 64, 1, 1];nb=[4, 1024, 65536, 65536]
[XMXConfig] device=0: M=8 N=16 K_INT8=32 K_FP16=16 SLM=131072 nsm=256 supported=1 int8=1 fp16=1 double_buf=1 max_esimd_wg=64 nbarrier=0 esimd_dpas=1
[MUL_MAT] src0 device=0 ptr=0xffffd556b6948500 (tensor=blk.0.attn_v.weight layout=0)
[MUL_MAT] dst device=0 ptr=0xffffd55e47cbc000 (tensor=node_8)
[SYCL] weight cache lookup: tensor=0x2f307000 name=blk.0.attn_v.weight device=0
[SYCL][OP] call ggml_sycl_mul_mat done
[DEBUG-IMPL] Node 9/98: op=7 name=Vcur-0
[DEBUG-IMPL] Node 11/98: op=36 name=Vcur-0
[DEBUG-IMPL] Node 12/98: op=29 name=node_12
[SYCL] simple consumer routing declined: op=MUL_MAT dst=node_12 plan unavailable ctx=0
[DEBUG-MULMAT] ENTER: src0=blk.0.attn_k.weight src1=attn_norm-0 dst=node_12
[SYCL][OP] call ggml_sycl_mul_mat: dst='node_12':type=f32;ne=[256, 64, 1, 1];nb=[4, 1024, 65536, 65536]	src0='blk.0.attn_k.weight':type=f32;ne=[256, 256, 1, 1];nb=[4, 1024, 262144, 262144]	src1='attn_norm-0':type=f32;ne=[256, 64, 1, 1];nb=[4, 1024, 65536, 65536]
[XMXConfig] device=0: M=8 N=16 K_INT8=32 K_FP16=16 SLM=131072 nsm=256 supported=1 int8=1 fp16=1 double_buf=1 max_esimd_wg=64 nbarrier=0 esimd_dpas=1
[MUL_MAT] src0 device=0 ptr=0xffffd556b6908500 (tensor=blk.0.attn_k.weight layout=0)
[MUL_MAT] dst device=0 ptr=0xffffd55e47cdc000 (tensor=node_12)
[SYCL] weight cache lookup: tensor=0x2f306e70 name=blk.0.attn_k.weight device=0
[SYCL][OP] call ggml_sycl_mul_mat done
[DEBUG-IMPL] Node 13/98: op=7 name=Kcur-0
[DEBUG-IMPL] Node 15/98: op=36 name=Kcur-0
[DEBUG-IMPL] Node 16/98: op=49 name=Kcur-0
[SYCL] simple consumer routing declined: op=ROPE dst=Kcur-0 local single-device plan ctx=0 target=0
[SYCL][OP] call ggml_sycl_rope: dst='Kcur-0':type=f32;ne=[128, 2, 64, 1];nb=[4, 512, 1024, 65536]	src0='Kcur-0':type=f32;ne=[128, 2, 64, 1];nb=[4, 512, 1024, 65536]	src1='leaf_7':type=i32;ne=[64, 1, 1, 1];nb=[4, 256, 256, 256]	src2='rope_freqs.weight':type=f32;ne=[64, 1, 1, 1];nb=[4, 256, 256, 256]
ggml_sycl_op_rope: norm path
[SYCL][OP] call ggml_sycl_rope done
[DEBUG-IMPL] Node 17/98: op=37 name=Kcur-0 (view)
[DEBUG-IMPL] Node 18/98: op=42 name=cache_k_l0 (view)
ggml_sycl_get_data_ptr_slow: tensor=leaf_15, device=0, staging FAILED for non-device (type=0), using tensor->data=0x77ce000be440
ggml_sycl_get_data_ptr_slow: tensor=leaf_15, device=0, using tensor->data=0x77ce000be440
[SYCL] simple consumer routing declined: op=SET_ROWS dst=cache_k_l0 (view) plan unavailable ctx=0
[SYCL][OP] call ggml_sycl_op_set_rows: dst='cache_k_l0 (view)':type=f16;ne=[256, 256, 1, 1];nb=[2, 512, 131072, 131072]	src0='Kcur-0 (view)':type=f32;ne=[256, 64, 1, 1];nb=[4, 1024, 65536, 65536]	src1='leaf_15':type=i64;ne=[64, 1, 1, 1];nb=[8, 512, 512, 512]
[SYCL][OP] call ggml_sycl_op_set_rows done
[DEBUG-IMPL] Node 19/98: op=37 name=Vcur-0 (view)
[DEBUG-IMPL] Node 20/98: op=42 name=cache_v_l0 (view)
ggml_sycl_get_data_ptr_slow: tensor=leaf_17, device=0, staging FAILED for non-device (type=0), using tensor->data=0x77ce000be640
ggml_sycl_get_data_ptr_slow: tensor=leaf_17, device=0, using tensor->data=0x77ce000be640
[SYCL] simple consumer routing declined: op=SET_ROWS dst=cache_v_l0 (view) plan unavailable ctx=0
[SYCL][OP] call ggml_sycl_op_set_rows: dst='cache_v_l0 (view)':type=f16;ne=[256, 256, 1, 1];nb=[2, 512, 131072, 131072]	src0='Vcur-0 (view)':type=f32;ne=[256, 64, 1, 1];nb=[4, 1024, 65536, 65536]	src1='leaf_17':type=i64;ne=[64, 1, 1, 1];nb=[8, 512, 512, 512]
[SYCL][OP] call ggml_sycl_op_set_rows done
[DEBUG-IMPL] Node 21/98: op=37 name=Qcur-0 (view)
[DEBUG-IMPL] Node 22/98: op=38 name=Qcur-0 (view) (permuted)
[DEBUG-IMPL] Node 23/98: op=34 name=Qcur-0 (view) (permuted) (copy)
[SYCL] simple consumer routing declined: op=CPY dst=Qcur-0 (view) (permuted) (copy) local single-device plan ctx=0 target=0
[SYCL][OP] call ggml_sycl_cpy: dst='Qcur-0 (view) (permuted) (copy)':type=f16;ne=[128, 64, 2, 1];nb=[2, 256, 16384, 32768]	src0='Qcur-0 (view) (permuted)':type=f32;ne=[128, 64, 2, 1];nb=[4, 1024, 512, 65536];strided;permuted
[CPY] device=0 main_stream=0x2b690ec0 tp_queue=(nil) (match=0)
[CPY DEBUG] device=0 src0=Qcur-0 (view) (permuted)(0xffffd55e47ccc000, usm=1) -> src1=Qcur-0 (view) (permuted) (copy)(0xffffd55e47cac000, usm=1) size=65536
[CPY STAGING CHECK] device=0 needs_staging=0 src0_type=1 dst_is_device=1
[SYCL][OP] call ggml_sycl_cpy done
[DEBUG-IMPL] Node 24/98: op=37 name=cache_k_l0 (view)
[DEBUG-IMPL] Node 25/98: op=38 name=cache_k_l0 (view) (permuted)
[DEBUG-IMPL] Node 26/98: op=37 name=cache_v_l0 (view)
[DEBUG-IMPL] Node 27/98: op=38 name=cache_v_l0 (view) (permuted)
[DEBUG-IMPL] Node 28/98: op=75 name=node_28
ggml_sycl_get_data_ptr_slow: tensor=attn_inp_kq_mask, device=0, staging FAILED for non-device (type=0), using tensor->data=0x77ce000be840
ggml_sycl_get_data_ptr_slow: tensor=attn_inp_kq_mask, device=0, using tensor->data=0x77ce000be840
[SYCL] simple consumer routing declined: op=FLASH_ATTN_EXT dst=node_28 plan unavailable ctx=0
ggml_sycl_get_data_ptr_slow: tensor=Qcur-0 (view) (permuted) (copy), device=1, rejecting tensor->data=0xffffd55e47cac000 owned by device 0
ggml_sycl_get_data_ptr_slow: tensor=node_28, device=1, rejecting tensor->data=0xffffd55e47cb4000 owned by device 0
[DEBUG-IMPL] Node 29/98: op=36 name=kqv_out-0
[DEBUG-IMPL] Node 30/98: op=29 name=node_30
[SYCL] simple consumer routing declined: op=MUL_MAT dst=node_30 plan unavailable ctx=0
[DEBUG-MULMAT] ENTER: src0=blk.0.attn_output.weight src1=kqv_out-0 dst=node_30
[SYCL][OP] call ggml_sycl_mul_mat: dst='node_30':type=f32;ne=[256, 64, 1, 1];nb=[4, 1024, 65536, 65536]	src0='blk.0.attn_output.weight':type=f32;ne=[256, 256, 1, 1];nb=[4, 1024, 262144, 262144]	src1='kqv_out-0':type=f32;ne=[256, 64, 1, 1];nb=[4, 1024, 65536, 65536]
[XMXConfig] device=0: M=8 N=16 K_INT8=32 K_FP16=16 SLM=131072 nsm=256 supported=1 int8=1 fp16=1 double_buf=1 max_esimd_wg=64 nbarrier=0 esimd_dpas=1
[MUL_MAT] src0 device=0 ptr=0xffffd556b6988500 (tensor=blk.0.attn_output.weight layout=0)
[MUL_MAT] dst device=0 ptr=0xffffd55e47cc4000 (tensor=node_30)
[SYCL] weight cache lookup: tensor=0x2f307640 name=blk.0.attn_output.weight device=0
[SYCL][OP] call ggml_sycl_mul_mat done
[DEBUG-IMPL] Node 31/98: op=7 name=node_31
[DEBUG-IMPL] Node 33/98: op=2 name=ffn_inp-0
[DEBUG-IMPL] Node 35/98: op=7 name=ffn_norm-0
[SYCL] simple consumer routing declined: op=MUL dst=ffn_norm-0 local single-device plan ctx=0 target=0
[SYCL][OP] call ggml_sycl_mul: dst='ffn_norm-0':type=f32;ne=[256, 64, 1, 1];nb=[4, 1024, 65536, 65536]	src0='norm-0':type=f32;ne=[256, 64, 1, 1];nb=[4, 1024, 65536, 65536]	src1='blk.0.ffn_norm.weight':type=f32;ne=[256, 1, 1, 1];nb=[4, 1024, 1024, 1024]
[BINBCAST-PTR] src0=norm-0 src0_host=0xffffd55e47c9c000 src0_d=0xffffd55e47c9c000
[BINBCAST-PTR] src1=blk.0.ffn_norm.weight src1_host=0x77cdffd6a140 src1_d=0xffffd556b68a7900
[SYCL][OP] call ggml_sycl_mul done
[DEBUG-IMPL] Node 36/98: op=29 name=ffn_gate-0
[SYCL] simple consumer routing declined: op=MUL_MAT dst=ffn_gate-0 plan unavailable ctx=0
[DEBUG-MULMAT] ENTER: src0=blk.0.ffn_gate.weight src1=ffn_norm-0 dst=ffn_gate-0
[SYCL][OP] call ggml_sycl_mul_mat: dst='ffn_gate-0':type=f32;ne=[384, 64, 1, 1];nb=[4, 1536, 98304, 98304]	src0='blk.0.ffn_gate.weight':type=f32;ne=[256, 384, 1, 1];nb=[4, 1024, 393216, 393216]	src1='ffn_norm-0':type=f32;ne=[256, 64, 1, 1];nb=[4, 1024, 65536, 65536]
[XMXConfig] device=0: M=8 N=16 K_INT8=32 K_FP16=16 SLM=131072 nsm=256 supported=1 int8=1 fp16=1 double_buf=1 max_esimd_wg=64 nbarrier=0 esimd_dpas=1
[MUL_MAT] src0 device=0 ptr=0xffffd556b6acb600 (tensor=blk.0.ffn_gate.weight layout=0)
[MUL_MAT] dst device=0 ptr=0xffffd55e47cac000 (tensor=ffn_gate-0)
[SYCL] weight cache lookup: tensor=0x2f307c80 name=blk.0.ffn_gate.weight device=0
[SYCL][OP] call ggml_sycl_mul_mat done
[DEBUG-IMPL] Node 37/98: op=2 name=ffn_gate_b-0
[SYCL] simple consumer routing declined: op=ADD dst=ffn_gate_b-0 local single-device plan ctx=0 target=0
[SYCL-ADD-DBG] ADD dst: name=ffn_gate_b-0 type=f32 op=ADD ne=[384,64,1,1] nb=[4,1536,98304,98304] contig=1 data=0xffffd55e47cac000 view_src=none view_offs=0 layout_mode=none layout_ptr=(nil) layout_size=0
[SYCL-ADD-DBG] ADD src0: name=ffn_gate-0 type=f32 op=MUL_MAT ne=[384,64,1,1] nb=[4,1536,98304,98304] contig=1 data=0xffffd55e47cac000 view_src=none view_offs=0 layout_mode=none layout_ptr=(nil) layout_size=0
[SYCL-ADD-DBG] ADD src1: name=blk.0.ffn_gate.bias type=f32 op=NONE ne=[384,1,1,1] nb=[4,1536,1536,1536] contig=1 data=0x77cdffe8a640 view_src=none view_offs=0 layout_mode=aos layout_ptr=(nil) layout_size=1536
[SYCL][OP] call ggml_sycl_add: dst='ffn_gate_b-0':type=f32;ne=[384, 64, 1, 1];nb=[4, 1536, 98304, 98304]	src0='ffn_gate-0':type=f32;ne=[384, 64, 1, 1];nb=[4, 1536, 98304, 98304]	src1='blk.0.ffn_gate.bias':type=f32;ne=[384, 1, 1, 1];nb=[4, 1536, 1536, 1536]
[SYCL-ADD-DBG] ADD src0: name=ffn_gate-0 type=f32 ne=[384,64,1,1] nb=[4,1536,98304,98304] contig=1 data=0xffffd55e47cac000 view_src=none view_offs=0 layout_mode=none layout_ptr=(nil) layout_size=0
[SYCL-ADD-DBG] ADD src1: name=blk.0.ffn_gate.bias type=f32 ne=[384,1,1,1] nb=[4,1536,1536,1536] contig=1 data=0x77cdffe8a640 view_src=none view_offs=0 layout_mode=aos layout_ptr=(nil) layout_size=1536
[SYCL-ADD-DBG] ADD dst: name=ffn_gate_b-0 type=f32 ne=[384,64,1,1] nb=[4,1536,98304,98304] contig=1 data=0xffffd55e47cac000 view_src=none view_offs=0 layout_mode=none layout_ptr=(nil) layout_size=0
[BINBCAST-PTR] src0=ffn_gate-0 src0_host=0xffffd55e47cac000 src0_d=0xffffd55e47cac000
[BINBCAST-PTR] src1=blk.0.ffn_gate.bias src1_host=0x77cdffe8a640 src1_d=0xffffd556b6beb600
[SYCL][OP] call ggml_sycl_add done
[DEBUG-IMPL] Node 38/98: op=7 name=ffn_gate_s-0
[SYCL] simple consumer routing declined: op=MUL dst=ffn_gate_s-0 local single-device plan ctx=0 target=0
[SYCL][OP] call ggml_sycl_mul: dst='ffn_gate_s-0':type=f32;ne=[384, 64, 1, 1];nb=[4, 1536, 98304, 98304]	src0='ffn_gate_b-0':type=f32;ne=[384, 64, 1, 1];nb=[4, 1536, 98304, 98304]	src1='blk.0.ffn_gate.scale':type=f32;ne=[1, 1, 1, 1];nb=[4, 4, 4, 4]
[BINBCAST-PTR] src0=ffn_gate_b-0 src0_host=0xffffd55e47cac000 src0_d=0xffffd55e47cac000
[BINBCAST-PTR] src1=blk.0.ffn_gate.scale src1_host=0x77ce000adec0 src1_d=0xffffd556b6bec600
[SYCL][OP] call ggml_sycl_mul done
[DEBUG-IMPL] Node 39/98: op=29 name=ffn_up-0
[SYCL] simple consumer routing declined: op=MUL_MAT dst=ffn_up-0 plan unavailable ctx=0
[DEBUG-MULMAT] ENTER: src0=blk.0.ffn_up.weight src1=ffn_norm-0 dst=ffn_up-0
[SYCL][OP] call ggml_sycl_mul_mat: dst='ffn_up-0':type=f32;ne=[384, 64, 1, 1];nb=[4, 1536, 98304, 98304]	src0='blk.0.ffn_up.weight':type=f32;ne=[256, 384, 1, 1];nb=[4, 1024, 393216, 393216]	src1='ffn_norm-0':type=f32;ne=[256, 64, 1, 1];nb=[4, 1024, 65536, 65536]
[XMXConfig] device=0: M=8 N=16 K_INT8=32 K_FP16=16 SLM=131072 nsm=256 supported=1 int8=1 fp16=1 double_buf=1 max_esimd_wg=64 nbarrier=0 esimd_dpas=1
[MUL_MAT] src0 device=0 ptr=0xffffd556b6b8b600 (tensor=blk.0.ffn_up.weight layout=0)
[MUL_MAT] dst device=0 ptr=0xffffd55e47cd4000 (tensor=ffn_up-0)
[SYCL] weight cache lookup: tensor=0x2f307fa0 name=blk.0.ffn_up.weight device=0
[SYCL][OP] call ggml_sycl_mul_mat done
[DEBUG-IMPL] Node 40/98: op=2 name=ffn_up_b-0
[SYCL] simple consumer routing declined: op=ADD dst=ffn_up_b-0 local single-device plan ctx=0 target=0
[SYCL-ADD-DBG] ADD dst: name=ffn_up_b-0 type=f32 op=ADD ne=[384,64,1,1] nb=[4,1536,98304,98304] contig=1 data=0xffffd55e47cd4000 view_src=none view_offs=0 layout_mode=none layout_ptr=(nil) layout_size=0
[SYCL-ADD-DBG] ADD src0: name=ffn_up-0 type=f32 op=MUL_MAT ne=[384,64,1,1] nb=[4,1536,98304,98304] contig=1 data=0xffffd55e47cd4000 view_src=none view_offs=0 layout_mode=none layout_ptr=(nil) layout_size=0
[SYCL-ADD-DBG] ADD src1: name=blk.0.ffn_up.bias type=f32 op=NONE ne=[384,1,1,1] nb=[4,1536,1536,1536] contig=1 data=0x77cdffe8b040 view_src=none view_offs=0 layout_mode=aos layout_ptr=(nil) layout_size=1536
[SYCL][OP] call ggml_sycl_add: dst='ffn_up_b-0':type=f32;ne=[384, 64, 1, 1];nb=[4, 1536, 98304, 98304]	src0='ffn_up-0':type=f32;ne=[384, 64, 1, 1];nb=[4, 1536, 98304, 98304]	src1='blk.0.ffn_up.bias':type=f32;ne=[384, 1, 1, 1];nb=[4, 1536, 1536, 1536]
[SYCL-ADD-DBG] ADD src0: name=ffn_up-0 type=f32 ne=[384,64,1,1] nb=[4,1536,98304,98304] contig=1 data=0xffffd55e47cd4000 view_src=none view_offs=0 layout_mode=none layout_ptr=(nil) layout_size=0
[SYCL-ADD-DBG] ADD src1: name=blk.0.ffn_up.bias type=f32 ne=[384,1,1,1] nb=[4,1536,1536,1536] contig=1 data=0x77cdffe8b040 view_src=none view_offs=0 layout_mode=aos layout_ptr=(nil) layout_size=1536
[SYCL-ADD-DBG] ADD dst: name=ffn_up_b-0 type=f32 ne=[384,64,1,1] nb=[4,1536,98304,98304] contig=1 data=0xffffd55e47cd4000 view_src=none view_offs=0 layout_mode=none layout_ptr=(nil) layout_size=0
[BINBCAST-PTR] src0=ffn_up-0 src0_host=0xffffd55e47cd4000 src0_d=0xffffd55e47cd4000
[BINBCAST-PTR] src1=blk.0.ffn_up.bias src1_host=0x77cdffe8b040 src1_d=0xffffd556b6bebc00
[SYCL][OP] call ggml_sycl_add done
[DEBUG-IMPL] Node 41/98: op=7 name=ffn_up_s-0
[SYCL] simple consumer routing declined: op=MUL dst=ffn_up_s-0 local single-device plan ctx=0 target=0
[SYCL][OP] call ggml_sycl_mul: dst='ffn_up_s-0':type=f32;ne=[384, 64, 1, 1];nb=[4, 1536, 98304, 98304]	src0='ffn_up_b-0':type=f32;ne=[384, 64, 1, 1];nb=[4, 1536, 98304, 98304]	src1='blk.0.ffn_up.scale':type=f32;ne=[1, 1, 1, 1];nb=[4, 4, 4, 4]
[BINBCAST-PTR] src0=ffn_up_b-0 src0_host=0xffffd55e47cd4000 src0_d=0xffffd55e47cd4000
[BINBCAST-PTR] src1=blk.0.ffn_up.scale src1_host=0x77ce000adf00 src1_d=0xffffd556b6beca00
[SYCL][OP] call ggml_sycl_mul done
[DEBUG-IMPL] Node 42/98: op=97 name=ffn_swiglu-0
[SYCL] simple consumer routing declined: op=GLU dst=ffn_swiglu-0 local single-device plan ctx=0 target=0
[SYCL][OP] call ggml_sycl_swiglu: dst='ffn_swiglu-0':type=f32;ne=[384, 64, 1, 1];nb=[4, 1536, 98304, 98304]	src0='ffn_gate_s-0':type=f32;ne=[384, 64, 1, 1];nb=[4, 1536, 98304, 98304]
[SYCL][OP] call ggml_sycl_swiglu done
[DEBUG-IMPL] Node 43/98: op=29 name=ffn_down-0
[SYCL] simple consumer routing declined: op=MUL_MAT dst=ffn_down-0 plan unavailable ctx=0
[DEBUG-MULMAT] ENTER: src0=blk.0.ffn_down.weight src1=ffn_swiglu-0 dst=ffn_down-0
[SYCL][OP] call ggml_sycl_mul_mat: dst='ffn_down-0':type=f32;ne=[256, 64, 1, 1];nb=[4, 1024, 65536, 65536]	src0='blk.0.ffn_down.weight':type=f32;ne=[384, 256, 1, 1];nb=[4, 1536, 393216, 393216]	src1='ffn_swiglu-0':type=f32;ne=[384, 64, 1, 1];nb=[4, 1536, 98304, 98304]
[XMXConfig] device=0: M=8 N=16 K_INT8=32 K_FP16=16 SLM=131072 nsm=256 supported=1 int8=1 fp16=1 double_buf=1 max_esimd_wg=64 nbarrier=0 esimd_dpas=1
[MUL_MAT] src0 device=0 ptr=0xffffd556b6b2b600 (tensor=blk.0.ffn_down.weight layout=0)
[MUL_MAT] dst device=0 ptr=0xffffd55e47cd4000 (tensor=ffn_down-0)
[SYCL] weight cache lookup: tensor=0x2f307e10 name=blk.0.ffn_down.weight device=0
[SYCL][OP] call ggml_sycl_mul_mat done
[DEBUG-IMPL] Node 44/98: op=2 name=node_44
[SYCL] simple consumer routing declined: op=ADD dst=node_44 local single-device plan ctx=0 target=0
[SYCL-ADD-DBG] ADD dst: name=node_44 type=f32 op=ADD ne=[256,64,1,1] nb=[4,1024,65536,65536] contig=1 data=0xffffd55e47cd4000 view_src=none view_offs=0 layout_mode=none layout_ptr=(nil) layout_size=0
[SYCL-ADD-DBG] ADD src0: name=ffn_down-0 type=f32 op=MUL_MAT ne=[256,64,1,1] nb=[4,1024,65536,65536] contig=1 data=0xffffd55e47cd4000 view_src=none view_offs=0 layout_mode=none layout_ptr=(nil) layout_size=0
[SYCL-ADD-DBG] ADD src1: name=blk.0.ffn_down.bias type=f32 op=NONE ne=[256,1,1,1] nb=[4,1024,1024,1024] contig=1 data=0x77cdffe8ac40 view_src=none view_offs=0 layout_mode=aos layout_ptr=(nil) layout_size=1024
[SYCL][OP] call ggml_sycl_add: dst='node_44':type=f32;ne=[256, 64, 1, 1];nb=[4, 1024, 65536, 65536]	src0='ffn_down-0':type=f32;ne=[256, 64, 1, 1];nb=[4, 1024, 65536, 65536]	src1='blk.0.ffn_down.bias':type=f32;ne=[256, 1, 1, 1];nb=[4, 1024, 1024, 1024]
[SYCL-ADD-DBG] ADD src0: name=ffn_down-0 type=f32 ne=[256,64,1,1] nb=[4,1024,65536,65536] contig=1 data=0xffffd55e47cd4000 view_src=none view_offs=0 layout_mode=none layout_ptr=(nil) layout_size=0
[SYCL-ADD-DBG] ADD src1: name=blk.0.ffn_down.bias type=f32 ne=[256,1,1,1] nb=[4,1024,1024,1024] contig=1 data=0x77cdffe8ac40 view_src=none view_offs=0 layout_mode=aos layout_ptr=(nil) layout_size=1024
[SYCL-ADD-DBG] ADD dst: name=node_44 type=f32 ne=[256,64,1,1] nb=[4,1024,65536,65536] contig=1 data=0xffffd55e47cd4000 view_src=none view_offs=0 layout_mode=none layout_ptr=(nil) layout_size=0
[BINBCAST-PTR] src0=ffn_down-0 src0_host=0xffffd55e47cd4000 src0_d=0xffffd55e47cd4000
[BINBCAST-PTR] src1=blk.0.ffn_down.bias src1_host=0x77cdffe8ac40 src1_d=0xffffd556b6bec200
[SYCL][OP] call ggml_sycl_add done
[DEBUG-IMPL] Node 45/98: op=7 name=ffn_out-0
[SYCL] simple consumer routing declined: op=MUL dst=ffn_out-0 local single-device plan ctx=0 target=0
[SYCL][OP] call ggml_sycl_mul: dst='ffn_out-0':type=f32;ne=[256, 64, 1, 1];nb=[4, 1024, 65536, 65536]	src0='node_44':type=f32;ne=[256, 64, 1, 1];nb=[4, 1024, 65536, 65536]	src1='blk.0.ffn_down.scale':type=f32;ne=[1, 1, 1, 1];nb=[4, 4, 4, 4]
[BINBCAST-PTR] src0=node_44 src0_host=0xffffd55e47cd4000 src0_d=0xffffd55e47cd4000
[BINBCAST-PTR] src1=blk.0.ffn_down.scale src1_host=0x77ce000adee0 src1_d=0xffffd556b6becb00
[SYCL][OP] call ggml_sycl_mul done
[DEBUG-IMPL] Node 46/98: op=2 name=l_out-0
[DEBUG-IMPL] Node 48/98: op=7 name=attn_norm-1
[SYCL] simple consumer routing declined: op=MUL dst=attn_norm-1 local single-device plan ctx=0 target=0
[SYCL][OP] call ggml_sycl_mul: dst='attn_norm-1':type=f32;ne=[256, 64, 1, 1];nb=[4, 1024, 65536, 65536]	src0='norm-1':type=f32;ne=[256, 64, 1, 1];nb=[4, 1024, 65536, 65536]	src1='blk.1.attn_norm.weight':type=f32;ne=[256, 1, 1, 1];nb=[4, 1024, 1024, 1024]
[BINBCAST-PTR] src0=norm-1 src0_host=0xffffd55e47c9c000 src0_d=0xffffd55e47c9c000
[BINBCAST-PTR] src1=blk.1.attn_norm.weight src1_host=0x77cdffe8b640 src1_d=0xffffd556b68a7d00
[SYCL][OP] call ggml_sycl_mul done
[DEBUG-IMPL] Node 49/98: op=29 name=node_49
[SYCL] simple consumer routing declined: op=MUL_MAT dst=node_49 plan unavailable ctx=0
[DEBUG-MULMAT] ENTER: src0=blk.1.attn_q.weight src1=attn_norm-1 dst=node_49
[SYCL][OP] call ggml_sycl_mul_mat: dst='node_49':type=f32;ne=[256, 64, 1, 1];nb=[4, 1024, 65536, 65536]	src0='blk.1.attn_q.weight':type=f32;ne=[256, 256, 1, 1];nb=[4, 1024, 262144, 262144]	src1='attn_norm-1':type=f32;ne=[256, 64, 1, 1];nb=[4, 1024, 65536, 65536]
[XMXConfig] device=0: M=8 N=16 K_INT8=32 K_FP16=16 SLM=131072 nsm=256 supported=1 int8=1 fp16=1 double_buf=1 max_esimd_wg=64 nbarrier=0 esimd_dpas=1
[MUL_MAT] src0 device=0 ptr=0xffffd556b69c9d00 (tensor=blk.1.attn_q.weight layout=0)
[MUL_MAT] dst device=0 ptr=0xffffd55e47cac000 (tensor=node_49)
[SYCL] weight cache lookup: tensor=0x2f308770 name=blk.1.attn_q.weight device=0
[SYCL][OP] call ggml_sycl_mul_mat done
[DEBUG-IMPL] Node 50/98: op=7 name=Qcur-1
[DEBUG-IMPL] Node 52/98: op=36 name=Qcur-1
[DEBUG-IMPL] Node 53/98: op=49 name=Qcur-1
[SYCL] simple consumer routing declined: op=ROPE dst=Qcur-1 local single-device plan ctx=0 target=0
[SYCL][OP] call ggml_sycl_rope: dst='Qcur-1':type=f32;ne=[128, 2, 64, 1];nb=[4, 512, 1024, 65536]	src0='Qcur-1':type=f32;ne=[128, 2, 64, 1];nb=[4, 512, 1024, 65536]	src1='leaf_7':type=i32;ne=[64, 1, 1, 1];nb=[4, 256, 256, 256]	src2='rope_freqs.weight':type=f32;ne=[64, 1, 1, 1];nb=[4, 256, 256, 256]
ggml_sycl_op_rope: norm path
[SYCL][OP] call ggml_sycl_rope done
[DEBUG-IMPL] Node 54/98: op=29 name=node_54
[SYCL] simple consumer routing declined: op=MUL_MAT dst=node_54 plan unavailable ctx=0
[DEBUG-MULMAT] ENTER: src0=blk.1.attn_v.weight src1=attn_norm-1 dst=node_54
[SYCL][OP] call ggml_sycl_mul_mat: dst='node_54':type=f32;ne=[256, 64, 1, 1];nb=[4, 1024, 65536, 65536]	src0='blk.1.attn_v.weight':type=f32;ne=[256, 256, 1, 1];nb=[4, 1024, 262144, 262144]	src1='attn_norm-1':type=f32;ne=[256, 64, 1, 1];nb=[4, 1024, 65536, 65536]
[XMXConfig] device=0: M=8 N=16 K_INT8=32 K_FP16=16 SLM=131072 nsm=256 supported=1 int8=1 fp16=1 double_buf=1 max_esimd_wg=64 nbarrier=0 esimd_dpas=1
[MUL_MAT] src0 device=0 ptr=0xffffd556b6a49d00 (tensor=blk.1.attn_v.weight layout=0)
[MUL_MAT] dst device=0 ptr=0xffffd55e47cac000 (tensor=node_54)
[SYCL] weight cache lookup: tensor=0x2f308a90 name=blk.1.attn_v.weight device=0
[SYCL][OP] call ggml_sycl_mul_mat done
[DEBUG-IMPL] Node 55/98: op=7 name=Vcur-1
[DEBUG-IMPL] Node 57/98: op=36 name=Vcur-1
[DEBUG-IMPL] Node 58/98: op=29 name=node_58
[SYCL] simple consumer routing declined: op=MUL_MAT dst=node_58 plan unavailable ctx=0
[DEBUG-MULMAT] ENTER: src0=blk.1.attn_k.weight src1=attn_norm-1 dst=node_58
[SYCL][OP] call ggml_sycl_mul_mat: dst='node_58':type=f32;ne=[256, 64, 1, 1];nb=[4, 1024, 65536, 65536]	src0='blk.1.attn_k.weight':type=f32;ne=[256, 256, 1, 1];nb=[4, 1024, 262144, 262144]	src1='attn_norm-1':type=f32;ne=[256, 64, 1, 1];nb=[4, 1024, 65536, 65536]
[XMXConfig] device=0: M=8 N=16 K_INT8=32 K_FP16=16 SLM=131072 nsm=256 supported=1 int8=1 fp16=1 double_buf=1 max_esimd_wg=64 nbarrier=0 esimd_dpas=1
[MUL_MAT] src0 device=0 ptr=0xffffd556b6a09d00 (tensor=blk.1.attn_k.weight layout=0)
[MUL_MAT] dst device=0 ptr=0xffffd55e47ce4000 (tensor=node_58)
[SYCL] weight cache lookup: tensor=0x2f308900 name=blk.1.attn_k.weight device=0
[SYCL][OP] call ggml_sycl_mul_mat done
[DEBUG-IMPL] Node 59/98: op=7 name=Kcur-1
[DEBUG-IMPL] Node 61/98: op=36 name=Kcur-1
[DEBUG-IMPL] Node 62/98: op=49 name=Kcur-1
[SYCL] simple consumer routing declined: op=ROPE dst=Kcur-1 local single-device plan ctx=0 target=0
[SYCL][OP] call ggml_sycl_rope: dst='Kcur-1':type=f32;ne=[128, 2, 64, 1];nb=[4, 512, 1024, 65536]	src0='Kcur-1':type=f32;ne=[128, 2, 64, 1];nb=[4, 512, 1024, 65536]	src1='leaf_7':type=i32;ne=[64, 1, 1, 1];nb=[4, 256, 256, 256]	src2='rope_freqs.weight':type=f32;ne=[64, 1, 1, 1];nb=[4, 256, 256, 256]
ggml_sycl_op_rope: norm path
[SYCL][OP] call ggml_sycl_rope done
[DEBUG-IMPL] Node 63/98: op=37 name=Kcur-1 (view)
[DEBUG-IMPL] Node 64/98: op=42 name=cache_k_l1 (view)
[SYCL] simple consumer routing declined: op=SET_ROWS dst=cache_k_l1 (view) plan unavailable ctx=0
[SYCL][OP] call ggml_sycl_op_set_rows: dst='cache_k_l1 (view)':type=f16;ne=[256, 256, 1, 1];nb=[2, 512, 131072, 131072]	src0='Kcur-1 (view)':type=f32;ne=[256, 64, 1, 1];nb=[4, 1024, 65536, 65536]	src1='leaf_15':type=i64;ne=[64, 1, 1, 1];nb=[8, 512, 512, 512]
[SYCL][OP] call ggml_sycl_op_set_rows done
[DEBUG-IMPL] Node 65/98: op=37 name=Vcur-1 (view)
[DEBUG-IMPL] Node 66/98: op=42 name=cache_v_l1 (view)
[SYCL] simple consumer routing declined: op=SET_ROWS dst=cache_v_l1 (view) plan unavailable ctx=0
[SYCL][OP] call ggml_sycl_op_set_rows: dst='cache_v_l1 (view)':type=f16;ne=[256, 256, 1, 1];nb=[2, 512, 131072, 131072]	src0='Vcur-1 (view)':type=f32;ne=[256, 64, 1, 1];nb=[4, 1024, 65536, 65536]	src1='leaf_17':type=i64;ne=[64, 1, 1, 1];nb=[8, 512, 512, 512]
[SYCL][OP] call ggml_sycl_op_set_rows done
[DEBUG-IMPL] Node 67/98: op=37 name=Qcur-1 (view)
[DEBUG-IMPL] Node 68/98: op=38 name=Qcur-1 (view) (permuted)
[DEBUG-IMPL] Node 69/98: op=34 name=Qcur-1 (view) (permuted) (copy)
[SYCL] simple consumer routing declined: op=CPY dst=Qcur-1 (view) (permuted) (copy) local single-device plan ctx=0 target=0
[SYCL][OP] call ggml_sycl_cpy: dst='Qcur-1 (view) (permuted) (copy)':type=f16;ne=[128, 64, 2, 1];nb=[2, 256, 16384, 32768]	src0='Qcur-1 (view) (permuted)':type=f32;ne=[128, 64, 2, 1];nb=[4, 1024, 512, 65536];strided;permuted
[CPY] device=0 main_stream=0x2b690ec0 tp_queue=(nil) (match=0)
[CPY DEBUG] device=0 src0=Qcur-1 (view) (permuted)(0xffffd55e47cbc000, usm=1) -> src1=Qcur-1 (view) (permuted) (copy)(0xffffd55e47ccc000, usm=1) size=65536
[CPY STAGING CHECK] device=0 needs_staging=0 src0_type=1 dst_is_device=1
[SYCL][OP] call ggml_sycl_cpy done
[DEBUG-IMPL] Node 70/98: op=37 name=cache_k_l1 (view)
[DEBUG-IMPL] Node 71/98: op=38 name=cache_k_l1 (view) (permuted)
[DEBUG-IMPL] Node 72/98: op=37 name=cache_v_l1 (view)
[DEBUG-IMPL] Node 73/98: op=38 name=cache_v_l1 (view) (permuted)
[DEBUG-IMPL] Node 74/98: op=75 name=node_74
[SYCL] simple consumer routing declined: op=FLASH_ATTN_EXT dst=node_74 plan unavailable ctx=0
ggml_sycl_get_data_ptr_slow: tensor=Qcur-1 (view) (permuted) (copy), device=1, rejecting tensor->data=0xffffd55e47ccc000 owned by device 0
ggml_sycl_get_data_ptr_slow: tensor=node_74, device=1, rejecting tensor->data=0xffffd55e47c9c000 owned by device 0
[DEBUG-IMPL] Node 75/98: op=36 name=kqv_out-1
[DEBUG-IMPL] Node 76/98: op=29 name=node_76
[SYCL] simple consumer routing declined: op=MUL_MAT dst=node_76 plan unavailable ctx=0
[DEBUG-MULMAT] ENTER: src0=blk.1.attn_output.weight src1=kqv_out-1 dst=node_76
[SYCL][OP] call ggml_sycl_mul_mat: dst='node_76':type=f32;ne=[256, 64, 1, 1];nb=[4, 1024, 65536, 65536]	src0='blk.1.attn_output.weight':type=f32;ne=[256, 256, 1, 1];nb=[4, 1024, 262144, 262144]	src1='kqv_out-1':type=f32;ne=[256, 64, 1, 1];nb=[4, 1024, 65536, 65536]
[XMXConfig] device=0: M=8 N=16 K_INT8=32 K_FP16=16 SLM=131072 nsm=256 supported=1 int8=1 fp16=1 double_buf=1 max_esimd_wg=64 nbarrier=0 esimd_dpas=1
[MUL_MAT] src0 device=0 ptr=0xffffd556b6a89d00 (tensor=blk.1.attn_output.weight layout=0)
[MUL_MAT] dst device=0 ptr=0xffffd55e47cac000 (tensor=node_76)
[SYCL] weight cache lookup: tensor=0x2f3090d0 name=blk.1.attn_output.weight device=0
[SYCL][OP] call ggml_sycl_mul_mat done
[DEBUG-IMPL] Node 77/98: op=7 name=node_77
[DEBUG-IMPL] Node 79/98: op=40 name=node_79
ggml_sycl_get_data_ptr_slow: tensor=leaf_51, device=0, staging FAILED for non-device (type=0), using tensor->data=0x77ce000c6840
ggml_sycl_get_data_ptr_slow: tensor=leaf_51, device=0, using tensor->data=0x77ce000c6840
[SYCL][OP] call ggml_sycl_get_rows: dst='node_79':type=f32;ne=[256, 64, 1, 1];nb=[4, 1024, 65536, 65536]	src0='attn_out-1':type=f32;ne=[256, 64, 1, 1];nb=[4, 1024, 65536, 65536]	src1='leaf_51':type=i32;ne=[64, 1, 1, 1];nb=[4, 256, 256, 256]
[SYCL] weight cache lookup: tensor=0x3005e1b0 name=attn_out-1 device=0
[SYCL][OP] call ggml_sycl_get_rows done
[DEBUG-IMPL] Node 80/98: op=40 name=node_80
[SYCL][OP] call ggml_sycl_get_rows: dst='node_80':type=f32;ne=[256, 64, 1, 1];nb=[4, 1024, 65536, 65536]	src0='l_out-0':type=f32;ne=[256, 64, 1, 1];nb=[4, 1024, 65536, 65536]	src1='leaf_51':type=i32;ne=[64, 1, 1, 1];nb=[4, 256, 256, 256]
[SYCL] weight cache lookup: tensor=0x3005afb0 name=l_out-0 device=0
[SYCL][OP] call ggml_sycl_get_rows done
[DEBUG-IMPL] Node 81/98: op=2 name=ffn_inp-1
[DEBUG-IMPL] Node 83/98: op=7 name=ffn_norm-1
[SYCL] simple consumer routing declined: op=MUL dst=ffn_norm-1 local single-device plan ctx=0 target=0
[SYCL][OP] call ggml_sycl_mul: dst='ffn_norm-1':type=f32;ne=[256, 64, 1, 1];nb=[4, 1024, 65536, 65536]	src0='norm-1':type=f32;ne=[256, 64, 1, 1];nb=[4, 1024, 65536, 65536]	src1='blk.1.ffn_norm.weight':type=f32;ne=[256, 1, 1, 1];nb=[4, 1024, 1024, 1024]
[BINBCAST-PTR] src0=norm-1 src0_host=0xffffd55e47cac000 src0_d=0xffffd55e47cac000
[BINBCAST-PTR] src1=blk.1.ffn_norm.weight src1_host=0x77cdfff8ca40 src1_d=0xffffd556b68a8100
[SYCL][OP] call ggml_sycl_mul done
[DEBUG-IMPL] Node 84/98: op=29 name=ffn_gate-1
[SYCL] simple consumer routing declined: op=MUL_MAT dst=ffn_gate-1 plan unavailable ctx=0
[DEBUG-MULMAT] ENTER: src0=blk.1.ffn_gate.weight src1=ffn_norm-1 dst=ffn_gate-1
[SYCL][OP] call ggml_sycl_mul_mat: dst='ffn_gate-1':type=f32;ne=[384, 64, 1, 1];nb=[4, 1536, 98304, 98304]	src0='blk.1.ffn_gate.weight':type=f32;ne=[256, 384, 1, 1];nb=[4, 1024, 393216, 393216]	src1='ffn_norm-1':type=f32;ne=[256, 64, 1, 1];nb=[4, 1024, 65536, 65536]
[XMXConfig] device=0: M=8 N=16 K_INT8=32 K_FP16=16 SLM=131072 nsm=256 supported=1 int8=1 fp16=1 double_buf=1 max_esimd_wg=64 nbarrier=0 esimd_dpas=1
[MUL_MAT] src0 device=0 ptr=0xffffd556b6cacc00 (tensor=blk.1.ffn_gate.weight layout=0)
[MUL_MAT] dst device=0 ptr=0xffffd55e47cbc000 (tensor=ffn_gate-1)
[SYCL] weight cache lookup: tensor=0x2f309580 name=blk.1.ffn_gate.weight device=0
[SYCL][OP] call ggml_sycl_mul_mat done
[DEBUG-IMPL] Node 85/98: op=2 name=ffn_gate_b-1
[SYCL] simple consumer routing declined: op=ADD dst=ffn_gate_b-1 local single-device plan ctx=0 target=0
[SYCL-ADD-DBG] ADD dst: name=ffn_gate_b-1 type=f32 op=ADD ne=[384,64,1,1] nb=[4,1536,98304,98304] contig=1 data=0xffffd55e47cbc000 view_src=none view_offs=0 layout_mode=none layout_ptr=(nil) layout_size=0
[SYCL-ADD-DBG] ADD src0: name=ffn_gate-1 type=f32 op=MUL_MAT ne=[384,64,1,1] nb=[4,1536,98304,98304] contig=1 data=0xffffd55e47cbc000 view_src=none view_offs=0 layout_mode=none layout_ptr=(nil) layout_size=0
[SYCL-ADD-DBG] ADD src1: name=blk.1.ffn_gate.bias type=f32 op=NONE ne=[384,1,1,1] nb=[4,1536,1536,1536] contig=1 data=0x77ce000ace40 view_src=none view_offs=0 layout_mode=aos layout_ptr=(nil) layout_size=1536
[SYCL][OP] call ggml_sycl_add: dst='ffn_gate_b-1':type=f32;ne=[384, 64, 1, 1];nb=[4, 1536, 98304, 98304]	src0='ffn_gate-1':type=f32;ne=[384, 64, 1, 1];nb=[4, 1536, 98304, 98304]	src1='blk.1.ffn_gate.bias':type=f32;ne=[384, 1, 1, 1];nb=[4, 1536, 1536, 1536]
[SYCL-ADD-DBG] ADD src0: name=ffn_gate-1 type=f32 ne=[384,64,1,1] nb=[4,1536,98304,98304] contig=1 data=0xffffd55e47cbc000 view_src=none view_offs=0 layout_mode=none layout_ptr=(nil) layout_size=0
[SYCL-ADD-DBG] ADD src1: name=blk.1.ffn_gate.bias type=f32 ne=[384,1,1,1] nb=[4,1536,1536,1536] contig=1 data=0x77ce000ace40 view_src=none view_offs=0 layout_mode=aos layout_ptr=(nil) layout_size=1536
[SYCL-ADD-DBG] ADD dst: name=ffn_gate_b-1 type=f32 ne=[384,64,1,1] nb=[4,1536,98304,98304] contig=1 data=0xffffd55e47cbc000 view_src=none view_offs=0 layout_mode=none layout_ptr=(nil) layout_size=0
[BINBCAST-PTR] src0=ffn_gate-1 src0_host=0xffffd55e47cbc000 src0_d=0xffffd55e47cbc000
[BINBCAST-PTR] src1=blk.1.ffn_gate.bias src1_host=0x77ce000ace40 src1_d=0xffffd556b6d0d200
[SYCL][OP] call ggml_sycl_add done
[DEBUG-IMPL] Node 86/98: op=7 name=ffn_gate_s-1
[SYCL] simple consumer routing declined: op=MUL dst=ffn_gate_s-1 local single-device plan ctx=0 target=0
[SYCL][OP] call ggml_sycl_mul: dst='ffn_gate_s-1':type=f32;ne=[384, 64, 1, 1];nb=[4, 1536, 98304, 98304]	src0='ffn_gate_b-1':type=f32;ne=[384, 64, 1, 1];nb=[4, 1536, 98304, 98304]	src1='blk.1.ffn_gate.scale':type=f32;ne=[1, 1, 1, 1];nb=[4, 4, 4, 4]
[BINBCAST-PTR] src0=ffn_gate_b-1 src0_host=0xffffd55e47cbc000 src0_d=0xffffd55e47cbc000
[BINBCAST-PTR] src1=blk.1.ffn_gate.scale src1_host=0x77ce000ae080 src1_d=0xffffd556b6d0dc00
[SYCL][OP] call ggml_sycl_mul done
[DEBUG-IMPL] Node 87/98: op=29 name=ffn_up-1
[SYCL] simple consumer routing declined: op=MUL_MAT dst=ffn_up-1 plan unavailable ctx=0
[DEBUG-MULMAT] ENTER: src0=blk.1.ffn_up.weight src1=ffn_norm-1 dst=ffn_up-1
[SYCL][OP] call ggml_sycl_mul_mat: dst='ffn_up-1':type=f32;ne=[384, 64, 1, 1];nb=[4, 1536, 98304, 98304]	src0='blk.1.ffn_up.weight':type=f32;ne=[256, 384, 1, 1];nb=[4, 1024, 393216, 393216]	src1='ffn_norm-1':type=f32;ne=[256, 64, 1, 1];nb=[4, 1024, 65536, 65536]
[XMXConfig] device=0: M=8 N=16 K_INT8=32 K_FP16=16 SLM=131072 nsm=256 supported=1 int8=1 fp16=1 double_buf=1 max_esimd_wg=64 nbarrier=0 esimd_dpas=1
[MUL_MAT] src0 device=0 ptr=0xffffd556b6becc00 (tensor=blk.1.ffn_up.weight layout=0)
[MUL_MAT] dst device=0 ptr=0xffffd55e47cd4000 (tensor=ffn_up-1)
[SYCL] weight cache lookup: tensor=0x2f3098a0 name=blk.1.ffn_up.weight device=0
[SYCL][OP] call ggml_sycl_mul_mat done
[DEBUG-IMPL] Node 88/98: op=2 name=ffn_up_b-1
[SYCL] simple consumer routing declined: op=ADD dst=ffn_up_b-1 local single-device plan ctx=0 target=0
[SYCL-ADD-DBG] ADD dst: name=ffn_up_b-1 type=f32 op=ADD ne=[384,64,1,1] nb=[4,1536,98304,98304] contig=1 data=0xffffd55e47cd4000 view_src=none view_offs=0 layout_mode=none layout_ptr=(nil) layout_size=0
[SYCL-ADD-DBG] ADD src0: name=ffn_up-1 type=f32 op=MUL_MAT ne=[384,64,1,1] nb=[4,1536,98304,98304] contig=1 data=0xffffd55e47cd4000 view_src=none view_offs=0 layout_mode=none layout_ptr=(nil) layout_size=0
[SYCL-ADD-DBG] ADD src1: name=blk.1.ffn_up.bias type=f32 op=NONE ne=[384,1,1,1] nb=[4,1536,1536,1536] contig=1 data=0x77ce000ad840 view_src=none view_offs=0 layout_mode=aos layout_ptr=(nil) layout_size=1536
[SYCL][OP] call ggml_sycl_add: dst='ffn_up_b-1':type=f32;ne=[384, 64, 1, 1];nb=[4, 1536, 98304, 98304]	src0='ffn_up-1':type=f32;ne=[384, 64, 1, 1];nb=[4, 1536, 98304, 98304]	src1='blk.1.ffn_up.bias':type=f32;ne=[384, 1, 1, 1];nb=[4, 1536, 1536, 1536]
[SYCL-ADD-DBG] ADD src0: name=ffn_up-1 type=f32 ne=[384,64,1,1] nb=[4,1536,98304,98304] contig=1 data=0xffffd55e47cd4000 view_src=none view_offs=0 layout_mode=none layout_ptr=(nil) layout_size=0
[SYCL-ADD-DBG] ADD src1: name=blk.1.ffn_up.bias type=f32 ne=[384,1,1,1] nb=[4,1536,1536,1536] contig=1 data=0x77ce000ad840 view_src=none view_offs=0 layout_mode=aos layout_ptr=(nil) layout_size=1536
[SYCL-ADD-DBG] ADD dst: name=ffn_up_b-1 type=f32 ne=[384,64,1,1] nb=[4,1536,98304,98304] contig=1 data=0xffffd55e47cd4000 view_src=none view_offs=0 layout_mode=none layout_ptr=(nil) layout_size=0
[BINBCAST-PTR] src0=ffn_up-1 src0_host=0xffffd55e47cd4000 src0_d=0xffffd55e47cd4000
[BINBCAST-PTR] src1=blk.1.ffn_up.bias src1_host=0x77ce000ad840 src1_d=0xffffd556b6d0cc00
[SYCL][OP] call ggml_sycl_add done
[DEBUG-IMPL] Node 89/98: op=7 name=ffn_up_s-1
[SYCL] simple consumer routing declined: op=MUL dst=ffn_up_s-1 local single-device plan ctx=0 target=0
[SYCL][OP] call ggml_sycl_mul: dst='ffn_up_s-1':type=f32;ne=[384, 64, 1, 1];nb=[4, 1536, 98304, 98304]	src0='ffn_up_b-1':type=f32;ne=[384, 64, 1, 1];nb=[4, 1536, 98304, 98304]	src1='blk.1.ffn_up.scale':type=f32;ne=[1, 1, 1, 1];nb=[4, 4, 4, 4]
[BINBCAST-PTR] src0=ffn_up_b-1 src0_host=0xffffd55e47cd4000 src0_d=0xffffd55e47cd4000
[BINBCAST-PTR] src1=blk.1.ffn_up.scale src1_host=0x77ce000ae0c0 src1_d=0xffffd556b6d0de00
[SYCL][OP] call ggml_sycl_mul done
[DEBUG-IMPL] Node 90/98: op=97 name=ffn_swiglu-1
[SYCL] simple consumer routing declined: op=GLU dst=ffn_swiglu-1 local single-device plan ctx=0 target=0
[SYCL][OP] call ggml_sycl_swiglu: dst='ffn_swiglu-1':type=f32;ne=[384, 64, 1, 1];nb=[4, 1536, 98304, 98304]	src0='ffn_gate_s-1':type=f32;ne=[384, 64, 1, 1];nb=[4, 1536, 98304, 98304]
[SYCL][OP] call ggml_sycl_swiglu done
[DEBUG-IMPL] Node 91/98: op=29 name=ffn_down-1
[SYCL] simple consumer routing declined: op=MUL_MAT dst=ffn_down-1 plan unavailable ctx=0
[DEBUG-MULMAT] ENTER: src0=blk.1.ffn_down.weight src1=ffn_swiglu-1 dst=ffn_down-1
[SYCL][OP] call ggml_sycl_mul_mat: dst='ffn_down-1':type=f32;ne=[256, 64, 1, 1];nb=[4, 1024, 65536, 65536]	src0='blk.1.ffn_down.weight':type=f32;ne=[384, 256, 1, 1];nb=[4, 1536, 393216, 393216]	src1='ffn_swiglu-1':type=f32;ne=[384, 64, 1, 1];nb=[4, 1536, 98304, 98304]
[XMXConfig] device=0: M=8 N=16 K_INT8=32 K_FP16=16 SLM=131072 nsm=256 supported=1 int8=1 fp16=1 double_buf=1 max_esimd_wg=64 nbarrier=0 esimd_dpas=1
[MUL_MAT] src0 device=0 ptr=0xffffd556b6c4cc00 (tensor=blk.1.ffn_down.weight layout=0)
[MUL_MAT] dst device=0 ptr=0xffffd55e47cac000 (tensor=ffn_down-1)
[SYCL] weight cache lookup: tensor=0x2f309710 name=blk.1.ffn_down.weight device=0
[SYCL][OP] call ggml_sycl_mul_mat done
[DEBUG-IMPL] Node 92/98: op=2 name=node_92
[SYCL] simple consumer routing declined: op=ADD dst=node_92 local single-device plan ctx=0 target=0
[SYCL-ADD-DBG] ADD dst: name=node_92 type=f32 op=ADD ne=[256,64,1,1] nb=[4,1024,65536,65536] contig=1 data=0xffffd55e47cac000 view_src=none view_offs=0 layout_mode=none layout_ptr=(nil) layout_size=0
[SYCL-ADD-DBG] ADD src0: name=ffn_down-1 type=f32 op=MUL_MAT ne=[256,64,1,1] nb=[4,1024,65536,65536] contig=1 data=0xffffd55e47cac000 view_src=none view_offs=0 layout_mode=none layout_ptr=(nil) layout_size=0
[SYCL-ADD-DBG] ADD src1: name=blk.1.ffn_down.bias type=f32 op=NONE ne=[256,1,1,1] nb=[4,1024,1024,1024] contig=1 data=0x77ce000ad440 view_src=none view_offs=0 layout_mode=aos layout_ptr=(nil) layout_size=1024
[SYCL][OP] call ggml_sycl_add: dst='node_92':type=f32;ne=[256, 64, 1, 1];nb=[4, 1024, 65536, 65536]	src0='ffn_down-1':type=f32;ne=[256, 64, 1, 1];nb=[4, 1024, 65536, 65536]	src1='blk.1.ffn_down.bias':type=f32;ne=[256, 1, 1, 1];nb=[4, 1024, 1024, 1024]
[SYCL-ADD-DBG] ADD src0: name=ffn_down-1 type=f32 ne=[256,64,1,1] nb=[4,1024,65536,65536] contig=1 data=0xffffd55e47cac000 view_src=none view_offs=0 layout_mode=none layout_ptr=(nil) layout_size=0
[SYCL-ADD-DBG] ADD src1: name=blk.1.ffn_down.bias type=f32 ne=[256,1,1,1] nb=[4,1024,1024,1024] contig=1 data=0x77ce000ad440 view_src=none view_offs=0 layout_mode=aos layout_ptr=(nil) layout_size=1024
[SYCL-ADD-DBG] ADD dst: name=node_92 type=f32 ne=[256,64,1,1] nb=[4,1024,65536,65536] contig=1 data=0xffffd55e47cac000 view_src=none view_offs=0 layout_mode=none layout_ptr=(nil) layout_size=0
[BINBCAST-PTR] src0=ffn_down-1 src0_host=0xffffd55e47cac000 src0_d=0xffffd55e47cac000
[BINBCAST-PTR] src1=blk.1.ffn_down.bias src1_host=0x77ce000ad440 src1_d=0xffffd556b6d0d800
[SYCL][OP] call ggml_sycl_add done
[DEBUG-IMPL] Node 93/98: op=7 name=ffn_out-1
[SYCL] simple consumer routing declined: op=MUL dst=ffn_out-1 local single-device plan ctx=0 target=0
[SYCL][OP] call ggml_sycl_mul: dst='ffn_out-1':type=f32;ne=[256, 64, 1, 1];nb=[4, 1024, 65536, 65536]	src0='node_92':type=f32;ne=[256, 64, 1, 1];nb=[4, 1024, 65536, 65536]	src1='blk.1.ffn_down.scale':type=f32;ne=[1, 1, 1, 1];nb=[4, 4, 4, 4]
[BINBCAST-PTR] src0=node_92 src0_host=0xffffd55e47cac000 src0_d=0xffffd55e47cac000
[BINBCAST-PTR] src1=blk.1.ffn_down.scale src1_host=0x77ce000ae0a0 src1_d=0xffffd556b6d0dd00
[SYCL][OP] call ggml_sycl_mul done
[DEBUG-IMPL] Node 94/98: op=2 name=l_out-1
[DEBUG-IMPL] Node 96/98: op=7 name=result_norm
[SYCL] simple consumer routing declined: op=MUL dst=result_norm local single-device plan ctx=0 target=0
[SYCL][OP] call ggml_sycl_mul: dst='result_norm':type=f32;ne=[256, 64, 1, 1];nb=[4, 1024, 65536, 65536]	src0='norm':type=f32;ne=[256, 64, 1, 1];nb=[4, 1024, 65536, 65536]	src1='output_norm.weight':type=f32;ne=[256, 1, 1, 1];nb=[4, 1024, 1024, 1024]
[SYCL-MUL-DBG] device=0 graph_recording=0 dst=result_norm src0=norm src1=output_norm.weight src0_ptr=0xffffd55e47cac000 src1_ptr=0xffffd556b68a7100 dst_ptr=0xffffd55e47cac000 src0_layout=none src1_layout=aos last_graph_event=0 has_barrier=0 exec_graph=0 graph_nodes=0 graph_decode=0
[BINBCAST-PTR] src0=norm src0_host=0xffffd55e47cac000 src0_d=0xffffd55e47cac000
[BINBCAST-PTR] src1=output_norm.weight src1_host=0x77cdffc48940 src1_d=0xffffd556b68a7100
[SYCL][OP] call ggml_sycl_mul done
[DEBUG-IMPL] Node 97/98: op=29 name=result_output
[SYCL] simple consumer routing declined: op=MUL_MAT dst=result_output plan unavailable ctx=0
[DEBUG-MULMAT] ENTER: src0=output.weight src1=result_norm dst=result_output
[SYCL][OP] call ggml_sycl_mul_mat: dst='result_output':type=f32;ne=[128, 64, 1, 1];nb=[4, 512, 32768, 32768]	src0='output.weight':type=f32;ne=[256, 128, 1, 1];nb=[4, 1024, 131072, 131072]	src1='result_norm':type=f32;ne=[256, 64, 1, 1];nb=[4, 1024, 65536, 65536]
[XMXConfig] device=0: M=8 N=16 K_INT8=32 K_FP16=16 SLM=131072 nsm=256 supported=1 int8=1 fp16=1 double_buf=1 max_esimd_wg=64 nbarrier=0 esimd_dpas=1
[SYCL] output.weight dispatch kernel=ONEDNN_AOS layout=0 batch=64
[MUL_MAT] src0 device=0 ptr=0xffffd556b68a8500 (tensor=output.weight layout=0)
[MUL_MAT] dst device=0 ptr=0xffffd55e47c9c000 (tensor=result_output)
[SYCL] weight cache lookup: tensor=0x2f3069c0 name=output.weight device=0
[SYCL][OP] call ggml_sycl_mul_mat done
[SYCL-GRAPH] warmup complete for prompt phase
[GRAPH-UNPIN] Released 0 graph MoE expert mem_handle leases
[GRAPH-UNPIN-WEIGHTS] Released 0 graph weight mem_handle leases
[SYCL] call ggml_backend_sycl_get_tensor_async: tensor='result_output':type=f32;ne=[128, 64, 1, 1];nb=[4, 512, 32768, 32768] size=32768 offset=0
[DEBUG-GRAPH-COMPUTE] ENTER: backend=0x2e4cd150 cgraph=0x3022b348
[DEBUG-GRAPH-COMPUTE] sycl_ctx=0x2f1f89f0 device=0
[MEM-HANDLE] released 0 command-graph retained leases
[POOL-LEG] released 0 graph-retained scratch mem_handles
[SYCL] call ggml_backend_sycl_get_device_memory
[GRAPH-COMPUTE] device 0 arena scratch=512.0/512.0 MB external_free=487.7 MB / total=32656.0 MB
[DEBUG-GRAPH-COMPUTE] Creating lambda...
[MOE-HYBRID] No MUL_MAT_ID nodes found, MoE hybrid disabled
[DEBUG-GRAPH-COMPUTE] Lambda created
[SYCL-GRAPH] call #4: use_sycl_graph=1, async_mem=0, n_nodes=98, has_exec_graph=0
[DEBUG] About to call ggml_sycl_graph_signature cgraph=0x3022b348
[DEBUG-GRAPH-SIG] cgraph=0x3022b348 n_nodes=98 n_leafs=0
[DEBUG] graph_hash=501262221122680916
[DEBUG] Checking graph support for device 0...
[DEBUG] graph_support=1
[GRAPH-PRELOAD-WEIGHTS] planner-authoritative residency active; skipping dense preload
[GRAPH-PRELOAD] Planner active: refreshing MoE pointer tables only
[GRAPH-PRELOAD] Preparing MoE pointer tables for graph (nodes=98 device=0)
[SYCL-GRAPH-STATE] no executable graph cached, will record
[SYCL-GRAPH] skipping graph recording for PP phase
[DEBUG-IMPL] ENTER graph_compute_impl: n_nodes=98, device=0
[DEBUG-IMPL] Starting node loop, n_nodes=98
[DEBUG-IMPL] Node 0/98: op=40 name=embd
ggml_sycl_get_data_ptr_slow: tensor=inp_tokens, device=0, staging FAILED for non-device (type=0), using tensor->data=0x77ce000ae240
ggml_sycl_get_data_ptr_slow: tensor=inp_tokens, device=0, using tensor->data=0x77ce000ae240
[SYCL][OP] call ggml_sycl_get_rows: dst='embd':type=f32;ne=[256, 64, 1, 1];nb=[4, 1024, 65536, 65536]	src0='token_embd.weight':type=f32;ne=[256, 128, 1, 1];nb=[4, 1024, 131072, 131072]	src1='inp_tokens':type=i32;ne=[64, 1, 1, 1];nb=[4, 256, 256, 256]
[SYCL] weight cache lookup: tensor=0x2f3066a0 name=token_embd.weight device=0
[SYCL][OP] call ggml_sycl_get_rows done
[DEBUG-IMPL] Node 1/98: op=25 name=norm-0
[DEBUG-IMPL] Node 3/98: op=29 name=node_3
[SYCL] simple consumer routing declined: op=MUL_MAT dst=node_3 plan unavailable ctx=0
[DEBUG-MULMAT] ENTER: src0=blk.0.attn_q.weight src1=attn_norm-0 dst=node_3
[SYCL][OP] call ggml_sycl_mul_mat: dst='node_3':type=f32;ne=[256, 64, 1, 1];nb=[4, 1024, 65536, 65536]	src0='blk.0.attn_q.weight':type=f32;ne=[256, 256, 1, 1];nb=[4, 1024, 262144, 262144]	src1='attn_norm-0':type=f32;ne=[256, 64, 1, 1];nb=[4, 1024, 65536, 65536]
[XMXConfig] device=0: M=8 N=16 K_INT8=32 K_FP16=16 SLM=131072 nsm=256 supported=1 int8=1 fp16=1 double_buf=1 max_esimd_wg=64 nbarrier=0 esimd_dpas=1
[MUL_MAT] src0 device=0 ptr=0xffffd556b68c8500 (tensor=blk.0.attn_q.weight layout=0)
[MUL_MAT] dst device=0 ptr=0xffffd55e47cbc000 (tensor=node_3)
[SYCL] weight cache lookup: tensor=0x2f306ce0 name=blk.0.attn_q.weight device=0
[SYCL][OP] call ggml_sycl_mul_mat done
[DEBUG-IMPL] Node 4/98: op=7 name=Qcur-0
[DEBUG-IMPL] Node 6/98: op=36 name=Qcur-0
[DEBUG-IMPL] Node 7/98: op=49 name=Qcur-0
ggml_sycl_get_data_ptr_slow: tensor=leaf_7, device=0, staging FAILED for non-device (type=0), using tensor->data=0x77ce000be340
ggml_sycl_get_data_ptr_slow: tensor=leaf_7, device=0, using tensor->data=0x77ce000be340
[SYCL] simple consumer routing declined: op=ROPE dst=Qcur-0 local single-device plan ctx=0 target=0
[SYCL][OP] call ggml_sycl_rope: dst='Qcur-0':type=f32;ne=[128, 2, 64, 1];nb=[4, 512, 1024, 65536]	src0='Qcur-0':type=f32;ne=[128, 2, 64, 1];nb=[4, 512, 1024, 65536]	src1='leaf_7':type=i32;ne=[64, 1, 1, 1];nb=[4, 256, 256, 256]	src2='rope_freqs.weight':type=f32;ne=[64, 1, 1, 1];nb=[4, 256, 256, 256]
ggml_sycl_op_rope: norm path
[SYCL][OP] call ggml_sycl_rope done
[DEBUG-IMPL] Node 8/98: op=29 name=node_8
[SYCL] simple consumer routing declined: op=MUL_MAT dst=node_8 plan unavailable ctx=0
[DEBUG-MULMAT] ENTER: src0=blk.0.attn_v.weight src1=attn_norm-0 dst=node_8
[SYCL][OP] call ggml_sycl_mul_mat: dst='node_8':type=f32;ne=[256, 64, 1, 1];nb=[4, 1024, 65536, 65536]	src0='blk.0.attn_v.weight':type=f32;ne=[256, 256, 1, 1];nb=[4, 1024, 262144, 262144]	src1='attn_norm-0':type=f32;ne=[256, 64, 1, 1];nb=[4, 1024, 65536, 65536]
[XMXConfig] device=0: M=8 N=16 K_INT8=32 K_FP16=16 SLM=131072 nsm=256 supported=1 int8=1 fp16=1 double_buf=1 max_esimd_wg=64 nbarrier=0 esimd_dpas=1
[MUL_MAT] src0 device=0 ptr=0xffffd556b6948500 (tensor=blk.0.attn_v.weight layout=0)
[MUL_MAT] dst device=0 ptr=0xffffd55e47cbc000 (tensor=node_8)
[SYCL] weight cache lookup: tensor=0x2f307000 name=blk.0.attn_v.weight device=0
[SYCL][OP] call ggml_sycl_mul_mat done
[DEBUG-IMPL] Node 9/98: op=7 name=Vcur-0
[DEBUG-IMPL] Node 11/98: op=36 name=Vcur-0
[DEBUG-IMPL] Node 12/98: op=29 name=node_12
[SYCL] simple consumer routing declined: op=MUL_MAT dst=node_12 plan unavailable ctx=0
[DEBUG-MULMAT] ENTER: src0=blk.0.attn_k.weight src1=attn_norm-0 dst=node_12
[SYCL][OP] call ggml_sycl_mul_mat: dst='node_12':type=f32;ne=[256, 64, 1, 1];nb=[4, 1024, 65536, 65536]	src0='blk.0.attn_k.weight':type=f32;ne=[256, 256, 1, 1];nb=[4, 1024, 262144, 262144]	src1='attn_norm-0':type=f32;ne=[256, 64, 1, 1];nb=[4, 1024, 65536, 65536]
[XMXConfig] device=0: M=8 N=16 K_INT8=32 K_FP16=16 SLM=131072 nsm=256 supported=1 int8=1 fp16=1 double_buf=1 max_esimd_wg=64 nbarrier=0 esimd_dpas=1
[MUL_MAT] src0 device=0 ptr=0xffffd556b6908500 (tensor=blk.0.attn_k.weight layout=0)
[MUL_MAT] dst device=0 ptr=0xffffd55e47cdc000 (tensor=node_12)
[SYCL] weight cache lookup: tensor=0x2f306e70 name=blk.0.attn_k.weight device=0
[SYCL][OP] call ggml_sycl_mul_mat done
[DEBUG-IMPL] Node 13/98: op=7 name=Kcur-0
[DEBUG-IMPL] Node 15/98: op=36 name=Kcur-0
[DEBUG-IMPL] Node 16/98: op=49 name=Kcur-0
[SYCL] simple consumer routing declined: op=ROPE dst=Kcur-0 local single-device plan ctx=0 target=0
[SYCL][OP] call ggml_sycl_rope: dst='Kcur-0':type=f32;ne=[128, 2, 64, 1];nb=[4, 512, 1024, 65536]	src0='Kcur-0':type=f32;ne=[128, 2, 64, 1];nb=[4, 512, 1024, 65536]	src1='leaf_7':type=i32;ne=[64, 1, 1, 1];nb=[4, 256, 256, 256]	src2='rope_freqs.weight':type=f32;ne=[64, 1, 1, 1];nb=[4, 256, 256, 256]
ggml_sycl_op_rope: norm path
[SYCL][OP] call ggml_sycl_rope done
[DEBUG-IMPL] Node 17/98: op=37 name=Kcur-0 (view)
[DEBUG-IMPL] Node 18/98: op=42 name=cache_k_l0 (view)
ggml_sycl_get_data_ptr_slow: tensor=leaf_15, device=0, staging FAILED for non-device (type=0), using tensor->data=0x77ce000be440
ggml_sycl_get_data_ptr_slow: tensor=leaf_15, device=0, using tensor->data=0x77ce000be440
[SYCL] simple consumer routing declined: op=SET_ROWS dst=cache_k_l0 (view) plan unavailable ctx=0
[SYCL][OP] call ggml_sycl_op_set_rows: dst='cache_k_l0 (view)':type=f16;ne=[256, 256, 1, 1];nb=[2, 512, 131072, 131072]	src0='Kcur-0 (view)':type=f32;ne=[256, 64, 1, 1];nb=[4, 1024, 65536, 65536]	src1='leaf_15':type=i64;ne=[64, 1, 1, 1];nb=[8, 512, 512, 512]
[SYCL][OP] call ggml_sycl_op_set_rows done
[DEBUG-IMPL] Node 19/98: op=37 name=Vcur-0 (view)
[DEBUG-IMPL] Node 20/98: op=42 name=cache_v_l0 (view)
ggml_sycl_get_data_ptr_slow: tensor=leaf_17, device=0, staging FAILED for non-device (type=0), using tensor->data=0x77ce000be640
ggml_sycl_get_data_ptr_slow: tensor=leaf_17, device=0, using tensor->data=0x77ce000be640
[SYCL] simple consumer routing declined: op=SET_ROWS dst=cache_v_l0 (view) plan unavailable ctx=0
[SYCL][OP] call ggml_sycl_op_set_rows: dst='cache_v_l0 (view)':type=f16;ne=[256, 256, 1, 1];nb=[2, 512, 131072, 131072]	src0='Vcur-0 (view)':type=f32;ne=[256, 64, 1, 1];nb=[4, 1024, 65536, 65536]	src1='leaf_17':type=i64;ne=[64, 1, 1, 1];nb=[8, 512, 512, 512]
[SYCL][OP] call ggml_sycl_op_set_rows done
[DEBUG-IMPL] Node 21/98: op=37 name=Qcur-0 (view)
[DEBUG-IMPL] Node 22/98: op=38 name=Qcur-0 (view) (permuted)
[DEBUG-IMPL] Node 23/98: op=34 name=Qcur-0 (view) (permuted) (copy)
[SYCL] simple consumer routing declined: op=CPY dst=Qcur-0 (view) (permuted) (copy) local single-device plan ctx=0 target=0
[SYCL][OP] call ggml_sycl_cpy: dst='Qcur-0 (view) (permuted) (copy)':type=f16;ne=[128, 64, 2, 1];nb=[2, 256, 16384, 32768]	src0='Qcur-0 (view) (permuted)':type=f32;ne=[128, 64, 2, 1];nb=[4, 1024, 512, 65536];strided;permuted
[CPY] device=0 main_stream=0x2b690ec0 tp_queue=(nil) (match=0)
[CPY DEBUG] device=0 src0=Qcur-0 (view) (permuted)(0xffffd55e47ccc000, usm=1) -> src1=Qcur-0 (view) (permuted) (copy)(0xffffd55e47cac000, usm=1) size=65536
[CPY STAGING CHECK] device=0 needs_staging=0 src0_type=1 dst_is_device=1
[SYCL][OP] call ggml_sycl_cpy done
[DEBUG-IMPL] Node 24/98: op=37 name=cache_k_l0 (view)
[DEBUG-IMPL] Node 25/98: op=38 name=cache_k_l0 (view) (permuted)
[DEBUG-IMPL] Node 26/98: op=37 name=cache_v_l0 (view)
[DEBUG-IMPL] Node 27/98: op=38 name=cache_v_l0 (view) (permuted)
[DEBUG-IMPL] Node 28/98: op=75 name=node_28
ggml_sycl_get_data_ptr_slow: tensor=attn_inp_kq_mask, device=0, staging FAILED for non-device (type=0), using tensor->data=0x77ce000be840
ggml_sycl_get_data_ptr_slow: tensor=attn_inp_kq_mask, device=0, using tensor->data=0x77ce000be840
[SYCL] simple consumer routing declined: op=FLASH_ATTN_EXT dst=node_28 plan unavailable ctx=0
ggml_sycl_get_data_ptr_slow: tensor=Qcur-0 (view) (permuted) (copy), device=1, rejecting tensor->data=0xffffd55e47cac000 owned by device 0
ggml_sycl_get_data_ptr_slow: tensor=node_28, device=1, rejecting tensor->data=0xffffd55e47cb4000 owned by device 0
[DEBUG-IMPL] Node 29/98: op=36 name=kqv_out-0
[DEBUG-IMPL] Node 30/98: op=29 name=node_30
[SYCL] simple consumer routing declined: op=MUL_MAT dst=node_30 plan unavailable ctx=0
[DEBUG-MULMAT] ENTER: src0=blk.0.attn_output.weight src1=kqv_out-0 dst=node_30
[SYCL][OP] call ggml_sycl_mul_mat: dst='node_30':type=f32;ne=[256, 64, 1, 1];nb=[4, 1024, 65536, 65536]	src0='blk.0.attn_output.weight':type=f32;ne=[256, 256, 1, 1];nb=[4, 1024, 262144, 262144]	src1='kqv_out-0':type=f32;ne=[256, 64, 1, 1];nb=[4, 1024, 65536, 65536]
[XMXConfig] device=0: M=8 N=16 K_INT8=32 K_FP16=16 SLM=131072 nsm=256 supported=1 int8=1 fp16=1 double_buf=1 max_esimd_wg=64 nbarrier=0 esimd_dpas=1
[MUL_MAT] src0 device=0 ptr=0xffffd556b6988500 (tensor=blk.0.attn_output.weight layout=0)
[MUL_MAT] dst device=0 ptr=0xffffd55e47cc4000 (tensor=node_30)
[SYCL] weight cache lookup: tensor=0x2f307640 name=blk.0.attn_output.weight device=0
[SYCL][OP] call ggml_sycl_mul_mat done
[DEBUG-IMPL] Node 31/98: op=7 name=node_31
[DEBUG-IMPL] Node 33/98: op=2 name=ffn_inp-0
[DEBUG-IMPL] Node 35/98: op=7 name=ffn_norm-0
[SYCL] simple consumer routing declined: op=MUL dst=ffn_norm-0 local single-device plan ctx=0 target=0
[SYCL][OP] call ggml_sycl_mul: dst='ffn_norm-0':type=f32;ne=[256, 64, 1, 1];nb=[4, 1024, 65536, 65536]	src0='norm-0':type=f32;ne=[256, 64, 1, 1];nb=[4, 1024, 65536, 65536]	src1='blk.0.ffn_norm.weight':type=f32;ne=[256, 1, 1, 1];nb=[4, 1024, 1024, 1024]
[BINBCAST-PTR] src0=norm-0 src0_host=0xffffd55e47c9c000 src0_d=0xffffd55e47c9c000
[BINBCAST-PTR] src1=blk.0.ffn_norm.weight src1_host=0x77cdffd6a140 src1_d=0xffffd556b68a7900
[SYCL][OP] call ggml_sycl_mul done
[DEBUG-IMPL] Node 36/98: op=29 name=ffn_gate-0
[SYCL] simple consumer routing declined: op=MUL_MAT dst=ffn_gate-0 plan unavailable ctx=0
[DEBUG-MULMAT] ENTER: src0=blk.0.ffn_gate.weight src1=ffn_norm-0 dst=ffn_gate-0
[SYCL][OP] call ggml_sycl_mul_mat: dst='ffn_gate-0':type=f32;ne=[384, 64, 1, 1];nb=[4, 1536, 98304, 98304]	src0='blk.0.ffn_gate.weight':type=f32;ne=[256, 384, 1, 1];nb=[4, 1024, 393216, 393216]	src1='ffn_norm-0':type=f32;ne=[256, 64, 1, 1];nb=[4, 1024, 65536, 65536]
[XMXConfig] device=0: M=8 N=16 K_INT8=32 K_FP16=16 SLM=131072 nsm=256 supported=1 int8=1 fp16=1 double_buf=1 max_esimd_wg=64 nbarrier=0 esimd_dpas=1
[MUL_MAT] src0 device=0 ptr=0xffffd556b6acb600 (tensor=blk.0.ffn_gate.weight layout=0)
[MUL_MAT] dst device=0 ptr=0xffffd55e47cac000 (tensor=ffn_gate-0)
[SYCL] weight cache lookup: tensor=0x2f307c80 name=blk.0.ffn_gate.weight device=0
[SYCL][OP] call ggml_sycl_mul_mat done
[DEBUG-IMPL] Node 37/98: op=2 name=ffn_gate_b-0
[SYCL] simple consumer routing declined: op=ADD dst=ffn_gate_b-0 local single-device plan ctx=0 target=0
[SYCL-ADD-DBG] ADD dst: name=ffn_gate_b-0 type=f32 op=ADD ne=[384,64,1,1] nb=[4,1536,98304,98304] contig=1 data=0xffffd55e47cac000 view_src=none view_offs=0 layout_mode=none layout_ptr=(nil) layout_size=0
[SYCL-ADD-DBG] ADD src0: name=ffn_gate-0 type=f32 op=MUL_MAT ne=[384,64,1,1] nb=[4,1536,98304,98304] contig=1 data=0xffffd55e47cac000 view_src=none view_offs=0 layout_mode=none layout_ptr=(nil) layout_size=0
[SYCL-ADD-DBG] ADD src1: name=blk.0.ffn_gate.bias type=f32 op=NONE ne=[384,1,1,1] nb=[4,1536,1536,1536] contig=1 data=0x77cdffe8a640 view_src=none view_offs=0 layout_mode=aos layout_ptr=(nil) layout_size=1536
[SYCL][OP] call ggml_sycl_add: dst='ffn_gate_b-0':type=f32;ne=[384, 64, 1, 1];nb=[4, 1536, 98304, 98304]	src0='ffn_gate-0':type=f32;ne=[384, 64, 1, 1];nb=[4, 1536, 98304, 98304]	src1='blk.0.ffn_gate.bias':type=f32;ne=[384, 1, 1, 1];nb=[4, 1536, 1536, 1536]
[SYCL-ADD-DBG] ADD src0: name=ffn_gate-0 type=f32 ne=[384,64,1,1] nb=[4,1536,98304,98304] contig=1 data=0xffffd55e47cac000 view_src=none view_offs=0 layout_mode=none layout_ptr=(nil) layout_size=0
[SYCL-ADD-DBG] ADD src1: name=blk.0.ffn_gate.bias type=f32 ne=[384,1,1,1] nb=[4,1536,1536,1536] contig=1 data=0x77cdffe8a640 view_src=none view_offs=0 layout_mode=aos layout_ptr=(nil) layout_size=1536
[SYCL-ADD-DBG] ADD dst: name=ffn_gate_b-0 type=f32 ne=[384,64,1,1] nb=[4,1536,98304,98304] contig=1 data=0xffffd55e47cac000 view_src=none view_offs=0 layout_mode=none layout_ptr=(nil) layout_size=0
[BINBCAST-PTR] src0=ffn_gate-0 src0_host=0xffffd55e47cac000 src0_d=0xffffd55e47cac000
[BINBCAST-PTR] src1=blk.0.ffn_gate.bias src1_host=0x77cdffe8a640 src1_d=0xffffd556b6beb600
[SYCL][OP] call ggml_sycl_add done
[DEBUG-IMPL] Node 38/98: op=7 name=ffn_gate_s-0
[SYCL] simple consumer routing declined: op=MUL dst=ffn_gate_s-0 local single-device plan ctx=0 target=0
[SYCL][OP] call ggml_sycl_mul: dst='ffn_gate_s-0':type=f32;ne=[384, 64, 1, 1];nb=[4, 1536, 98304, 98304]	src0='ffn_gate_b-0':type=f32;ne=[384, 64, 1, 1];nb=[4, 1536, 98304, 98304]	src1='blk.0.ffn_gate.scale':type=f32;ne=[1, 1, 1, 1];nb=[4, 4, 4, 4]
[BINBCAST-PTR] src0=ffn_gate_b-0 src0_host=0xffffd55e47cac000 src0_d=0xffffd55e47cac000
[BINBCAST-PTR] src1=blk.0.ffn_gate.scale src1_host=0x77ce000adec0 src1_d=0xffffd556b6bec600
[SYCL][OP] call ggml_sycl_mul done
[DEBUG-IMPL] Node 39/98: op=29 name=ffn_up-0
[SYCL] simple consumer routing declined: op=MUL_MAT dst=ffn_up-0 plan unavailable ctx=0
[DEBUG-MULMAT] ENTER: src0=blk.0.ffn_up.weight src1=ffn_norm-0 dst=ffn_up-0
[SYCL][OP] call ggml_sycl_mul_mat: dst='ffn_up-0':type=f32;ne=[384, 64, 1, 1];nb=[4, 1536, 98304, 98304]	src0='blk.0.ffn_up.weight':type=f32;ne=[256, 384, 1, 1];nb=[4, 1024, 393216, 393216]	src1='ffn_norm-0':type=f32;ne=[256, 64, 1, 1];nb=[4, 1024, 65536, 65536]
[XMXConfig] device=0: M=8 N=16 K_INT8=32 K_FP16=16 SLM=131072 nsm=256 supported=1 int8=1 fp16=1 double_buf=1 max_esimd_wg=64 nbarrier=0 esimd_dpas=1
[MUL_MAT] src0 device=0 ptr=0xffffd556b6b8b600 (tensor=blk.0.ffn_up.weight layout=0)
[MUL_MAT] dst device=0 ptr=0xffffd55e47cd4000 (tensor=ffn_up-0)
[SYCL] weight cache lookup: tensor=0x2f307fa0 name=blk.0.ffn_up.weight device=0
[SYCL][OP] call ggml_sycl_mul_mat done
[DEBUG-IMPL] Node 40/98: op=2 name=ffn_up_b-0
[SYCL] simple consumer routing declined: op=ADD dst=ffn_up_b-0 local single-device plan ctx=0 target=0
[SYCL-ADD-DBG] ADD dst: name=ffn_up_b-0 type=f32 op=ADD ne=[384,64,1,1] nb=[4,1536,98304,98304] contig=1 data=0xffffd55e47cd4000 view_src=none view_offs=0 layout_mode=none layout_ptr=(nil) layout_size=0
[SYCL-ADD-DBG] ADD src0: name=ffn_up-0 type=f32 op=MUL_MAT ne=[384,64,1,1] nb=[4,1536,98304,98304] contig=1 data=0xffffd55e47cd4000 view_src=none view_offs=0 layout_mode=none layout_ptr=(nil) layout_size=0
[SYCL-ADD-DBG] ADD src1: name=blk.0.ffn_up.bias type=f32 op=NONE ne=[384,1,1,1] nb=[4,1536,1536,1536] contig=1 data=0x77cdffe8b040 view_src=none view_offs=0 layout_mode=aos layout_ptr=(nil) layout_size=1536
[SYCL][OP] call ggml_sycl_add: dst='ffn_up_b-0':type=f32;ne=[384, 64, 1, 1];nb=[4, 1536, 98304, 98304]	src0='ffn_up-0':type=f32;ne=[384, 64, 1, 1];nb=[4, 1536, 98304, 98304]	src1='blk.0.ffn_up.bias':type=f32;ne=[384, 1, 1, 1];nb=[4, 1536, 1536, 1536]
[SYCL-ADD-DBG] ADD src0: name=ffn_up-0 type=f32 ne=[384,64,1,1] nb=[4,1536,98304,98304] contig=1 data=0xffffd55e47cd4000 view_src=none view_offs=0 layout_mode=none layout_ptr=(nil) layout_size=0
[SYCL-ADD-DBG] ADD src1: name=blk.0.ffn_up.bias type=f32 ne=[384,1,1,1] nb=[4,1536,1536,1536] contig=1 data=0x77cdffe8b040 view_src=none view_offs=0 layout_mode=aos layout_ptr=(nil) layout_size=1536
[SYCL-ADD-DBG] ADD dst: name=ffn_up_b-0 type=f32 ne=[384,64,1,1] nb=[4,1536,98304,98304] contig=1 data=0xffffd55e47cd4000 view_src=none view_offs=0 layout_mode=none layout_ptr=(nil) layout_size=0
[BINBCAST-PTR] src0=ffn_up-0 src0_host=0xffffd55e47cd4000 src0_d=0xffffd55e47cd4000
[BINBCAST-PTR] src1=blk.0.ffn_up.bias src1_host=0x77cdffe8b040 src1_d=0xffffd556b6bebc00
[SYCL][OP] call ggml_sycl_add done
[DEBUG-IMPL] Node 41/98: op=7 name=ffn_up_s-0
[SYCL] simple consumer routing declined: op=MUL dst=ffn_up_s-0 local single-device plan ctx=0 target=0
[SYCL][OP] call ggml_sycl_mul: dst='ffn_up_s-0':type=f32;ne=[384, 64, 1, 1];nb=[4, 1536, 98304, 98304]	src0='ffn_up_b-0':type=f32;ne=[384, 64, 1, 1];nb=[4, 1536, 98304, 98304]	src1='blk.0.ffn_up.scale':type=f32;ne=[1, 1, 1, 1];nb=[4, 4, 4, 4]
[BINBCAST-PTR] src0=ffn_up_b-0 src0_host=0xffffd55e47cd4000 src0_d=0xffffd55e47cd4000
[BINBCAST-PTR] src1=blk.0.ffn_up.scale src1_host=0x77ce000adf00 src1_d=0xffffd556b6beca00
[SYCL][OP] call ggml_sycl_mul done
[DEBUG-IMPL] Node 42/98: op=97 name=ffn_swiglu-0
[SYCL] simple consumer routing declined: op=GLU dst=ffn_swiglu-0 local single-device plan ctx=0 target=0
[SYCL][OP] call ggml_sycl_swiglu: dst='ffn_swiglu-0':type=f32;ne=[384, 64, 1, 1];nb=[4, 1536, 98304, 98304]	src0='ffn_gate_s-0':type=f32;ne=[384, 64, 1, 1];nb=[4, 1536, 98304, 98304]
[SYCL][OP] call ggml_sycl_swiglu done
[DEBUG-IMPL] Node 43/98: op=29 name=ffn_down-0
[SYCL] simple consumer routing declined: op=MUL_MAT dst=ffn_down-0 plan unavailable ctx=0
[DEBUG-MULMAT] ENTER: src0=blk.0.ffn_down.weight src1=ffn_swiglu-0 dst=ffn_down-0
[SYCL][OP] call ggml_sycl_mul_mat: dst='ffn_down-0':type=f32;ne=[256, 64, 1, 1];nb=[4, 1024, 65536, 65536]	src0='blk.0.ffn_down.weight':type=f32;ne=[384, 256, 1, 1];nb=[4, 1536, 393216, 393216]	src1='ffn_swiglu-0':type=f32;ne=[384, 64, 1, 1];nb=[4, 1536, 98304, 98304]
[XMXConfig] device=0: M=8 N=16 K_INT8=32 K_FP16=16 SLM=131072 nsm=256 supported=1 int8=1 fp16=1 double_buf=1 max_esimd_wg=64 nbarrier=0 esimd_dpas=1
[MUL_MAT] src0 device=0 ptr=0xffffd556b6b2b600 (tensor=blk.0.ffn_down.weight layout=0)
[MUL_MAT] dst device=0 ptr=0xffffd55e47cd4000 (tensor=ffn_down-0)
[SYCL] weight cache lookup: tensor=0x2f307e10 name=blk.0.ffn_down.weight device=0
[SYCL][OP] call ggml_sycl_mul_mat done
[DEBUG-IMPL] Node 44/98: op=2 name=node_44
[SYCL] simple consumer routing declined: op=ADD dst=node_44 local single-device plan ctx=0 target=0
[SYCL-ADD-DBG] ADD dst: name=node_44 type=f32 op=ADD ne=[256,64,1,1] nb=[4,1024,65536,65536] contig=1 data=0xffffd55e47cd4000 view_src=none view_offs=0 layout_mode=none layout_ptr=(nil) layout_size=0
[SYCL-ADD-DBG] ADD src0: name=ffn_down-0 type=f32 op=MUL_MAT ne=[256,64,1,1] nb=[4,1024,65536,65536] contig=1 data=0xffffd55e47cd4000 view_src=none view_offs=0 layout_mode=none layout_ptr=(nil) layout_size=0
[SYCL-ADD-DBG] ADD src1: name=blk.0.ffn_down.bias type=f32 op=NONE ne=[256,1,1,1] nb=[4,1024,1024,1024] contig=1 data=0x77cdffe8ac40 view_src=none view_offs=0 layout_mode=aos layout_ptr=(nil) layout_size=1024
[SYCL][OP] call ggml_sycl_add: dst='node_44':type=f32;ne=[256, 64, 1, 1];nb=[4, 1024, 65536, 65536]	src0='ffn_down-0':type=f32;ne=[256, 64, 1, 1];nb=[4, 1024, 65536, 65536]	src1='blk.0.ffn_down.bias':type=f32;ne=[256, 1, 1, 1];nb=[4, 1024, 1024, 1024]
[SYCL-ADD-DBG] ADD src0: name=ffn_down-0 type=f32 ne=[256,64,1,1] nb=[4,1024,65536,65536] contig=1 data=0xffffd55e47cd4000 view_src=none view_offs=0 layout_mode=none layout_ptr=(nil) layout_size=0
[SYCL-ADD-DBG] ADD src1: name=blk.0.ffn_down.bias type=f32 ne=[256,1,1,1] nb=[4,1024,1024,1024] contig=1 data=0x77cdffe8ac40 view_src=none view_offs=0 layout_mode=aos layout_ptr=(nil) layout_size=1024
[SYCL-ADD-DBG] ADD dst: name=node_44 type=f32 ne=[256,64,1,1] nb=[4,1024,65536,65536] contig=1 data=0xffffd55e47cd4000 view_src=none view_offs=0 layout_mode=none layout_ptr=(nil) layout_size=0
[BINBCAST-PTR] src0=ffn_down-0 src0_host=0xffffd55e47cd4000 src0_d=0xffffd55e47cd4000
[BINBCAST-PTR] src1=blk.0.ffn_down.bias src1_host=0x77cdffe8ac40 src1_d=0xffffd556b6bec200
[SYCL][OP] call ggml_sycl_add done
[DEBUG-IMPL] Node 45/98: op=7 name=ffn_out-0
[SYCL] simple consumer routing declined: op=MUL dst=ffn_out-0 local single-device plan ctx=0 target=0
[SYCL][OP] call ggml_sycl_mul: dst='ffn_out-0':type=f32;ne=[256, 64, 1, 1];nb=[4, 1024, 65536, 65536]	src0='node_44':type=f32;ne=[256, 64, 1, 1];nb=[4, 1024, 65536, 65536]	src1='blk.0.ffn_down.scale':type=f32;ne=[1, 1, 1, 1];nb=[4, 4, 4, 4]
[BINBCAST-PTR] src0=node_44 src0_host=0xffffd55e47cd4000 src0_d=0xffffd55e47cd4000
[BINBCAST-PTR] src1=blk.0.ffn_down.scale src1_host=0x77ce000adee0 src1_d=0xffffd556b6becb00
[SYCL][OP] call ggml_sycl_mul done
[DEBUG-IMPL] Node 46/98: op=2 name=l_out-0
[DEBUG-IMPL] Node 48/98: op=7 name=attn_norm-1
[SYCL] simple consumer routing declined: op=MUL dst=attn_norm-1 local single-device plan ctx=0 target=0
[SYCL][OP] call ggml_sycl_mul: dst='attn_norm-1':type=f32;ne=[256, 64, 1, 1];nb=[4, 1024, 65536, 65536]	src0='norm-1':type=f32;ne=[256, 64, 1, 1];nb=[4, 1024, 65536, 65536]	src1='blk.1.attn_norm.weight':type=f32;ne=[256, 1, 1, 1];nb=[4, 1024, 1024, 1024]
[BINBCAST-PTR] src0=norm-1 src0_host=0xffffd55e47c9c000 src0_d=0xffffd55e47c9c000
[BINBCAST-PTR] src1=blk.1.attn_norm.weight src1_host=0x77cdffe8b640 src1_d=0xffffd556b68a7d00
[SYCL][OP] call ggml_sycl_mul done
[DEBUG-IMPL] Node 49/98: op=29 name=node_49
[SYCL] simple consumer routing declined: op=MUL_MAT dst=node_49 plan unavailable ctx=0
[DEBUG-MULMAT] ENTER: src0=blk.1.attn_q.weight src1=attn_norm-1 dst=node_49
[SYCL][OP] call ggml_sycl_mul_mat: dst='node_49':type=f32;ne=[256, 64, 1, 1];nb=[4, 1024, 65536, 65536]	src0='blk.1.attn_q.weight':type=f32;ne=[256, 256, 1, 1];nb=[4, 1024, 262144, 262144]	src1='attn_norm-1':type=f32;ne=[256, 64, 1, 1];nb=[4, 1024, 65536, 65536]
[XMXConfig] device=0: M=8 N=16 K_INT8=32 K_FP16=16 SLM=131072 nsm=256 supported=1 int8=1 fp16=1 double_buf=1 max_esimd_wg=64 nbarrier=0 esimd_dpas=1
[MUL_MAT] src0 device=0 ptr=0xffffd556b69c9d00 (tensor=blk.1.attn_q.weight layout=0)
[MUL_MAT] dst device=0 ptr=0xffffd55e47cac000 (tensor=node_49)
[SYCL] weight cache lookup: tensor=0x2f308770 name=blk.1.attn_q.weight device=0
[SYCL][OP] call ggml_sycl_mul_mat done
[DEBUG-IMPL] Node 50/98: op=7 name=Qcur-1
[DEBUG-IMPL] Node 52/98: op=36 name=Qcur-1
[DEBUG-IMPL] Node 53/98: op=49 name=Qcur-1
[SYCL] simple consumer routing declined: op=ROPE dst=Qcur-1 local single-device plan ctx=0 target=0
[SYCL][OP] call ggml_sycl_rope: dst='Qcur-1':type=f32;ne=[128, 2, 64, 1];nb=[4, 512, 1024, 65536]	src0='Qcur-1':type=f32;ne=[128, 2, 64, 1];nb=[4, 512, 1024, 65536]	src1='leaf_7':type=i32;ne=[64, 1, 1, 1];nb=[4, 256, 256, 256]	src2='rope_freqs.weight':type=f32;ne=[64, 1, 1, 1];nb=[4, 256, 256, 256]
ggml_sycl_op_rope: norm path
[SYCL][OP] call ggml_sycl_rope done
[DEBUG-IMPL] Node 54/98: op=29 name=node_54
[SYCL] simple consumer routing declined: op=MUL_MAT dst=node_54 plan unavailable ctx=0
[DEBUG-MULMAT] ENTER: src0=blk.1.attn_v.weight src1=attn_norm-1 dst=node_54
[SYCL][OP] call ggml_sycl_mul_mat: dst='node_54':type=f32;ne=[256, 64, 1, 1];nb=[4, 1024, 65536, 65536]	src0='blk.1.attn_v.weight':type=f32;ne=[256, 256, 1, 1];nb=[4, 1024, 262144, 262144]	src1='attn_norm-1':type=f32;ne=[256, 64, 1, 1];nb=[4, 1024, 65536, 65536]
[XMXConfig] device=0: M=8 N=16 K_INT8=32 K_FP16=16 SLM=131072 nsm=256 supported=1 int8=1 fp16=1 double_buf=1 max_esimd_wg=64 nbarrier=0 esimd_dpas=1
[MUL_MAT] src0 device=0 ptr=0xffffd556b6a49d00 (tensor=blk.1.attn_v.weight layout=0)
[MUL_MAT] dst device=0 ptr=0xffffd55e47cac000 (tensor=node_54)
[SYCL] weight cache lookup: tensor=0x2f308a90 name=blk.1.attn_v.weight device=0
[SYCL][OP] call ggml_sycl_mul_mat done
[DEBUG-IMPL] Node 55/98: op=7 name=Vcur-1
[DEBUG-IMPL] Node 57/98: op=36 name=Vcur-1
[DEBUG-IMPL] Node 58/98: op=29 name=node_58
[SYCL] simple consumer routing declined: op=MUL_MAT dst=node_58 plan unavailable ctx=0
[DEBUG-MULMAT] ENTER: src0=blk.1.attn_k.weight src1=attn_norm-1 dst=node_58
[SYCL][OP] call ggml_sycl_mul_mat: dst='node_58':type=f32;ne=[256, 64, 1, 1];nb=[4, 1024, 65536, 65536]	src0='blk.1.attn_k.weight':type=f32;ne=[256, 256, 1, 1];nb=[4, 1024, 262144, 262144]	src1='attn_norm-1':type=f32;ne=[256, 64, 1, 1];nb=[4, 1024, 65536, 65536]
[XMXConfig] device=0: M=8 N=16 K_INT8=32 K_FP16=16 SLM=131072 nsm=256 supported=1 int8=1 fp16=1 double_buf=1 max_esimd_wg=64 nbarrier=0 esimd_dpas=1
[MUL_MAT] src0 device=0 ptr=0xffffd556b6a09d00 (tensor=blk.1.attn_k.weight layout=0)
[MUL_MAT] dst device=0 ptr=0xffffd55e47ce4000 (tensor=node_58)
[SYCL] weight cache lookup: tensor=0x2f308900 name=blk.1.attn_k.weight device=0
[SYCL][OP] call ggml_sycl_mul_mat done
[DEBUG-IMPL] Node 59/98: op=7 name=Kcur-1
[DEBUG-IMPL] Node 61/98: op=36 name=Kcur-1
[DEBUG-IMPL] Node 62/98: op=49 name=Kcur-1
[SYCL] simple consumer routing declined: op=ROPE dst=Kcur-1 local single-device plan ctx=0 target=0
[SYCL][OP] call ggml_sycl_rope: dst='Kcur-1':type=f32;ne=[128, 2, 64, 1];nb=[4, 512, 1024, 65536]	src0='Kcur-1':type=f32;ne=[128, 2, 64, 1];nb=[4, 512, 1024, 65536]	src1='leaf_7':type=i32;ne=[64, 1, 1, 1];nb=[4, 256, 256, 256]	src2='rope_freqs.weight':type=f32;ne=[64, 1, 1, 1];nb=[4, 256, 256, 256]
ggml_sycl_op_rope: norm path
[SYCL][OP] call ggml_sycl_rope done
[DEBUG-IMPL] Node 63/98: op=37 name=Kcur-1 (view)
[DEBUG-IMPL] Node 64/98: op=42 name=cache_k_l1 (view)
[SYCL] simple consumer routing declined: op=SET_ROWS dst=cache_k_l1 (view) plan unavailable ctx=0
[SYCL][OP] call ggml_sycl_op_set_rows: dst='cache_k_l1 (view)':type=f16;ne=[256, 256, 1, 1];nb=[2, 512, 131072, 131072]	src0='Kcur-1 (view)':type=f32;ne=[256, 64, 1, 1];nb=[4, 1024, 65536, 65536]	src1='leaf_15':type=i64;ne=[64, 1, 1, 1];nb=[8, 512, 512, 512]
[SYCL][OP] call ggml_sycl_op_set_rows done
[DEBUG-IMPL] Node 65/98: op=37 name=Vcur-1 (view)
[DEBUG-IMPL] Node 66/98: op=42 name=cache_v_l1 (view)
[SYCL] simple consumer routing declined: op=SET_ROWS dst=cache_v_l1 (view) plan unavailable ctx=0
[SYCL][OP] call ggml_sycl_op_set_rows: dst='cache_v_l1 (view)':type=f16;ne=[256, 256, 1, 1];nb=[2, 512, 131072, 131072]	src0='Vcur-1 (view)':type=f32;ne=[256, 64, 1, 1];nb=[4, 1024, 65536, 65536]	src1='leaf_17':type=i64;ne=[64, 1, 1, 1];nb=[8, 512, 512, 512]
[SYCL][OP] call ggml_sycl_op_set_rows done
[DEBUG-IMPL] Node 67/98: op=37 name=Qcur-1 (view)
[DEBUG-IMPL] Node 68/98: op=38 name=Qcur-1 (view) (permuted)
[DEBUG-IMPL] Node 69/98: op=34 name=Qcur-1 (view) (permuted) (copy)
[SYCL] simple consumer routing declined: op=CPY dst=Qcur-1 (view) (permuted) (copy) local single-device plan ctx=0 target=0
[SYCL][OP] call ggml_sycl_cpy: dst='Qcur-1 (view) (permuted) (copy)':type=f16;ne=[128, 64, 2, 1];nb=[2, 256, 16384, 32768]	src0='Qcur-1 (view) (permuted)':type=f32;ne=[128, 64, 2, 1];nb=[4, 1024, 512, 65536];strided;permuted
[CPY] device=0 main_stream=0x2b690ec0 tp_queue=(nil) (match=0)
[CPY DEBUG] device=0 src0=Qcur-1 (view) (permuted)(0xffffd55e47cbc000, usm=1) -> src1=Qcur-1 (view) (permuted) (copy)(0xffffd55e47ccc000, usm=1) size=65536
[CPY STAGING CHECK] device=0 needs_staging=0 src0_type=1 dst_is_device=1
[SYCL][OP] call ggml_sycl_cpy done
[DEBUG-IMPL] Node 70/98: op=37 name=cache_k_l1 (view)
[DEBUG-IMPL] Node 71/98: op=38 name=cache_k_l1 (view) (permuted)
[DEBUG-IMPL] Node 72/98: op=37 name=cache_v_l1 (view)
[DEBUG-IMPL] Node 73/98: op=38 name=cache_v_l1 (view) (permuted)
[DEBUG-IMPL] Node 74/98: op=75 name=node_74
[SYCL] simple consumer routing declined: op=FLASH_ATTN_EXT dst=node_74 plan unavailable ctx=0
ggml_sycl_get_data_ptr_slow: tensor=Qcur-1 (view) (permuted) (copy), device=1, rejecting tensor->data=0xffffd55e47ccc000 owned by device 0
ggml_sycl_get_data_ptr_slow: tensor=node_74, device=1, rejecting tensor->data=0xffffd55e47c9c000 owned by device 0
[DEBUG-IMPL] Node 75/98: op=36 name=kqv_out-1
[DEBUG-IMPL] Node 76/98: op=29 name=node_76
[SYCL] simple consumer routing declined: op=MUL_MAT dst=node_76 plan unavailable ctx=0
[DEBUG-MULMAT] ENTER: src0=blk.1.attn_output.weight src1=kqv_out-1 dst=node_76
[SYCL][OP] call ggml_sycl_mul_mat: dst='node_76':type=f32;ne=[256, 64, 1, 1];nb=[4, 1024, 65536, 65536]	src0='blk.1.attn_output.weight':type=f32;ne=[256, 256, 1, 1];nb=[4, 1024, 262144, 262144]	src1='kqv_out-1':type=f32;ne=[256, 64, 1, 1];nb=[4, 1024, 65536, 65536]
[XMXConfig] device=0: M=8 N=16 K_INT8=32 K_FP16=16 SLM=131072 nsm=256 supported=1 int8=1 fp16=1 double_buf=1 max_esimd_wg=64 nbarrier=0 esimd_dpas=1
[MUL_MAT] src0 device=0 ptr=0xffffd556b6a89d00 (tensor=blk.1.attn_output.weight layout=0)
[MUL_MAT] dst device=0 ptr=0xffffd55e47cac000 (tensor=node_76)
[SYCL] weight cache lookup: tensor=0x2f3090d0 name=blk.1.attn_output.weight device=0
[SYCL][OP] call ggml_sycl_mul_mat done
[DEBUG-IMPL] Node 77/98: op=7 name=node_77
[DEBUG-IMPL] Node 79/98: op=40 name=node_79
ggml_sycl_get_data_ptr_slow: tensor=leaf_51, device=0, staging FAILED for non-device (type=0), using tensor->data=0x77ce000c6840
ggml_sycl_get_data_ptr_slow: tensor=leaf_51, device=0, using tensor->data=0x77ce000c6840
[SYCL][OP] call ggml_sycl_get_rows: dst='node_79':type=f32;ne=[256, 64, 1, 1];nb=[4, 1024, 65536, 65536]	src0='attn_out-1':type=f32;ne=[256, 64, 1, 1];nb=[4, 1024, 65536, 65536]	src1='leaf_51':type=i32;ne=[64, 1, 1, 1];nb=[4, 256, 256, 256]
[SYCL] weight cache lookup: tensor=0x3005e1b0 name=attn_out-1 device=0
[SYCL][OP] call ggml_sycl_get_rows done
[DEBUG-IMPL] Node 80/98: op=40 name=node_80
[SYCL][OP] call ggml_sycl_get_rows: dst='node_80':type=f32;ne=[256, 64, 1, 1];nb=[4, 1024, 65536, 65536]	src0='l_out-0':type=f32;ne=[256, 64, 1, 1];nb=[4, 1024, 65536, 65536]	src1='leaf_51':type=i32;ne=[64, 1, 1, 1];nb=[4, 256, 256, 256]
[SYCL] weight cache lookup: tensor=0x3005afb0 name=l_out-0 device=0
[SYCL][OP] call ggml_sycl_get_rows done
[DEBUG-IMPL] Node 81/98: op=2 name=ffn_inp-1
[DEBUG-IMPL] Node 83/98: op=7 name=ffn_norm-1
[SYCL] simple consumer routing declined: op=MUL dst=ffn_norm-1 local single-device plan ctx=0 target=0
[SYCL][OP] call ggml_sycl_mul: dst='ffn_norm-1':type=f32;ne=[256, 64, 1, 1];nb=[4, 1024, 65536, 65536]	src0='norm-1':type=f32;ne=[256, 64, 1, 1];nb=[4, 1024, 65536, 65536]	src1='blk.1.ffn_norm.weight':type=f32;ne=[256, 1, 1, 1];nb=[4, 1024, 1024, 1024]
[BINBCAST-PTR] src0=norm-1 src0_host=0xffffd55e47cac000 src0_d=0xffffd55e47cac000
[BINBCAST-PTR] src1=blk.1.ffn_norm.weight src1_host=0x77cdfff8ca40 src1_d=0xffffd556b68a8100
[SYCL][OP] call ggml_sycl_mul done
[DEBUG-IMPL] Node 84/98: op=29 name=ffn_gate-1
[SYCL] simple consumer routing declined: op=MUL_MAT dst=ffn_gate-1 plan unavailable ctx=0
[DEBUG-MULMAT] ENTER: src0=blk.1.ffn_gate.weight src1=ffn_norm-1 dst=ffn_gate-1
[SYCL][OP] call ggml_sycl_mul_mat: dst='ffn_gate-1':type=f32;ne=[384, 64, 1, 1];nb=[4, 1536, 98304, 98304]	src0='blk.1.ffn_gate.weight':type=f32;ne=[256, 384, 1, 1];nb=[4, 1024, 393216, 393216]	src1='ffn_norm-1':type=f32;ne=[256, 64, 1, 1];nb=[4, 1024, 65536, 65536]
[XMXConfig] device=0: M=8 N=16 K_INT8=32 K_FP16=16 SLM=131072 nsm=256 supported=1 int8=1 fp16=1 double_buf=1 max_esimd_wg=64 nbarrier=0 esimd_dpas=1
[MUL_MAT] src0 device=0 ptr=0xffffd556b6cacc00 (tensor=blk.1.ffn_gate.weight layout=0)
[MUL_MAT] dst device=0 ptr=0xffffd55e47cbc000 (tensor=ffn_gate-1)
[SYCL] weight cache lookup: tensor=0x2f309580 name=blk.1.ffn_gate.weight device=0
[SYCL][OP] call ggml_sycl_mul_mat done
[DEBUG-IMPL] Node 85/98: op=2 name=ffn_gate_b-1
[SYCL] simple consumer routing declined: op=ADD dst=ffn_gate_b-1 local single-device plan ctx=0 target=0
[SYCL-ADD-DBG] ADD dst: name=ffn_gate_b-1 type=f32 op=ADD ne=[384,64,1,1] nb=[4,1536,98304,98304] contig=1 data=0xffffd55e47cbc000 view_src=none view_offs=0 layout_mode=none layout_ptr=(nil) layout_size=0
[SYCL-ADD-DBG] ADD src0: name=ffn_gate-1 type=f32 op=MUL_MAT ne=[384,64,1,1] nb=[4,1536,98304,98304] contig=1 data=0xffffd55e47cbc000 view_src=none view_offs=0 layout_mode=none layout_ptr=(nil) layout_size=0
[SYCL-ADD-DBG] ADD src1: name=blk.1.ffn_gate.bias type=f32 op=NONE ne=[384,1,1,1] nb=[4,1536,1536,1536] contig=1 data=0x77ce000ace40 view_src=none view_offs=0 layout_mode=aos layout_ptr=(nil) layout_size=1536
[SYCL][OP] call ggml_sycl_add: dst='ffn_gate_b-1':type=f32;ne=[384, 64, 1, 1];nb=[4, 1536, 98304, 98304]	src0='ffn_gate-1':type=f32;ne=[384, 64, 1, 1];nb=[4, 1536, 98304, 98304]	src1='blk.1.ffn_gate.bias':type=f32;ne=[384, 1, 1, 1];nb=[4, 1536, 1536, 1536]
[SYCL-ADD-DBG] ADD src0: name=ffn_gate-1 type=f32 ne=[384,64,1,1] nb=[4,1536,98304,98304] contig=1 data=0xffffd55e47cbc000 view_src=none view_offs=0 layout_mode=none layout_ptr=(nil) layout_size=0
[SYCL-ADD-DBG] ADD src1: name=blk.1.ffn_gate.bias type=f32 ne=[384,1,1,1] nb=[4,1536,1536,1536] contig=1 data=0x77ce000ace40 view_src=none view_offs=0 layout_mode=aos layout_ptr=(nil) layout_size=1536
[SYCL-ADD-DBG] ADD dst: name=ffn_gate_b-1 type=f32 ne=[384,64,1,1] nb=[4,1536,98304,98304] contig=1 data=0xffffd55e47cbc000 view_src=none view_offs=0 layout_mode=none layout_ptr=(nil) layout_size=0
[BINBCAST-PTR] src0=ffn_gate-1 src0_host=0xffffd55e47cbc000 src0_d=0xffffd55e47cbc000
[BINBCAST-PTR] src1=blk.1.ffn_gate.bias src1_host=0x77ce000ace40 src1_d=0xffffd556b6d0d200
[SYCL][OP] call ggml_sycl_add done
[DEBUG-IMPL] Node 86/98: op=7 name=ffn_gate_s-1
[SYCL] simple consumer routing declined: op=MUL dst=ffn_gate_s-1 local single-device plan ctx=0 target=0
[SYCL][OP] call ggml_sycl_mul: dst='ffn_gate_s-1':type=f32;ne=[384, 64, 1, 1];nb=[4, 1536, 98304, 98304]	src0='ffn_gate_b-1':type=f32;ne=[384, 64, 1, 1];nb=[4, 1536, 98304, 98304]	src1='blk.1.ffn_gate.scale':type=f32;ne=[1, 1, 1, 1];nb=[4, 4, 4, 4]
[BINBCAST-PTR] src0=ffn_gate_b-1 src0_host=0xffffd55e47cbc000 src0_d=0xffffd55e47cbc000
[BINBCAST-PTR] src1=blk.1.ffn_gate.scale src1_host=0x77ce000ae080 src1_d=0xffffd556b6d0dc00
[SYCL][OP] call ggml_sycl_mul done
[DEBUG-IMPL] Node 87/98: op=29 name=ffn_up-1
[SYCL] simple consumer routing declined: op=MUL_MAT dst=ffn_up-1 plan unavailable ctx=0
[DEBUG-MULMAT] ENTER: src0=blk.1.ffn_up.weight src1=ffn_norm-1 dst=ffn_up-1
[SYCL][OP] call ggml_sycl_mul_mat: dst='ffn_up-1':type=f32;ne=[384, 64, 1, 1];nb=[4, 1536, 98304, 98304]	src0='blk.1.ffn_up.weight':type=f32;ne=[256, 384, 1, 1];nb=[4, 1024, 393216, 393216]	src1='ffn_norm-1':type=f32;ne=[256, 64, 1, 1];nb=[4, 1024, 65536, 65536]
[XMXConfig] device=0: M=8 N=16 K_INT8=32 K_FP16=16 SLM=131072 nsm=256 supported=1 int8=1 fp16=1 double_buf=1 max_esimd_wg=64 nbarrier=0 esimd_dpas=1
[MUL_MAT] src0 device=0 ptr=0xffffd556b6becc00 (tensor=blk.1.ffn_up.weight layout=0)
[MUL_MAT] dst device=0 ptr=0xffffd55e47cd4000 (tensor=ffn_up-1)
[SYCL] weight cache lookup: tensor=0x2f3098a0 name=blk.1.ffn_up.weight device=0
[SYCL][OP] call ggml_sycl_mul_mat done
[DEBUG-IMPL] Node 88/98: op=2 name=ffn_up_b-1
[SYCL] simple consumer routing declined: op=ADD dst=ffn_up_b-1 local single-device plan ctx=0 target=0
[SYCL-ADD-DBG] ADD dst: name=ffn_up_b-1 type=f32 op=ADD ne=[384,64,1,1] nb=[4,1536,98304,98304] contig=1 data=0xffffd55e47cd4000 view_src=none view_offs=0 layout_mode=none layout_ptr=(nil) layout_size=0
[SYCL-ADD-DBG] ADD src0: name=ffn_up-1 type=f32 op=MUL_MAT ne=[384,64,1,1] nb=[4,1536,98304,98304] contig=1 data=0xffffd55e47cd4000 view_src=none view_offs=0 layout_mode=none layout_ptr=(nil) layout_size=0
[SYCL-ADD-DBG] ADD src1: name=blk.1.ffn_up.bias type=f32 op=NONE ne=[384,1,1,1] nb=[4,1536,1536,1536] contig=1 data=0x77ce000ad840 view_src=none view_offs=0 layout_mode=aos layout_ptr=(nil) layout_size=1536
[SYCL][OP] call ggml_sycl_add: dst='ffn_up_b-1':type=f32;ne=[384, 64, 1, 1];nb=[4, 1536, 98304, 98304]	src0='ffn_up-1':type=f32;ne=[384, 64, 1, 1];nb=[4, 1536, 98304, 98304]	src1='blk.1.ffn_up.bias':type=f32;ne=[384, 1, 1, 1];nb=[4, 1536, 1536, 1536]
[SYCL-ADD-DBG] ADD src0: name=ffn_up-1 type=f32 ne=[384,64,1,1] nb=[4,1536,98304,98304] contig=1 data=0xffffd55e47cd4000 view_src=none view_offs=0 layout_mode=none layout_ptr=(nil) layout_size=0
[SYCL-ADD-DBG] ADD src1: name=blk.1.ffn_up.bias type=f32 ne=[384,1,1,1] nb=[4,1536,1536,1536] contig=1 data=0x77ce000ad840 view_src=none view_offs=0 layout_mode=aos layout_ptr=(nil) layout_size=1536
[SYCL-ADD-DBG] ADD dst: name=ffn_up_b-1 type=f32 ne=[384,64,1,1] nb=[4,1536,98304,98304] contig=1 data=0xffffd55e47cd4000 view_src=none view_offs=0 layout_mode=none layout_ptr=(nil) layout_size=0
[BINBCAST-PTR] src0=ffn_up-1 src0_host=0xffffd55e47cd4000 src0_d=0xffffd55e47cd4000
[BINBCAST-PTR] src1=blk.1.ffn_up.bias src1_host=0x77ce000ad840 src1_d=0xffffd556b6d0cc00
[SYCL][OP] call ggml_sycl_add done
[DEBUG-IMPL] Node 89/98: op=7 name=ffn_up_s-1
[SYCL] simple consumer routing declined: op=MUL dst=ffn_up_s-1 local single-device plan ctx=0 target=0
[SYCL][OP] call ggml_sycl_mul: dst='ffn_up_s-1':type=f32;ne=[384, 64, 1, 1];nb=[4, 1536, 98304, 98304]	src0='ffn_up_b-1':type=f32;ne=[384, 64, 1, 1];nb=[4, 1536, 98304, 98304]	src1='blk.1.ffn_up.scale':type=f32;ne=[1, 1, 1, 1];nb=[4, 4, 4, 4]
[BINBCAST-PTR] src0=ffn_up_b-1 src0_host=0xffffd55e47cd4000 src0_d=0xffffd55e47cd4000
[BINBCAST-PTR] src1=blk.1.ffn_up.scale src1_host=0x77ce000ae0c0 src1_d=0xffffd556b6d0de00
[SYCL][OP] call ggml_sycl_mul done
[DEBUG-IMPL] Node 90/98: op=97 name=ffn_swiglu-1
[SYCL] simple consumer routing declined: op=GLU dst=ffn_swiglu-1 local single-device plan ctx=0 target=0
[SYCL][OP] call ggml_sycl_swiglu: dst='ffn_swiglu-1':type=f32;ne=[384, 64, 1, 1];nb=[4, 1536, 98304, 98304]	src0='ffn_gate_s-1':type=f32;ne=[384, 64, 1, 1];nb=[4, 1536, 98304, 98304]
[SYCL][OP] call ggml_sycl_swiglu done
[DEBUG-IMPL] Node 91/98: op=29 name=ffn_down-1
[SYCL] simple consumer routing declined: op=MUL_MAT dst=ffn_down-1 plan unavailable ctx=0
[DEBUG-MULMAT] ENTER: src0=blk.1.ffn_down.weight src1=ffn_swiglu-1 dst=ffn_down-1
[SYCL][OP] call ggml_sycl_mul_mat: dst='ffn_down-1':type=f32;ne=[256, 64, 1, 1];nb=[4, 1024, 65536, 65536]	src0='blk.1.ffn_down.weight':type=f32;ne=[384, 256, 1, 1];nb=[4, 1536, 393216, 393216]	src1='ffn_swiglu-1':type=f32;ne=[384, 64, 1, 1];nb=[4, 1536, 98304, 98304]
[XMXConfig] device=0: M=8 N=16 K_INT8=32 K_FP16=16 SLM=131072 nsm=256 supported=1 int8=1 fp16=1 double_buf=1 max_esimd_wg=64 nbarrier=0 esimd_dpas=1
[MUL_MAT] src0 device=0 ptr=0xffffd556b6c4cc00 (tensor=blk.1.ffn_down.weight layout=0)
[MUL_MAT] dst device=0 ptr=0xffffd55e47cac000 (tensor=ffn_down-1)
[SYCL] weight cache lookup: tensor=0x2f309710 name=blk.1.ffn_down.weight device=0
[SYCL][OP] call ggml_sycl_mul_mat done
[DEBUG-IMPL] Node 92/98: op=2 name=node_92
[SYCL] simple consumer routing declined: op=ADD dst=node_92 local single-device plan ctx=0 target=0
[SYCL-ADD-DBG] ADD dst: name=node_92 type=f32 op=ADD ne=[256,64,1,1] nb=[4,1024,65536,65536] contig=1 data=0xffffd55e47cac000 view_src=none view_offs=0 layout_mode=none layout_ptr=(nil) layout_size=0
[SYCL-ADD-DBG] ADD src0: name=ffn_down-1 type=f32 op=MUL_MAT ne=[256,64,1,1] nb=[4,1024,65536,65536] contig=1 data=0xffffd55e47cac000 view_src=none view_offs=0 layout_mode=none layout_ptr=(nil) layout_size=0
[SYCL-ADD-DBG] ADD src1: name=blk.1.ffn_down.bias type=f32 op=NONE ne=[256,1,1,1] nb=[4,1024,1024,1024] contig=1 data=0x77ce000ad440 view_src=none view_offs=0 layout_mode=aos layout_ptr=(nil) layout_size=1024
[SYCL][OP] call ggml_sycl_add: dst='node_92':type=f32;ne=[256, 64, 1, 1];nb=[4, 1024, 65536, 65536]	src0='ffn_down-1':type=f32;ne=[256, 64, 1, 1];nb=[4, 1024, 65536, 65536]	src1='blk.1.ffn_down.bias':type=f32;ne=[256, 1, 1, 1];nb=[4, 1024, 1024, 1024]
[SYCL-ADD-DBG] ADD src0: name=ffn_down-1 type=f32 ne=[256,64,1,1] nb=[4,1024,65536,65536] contig=1 data=0xffffd55e47cac000 view_src=none view_offs=0 layout_mode=none layout_ptr=(nil) layout_size=0
[SYCL-ADD-DBG] ADD src1: name=blk.1.ffn_down.bias type=f32 ne=[256,1,1,1] nb=[4,1024,1024,1024] contig=1 data=0x77ce000ad440 view_src=none view_offs=0 layout_mode=aos layout_ptr=(nil) layout_size=1024
[SYCL-ADD-DBG] ADD dst: name=node_92 type=f32 ne=[256,64,1,1] nb=[4,1024,65536,65536] contig=1 data=0xffffd55e47cac000 view_src=none view_offs=0 layout_mode=none layout_ptr=(nil) layout_size=0
[BINBCAST-PTR] src0=ffn_down-1 src0_host=0xffffd55e47cac000 src0_d=0xffffd55e47cac000
[BINBCAST-PTR] src1=blk.1.ffn_down.bias src1_host=0x77ce000ad440 src1_d=0xffffd556b6d0d800
[SYCL][OP] call ggml_sycl_add done
[DEBUG-IMPL] Node 93/98: op=7 name=ffn_out-1
[SYCL] simple consumer routing declined: op=MUL dst=ffn_out-1 local single-device plan ctx=0 target=0
[SYCL][OP] call ggml_sycl_mul: dst='ffn_out-1':type=f32;ne=[256, 64, 1, 1];nb=[4, 1024, 65536, 65536]	src0='node_92':type=f32;ne=[256, 64, 1, 1];nb=[4, 1024, 65536, 65536]	src1='blk.1.ffn_down.scale':type=f32;ne=[1, 1, 1, 1];nb=[4, 4, 4, 4]
[BINBCAST-PTR] src0=node_92 src0_host=0xffffd55e47cac000 src0_d=0xffffd55e47cac000
[BINBCAST-PTR] src1=blk.1.ffn_down.scale src1_host=0x77ce000ae0a0 src1_d=0xffffd556b6d0dd00
[SYCL][OP] call ggml_sycl_mul done
[DEBUG-IMPL] Node 94/98: op=2 name=l_out-1
[DEBUG-IMPL] Node 96/98: op=7 name=result_norm
[SYCL] simple consumer routing declined: op=MUL dst=result_norm local single-device plan ctx=0 target=0
[SYCL][OP] call ggml_sycl_mul: dst='result_norm':type=f32;ne=[256, 64, 1, 1];nb=[4, 1024, 65536, 65536]	src0='norm':type=f32;ne=[256, 64, 1, 1];nb=[4, 1024, 65536, 65536]	src1='output_norm.weight':type=f32;ne=[256, 1, 1, 1];nb=[4, 1024, 1024, 1024]
[SYCL-MUL-DBG] device=0 graph_recording=0 dst=result_norm src0=norm src1=output_norm.weight src0_ptr=0xffffd55e47cac000 src1_ptr=0xffffd556b68a7100 dst_ptr=0xffffd55e47cac000 src0_layout=none src1_layout=aos last_graph_event=0 has_barrier=0 exec_graph=0 graph_nodes=0 graph_decode=0
[BINBCAST-PTR] src0=norm src0_host=0xffffd55e47cac000 src0_d=0xffffd55e47cac000
[BINBCAST-PTR] src1=output_norm.weight src1_host=0x77cdffc48940 src1_d=0xffffd556b68a7100
[SYCL][OP] call ggml_sycl_mul done
[DEBUG-IMPL] Node 97/98: op=29 name=result_output
[SYCL] simple consumer routing declined: op=MUL_MAT dst=result_output plan unavailable ctx=0
[DEBUG-MULMAT] ENTER: src0=output.weight src1=result_norm dst=result_output
[SYCL][OP] call ggml_sycl_mul_mat: dst='result_output':type=f32;ne=[128, 64, 1, 1];nb=[4, 512, 32768, 32768]	src0='output.weight':type=f32;ne=[256, 128, 1, 1];nb=[4, 1024, 131072, 131072]	src1='result_norm':type=f32;ne=[256, 64, 1, 1];nb=[4, 1024, 65536, 65536]
[XMXConfig] device=0: M=8 N=16 K_INT8=32 K_FP16=16 SLM=131072 nsm=256 supported=1 int8=1 fp16=1 double_buf=1 max_esimd_wg=64 nbarrier=0 esimd_dpas=1
[SYCL] output.weight dispatch kernel=ONEDNN_AOS layout=0 batch=64
[MUL_MAT] src0 device=0 ptr=0xffffd556b68a8500 (tensor=output.weight layout=0)
[MUL_MAT] dst device=0 ptr=0xffffd55e47c9c000 (tensor=result_output)
[SYCL] weight cache lookup: tensor=0x2f3069c0 name=output.weight device=0
[SYCL][OP] call ggml_sycl_mul_mat done
[GRAPH-UNPIN] Released 0 graph MoE expert mem_handle leases
[GRAPH-UNPIN-WEIGHTS] Released 0 graph weight mem_handle leases
[SYCL] call ggml_backend_sycl_get_tensor_async: tensor='result_output':type=f32;ne=[128, 64, 1, 1];nb=[4, 512, 32768, 32768] size=32768 offset=0
[SYCL] call ggml_backend_sycl_synchronize
[SYCL] call ggml_backend_sycl_synchronize
[SYCL] call ggml_backend_sycl_synchronize
[SYCL] call ggml_backend_sycl_synchronize
[SYCL] call ggml_backend_sycl_synchronize
[SYCL] call ggml_backend_sycl_synchronize
[SYCL] call ggml_backend_sycl_synchronize
[SYCL] call ggml_backend_sycl_synchronize
[SYCL] call ggml_backend_sycl_synchronize
[SYCL] call ggml_backend_sycl_synchronize
[SYCL] call ggml_backend_sycl_synchronize
[SYCL] call ggml_backend_sycl_synchronize
[SYCL] call ggml_backend_sycl_synchronize
[SYCL] call ggml_backend_sycl_synchronize
[SYCL] call ggml_backend_sycl_synchronize
[SYCL] call ggml_backend_sycl_synchronize
[SYCL] call ggml_backend_sycl_synchronize
[SYCL] call ggml_backend_sycl_synchronize
[SYCL] call ggml_backend_sycl_synchronize
[SYCL] call ggml_backend_sycl_synchronize
[SYCL] call ggml_backend_sycl_synchronize
[SYCL] call ggml_backend_sycl_synchronize
[SYCL] call ggml_backend_sycl_synchronize
[SYCL] call ggml_backend_sycl_synchronize
[SYCL] call ggml_backend_sycl_synchronize
[SYCL] call ggml_backend_sycl_synchronize
[SYCL] call ggml_backend_sycl_synchronize
[SYCL] call ggml_backend_sycl_synchronize
[SYCL] call ggml_backend_sycl_synchronize
[SYCL] call ggml_backend_sycl_synchronize
[SYCL] call ggml_backend_sycl_synchronize
[SYCL] call ggml_backend_sycl_synchronize
[SYCL] call ggml_backend_sycl_synchronize
[SYCL] call ggml_backend_sycl_synchronize
[SYCL] call ggml_backend_sycl_synchronize
[SYCL] call ggml_backend_sycl_synchronize
[SYCL] call ggml_backend_sycl_synchronize
[SYCL] call ggml_backend_sycl_synchronize
[SYCL] call ggml_backend_sycl_synchronize
[SYCL] call ggml_backend_sycl_synchronize
[SYCL] call ggml_backend_sycl_synchronize
[SYCL] call ggml_backend_sycl_synchronize
[SYCL] call ggml_backend_sycl_synchronize
[SYCL] call ggml_backend_sycl_synchronize
[SYCL] call ggml_backend_sycl_synchronize
[SYCL] call ggml_backend_sycl_synchronize
[SYCL] call ggml_backend_sycl_synchronize
[SYCL] call ggml_backend_sycl_synchronize
[SYCL] call ggml_backend_sycl_synchronize
[SYCL] call ggml_backend_sycl_synchronize
[SYCL] call ggml_backend_sycl_synchronize
[SYCL] call ggml_backend_sycl_synchronize
[SYCL] call ggml_backend_sycl_synchronize
[SYCL] call ggml_backend_sycl_synchronize
[SYCL] call ggml_backend_sycl_synchronize
[SYCL] call ggml_backend_sycl_synchronize
[SYCL] call ggml_backend_sycl_synchronize
[SYCL] call ggml_backend_sycl_synchronize
[SYCL] call ggml_backend_sycl_synchronize
[SYCL] call ggml_backend_sycl_synchronize
[SYCL] call ggml_backend_sycl_synchronize
[SYCL] call ggml_backend_sycl_synchronize
[SYCL] call ggml_backend_sycl_synchronize
[SYCL] call ggml_backend_sycl_synchronize
[SYCL] call ggml_backend_sycl_synchronize
[SYCL] call ggml_backend_sycl_synchronize
[SYCL] call ggml_backend_sycl_synchronize
[SYCL] call ggml_backend_sycl_synchronize
[SYCL] call ggml_backend_sycl_synchronize
[SYCL] call ggml_backend_sycl_synchronize
[SYCL] call ggml_backend_sycl_synchronize
[SYCL] call ggml_backend_sycl_synchronize
[SYCL] call ggml_backend_sycl_synchronize
[SYCL] call ggml_backend_sycl_synchronize
[SYCL] call ggml_backend_sycl_synchronize
[SYCL] call ggml_backend_sycl_synchronize
[SYCL] call ggml_backend_sycl_synchronize
[SYCL] call ggml_backend_sycl_synchronize
[SYCL] call ggml_backend_sycl_synchronize
[SYCL] call ggml_backend_sycl_synchronize
[SYCL] call ggml_backend_sycl_synchronize
[SYCL] call ggml_backend_sycl_synchronize
[SYCL] call ggml_backend_sycl_synchronize
[SYCL] call ggml_backend_sycl_synchronize
[SYCL] call ggml_backend_sycl_synchronize
[SYCL] call ggml_backend_sycl_synchronize
[SYCL] call ggml_backend_sycl_synchronize
[SYCL] call ggml_backend_sycl_synchronize
[SYCL] call ggml_backend_sycl_synchronize
[SYCL] call ggml_backend_sycl_synchronize
[SYCL] call ggml_backend_sycl_synchronize
[SYCL] call ggml_backend_sycl_synchronize
[SYCL] call ggml_backend_sycl_synchronize
[SYCL] call ggml_backend_sycl_synchronize
[SYCL] call ggml_backend_sycl_synchronize
[SYCL] call ggml_backend_sycl_synchronize
[SYCL] call ggml_backend_sycl_synchronize
[SYCL] call ggml_backend_sycl_synchronize
[SYCL] call ggml_backend_sycl_synchronize
[SYCL] call ggml_backend_sycl_synchronize
[SYCL] call ggml_backend_sycl_synchronize
[SYCL] call ggml_backend_sycl_synchronize
[SYCL] call ggml_backend_sycl_synchronize
[SYCL] call ggml_backend_sycl_synchronize
[SYCL] call ggml_backend_sycl_synchronize
[SYCL] call ggml_backend_sycl_synchronize
[SYCL] call ggml_backend_sycl_synchronize
[SYCL] call ggml_backend_sycl_synchronize
[SYCL] call ggml_backend_sycl_synchronize
[SYCL] call ggml_backend_sycl_synchronize
[SYCL] call ggml_backend_sycl_synchronize
[SYCL] call ggml_backend_sycl_synchronize
[SYCL] call ggml_backend_sycl_synchronize
[SYCL] call ggml_backend_sycl_synchronize
[SYCL] call ggml_backend_sycl_synchronize
[SYCL] call ggml_backend_sycl_synchronize
[SYCL] call ggml_backend_sycl_synchronize
[SYCL] call ggml_backend_sycl_synchronize
[SYCL] call ggml_backend_sycl_synchronize
[SYCL] call ggml_backend_sycl_synchronize
[SYCL] call ggml_backend_sycl_synchronize
[SYCL] call ggml_backend_sycl_synchronize
[SYCL] call ggml_backend_sycl_synchronize
[SYCL] call ggml_backend_sycl_synchronize
[SYCL] call ggml_backend_sycl_synchronize
[SYCL] call ggml_backend_sycl_synchronize
[SYCL] call ggml_backend_sycl_synchronize
[SYCL] call ggml_backend_sycl_synchronize

llama (Intel(R) Arc(TM) Pro B70 Graphics, Dense): roundtrip not bit-exact [BITDIFF]
  save/reload vs device: 8367/16384 logits differ, max abs 1.164e-09, max rel 8.532e-04
  first difference:      token 4 of 128, vocab 0 of 128 (flat index 512)
  token rows affected:   94 of 128, from 4 to 125
  gate NMSE(dev,reload): 1.099e-14 vs threshold 1.0e-04 -- within tolerance: both models agree to far better than the gate
  NMSE vs CPU:           device 2.941e-11, reloaded 2.941e-11
  (the gate is NMSE; the three lines above it are the ones with the
   resolution to move between runs -- diagnose from those, not from NMSE)
[SYCL] call ggml_backend_sycl_synchronize
[SYCL-GRAPH] clearing active graph state (context-drain)
[MEM-HANDLE] released 0 command-graph retained leases
[POOL-LEG] released 0 graph-retained scratch mem_handles
[GRAPH-UNPIN] Released 0 graph MoE expert mem_handle leases
[GRAPH-UNPIN-WEIGHTS] Released 0 graph weight mem_handle leases
[SYCL-GRAPH] clearing active graph state (context-drain)
[MEM-HANDLE] released 0 command-graph retained leases
[POOL-LEG] released 0 graph-retained scratch mem_handles
[GRAPH-UNPIN] Released 0 graph MoE expert mem_handle leases
[GRAPH-UNPIN-WEIGHTS] Released 0 graph weight mem_handle leases
SYCL TP: Freed all persistent FFN buffers via unified-cache handles
SYCL TP: Freed all persistent attention buffers
[MEM-HANDLE] released 0 command-graph retained leases
[POOL-LEG] released 0 graph-retained scratch mem_handles
[GRAPH-UNPIN] Released 0 graph MoE expert mem_handle leases
[GRAPH-UNPIN-WEIGHTS] Released 0 graph weight mem_handle leases
[POOL-LEG] released 0 graph-retained scratch mem_handles
[UNIFIED-CACHE] reclaim_weight_entries(model-teardown) released direct-stage mirror rows before the reclaim scan: weights=0 experts=0
[UNIFIED-CACHE] reclaim weight entries(model-teardown): erased 0 unpinned 0
[UNIFIED-CACHE] reclaim_weight_entries preserving leased model weight model=2 name_hash=0xd13690e99048047c layout=0 leases=1 owners=0x00000000 site=extra->data_handle[]/preload_model_weights(dense-pin)
[UNIFIED-CACHE] lease ring for name_hash=0xd13690e99048047c: seq=0+acquire:direct_stage_weight/mirror seq=1+acquire:direct_stage_weight/publish-out_handle seq=2+acquire:mem_handle/copy-assign seq=3-release:mem_handle/release_lease_state seq=4-release:mem_handle/release_lease_state
[UNIFIED-CACHE] reclaim_weight_entries preserving leased model weight model=2 name_hash=0x51e0984aef35a252 layout=0 leases=1 owners=0x00000000 site=extra->data_handle[]/preload_model_weights(dense-pin)
[UNIFIED-CACHE] lease ring for name_hash=0x51e0984aef35a252: seq=0+acquire:direct_stage_weight/mirror seq=1+acquire:direct_stage_weight/publish-out_handle seq=2+acquire:mem_handle/copy-assign seq=3-release:mem_handle/release_lease_state seq=4-release:mem_handle/release_lease_state
[UNIFIED-CACHE] reclaim_weight_entries preserving leased model weight model=2 name_hash=0x708f6c2b4615257e layout=0 leases=1 owners=0x00000000 site=extra->data_handle[]/preload_model_weights(dense-pin)
[UNIFIED-CACHE] lease ring for name_hash=0x708f6c2b4615257e: seq=0+acquire:direct_stage_weight/mirror seq=1+acquire:direct_stage_weight/publish-out_handle seq=2+acquire:mem_handle/copy-assign seq=3-release:mem_handle/release_lease_state seq=4-release:mem_handle/release_lease_state
[UNIFIED-CACHE] reclaim_weight_entries preserving leased model weight model=2 name_hash=0xecb90fa9456ad029 layout=0 leases=1 owners=0x00000000 site=extra->data_handle[]/preload_model_weights(dense-pin)
[UNIFIED-CACHE] lease ring for name_hash=0xecb90fa9456ad029: seq=0+acquire:direct_stage_weight/mirror seq=1+acquire:direct_stage_weight/publish-out_handle seq=2+acquire:mem_handle/copy-assign seq=3-release:mem_handle/release_lease_state seq=4-release:mem_handle/release_lease_state
[UNIFIED-CACHE] reclaim_weight_entries preserving leased model weight model=2 name_hash=0x38f421c0f38eec13 layout=0 leases=1 owners=0x00000000 site=extra->data_handle[]/preload_model_weights(dense-pin)
[UNIFIED-CACHE] lease ring for name_hash=0x38f421c0f38eec13: seq=0+acquire:direct_stage_weight/mirror seq=1+acquire:direct_stage_weight/publish-out_handle seq=2+acquire:mem_handle/copy-assign seq=3-release:mem_handle/release_lease_state seq=4-release:mem_handle/release_lease_state
[UNIFIED-CACHE] reclaim_weight_entries preserving leased model weight model=2 name_hash=0x6fcc54bc8ac0ed91 layout=0 leases=1 owners=0x00000000 site=extra->data_handle[]/preload_model_weights(dense-pin)
[UNIFIED-CACHE] lease ring for name_hash=0x6fcc54bc8ac0ed91: seq=0+acquire:direct_stage_weight/mirror seq=1+acquire:direct_stage_weight/publish-out_handle seq=2+acquire:mem_handle/copy-assign seq=3-release:mem_handle/release_lease_state seq=4-release:mem_handle/release_lease_state
[UNIFIED-CACHE] reclaim_weight_entries preserving leased model weight model=2 name_hash=0xf0969627acaaadf3 layout=0 leases=1 owners=0x00000000 site=extra->data_handle[]/preload_model_weights(dense-pin)
[UNIFIED-CACHE] lease ring for name_hash=0xf0969627acaaadf3: seq=0+acquire:direct_stage_weight/mirror seq=1+acquire:direct_stage_weight/publish-out_handle seq=2+acquire:mem_handle/copy-assign seq=3-release:mem_handle/release_lease_state seq=4-release:mem_handle/release_lease_state
[UNIFIED-CACHE] reclaim_weight_entries preserving leased model weight model=2 name_hash=0x6dec5f18f0f78e5a layout=0 leases=1 owners=0x00000000 site=extra->data_handle[]/preload_model_weights(dense-pin)
[UNIFIED-CACHE] lease ring for name_hash=0x6dec5f18f0f78e5a: seq=0+acquire:direct_stage_weight/mirror seq=1+acquire:direct_stage_weight/publish-out_handle seq=2+acquire:mem_handle/copy-assign seq=3-release:mem_handle/release_lease_state seq=4-release:mem_handle/release_lease_state
[UNIFIED-CACHE] reclaim_weight_entries preserving leased model weight model=2 name_hash=0xbe3c27e272f3ab58 layout=0 leases=1 owners=0x00000000 site=extra->data_handle[]/preload_model_weights(dense-pin)
[UNIFIED-CACHE] lease ring for name_hash=0xbe3c27e272f3ab58: seq=0+acquire:direct_stage_weight/mirror seq=1+acquire:direct_stage_weight/publish-out_handle seq=2+acquire:mem_handle/copy-assign seq=3-release:mem_handle/release_lease_state seq=4-release:mem_handle/release_lease_state
[UNIFIED-CACHE] reclaim_weight_entries preserving leased model weight model=2 name_hash=0xd5fed533d7a9f43d layout=0 leases=1 owners=0x00000000 site=extra->data_handle[]/preload_model_weights(dense-pin)
[UNIFIED-CACHE] lease ring for name_hash=0xd5fed533d7a9f43d: seq=0+acquire:direct_stage_weight/mirror seq=1+acquire:direct_stage_weight/publish-out_handle seq=2+acquire:mem_handle/copy-assign seq=3-release:mem_handle/release_lease_state seq=4-release:mem_handle/release_lease_state
[UNIFIED-CACHE] reclaim_weight_entries preserving leased model weight model=2 name_hash=0x5c0dc55f0f5cf2d3 layout=0 leases=1 owners=0x00000000 site=extra->data_handle[]/preload_model_weights(dense-pin)
[UNIFIED-CACHE] lease ring for name_hash=0x5c0dc55f0f5cf2d3: seq=0+acquire:direct_stage_weight/mirror seq=1+acquire:direct_stage_weight/publish-out_handle seq=2+acquire:mem_handle/copy-assign seq=3-release:mem_handle/release_lease_state seq=4-release:mem_handle/release_lease_state
[UNIFIED-CACHE] reclaim_weight_entries preserving leased model weight model=2 name_hash=0x891936947be60d4d layout=0 leases=1 owners=0x00000000 site=extra->data_handle[]/preload_model_weights(dense-pin)
[UNIFIED-CACHE] lease ring for name_hash=0x891936947be60d4d: seq=0+acquire:direct_stage_weight/mirror seq=1+acquire:direct_stage_weight/publish-out_handle seq=2+acquire:mem_handle/copy-assign seq=3-release:mem_handle/release_lease_state seq=4-release:mem_handle/release_lease_state
[UNIFIED-CACHE] reclaim_weight_entries preserving leased model weight model=2 name_hash=0xbcde7c22847b8f24 layout=0 leases=1 owners=0x00000000 site=extra->data_handle[]/preload_model_weights(dense-pin)
[UNIFIED-CACHE] lease ring for name_hash=0xbcde7c22847b8f24: seq=0+acquire:direct_stage_weight/mirror seq=1+acquire:direct_stage_weight/publish-out_handle seq=2+acquire:mem_handle/copy-assign seq=3-release:mem_handle/release_lease_state seq=4-release:mem_handle/release_lease_state
[UNIFIED-CACHE] reclaim_weight_entries preserving leased model weight model=2 name_hash=0x6d5c481c06ed6b1c layout=0 leases=1 owners=0x00000000 site=extra->data_handle[]/preload_model_weights(dense-pin)
[UNIFIED-CACHE] lease ring for name_hash=0x6d5c481c06ed6b1c: seq=0+acquire:direct_stage_weight/mirror seq=1+acquire:direct_stage_weight/publish-out_handle seq=2+acquire:mem_handle/copy-assign seq=3-release:mem_handle/release_lease_state seq=4-release:mem_handle/release_lease_state
[UNIFIED-CACHE] reclaim_weight_entries preserving leased model weight model=2 name_hash=0xb279802dbf02ec50 layout=0 leases=1 owners=0x00000000 site=extra->data_handle[]/preload_model_weights(dense-pin)
[UNIFIED-CACHE] lease ring for name_hash=0xb279802dbf02ec50: seq=0+acquire:direct_stage_weight/mirror seq=1+acquire:direct_stage_weight/publish-out_handle seq=2+acquire:mem_handle/copy-assign seq=3-release:mem_handle/release_lease_state seq=4-release:mem_handle/release_lease_state
[UNIFIED-CACHE] reclaim_weight_entries preserving leased model weight model=2 name_hash=0x311b9ae764a4abcf layout=0 leases=1 owners=0x00000000 site=extra->data_handle[]/preload_model_weights(dense-pin)
[UNIFIED-CACHE] lease ring for name_hash=0x311b9ae764a4abcf: seq=0+acquire:direct_stage_weight/mirror seq=1+acquire:direct_stage_weight/publish-out_handle seq=2+acquire:mem_handle/copy-assign seq=3-release:mem_handle/release_lease_state seq=4-release:mem_handle/release_lease_state
[UNIFIED-CACHE] reclaim_weight_entries preserving leased model weight model=2 name_hash=0x28e162c724839a layout=0 leases=1 owners=0x00000000 site=extra->data_handle[]/preload_model_weights(dense-pin)
[UNIFIED-CACHE] lease ring for name_hash=0x28e162c724839a: seq=0+acquire:direct_stage_weight/mirror seq=1+acquire:direct_stage_weight/publish-out_handle seq=2+acquire:mem_handle/copy-assign seq=3-release:mem_handle/release_lease_state seq=4-release:mem_handle/release_lease_state
[UNIFIED-CACHE] reclaim_weight_entries preserving leased model weight model=2 name_hash=0xe9ca1d4053ae41f9 layout=0 leases=1 owners=0x00000000 site=extra->data_handle[]/preload_model_weights(dense-pin)
[UNIFIED-CACHE] lease ring for name_hash=0xe9ca1d4053ae41f9: seq=0+acquire:direct_stage_weight/mirror seq=1+acquire:direct_stage_weight/publish-out_handle seq=2+acquire:mem_handle/copy-assign seq=3-release:mem_handle/release_lease_state seq=4-release:mem_handle/release_lease_state
[UNIFIED-CACHE] reclaim_weight_entries preserving leased model weight model=2 name_hash=0xf6a1f79a2dffe780 layout=0 leases=1 owners=0x00000000 site=extra->data_handle[]/preload_model_weights(dense-pin)
[UNIFIED-CACHE] lease ring for name_hash=0xf6a1f79a2dffe780: seq=0+acquire:direct_stage_weight/mirror seq=1+acquire:direct_stage_weight/publish-out_handle seq=2+acquire:mem_handle/copy-assign seq=3-release:mem_handle/release_lease_state seq=4-release:mem_handle/release_lease_state
[UNIFIED-CACHE] reclaim_weight_entries preserving leased model weight model=0 name_hash=0x64cda8f8043233df layout=0 leases=2 owners=0x00000001 site=extra->data_handle[]/preload_model_weights(dense-pin)
[UNIFIED-CACHE] lease ring for name_hash=0x64cda8f8043233df: seq=0+acquire:direct_stage_weight/mirror seq=1+acquire:direct_stage_weight/publish-out_handle seq=2+acquire:mem_handle/copy-assign seq=3-release:mem_handle/release_lease_state
[UNIFIED-CACHE] reclaim_weight_entries preserving leased model weight model=2 name_hash=0xb032bd475a68a1fe layout=0 leases=1 owners=0x00000000 site=extra->data_handle[]/preload_model_weights(dense-pin)
[UNIFIED-CACHE] lease ring for name_hash=0xb032bd475a68a1fe: seq=0+acquire:direct_stage_weight/mirror seq=1+acquire:direct_stage_weight/publish-out_handle seq=2+acquire:mem_handle/copy-assign seq=3-release:mem_handle/release_lease_state seq=4-release:mem_handle/release_lease_state
[UNIFIED-CACHE] reclaim_weight_entries preserving leased model weight model=0 name_hash=0xde9943e34534adc3 layout=0 leases=2 owners=0x00000001 site=extra->data_handle[]/preload_model_weights(dense-pin)
[UNIFIED-CACHE] lease ring for name_hash=0xde9943e34534adc3: seq=0+acquire:direct_stage_weight/mirror seq=1+acquire:direct_stage_weight/publish-out_handle seq=2+acquire:mem_handle/copy-assign seq=3-release:mem_handle/release_lease_state
[UNIFIED-CACHE] reclaim_weight_entries preserving leased model weight model=0 name_hash=0x28e162c724839a layout=0 leases=2 owners=0x00000001 site=extra->data_handle[]/preload_model_weights(dense-pin)
[UNIFIED-CACHE] lease ring for name_hash=0x28e162c724839a: seq=0+acquire:direct_stage_weight/mirror seq=1+acquire:direct_stage_weight/publish-out_handle seq=2+acquire:mem_handle/copy-assign seq=3-release:mem_handle/release_lease_state
[UNIFIED-CACHE] reclaim_weight_entries preserving leased model weight model=0 name_hash=0xcaf5b0fcacce6aea layout=0 leases=2 owners=0x00000001 site=extra->data_handle[]/preload_model_weights(dense-pin)
[UNIFIED-CACHE] lease ring for name_hash=0xcaf5b0fcacce6aea: seq=0+acquire:direct_stage_weight/mirror seq=1+acquire:direct_stage_weight/publish-out_handle seq=2+acquire:mem_handle/copy-assign seq=3-release:mem_handle/release_lease_state
[UNIFIED-CACHE] reclaim_weight_entries preserving leased model weight model=0 name_hash=0xdd97f95fa07fec16 layout=0 leases=2 owners=0x00000001 site=extra->data_handle[]/preload_model_weights(dense-pin)
[UNIFIED-CACHE] lease ring for name_hash=0xdd97f95fa07fec16: seq=0+acquire:direct_stage_weight/mirror seq=1+acquire:direct_stage_weight/publish-out_handle seq=2+acquire:mem_handle/copy-assign seq=3-release:mem_handle/release_lease_state
[UNIFIED-CACHE] reclaim_weight_entries preserving leased model weight model=2 name_hash=0x3a931c14a53d5960 layout=0 leases=1 owners=0x00000000 site=extra->data_handle[]/preload_model_weights(dense-pin)
[UNIFIED-CACHE] lease ring for name_hash=0x3a931c14a53d5960: seq=0+acquire:direct_stage_weight/mirror seq=1+acquire:direct_stage_weight/publish-out_handle seq=2+acquire:mem_handle/copy-assign seq=3-release:mem_handle/release_lease_state seq=4-release:mem_handle/release_lease_state
[UNIFIED-CACHE] reclaim_weight_entries preserving leased model weight model=0 name_hash=0x213f84667dda1dba layout=0 leases=2 owners=0x00000001 site=extra->data_handle[]/preload_model_weights(dense-pin)
[UNIFIED-CACHE] lease ring for name_hash=0x213f84667dda1dba: seq=0+acquire:direct_stage_weight/mirror seq=1+acquire:direct_stage_weight/publish-out_handle seq=2+acquire:mem_handle/copy-assign seq=3-release:mem_handle/release_lease_state
[UNIFIED-CACHE] reclaim_weight_entries preserving leased model weight model=0 name_hash=0xb032bd475a68a1fe layout=0 leases=2 owners=0x00000001 site=extra->data_handle[]/preload_model_weights(dense-pin)
[UNIFIED-CACHE] lease ring for name_hash=0xb032bd475a68a1fe: seq=0+acquire:direct_stage_weight/mirror seq=1+acquire:direct_stage_weight/publish-out_handle seq=2+acquire:mem_handle/copy-assign seq=3-release:mem_handle/release_lease_state
[UNIFIED-CACHE] reclaim_weight_entries preserving leased model weight model=0 name_hash=0xc0bcce7fc727feb8 layout=0 leases=2 owners=0x00000001 site=extra->data_handle[]/preload_model_weights(dense-pin)
[UNIFIED-CACHE] lease ring for name_hash=0xc0bcce7fc727feb8: seq=0+acquire:direct_stage_weight/mirror seq=1+acquire:direct_stage_weight/publish-out_handle seq=2+acquire:mem_handle/copy-assign seq=3-release:mem_handle/release_lease_state
[UNIFIED-CACHE] reclaim_weight_entries preserving leased model weight model=2 name_hash=0x38771636bce5a702 layout=0 leases=1 owners=0x00000000 site=extra->data_handle[]/preload_model_weights(dense-pin)
[UNIFIED-CACHE] lease ring for name_hash=0x38771636bce5a702: seq=0+acquire:direct_stage_weight/mirror seq=1+acquire:direct_stage_weight/publish-out_handle seq=2+acquire:mem_handle/copy-assign seq=3-release:mem_handle/release_lease_state seq=4-release:mem_handle/release_lease_state
[UNIFIED-CACHE] reclaim_weight_entries preserving leased model weight model=0 name_hash=0xc65810b3308e2a65 layout=0 leases=2 owners=0x00000001 site=extra->data_handle[]/preload_model_weights(dense-pin)
[UNIFIED-CACHE] lease ring for name_hash=0xc65810b3308e2a65: seq=0+acquire:direct_stage_weight/mirror seq=1+acquire:direct_stage_weight/publish-out_handle seq=2+acquire:mem_handle/copy-assign seq=3-release:mem_handle/release_lease_state
[UNIFIED-CACHE] reclaim_weight_entries preserving leased model weight model=0 name_hash=0xbe3c27e272f3ab58 layout=0 leases=2 owners=0x00000001 site=extra->data_handle[]/preload_model_weights(dense-pin)
[UNIFIED-CACHE] lease ring for name_hash=0xbe3c27e272f3ab58: seq=0+acquire:direct_stage_weight/mirror seq=1+acquire:direct_stage_weight/publish-out_handle seq=2+acquire:mem_handle/copy-assign seq=3-release:mem_handle/release_lease_state
[UNIFIED-CACHE] reclaim_weight_entries preserving leased model weight model=0 name_hash=0xe7d3c5e727a81c4d layout=0 leases=2 owners=0x00000001 site=extra->data_handle[]/preload_model_weights(dense-pin)
[UNIFIED-CACHE] lease ring for name_hash=0xe7d3c5e727a81c4d: seq=0+acquire:direct_stage_weight/mirror seq=1+acquire:direct_stage_weight/publish-out_handle seq=2+acquire:mem_handle/copy-assign seq=3-release:mem_handle/release_lease_state
[UNIFIED-CACHE] reclaim_weight_entries preserving leased model weight model=0 name_hash=0xbcde7c22847b8f24 layout=0 leases=2 owners=0x00000001 site=extra->data_handle[]/preload_model_weights(dense-pin)
[UNIFIED-CACHE] lease ring for name_hash=0xbcde7c22847b8f24: seq=0+acquire:direct_stage_weight/mirror seq=1+acquire:direct_stage_weight/publish-out_handle seq=2+acquire:mem_handle/copy-assign seq=3-release:mem_handle/release_lease_state
[UNIFIED-CACHE] reclaim_weight_entries preserving leased model weight model=0 name_hash=0x3a931c14a53d5960 layout=0 leases=2 owners=0x00000001 site=extra->data_handle[]/preload_model_weights(dense-pin)
[UNIFIED-CACHE] lease ring for name_hash=0x3a931c14a53d5960: seq=0+acquire:direct_stage_weight/mirror seq=1+acquire:direct_stage_weight/publish-out_handle seq=2+acquire:mem_handle/copy-assign seq=3-release:mem_handle/release_lease_state
[UNIFIED-CACHE] reclaim_weight_entries preserving leased model weight model=0 name_hash=0x38771636bce5a702 layout=0 leases=2 owners=0x00000001 site=extra->data_handle[]/preload_model_weights(dense-pin)
[UNIFIED-CACHE] lease ring for name_hash=0x38771636bce5a702: seq=0+acquire:direct_stage_weight/mirror seq=1+acquire:direct_stage_weight/publish-out_handle seq=2+acquire:mem_handle/copy-assign seq=3-release:mem_handle/release_lease_state
[UNIFIED-CACHE] reclaim_weight_entries preserving leased model weight model=0 name_hash=0xe5a443ece75be10e layout=0 leases=2 owners=0x00000001 site=extra->data_handle[]/preload_model_weights(dense-pin)
[UNIFIED-CACHE] lease ring for name_hash=0xe5a443ece75be10e: seq=0+acquire:direct_stage_weight/mirror seq=1+acquire:direct_stage_weight/publish-out_handle seq=2+acquire:mem_handle/copy-assign seq=3-release:mem_handle/release_lease_state
[UNIFIED-CACHE] reclaim_weight_entries preserving leased model weight model=0 name_hash=0xe9ca1d4053ae41f9 layout=0 leases=2 owners=0x00000001 site=extra->data_handle[]/preload_model_weights(dense-pin)
[UNIFIED-CACHE] lease ring for name_hash=0xe9ca1d4053ae41f9: seq=0+acquire:direct_stage_weight/mirror seq=1+acquire:direct_stage_weight/publish-out_handle seq=2+acquire:mem_handle/copy-assign seq=3-release:mem_handle/release_lease_state
[UNIFIED-CACHE] reclaim_weight_entries preserving leased model weight model=2 name_hash=0xc0bcce7fc727feb8 layout=0 leases=1 owners=0x00000000 site=extra->data_handle[]/preload_model_weights(dense-pin)
[UNIFIED-CACHE] lease ring for name_hash=0xc0bcce7fc727feb8: seq=0+acquire:direct_stage_weight/mirror seq=1+acquire:direct_stage_weight/publish-out_handle seq=2+acquire:mem_handle/copy-assign seq=3-release:mem_handle/release_lease_state seq=4-release:mem_handle/release_lease_state
[UNIFIED-CACHE] reclaim_weight_entries preserving leased model weight model=2 name_hash=0xe7d3c5e727a81c4d layout=0 leases=1 owners=0x00000000 site=extra->data_handle[]/preload_model_weights(dense-pin)
[UNIFIED-CACHE] lease ring for name_hash=0xe7d3c5e727a81c4d: seq=0+acquire:direct_stage_weight/mirror seq=1+acquire:direct_stage_weight/publish-out_handle seq=2+acquire:mem_handle/copy-assign seq=3-release:mem_handle/release_lease_state seq=4-release:mem_handle/release_lease_state
[UNIFIED-CACHE] reclaim_weight_entries preserving leased model weight model=0 name_hash=0x311b9ae764a4abcf layout=0 leases=2 owners=0x00000001 site=extra->data_handle[]/preload_model_weights(dense-pin)
[UNIFIED-CACHE] lease ring for name_hash=0x311b9ae764a4abcf: seq=0+acquire:direct_stage_weight/mirror seq=1+acquire:direct_stage_weight/publish-out_handle seq=2+acquire:mem_handle/copy-assign seq=3-release:mem_handle/release_lease_state
[UNIFIED-CACHE] reclaim_weight_entries preserving leased model weight model=0 name_hash=0xab8cfe3bf6a50b9c layout=0 leases=2 owners=0x00000001 site=extra->data_handle[]/preload_model_weights(dense-pin)
[UNIFIED-CACHE] lease ring for name_hash=0xab8cfe3bf6a50b9c: seq=0+acquire:direct_stage_weight/mirror seq=1+acquire:direct_stage_weight/publish-out_handle seq=2+acquire:mem_handle/copy-assign seq=3-release:mem_handle/release_lease_state
[UNIFIED-CACHE] reclaim_weight_entries preserving leased model weight model=0 name_hash=0xb09204520b9c97f0 layout=0 leases=2 owners=0x00000001 site=extra->data_handle[]/preload_model_weights(dense-pin)
[UNIFIED-CACHE] lease ring for name_hash=0xb09204520b9c97f0: seq=0+acquire:direct_stage_weight/mirror seq=1+acquire:direct_stage_weight/publish-out_handle seq=2+acquire:mem_handle/copy-assign seq=3-release:mem_handle/release_lease_state
[UNIFIED-CACHE] reclaim_weight_entries preserving leased model weight model=2 name_hash=0xddb603f9cd448660 layout=0 leases=1 owners=0x00000000 site=extra->data_handle[]/preload_model_weights(dense-pin)
[UNIFIED-CACHE] lease ring for name_hash=0xddb603f9cd448660: seq=0+acquire:direct_stage_weight/mirror seq=1+acquire:direct_stage_weight/publish-out_handle seq=2+acquire:mem_handle/copy-assign seq=3-release:mem_handle/release_lease_state seq=4-release:mem_handle/release_lease_state
[UNIFIED-CACHE] reclaim_weight_entries preserving leased model weight model=2 name_hash=0xef3db2028fcb16a3 layout=0 leases=1 owners=0x00000000 site=extra->data_handle[]/preload_model_weights(dense-pin)
[UNIFIED-CACHE] lease ring for name_hash=0xef3db2028fcb16a3: seq=0+acquire:direct_stage_weight/mirror seq=1+acquire:direct_stage_weight/publish-out_handle seq=2+acquire:mem_handle/copy-assign seq=3-release:mem_handle/release_lease_state seq=4-release:mem_handle/release_lease_state
[UNIFIED-CACHE] reclaim_weight_entries preserving leased model weight model=0 name_hash=0xddb603f9cd448660 layout=0 leases=2 owners=0x00000001 site=extra->data_handle[]/preload_model_weights(dense-pin)
[UNIFIED-CACHE] lease ring for name_hash=0xddb603f9cd448660: seq=0+acquire:direct_stage_weight/mirror seq=1+acquire:direct_stage_weight/publish-out_handle seq=2+acquire:mem_handle/copy-assign seq=3-release:mem_handle/release_lease_state
[UNIFIED-CACHE] reclaim_weight_entries preserving leased model weight model=0 name_hash=0x6fef520cddfce3c0 layout=0 leases=2 owners=0x00000001 site=extra->data_handle[]/preload_model_weights(dense-pin)
[UNIFIED-CACHE] lease ring for name_hash=0x6fef520cddfce3c0: seq=0+acquire:direct_stage_weight/mirror seq=1+acquire:direct_stage_weight/publish-out_handle seq=2+acquire:mem_handle/copy-assign seq=3-release:mem_handle/release_lease_state
[UNIFIED-CACHE] reclaim_weight_entries preserving leased model weight model=0 name_hash=0xaed088ad06d329a3 layout=0 leases=2 owners=0x00000001 site=extra->data_handle[]/preload_model_weights(dense-pin)
[UNIFIED-CACHE] lease ring for name_hash=0xaed088ad06d329a3: seq=0+acquire:direct_stage_weight/mirror seq=1+acquire:direct_stage_weight/publish-out_handle seq=2+acquire:mem_handle/copy-assign seq=3-release:mem_handle/release_lease_state
[UNIFIED-CACHE] reclaim_weight_entries preserving leased model weight model=2 name_hash=0x47466764d37e580d layout=0 leases=1 owners=0x00000000 site=extra->data_handle[]/preload_model_weights(dense-pin)
[UNIFIED-CACHE] lease ring for name_hash=0x47466764d37e580d: seq=0+acquire:direct_stage_weight/mirror seq=1+acquire:direct_stage_weight/publish-out_handle seq=2+acquire:mem_handle/copy-assign seq=3-release:mem_handle/release_lease_state seq=4-release:mem_handle/release_lease_state
[UNIFIED-CACHE] reclaim_weight_entries preserving leased model weight model=0 name_hash=0xd46dcd1b728c981f layout=0 leases=2 owners=0x00000001 site=extra->data_handle[]/preload_model_weights(dense-pin)
[UNIFIED-CACHE] lease ring for name_hash=0xd46dcd1b728c981f: seq=0+acquire:direct_stage_weight/mirror seq=1+acquire:direct_stage_weight/publish-out_handle seq=2+acquire:mem_handle/copy-assign seq=3-release:mem_handle/release_lease_state
[UNIFIED-CACHE] reclaim_weight_entries preserving leased model weight model=0 name_hash=0x6059a543aef7dbb7 layout=0 leases=2 owners=0x00000001 site=extra->data_handle[]/preload_model_weights(dense-pin)
[UNIFIED-CACHE] lease ring for name_hash=0x6059a543aef7dbb7: seq=0+acquire:direct_stage_weight/mirror seq=1+acquire:direct_stage_weight/publish-out_handle seq=2+acquire:mem_handle/copy-assign seq=3-release:mem_handle/release_lease_state
[UNIFIED-CACHE] reclaim_weight_entries preserving leased model weight model=0 name_hash=0x15380309041992d9 layout=0 leases=2 owners=0x00000001 site=extra->data_handle[]/preload_model_weights(dense-pin)
[UNIFIED-CACHE] lease ring for name_hash=0x15380309041992d9: seq=0+acquire:direct_stage_weight/mirror seq=1+acquire:direct_stage_weight/publish-out_handle seq=2+acquire:mem_handle/copy-assign seq=3-release:mem_handle/release_lease_state
[UNIFIED-CACHE] reclaim_weight_entries preserving leased model weight model=2 name_hash=0x15380309041992d9 layout=0 leases=1 owners=0x00000000 site=extra->data_handle[]/preload_model_weights(dense-pin)
[UNIFIED-CACHE] lease ring for name_hash=0x15380309041992d9: seq=0+acquire:direct_stage_weight/mirror seq=1+acquire:direct_stage_weight/publish-out_handle seq=2+acquire:mem_handle/copy-assign seq=3-release:mem_handle/release_lease_state seq=4-release:mem_handle/release_lease_state
[UNIFIED-CACHE] reclaim_weight_entries preserving leased model weight model=0 name_hash=0xad045d15402c08d3 layout=0 leases=2 owners=0x00000001 site=extra->data_handle[]/preload_model_weights(dense-pin)
[UNIFIED-CACHE] lease ring for name_hash=0xad045d15402c08d3: seq=0+acquire:direct_stage_weight/mirror seq=1+acquire:direct_stage_weight/publish-out_handle seq=2+acquire:mem_handle/copy-assign seq=3-release:mem_handle/release_lease_state
[UNIFIED-CACHE] reclaim_weight_entries preserving leased model weight model=0 name_hash=0x348b7dd451046514 layout=0 leases=2 owners=0x00000001 site=extra->data_handle[]/preload_model_weights(dense-pin)
[UNIFIED-CACHE] lease ring for name_hash=0x348b7dd451046514: seq=0+acquire:direct_stage_weight/mirror seq=1+acquire:direct_stage_weight/publish-out_handle seq=2+acquire:mem_handle/copy-assign seq=3-release:mem_handle/release_lease_state
[UNIFIED-CACHE] reclaim_weight_entries preserving leased model weight model=0 name_hash=0xeb54b67e9f099c46 layout=0 leases=2 owners=0x00000001 site=extra->data_handle[]/preload_model_weights(dense-pin)
[UNIFIED-CACHE] lease ring for name_hash=0xeb54b67e9f099c46: seq=0+acquire:direct_stage_weight/mirror seq=1+acquire:direct_stage_weight/publish-out_handle seq=2+acquire:mem_handle/copy-assign seq=3-release:mem_handle/release_lease_state
[UNIFIED-CACHE] reclaim_weight_entries preserving leased model weight model=0 name_hash=0xc3a0bc9f0504d35c layout=0 leases=2 owners=0x00000001 site=extra->data_handle[]/preload_model_weights(dense-pin)
[UNIFIED-CACHE] lease ring for name_hash=0xc3a0bc9f0504d35c: seq=0+acquire:direct_stage_weight/mirror seq=1+acquire:direct_stage_weight/publish-out_handle seq=2+acquire:mem_handle/copy-assign seq=3-release:mem_handle/release_lease_state
[UNIFIED-CACHE] reclaim_weight_entries preserving leased model weight model=0 name_hash=0xef3db2028fcb16a3 layout=0 leases=2 owners=0x00000001 site=extra->data_handle[]/preload_model_weights(dense-pin)
[UNIFIED-CACHE] lease ring for name_hash=0xef3db2028fcb16a3: seq=0+acquire:direct_stage_weight/mirror seq=1+acquire:direct_stage_weight/publish-out_handle seq=2+acquire:mem_handle/copy-assign seq=3-release:mem_handle/release_lease_state
[UNIFIED-CACHE] reclaim_weight_entries preserving leased model weight model=0 name_hash=0x74919db2149cd436 layout=0 leases=2 owners=0x00000001 site=extra->data_handle[]/preload_model_weights(dense-pin)
[UNIFIED-CACHE] lease ring for name_hash=0x74919db2149cd436: seq=0+acquire:direct_stage_weight/mirror seq=1+acquire:direct_stage_weight/publish-out_handle seq=2+acquire:mem_handle/copy-assign seq=3-release:mem_handle/release_lease_state
[UNIFIED-CACHE] reclaim_weight_entries preserving leased model weight model=0 name_hash=0xd16c818664a0cc0a layout=0 leases=2 owners=0x00000001 site=extra->data_handle[]/preload_model_weights(dense-pin)
[UNIFIED-CACHE] lease ring for name_hash=0xd16c818664a0cc0a: seq=0+acquire:direct_stage_weight/mirror seq=1+acquire:direct_stage_weight/publish-out_handle seq=2+acquire:mem_handle/copy-assign seq=3-release:mem_handle/release_lease_state
[UNIFIED-CACHE] reclaim_weight_entries preserving leased model weight model=0 name_hash=0x582991162916c4b3 layout=0 leases=2 owners=0x00000001 site=extra->data_handle[]/preload_model_weights(dense-pin)
[UNIFIED-CACHE] lease ring for name_hash=0x582991162916c4b3: seq=0+acquire:direct_stage_weight/mirror seq=1+acquire:direct_stage_weight/publish-out_handle seq=2+acquire:mem_handle/copy-assign seq=3-release:mem_handle/release_lease_state
[UNIFIED-CACHE] reclaim_weight_entries preserving leased model weight model=2 name_hash=0xe4065a55adaaf03f layout=0 leases=1 owners=0x00000000 site=extra->data_handle[]/preload_model_weights(dense-pin)
[UNIFIED-CACHE] lease ring for name_hash=0xe4065a55adaaf03f: seq=0+acquire:direct_stage_weight/mirror seq=1+acquire:direct_stage_weight/publish-out_handle seq=2+acquire:mem_handle/copy-assign seq=3-release:mem_handle/release_lease_state seq=4-release:mem_handle/release_lease_state
[UNIFIED-CACHE] reclaim_weight_entries preserving leased model weight model=0 name_hash=0x3779a6d76e4c7ee2 layout=0 leases=2 owners=0x00000001 site=extra->data_handle[]/preload_model_weights(dense-pin)
[UNIFIED-CACHE] lease ring for name_hash=0x3779a6d76e4c7ee2: seq=0+acquire:direct_stage_weight/mirror seq=1+acquire:direct_stage_weight/publish-out_handle seq=2+acquire:mem_handle/copy-assign seq=3-release:mem_handle/release_lease_state
[UNIFIED-CACHE] reclaim_weight_entries preserving leased model weight model=0 name_hash=0xe30c0751e9ab32a9 layout=0 leases=2 owners=0x00000001 site=extra->data_handle[]/preload_model_weights(dense-pin)
[UNIFIED-CACHE] lease ring for name_hash=0xe30c0751e9ab32a9: seq=0+acquire:direct_stage_weight/mirror seq=1+acquire:direct_stage_weight/publish-out_handle seq=2+acquire:mem_handle/copy-assign seq=3-release:mem_handle/release_lease_state
[UNIFIED-CACHE] reclaim_weight_entries preserving leased model weight model=0 name_hash=0xf6a1f79a2dffe780 layout=0 leases=2 owners=0x00000001 site=extra->data_handle[]/preload_model_weights(dense-pin)
[UNIFIED-CACHE] lease ring for name_hash=0xf6a1f79a2dffe780: seq=0+acquire:direct_stage_weight/mirror seq=1+acquire:direct_stage_weight/publish-out_handle seq=2+acquire:mem_handle/copy-assign seq=3-release:mem_handle/release_lease_state
[UNIFIED-CACHE] reclaim_weight_entries preserving leased model weight model=0 name_hash=0xb235334776d9c72d layout=0 leases=2 owners=0x00000001 site=extra->data_handle[]/preload_model_weights(dense-pin)
[UNIFIED-CACHE] lease ring for name_hash=0xb235334776d9c72d: seq=0+acquire:direct_stage_weight/mirror seq=1+acquire:direct_stage_weight/publish-out_handle seq=2+acquire:mem_handle/copy-assign seq=3-release:mem_handle/release_lease_state
[UNIFIED-CACHE] reclaim_weight_entries preserving leased model weight model=0 name_hash=0xe34f3e7aafdba3a5 layout=0 leases=2 owners=0x00000001 site=extra->data_handle[]/preload_model_weights(dense-pin)
[UNIFIED-CACHE] lease ring for name_hash=0xe34f3e7aafdba3a5: seq=0+acquire:direct_stage_weight/mirror seq=1+acquire:direct_stage_weight/publish-out_handle seq=2+acquire:mem_handle/copy-assign seq=3-release:mem_handle/release_lease_state
[UNIFIED-CACHE] reclaim_weight_entries preserving leased model weight model=0 name_hash=0xf0969627acaaadf3 layout=0 leases=2 owners=0x00000001 site=extra->data_handle[]/preload_model_weights(dense-pin)
[UNIFIED-CACHE] lease ring for name_hash=0xf0969627acaaadf3: seq=0+acquire:direct_stage_weight/mirror seq=1+acquire:direct_stage_weight/publish-out_handle seq=2+acquire:mem_handle/copy-assign seq=3-release:mem_handle/release_lease_state
[UNIFIED-CACHE] reclaim_weight_entries preserving leased model weight model=0 name_hash=0xe4065a55adaaf03f layout=0 leases=2 owners=0x00000001 site=extra->data_handle[]/preload_model_weights(dense-pin)
[UNIFIED-CACHE] lease ring for name_hash=0xe4065a55adaaf03f: seq=0+acquire:direct_stage_weight/mirror seq=1+acquire:direct_stage_weight/publish-out_handle seq=2+acquire:mem_handle/copy-assign seq=3-release:mem_handle/release_lease_state
[UNIFIED-CACHE] reclaim_weight_entries preserving leased model weight model=2 name_hash=0xe34f3e7aafdba3a5 layout=0 leases=1 owners=0x00000000 site=extra->data_handle[]/preload_model_weights(dense-pin)
[UNIFIED-CACHE] lease ring for name_hash=0xe34f3e7aafdba3a5: seq=0+acquire:direct_stage_weight/mirror seq=1+acquire:direct_stage_weight/publish-out_handle seq=2+acquire:mem_handle/copy-assign seq=3-release:mem_handle/release_lease_state seq=4-release:mem_handle/release_lease_state
[UNIFIED-CACHE] reclaim_weight_entries preserving leased model weight model=0 name_hash=0xdf7c04510f974718 layout=0 leases=2 owners=0x00000001 site=extra->data_handle[]/preload_model_weights(dense-pin)
[UNIFIED-CACHE] lease ring for name_hash=0xdf7c04510f974718: seq=0+acquire:direct_stage_weight/mirror seq=1+acquire:direct_stage_weight/publish-out_handle seq=2+acquire:mem_handle/copy-assign seq=3-release:mem_handle/release_lease_state
[UNIFIED-CACHE] reclaim_weight_entries preserving leased model weight model=0 name_hash=0x6bbc0b27530c18fc layout=0 leases=2 owners=0x00000001 site=extra->data_handle[]/preload_model_weights(dense-pin)
[UNIFIED-CACHE] lease ring for name_hash=0x6bbc0b27530c18fc: seq=0+acquire:direct_stage_weight/mirror seq=1+acquire:direct_stage_weight/publish-out_handle seq=2+acquire:mem_handle/copy-assign seq=3-release:mem_handle/release_lease_state
[UNIFIED-CACHE] reclaim_weight_entries preserving leased model weight model=2 name_hash=0x6fef520cddfce3c0 layout=0 leases=1 owners=0x00000000 site=extra->data_handle[]/preload_model_weights(dense-pin)
[UNIFIED-CACHE] lease ring for name_hash=0x6fef520cddfce3c0: seq=0+acquire:direct_stage_weight/mirror seq=1+acquire:direct_stage_weight/publish-out_handle seq=2+acquire:mem_handle/copy-assign seq=3-release:mem_handle/release_lease_state seq=4-release:mem_handle/release_lease_state
[UNIFIED-CACHE] reclaim_weight_entries preserving leased model weight model=0 name_hash=0xd04126154633d92a layout=0 leases=2 owners=0x00000001 site=extra->data_handle[]/preload_model_weights(dense-pin)
[UNIFIED-CACHE] lease ring for name_hash=0xd04126154633d92a: seq=0+acquire:direct_stage_weight/mirror seq=1+acquire:direct_stage_weight/publish-out_handle seq=2+acquire:mem_handle/copy-assign seq=3-release:mem_handle/release_lease_state
[UNIFIED-CACHE] reclaim_weight_entries preserving leased model weight model=0 name_hash=0xa7d836df53ff49d4 layout=0 leases=2 owners=0x00000001 site=extra->data_handle[]/preload_model_weights(dense-pin)
[UNIFIED-CACHE] lease ring for name_hash=0xa7d836df53ff49d4: seq=0+acquire:direct_stage_weight/mirror seq=1+acquire:direct_stage_weight/publish-out_handle seq=2+acquire:mem_handle/copy-assign seq=3-release:mem_handle/release_lease_state
[UNIFIED-CACHE] reclaim_weight_entries preserving leased model weight model=2 name_hash=0x348b7dd451046514 layout=0 leases=1 owners=0x00000000 site=extra->data_handle[]/preload_model_weights(dense-pin)
[UNIFIED-CACHE] lease ring for name_hash=0x348b7dd451046514: seq=0+acquire:direct_stage_weight/mirror seq=1+acquire:direct_stage_weight/publish-out_handle seq=2+acquire:mem_handle/copy-assign seq=3-release:mem_handle/release_lease_state seq=4-release:mem_handle/release_lease_state
[UNIFIED-CACHE] reclaim_weight_entries preserving leased model weight model=0 name_hash=0x3ba5a6821b6511e0 layout=0 leases=2 owners=0x00000001 site=extra->data_handle[]/preload_model_weights(dense-pin)
[UNIFIED-CACHE] lease ring for name_hash=0x3ba5a6821b6511e0: seq=0+acquire:direct_stage_weight/mirror seq=1+acquire:direct_stage_weight/publish-out_handle seq=2+acquire:mem_handle/copy-assign seq=3-release:mem_handle/release_lease_state
[UNIFIED-CACHE] reclaim_weight_entries preserving leased model weight model=0 name_hash=0x6d5c481c06ed6b1c layout=0 leases=2 owners=0x00000001 site=extra->data_handle[]/preload_model_weights(dense-pin)
[UNIFIED-CACHE] lease ring for name_hash=0x6d5c481c06ed6b1c: seq=0+acquire:direct_stage_weight/mirror seq=1+acquire:direct_stage_weight/publish-out_handle seq=2+acquire:mem_handle/copy-assign seq=3-release:mem_handle/release_lease_state
[UNIFIED-CACHE] reclaim_weight_entries preserving leased model weight model=0 name_hash=0xb279802dbf02ec50 layout=0 leases=2 owners=0x00000001 site=extra->data_handle[]/preload_model_weights(dense-pin)
[UNIFIED-CACHE] lease ring for name_hash=0xb279802dbf02ec50: seq=0+acquire:direct_stage_weight/mirror seq=1+acquire:direct_stage_weight/publish-out_handle seq=2+acquire:mem_handle/copy-assign seq=3-release:mem_handle/release_lease_state
[UNIFIED-CACHE] reclaim_weight_entries preserving leased model weight model=0 name_hash=0x5c0dc55f0f5cf2d3 layout=0 leases=2 owners=0x00000001 site=extra->data_handle[]/preload_model_weights(dense-pin)
[UNIFIED-CACHE] lease ring for name_hash=0x5c0dc55f0f5cf2d3: seq=0+acquire:direct_stage_weight/mirror seq=1+acquire:direct_stage_weight/publish-out_handle seq=2+acquire:mem_handle/copy-assign seq=3-release:mem_handle/release_lease_state
[UNIFIED-CACHE] reclaim_weight_entries preserving leased model weight model=2 name_hash=0x74919db2149cd436 layout=0 leases=1 owners=0x00000000 site=extra->data_handle[]/preload_model_weights(dense-pin)
[UNIFIED-CACHE] lease ring for name_hash=0x74919db2149cd436: seq=0+acquire:direct_stage_weight/mirror seq=1+acquire:direct_stage_weight/publish-out_handle seq=2+acquire:mem_handle/copy-assign seq=3-release:mem_handle/release_lease_state seq=4-release:mem_handle/release_lease_state
[UNIFIED-CACHE] reclaim_weight_entries preserving leased model weight model=0 name_hash=0x47466764d37e580d layout=0 leases=2 owners=0x00000001 site=extra->data_handle[]/preload_model_weights(dense-pin)
[UNIFIED-CACHE] lease ring for name_hash=0x47466764d37e580d: seq=0+acquire:direct_stage_weight/mirror seq=1+acquire:direct_stage_weight/publish-out_handle seq=2+acquire:mem_handle/copy-assign seq=3-release:mem_handle/release_lease_state
[UNIFIED-CACHE] reclaim_weight_entries preserving leased model weight model=0 name_hash=0x38f421c0f38eec13 layout=0 leases=2 owners=0x00000001 site=extra->data_handle[]/preload_model_weights(dense-pin)
[UNIFIED-CACHE] lease ring for name_hash=0x38f421c0f38eec13: seq=0+acquire:direct_stage_weight/mirror seq=1+acquire:direct_stage_weight/publish-out_handle seq=2+acquire:mem_handle/copy-assign seq=3-release:mem_handle/release_lease_state
[UNIFIED-CACHE] reclaim_weight_entries preserving leased model weight model=2 name_hash=0x4e1cae023ae18c67 layout=0 leases=1 owners=0x00000000 site=extra->data_handle[]/preload_model_weights(dense-pin)
[UNIFIED-CACHE] lease ring for name_hash=0x4e1cae023ae18c67: seq=0+acquire:direct_stage_weight/mirror seq=1+acquire:direct_stage_weight/publish-out_handle seq=2+acquire:mem_handle/copy-assign seq=3-release:mem_handle/release_lease_state seq=4-release:mem_handle/release_lease_state
[UNIFIED-CACHE] reclaim_weight_entries preserving leased model weight model=2 name_hash=0xe5a443ece75be10e layout=0 leases=1 owners=0x00000000 site=extra->data_handle[]/preload_model_weights(dense-pin)
[UNIFIED-CACHE] lease ring for name_hash=0xe5a443ece75be10e: seq=0+acquire:direct_stage_weight/mirror seq=1+acquire:direct_stage_weight/publish-out_handle seq=2+acquire:mem_handle/copy-assign seq=3-release:mem_handle/release_lease_state seq=4-release:mem_handle/release_lease_state
[UNIFIED-CACHE] reclaim_weight_entries preserving leased model weight model=2 name_hash=0xc65810b3308e2a65 layout=0 leases=1 owners=0x00000000 site=extra->data_handle[]/preload_model_weights(dense-pin)
[UNIFIED-CACHE] lease ring for name_hash=0xc65810b3308e2a65: seq=0+acquire:direct_stage_weight/mirror seq=1+acquire:direct_stage_weight/publish-out_handle seq=2+acquire:mem_handle/copy-assign seq=3-release:mem_handle/release_lease_state seq=4-release:mem_handle/release_lease_state
[UNIFIED-CACHE] reclaim_weight_entries preserving leased model weight model=0 name_hash=0x891936947be60d4d layout=0 leases=2 owners=0x00000001 site=extra->data_handle[]/preload_model_weights(dense-pin)
[UNIFIED-CACHE] lease ring for name_hash=0x891936947be60d4d: seq=0+acquire:direct_stage_weight/mirror seq=1+acquire:direct_stage_weight/publish-out_handle seq=2+acquire:mem_handle/copy-assign seq=3-release:mem_handle/release_lease_state
[UNIFIED-CACHE] reclaim_weight_entries preserving leased model weight model=2 name_hash=0x64cda8f8043233df layout=0 leases=1 owners=0x00000000 site=extra->data_handle[]/preload_model_weights(dense-pin)
[UNIFIED-CACHE] lease ring for name_hash=0x64cda8f8043233df: seq=0+acquire:direct_stage_weight/mirror seq=1+acquire:direct_stage_weight/publish-out_handle seq=2+acquire:mem_handle/copy-assign seq=3-release:mem_handle/release_lease_state seq=4-release:mem_handle/release_lease_state
[UNIFIED-CACHE] reclaim_weight_entries preserving leased model weight model=0 name_hash=0xd5fed533d7a9f43d layout=0 leases=2 owners=0x00000001 site=extra->data_handle[]/preload_model_weights(dense-pin)
[UNIFIED-CACHE] lease ring for name_hash=0xd5fed533d7a9f43d: seq=0+acquire:direct_stage_weight/mirror seq=1+acquire:direct_stage_weight/publish-out_handle seq=2+acquire:mem_handle/copy-assign seq=3-release:mem_handle/release_lease_state
[UNIFIED-CACHE] reclaim_weight_entries preserving leased model weight model=0 name_hash=0x1ede8821e8d02fde layout=0 leases=2 owners=0x00000001 site=extra->data_handle[]/preload_model_weights(dense-pin)
[UNIFIED-CACHE] lease ring for name_hash=0x1ede8821e8d02fde: seq=0+acquire:direct_stage_weight/mirror seq=1+acquire:direct_stage_weight/publish-out_handle seq=2+acquire:mem_handle/copy-assign seq=3-release:mem_handle/release_lease_state
[UNIFIED-CACHE] reclaim_weight_entries preserving leased model weight model=2 name_hash=0xb235334776d9c72d layout=0 leases=1 owners=0x00000000 site=extra->data_handle[]/preload_model_weights(dense-pin)
[UNIFIED-CACHE] lease ring for name_hash=0xb235334776d9c72d: seq=0+acquire:direct_stage_weight/mirror seq=1+acquire:direct_stage_weight/publish-out_handle seq=2+acquire:mem_handle/copy-assign seq=3-release:mem_handle/release_lease_state seq=4-release:mem_handle/release_lease_state
[UNIFIED-CACHE] reclaim_weight_entries preserving leased model weight model=0 name_hash=0x6dec5f18f0f78e5a layout=0 leases=2 owners=0x00000001 site=extra->data_handle[]/preload_model_weights(dense-pin)
[UNIFIED-CACHE] lease ring for name_hash=0x6dec5f18f0f78e5a: seq=0+acquire:direct_stage_weight/mirror seq=1+acquire:direct_stage_weight/publish-out_handle seq=2+acquire:mem_handle/copy-assign seq=3-release:mem_handle/release_lease_state
[UNIFIED-CACHE] reclaim_weight_entries preserving leased model weight model=0 name_hash=0x6fcc54bc8ac0ed91 layout=0 leases=2 owners=0x00000001 site=extra->data_handle[]/preload_model_weights(dense-pin)
[UNIFIED-CACHE] lease ring for name_hash=0x6fcc54bc8ac0ed91: seq=0+acquire:direct_stage_weight/mirror seq=1+acquire:direct_stage_weight/publish-out_handle seq=2+acquire:mem_handle/copy-assign seq=3-release:mem_handle/release_lease_state
[UNIFIED-CACHE] reclaim_weight_entries preserving leased model weight model=0 name_hash=0xecb90fa9456ad029 layout=0 leases=2 owners=0x00000001 site=extra->data_handle[]/preload_model_weights(dense-pin)
[UNIFIED-CACHE] lease ring for name_hash=0xecb90fa9456ad029: seq=0+acquire:direct_stage_weight/mirror seq=1+acquire:direct_stage_weight/publish-out_handle seq=2+acquire:mem_handle/copy-assign seq=3-release:mem_handle/release_lease_state
[UNIFIED-CACHE] reclaim_weight_entries preserving leased model weight model=2 name_hash=0xac38173202bd7abb layout=0 leases=1 owners=0x00000000 site=extra->data_handle[]/preload_model_weights(dense-pin)
[UNIFIED-CACHE] lease ring for name_hash=0xac38173202bd7abb: seq=0+acquire:direct_stage_weight/mirror seq=1+acquire:direct_stage_weight/publish-out_handle seq=2+acquire:mem_handle/copy-assign seq=3-release:mem_handle/release_lease_state seq=4-release:mem_handle/release_lease_state
[UNIFIED-CACHE] reclaim_weight_entries preserving leased model weight model=0 name_hash=0x708f6c2b4615257e layout=0 leases=2 owners=0x00000001 site=extra->data_handle[]/preload_model_weights(dense-pin)
[UNIFIED-CACHE] lease ring for name_hash=0x708f6c2b4615257e: seq=0+acquire:direct_stage_weight/mirror seq=1+acquire:direct_stage_weight/publish-out_handle seq=2+acquire:mem_handle/copy-assign seq=3-release:mem_handle/release_lease_state
[UNIFIED-CACHE] reclaim_weight_entries preserving leased model weight model=0 name_hash=0x4e1cae023ae18c67 layout=0 leases=2 owners=0x00000001 site=extra->data_handle[]/preload_model_weights(dense-pin)
[UNIFIED-CACHE] lease ring for name_hash=0x4e1cae023ae18c67: seq=0+acquire:direct_stage_weight/mirror seq=1+acquire:direct_stage_weight/publish-out_handle seq=2+acquire:mem_handle/copy-assign seq=3-release:mem_handle/release_lease_state
[UNIFIED-CACHE] reclaim_weight_entries preserving leased model weight model=0 name_hash=0x51e0984aef35a252 layout=0 leases=2 owners=0x00000001 site=extra->data_handle[]/preload_model_weights(dense-pin)
[UNIFIED-CACHE] lease ring for name_hash=0x51e0984aef35a252: seq=0+acquire:direct_stage_weight/mirror seq=1+acquire:direct_stage_weight/publish-out_handle seq=2+acquire:mem_handle/copy-assign seq=3-release:mem_handle/release_lease_state
[UNIFIED-CACHE] reclaim_weight_entries preserving leased model weight model=0 name_hash=0xd13690e99048047c layout=0 leases=2 owners=0x00000001 site=extra->data_handle[]/preload_model_weights(dense-pin)
[UNIFIED-CACHE] lease ring for name_hash=0xd13690e99048047c: seq=0+acquire:direct_stage_weight/mirror seq=1+acquire:direct_stage_weight/publish-out_handle seq=2+acquire:mem_handle/copy-assign seq=3-release:mem_handle/release_lease_state
[UNIFIED-CACHE] reclaim_weight_entries preserving leased model weight model=2 name_hash=0xad045d15402c08d3 layout=0 leases=1 owners=0x00000000 site=extra->data_handle[]/preload_model_weights(dense-pin)
[UNIFIED-CACHE] lease ring for name_hash=0xad045d15402c08d3: seq=0+acquire:direct_stage_weight/mirror seq=1+acquire:direct_stage_weight/publish-out_handle seq=2+acquire:mem_handle/copy-assign seq=3-release:mem_handle/release_lease_state seq=4-release:mem_handle/release_lease_state
[UNIFIED-CACHE] reclaim_weight_entries preserving leased model weight model=2 name_hash=0x4599df1b04c6b9fb layout=0 leases=1 owners=0x00000000 site=extra->data_handle[]/preload_model_weights(dense-pin)
[UNIFIED-CACHE] lease ring for name_hash=0x4599df1b04c6b9fb: seq=0+acquire:direct_stage_weight/mirror seq=1+acquire:direct_stage_weight/publish-out_handle seq=2+acquire:mem_handle/copy-assign seq=3-release:mem_handle/release_lease_state seq=4-release:mem_handle/release_lease_state
[UNIFIED-CACHE] reclaim_weight_entries preserving leased model weight model=2 name_hash=0x3ba5a6821b6511e0 layout=0 leases=1 owners=0x00000000 site=extra->data_handle[]/preload_model_weights(dense-pin)
[UNIFIED-CACHE] lease ring for name_hash=0x3ba5a6821b6511e0: seq=0+acquire:direct_stage_weight/mirror seq=1+acquire:direct_stage_weight/publish-out_handle seq=2+acquire:mem_handle/copy-assign seq=3-release:mem_handle/release_lease_state seq=4-release:mem_handle/release_lease_state
[UNIFIED-CACHE] reclaim_weight_entries preserving leased model weight model=2 name_hash=0xab8cfe3bf6a50b9c layout=0 leases=1 owners=0x00000000 site=extra->data_handle[]/preload_model_weights(dense-pin)
[UNIFIED-CACHE] lease ring for name_hash=0xab8cfe3bf6a50b9c: seq=0+acquire:direct_stage_weight/mirror seq=1+acquire:direct_stage_weight/publish-out_handle seq=2+acquire:mem_handle/copy-assign seq=3-release:mem_handle/release_lease_state seq=4-release:mem_handle/release_lease_state
[UNIFIED-CACHE] reclaim_weight_entries preserving leased model weight model=2 name_hash=0x582991162916c4b3 layout=0 leases=1 owners=0x00000000 site=extra->data_handle[]/preload_model_weights(dense-pin)
[UNIFIED-CACHE] lease ring for name_hash=0x582991162916c4b3: seq=0+acquire:direct_stage_weight/mirror seq=1+acquire:direct_stage_weight/publish-out_handle seq=2+acquire:mem_handle/copy-assign seq=3-release:mem_handle/release_lease_state seq=4-release:mem_handle/release_lease_state
[UNIFIED-CACHE] reclaim_weight_entries preserving leased model weight model=0 name_hash=0x4599df1b04c6b9fb layout=0 leases=2 owners=0x00000001 site=extra->data_handle[]/preload_model_weights(dense-pin)
[UNIFIED-CACHE] lease ring for name_hash=0x4599df1b04c6b9fb: seq=0+acquire:direct_stage_weight/mirror seq=1+acquire:direct_stage_weight/publish-out_handle seq=2+acquire:mem_handle/copy-assign seq=3-release:mem_handle/release_lease_state
[UNIFIED-CACHE] reclaim_weight_entries preserving leased model weight model=2 name_hash=0xd46dcd1b728c981f layout=0 leases=1 owners=0x00000000 site=extra->data_handle[]/preload_model_weights(dense-pin)
[UNIFIED-CACHE] lease ring for name_hash=0xd46dcd1b728c981f: seq=0+acquire:direct_stage_weight/mirror seq=1+acquire:direct_stage_weight/publish-out_handle seq=2+acquire:mem_handle/copy-assign seq=3-release:mem_handle/release_lease_state seq=4-release:mem_handle/release_lease_state
[UNIFIED-CACHE] reclaim_weight_entries preserving leased model weight model=2 name_hash=0xd16c818664a0cc0a layout=0 leases=1 owners=0x00000000 site=extra->data_handle[]/preload_model_weights(dense-pin)
[UNIFIED-CACHE] lease ring for name_hash=0xd16c818664a0cc0a: seq=0+acquire:direct_stage_weight/mirror seq=1+acquire:direct_stage_weight/publish-out_handle seq=2+acquire:mem_handle/copy-assign seq=3-release:mem_handle/release_lease_state seq=4-release:mem_handle/release_lease_state
[UNIFIED-CACHE] reclaim_weight_entries preserving leased model weight model=2 name_hash=0xc3a0bc9f0504d35c layout=0 leases=1 owners=0x00000000 site=extra->data_handle[]/preload_model_weights(dense-pin)
[UNIFIED-CACHE] lease ring for name_hash=0xc3a0bc9f0504d35c: seq=0+acquire:direct_stage_weight/mirror seq=1+acquire:direct_stage_weight/publish-out_handle seq=2+acquire:mem_handle/copy-assign seq=3-release:mem_handle/release_lease_state seq=4-release:mem_handle/release_lease_state
[UNIFIED-CACHE] reclaim_weight_entries preserving leased model weight model=2 name_hash=0xdd97f95fa07fec16 layout=0 leases=1 owners=0x00000000 site=extra->data_handle[]/preload_model_weights(dense-pin)
[UNIFIED-CACHE] lease ring for name_hash=0xdd97f95fa07fec16: seq=0+acquire:direct_stage_weight/mirror seq=1+acquire:direct_stage_weight/publish-out_handle seq=2+acquire:mem_handle/copy-assign seq=3-release:mem_handle/release_lease_state seq=4-release:mem_handle/release_lease_state
[UNIFIED-CACHE] reclaim_weight_entries preserving leased model weight model=2 name_hash=0x6bbc0b27530c18fc layout=0 leases=1 owners=0x00000000 site=extra->data_handle[]/preload_model_weights(dense-pin)
[UNIFIED-CACHE] lease ring for name_hash=0x6bbc0b27530c18fc: seq=0+acquire:direct_stage_weight/mirror seq=1+acquire:direct_stage_weight/publish-out_handle seq=2+acquire:mem_handle/copy-assign seq=3-release:mem_handle/release_lease_state seq=4-release:mem_handle/release_lease_state
[UNIFIED-CACHE] reclaim_weight_entries preserving leased model weight model=2 name_hash=0x3779a6d76e4c7ee2 layout=0 leases=1 owners=0x00000000 site=extra->data_handle[]/preload_model_weights(dense-pin)
[UNIFIED-CACHE] lease ring for name_hash=0x3779a6d76e4c7ee2: seq=0+acquire:direct_stage_weight/mirror seq=1+acquire:direct_stage_weight/publish-out_handle seq=2+acquire:mem_handle/copy-assign seq=3-release:mem_handle/release_lease_state seq=4-release:mem_handle/release_lease_state
[UNIFIED-CACHE] reclaim_weight_entries preserving leased model weight model=2 name_hash=0xaed088ad06d329a3 layout=0 leases=1 owners=0x00000000 site=extra->data_handle[]/preload_model_weights(dense-pin)
[UNIFIED-CACHE] lease ring for name_hash=0xaed088ad06d329a3: seq=0+acquire:direct_stage_weight/mirror seq=1+acquire:direct_stage_weight/publish-out_handle seq=2+acquire:mem_handle/copy-assign seq=3-release:mem_handle/release_lease_state seq=4-release:mem_handle/release_lease_state
[UNIFIED-CACHE] reclaim_weight_entries preserving leased model weight model=0 name_hash=0xac38173202bd7abb layout=0 leases=2 owners=0x00000001 site=extra->data_handle[]/preload_model_weights(dense-pin)
[UNIFIED-CACHE] lease ring for name_hash=0xac38173202bd7abb: seq=0+acquire:direct_stage_weight/mirror seq=1+acquire:direct_stage_weight/publish-out_handle seq=2+acquire:mem_handle/copy-assign seq=3-release:mem_handle/release_lease_state
[UNIFIED-CACHE] reclaim_weight_entries preserving leased model weight model=2 name_hash=0xdf7c04510f974718 layout=0 leases=1 owners=0x00000000 site=extra->data_handle[]/preload_model_weights(dense-pin)
[UNIFIED-CACHE] lease ring for name_hash=0xdf7c04510f974718: seq=0+acquire:direct_stage_weight/mirror seq=1+acquire:direct_stage_weight/publish-out_handle seq=2+acquire:mem_handle/copy-assign seq=3-release:mem_handle/release_lease_state seq=4-release:mem_handle/release_lease_state
[UNIFIED-CACHE] reclaim_weight_entries preserving leased model weight model=2 name_hash=0xe30c0751e9ab32a9 layout=0 leases=1 owners=0x00000000 site=extra->data_handle[]/preload_model_weights(dense-pin)
[UNIFIED-CACHE] lease ring for name_hash=0xe30c0751e9ab32a9: seq=0+acquire:direct_stage_weight/mirror seq=1+acquire:direct_stage_weight/publish-out_handle seq=2+acquire:mem_handle/copy-assign seq=3-release:mem_handle/release_lease_state seq=4-release:mem_handle/release_lease_state
[UNIFIED-CACHE] reclaim_weight_entries preserving leased model weight model=2 name_hash=0x213f84667dda1dba layout=0 leases=1 owners=0x00000000 site=extra->data_handle[]/preload_model_weights(dense-pin)
[UNIFIED-CACHE] lease ring for name_hash=0x213f84667dda1dba: seq=0+acquire:direct_stage_weight/mirror seq=1+acquire:direct_stage_weight/publish-out_handle seq=2+acquire:mem_handle/copy-assign seq=3-release:mem_handle/release_lease_state seq=4-release:mem_handle/release_lease_state
[UNIFIED-CACHE] reclaim_weight_entries preserving leased model weight model=2 name_hash=0xae8ba76e3b151d9e layout=0 leases=1 owners=0x00000000 site=extra->data_handle[]/preload_model_weights(dense-pin)
[UNIFIED-CACHE] lease ring for name_hash=0xae8ba76e3b151d9e: seq=0+acquire:direct_stage_weight/mirror seq=1+acquire:direct_stage_weight/publish-out_handle seq=2+acquire:mem_handle/copy-assign seq=3-release:mem_handle/release_lease_state seq=4-release:mem_handle/release_lease_state
[UNIFIED-CACHE] reclaim_weight_entries preserving leased model weight model=0 name_hash=0xa7c2590f0166f6b0 layout=0 leases=2 owners=0x00000001 site=extra->data_handle[]/preload_model_weights(dense-pin)
[UNIFIED-CACHE] lease ring for name_hash=0xa7c2590f0166f6b0: seq=0+acquire:direct_stage_weight/mirror seq=1+acquire:direct_stage_weight/publish-out_handle seq=2+acquire:mem_handle/copy-assign seq=3-release:mem_handle/release_lease_state
[UNIFIED-CACHE] reclaim_weight_entries preserving leased model weight model=2 name_hash=0xb09204520b9c97f0 layout=0 leases=1 owners=0x00000000 site=extra->data_handle[]/preload_model_weights(dense-pin)
[UNIFIED-CACHE] lease ring for name_hash=0xb09204520b9c97f0: seq=0+acquire:direct_stage_weight/mirror seq=1+acquire:direct_stage_weight/publish-out_handle seq=2+acquire:mem_handle/copy-assign seq=3-release:mem_handle/release_lease_state seq=4-release:mem_handle/release_lease_state
[UNIFIED-CACHE] reclaim_weight_entries preserving leased model weight model=2 name_hash=0x6059a543aef7dbb7 layout=0 leases=1 owners=0x00000000 site=extra->data_handle[]/preload_model_weights(dense-pin)
[UNIFIED-CACHE] lease ring for name_hash=0x6059a543aef7dbb7: seq=0+acquire:direct_stage_weight/mirror seq=1+acquire:direct_stage_weight/publish-out_handle seq=2+acquire:mem_handle/copy-assign seq=3-release:mem_handle/release_lease_state seq=4-release:mem_handle/release_lease_state
[UNIFIED-CACHE] reclaim_weight_entries preserving leased model weight model=2 name_hash=0x1ede8821e8d02fde layout=0 leases=1 owners=0x00000000 site=extra->data_handle[]/preload_model_weights(dense-pin)
[UNIFIED-CACHE] lease ring for name_hash=0x1ede8821e8d02fde: seq=0+acquire:direct_stage_weight/mirror seq=1+acquire:direct_stage_weight/publish-out_handle seq=2+acquire:mem_handle/copy-assign seq=3-release:mem_handle/release_lease_state seq=4-release:mem_handle/release_lease_state
[UNIFIED-CACHE] reclaim_weight_entries preserving leased model weight model=2 name_hash=0xa7d836df53ff49d4 layout=0 leases=1 owners=0x00000000 site=extra->data_handle[]/preload_model_weights(dense-pin)
[UNIFIED-CACHE] lease ring for name_hash=0xa7d836df53ff49d4: seq=0+acquire:direct_stage_weight/mirror seq=1+acquire:direct_stage_weight/publish-out_handle seq=2+acquire:mem_handle/copy-assign seq=3-release:mem_handle/release_lease_state seq=4-release:mem_handle/release_lease_state
[UNIFIED-CACHE] reclaim_weight_entries preserving leased model weight model=2 name_hash=0xeb54b67e9f099c46 layout=0 leases=1 owners=0x00000000 site=extra->data_handle[]/preload_model_weights(dense-pin)
[UNIFIED-CACHE] lease ring for name_hash=0xeb54b67e9f099c46: seq=0+acquire:direct_stage_weight/mirror seq=1+acquire:direct_stage_weight/publish-out_handle seq=2+acquire:mem_handle/copy-assign seq=3-release:mem_handle/release_lease_state seq=4-release:mem_handle/release_lease_state
[UNIFIED-CACHE] reclaim_weight_entries preserving leased model weight model=2 name_hash=0xd04126154633d92a layout=0 leases=1 owners=0x00000000 site=extra->data_handle[]/preload_model_weights(dense-pin)
[UNIFIED-CACHE] lease ring for name_hash=0xd04126154633d92a: seq=0+acquire:direct_stage_weight/mirror seq=1+acquire:direct_stage_weight/publish-out_handle seq=2+acquire:mem_handle/copy-assign seq=3-release:mem_handle/release_lease_state seq=4-release:mem_handle/release_lease_state
[UNIFIED-CACHE] reclaim_weight_entries preserving leased model weight model=2 name_hash=0xcaf5b0fcacce6aea layout=0 leases=1 owners=0x00000000 site=extra->data_handle[]/preload_model_weights(dense-pin)
[UNIFIED-CACHE] lease ring for name_hash=0xcaf5b0fcacce6aea: seq=0+acquire:direct_stage_weight/mirror seq=1+acquire:direct_stage_weight/publish-out_handle seq=2+acquire:mem_handle/copy-assign seq=3-release:mem_handle/release_lease_state seq=4-release:mem_handle/release_lease_state
[UNIFIED-CACHE] reclaim_weight_entries preserving leased model weight model=0 name_hash=0xae8ba76e3b151d9e layout=0 leases=2 owners=0x00000001 site=extra->data_handle[]/preload_model_weights(dense-pin)
[UNIFIED-CACHE] lease ring for name_hash=0xae8ba76e3b151d9e: seq=0+acquire:direct_stage_weight/mirror seq=1+acquire:direct_stage_weight/publish-out_handle seq=2+acquire:mem_handle/copy-assign seq=3-release:mem_handle/release_lease_state
[UNIFIED-CACHE] reclaim_weight_entries preserving leased model weight model=2 name_hash=0xa7c2590f0166f6b0 layout=0 leases=1 owners=0x00000000 site=extra->data_handle[]/preload_model_weights(dense-pin)
[UNIFIED-CACHE] lease ring for name_hash=0xa7c2590f0166f6b0: seq=0+acquire:direct_stage_weight/mirror seq=1+acquire:direct_stage_weight/publish-out_handle seq=2+acquire:mem_handle/copy-assign seq=3-release:mem_handle/release_lease_state seq=4-release:mem_handle/release_lease_state
[UNIFIED-CACHE] reclaim_weight_entries preserving leased model weight model=2 name_hash=0xde9943e34534adc3 layout=0 leases=1 owners=0x00000000 site=extra->data_handle[]/preload_model_weights(dense-pin)
[UNIFIED-CACHE] lease ring for name_hash=0xde9943e34534adc3: seq=0+acquire:direct_stage_weight/mirror seq=1+acquire:direct_stage_weight/publish-out_handle seq=2+acquire:mem_handle/copy-assign seq=3-release:mem_handle/release_lease_state seq=4-release:mem_handle/release_lease_state
[UNIFIED-CACHE] reclaim weight entries(model-teardown): erased 0 unpinned 64
[ZONE-RESET-AUDIT] NEW-ESCAPE site=weight-reclaim/model-teardown:dev0 graph=4 alloc_id=15075396135491732604 size=4 role=0 category=1 tier=0 cohort=weight:leaked_lease
[ZONE-RESET-AUDIT] NEW-ESCAPE site=weight-reclaim/model-teardown:dev0 graph=4 alloc_id=4103942273045031955 size=1024 role=0 category=1 tier=0 cohort=weight:leaked_lease
[ZONE-RESET-AUDIT] NEW-ESCAPE site=weight-reclaim/model-teardown:dev0 graph=4 alloc_id=8055907002217459089 size=1536 role=0 category=1 tier=0 cohort=weight:leaked_lease
[ZONE-RESET-AUDIT] NEW-ESCAPE site=weight-reclaim/model-teardown:dev0 graph=4 alloc_id=7920810405364469338 size=393216 role=0 category=1 tier=0 cohort=weight:leaked_lease
[ZONE-RESET-AUDIT] NEW-ESCAPE site=weight-reclaim/model-teardown:dev0 graph=4 alloc_id=3538592250846292943 size=256 role=0 category=1 tier=0 cohort=weight:leaked_lease
[ZONE-RESET-AUDIT] NEW-ESCAPE site=weight-reclaim/model-teardown:dev0 graph=4 alloc_id=7263647557194232799 size=4 role=0 category=2 tier=0 cohort=weight:leased
[ZONE-RESET-AUDIT] NEW-ESCAPE site=weight-reclaim/model-teardown:dev0 graph=4 alloc_id=4220748150773471584 size=262144 role=0 category=1 tier=0 cohort=weight:leaked_lease
[ZONE-RESET-AUDIT] NEW-ESCAPE site=weight-reclaim/model-teardown:dev0 graph=4 alloc_id=2395779102517370298 size=1024 role=0 category=2 tier=0 cohort=weight:leased
[ZONE-RESET-AUDIT] NEW-ESCAPE site=weight-reclaim/model-teardown:dev0 graph=4 alloc_id=13707875219353611096 size=393216 role=0 category=2 tier=0 cohort=weight:leased
[ZONE-RESET-AUDIT] NEW-ESCAPE site=weight-reclaim/model-teardown:dev0 graph=4 alloc_id=4220748150773471584 size=262144 role=0 category=2 tier=0 cohort=weight:leased
[ZONE-RESET-AUDIT] NEW-ESCAPE site=weight-reclaim/model-teardown:dev0 graph=4 alloc_id=3538592250846292943 size=256 role=0 category=2 tier=0 cohort=weight:leased
[ZONE-RESET-AUDIT] NEW-ESCAPE site=weight-reclaim/model-teardown:dev0 graph=4 alloc_id=12467192014320699603 size=131072 role=0 category=2 tier=0 cohort=weight:leased
[ZONE-RESET-AUDIT] NEW-ESCAPE site=weight-reclaim/model-teardown:dev0 graph=4 alloc_id=6352768273747461299 size=1536 role=0 category=2 tier=0 cohort=weight:leased
[ZONE-RESET-AUDIT] NEW-ESCAPE site=weight-reclaim/model-teardown:dev0 graph=4 alloc_id=12467192014320699603 size=131072 role=0 category=1 tier=0 cohort=weight:leaked_lease
[SYCL] model slot 1 released: 64 registry rows, 0 cache entries reclaimed
|           llama|Intel(R) Arc(TM) Pro B70 Graphics| Dense|  [1;32mOK[0m (2.94e-11)|  [1;36mBITDIFF[0m|
[SYCL] call ggml_backend_sycl_synchronize
[SYCL-GRAPH] clearing active graph state (context-drain)
[MEM-HANDLE] released 0 command-graph retained leases
[POOL-LEG] released 0 graph-retained scratch mem_handles
[GRAPH-UNPIN] Released 0 graph MoE expert mem_handle leases
[GRAPH-UNPIN-WEIGHTS] Released 0 graph weight mem_handle leases
[SYCL-GRAPH] clearing active graph state (context-drain)
[MEM-HANDLE] released 0 command-graph retained leases
[POOL-LEG] released 0 graph-retained scratch mem_handles
[GRAPH-UNPIN] Released 0 graph MoE expert mem_handle leases
[GRAPH-UNPIN-WEIGHTS] Released 0 graph weight mem_handle leases
SYCL TP: Freed all persistent FFN buffers via unified-cache handles
SYCL TP: Freed all persistent attention buffers
[MEM-HANDLE] released 0 command-graph retained leases
[POOL-LEG] released 0 graph-retained scratch mem_handles
[GRAPH-UNPIN] Released 0 graph MoE expert mem_handle leases
[GRAPH-UNPIN-WEIGHTS] Released 0 graph weight mem_handle leases
[POOL-LEG] released 0 graph-retained scratch mem_handles
[UNIFIED-CACHE] reclaim_weight_entries(model-teardown) released direct-stage mirror rows before the reclaim scan: weights=0 experts=0
[UNIFIED-CACHE] reclaim weight entries(model-teardown): erased 0 unpinned 0
[UNIFIED-CACHE] reclaim_weight_entries(model-teardown) released direct-stage mirror rows before the reclaim scan: weights=128 experts=0
[UNIFIED-CACHE] reclaim weight entries(model-teardown): erased 128 unpinned 64
[SYCL] model slot 0 released: 64 registry rows, 128 cache entries reclaimed
test case: llama (Intel(R) Core(TM) Ultra 7 265K, Dense)
|           llama|   Intel(R) Core(TM) Ultra 7 265K| Dense|  [1;32mOK[0m (0.00e+00)|       [1;32mOK[0m|
test case: llama (Meta, Dense)
|           llama|                             Meta| Dense|[1;33mSKIP[0m           |     [1;33mSKIP[0m|
test case: llama (Intel(R) Arc(TM) Pro B70 Graphics, MoE)
[UNIFIED-CACHE] reclaim weight entries(load-boundary): erased 0 unpinned 0
[UNIFIED-CACHE] reclaim weight entries(load-boundary): erased 0 unpinned 0
[SYCL] call ggml_backend_sycl_host_buffer_type
[SYCL] host weight registry mismatch for rope_freqs.weight (existing=0x2f529320 new=0x2cfa58e0)
[SYCL] call ggml_backend_sycl_init
[SYCL] call ggml_backend_sycl_get_device_memory
[MEM-QUERY] dev=0 free=487.7 MB total=32656.0 MB consumed=32168.3 MB
[SYCL] call ggml_backend_sycl_get_device_memory
[SYCL] call ggml_backend_sycl_get_device_memory
[MEM-QUERY] dev=1 free=572.1 MB total=16304.0 MB consumed=15731.9 MB
[PLACEMENT-MOE-MULTI-TRACE] entries=24 xmx=0 soa=0 alt_entries=0 alt_layouts=0 alt_soa=0 kv_ubatch=512 top_k=1 envelope=1 envelope_ubatch=0 mode=1
SYCL TP: Freed all persistent FFN buffers via unified-cache handles
SYCL TP: Freed all persistent attention buffers
[MEM-HANDLE] released 0 command-graph retained leases
[GRAPH-UNPIN] Released 0 graph MoE expert mem_handle leases
[GRAPH-UNPIN-WEIGHTS] Released 0 graph weight mem_handle leases
[SYCL] Host buffer alloc: 6.8 MB via unified-cache
[UNIFIED-CACHE] reclaim weight entries(mid-load-replan): erased 0 unpinned 0
[UNIFIED-CACHE] reclaim weight entries(mid-load-replan): erased 0 unpinned 0
[SYCL] weight cache lookup: tensor=0x2e775fa0 name=token_embd.weight device=0
[SYCL] weight cache lookup: tensor=0x2e776130 name=output_norm.weight device=0
[SYCL] weight cache lookup: tensor=0x2e776450 name=blk.0.attn_norm.weight device=0
[SYCL] weight cache lookup: tensor=0x2e777260 name=blk.0.ffn_norm.weight device=0
[SYCL] weight cache lookup: tensor=0x2e777bc0 name=blk.1.attn_norm.weight device=0
[SYCL] weight cache lookup: tensor=0x2e7789d0 name=blk.1.ffn_norm.weight device=0
[SYCL] weight cache lookup: tensor=0x2e7762c0 name=output.weight device=0
[SYCL] weight cache lookup: tensor=0x2e7765e0 name=blk.0.attn_q.weight device=0
[SYCL] weight cache lookup: tensor=0x2e776770 name=blk.0.attn_k.weight device=0
[SYCL] weight cache lookup: tensor=0x2e776900 name=blk.0.attn_v.weight device=0
[SYCL] weight cache lookup: tensor=0x2e776f40 name=blk.0.attn_output.weight device=0
[SYCL] weight cache lookup: tensor=0x2e776db0 name=blk.0.attn_v.bias device=0
[SYCL] weight cache lookup: tensor=0x2e7770d0 name=blk.0.attn_output.bias device=0
[SYCL] weight cache lookup: tensor=0x2e776c20 name=blk.0.attn_k.bias device=0
[SYCL] weight cache lookup: tensor=0x2e776a90 name=blk.0.attn_q.bias device=0
[SYCL] weight cache lookup: tensor=0x2e77a140 name=blk.0.attn_v.input_scale device=0
[SYCL] weight cache lookup: tensor=0x2e779330 name=blk.0.attn_q.scale device=0
[SYCL] weight cache lookup: tensor=0x2e7794c0 name=blk.0.attn_k.scale device=0
[SYCL] weight cache lookup: tensor=0x2e779650 name=blk.0.attn_v.scale device=0
[SYCL] weight cache lookup: tensor=0x2e7797e0 name=blk.0.attn_output.scale device=0
[SYCL] weight cache lookup: tensor=0x2e779e20 name=blk.0.attn_q.input_scale device=0
[SYCL] weight cache lookup: tensor=0x2e779fb0 name=blk.0.attn_k.input_scale device=0
[SYCL] weight cache lookup: tensor=0x2e77a2d0 name=blk.0.attn_output.input_scale device=0
[SYCL] weight cache lookup: tensor=0x2e777d50 name=blk.1.attn_q.weight device=0
[SYCL] weight cache lookup: tensor=0x2e777ee0 name=blk.1.attn_k.weight device=0
[SYCL] weight cache lookup: tensor=0x2e778070 name=blk.1.attn_v.weight device=0
[SYCL] weight cache lookup: tensor=0x2e7786b0 name=blk.1.attn_output.weight device=0
[SYCL] weight cache lookup: tensor=0x2e778840 name=blk.1.attn_output.bias device=0
[SYCL] weight cache lookup: tensor=0x2e778520 name=blk.1.attn_v.bias device=0
[SYCL] weight cache lookup: tensor=0x2e778200 name=blk.1.attn_q.bias device=0
[SYCL] weight cache lookup: tensor=0x2e778390 name=blk.1.attn_k.bias device=0
[SYCL] weight cache lookup: tensor=0x2e77b400 name=blk.1.attn_q.input_scale device=0
[SYCL] weight cache lookup: tensor=0x2e77b8b0 name=blk.1.attn_output.input_scale device=0
[SYCL] weight cache lookup: tensor=0x2e77b720 name=blk.1.attn_v.input_scale device=0
[SYCL] weight cache lookup: tensor=0x2e77b590 name=blk.1.attn_k.input_scale device=0
[SYCL] weight cache lookup: tensor=0x2e77a910 name=blk.1.attn_q.scale device=0
[SYCL] weight cache lookup: tensor=0x2e77adc0 name=blk.1.attn_output.scale device=0
[SYCL] weight cache lookup: tensor=0x2e77ac30 name=blk.1.attn_v.scale device=0
[SYCL] weight cache lookup: tensor=0x2e77aaa0 name=blk.1.attn_k.scale device=0
[SYCL] weight cache lookup: tensor=0x2e778b60 name=rope_freqs.weight device=0
[SYCL] weight cache lookup: tensor=0x2e777580 name=blk.0.ffn_gate_inp.weight device=0
[SYCL] weight cache lookup: tensor=0x2e778cf0 name=blk.1.ffn_gate_inp.weight device=0
[UNIFIED-CACHE] pin model=0 name_hash=0xad045d15402c08d3 layout=0
[UNIFIED-CACHE] pin model=0 name_hash=0x348b7dd451046514 layout=0
[UNIFIED-CACHE] pin model=0 name_hash=0xef3db2028fcb16a3 layout=0
[UNIFIED-CACHE] pin model=0 name_hash=0xe7d3c5e727a81c4d layout=0
[UNIFIED-CACHE] pin model=0 name_hash=0x4599df1b04c6b9fb layout=0
[UNIFIED-CACHE] pin model=0 name_hash=0x15380309041992d9 layout=0
[UNIFIED-CACHE] pin model=0 name_hash=0x3ba5a6821b6511e0 layout=0
[UNIFIED-CACHE] pin model=0 name_hash=0x38771636bce5a702 layout=0
[UNIFIED-CACHE] pin model=0 name_hash=0x3a931c14a53d5960 layout=0
[UNIFIED-CACHE] pin model=0 name_hash=0xab8cfe3bf6a50b9c layout=0
[UNIFIED-CACHE] pin model=0 name_hash=0xd46dcd1b728c981f layout=0
[UNIFIED-CACHE] pin model=0 name_hash=0xe4065a55adaaf03f layout=0
[UNIFIED-CACHE] pin model=0 name_hash=0x3779a6d76e4c7ee2 layout=0
[UNIFIED-CACHE] pin model=0 name_hash=0xd16c818664a0cc0a layout=0
[UNIFIED-CACHE] pin model=0 name_hash=0xe34f3e7aafdba3a5 layout=0
[UNIFIED-CACHE] pin model=0 name_hash=0x6bbc0b27530c18fc layout=0
[UNIFIED-CACHE] pin model=0 name_hash=0xaed088ad06d329a3 layout=0
[UNIFIED-CACHE] pin model=0 name_hash=0xdf7c04510f974718 layout=0
[UNIFIED-CACHE] pin model=0 name_hash=0xe30c0751e9ab32a9 layout=0
[UNIFIED-CACHE] pin model=0 name_hash=0xae8ba76e3b151d9e layout=0
[UNIFIED-CACHE] pin model=0 name_hash=0x47466764d37e580d layout=0
[UNIFIED-CACHE] pin model=0 name_hash=0x4e1cae023ae18c67 layout=0
[UNIFIED-CACHE] pin model=0 name_hash=0xb09204520b9c97f0 layout=0
[UNIFIED-CACHE] pin model=0 name_hash=0x6059a543aef7dbb7 layout=0
[UNIFIED-CACHE] pin model=0 name_hash=0xa7d836df53ff49d4 layout=0
[UNIFIED-CACHE] pin model=0 name_hash=0xb235334776d9c72d layout=0
[UNIFIED-CACHE] pin model=0 name_hash=0xeb54b67e9f099c46 layout=0
[UNIFIED-CACHE] pin model=0 name_hash=0xa7c2590f0166f6b0 layout=0
[UNIFIED-CACHE] pin model=0 name_hash=0xd04126154633d92a layout=0
[UNIFIED-CACHE] pin model=0 name_hash=0xc65810b3308e2a65 layout=0
[UNIFIED-CACHE] pin model=0 name_hash=0x213f84667dda1dba layout=0
[UNIFIED-CACHE] pin model=0 name_hash=0xf6a1f79a2dffe780 layout=0
[UNIFIED-CACHE] pin model=0 name_hash=0xde9943e34534adc3 layout=0
[UNIFIED-CACHE] pin model=0 name_hash=0x64cda8f8043233df layout=0
[UNIFIED-CACHE] pin model=0 name_hash=0xc0bcce7fc727feb8 layout=0
[UNIFIED-CACHE] pin model=0 name_hash=0x28e162c724839a layout=0
[UNIFIED-CACHE] pin model=0 name_hash=0xe5a443ece75be10e layout=0
[UNIFIED-CACHE] pin model=0 name_hash=0xcaf5b0fcacce6aea layout=0
[UNIFIED-CACHE] pin model=0 name_hash=0xe9ca1d4053ae41f9 layout=0
[UNIFIED-CACHE] pin model=0 name_hash=0x311b9ae764a4abcf layout=0
[UNIFIED-CACHE] pin model=0 name_hash=0x521b1f4d40cd780a layout=0
[UNIFIED-CACHE] pin model=0 name_hash=0x53bcfe044f0d7ab3 layout=0
[UNIFIED-CACHE] model slot 0 claimed 0 weight entries (live mask 0x00000001)
[UNIFIED-CACHE] model slot 0 claimed 54 weight entries (live mask 0x00000001)
[SYCL] call ggml_backend_sycl_init
[SYCL] call ggml_backend_sycl_host_buffer_type
[SYCL] Host buffer alloc: 0.0 MB via unified-cache
[KV-TIER] dev=0 cache_available=30735 MB kv_req=0 MB arena=1
[UNIFIED-ALLOC] zone alloc: dev=0 zone=0 size=0.2 MB ptr=0xffffd55e28200000
[UNIFIED-ALLOC] zone alloc: dev=0 zone=0 size=0.2 MB ptr=0xffffd55e28240000
[SYCL] call ggml_backend_sycl_host_buffer_type
[SYCL] call ggml_backend_sycl_synchronize
Using unified-cache queue for device 0 stream 0
[UNIFIED-ALLOC] zone alloc: dev=0 zone=3 size=0.5 MB ptr=0xffffd55e47c9c000
[SYCL] Arena RUNTIME zone alloc: 0.5 MB (SYCL0)
[SYCL] Host buffer alloc: 0.1 MB via unified-cache
[SYCL] call ggml_backend_sycl_synchronize
[SYCL] call ggml_backend_sycl_synchronize
[SYCL] call ggml_backend_sycl_synchronize
[SYCL] call ggml_backend_sycl_host_buffer_type
[SYCL] Host buffer alloc: 0.1 MB via unified-cache
[SYCL] call ggml_backend_sycl_buffer_reset
[SOA-DEBUG] buffer_reset: PRESERVING 0 extras for compute buffer=0x2f0f84c0
[SYCL] call ggml_backend_sycl_buffer_init_tensor: tensor='embd':type=f32;ne=[256, 64, 1, 1];nb=[4, 1024, 65536, 65536]
[SYCL] call ggml_backend_sycl_buffer_init_tensor: tensor='norm-0':type=f32;ne=[256, 64, 1, 1];nb=[4, 1024, 65536, 65536]
[SYCL] call ggml_backend_sycl_buffer_init_tensor: tensor='attn_norm-0':type=f32;ne=[256, 64, 1, 1];nb=[4, 1024, 65536, 65536]
[SYCL] call ggml_backend_sycl_buffer_init_tensor: tensor='node_3':type=f32;ne=[256, 64, 1, 1];nb=[4, 1024, 65536, 65536]
[SYCL] call ggml_backend_sycl_buffer_init_tensor: tensor='Qcur-0':type=f32;ne=[256, 64, 1, 1];nb=[4, 1024, 65536, 65536]
[SYCL] call ggml_backend_sycl_buffer_init_tensor: tensor='Qcur-0':type=f32;ne=[256, 64, 1, 1];nb=[4, 1024, 65536, 65536]
[SYCL] call ggml_backend_sycl_buffer_init_tensor: tensor='Qcur-0':type=f32;ne=[128, 2, 64, 1];nb=[4, 512, 1024, 65536]
[SYCL] call ggml_backend_sycl_buffer_init_tensor: tensor='Qcur-0':type=f32;ne=[128, 2, 64, 1];nb=[4, 512, 1024, 65536]
[SYCL] call ggml_backend_sycl_buffer_init_tensor: tensor='node_8':type=f32;ne=[256, 64, 1, 1];nb=[4, 1024, 65536, 65536]
[SYCL] call ggml_backend_sycl_buffer_init_tensor: tensor='Vcur-0':type=f32;ne=[256, 64, 1, 1];nb=[4, 1024, 65536, 65536]
[SYCL] call ggml_backend_sycl_buffer_init_tensor: tensor='Vcur-0':type=f32;ne=[256, 64, 1, 1];nb=[4, 1024, 65536, 65536]
[SYCL] call ggml_backend_sycl_buffer_init_tensor: tensor='Vcur-0':type=f32;ne=[128, 2, 64, 1];nb=[4, 512, 1024, 65536]
[SYCL] call ggml_backend_sycl_buffer_init_tensor: tensor='node_12':type=f32;ne=[256, 64, 1, 1];nb=[4, 1024, 65536, 65536]
[SYCL] call ggml_backend_sycl_buffer_init_tensor: tensor='Kcur-0':type=f32;ne=[256, 64, 1, 1];nb=[4, 1024, 65536, 65536]
[SYCL] call ggml_backend_sycl_buffer_init_tensor: tensor='Kcur-0':type=f32;ne=[256, 64, 1, 1];nb=[4, 1024, 65536, 65536]
[SYCL] call ggml_backend_sycl_buffer_init_tensor: tensor='Kcur-0':type=f32;ne=[128, 2, 64, 1];nb=[4, 512, 1024, 65536]
[SYCL] call ggml_backend_sycl_buffer_init_tensor: tensor='Kcur-0':type=f32;ne=[128, 2, 64, 1];nb=[4, 512, 1024, 65536]
[SYCL] call ggml_backend_sycl_buffer_init_tensor: tensor='Kcur-0 (view)':type=f32;ne=[256, 64, 1, 1];nb=[4, 1024, 65536, 65536]
[SYCL] call ggml_backend_sycl_buffer_init_tensor: tensor='Vcur-0 (view)':type=f32;ne=[256, 64, 1, 1];nb=[4, 1024, 65536, 65536]
[SYCL] call ggml_backend_sycl_buffer_init_tensor: tensor='Qcur-0 (view)':type=f32;ne=[128, 2, 64, 1];nb=[4, 512, 1024, 65536]
[SYCL] call ggml_backend_sycl_buffer_init_tensor: tensor='Qcur-0 (view) (permuted)':type=f32;ne=[128, 64, 2, 1];nb=[4, 1024, 512, 65536];strided;permuted
[SYCL] call ggml_backend_sycl_buffer_init_tensor: tensor='Qcur-0 (view) (permuted) (copy)':type=f16;ne=[128, 64, 2, 1];nb=[2, 256, 16384, 32768]
[SYCL] call ggml_backend_sycl_buffer_init_tensor: tensor='node_28':type=f32;ne=[128, 2, 64, 1];nb=[4, 512, 1024, 65536]
[SYCL] call ggml_backend_sycl_buffer_init_tensor: tensor='kqv_out-0':type=f32;ne=[256, 64, 1, 1];nb=[4, 1024, 65536, 65536]
[SYCL] call ggml_backend_sycl_buffer_init_tensor: tensor='node_30':type=f32;ne=[256, 64, 1, 1];nb=[4, 1024, 65536, 65536]
[SYCL] call ggml_backend_sycl_buffer_init_tensor: tensor='node_31':type=f32;ne=[256, 64, 1, 1];nb=[4, 1024, 65536, 65536]
[SYCL] call ggml_backend_sycl_buffer_init_tensor: tensor='attn_out-0':type=f32;ne=[256, 64, 1, 1];nb=[4, 1024, 65536, 65536]
[SYCL] call ggml_backend_sycl_buffer_init_tensor: tensor='ffn_inp-0':type=f32;ne=[256, 64, 1, 1];nb=[4, 1024, 65536, 65536]
[SYCL] call ggml_backend_sycl_buffer_init_tensor: tensor='norm-0':type=f32;ne=[256, 64, 1, 1];nb=[4, 1024, 65536, 65536]
[SYCL] call ggml_backend_sycl_buffer_init_tensor: tensor='ffn_norm-0':type=f32;ne=[256, 64, 1, 1];nb=[4, 1024, 65536, 65536]
[SYCL] call ggml_backend_sycl_buffer_init_tensor: tensor='ffn_moe_logits-0':type=f32;ne=[2, 64, 1, 1];nb=[4, 8, 512, 512]
[SYCL] call ggml_backend_sycl_buffer_init_tensor: tensor='ffn_moe_probs-0':type=f32;ne=[2, 64, 1, 1];nb=[4, 8, 512, 512]
[SYCL] call ggml_backend_sycl_buffer_init_tensor: tensor='ffn_moe_probs-0 (reshaped)':type=f32;ne=[1, 2, 64, 1];nb=[4, 4, 8, 512]
[SYCL] call ggml_backend_sycl_buffer_init_tensor: tensor='ffn_moe_argsort-0':type=i32;ne=[2, 64, 1, 1];nb=[4, 8, 512, 512]
[SYCL-CONTROL] tensor=ffn_moe_argsort-0 op=ARGSORT bytes=512 ptr=0x77cfb0233000
[SYCL] call ggml_backend_sycl_buffer_init_tensor: tensor='ffn_moe_topk-0':type=i32;ne=[1, 64, 1, 1];nb=[4, 8, 512, 512];strided
[SYCL] call ggml_backend_sycl_buffer_init_tensor: tensor='ffn_moe_weights-0':type=f32;ne=[1, 1, 64, 1];nb=[4, 4, 4, 256]
[SYCL] call ggml_backend_sycl_buffer_init_tensor: tensor='ffn_moe_weights-0 (reshaped)':type=f32;ne=[1, 64, 1, 1];nb=[4, 4, 256, 256]
[SYCL] call ggml_backend_sycl_buffer_init_tensor: tensor='ffn_moe_weights_sum-0':type=f32;ne=[1, 64, 1, 1];nb=[4, 4, 256, 256]
[SYCL] call ggml_backend_sycl_buffer_init_tensor: tensor='ffn_moe_weights_sum_clamped-0':type=f32;ne=[1, 64, 1, 1];nb=[4, 4, 256, 256]
[SYCL] call ggml_backend_sycl_buffer_init_tensor: tensor='ffn_moe_weights_norm-0':type=f32;ne=[1, 64, 1, 1];nb=[4, 4, 256, 256]
[SYCL] call ggml_backend_sycl_buffer_init_tensor: tensor='ffn_moe_weights_norm-0 (reshaped)':type=f32;ne=[1, 1, 64, 1];nb=[4, 4, 4, 256]
[SYCL] call ggml_backend_sycl_buffer_init_tensor: tensor='ffn_norm-0 (reshaped)':type=f32;ne=[256, 1, 64, 1];nb=[4, 1024, 1024, 65536]
[SYCL] call ggml_backend_sycl_buffer_init_tensor: tensor='node_48':type=f32;ne=[384, 1, 64, 1];nb=[4, 1536, 1536, 98304]
[SYCL] call ggml_backend_sycl_buffer_init_tensor: tensor='node_50':type=f32;ne=[1, 2, 64, 1];nb=[4, 4, 8, 512]
[SYCL] call ggml_backend_sycl_buffer_init_tensor: tensor='node_51':type=f32;ne=[1, 1, 64, 1];nb=[4, 4, 4, 256]
[SYCL] call ggml_backend_sycl_buffer_init_tensor: tensor='ffn_moe_gate_scaled-0':type=f32;ne=[384, 1, 64, 1];nb=[4, 1536, 1536, 98304]
[SYCL] call ggml_backend_sycl_buffer_init_tensor: tensor='node_53':type=f32;ne=[384, 1, 64, 1];nb=[4, 1536, 1536, 98304]
[SYCL] call ggml_backend_sycl_buffer_init_tensor: tensor='node_55':type=f32;ne=[1, 2, 64, 1];nb=[4, 4, 8, 512]
[SYCL] call ggml_backend_sycl_buffer_init_tensor: tensor='node_56':type=f32;ne=[1, 1, 64, 1];nb=[4, 4, 4, 256]
[SYCL] call ggml_backend_sycl_buffer_init_tensor: tensor='ffn_moe_up_scaled-0':type=f32;ne=[384, 1, 64, 1];nb=[4, 1536, 1536, 98304]
[SYCL] call ggml_backend_sycl_buffer_init_tensor: tensor='ffn_moe_swiglu-0':type=f32;ne=[384, 1, 64, 1];nb=[4, 1536, 1536, 98304]
[SYCL] call ggml_backend_sycl_buffer_init_tensor: tensor='node_59':type=f32;ne=[256, 1, 64, 1];nb=[4, 1024, 1024, 65536]
[SYCL] call ggml_backend_sycl_buffer_init_tensor: tensor='node_61':type=f32;ne=[1, 2, 64, 1];nb=[4, 4, 8, 512]
[SYCL] call ggml_backend_sycl_buffer_init_tensor: tensor='node_62':type=f32;ne=[1, 1, 64, 1];nb=[4, 4, 4, 256]
[SYCL] call ggml_backend_sycl_buffer_init_tensor: tensor='ffn_moe_down_scaled-0':type=f32;ne=[256, 1, 64, 1];nb=[4, 1024, 1024, 65536]
[SYCL] call ggml_backend_sycl_buffer_init_tensor: tensor='ffn_moe_weighted-0':type=f32;ne=[256, 1, 64, 1];nb=[4, 1024, 1024, 65536]
[SYCL] call ggml_backend_sycl_buffer_init_tensor: tensor='ffn_moe_weighted-0 (view)':type=f32;ne=[256, 64, 1, 1];nb=[4, 1024, 65536, 65536]
[SYCL] call ggml_backend_sycl_buffer_init_tensor: tensor='ffn_moe_out-0':type=f32;ne=[256, 64, 1, 1];nb=[4, 1024, 65536, 65536]
[SYCL] call ggml_backend_sycl_buffer_init_tensor: tensor='l_out-0':type=f32;ne=[256, 64, 1, 1];nb=[4, 1024, 65536, 65536]
[SYCL] call ggml_backend_sycl_buffer_init_tensor: tensor='norm-1':type=f32;ne=[256, 64, 1, 1];nb=[4, 1024, 65536, 65536]
[SYCL] call ggml_backend_sycl_buffer_init_tensor: tensor='attn_norm-1':type=f32;ne=[256, 64, 1, 1];nb=[4, 1024, 65536, 65536]
[SYCL] call ggml_backend_sycl_buffer_init_tensor: tensor='node_70':type=f32;ne=[256, 64, 1, 1];nb=[4, 1024, 65536, 65536]
[SYCL] call ggml_backend_sycl_buffer_init_tensor: tensor='Qcur-1':type=f32;ne=[256, 64, 1, 1];nb=[4, 1024, 65536, 65536]
[SYCL] call ggml_backend_sycl_buffer_init_tensor: tensor='Qcur-1':type=f32;ne=[256, 64, 1, 1];nb=[4, 1024, 65536, 65536]
[SYCL] call ggml_backend_sycl_buffer_init_tensor: tensor='Qcur-1':type=f32;ne=[128, 2, 64, 1];nb=[4, 512, 1024, 65536]
[SYCL] call ggml_backend_sycl_buffer_init_tensor: tensor='Qcur-1':type=f32;ne=[128, 2, 64, 1];nb=[4, 512, 1024, 65536]
[SYCL] call ggml_backend_sycl_buffer_init_tensor: tensor='node_75':type=f32;ne=[256, 64, 1, 1];nb=[4, 1024, 65536, 65536]
[SYCL] call ggml_backend_sycl_buffer_init_tensor: tensor='Vcur-1':type=f32;ne=[256, 64, 1, 1];nb=[4, 1024, 65536, 65536]
[SYCL] call ggml_backend_sycl_buffer_init_tensor: tensor='Vcur-1':type=f32;ne=[256, 64, 1, 1];nb=[4, 1024, 65536, 65536]
[SYCL] call ggml_backend_sycl_buffer_init_tensor: tensor='Vcur-1':type=f32;ne=[128, 2, 64, 1];nb=[4, 512, 1024, 65536]
[SYCL] call ggml_backend_sycl_buffer_init_tensor: tensor='node_79':type=f32;ne=[256, 64, 1, 1];nb=[4, 1024, 65536, 65536]
[SYCL] call ggml_backend_sycl_buffer_init_tensor: tensor='Kcur-1':type=f32;ne=[256, 64, 1, 1];nb=[4, 1024, 65536, 65536]
[SYCL] call ggml_backend_sycl_buffer_init_tensor: tensor='Kcur-1':type=f32;ne=[256, 64, 1, 1];nb=[4, 1024, 65536, 65536]
[SYCL] call ggml_backend_sycl_buffer_init_tensor: tensor='Kcur-1':type=f32;ne=[128, 2, 64, 1];nb=[4, 512, 1024, 65536]
[SYCL] call ggml_backend_sycl_buffer_init_tensor: tensor='Kcur-1':type=f32;ne=[128, 2, 64, 1];nb=[4, 512, 1024, 65536]
[SYCL] call ggml_backend_sycl_buffer_init_tensor: tensor='Kcur-1 (view)':type=f32;ne=[256, 64, 1, 1];nb=[4, 1024, 65536, 65536]
[SYCL] call ggml_backend_sycl_buffer_init_tensor: tensor='Vcur-1 (view)':type=f32;ne=[256, 64, 1, 1];nb=[4, 1024, 65536, 65536]
[SYCL] call ggml_backend_sycl_buffer_init_tensor: tensor='Qcur-1 (view)':type=f32;ne=[128, 2, 64, 1];nb=[4, 512, 1024, 65536]
[SYCL] call ggml_backend_sycl_buffer_init_tensor: tensor='Qcur-1 (view) (permuted)':type=f32;ne=[128, 64, 2, 1];nb=[4, 1024, 512, 65536];strided;permuted
[SYCL] call ggml_backend_sycl_buffer_init_tensor: tensor='Qcur-1 (view) (permuted) (copy)':type=f16;ne=[128, 64, 2, 1];nb=[2, 256, 16384, 32768]
[SYCL] call ggml_backend_sycl_buffer_init_tensor: tensor='node_95':type=f32;ne=[128, 2, 64, 1];nb=[4, 512, 1024, 65536]
[SYCL] call ggml_backend_sycl_buffer_init_tensor: tensor='kqv_out-1':type=f32;ne=[256, 64, 1, 1];nb=[4, 1024, 65536, 65536]
[SYCL] call ggml_backend_sycl_buffer_init_tensor: tensor='node_97':type=f32;ne=[256, 64, 1, 1];nb=[4, 1024, 65536, 65536]
[SYCL] call ggml_backend_sycl_buffer_init_tensor: tensor='node_98':type=f32;ne=[256, 64, 1, 1];nb=[4, 1024, 65536, 65536]
[SYCL] call ggml_backend_sycl_buffer_init_tensor: tensor='attn_out-1':type=f32;ne=[256, 64, 1, 1];nb=[4, 1024, 65536, 65536]
[SYCL] call ggml_backend_sycl_buffer_init_tensor: tensor='node_100':type=f32;ne=[256, 64, 1, 1];nb=[4, 1024, 65536, 65536]
[SYCL] call ggml_backend_sycl_buffer_init_tensor: tensor='node_101':type=f32;ne=[256, 64, 1, 1];nb=[4, 1024, 65536, 65536]
[SYCL] call ggml_backend_sycl_buffer_init_tensor: tensor='ffn_inp-1':type=f32;ne=[256, 64, 1, 1];nb=[4, 1024, 65536, 65536]
[SYCL] call ggml_backend_sycl_buffer_init_tensor: tensor='norm-1':type=f32;ne=[256, 64, 1, 1];nb=[4, 1024, 65536, 65536]
[SYCL] call ggml_backend_sycl_buffer_init_tensor: tensor='ffn_norm-1':type=f32;ne=[256, 64, 1, 1];nb=[4, 1024, 65536, 65536]
[SYCL] call ggml_backend_sycl_buffer_init_tensor: tensor='ffn_moe_logits-1':type=f32;ne=[2, 64, 1, 1];nb=[4, 8, 512, 512]
[SYCL] call ggml_backend_sycl_buffer_init_tensor: tensor='ffn_moe_probs-1':type=f32;ne=[2, 64, 1, 1];nb=[4, 8, 512, 512]
[SYCL] call ggml_backend_sycl_buffer_init_tensor: tensor='ffn_moe_probs-1 (reshaped)':type=f32;ne=[1, 2, 64, 1];nb=[4, 4, 8, 512]
[SYCL] call ggml_backend_sycl_buffer_init_tensor: tensor='ffn_moe_argsort-1':type=i32;ne=[2, 64, 1, 1];nb=[4, 8, 512, 512]
[SYCL-CONTROL] tensor=ffn_moe_argsort-1 op=ARGSORT bytes=512 ptr=0x77cfb0233200
[SYCL] call ggml_backend_sycl_buffer_init_tensor: tensor='ffn_moe_topk-1':type=i32;ne=[1, 64, 1, 1];nb=[4, 8, 512, 512];strided
[SYCL] call ggml_backend_sycl_buffer_init_tensor: tensor='ffn_moe_weights-1':type=f32;ne=[1, 1, 64, 1];nb=[4, 4, 4, 256]
[SYCL] call ggml_backend_sycl_buffer_init_tensor: tensor='ffn_moe_weights-1 (reshaped)':type=f32;ne=[1, 64, 1, 1];nb=[4, 4, 256, 256]
[SYCL] call ggml_backend_sycl_buffer_init_tensor: tensor='ffn_moe_weights_sum-1':type=f32;ne=[1, 64, 1, 1];nb=[4, 4, 256, 256]
[SYCL] call ggml_backend_sycl_buffer_init_tensor: tensor='ffn_moe_weights_sum_clamped-1':type=f32;ne=[1, 64, 1, 1];nb=[4, 4, 256, 256]
[SYCL] call ggml_backend_sycl_buffer_init_tensor: tensor='ffn_moe_weights_norm-1':type=f32;ne=[1, 64, 1, 1];nb=[4, 4, 256, 256]
[SYCL] call ggml_backend_sycl_buffer_init_tensor: tensor='ffn_moe_weights_norm-1 (reshaped)':type=f32;ne=[1, 1, 64, 1];nb=[4, 4, 4, 256]
[SYCL] call ggml_backend_sycl_buffer_init_tensor: tensor='ffn_norm-1 (reshaped)':type=f32;ne=[256, 1, 64, 1];nb=[4, 1024, 1024, 65536]
[SYCL] call ggml_backend_sycl_buffer_init_tensor: tensor='node_117':type=f32;ne=[384, 1, 64, 1];nb=[4, 1536, 1536, 98304]
[SYCL] call ggml_backend_sycl_buffer_init_tensor: tensor='node_119':type=f32;ne=[1, 2, 64, 1];nb=[4, 4, 8, 512]
[SYCL] call ggml_backend_sycl_buffer_init_tensor: tensor='node_120':type=f32;ne=[1, 1, 64, 1];nb=[4, 4, 4, 256]
[SYCL] call ggml_backend_sycl_buffer_init_tensor: tensor='ffn_moe_gate_scaled-1':type=f32;ne=[384, 1, 64, 1];nb=[4, 1536, 1536, 98304]
[SYCL] call ggml_backend_sycl_buffer_init_tensor: tensor='node_122':type=f32;ne=[384, 1, 64, 1];nb=[4, 1536, 1536, 98304]
[SYCL] call ggml_backend_sycl_buffer_init_tensor: tensor='node_124':type=f32;ne=[1, 2, 64, 1];nb=[4, 4, 8, 512]
[SYCL] call ggml_backend_sycl_buffer_init_tensor: tensor='node_125':type=f32;ne=[1, 1, 64, 1];nb=[4, 4, 4, 256]
[SYCL] call ggml_backend_sycl_buffer_init_tensor: tensor='ffn_moe_up_scaled-1':type=f32;ne=[384, 1, 64, 1];nb=[4, 1536, 1536, 98304]
[SYCL] call ggml_backend_sycl_buffer_init_tensor: tensor='ffn_moe_swiglu-1':type=f32;ne=[384, 1, 64, 1];nb=[4, 1536, 1536, 98304]
[SYCL] call ggml_backend_sycl_buffer_init_tensor: tensor='node_128':type=f32;ne=[256, 1, 64, 1];nb=[4, 1024, 1024, 65536]
[SYCL] call ggml_backend_sycl_buffer_init_tensor: tensor='node_130':type=f32;ne=[1, 2, 64, 1];nb=[4, 4, 8, 512]
[SYCL] call ggml_backend_sycl_buffer_init_tensor: tensor='node_131':type=f32;ne=[1, 1, 64, 1];nb=[4, 4, 4, 256]
[SYCL] call ggml_backend_sycl_buffer_init_tensor: tensor='ffn_moe_down_scaled-1':type=f32;ne=[256, 1, 64, 1];nb=[4, 1024, 1024, 65536]
[SYCL] call ggml_backend_sycl_buffer_init_tensor: tensor='ffn_moe_weighted-1':type=f32;ne=[256, 1, 64, 1];nb=[4, 1024, 1024, 65536]
[SYCL] call ggml_backend_sycl_buffer_init_tensor: tensor='ffn_moe_weighted-1 (view)':type=f32;ne=[256, 64, 1, 1];nb=[4, 1024, 65536, 65536]
[SYCL] call ggml_backend_sycl_buffer_init_tensor: tensor='ffn_moe_out-1':type=f32;ne=[256, 64, 1, 1];nb=[4, 1024, 65536, 65536]
[SYCL] call ggml_backend_sycl_buffer_init_tensor: tensor='l_out-1':type=f32;ne=[256, 64, 1, 1];nb=[4, 1024, 65536, 65536]
[SYCL] call ggml_backend_sycl_buffer_init_tensor: tensor='norm':type=f32;ne=[256, 64, 1, 1];nb=[4, 1024, 65536, 65536]
[SYCL] call ggml_backend_sycl_buffer_init_tensor: tensor='result_norm':type=f32;ne=[256, 64, 1, 1];nb=[4, 1024, 65536, 65536]
[SYCL] call ggml_backend_sycl_buffer_init_tensor: tensor='result_output':type=f32;ne=[128, 64, 1, 1];nb=[4, 512, 32768, 32768]
[DEBUG-GRAPH-COMPUTE] ENTER: backend=0x2f7344c0 cgraph=0x2ba81098
[DEBUG-GRAPH-COMPUTE] sycl_ctx=0x2d099cf0 device=0
[MEM-HANDLE] released 0 command-graph retained leases
[SYCL] call ggml_backend_sycl_get_device_memory
[MEM-QUERY] dev=0 free=478.2 MB total=32656.0 MB consumed=32177.8 MB
[GRAPH-COMPUTE] device 0 arena scratch=512.0/512.0 MB external_free=478.2 MB / total=32656.0 MB
[DEBUG-GRAPH-COMPUTE] Creating lambda...
[UNIFIED-ALLOC] zone alloc: dev=0 zone=3 size=0.4 MB ptr=0xffffd55e47d1c000
[MOE-HYBRID] Popularity tracking initialized: 6 layers, 2 experts/layer
[MOE-AOS-REQUEST] tensor=blk.0.ffn_gate_exps.weight expert=0 current=0 planned=0 requested=aos reason=device-plan
[MOE-AOS-REQUEST] tensor=blk.0.ffn_gate_exps.weight expert=1 current=0 planned=0 requested=aos reason=device-plan
[MOE-AOS-REQUEST] tensor=blk.0.ffn_up_exps.weight expert=0 current=0 planned=0 requested=aos reason=device-plan
[MOE-AOS-REQUEST] tensor=blk.0.ffn_up_exps.weight expert=1 current=0 planned=0 requested=aos reason=device-plan
[MOE-AOS-REQUEST] tensor=blk.0.ffn_down_exps.weight expert=0 current=0 planned=0 requested=aos reason=device-plan
[MOE-AOS-REQUEST] tensor=blk.0.ffn_down_exps.weight expert=1 current=0 planned=0 requested=aos reason=device-plan
[MOE-AOS-REQUEST] tensor=blk.1.ffn_gate_exps.weight expert=0 current=0 planned=0 requested=aos reason=device-plan
[MOE-AOS-REQUEST] tensor=blk.1.ffn_gate_exps.weight expert=1 current=0 planned=0 requested=aos reason=device-plan
[MOE-AOS-REQUEST] tensor=blk.1.ffn_up_exps.weight expert=0 current=0 planned=0 requested=aos reason=device-plan
[MOE-AOS-REQUEST] tensor=blk.1.ffn_up_exps.weight expert=1 current=0 planned=0 requested=aos reason=device-plan
[MOE-AOS-REQUEST] tensor=blk.1.ffn_down_exps.weight expert=0 current=0 planned=0 requested=aos reason=device-plan
[MOE-AOS-REQUEST] tensor=blk.1.ffn_down_exps.weight expert=1 current=0 planned=0 requested=aos reason=device-plan
[SYCL] call ggml_backend_sycl_get_device_memory
[MOE-HYBRID] device 0: available VRAM for expert cache = 222.2 MB
[MOE-HYBRID] Registered gate weights for blk.0 (seq=0, n_embd=256, ptr=0xffffd556b6644500)
[MOE-HYBRID] Registered gate weights for blk.1 (seq=3, n_embd=256, ptr=0xffffd556b6644d00)
[DEBUG-GRAPH-COMPUTE] Lambda created
[GRAPH-CHECK] MUL_MAT_ID: src0=blk.0.ffn_gate_exps.weight buffer=0x2ea37b50 is_sycl=0
[SYCL-GRAPH] call #5: use_sycl_graph=0, async_mem=0, n_nodes=140, has_exec_graph=0
[DEBUG-IMPL] ENTER graph_compute_impl: n_nodes=140, device=0
[DEBUG-IMPL] Starting node loop, n_nodes=140
[DEBUG-IMPL] Node 0/140: op=40 name=embd
ggml_sycl_get_data_ptr_slow: tensor=inp_tokens, device=0, staging FAILED for non-device (type=0), using tensor->data=0x77ce002c4c40
ggml_sycl_get_data_ptr_slow: tensor=inp_tokens, device=0, using tensor->data=0x77ce002c4c40
[SYCL][OP] call ggml_sycl_get_rows: dst='embd':type=f32;ne=[256, 64, 1, 1];nb=[4, 1024, 65536, 65536]	src0='token_embd.weight':type=f32;ne=[256, 128, 1, 1];nb=[4, 1024, 131072, 131072]	src1='inp_tokens':type=i32;ne=[64, 1, 1, 1];nb=[4, 256, 256, 256]
[SYCL] weight cache lookup: tensor=0x2e775fa0 name=token_embd.weight device=0
[SYCL][OP] call ggml_sycl_get_rows done
[DEBUG-IMPL] Node 1/140: op=25 name=norm-0
[DEBUG-IMPL] Node 3/140: op=29 name=node_3
[SYCL] simple consumer routing declined: op=MUL_MAT dst=node_3 plan unavailable ctx=0
[DEBUG-MULMAT] ENTER: src0=blk.0.attn_q.weight src1=attn_norm-0 dst=node_3
[SYCL][OP] call ggml_sycl_mul_mat: dst='node_3':type=f32;ne=[256, 64, 1, 1];nb=[4, 1024, 65536, 65536]	src0='blk.0.attn_q.weight':type=f32;ne=[256, 256, 1, 1];nb=[4, 1024, 262144, 262144]	src1='attn_norm-0':type=f32;ne=[256, 64, 1, 1];nb=[4, 1024, 65536, 65536]
[XMXConfig] device=0: M=8 N=16 K_INT8=32 K_FP16=16 SLM=131072 nsm=256 supported=1 int8=1 fp16=1 double_buf=1 max_esimd_wg=64 nbarrier=0 esimd_dpas=1
[MUL_MAT] src0 device=0 ptr=0xffffd556b6441400 (tensor=blk.0.attn_q.weight layout=0)
[MUL_MAT] dst device=0 ptr=0xffffd55e47cbc000 (tensor=node_3)
[SYCL] weight cache lookup: tensor=0x2e7765e0 name=blk.0.attn_q.weight device=0
[SYCL][OP] call ggml_sycl_mul_mat done
[DEBUG-IMPL] Node 4/140: op=7 name=Qcur-0
[DEBUG-IMPL] Node 6/140: op=36 name=Qcur-0
[DEBUG-IMPL] Node 7/140: op=49 name=Qcur-0
ggml_sycl_get_data_ptr_slow: tensor=leaf_7, device=0, staging FAILED for non-device (type=0), using tensor->data=0x77ce002d4d40
ggml_sycl_get_data_ptr_slow: tensor=leaf_7, device=0, using tensor->data=0x77ce002d4d40
[SYCL] simple consumer routing declined: op=ROPE dst=Qcur-0 local single-device plan ctx=0 target=0
[SYCL][OP] call ggml_sycl_rope: dst='Qcur-0':type=f32;ne=[128, 2, 64, 1];nb=[4, 512, 1024, 65536]	src0='Qcur-0':type=f32;ne=[128, 2, 64, 1];nb=[4, 512, 1024, 65536]	src1='leaf_7':type=i32;ne=[64, 1, 1, 1];nb=[4, 256, 256, 256]	src2='rope_freqs.weight':type=f32;ne=[64, 1, 1, 1];nb=[4, 256, 256, 256]
ggml_sycl_op_rope: norm path
[SYCL][OP] call ggml_sycl_rope done
[DEBUG-IMPL] Node 8/140: op=29 name=node_8
[SYCL] simple consumer routing declined: op=MUL_MAT dst=node_8 plan unavailable ctx=0
[DEBUG-MULMAT] ENTER: src0=blk.0.attn_v.weight src1=attn_norm-0 dst=node_8
[SYCL][OP] call ggml_sycl_mul_mat: dst='node_8':type=f32;ne=[256, 64, 1, 1];nb=[4, 1024, 65536, 65536]	src0='blk.0.attn_v.weight':type=f32;ne=[256, 256, 1, 1];nb=[4, 1024, 262144, 262144]	src1='attn_norm-0':type=f32;ne=[256, 64, 1, 1];nb=[4, 1024, 65536, 65536]
[XMXConfig] device=0: M=8 N=16 K_INT8=32 K_FP16=16 SLM=131072 nsm=256 supported=1 int8=1 fp16=1 double_buf=1 max_esimd_wg=64 nbarrier=0 esimd_dpas=1
[MUL_MAT] src0 device=0 ptr=0xffffd556b64c1400 (tensor=blk.0.attn_v.weight layout=0)
[MUL_MAT] dst device=0 ptr=0xffffd55e47cbc000 (tensor=node_8)
[SYCL] weight cache lookup: tensor=0x2e776900 name=blk.0.attn_v.weight device=0
[SYCL][OP] call ggml_sycl_mul_mat done
[DEBUG-IMPL] Node 9/140: op=7 name=Vcur-0
[DEBUG-IMPL] Node 11/140: op=36 name=Vcur-0
[DEBUG-IMPL] Node 12/140: op=29 name=node_12
[SYCL] simple consumer routing declined: op=MUL_MAT dst=node_12 plan unavailable ctx=0
[DEBUG-MULMAT] ENTER: src0=blk.0.attn_k.weight src1=attn_norm-0 dst=node_12
[SYCL][OP] call ggml_sycl_mul_mat: dst='node_12':type=f32;ne=[256, 64, 1, 1];nb=[4, 1024, 65536, 65536]	src0='blk.0.attn_k.weight':type=f32;ne=[256, 256, 1, 1];nb=[4, 1024, 262144, 262144]	src1='attn_norm-0':type=f32;ne=[256, 64, 1, 1];nb=[4, 1024, 65536, 65536]
[XMXConfig] device=0: M=8 N=16 K_INT8=32 K_FP16=16 SLM=131072 nsm=256 supported=1 int8=1 fp16=1 double_buf=1 max_esimd_wg=64 nbarrier=0 esimd_dpas=1
[MUL_MAT] src0 device=0 ptr=0xffffd556b6481400 (tensor=blk.0.attn_k.weight layout=0)
[MUL_MAT] dst device=0 ptr=0xffffd55e47cdc000 (tensor=node_12)
[SYCL] weight cache lookup: tensor=0x2e776770 name=blk.0.attn_k.weight device=0
[SYCL][OP] call ggml_sycl_mul_mat done
[DEBUG-IMPL] Node 13/140: op=7 name=Kcur-0
[DEBUG-IMPL] Node 15/140: op=36 name=Kcur-0
[DEBUG-IMPL] Node 16/140: op=49 name=Kcur-0
[SYCL] simple consumer routing declined: op=ROPE dst=Kcur-0 local single-device plan ctx=0 target=0
[SYCL][OP] call ggml_sycl_rope: dst='Kcur-0':type=f32;ne=[128, 2, 64, 1];nb=[4, 512, 1024, 65536]	src0='Kcur-0':type=f32;ne=[128, 2, 64, 1];nb=[4, 512, 1024, 65536]	src1='leaf_7':type=i32;ne=[64, 1, 1, 1];nb=[4, 256, 256, 256]	src2='rope_freqs.weight':type=f32;ne=[64, 1, 1, 1];nb=[4, 256, 256, 256]
ggml_sycl_op_rope: norm path
[SYCL][OP] call ggml_sycl_rope done
[DEBUG-IMPL] Node 17/140: op=37 name=Kcur-0 (view)
[DEBUG-IMPL] Node 18/140: op=42 name=cache_k_l0 (view)
ggml_sycl_get_data_ptr_slow: tensor=leaf_15, device=0, staging FAILED for non-device (type=0), using tensor->data=0x77ce002d4e40
ggml_sycl_get_data_ptr_slow: tensor=leaf_15, device=0, using tensor->data=0x77ce002d4e40
[SYCL] simple consumer routing declined: op=SET_ROWS dst=cache_k_l0 (view) plan unavailable ctx=0
[SYCL][OP] call ggml_sycl_op_set_rows: dst='cache_k_l0 (view)':type=f16;ne=[256, 256, 1, 1];nb=[2, 512, 131072, 131072]	src0='Kcur-0 (view)':type=f32;ne=[256, 64, 1, 1];nb=[4, 1024, 65536, 65536]	src1='leaf_15':type=i64;ne=[64, 1, 1, 1];nb=[8, 512, 512, 512]
[SYCL][OP] call ggml_sycl_op_set_rows done
[DEBUG-IMPL] Node 19/140: op=37 name=Vcur-0 (view)
[DEBUG-IMPL] Node 20/140: op=42 name=cache_v_l0 (view)
ggml_sycl_get_data_ptr_slow: tensor=leaf_17, device=0, staging FAILED for non-device (type=0), using tensor->data=0x77ce002d5040
ggml_sycl_get_data_ptr_slow: tensor=leaf_17, device=0, using tensor->data=0x77ce002d5040
[SYCL] simple consumer routing declined: op=SET_ROWS dst=cache_v_l0 (view) plan unavailable ctx=0
[SYCL][OP] call ggml_sycl_op_set_rows: dst='cache_v_l0 (view)':type=f16;ne=[256, 256, 1, 1];nb=[2, 512, 131072, 131072]	src0='Vcur-0 (view)':type=f32;ne=[256, 64, 1, 1];nb=[4, 1024, 65536, 65536]	src1='leaf_17':type=i64;ne=[64, 1, 1, 1];nb=[8, 512, 512, 512]
[SYCL][OP] call ggml_sycl_op_set_rows done
[DEBUG-IMPL] Node 21/140: op=37 name=Qcur-0 (view)
[DEBUG-IMPL] Node 22/140: op=38 name=Qcur-0 (view) (permuted)
[DEBUG-IMPL] Node 23/140: op=34 name=Qcur-0 (view) (permuted) (copy)
[SYCL] simple consumer routing declined: op=CPY dst=Qcur-0 (view) (permuted) (copy) local single-device plan ctx=0 target=0
[SYCL][OP] call ggml_sycl_cpy: dst='Qcur-0 (view) (permuted) (copy)':type=f16;ne=[128, 64, 2, 1];nb=[2, 256, 16384, 32768]	src0='Qcur-0 (view) (permuted)':type=f32;ne=[128, 64, 2, 1];nb=[4, 1024, 512, 65536];strided;permuted
[CPY] device=0 main_stream=0x2b690ec0 tp_queue=(nil) (match=0)
[CPY DEBUG] device=0 src0=Qcur-0 (view) (permuted)(0xffffd55e47ccc000, usm=1) -> src1=Qcur-0 (view) (permuted) (copy)(0xffffd55e47cac000, usm=1) size=65536
[CPY STAGING CHECK] device=0 needs_staging=0 src0_type=1 dst_is_device=1
[SYCL][OP] call ggml_sycl_cpy done
[DEBUG-IMPL] Node 24/140: op=37 name=cache_k_l0 (view)
[DEBUG-IMPL] Node 25/140: op=38 name=cache_k_l0 (view) (permuted)
[DEBUG-IMPL] Node 26/140: op=37 name=cache_v_l0 (view)
[DEBUG-IMPL] Node 27/140: op=38 name=cache_v_l0 (view) (permuted)
[DEBUG-IMPL] Node 28/140: op=75 name=node_28
ggml_sycl_get_data_ptr_slow: tensor=attn_inp_kq_mask, device=0, staging FAILED for non-device (type=0), using tensor->data=0x77ce002d5240
ggml_sycl_get_data_ptr_slow: tensor=attn_inp_kq_mask, device=0, using tensor->data=0x77ce002d5240
[SYCL] simple consumer routing declined: op=FLASH_ATTN_EXT dst=node_28 plan unavailable ctx=0
ggml_sycl_get_data_ptr_slow: tensor=Qcur-0 (view) (permuted) (copy), device=1, rejecting tensor->data=0xffffd55e47cac000 owned by device 0
ggml_sycl_get_data_ptr_slow: tensor=node_28, device=1, rejecting tensor->data=0xffffd55e47cb4000 owned by device 0
[DEBUG-IMPL] Node 29/140: op=36 name=kqv_out-0
[DEBUG-IMPL] Node 30/140: op=29 name=node_30
[SYCL] simple consumer routing declined: op=MUL_MAT dst=node_30 plan unavailable ctx=0
[DEBUG-MULMAT] ENTER: src0=blk.0.attn_output.weight src1=kqv_out-0 dst=node_30
[SYCL][OP] call ggml_sycl_mul_mat: dst='node_30':type=f32;ne=[256, 64, 1, 1];nb=[4, 1024, 65536, 65536]	src0='blk.0.attn_output.weight':type=f32;ne=[256, 256, 1, 1];nb=[4, 1024, 262144, 262144]	src1='kqv_out-0':type=f32;ne=[256, 64, 1, 1];nb=[4, 1024, 65536, 65536]
[XMXConfig] device=0: M=8 N=16 K_INT8=32 K_FP16=16 SLM=131072 nsm=256 supported=1 int8=1 fp16=1 double_buf=1 max_esimd_wg=64 nbarrier=0 esimd_dpas=1
[MUL_MAT] src0 device=0 ptr=0xffffd556b6501400 (tensor=blk.0.attn_output.weight layout=0)
[MUL_MAT] dst device=0 ptr=0xffffd55e47cc4000 (tensor=node_30)
[SYCL] weight cache lookup: tensor=0x2e776f40 name=blk.0.attn_output.weight device=0
[SYCL][OP] call ggml_sycl_mul_mat done
[DEBUG-IMPL] Node 31/140: op=7 name=node_31
[DEBUG-IMPL] Node 33/140: op=2 name=ffn_inp-0
[DEBUG-IMPL] Node 35/140: op=7 name=ffn_norm-0
[SYCL] simple consumer routing declined: op=MUL dst=ffn_norm-0 local single-device plan ctx=0 target=0
[SYCL][OP] call ggml_sycl_mul: dst='ffn_norm-0':type=f32;ne=[256, 64, 1, 1];nb=[4, 1024, 65536, 65536]	src0='norm-0':type=f32;ne=[256, 64, 1, 1];nb=[4, 1024, 65536, 65536]	src1='blk.0.ffn_norm.weight':type=f32;ne=[256, 1, 1, 1];nb=[4, 1024, 1024, 1024]
[BINBCAST-PTR] src0=norm-0 src0_host=0xffffd55e47c9c000 src0_d=0xffffd55e47c9c000
[BINBCAST-PTR] src1=blk.0.ffn_norm.weight src1_host=0x77cdffd41840 src1_d=0xffffd556b6420800
[SYCL][OP] call ggml_sycl_mul done
[DEBUG-IMPL] Node 36/140: op=29 name=ffn_moe_logits-0
[SYCL] simple consumer routing declined: op=MUL_MAT dst=ffn_moe_logits-0 plan unavailable ctx=0
[DEBUG-MULMAT] ENTER: src0=blk.0.ffn_gate_inp.weight src1=ffn_norm-0 dst=ffn_moe_logits-0
[SYCL][OP] call ggml_sycl_mul_mat: dst='ffn_moe_logits-0':type=f32;ne=[2, 64, 1, 1];nb=[4, 8, 512, 512]	src0='blk.0.ffn_gate_inp.weight':type=f32;ne=[256, 2, 1, 1];nb=[4, 1024, 2048, 2048]	src1='ffn_norm-0':type=f32;ne=[256, 64, 1, 1];nb=[4, 1024, 65536, 65536]
[XMXConfig] device=0: M=8 N=16 K_INT8=32 K_FP16=16 SLM=131072 nsm=256 supported=1 int8=1 fp16=1 double_buf=1 max_esimd_wg=64 nbarrier=0 esimd_dpas=1
[MUL_MAT] src0 device=0 ptr=0xffffd556b6644500 (tensor=blk.0.ffn_gate_inp.weight layout=0)
[MUL_MAT] dst device=0 ptr=0xffffd55e47cac000 (tensor=ffn_moe_logits-0)
[SYCL] weight cache lookup: tensor=0x2e777580 name=blk.0.ffn_gate_inp.weight device=0
[SYCL][OP] call ggml_sycl_mul_mat done
[DEBUG-IMPL] Node 37/140: op=47 name=ffn_moe_probs-0
[SYCL] simple consumer routing declined: op=SOFT_MAX dst=ffn_moe_probs-0 local single-device plan ctx=0 target=0
[SYCL][OP] call ggml_sycl_op_soft_max: dst='ffn_moe_probs-0':type=f32;ne=[2, 64, 1, 1];nb=[4, 8, 512, 512]	src0='ffn_moe_logits-0':type=f32;ne=[2, 64, 1, 1];nb=[4, 8, 512, 512]	src1=nullptr
[SYCL][OP] call ggml_sycl_op_soft_max done
[DEBUG-IMPL] Node 38/140: op=36 name=ffn_moe_probs-0 (reshaped)
[DEBUG-IMPL] Node 39/140: op=70 name=ffn_moe_argsort-0
[SYCL] simple consumer routing declined: op=ARGSORT dst=ffn_moe_argsort-0 local single-device plan ctx=0 target=0
[SYCL][OP] call ggml_sycl_argsort: dst='ffn_moe_argsort-0':type=i32;ne=[2, 64, 1, 1];nb=[4, 8, 512, 512]	src0='ffn_moe_probs-0':type=f32;ne=[2, 64, 1, 1];nb=[4, 8, 512, 512]
0.04.273.066 E [SYCL][PTR] dst tensor=ffn_moe_argsort-0 data=0x77cfb0233000 alloc=512 base=0xffffd55e47c9c000 size=524288 end=0xffffd55e47d1c000
[SYCL][OP] call ggml_sycl_argsort done
[DEBUG-IMPL] Node 40/140: op=37 name=ffn_moe_topk-0
[DEBUG-IMPL] Node 41/140: op=40 name=ffn_moe_weights-0
[SYCL][OP] call ggml_sycl_get_rows: dst='ffn_moe_weights-0':type=f32;ne=[1, 1, 64, 1];nb=[4, 4, 4, 256]	src0='ffn_moe_probs-0 (reshaped)':type=f32;ne=[1, 2, 64, 1];nb=[4, 4, 8, 512]	src1='ffn_moe_topk-0':type=i32;ne=[1, 64, 1, 1];nb=[4, 8, 512, 512];strided0.04.280.975 E [SYCL][PTR] src1 tensor=ffn_moe_topk-0 data=0x77cfb0233000 alloc=508 base=0xffffd55e47c9c000 size=524288 end=0xffffd55e47d1c000

[SYCL] weight cache lookup: tensor=0x2fba4c70 name=ffn_moe_probs-0 (reshaped) device=0
[SYCL][OP] call ggml_sycl_get_rows done
[DEBUG-IMPL] Node 42/140: op=36 name=ffn_moe_weights-0 (reshaped)
[DEBUG-IMPL] Node 43/140: op=15 name=ffn_moe_weights_sum-0
[SYCL] simple consumer routing declined: op=SUM_ROWS dst=ffn_moe_weights_sum-0 plan unavailable ctx=0
[SYCL][OP] call ggml_sycl_sum_rows: dst='ffn_moe_weights_sum-0':type=f32;ne=[1, 64, 1, 1];nb=[4, 4, 256, 256]	src0='ffn_moe_weights-0 (reshaped)':type=f32;ne=[1, 64, 1, 1];nb=[4, 4, 256, 256]
[SYCL][OP] call ggml_sycl_sum_rows done
[DEBUG-IMPL] Node 44/140: op=51 name=ffn_moe_weights_sum_clamped-0
[SYCL] simple consumer routing declined: op=CLAMP dst=ffn_moe_weights_sum_clamped-0 plan unavailable ctx=0
[SYCL][OP] call ggml_sycl_clamp: dst='ffn_moe_weights_sum_clamped-0':type=f32;ne=[1, 64, 1, 1];nb=[4, 4, 256, 256]	src0='ffn_moe_weights_sum-0':type=f32;ne=[1, 64, 1, 1];nb=[4, 4, 256, 256]
[SYCL][OP] call ggml_sycl_clamp done
[DEBUG-IMPL] Node 45/140: op=8 name=ffn_moe_weights_norm-0
[SYCL] simple consumer routing declined: op=DIV dst=ffn_moe_weights_norm-0 plan unavailable ctx=0
[SYCL][OP] call ggml_sycl_div: dst='ffn_moe_weights_norm-0':type=f32;ne=[1, 64, 1, 1];nb=[4, 4, 256, 256]	src0='ffn_moe_weights-0 (reshaped)':type=f32;ne=[1, 64, 1, 1];nb=[4, 4, 256, 256]	src1='ffn_moe_weights_sum_clamped-0':type=f32;ne=[1, 64, 1, 1];nb=[4, 4, 256, 256]
[BINBCAST-PTR] src0=ffn_moe_weights-0 (reshaped) src0_host=0xffffd55e47cac400 src0_d=0xffffd55e47cac400
[BINBCAST-PTR] src1=ffn_moe_weights_sum_clamped-0 src1_host=0xffffd55e47cac000 src1_d=0xffffd55e47cac000
[SYCL][OP] call ggml_sycl_div done
[DEBUG-IMPL] Node 46/140: op=36 name=ffn_moe_weights_norm-0 (reshaped)
[DEBUG-IMPL] Node 47/140: op=36 name=ffn_norm-0 (reshaped)
[DEBUG-IMPL] Node 48/140: op=30 name=node_48
[RESOLVE] data_handle empty for weight tensor 'blk.0.ffn_gate_exps.weight' device 0, falling through to cache lookup
[SYCL] weight cache lookup: tensor=0x2e777710 name=blk.0.ffn_gate_exps.weight device=0
[RESOLVE] refusing composite MoE expert tensor materialization for placement-planned 'blk.0.ffn_gate_exps.weight' device 0
[SYCL][OP] call ggml_sycl_mul_mat_id: dst='node_48':type=f32;ne=[384, 1, 64, 1];nb=[4, 1536, 1536, 98304]	src0='blk.0.ffn_gate_exps.weight':type=f32;ne=[256, 384, 2, 1];nb=[4, 1024, 393216, 786432]	src1='ffn_norm-0 (reshaped)':type=f32;ne=[256, 1, 64, 1];nb=[4, 1024, 1024, 65536]	src2='ffn_moe_topk-0':type=i32;ne=[1, 64, 1, 1];nb=[4, 8, 512, 512];strided0.04.283.566 E [SYCL][PTR] src2 tensor=ffn_moe_topk-0 data=0x77cfb0233000 alloc=508 base=0xffffd55e47c9c000 size=524288 end=0xffffd55e47d1c000

[XMX-DEBUG] ggml_sycl_mul_mat_id call #0: src0->type=0 (blk.0.ffn_gate_exps.weight)
[XMX-DEBUG] try_xmx_sorted_moe called: src0->type=0
[XMX-DEBUG] XMX MoE: forced=0 fused_enabled=0 tiled_enabled=1
[XMX-DEBUG] XMX caps: supported=1 int8=1
[XMX MoE] Only Q8_0/MXFP4 supported, got type 0
[XMX-MOE-REJECT] tensor=blk.0.ffn_gate_exps.weight type=f32 device=0 reason=type src0=[256,384,2,1] src1=[256,1,64,1] ids=[1,64,1,1]
[MoE FUSED] Batch 64 > 32, using oneDNN batching
[MoE] About to try COALESCED layout
[RESOLVE] data_handle empty for weight tensor 'blk.0.ffn_gate_exps.weight' device 0, falling through to cache lookup
[SYCL] weight cache lookup: tensor=0x2e777710 name=blk.0.ffn_gate_exps.weight device=0
[RESOLVE] refusing composite MoE expert tensor materialization for placement-planned 'blk.0.ffn_gate_exps.weight' device 0
[MoE] Trying MMVQ with layout=2 for blk.0.ffn_gate_exps.weight
[MMVQ-ENTRY] src0=blk.0.ffn_gate_exps.weight type=0 forced_layout=2
[MMVQ] Batch 64 > threshold 32, routing to batched GEMM path
[MoE] MMVQ layout=2 returned false
[MoE] About to try SOA layout
[RESOLVE] data_handle empty for weight tensor 'blk.0.ffn_gate_exps.weight' device 0, falling through to cache lookup
[SYCL] weight cache lookup: tensor=0x2e777710 name=blk.0.ffn_gate_exps.weight device=0
[RESOLVE] refusing composite MoE expert tensor materialization for placement-planned 'blk.0.ffn_gate_exps.weight' device 0
[MoE] Trying MMVQ with layout=1 for blk.0.ffn_gate_exps.weight
[MMVQ-ENTRY] src0=blk.0.ffn_gate_exps.weight type=0 forced_layout=1
[MMVQ] Batch 64 > threshold 32, routing to batched GEMM path
[MoE] MMVQ layout=1 returned false
[MoE] About to try AOS layout
[RESOLVE] data_handle empty for weight tensor 'blk.0.ffn_gate_exps.weight' device 0, falling through to cache lookup
[SYCL] weight cache lookup: tensor=0x2e777710 name=blk.0.ffn_gate_exps.weight device=0
[RESOLVE] refusing composite MoE expert tensor materialization for placement-planned 'blk.0.ffn_gate_exps.weight' device 0
[MoE] Trying MMVQ with layout=0 for blk.0.ffn_gate_exps.weight
[MMVQ-ENTRY] src0=blk.0.ffn_gate_exps.weight type=0 forced_layout=0
[MMVQ] Batch 64 > threshold 32, routing to batched GEMM path
[MoE] MMVQ layout=0 returned false
[MoE] All MMVQ layouts failed, falling back to host routing
[MoE] GPU probe paths did not select type 0; resolving planner-owned MoE route
[MoE-1E] Cached IDs for layer 0 (GATE), 64 elements
[MoE] Using expert cache for blk.0.ffn_gate_exps.weight (layer=1876883677, host_buf=0, ptr_type=3)
[MOE-AOS-REQUEST] tensor=blk.0.ffn_gate_exps.weight expert=0 current=0 planned=0 requested=aos reason=device-plan
[MOE-AOS-REQUEST] tensor=blk.0.ffn_gate_exps.weight expert=1 current=0 planned=0 requested=aos reason=device-plan
[GRAPH-MOE-LAYOUT] tensor=blk.0.ffn_gate_exps.weight device=0 plan=1 selected=aos local=2 secondary=0 host=0 missing=0 host_weights=0
[MOE-DISPATCH-LAYOUT] tensor=blk.0.ffn_gate_exps.weight device=0 route_layout=aos src0_layout=aos use_expert_cache=1 placement_planned=1 host_weights=0 plan=1 plan_host=0 has_override=0 ne12=64
[MOE-STAGE] tensor=blk.0.ffn_gate_exps.weight stage=after-dispatch-layout device=0 ne12=64
[MOE-STAGE] tensor=blk.0.ffn_gate_exps.weight stage=after-pointer-table device=0 planned_pp=1
[MOE-STAGE] tensor=blk.0.ffn_gate_exps.weight stage=after-route-diagnostics device=0 planned_pp=1
[MOE-STAGE] tensor=blk.0.ffn_gate_exps.weight stage=before-route-mode device=0 ne12=64 use_cache=1 plan=1 hybrid=1
[MOE-IDS] Staging ids to device (buffer_on_host=0, ptr_usm_type=3)
[MOE-IDS] Using pre-allocated staging buffer (256 bytes)
[MOE-STAGE] tensor=blk.0.ffn_gate_exps.weight stage=pp-rowmap-alloc-begin device=0 rows=64
[UNIFIED-ALLOC] zone alloc: dev=0 zone=4 size=0.0 MB ptr=0xffffd55e67c2c000
[MOE-STAGE] tensor=blk.0.ffn_gate_exps.weight stage=pp-rowmap-copy-begin device=0 rows=64 dst_handle=0
[MOE-STAGE] tensor=blk.0.ffn_gate_exps.weight stage=pp-rowmap-copy-submitted device=0 rows=64
[UNIFIED-ALLOC] zone alloc: dev=0 zone=4 size=0.1 MB ptr=0xffffd55e67c2c200
[UNIFIED-ALLOC] zone alloc: dev=0 zone=4 size=0.1 MB ptr=0xffffd55e67c44200
[MOE-AOS-REQUEST] tensor=blk.0.ffn_gate_exps.weight expert=0 current=0 planned=0 requested=aos reason=device-plan
[DEBUG-MULMAT] ENTER: src0=blk.0.ffn_gate_exps.weight src1=ffn_norm-0 (reshaped) dst=node_48
[SYCL][OP] call ggml_sycl_mul_mat: dst='node_48':type=f32;ne=[384, 46, 1, 1];nb=[4, 1536, 70656, 70656]	src0='blk.0.ffn_gate_exps.weight':type=f32;ne=[256, 384, 2, 1];nb=[4, 1024, 393216, 786432]	src1='ffn_norm-0 (reshaped)':type=f32;ne=[256, 1, 64, 1];nb=[4, 1024, 1024, 65536]
[XMXConfig] device=0: M=8 N=16 K_INT8=32 K_FP16=16 SLM=131072 nsm=256 supported=1 int8=1 fp16=1 double_buf=1 max_esimd_wg=64 nbarrier=0 esimd_dpas=1
[MUL_MAT] src0 device=0 ptr=0xffffd556b6645500 (tensor=blk.0.ffn_gate_exps.weight layout=0)
[MUL_MAT] dst device=0 ptr=0xffffd55e67c2c200 (tensor=node_48)
[SYCL][OP] call ggml_sycl_mul_mat done
[MOE-AOS-REQUEST] tensor=blk.0.ffn_gate_exps.weight expert=1 current=0 planned=0 requested=aos reason=device-plan
[DEBUG-MULMAT] ENTER: src0=blk.0.ffn_gate_exps.weight src1=ffn_norm-0 (reshaped) dst=node_48
[SYCL][OP] call ggml_sycl_mul_mat: dst='node_48':type=f32;ne=[384, 18, 1, 1];nb=[4, 1536, 27648, 27648]	src0='blk.0.ffn_gate_exps.weight':type=f32;ne=[256, 384, 2, 1];nb=[4, 1024, 393216, 786432]	src1='ffn_norm-0 (reshaped)':type=f32;ne=[256, 1, 64, 1];nb=[4, 1024, 1024, 65536]
[XMXConfig] device=0: M=8 N=16 K_INT8=32 K_FP16=16 SLM=131072 nsm=256 supported=1 int8=1 fp16=1 double_buf=1 max_esimd_wg=64 nbarrier=0 esimd_dpas=1
[MUL_MAT] src0 device=0 ptr=0xffffd556b66a5500 (tensor=blk.0.ffn_gate_exps.weight layout=0)
[MUL_MAT] dst device=0 ptr=0xffffd55e67c3d600 (tensor=node_48)
[SYCL][OP] call ggml_sycl_mul_mat done
[SYCL][OP] call ggml_sycl_mul_mat_id done
[DEBUG-IMPL] Node 49/140: op=36 name=blk.0.ffn_gate_exps.scale (reshaped)
[DEBUG-IMPL] Node 50/140: op=20 name=node_50
[SYCL] weight cache lookup: tensor=0x2fba6250 name=blk.0.ffn_gate_exps.scale (reshaped) device=0
ggml_sycl_get_data_ptr_slow: tensor=blk.0.ffn_gate_exps.scale (reshaped) view_src chain -> base=blk.0.ffn_gate_exps.scale, base->extra=0x2f9ba7f0, base->data=0x77ce002c46c0, tensor->data=0x77ce002c46c0
ggml_sycl_get_data_ptr_slow: base=blk.0.ffn_gate_exps.scale data=0x77ce002c46c0 ptr_type=3
[SYCL] weight cache lookup: tensor=0x2fba6250 name=blk.0.ffn_gate_exps.scale (reshaped) device=0
ggml_sycl_get_data_ptr_slow: tensor=blk.0.ffn_gate_exps.scale (reshaped), device=0, staging FAILED for non-device (type=0), using tensor->data=0x77ce002c46c0
ggml_sycl_get_data_ptr_slow: tensor=blk.0.ffn_gate_exps.scale (reshaped), device=0, using tensor->data=0x77ce002c46c0
[RESOLVE] data_handle empty for weight tensor 'blk.0.ffn_gate_exps.scale' device 0, falling through to cache lookup
[SYCL] weight cache lookup: tensor=0x2e779970 name=blk.0.ffn_gate_exps.scale device=0
[SYCL] weight cache lookup: tensor=0x2e779970 name=blk.0.ffn_gate_exps.scale device=0
ggml_sycl_get_data_ptr_slow: tensor=blk.0.ffn_gate_exps.scale, device=0, staging FAILED for non-device (type=0), using tensor->data=0x77ce002c46c0
ggml_sycl_get_data_ptr_slow: tensor=blk.0.ffn_gate_exps.scale, device=0, using tensor->data=0x77ce002c46c0
[SYCL] simple consumer routing declined: op=REPEAT dst=node_50 plan unavailable ctx=0
[SYCL][OP] call ggml_sycl_repeat: dst='node_50':type=f32;ne=[1, 2, 64, 1];nb=[4, 4, 8, 512]	src0='blk.0.ffn_gate_exps.scale (reshaped)':type=f32;ne=[1, 2, 1, 1];nb=[4, 4, 8, 8]
[SYCL] weight cache lookup: tensor=0x2fba6250 name=blk.0.ffn_gate_exps.scale (reshaped) device=0
[SYCL] weight cache lookup: tensor=0x2fba6250 name=blk.0.ffn_gate_exps.scale (reshaped) device=0
0.04.285.598 E [SYCL][PTR] dst tensor=node_48 data=0xffffd55e67c2c200 alloc=70656 base=0xffffd55e47c9c000 size=524288 end=0xffffd55e47d1c000
0.04.286.178 E [SYCL][PTR] dst tensor=node_48 data=0xffffd55e67c3d600 alloc=27648 base=0xffffd55e47c9c000 size=524288 end=0xffffd55e47d1c000
0.04.287.935 E [UNIFIED-CACHE] planned-mode runtime materialization rejected op=direct_stage_weight caller=direct_stage_weight model=0 name_hash=0x5c5ab6125ec1b4e2 aux=270 type=0 ne=[1,2,1,1] layout=0 graph_active=1
[SYCL-BINBCAST] staging raw host tensor=blk.0.ffn_gate_exps.scale (reshaped) bytes=8 device=0 src=0x77ce002c46c0 dst=0xffffe38f1ae00000
[BINBCAST-PTR] src0=node_50 src0_host=0xffffd55e47cac400 src0_d=0xffffd55e47cac400
[BINBCAST-PTR] src1=blk.0.ffn_gate_exps.scale (reshaped) src1_host=0x77ce002c46c0 src1_d=0xffffe38f1ae00000
[SYCL][OP] call ggml_sycl_repeat done
[DEBUG-IMPL] Node 51/140: op=40 name=node_51
[SYCL][OP] call ggml_sycl_get_rows: dst='node_51':type=f32;ne=[1, 1, 64, 1];nb=[4, 4, 4, 256]	src0='node_50':type=f32;ne=[1, 2, 64, 1];nb=[4, 4, 8, 512]	src1='ffn_moe_topk-0':type=i32;ne=[1, 64, 1, 1];nb=[4, 8, 512, 512];strided
[SYCL] weight cache lookup: tensor=0x2fba63e0 name=node_50 device=0
0.04.289.191 E [SYCL][PTR] src1 tensor=ffn_moe_topk-0 data=0x77cfb0233000 alloc=508 base=0xffffd55e47c9c000 size=524288 end=0xffffd55e47d1c000
[SYCL][OP] call ggml_sycl_get_rows done
[DEBUG-IMPL] Node 52/140: op=7 name=ffn_moe_gate_scaled-0
[SYCL] simple consumer routing declined: op=MUL dst=ffn_moe_gate_scaled-0 local single-device plan ctx=0 target=0
[SYCL][OP] call ggml_sycl_mul: dst='ffn_moe_gate_scaled-0':type=f32;ne=[384, 1, 64, 1];nb=[4, 1536, 1536, 98304]	src0='node_48':type=f32;ne=[384, 1, 64, 1];nb=[4, 1536, 1536, 98304]	src1='node_51':type=f32;ne=[1, 1, 64, 1];nb=[4, 4, 4, 256]
[BINBCAST-PTR] src0=node_48 src0_host=0xffffd55e47cd4000 src0_d=0xffffd55e47cd4000
[BINBCAST-PTR] src1=node_51 src1_host=0xffffd55e47cac000 src1_d=0xffffd55e47cac000
[SYCL][OP] call ggml_sycl_mul done
[DEBUG-IMPL] Node 53/140: op=30 name=node_53
[RESOLVE] data_handle empty for weight tensor 'blk.0.ffn_up_exps.weight' device 0, falling through to cache lookup
[SYCL] weight cache lookup: tensor=0x2e777a30 name=blk.0.ffn_up_exps.weight device=0
[RESOLVE] refusing composite MoE expert tensor materialization for placement-planned 'blk.0.ffn_up_exps.weight' device 0
[SYCL][OP] call ggml_sycl_mul_mat_id: dst='node_53':type=f32;ne=[384, 1, 64, 1];nb=[4, 1536, 1536, 98304]	src0='blk.0.ffn_up_exps.weight':type=f32;ne=[256, 384, 2, 1];nb=[4, 1024, 393216, 786432]	src1='ffn_norm-0 (reshaped)':type=f32;ne=[256, 1, 64, 1];nb=[4, 1024, 1024, 65536]	src2='ffn_moe_topk-0':type=i32;ne=[1, 64, 1, 1];nb=[4, 8, 512, 512];strided
[XMX-DEBUG] ggml_sycl_mul_mat_id call #1: src0->type=0 (blk.0.ffn_up_exps.weight)
0.04.289.333 E [SYCL][PTR] src2 tensor=ffn_moe_topk-0 data=0x77cfb0233000 alloc=508 base=0xffffd55e47c9c000 size=524288 end=0xffffd55e47d1c000
[XMX-DEBUG] try_xmx_sorted_moe called: src0->type=0
[XMX-DEBUG] XMX MoE: forced=0 fused_enabled=0 tiled_enabled=1
[XMX-DEBUG] XMX caps: supported=1 int8=1
[XMX MoE] Only Q8_0/MXFP4 supported, got type 0
[XMX-MOE-REJECT] tensor=blk.0.ffn_up_exps.weight type=f32 device=0 reason=type src0=[256,384,2,1] src1=[256,1,64,1] ids=[1,64,1,1]
[MoE FUSED] Batch 64 > 32, using oneDNN batching
[MoE] About to try COALESCED layout
[RESOLVE] data_handle empty for weight tensor 'blk.0.ffn_up_exps.weight' device 0, falling through to cache lookup
[SYCL] weight cache lookup: tensor=0x2e777a30 name=blk.0.ffn_up_exps.weight device=0
[RESOLVE] refusing composite MoE expert tensor materialization for placement-planned 'blk.0.ffn_up_exps.weight' device 0
[MoE] Trying MMVQ with layout=2 for blk.0.ffn_up_exps.weight
[MMVQ-ENTRY] src0=blk.0.ffn_up_exps.weight type=0 forced_layout=2
[MMVQ] Batch 64 > threshold 32, routing to batched GEMM path
[MoE] MMVQ layout=2 returned false
[MoE] About to try SOA layout
[RESOLVE] data_handle empty for weight tensor 'blk.0.ffn_up_exps.weight' device 0, falling through to cache lookup
[SYCL] weight cache lookup: tensor=0x2e777a30 name=blk.0.ffn_up_exps.weight device=0
[RESOLVE] refusing composite MoE expert tensor materialization for placement-planned 'blk.0.ffn_up_exps.weight' device 0
[MoE] Trying MMVQ with layout=1 for blk.0.ffn_up_exps.weight
[MMVQ-ENTRY] src0=blk.0.ffn_up_exps.weight type=0 forced_layout=1
[MMVQ] Batch 64 > threshold 32, routing to batched GEMM path
[MoE] MMVQ layout=1 returned false
[MoE] About to try AOS layout
[RESOLVE] data_handle empty for weight tensor 'blk.0.ffn_up_exps.weight' device 0, falling through to cache lookup
[SYCL] weight cache lookup: tensor=0x2e777a30 name=blk.0.ffn_up_exps.weight device=0
[RESOLVE] refusing composite MoE expert tensor materialization for placement-planned 'blk.0.ffn_up_exps.weight' device 0
[MoE] Trying MMVQ with layout=0 for blk.0.ffn_up_exps.weight
[MMVQ-ENTRY] src0=blk.0.ffn_up_exps.weight type=0 forced_layout=0
[MMVQ] Batch 64 > threshold 32, routing to batched GEMM path
[MoE] MMVQ layout=0 returned false
[MoE] All MMVQ layouts failed, falling back to host routing
[MoE] GPU probe paths did not select type 0; resolving planner-owned MoE route
[MoE-1E] Reusing cached IDs for layer 0 (blk.0.ffn_up_exps.weight), 64 elements
[MoE] Using expert cache for blk.0.ffn_up_exps.weight (layer=559450555, host_buf=0, ptr_type=3)
[MOE-AOS-REQUEST] tensor=blk.0.ffn_up_exps.weight expert=0 current=0 planned=0 requested=aos reason=device-plan
[MOE-AOS-REQUEST] tensor=blk.0.ffn_up_exps.weight expert=1 current=0 planned=0 requested=aos reason=device-plan
[GRAPH-MOE-LAYOUT] tensor=blk.0.ffn_up_exps.weight device=0 plan=1 selected=aos local=2 secondary=0 host=0 missing=0 host_weights=0
[MOE-DISPATCH-LAYOUT] tensor=blk.0.ffn_up_exps.weight device=0 route_layout=aos src0_layout=aos use_expert_cache=1 placement_planned=1 host_weights=0 plan=1 plan_host=0 has_override=0 ne12=64
[MOE-STAGE] tensor=blk.0.ffn_up_exps.weight stage=after-dispatch-layout device=0 ne12=64
[MOE-STAGE] tensor=blk.0.ffn_up_exps.weight stage=after-pointer-table device=0 planned_pp=1
[MOE-STAGE] tensor=blk.0.ffn_up_exps.weight stage=after-route-diagnostics device=0 planned_pp=1
[MOE-STAGE] tensor=blk.0.ffn_up_exps.weight stage=before-route-mode device=0 ne12=64 use_cache=1 plan=1 hybrid=1
[MOE-IDS] Staging ids to device (buffer_on_host=0, ptr_usm_type=3)
[MOE-STAGE] tensor=blk.0.ffn_up_exps.weight stage=pp-rowmap-alloc-begin device=0 rows=64
[UNIFIED-ALLOC] zone alloc: dev=0 zone=4 size=0.0 MB ptr=0xffffd55e67c2c000
[MOE-STAGE] tensor=blk.0.ffn_up_exps.weight stage=pp-rowmap-copy-begin device=0 rows=64 dst_handle=0
[MOE-STAGE] tensor=blk.0.ffn_up_exps.weight stage=pp-rowmap-copy-submitted device=0 rows=64
[UNIFIED-ALLOC] zone alloc: dev=0 zone=4 size=0.1 MB ptr=0xffffd55e67c2c200
[UNIFIED-ALLOC] zone alloc: dev=0 zone=4 size=0.1 MB ptr=0xffffd55e67c44200
[MOE-AOS-REQUEST] tensor=blk.0.ffn_up_exps.weight expert=0 current=0 planned=0 requested=aos reason=device-plan
[DEBUG-MULMAT] ENTER: src0=blk.0.ffn_up_exps.weight src1=ffn_norm-0 (reshaped) dst=node_53
[SYCL][OP] call ggml_sycl_mul_mat: dst='node_53':type=f32;ne=[384, 46, 1, 1];nb=[4, 1536, 70656, 70656]	src0='blk.0.ffn_up_exps.weight':type=f32;ne=[256, 384, 2, 1];nb=[4, 1024, 393216, 786432]	src1='ffn_norm-0 (reshaped)':type=f32;ne=[256, 1, 64, 1];nb=[4, 1024, 1024, 65536]
0.04.289.893 E [SYCL][PTR] dst tensor=node_53 data=0xffffd55e67c2c200 alloc=70656 base=0xffffd55e47c9c000 size=524288 end=0xffffd55e47d1c000
[XMXConfig] device=0: M=8 N=16 K_INT8=32 K_FP16=16 SLM=131072 nsm=256 supported=1 int8=1 fp16=1 double_buf=1 max_esimd_wg=64 nbarrier=0 esimd_dpas=1
[MUL_MAT] src0 device=0 ptr=0xffffd556b6705500 (tensor=blk.0.ffn_up_exps.weight layout=0)
[MUL_MAT] dst device=0 ptr=0xffffd55e67c2c200 (tensor=node_53)
[SYCL][OP] call ggml_sycl_mul_mat done
[MOE-AOS-REQUEST] tensor=blk.0.ffn_up_exps.weight expert=1 current=0 planned=0 requested=aos reason=device-plan
[DEBUG-MULMAT] ENTER: src0=blk.0.ffn_up_exps.weight src1=ffn_norm-0 (reshaped) dst=node_53
[SYCL][OP] call ggml_sycl_mul_mat: dst='node_53':type=f32;ne=[384, 18, 1, 1];nb=[4, 1536, 27648, 27648]	src0='blk.0.ffn_up_exps.weight':type=f32;ne=[256, 384, 2, 1];nb=[4, 1024, 393216, 786432]	src1='ffn_norm-0 (reshaped)':type=f32;ne=[256, 1, 64, 1];nb=[4, 1024, 1024, 65536]
0.04.290.195 E [SYCL][PTR] dst tensor=node_53 data=0xffffd55e67c3d600 alloc=27648 base=0xffffd55e47c9c000 size=524288 end=0xffffd55e47d1c000
[XMXConfig] device=0: M=8 N=16 K_INT8=32 K_FP16=16 SLM=131072 nsm=256 supported=1 int8=1 fp16=1 double_buf=1 max_esimd_wg=64 nbarrier=0 esimd_dpas=1
[MUL_MAT] src0 device=0 ptr=0xffffd556b6765500 (tensor=blk.0.ffn_up_exps.weight layout=0)
[MUL_MAT] dst device=0 ptr=0xffffd55e67c3d600 (tensor=node_53)
[SYCL][OP] call ggml_sycl_mul_mat done
[SYCL][OP] call ggml_sycl_mul_mat_id done
[DEBUG-IMPL] Node 54/140: op=36 name=blk.0.ffn_up_exps.scale (reshaped)
[DEBUG-IMPL] Node 55/140: op=20 name=node_55
[SYCL] weight cache lookup: tensor=0x2fba5a80 name=blk.0.ffn_up_exps.scale (reshaped) device=0
ggml_sycl_get_data_ptr_slow: tensor=blk.0.ffn_up_exps.scale (reshaped) view_src chain -> base=blk.0.ffn_up_exps.scale, base->extra=0x2f9f5dc0, base->data=0x77ce002c4700, tensor->data=0x77ce002c4700
ggml_sycl_get_data_ptr_slow: base=blk.0.ffn_up_exps.scale data=0x77ce002c4700 ptr_type=3
[SYCL] weight cache lookup: tensor=0x2fba5a80 name=blk.0.ffn_up_exps.scale (reshaped) device=0
ggml_sycl_get_data_ptr_slow: tensor=blk.0.ffn_up_exps.scale (reshaped), device=0, staging FAILED for non-device (type=0), using tensor->data=0x77ce002c4700
ggml_sycl_get_data_ptr_slow: tensor=blk.0.ffn_up_exps.scale (reshaped), device=0, using tensor->data=0x77ce002c4700
[RESOLVE] data_handle empty for weight tensor 'blk.0.ffn_up_exps.scale' device 0, falling through to cache lookup
[SYCL] weight cache lookup: tensor=0x2e779c90 name=blk.0.ffn_up_exps.scale device=0
[SYCL] weight cache lookup: tensor=0x2e779c90 name=blk.0.ffn_up_exps.scale device=0
ggml_sycl_get_data_ptr_slow: tensor=blk.0.ffn_up_exps.scale, device=0, staging FAILED for non-device (type=0), using tensor->data=0x77ce002c4700
ggml_sycl_get_data_ptr_slow: tensor=blk.0.ffn_up_exps.scale, device=0, using tensor->data=0x77ce002c4700
[SYCL] simple consumer routing declined: op=REPEAT dst=node_55 plan unavailable ctx=0
[SYCL][OP] call ggml_sycl_repeat: dst='node_55':type=f32;ne=[1, 2, 64, 1];nb=[4, 4, 8, 512]	src0='blk.0.ffn_up_exps.scale (reshaped)':type=f32;ne=[1, 2, 1, 1];nb=[4, 4, 8, 8]
[SYCL] weight cache lookup: tensor=0x2fba5a80 name=blk.0.ffn_up_exps.scale (reshaped) device=0
[SYCL] weight cache lookup: tensor=0x2fba5a80 name=blk.0.ffn_up_exps.scale (reshaped) device=0
0.04.290.394 E [UNIFIED-CACHE] planned-mode runtime materialization rejected op=direct_stage_weight caller=direct_stage_weight model=0 name_hash=0xe55e3ca93cf2a5d1 aux=275 type=0 ne=[1,2,1,1] layout=0 graph_active=1
[SYCL-BINBCAST] staging raw host tensor=blk.0.ffn_up_exps.scale (reshaped) bytes=8 device=0 src=0x77ce002c4700 dst=0xffffe38f1ae00000
[BINBCAST-PTR] src0=node_55 src0_host=0xffffd55e47c9c000 src0_d=0xffffd55e47c9c000
[BINBCAST-PTR] src1=blk.0.ffn_up_exps.scale (reshaped) src1_host=0x77ce002c4700 src1_d=0xffffe38f1ae00000
[SYCL][OP] call ggml_sycl_repeat done
[DEBUG-IMPL] Node 56/140: op=40 name=node_56
[SYCL][OP] call ggml_sycl_get_rows: dst='node_56':type=f32;ne=[1, 1, 64, 1];nb=[4, 4, 4, 256]	src0='node_55':type=f32;ne=[1, 2, 64, 1];nb=[4, 4, 8, 512]	src1='ffn_moe_topk-0':type=i32;ne=[1, 64, 1, 1];nb=[4, 8, 512, 512];strided
0.04.290.497 E [SYCL][PTR] src1 tensor=ffn_moe_topk-0 data=0x77cfb0233000 alloc=508 base=0xffffd55e47c9c000 size=524288 end=0xffffd55e47d1c000
[SYCL] weight cache lookup: tensor=0x2fba5c10 name=node_55 device=0
[SYCL][OP] call ggml_sycl_get_rows done
[DEBUG-IMPL] Node 57/140: op=7 name=ffn_moe_up_scaled-0
[SYCL] simple consumer routing declined: op=MUL dst=ffn_moe_up_scaled-0 local single-device plan ctx=0 target=0
[SYCL][OP] call ggml_sycl_mul: dst='ffn_moe_up_scaled-0':type=f32;ne=[384, 1, 64, 1];nb=[4, 1536, 1536, 98304]	src0='node_53':type=f32;ne=[384, 1, 64, 1];nb=[4, 1536, 1536, 98304]	src1='node_56':type=f32;ne=[1, 1, 64, 1];nb=[4, 4, 4, 256]
[BINBCAST-PTR] src0=node_53 src0_host=0xffffd55e47cec000 src0_d=0xffffd55e47cec000
[BINBCAST-PTR] src1=node_56 src1_host=0xffffd55e47c9c200 src1_d=0xffffd55e47c9c200
[SYCL][OP] call ggml_sycl_mul done
[DEBUG-IMPL] Node 58/140: op=97 name=ffn_moe_swiglu-0
[SYCL] simple consumer routing declined: op=GLU dst=ffn_moe_swiglu-0 local single-device plan ctx=0 target=0
[SYCL][OP] call ggml_sycl_swiglu: dst='ffn_moe_swiglu-0':type=f32;ne=[384, 1, 64, 1];nb=[4, 1536, 1536, 98304]	src0='ffn_moe_gate_scaled-0':type=f32;ne=[384, 1, 64, 1];nb=[4, 1536, 1536, 98304]
[SYCL][OP] call ggml_sycl_swiglu done
[DEBUG-IMPL] Node 59/140: op=30 name=node_59
[RESOLVE] data_handle empty for weight tensor 'blk.0.ffn_down_exps.weight' device 0, falling through to cache lookup
[SYCL] weight cache lookup: tensor=0x2e7778a0 name=blk.0.ffn_down_exps.weight device=0
[RESOLVE] refusing composite MoE expert tensor materialization for placement-planned 'blk.0.ffn_down_exps.weight' device 0
[SYCL][OP] call ggml_sycl_mul_mat_id: dst='node_59':type=f32;ne=[256, 1, 64, 1];nb=[4, 1024, 1024, 65536]	src0='blk.0.ffn_down_exps.weight':type=f32;ne=[384, 256, 2, 1];nb=[4, 1536, 393216, 786432]	src1='ffn_moe_swiglu-0':type=f32;ne=[384, 1, 64, 1];nb=[4, 1536, 1536, 98304]	src2='ffn_moe_topk-0':type=i32;ne=[1, 64, 1, 1];nb=[4, 8, 512, 512];strided
[XMX-DEBUG] ggml_sycl_mul_mat_id call #2: src0->type=0 (blk.0.ffn_down_exps.weight)
[XMX-DEBUG] try_xmx_sorted_moe called: src0->type=0
[XMX-DEBUG] XMX MoE: forced=0 fused_enabled=0 tiled_enabled=1
[XMX-DEBUG] XMX caps: supported=1 int8=1
[XMX MoE] Only Q8_0/MXFP4 supported, got type 0
[XMX-MOE-REJECT] tensor=blk.0.ffn_down_exps.weight type=f32 device=0 reason=type src0=[384,256,2,1] src1=[384,1,64,1] ids=[1,64,1,1]
[MoE FUSED] Batch 64 > 32, using oneDNN batching
[MoE] About to try COALESCED layout
[RESOLVE] data_handle empty for weight tensor 'blk.0.ffn_down_exps.weight' device 0, falling through to cache lookup
[SYCL] weight cache lookup: tensor=0x2e7778a0 name=blk.0.ffn_down_exps.weight device=0
[RESOLVE] refusing composite MoE expert tensor materialization for placement-planned 'blk.0.ffn_down_exps.weight' device 0
[MoE] Trying MMVQ with layout=2 for blk.0.ffn_down_exps.weight
[MMVQ-ENTRY] src0=blk.0.ffn_down_exps.weight type=0 forced_layout=2
[MMVQ] Batch 64 > threshold 32, routing to batched GEMM path
[MoE] MMVQ layout=2 returned false
[MoE] About to try SOA layout
[RESOLVE] data_handle empty for weight tensor 'blk.0.ffn_down_exps.weight' device 0, falling through to cache lookup
[SYCL] weight cache lookup: tensor=0x2e7778a0 name=blk.0.ffn_down_exps.weight device=0
[RESOLVE] refusing composite MoE expert tensor materialization for placement-planned 'blk.0.ffn_down_exps.weight' device 0
[MoE] Trying MMVQ with layout=1 for blk.0.ffn_down_exps.weight
[MMVQ-ENTRY] src0=blk.0.ffn_down_exps.weight type=0 forced_layout=1
[MMVQ] Batch 64 > threshold 32, routing to batched GEMM path
[MoE] MMVQ layout=1 returned false
[MoE] About to try AOS layout
[RESOLVE] data_handle empty for weight tensor 'blk.0.ffn_down_exps.weight' device 0, falling through to cache lookup
[SYCL] weight cache lookup: tensor=0x2e7778a0 name=blk.0.ffn_down_exps.weight device=0
[RESOLVE] refusing composite MoE expert tensor materialization for placement-planned 'blk.0.ffn_down_exps.weight' device 0
[MoE] Trying MMVQ with layout=0 for blk.0.ffn_down_exps.weight
[MMVQ-ENTRY] src0=blk.0.ffn_down_exps.weight type=0 forced_layout=0
[MMVQ] Batch 64 > threshold 32, routing to batched GEMM path
[MoE] MMVQ layout=0 returned false
[MoE] All MMVQ layouts failed, falling back to host routing
[MoE] GPU probe paths did not select type 0; resolving planner-owned MoE route
[MoE-1E] Reusing cached IDs for layer 0 (blk.0.ffn_down_exps.weight), 64 elements
[MoE] Using expert cache for blk.0.ffn_down_exps.weight (layer=1637998062, host_buf=0, ptr_type=3)
[MOE-AOS-REQUEST] tensor=blk.0.ffn_down_exps.weight expert=0 current=0 planned=0 requested=aos reason=device-plan
[MOE-AOS-REQUEST] tensor=blk.0.ffn_down_exps.weight expert=1 current=0 planned=0 requested=aos reason=device-plan
[GRAPH-MOE-LAYOUT] tensor=blk.0.ffn_down_exps.weight device=0 plan=1 selected=aos local=2 secondary=0 host=0 missing=0 host_weights=0
[MOE-DISPATCH-LAYOUT] tensor=blk.0.ffn_down_exps.weight device=0 route_layout=aos src0_layout=aos use_expert_cache=1 placement_planned=1 host_weights=0 plan=1 plan_host=0 has_override=0 ne12=64
[MOE-STAGE] tensor=blk.0.ffn_down_exps.weight stage=after-dispatch-layout device=0 ne12=64
[MOE-STAGE] tensor=blk.0.ffn_down_exps.weight stage=after-pointer-table device=0 planned_pp=1
[MOE-STAGE] tensor=blk.0.ffn_down_exps.weight stage=after-route-diagnostics device=0 planned_pp=1
[MOE-STAGE] tensor=blk.0.ffn_down_exps.weight stage=before-route-mode device=0 ne12=64 use_cache=1 plan=1 hybrid=1
[MOE-IDS] Staging ids to device (buffer_on_host=0, ptr_usm_type=3)
0.04.290.653 E [MOE-STAGE] tensor=blk.0.ffn_down_exps.weight stage=pp-rowmap-alloc-begin device=0 rows=64
[UNIFIED-ALLOC] zone alloc: dev=0 zone=4 size=0.0 MB ptr=0xffffd55e67c2c000
[MOE-STAGE] tensor=blk.0.ffn_down_exps.weight stage=pp-rowmap-copy-begin device=0 rows=64 dst_handle=0
[MOE-STAGE] tensor=blk.0.ffn_down_exps.weight stage=pp-rowmap-copy-submitted device=0 rows=64
[UNIFIED-ALLOC] zone alloc: dev=0 zone=4 size=0.1 MB ptr=0xffffd55e67c2c200
[UNIFIED-ALLOC] zone alloc: dev=0 zone=4 size=0.1 MB ptr=0xffffd55e67c3c200
[MOE-AOS-REQUEST] tensor=blk.0.ffn_down_exps.weight expert=0 current=0 planned=0 requested=aos reason=device-plan
[SYCL][PTR] src2 tensor=ffn_moe_topk-0 data=0x77cfb0233000 alloc=508 base=0xffffd55e47c9c000 size=524288 end=0xffffd55e47d1c000
[DEBUG-MULMAT] ENTER: src0=blk.0.ffn_down_exps.weight src1=ffn_moe_swiglu-0 dst=node_59
[SYCL][OP] call ggml_sycl_mul_mat: dst='node_59':type=f32;ne=[256, 46, 1, 1];nb=[4, 1024, 47104, 47104]	src0='blk.0.ffn_down_exps.weight':type=f32;ne=[384, 256, 2, 1];nb=[4, 1536, 393216, 786432]	src1='ffn_moe_swiglu-0':type=f32;ne=[384, 1, 64, 1];nb=[4, 1536, 1536, 98304]
0.04.290.789 E [SYCL][PTR] dst tensor=node_59 data=0xffffd55e67c2c200 alloc=47104 base=0xffffd55e47c9c000 size=524288 end=0xffffd55e47d1c000
[XMXConfig] device=0: M=8 N=16 K_INT8=32 K_FP16=16 SLM=131072 nsm=256 supported=1 int8=1 fp16=1 double_buf=1 max_esimd_wg=64 nbarrier=0 esimd_dpas=1
[MUL_MAT] src0 device=0 ptr=0xffffd556b67c5500 (tensor=blk.0.ffn_down_exps.weight layout=0)
[MUL_MAT] dst device=0 ptr=0xffffd55e67c2c200 (tensor=node_59)
[SYCL][OP] call ggml_sycl_mul_mat done
[MOE-AOS-REQUEST] tensor=blk.0.ffn_down_exps.weight expert=1 current=0 planned=0 requested=aos reason=device-plan
[DEBUG-MULMAT] ENTER: src0=blk.0.ffn_down_exps.weight src1=ffn_moe_swiglu-0 dst=node_59
[SYCL][OP] call ggml_sycl_mul_mat: dst='node_59':type=f32;ne=[256, 18, 1, 1];nb=[4, 1024, 18432, 18432]	src0='blk.0.ffn_down_exps.weight':type=f32;ne=[384, 256, 2, 1];nb=[4, 1536, 393216, 786432]	src1='ffn_moe_swiglu-0':type=f32;ne=[384, 1, 64, 1];nb=[4, 1536, 1536, 98304]
[XMXConfig] device=0: M=8 N=16 K_INT8=32 K_FP16=16 SLM=131072 nsm=256 supported=1 int8=1 fp16=1 double_buf=1 max_esimd_wg=64 nbarrier=0 esimd_dpas=1
[MUL_MAT] src0 device=0 ptr=0xffffd556b6825500 (tensor=blk.0.ffn_down_exps.weight layout=0)
[MUL_MAT] dst device=0 ptr=0xffffd55e67c37a00 (tensor=node_59)
[SYCL][OP] call ggml_sycl_mul_mat done
[SYCL][OP] call ggml_sycl_mul_mat_id done
[DEBUG-IMPL] Node 60/140: op=36 name=blk.0.ffn_down_exps.scale (reshaped)
[DEBUG-IMPL] Node 61/140: op=20 name=node_61
[SYCL] weight cache lookup: tensor=0x2fba6bb0 name=blk.0.ffn_down_exps.scale (reshaped) device=0
ggml_sycl_get_data_ptr_slow: tensor=blk.0.ffn_down_exps.scale (reshaped) view_src chain -> base=blk.0.ffn_down_exps.scale, base->extra=0x2f9d8af0, base->data=0x77ce002c46e0, tensor->data=0x77ce002c46e0
ggml_sycl_get_data_ptr_slow: base=blk.0.ffn_down_exps.scale data=0x77ce002c46e0 ptr_type=3
[SYCL] weight cache lookup: tensor=0x2fba6bb0 name=blk.0.ffn_down_exps.scale (reshaped) device=0
ggml_sycl_get_data_ptr_slow: tensor=blk.0.ffn_down_exps.scale (reshaped), device=0, staging FAILED for non-device (type=0), using tensor->data=0x77ce002c46e0
ggml_sycl_get_data_ptr_slow: tensor=blk.0.ffn_down_exps.scale (reshaped), device=0, using tensor->data=0x77ce002c46e0
[RESOLVE] data_handle empty for weight tensor 'blk.0.ffn_down_exps.scale' device 0, falling through to cache lookup
[SYCL] weight cache lookup: tensor=0x2e779b00 name=blk.0.ffn_down_exps.scale device=0
[SYCL] weight cache lookup: tensor=0x2e779b00 name=blk.0.ffn_down_exps.scale device=0
ggml_sycl_get_data_ptr_slow: tensor=blk.0.ffn_down_exps.scale, device=0, staging FAILED for non-device (type=0), using tensor->data=0x77ce002c46e0
ggml_sycl_get_data_ptr_slow: tensor=blk.0.ffn_down_exps.scale, device=0, using tensor->data=0x77ce002c46e0
[SYCL] simple consumer routing declined: op=REPEAT dst=node_61 plan unavailable ctx=0
[SYCL][OP] call ggml_sycl_repeat: dst='node_61':type=f32;ne=[1, 2, 64, 1];nb=[4, 4, 8, 512]	src0='blk.0.ffn_down_exps.scale (reshaped)':type=f32;ne=[1, 2, 1, 1];nb=[4, 4, 8, 8]
[SYCL] weight cache lookup: tensor=0x2fba6bb0 name=blk.0.ffn_down_exps.scale (reshaped) device=0
[SYCL] weight cache lookup: tensor=0x2fba6bb0 name=blk.0.ffn_down_exps.scale (reshaped) device=0
[SYCL-BINBCAST] staging raw host tensor=blk.0.ffn_down_exps.scale (reshaped) bytes=8 device=0 src=0x77ce002c46e0 dst=0xffffe38f1ae00000
[BINBCAST-PTR] src0=node_61 src0_host=0xffffd55e47cac400 src0_d=0xffffd55e47cac400
[BINBCAST-PTR] src1=blk.0.ffn_down_exps.scale (reshaped) src1_host=0x77ce002c46e0 src1_d=0xffffe38f1ae00000
[SYCL][OP] call ggml_sycl_repeat done
[DEBUG-IMPL] Node 62/140: op=40 name=node_62
[SYCL][OP] call ggml_sycl_get_rows: dst='node_62':type=f32;ne=[1, 1, 64, 1];nb=[4, 4, 4, 256]	src0='node_61':type=f32;ne=[1, 2, 64, 1];nb=[4, 4, 8, 512]	src1='ffn_moe_topk-0':type=i32;ne=[1, 64, 1, 1];nb=[4, 8, 512, 512];strided
[SYCL] weight cache lookup: tensor=0x2fba6d40 name=node_61 device=0
[SYCL][OP] call ggml_sycl_get_rows done
[DEBUG-IMPL] Node 63/140: op=7 name=ffn_moe_down_scaled-0
[SYCL] simple consumer routing declined: op=MUL dst=ffn_moe_down_scaled-0 local single-device plan ctx=0 target=0
[SYCL][OP] call ggml_sycl_mul: dst='ffn_moe_down_scaled-0':type=f32;ne=[256, 1, 64, 1];nb=[4, 1024, 1024, 65536]	src0='node_59':type=f32;ne=[256, 1, 64, 1];nb=[4, 1024, 1024, 65536]	src1='node_62':type=f32;ne=[1, 1, 64, 1];nb=[4, 4, 4, 256]
[BINBCAST-PTR] src0=node_59 src0_host=0xffffd55e47c9c000 src0_d=0xffffd55e47c9c000
[BINBCAST-PTR] src1=node_62 src1_host=0xffffd55e47cac000 src1_d=0xffffd55e47cac000
[SYCL][OP] call ggml_sycl_mul done
[DEBUG-IMPL] Node 64/140: op=7 name=ffn_moe_weighted-0
[SYCL] simple consumer routing declined: op=MUL dst=ffn_moe_weighted-0 local single-device plan ctx=0 target=0
[SYCL][OP] call ggml_sycl_mul: dst='ffn_moe_weighted-0':type=f32;ne=[256, 1, 64, 1];nb=[4, 1024, 1024, 65536]	src0='ffn_moe_down_scaled-0':type=f32;ne=[256, 1, 64, 1];nb=[4, 1024, 1024, 65536]	src1='ffn_moe_weights_norm-0 (reshaped)':type=f32;ne=[1, 1, 64, 1];nb=[4, 4, 4, 256]
[BINBCAST-PTR] src0=ffn_moe_down_scaled-0 src0_host=0xffffd55e47c9c000 src0_d=0xffffd55e47c9c000
[BINBCAST-PTR] src1=ffn_moe_weights_norm-0 (reshaped) src1_host=0xffffd55e47cac100 src1_d=0xffffd55e47cac100
[SYCL][OP] call ggml_sycl_mul done
[DEBUG-IMPL] Node 65/140: op=37 name=ffn_moe_weighted-0 (view)
[DEBUG-IMPL] Node 66/140: op=35 name=ffn_moe_out-0
[SYCL] simple consumer routing declined: op=CONT dst=ffn_moe_out-0 local single-device plan ctx=0 target=0
[SYCL][OP] call ggml_sycl_dup: dst='ffn_moe_out-0':type=f32;ne=[256, 64, 1, 1];nb=[4, 1024, 65536, 65536]	src0='ffn_moe_weighted-0 (view)':type=f32;ne=[256, 64, 1, 1];nb=[4, 1024, 65536, 65536]
[SYCL][OP] call ggml_sycl_cpy: dst='ffn_moe_out-0':type=f32;ne=[256, 64, 1, 1];nb=[4, 1024, 65536, 65536]	src0='ffn_moe_weighted-0 (view)':type=f32;ne=[256, 64, 1, 1];nb=[4, 1024, 65536, 65536]
[CPY] device=0 main_stream=0x2b690ec0 tp_queue=(nil) (match=0)
[CPY DEBUG] device=0 src0=ffn_moe_weighted-0 (view)(0xffffd55e47c9c000, usm=1) -> src1=ffn_moe_out-0(0xffffd55e47cac000, usm=1) size=65536
[CPY STAGING CHECK] device=0 needs_staging=0 src0_type=1 dst_is_device=1
[CPY device=0] memcpy path: 0xffffd55e47c9c000 -> 0xffffd55e47cac000 (65536 bytes)
[CPY device=0] memcpy submitted
[SYCL][OP] call ggml_sycl_cpy done
[SYCL][OP] call ggml_sycl_dup done
[DEBUG-IMPL] Node 67/140: op=2 name=l_out-0
[DEBUG-IMPL] Node 69/140: op=7 name=attn_norm-1
[SYCL] simple consumer routing declined: op=MUL dst=attn_norm-1 local single-device plan ctx=0 target=0
[SYCL][OP] call ggml_sycl_mul: dst='attn_norm-1':type=f32;ne=[256, 64, 1, 1];nb=[4, 1024, 65536, 65536]	src0='norm-1':type=f32;ne=[256, 64, 1, 1];nb=[4, 1024, 65536, 65536]	src1='blk.1.attn_norm.weight':type=f32;ne=[256, 1, 1, 1];nb=[4, 1024, 1024, 1024]
[BINBCAST-PTR] src0=norm-1 src0_host=0xffffd55e47c9c000 src0_d=0xffffd55e47c9c000
[BINBCAST-PTR] src1=blk.1.attn_norm.weight src1_host=0x77cdfff82540 src1_d=0xffffd556b6420c00
[SYCL][OP] call ggml_sycl_mul done
[DEBUG-IMPL] Node 70/140: op=29 name=node_70
[SYCL] simple consumer routing declined: op=MUL_MAT dst=node_70 plan unavailable ctx=0
[DEBUG-MULMAT] ENTER: src0=blk.1.attn_q.weight src1=attn_norm-1 dst=node_70
[SYCL][OP] call ggml_sycl_mul_mat: dst='node_70':type=f32;ne=[256, 64, 1, 1];nb=[4, 1024, 65536, 65536]	src0='blk.1.attn_q.weight':type=f32;ne=[256, 256, 1, 1];nb=[4, 1024, 262144, 262144]	src1='attn_norm-1':type=f32;ne=[256, 64, 1, 1];nb=[4, 1024, 65536, 65536]
[XMXConfig] device=0: M=8 N=16 K_INT8=32 K_FP16=16 SLM=131072 nsm=256 supported=1 int8=1 fp16=1 double_buf=1 max_esimd_wg=64 nbarrier=0 esimd_dpas=1
[MUL_MAT] src0 device=0 ptr=0xffffd556b6542c00 (tensor=blk.1.attn_q.weight layout=0)
[MUL_MAT] dst device=0 ptr=0xffffd55e47cbc000 (tensor=node_70)
[SYCL] weight cache lookup: tensor=0x2e777d50 name=blk.1.attn_q.weight device=0
[SYCL][OP] call ggml_sycl_mul_mat done
[DEBUG-IMPL] Node 71/140: op=7 name=Qcur-1
[DEBUG-IMPL] Node 73/140: op=36 name=Qcur-1
[DEBUG-IMPL] Node 74/140: op=49 name=Qcur-1
[SYCL] simple consumer routing declined: op=ROPE dst=Qcur-1 local single-device plan ctx=0 target=0
[SYCL][OP] call ggml_sycl_rope: dst='Qcur-1':type=f32;ne=[128, 2, 64, 1];nb=[4, 512, 1024, 65536]	src0='Qcur-1':type=f32;ne=[128, 2, 64, 1];nb=[4, 512, 1024, 65536]	src1='leaf_7':type=i32;ne=[64, 1, 1, 1];nb=[4, 256, 256, 256]	src2='rope_freqs.weight':type=f32;ne=[64, 1, 1, 1];nb=[4, 256, 256, 256]
ggml_sycl_op_rope: norm path
[SYCL][OP] call ggml_sycl_rope done
[DEBUG-IMPL] Node 75/140: op=29 name=node_75
[SYCL] simple consumer routing declined: op=MUL_MAT dst=node_75 plan unavailable ctx=0
[DEBUG-MULMAT] ENTER: src0=blk.1.attn_v.weight src1=attn_norm-1 dst=node_75
[SYCL][OP] call ggml_sycl_mul_mat: dst='node_75':type=f32;ne=[256, 64, 1, 1];nb=[4, 1024, 65536, 65536]	src0='blk.1.attn_v.weight':type=f32;ne=[256, 256, 1, 1];nb=[4, 1024, 262144, 262144]	src1='attn_norm-1':type=f32;ne=[256, 64, 1, 1];nb=[4, 1024, 65536, 65536]
[XMXConfig] device=0: M=8 N=16 K_INT8=32 K_FP16=16 SLM=131072 nsm=256 supported=1 int8=1 fp16=1 double_buf=1 max_esimd_wg=64 nbarrier=0 esimd_dpas=1
[MUL_MAT] src0 device=0 ptr=0xffffd556b65c2c00 (tensor=blk.1.attn_v.weight layout=0)
[MUL_MAT] dst device=0 ptr=0xffffd55e47cbc000 (tensor=node_75)
[SYCL] weight cache lookup: tensor=0x2e778070 name=blk.1.attn_v.weight device=0
[SYCL][OP] call ggml_sycl_mul_mat done
[DEBUG-IMPL] Node 76/140: op=7 name=Vcur-1
[DEBUG-IMPL] Node 78/140: op=36 name=Vcur-1
[DEBUG-IMPL] Node 79/140: op=29 name=node_79
[SYCL] simple consumer routing declined: op=MUL_MAT dst=node_79 plan unavailable ctx=0
[DEBUG-MULMAT] ENTER: src0=blk.1.attn_k.weight src1=attn_norm-1 dst=node_79
[SYCL][OP] call ggml_sycl_mul_mat: dst='node_79':type=f32;ne=[256, 64, 1, 1];nb=[4, 1024, 65536, 65536]	src0='blk.1.attn_k.weight':type=f32;ne=[256, 256, 1, 1];nb=[4, 1024, 262144, 262144]	src1='attn_norm-1':type=f32;ne=[256, 64, 1, 1];nb=[4, 1024, 65536, 65536]
[XMXConfig] device=0: M=8 N=16 K_INT8=32 K_FP16=16 SLM=131072 nsm=256 supported=1 int8=1 fp16=1 double_buf=1 max_esimd_wg=64 nbarrier=0 esimd_dpas=1
[MUL_MAT] src0 device=0 ptr=0xffffd556b6582c00 (tensor=blk.1.attn_k.weight layout=0)
[MUL_MAT] dst device=0 ptr=0xffffd55e47cdc000 (tensor=node_79)
[SYCL] weight cache lookup: tensor=0x2e777ee0 name=blk.1.attn_k.weight device=0
[SYCL][OP] call ggml_sycl_mul_mat done
[DEBUG-IMPL] Node 80/140: op=7 name=Kcur-1
[DEBUG-IMPL] Node 82/140: op=36 name=Kcur-1
[DEBUG-IMPL] Node 83/140: op=49 name=Kcur-1
[SYCL] simple consumer routing declined: op=ROPE dst=Kcur-1 local single-device plan ctx=0 target=0
[SYCL][OP] call ggml_sycl_rope: dst='Kcur-1':type=f32;ne=[128, 2, 64, 1];nb=[4, 512, 1024, 65536]	src0='Kcur-1':type=f32;ne=[128, 2, 64, 1];nb=[4, 512, 1024, 65536]	src1='leaf_7':type=i32;ne=[64, 1, 1, 1];nb=[4, 256, 256, 256]	src2='rope_freqs.weight':type=f32;ne=[64, 1, 1, 1];nb=[4, 256, 256, 256]
ggml_sycl_op_rope: norm path
[SYCL][OP] call ggml_sycl_rope done
[DEBUG-IMPL] Node 84/140: op=37 name=Kcur-1 (view)
[DEBUG-IMPL] Node 85/140: op=42 name=cache_k_l1 (view)
[SYCL] simple consumer routing declined: op=SET_ROWS dst=cache_k_l1 (view) plan unavailable ctx=0
[SYCL][OP] call ggml_sycl_op_set_rows: dst='cache_k_l1 (view)':type=f16;ne=[256, 256, 1, 1];nb=[2, 512, 131072, 131072]	src0='Kcur-1 (view)':type=f32;ne=[256, 64, 1, 1];nb=[4, 1024, 65536, 65536]	src1='leaf_15':type=i64;ne=[64, 1, 1, 1];nb=[8, 512, 512, 512]
[SYCL][OP] call ggml_sycl_op_set_rows done
[DEBUG-IMPL] Node 86/140: op=37 name=Vcur-1 (view)
[DEBUG-IMPL] Node 87/140: op=42 name=cache_v_l1 (view)
[SYCL] simple consumer routing declined: op=SET_ROWS dst=cache_v_l1 (view) plan unavailable ctx=0
[SYCL][OP] call ggml_sycl_op_set_rows: dst='cache_v_l1 (view)':type=f16;ne=[256, 256, 1, 1];nb=[2, 512, 131072, 131072]	src0='Vcur-1 (view)':type=f32;ne=[256, 64, 1, 1];nb=[4, 1024, 65536, 65536]	src1='leaf_17':type=i64;ne=[64, 1, 1, 1];nb=[8, 512, 512, 512]
[SYCL][OP] call ggml_sycl_op_set_rows done
[DEBUG-IMPL] Node 88/140: op=37 name=Qcur-1 (view)
[DEBUG-IMPL] Node 89/140: op=38 name=Qcur-1 (view) (permuted)
[DEBUG-IMPL] Node 90/140: op=34 name=Qcur-1 (view) (permuted) (copy)
[SYCL] simple consumer routing declined: op=CPY dst=Qcur-1 (view) (permuted) (copy) local single-device plan ctx=0 target=0
[SYCL][OP] call ggml_sycl_cpy: dst='Qcur-1 (view) (permuted) (copy)':type=f16;ne=[128, 64, 2, 1];nb=[2, 256, 16384, 32768]	src0='Qcur-1 (view) (permuted)':type=f32;ne=[128, 64, 2, 1];nb=[4, 1024, 512, 65536];strided;permuted
[CPY] device=0 main_stream=0x2b690ec0 tp_queue=(nil) (match=0)
[CPY DEBUG] device=0 src0=Qcur-1 (view) (permuted)(0xffffd55e47ccc000, usm=1) -> src1=Qcur-1 (view) (permuted) (copy)(0xffffd55e47cbc000, usm=1) size=65536
[CPY STAGING CHECK] device=0 needs_staging=0 src0_type=1 dst_is_device=1
[SYCL][OP] call ggml_sycl_cpy done
[DEBUG-IMPL] Node 91/140: op=37 name=cache_k_l1 (view)
[DEBUG-IMPL] Node 92/140: op=38 name=cache_k_l1 (view) (permuted)
[DEBUG-IMPL] Node 93/140: op=37 name=cache_v_l1 (view)
[DEBUG-IMPL] Node 94/140: op=38 name=cache_v_l1 (view) (permuted)
[DEBUG-IMPL] Node 95/140: op=75 name=node_95
[SYCL] simple consumer routing declined: op=FLASH_ATTN_EXT dst=node_95 plan unavailable ctx=0
ggml_sycl_get_data_ptr_slow: tensor=Qcur-1 (view) (permuted) (copy), device=1, rejecting tensor->data=0xffffd55e47cbc000 owned by device 0
ggml_sycl_get_data_ptr_slow: tensor=node_95, device=1, rejecting tensor->data=0xffffd55e47c9c000 owned by device 0
[DEBUG-IMPL] Node 96/140: op=36 name=kqv_out-1
[DEBUG-IMPL] Node 97/140: op=29 name=node_97
[SYCL] simple consumer routing declined: op=MUL_MAT dst=node_97 plan unavailable ctx=0
[DEBUG-MULMAT] ENTER: src0=blk.1.attn_output.weight src1=kqv_out-1 dst=node_97
[SYCL][OP] call ggml_sycl_mul_mat: dst='node_97':type=f32;ne=[256, 64, 1, 1];nb=[4, 1024, 65536, 65536]	src0='blk.1.attn_output.weight':type=f32;ne=[256, 256, 1, 1];nb=[4, 1024, 262144, 262144]	src1='kqv_out-1':type=f32;ne=[256, 64, 1, 1];nb=[4, 1024, 65536, 65536]
[XMXConfig] device=0: M=8 N=16 K_INT8=32 K_FP16=16 SLM=131072 nsm=256 supported=1 int8=1 fp16=1 double_buf=1 max_esimd_wg=64 nbarrier=0 esimd_dpas=1
[MUL_MAT] src0 device=0 ptr=0xffffd556b6602c00 (tensor=blk.1.attn_output.weight layout=0)
[MUL_MAT] dst device=0 ptr=0xffffd55e47cbc000 (tensor=node_97)
[SYCL] weight cache lookup: tensor=0x2e7786b0 name=blk.1.attn_output.weight device=0
[SYCL][OP] call ggml_sycl_mul_mat done
[DEBUG-IMPL] Node 98/140: op=7 name=node_98
[DEBUG-IMPL] Node 100/140: op=40 name=node_100
ggml_sycl_get_data_ptr_slow: tensor=leaf_48, device=0, staging FAILED for non-device (type=0), using tensor->data=0x77ce002dd240
ggml_sycl_get_data_ptr_slow: tensor=leaf_48, device=0, using tensor->data=0x77ce002dd240
[SYCL][OP] call ggml_sycl_get_rows: dst='node_100':type=f32;ne=[256, 64, 1, 1];nb=[4, 1024, 65536, 65536]	src0='attn_out-1':type=f32;ne=[256, 64, 1, 1];nb=[4, 1024, 65536, 65536]	src1='leaf_48':type=i32;ne=[64, 1, 1, 1];nb=[4, 256, 256, 256]
[SYCL] weight cache lookup: tensor=0x2fbaa8a0 name=attn_out-1 device=0
[SYCL][OP] call ggml_sycl_get_rows done
[DEBUG-IMPL] Node 101/140: op=40 name=node_101
[SYCL][OP] call ggml_sycl_get_rows: dst='node_101':type=f32;ne=[256, 64, 1, 1];nb=[4, 1024, 65536, 65536]	src0='l_out-0':type=f32;ne=[256, 64, 1, 1];nb=[4, 1024, 65536, 65536]	src1='leaf_48':type=i32;ne=[64, 1, 1, 1];nb=[4, 256, 256, 256]
[SYCL] weight cache lookup: tensor=0x2fba76a0 name=l_out-0 device=0
[SYCL][OP] call ggml_sycl_get_rows done
[DEBUG-IMPL] Node 102/140: op=2 name=ffn_inp-1
[DEBUG-IMPL] Node 104/140: op=7 name=ffn_norm-1
[SYCL] simple consumer routing declined: op=MUL dst=ffn_norm-1 local single-device plan ctx=0 target=0
[SYCL][OP] call ggml_sycl_mul: dst='ffn_norm-1':type=f32;ne=[256, 64, 1, 1];nb=[4, 1024, 65536, 65536]	src0='norm-1':type=f32;ne=[256, 64, 1, 1];nb=[4, 1024, 65536, 65536]	src1='blk.1.ffn_norm.weight':type=f32;ne=[256, 1, 1, 1];nb=[4, 1024, 1024, 1024]
[BINBCAST-PTR] src0=norm-1 src0_host=0xffffd55e47cac000 src0_d=0xffffd55e47cac000
[BINBCAST-PTR] src1=blk.1.ffn_norm.weight src1_host=0x77ce00083940 src1_d=0xffffd556b6421000
[SYCL][OP] call ggml_sycl_mul done
[DEBUG-IMPL] Node 105/140: op=29 name=ffn_moe_logits-1
[SYCL] simple consumer routing declined: op=MUL_MAT dst=ffn_moe_logits-1 plan unavailable ctx=0
[DEBUG-MULMAT] ENTER: src0=blk.1.ffn_gate_inp.weight src1=ffn_norm-1 dst=ffn_moe_logits-1
[SYCL][OP] call ggml_sycl_mul_mat: dst='ffn_moe_logits-1':type=f32;ne=[2, 64, 1, 1];nb=[4, 8, 512, 512]	src0='blk.1.ffn_gate_inp.weight':type=f32;ne=[256, 2, 1, 1];nb=[4, 1024, 2048, 2048]	src1='ffn_norm-1':type=f32;ne=[256, 64, 1, 1];nb=[4, 1024, 65536, 65536]
[XMXConfig] device=0: M=8 N=16 K_INT8=32 K_FP16=16 SLM=131072 nsm=256 supported=1 int8=1 fp16=1 double_buf=1 max_esimd_wg=64 nbarrier=0 esimd_dpas=1
[MUL_MAT] src0 device=0 ptr=0xffffd556b6644d00 (tensor=blk.1.ffn_gate_inp.weight layout=0)
[MUL_MAT] dst device=0 ptr=0xffffd55e47cbc000 (tensor=ffn_moe_logits-1)
[SYCL] weight cache lookup: tensor=0x2e778cf0 name=blk.1.ffn_gate_inp.weight device=0
[SYCL][OP] call ggml_sycl_mul_mat done
[DEBUG-IMPL] Node 106/140: op=47 name=ffn_moe_probs-1
[SYCL] simple consumer routing declined: op=SOFT_MAX dst=ffn_moe_probs-1 local single-device plan ctx=0 target=0
[SYCL][OP] call ggml_sycl_op_soft_max: dst='ffn_moe_probs-1':type=f32;ne=[2, 64, 1, 1];nb=[4, 8, 512, 512]	src0='ffn_moe_logits-1':type=f32;ne=[2, 64, 1, 1];nb=[4, 8, 512, 512]	src1=nullptr
[SYCL][OP] call ggml_sycl_op_soft_max done
[DEBUG-IMPL] Node 107/140: op=36 name=ffn_moe_probs-1 (reshaped)
[DEBUG-IMPL] Node 108/140: op=70 name=ffn_moe_argsort-1
[SYCL] simple consumer routing declined: op=ARGSORT dst=ffn_moe_argsort-1 local single-device plan ctx=0 target=0
[SYCL][OP] call ggml_sycl_argsort: dst='ffn_moe_argsort-1':type=i32;ne=[2, 64, 1, 1];nb=[4, 8, 512, 512]	src0='ffn_moe_probs-1':type=f32;ne=[2, 64, 1, 1];nb=[4, 8, 512, 512]
[SYCL][OP] call ggml_sycl_argsort done
[DEBUG-IMPL] Node 109/140: op=37 name=ffn_moe_topk-1
[DEBUG-IMPL] Node 110/140: op=40 name=ffn_moe_weights-1
[SYCL][OP] call ggml_sycl_get_rows: dst='ffn_moe_weights-1':type=f32;ne=[1, 1, 64, 1];nb=[4, 4, 4, 256]	src0='ffn_moe_probs-1 (reshaped)':type=f32;ne=[1, 2, 64, 1];nb=[4, 4, 8, 512]	src1='ffn_moe_topk-1':type=i32;ne=[1, 64, 1, 1];nb=[4, 8, 512, 512];strided
[SYCL] weight cache lookup: tensor=0x2fbab840 name=ffn_moe_probs-1 (reshaped) device=0
[SYCL][OP] call ggml_sycl_get_rows done
[DEBUG-IMPL] Node 111/140: op=36 name=ffn_moe_weights-1 (reshaped)
[DEBUG-IMPL] Node 112/140: op=15 name=ffn_moe_weights_sum-1
[SYCL] simple consumer routing declined: op=SUM_ROWS dst=ffn_moe_weights_sum-1 plan unavailable ctx=0
[SYCL][OP] call ggml_sycl_sum_rows: dst='ffn_moe_weights_sum-1':type=f32;ne=[1, 64, 1, 1];nb=[4, 4, 256, 256]	src0='ffn_moe_weights-1 (reshaped)':type=f32;ne=[1, 64, 1, 1];nb=[4, 4, 256, 256]
[SYCL][OP] call ggml_sycl_sum_rows done
[DEBUG-IMPL] Node 113/140: op=51 name=ffn_moe_weights_sum_clamped-1
[SYCL] simple consumer routing declined: op=CLAMP dst=ffn_moe_weights_sum_clamped-1 plan unavailable ctx=0
[SYCL][OP] call ggml_sycl_clamp: dst='ffn_moe_weights_sum_clamped-1':type=f32;ne=[1, 64, 1, 1];nb=[4, 4, 256, 256]	src0='ffn_moe_weights_sum-1':type=f32;ne=[1, 64, 1, 1];nb=[4, 4, 256, 256]
[SYCL][OP] call ggml_sycl_clamp done
[DEBUG-IMPL] Node 114/140: op=8 name=ffn_moe_weights_norm-1
[SYCL] simple consumer routing declined: op=DIV dst=ffn_moe_weights_norm-1 plan unavailable ctx=0
[SYCL][OP] call ggml_sycl_div: dst='ffn_moe_weights_norm-1':type=f32;ne=[1, 64, 1, 1];nb=[4, 4, 256, 256]	src0='ffn_moe_weights-1 (reshaped)':type=f32;ne=[1, 64, 1, 1];nb=[4, 4, 256, 256]	src1='ffn_moe_weights_sum_clamped-1':type=f32;ne=[1, 64, 1, 1];nb=[4, 4, 256, 256]
[BINBCAST-PTR] src0=ffn_moe_weights-1 (reshaped) src0_host=0xffffd55e47cbc400 src0_d=0xffffd55e47cbc400
[BINBCAST-PTR] src1=ffn_moe_weights_sum_clamped-1 src1_host=0xffffd55e47cbc000 src1_d=0xffffd55e47cbc000
[SYCL][OP] call ggml_sycl_div done
[DEBUG-IMPL] Node 115/140: op=36 name=ffn_moe_weights_norm-1 (reshaped)
[DEBUG-IMPL] Node 116/140: op=36 name=ffn_norm-1 (reshaped)
[DEBUG-IMPL] Node 117/140: op=30 name=node_117
[RESOLVE] data_handle empty for weight tensor 'blk.1.ffn_gate_exps.weight' device 0, falling through to cache lookup
[SYCL] weight cache lookup: tensor=0x2e778e80 name=blk.1.ffn_gate_exps.weight device=0
[RESOLVE] refusing composite MoE expert tensor materialization for placement-planned 'blk.1.ffn_gate_exps.weight' device 0
[SYCL][OP] call ggml_sycl_mul_mat_id: dst='node_117':type=f32;ne=[384, 1, 64, 1];nb=[4, 1536, 1536, 98304]	src0='blk.1.ffn_gate_exps.weight':type=f32;ne=[256, 384, 2, 1];nb=[4, 1024, 393216, 786432]	src1='ffn_norm-1 (reshaped)':type=f32;ne=[256, 1, 64, 1];nb=[4, 1024, 1024, 65536]	src2='ffn_moe_topk-1':type=i32;ne=[1, 64, 1, 1];nb=[4, 8, 512, 512];strided
[XMX-DEBUG] try_xmx_sorted_moe called: src0->type=0
[XMX-DEBUG] XMX MoE: forced=0 fused_enabled=0 tiled_enabled=1
[XMX-DEBUG] XMX caps: supported=1 int8=1
[XMX MoE] Only Q8_0/MXFP4 supported, got type 0
[XMX-MOE-REJECT] tensor=blk.1.ffn_gate_exps.weight type=f32 device=0 reason=type src0=[256,384,2,1] src1=[256,1,64,1] ids=[1,64,1,1]
[MoE FUSED] Batch 64 > 32, using oneDNN batching
[MoE] About to try COALESCED layout
[RESOLVE] data_handle empty for weight tensor 'blk.1.ffn_gate_exps.weight' device 0, falling through to cache lookup
[SYCL] weight cache lookup: tensor=0x2e778e80 name=blk.1.ffn_gate_exps.weight device=0
[RESOLVE] refusing composite MoE expert tensor materialization for placement-planned 'blk.1.ffn_gate_exps.weight' device 0
[MoE] Trying MMVQ with layout=2 for blk.1.ffn_gate_exps.weight
[MMVQ-ENTRY] src0=blk.1.ffn_gate_exps.weight type=0 forced_layout=2
[MMVQ] Batch 64 > threshold 32, routing to batched GEMM path
[MoE] MMVQ layout=2 returned false
[MoE] About to try SOA layout
[RESOLVE] data_handle empty for weight tensor 'blk.1.ffn_gate_exps.weight' device 0, falling through to cache lookup
[SYCL] weight cache lookup: tensor=0x2e778e80 name=blk.1.ffn_gate_exps.weight device=0
[RESOLVE] refusing composite MoE expert tensor materialization for placement-planned 'blk.1.ffn_gate_exps.weight' device 0
[MoE] Trying MMVQ with layout=1 for blk.1.ffn_gate_exps.weight
[MMVQ-ENTRY] src0=blk.1.ffn_gate_exps.weight type=0 forced_layout=1
[MMVQ] Batch 64 > threshold 32, routing to batched GEMM path
[MoE] MMVQ layout=1 returned false
[MoE] About to try AOS layout
[RESOLVE] data_handle empty for weight tensor 'blk.1.ffn_gate_exps.weight' device 0, falling through to cache lookup
[SYCL] weight cache lookup: tensor=0x2e778e80 name=blk.1.ffn_gate_exps.weight device=0
[RESOLVE] refusing composite MoE expert tensor materialization for placement-planned 'blk.1.ffn_gate_exps.weight' device 0
[MoE] Trying MMVQ with layout=0 for blk.1.ffn_gate_exps.weight
[MMVQ-ENTRY] src0=blk.1.ffn_gate_exps.weight type=0 forced_layout=0
[MMVQ] Batch 64 > threshold 32, routing to batched GEMM path
[MoE] MMVQ layout=0 returned false
[MoE] All MMVQ layouts failed, falling back to host routing
[MoE] GPU probe paths did not select type 0; resolving planner-owned MoE route
[MoE-1E] Cached IDs for layer 1 (GATE), 64 elements
[MoE] Using expert cache for blk.1.ffn_gate_exps.weight (layer=1358208392, host_buf=0, ptr_type=3)
[MOE-AOS-REQUEST] tensor=blk.1.ffn_gate_exps.weight expert=0 current=0 planned=0 requested=aos reason=device-plan
[MOE-AOS-REQUEST] tensor=blk.1.ffn_gate_exps.weight expert=1 current=0 planned=0 requested=aos reason=device-plan
[GRAPH-MOE-LAYOUT] tensor=blk.1.ffn_gate_exps.weight device=0 plan=1 selected=aos local=2 secondary=0 host=0 missing=0 host_weights=0
[MOE-DISPATCH-LAYOUT] tensor=blk.1.ffn_gate_exps.weight device=0 route_layout=aos src0_layout=aos use_expert_cache=1 placement_planned=1 host_weights=0 plan=1 plan_host=0 has_override=0 ne12=64
[MOE-STAGE] tensor=blk.1.ffn_gate_exps.weight stage=after-dispatch-layout device=0 ne12=64
[MOE-STAGE] tensor=blk.1.ffn_gate_exps.weight stage=after-pointer-table device=0 planned_pp=1
[MOE-STAGE] tensor=blk.1.ffn_gate_exps.weight stage=after-route-diagnostics device=0 planned_pp=1
[MOE-STAGE] tensor=blk.1.ffn_gate_exps.weight stage=before-route-mode device=0 ne12=64 use_cache=1 plan=1 hybrid=1
[MOE-IDS] Staging ids to device (buffer_on_host=0, ptr_usm_type=3)
[MOE-IDS] Using pre-allocated staging buffer (256 bytes)
0.04.291.129 E [SYCL][PTR] dst tensor=node_59 data=0xffffd55e67c37a00 alloc=18432 base=0xffffd55e47c9c000 size=524288 end=0xffffd55e47d1c000
0.04.291.366 E [UNIFIED-CACHE] planned-mode runtime materialization rejected op=direct_stage_weight caller=direct_stage_weight model=0 name_hash=0x2c2c03c5845a4428 aux=280 type=0 ne=[1,2,1,1] layout=0 graph_active=1
0.04.291.432 E [SYCL][PTR] src1 tensor=ffn_moe_topk-0 data=0x77cfb0233000 alloc=508 base=0xffffd55e47c9c000 size=524288 end=0xffffd55e47d1c000
0.04.292.670 E [SYCL][PTR] dst tensor=ffn_moe_argsort-1 data=0x77cfb0233200 alloc=512 base=0xffffd55e47c9c000 size=524288 end=0xffffd55e47d1c000
0.04.292.693 E [SYCL][PTR] src1 tensor=ffn_moe_topk-1 data=0x77cfb0233200 alloc=508 base=0xffffd55e47c9c000 size=524288 end=0xffffd55e47d1c000
0.04.292.780 E [SYCL][PTR] src2 tensor=ffn_moe_topk-1 data=0x77cfb0233200 alloc=508 base=0xffffd55e47c9c000 size=524288 end=0xffffd55e47d1c000
[MOE-STAGE] tensor=blk.1.ffn_gate_exps.weight stage=pp-rowmap-alloc-begin device=0 rows=64
[UNIFIED-ALLOC] zone alloc: dev=0 zone=4 size=0.0 MB ptr=0xffffd55e67c2c000
[MOE-STAGE] tensor=blk.1.ffn_gate_exps.weight stage=pp-rowmap-copy-begin device=0 rows=64 dst_handle=0
[MOE-STAGE] tensor=blk.1.ffn_gate_exps.weight stage=pp-rowmap-copy-submitted device=0 rows=64
[UNIFIED-ALLOC] zone alloc: dev=0 zone=4 size=0.1 MB ptr=0xffffd55e67c2c200
[UNIFIED-ALLOC] zone alloc: dev=0 zone=4 size=0.1 MB ptr=0xffffd55e67c44200
[MOE-AOS-REQUEST] tensor=blk.1.ffn_gate_exps.weight expert=0 current=0 planned=0 requested=aos reason=device-plan
[DEBUG-MULMAT] ENTER: src0=blk.1.ffn_gate_exps.weight src1=ffn_norm-1 (reshaped) dst=node_117
[SYCL][OP] call ggml_sycl_mul_mat: dst='node_117':type=f32;ne=[384, 2, 1, 1];nb=[4, 1536, 3072, 3072]	src0='blk.1.ffn_gate_exps.weight':type=f32;ne=[256, 384, 2, 1];nb=[4, 1024, 393216, 786432]	src1='ffn_norm-1 (reshaped)':type=f32;ne=[256, 1, 64, 1];nb=[4, 1024, 1024, 65536]
0.04.295.861 E [SYCL][PTR] dst tensor=node_117 data=0xffffd55e67c2c200 alloc=3072 base=0xffffd55e47c9c000 size=524288 end=0xffffd55e47d1c000
[XMXConfig] device=0: M=8 N=16 K_INT8=32 K_FP16=16 SLM=131072 nsm=256 supported=1 int8=1 fp16=1 double_buf=1 max_esimd_wg=64 nbarrier=0 esimd_dpas=1
[MUL_MAT] src0 device=0 ptr=0xffffd556b6885500 (tensor=blk.1.ffn_gate_exps.weight layout=0)
[MUL_MAT] dst device=0 ptr=0xffffd55e67c2c200 (tensor=node_117)
[SYCL][OP] call ggml_sycl_mul_mat done
[MOE-AOS-REQUEST] tensor=blk.1.ffn_gate_exps.weight expert=1 current=0 planned=0 requested=aos reason=device-plan
[DEBUG-MULMAT] ENTER: src0=blk.1.ffn_gate_exps.weight src1=ffn_norm-1 (reshaped) dst=node_117
[SYCL][OP] call ggml_sycl_mul_mat: dst='node_117':type=f32;ne=[384, 62, 1, 1];nb=[4, 1536, 95232, 95232]	src0='blk.1.ffn_gate_exps.weight':type=f32;ne=[256, 384, 2, 1];nb=[4, 1024, 393216, 786432]	src1='ffn_norm-1 (reshaped)':type=f32;ne=[256, 1, 64, 1];nb=[4, 1024, 1024, 65536]
0.04.296.177 E [XMXConfig] device=0: M=8 N=16 K_INT8=32 K_FP16=16 SLM=131072 nsm=256 supported=1 int8=1 fp16=1 double_buf=1 max_esimd_wg=64 nbarrier=0 esimd_dpas=1
[MUL_MAT] src0 device=0 ptr=0xffffd556b68e5500 (tensor=blk.1.ffn_gate_exps.weight layout=0)
[MUL_MAT] dst device=0 ptr=0xffffd55e67c2ce00 (tensor=node_117)
[SYCL][PTR] dst tensor=node_117 data=0xffffd55e67c2ce00 alloc=95232 base=0xffffd55e47c9c000 size=524288 end=0xffffd55e47d1c000
[SYCL][OP] call ggml_sycl_mul_mat done
[SYCL][OP] call ggml_sycl_mul_mat_id done
[DEBUG-IMPL] Node 118/140: op=36 name=blk.1.ffn_gate_exps.scale (reshaped)
[DEBUG-IMPL] Node 119/140: op=20 name=node_119
[SYCL] weight cache lookup: tensor=0x2fbace20 name=blk.1.ffn_gate_exps.scale (reshaped) device=0
ggml_sycl_get_data_ptr_slow: tensor=blk.1.ffn_gate_exps.scale (reshaped) view_src chain -> base=blk.1.ffn_gate_exps.scale, base->extra=0x3092e7d0, base->data=0x77ce002c4880, tensor->data=0x77ce002c4880
ggml_sycl_get_data_ptr_slow: base=blk.1.ffn_gate_exps.scale data=0x77ce002c4880 ptr_type=3
[SYCL] weight cache lookup: tensor=0x2fbace20 name=blk.1.ffn_gate_exps.scale (reshaped) device=0
ggml_sycl_get_data_ptr_slow: tensor=blk.1.ffn_gate_exps.scale (reshaped), device=0, staging FAILED for non-device (type=0), using tensor->data=0x77ce002c4880
ggml_sycl_get_data_ptr_slow: tensor=blk.1.ffn_gate_exps.scale (reshaped), device=0, using tensor->data=0x77ce002c4880
[RESOLVE] data_handle empty for weight tensor 'blk.1.ffn_gate_exps.scale' device 0, falling through to cache lookup
[SYCL] weight cache lookup: tensor=0x2e77af50 name=blk.1.ffn_gate_exps.scale device=0
[SYCL] weight cache lookup: tensor=0x2e77af50 name=blk.1.ffn_gate_exps.scale device=0
ggml_sycl_get_data_ptr_slow: tensor=blk.1.ffn_gate_exps.scale, device=0, staging FAILED for non-device (type=0), using tensor->data=0x77ce002c4880
ggml_sycl_get_data_ptr_slow: tensor=blk.1.ffn_gate_exps.scale, device=0, using tensor->data=0x77ce002c4880
[SYCL] simple consumer routing declined: op=REPEAT dst=node_119 plan unavailable ctx=0
[SYCL][OP] call ggml_sycl_repeat: dst='node_119':type=f32;ne=[1, 2, 64, 1];nb=[4, 4, 8, 512]	src0='blk.1.ffn_gate_exps.scale (reshaped)':type=f32;ne=[1, 2, 1, 1];nb=[4, 4, 8, 8]
[SYCL] weight cache lookup: tensor=0x2fbace20 name=blk.1.ffn_gate_exps.scale (reshaped) device=0
[SYCL] weight cache lookup: tensor=0x2fbace20 name=blk.1.ffn_gate_exps.scale (reshaped) device=0
[SYCL-BINBCAST] staging raw host tensor=blk.1.ffn_gate_exps.scale (reshaped) bytes=8 device=0 src=0x77ce002c4880 dst=0xffffe38f1ae00000
0.04.296.383 E [UNIFIED-CACHE] planned-mode runtime materialization rejected op=direct_stage_weight caller=direct_stage_weight model=0 name_hash=0x474cbb7ffa4be3cb aux=289 type=0 ne=[1,2,1,1] layout=0 graph_active=1
[BINBCAST-PTR] src0=node_119 src0_host=0xffffd55e47cd4400 src0_d=0xffffd55e47cd4400
[BINBCAST-PTR] src1=blk.1.ffn_gate_exps.scale (reshaped) src1_host=0x77ce002c4880 src1_d=0xffffe38f1ae00000
[SYCL][OP] call ggml_sycl_repeat done
[DEBUG-IMPL] Node 120/140: op=40 name=node_120
[SYCL][OP] call ggml_sycl_get_rows: dst='node_120':type=f32;ne=[1, 1, 64, 1];nb=[4, 4, 4, 256]	src0='node_119':type=f32;ne=[1, 2, 64, 1];nb=[4, 4, 8, 512]	src1='ffn_moe_topk-1':type=i32;ne=[1, 64, 1, 1];nb=[4, 8, 512, 512];strided
0.04.297.636 [SYCL] weight cache lookup: tensor=0x2fbacfb0 name=node_119 device=0
E [SYCL][PTR] src1 tensor=ffn_moe_topk-1 data=0x77cfb0233200 alloc=508 base=0xffffd55e47c9c000 size=524288 end=0xffffd55e47d1c000
[SYCL][OP] call ggml_sycl_get_rows done
[DEBUG-IMPL] Node 121/140: op=7 name=ffn_moe_gate_scaled-1
[SYCL] simple consumer routing declined: op=MUL dst=ffn_moe_gate_scaled-1 local single-device plan ctx=0 target=0
[SYCL][OP] call ggml_sycl_mul: dst='ffn_moe_gate_scaled-1':type=f32;ne=[384, 1, 64, 1];nb=[4, 1536, 1536, 98304]	src0='node_117':type=f32;ne=[384, 1, 64, 1];nb=[4, 1536, 1536, 98304]	src1='node_120':type=f32;ne=[1, 1, 64, 1];nb=[4, 4, 4, 256]
[BINBCAST-PTR] src0=node_117 src0_host=0xffffd55e47cbc400 src0_d=0xffffd55e47cbc400
[BINBCAST-PTR] src1=node_120 src1_host=0xffffd55e47cbc000 src1_d=0xffffd55e47cbc000
[SYCL][OP] call ggml_sycl_mul done
[DEBUG-IMPL] Node 122/140: op=30 name=node_122
[RESOLVE] data_handle empty for weight tensor 'blk.1.ffn_up_exps.weight' device 0, falling through to cache lookup
[SYCL] weight cache lookup: tensor=0x2e7791a0 name=blk.1.ffn_up_exps.weight device=0
[RESOLVE] refusing composite MoE expert tensor materialization for placement-planned 'blk.1.ffn_up_exps.weight' device 0
[SYCL][OP] call ggml_sycl_mul_mat_id: dst='node_122':type=f32;ne=[384, 1, 64, 1];nb=[4, 1536, 1536, 98304]	src0='blk.1.ffn_up_exps.weight':type=f32;ne=[256, 384, 2, 1];nb=[4, 1024, 393216, 786432]	src1='ffn_norm-1 (reshaped)':type=f32;ne=[256, 1, 64, 1];nb=[4, 1024, 1024, 65536]	src2='ffn_moe_topk-1':type=i32;ne=[1, 64, 1, 1];nb=[4, 8, 512, 512];strided0.04.297.854 E [SYCL][PTR] src2 tensor=ffn_moe_topk-1 data=0x77cfb0233200 alloc=508 base=0xffffd55e47c9c000 size=524288 end=0xffffd55e47d1c000

[XMX-DEBUG] try_xmx_sorted_moe called: src0->type=0
[XMX-DEBUG] XMX MoE: forced=0 fused_enabled=0 tiled_enabled=1
[XMX-DEBUG] XMX caps: supported=1 int8=1
[XMX MoE] Only Q8_0/MXFP4 supported, got type 0
[XMX-MOE-REJECT] tensor=blk.1.ffn_up_exps.weight type=f32 device=0 reason=type src0=[256,384,2,1] src1=[256,1,64,1] ids=[1,64,1,1]
[MoE FUSED] Batch 64 > 32, using oneDNN batching
[MoE] About to try COALESCED layout
[RESOLVE] data_handle empty for weight tensor 'blk.1.ffn_up_exps.weight' device 0, falling through to cache lookup
[SYCL] weight cache lookup: tensor=0x2e7791a0 name=blk.1.ffn_up_exps.weight device=0
[RESOLVE] refusing composite MoE expert tensor materialization for placement-planned 'blk.1.ffn_up_exps.weight' device 0
[MoE] Trying MMVQ with layout=2 for blk.1.ffn_up_exps.weight
[MMVQ-ENTRY] src0=blk.1.ffn_up_exps.weight type=0 forced_layout=2
[MMVQ] Batch 64 > threshold 32, routing to batched GEMM path
[MoE] MMVQ layout=2 returned false
[MoE] About to try SOA layout
[RESOLVE] data_handle empty for weight tensor 'blk.1.ffn_up_exps.weight' device 0, falling through to cache lookup
[SYCL] weight cache lookup: tensor=0x2e7791a0 name=blk.1.ffn_up_exps.weight device=0
[RESOLVE] refusing composite MoE expert tensor materialization for placement-planned 'blk.1.ffn_up_exps.weight' device 0
[MoE] Trying MMVQ with layout=1 for blk.1.ffn_up_exps.weight
[MMVQ-ENTRY] src0=blk.1.ffn_up_exps.weight type=0 forced_layout=1
[MMVQ] Batch 64 > threshold 32, routing to batched GEMM path
[MoE] MMVQ layout=1 returned false
[MoE] About to try AOS layout
[RESOLVE] data_handle empty for weight tensor 'blk.1.ffn_up_exps.weight' device 0, falling through to cache lookup
[SYCL] weight cache lookup: tensor=0x2e7791a0 name=blk.1.ffn_up_exps.weight device=0
[RESOLVE] refusing composite MoE expert tensor materialization for placement-planned 'blk.1.ffn_up_exps.weight' device 0
[MoE] Trying MMVQ with layout=0 for blk.1.ffn_up_exps.weight
[MMVQ-ENTRY] src0=blk.1.ffn_up_exps.weight type=0 forced_layout=0
[MMVQ] Batch 64 > threshold 32, routing to batched GEMM path
[MoE] MMVQ layout=0 returned false
[MoE] All MMVQ layouts failed, falling back to host routing
[MoE] GPU probe paths did not select type 0; resolving planner-owned MoE route
[MoE-1E] Reusing cached IDs for layer 1 (blk.1.ffn_up_exps.weight), 64 elements
[MoE] Using expert cache for blk.1.ffn_up_exps.weight (layer=903754414, host_buf=0, ptr_type=3)
[MOE-AOS-REQUEST] tensor=blk.1.ffn_up_exps.weight expert=0 current=0 planned=0 requested=aos reason=device-plan
[MOE-AOS-REQUEST] tensor=blk.1.ffn_up_exps.weight expert=1 current=0 planned=0 requested=aos reason=device-plan
[GRAPH-MOE-LAYOUT] tensor=blk.1.ffn_up_exps.weight device=0 plan=1 selected=aos local=2 secondary=0 host=0 missing=0 host_weights=0
[MOE-DISPATCH-LAYOUT] tensor=blk.1.ffn_up_exps.weight device=0 route_layout=aos src0_layout=aos use_expert_cache=1 placement_planned=1 host_weights=0 plan=1 plan_host=0 has_override=0 ne12=64
[MOE-STAGE] tensor=blk.1.ffn_up_exps.weight stage=after-dispatch-layout device=0 ne12=64
[MOE-STAGE] tensor=blk.1.ffn_up_exps.weight stage=after-pointer-table device=0 planned_pp=1
[MOE-STAGE] tensor=blk.1.ffn_up_exps.weight stage=after-route-diagnostics device=0 planned_pp=1
[MOE-STAGE] tensor=blk.1.ffn_up_exps.weight stage=before-route-mode device=0 ne12=64 use_cache=1 plan=1 hybrid=1
[MOE-IDS] Staging ids to device (buffer_on_host=0, ptr_usm_type=3)
[MOE-STAGE] tensor=blk.1.ffn_up_exps.weight stage=pp-rowmap-alloc-begin device=0 rows=64
[UNIFIED-ALLOC] zone alloc: dev=0 zone=4 size=0.0 MB ptr=0xffffd55e67c2c000
[MOE-STAGE] tensor=blk.1.ffn_up_exps.weight stage=pp-rowmap-copy-begin device=0 rows=64 dst_handle=0
[MOE-STAGE] tensor=blk.1.ffn_up_exps.weight stage=pp-rowmap-copy-submitted device=0 rows=64
[UNIFIED-ALLOC] zone alloc: dev=0 zone=4 size=0.1 MB ptr=0xffffd55e67c2c200
[UNIFIED-ALLOC] zone alloc: dev=0 zone=4 size=0.1 MB ptr=0xffffd55e67c44200
[MOE-AOS-REQUEST] tensor=blk.1.ffn_up_exps.weight expert=0 current=0 planned=0 requested=aos reason=device-plan
[DEBUG-MULMAT] ENTER: src0=blk.1.ffn_up_exps.weight src1=ffn_norm-1 (reshaped) dst=node_122
[SYCL][OP] call ggml_sycl_mul_mat: dst='node_122':type=f32;ne=[384, 2, 1, 1];nb=[4, 1536, 3072, 3072]	src0='blk.1.ffn_up_exps.weight':type=f32;ne=[256, 384, 2, 1];nb=[4, 1024, 393216, 786432]	src1='ffn_norm-1 (reshaped)':type=f32;ne=[256, 1, 64, 1];nb=[4, 1024, 1024, 65536]
[XMXConfig] device=0: M=8 N=16 K_INT8=32 K_FP16=16 SLM=131072 nsm=256 supported=1 int8=1 fp16=1 double_buf=1 max_esimd_wg=64 nbarrier=0 esimd_dpas=1
[MUL_MAT] src0 device=0 ptr=0xffffd556b6945500 (tensor=blk.1.ffn_up_exps.weight layout=0)
[MUL_MAT] dst device=0 ptr=0xffffd55e67c2c200 (tensor=node_122)
[SYCL][OP] call ggml_sycl_mul_mat done
[MOE-AOS-REQUEST] tensor=blk.1.ffn_up_exps.weight expert=1 current=0 planned=0 requested=aos reason=device-plan
[DEBUG-MULMAT] ENTER: src0=blk.1.ffn_up_exps.weight src1=ffn_norm-1 (reshaped) dst=node_122
[SYCL][OP] call ggml_sycl_mul_mat: dst='node_122':type=f32;ne=[384, 62, 1, 1];nb=[4, 1536, 95232, 95232]	src0='blk.1.ffn_up_exps.weight':type=f32;ne=[256, 384, 2, 1];nb=[4, 1024, 393216, 786432]	src1='ffn_norm-1 (reshaped)':type=f32;ne=[256, 1, 64, 1];nb=[4, 1024, 1024, 65536]
[XMXConfig] device=0: M=8 N=16 K_INT8=32 K_FP16=16 SLM=131072 nsm=256 supported=1 int8=1 fp16=1 double_buf=1 max_esimd_wg=64 nbarrier=0 esimd_dpas=1
[MUL_MAT] src0 device=0 ptr=0xffffd556b69a5500 (tensor=blk.1.ffn_up_exps.weight layout=0)
[MUL_MAT] dst device=0 ptr=0xffffd55e67c2ce00 (tensor=node_122)
[SYCL][OP] call ggml_sycl_mul_mat done
[SYCL][OP] call ggml_sycl_mul_mat_id done
[DEBUG-IMPL] Node 123/140: op=36 name=blk.1.ffn_up_exps.scale (reshaped)
[DEBUG-IMPL] Node 124/140: op=20 name=node_124
[SYCL] weight cache lookup: tensor=0x2fbac650 name=blk.1.ffn_up_exps.scale (reshaped) device=0
ggml_sycl_get_data_ptr_slow: tensor=blk.1.ffn_up_exps.scale (reshaped) view_src chain -> base=blk.1.ffn_up_exps.scale, base->extra=0x2c3e0710, base->data=0x77ce002c48c0, tensor->data=0x77ce002c48c0
ggml_sycl_get_data_ptr_slow: base=blk.1.ffn_up_exps.scale data=0x77ce002c48c0 ptr_type=3
[SYCL] weight cache lookup: tensor=0x2fbac650 name=blk.1.ffn_up_exps.scale (reshaped) device=0
ggml_sycl_get_data_ptr_slow: tensor=blk.1.ffn_up_exps.scale (reshaped), device=0, staging FAILED for non-device (type=0), using tensor->data=0x77ce002c48c0
ggml_sycl_get_data_ptr_slow: tensor=blk.1.ffn_up_exps.scale (reshaped), device=0, using tensor->data=0x77ce002c48c0
[RESOLVE] data_handle empty for weight tensor 'blk.1.ffn_up_exps.scale' device 0, falling through to cache lookup
[SYCL] weight cache lookup: tensor=0x2e77b270 name=blk.1.ffn_up_exps.scale device=0
[SYCL] weight cache lookup: tensor=0x2e77b270 name=blk.1.ffn_up_exps.scale device=0
ggml_sycl_get_data_ptr_slow: tensor=blk.1.ffn_up_exps.scale, device=0, staging FAILED for non-device (type=0), using tensor->data=0x77ce002c48c0
ggml_sycl_get_data_ptr_slow: tensor=blk.1.ffn_up_exps.scale, device=0, using tensor->data=0x77ce002c48c0
[SYCL] simple consumer routing declined: op=REPEAT dst=node_124 plan unavailable ctx=0
[SYCL][OP] call ggml_sycl_repeat: dst='node_124':type=f32;ne=[1, 2, 64, 1];nb=[4, 4, 8, 512]	src0='blk.1.ffn_up_exps.scale (reshaped)':type=f32;ne=[1, 2, 1, 1];nb=[4, 4, 8, 8]
[SYCL] weight cache lookup: tensor=0x2fbac650 name=blk.1.ffn_up_exps.scale (reshaped) device=0
[SYCL] weight cache lookup: tensor=0x2fbac650 name=blk.1.ffn_up_exps.scale (reshaped) device=0
[SYCL-BINBCAST] staging raw host tensor=blk.1.ffn_up_exps.scale (reshaped) bytes=8 device=0 src=0x77ce002c48c0 dst=0xffffe38f1ae00000
[BINBCAST-PTR] src0=node_124 src0_host=0xffffd55e47cac000 src0_d=0xffffd55e47cac000
[BINBCAST-PTR] src1=blk.1.ffn_up_exps.scale (reshaped) src1_host=0x77ce002c48c0 src1_d=0xffffe38f1ae00000
[SYCL][OP] call ggml_sycl_repeat done
[DEBUG-IMPL] Node 125/140: op=40 name=node_125
[SYCL][OP] call ggml_sycl_get_rows: dst='node_125':type=f32;ne=[1, 1, 64, 1];nb=[4, 4, 4, 256]	src0='node_124':type=f32;ne=[1, 2, 64, 1];nb=[4, 4, 8, 512]	src1='ffn_moe_topk-1':type=i32;ne=[1, 64, 1, 1];nb=[4, 8, 512, 512];strided
[SYCL] weight cache lookup: tensor=0x2fbac7e0 name=node_124 device=0
[SYCL][OP] call ggml_sycl_get_rows done
[DEBUG-IMPL] Node 126/140: op=7 name=ffn_moe_up_scaled-1
[SYCL] simple consumer routing declined: op=MUL dst=ffn_moe_up_scaled-1 local single-device plan ctx=0 target=0
[SYCL][OP] call ggml_sycl_mul: dst='ffn_moe_up_scaled-1':type=f32;ne=[384, 1, 64, 1];nb=[4, 1536, 1536, 98304]	src0='node_122':type=f32;ne=[384, 1, 64, 1];nb=[4, 1536, 1536, 98304]	src1='node_125':type=f32;ne=[1, 1, 64, 1];nb=[4, 4, 4, 256]
[BINBCAST-PTR] src0=node_122 src0_host=0xffffd55e47cd4400 src0_d=0xffffd55e47cd4400
[BINBCAST-PTR] src1=node_125 src1_host=0xffffd55e47cac200 src1_d=0xffffd55e47cac200
[SYCL][OP] call ggml_sycl_mul done
[DEBUG-IMPL] Node 127/140: op=97 name=ffn_moe_swiglu-1
[SYCL] simple consumer routing declined: op=GLU dst=ffn_moe_swiglu-1 local single-device plan ctx=0 target=0
[SYCL][OP] call ggml_sycl_swiglu: dst='ffn_moe_swiglu-1':type=f32;ne=[384, 1, 64, 1];nb=[4, 1536, 1536, 98304]	src0='ffn_moe_gate_scaled-1':type=f32;ne=[384, 1, 64, 1];nb=[4, 1536, 1536, 98304]
[SYCL][OP] call ggml_sycl_swiglu done
[DEBUG-IMPL] Node 128/140: op=30 name=node_128
[RESOLVE] data_handle empty for weight tensor 'blk.1.ffn_down_exps.weight' device 0, falling through to cache lookup
[SYCL] weight cache lookup: tensor=0x2e779010 name=blk.1.ffn_down_exps.weight device=0
[RESOLVE] refusing composite MoE expert tensor materialization for placement-planned 'blk.1.ffn_down_exps.weight' device 0
[SYCL][OP] call ggml_sycl_mul_mat_id: dst='node_128':type=f32;ne=[256, 1, 64, 1];nb=[4, 1024, 1024, 65536]	src0='blk.1.ffn_down_exps.weight':type=f32;ne=[384, 256, 2, 1];nb=[4, 1536, 393216, 786432]	src1='ffn_moe_swiglu-1':type=f32;ne=[384, 1, 64, 1];nb=[4, 1536, 1536, 98304]	src2='ffn_moe_topk-1':type=i32;ne=[1, 64, 1, 1];nb=[4, 8, 512, 512];strided
[XMX-DEBUG] try_xmx_sorted_moe called: src0->type=0
[XMX-DEBUG] XMX MoE: forced=0 fused_enabled=0 tiled_enabled=1
[XMX-DEBUG] XMX caps: supported=1 int8=1
[XMX MoE] Only Q8_0/MXFP4 supported, got type 0
[XMX-MOE-REJECT] tensor=blk.1.ffn_down_exps.weight type=f32 device=0 reason=type src0=[384,256,2,1] src1=[384,1,64,1] ids=[1,64,1,1]
[MoE FUSED] Batch 64 > 32, using oneDNN batching
[MoE] About to try COALESCED layout
[RESOLVE] data_handle empty for weight tensor 'blk.1.ffn_down_exps.weight' device 0, falling through to cache lookup
[SYCL] weight cache lookup: tensor=0x2e779010 name=blk.1.ffn_down_exps.weight device=0
[RESOLVE] refusing composite MoE expert tensor materialization for placement-planned 'blk.1.ffn_down_exps.weight' device 0
[MoE] Trying MMVQ with layout=2 for blk.1.ffn_down_exps.weight
[MMVQ-ENTRY] src0=blk.1.ffn_down_exps.weight type=0 forced_layout=2
[MMVQ] Batch 64 > threshold 32, routing to batched GEMM path
[MoE] MMVQ layout=2 returned false
[MoE] About to try SOA layout
[RESOLVE] data_handle empty for weight tensor 'blk.1.ffn_down_exps.weight' device 0, falling through to cache lookup
[SYCL] weight cache lookup: tensor=0x2e779010 name=blk.1.ffn_down_exps.weight device=0
[RESOLVE] refusing composite MoE expert tensor materialization for placement-planned 'blk.1.ffn_down_exps.weight' device 0
[MoE] Trying MMVQ with layout=1 for blk.1.ffn_down_exps.weight
[MMVQ-ENTRY] src0=blk.1.ffn_down_exps.weight type=0 forced_layout=1
[MMVQ] Batch 64 > threshold 32, routing to batched GEMM path
[MoE] MMVQ layout=1 returned false
[MoE] About to try AOS layout
[RESOLVE] data_handle empty for weight tensor 'blk.1.ffn_down_exps.weight' device 0, falling through to cache lookup
[SYCL] weight cache lookup: tensor=0x2e779010 name=blk.1.ffn_down_exps.weight device=0
[RESOLVE] refusing composite MoE expert tensor materialization for placement-planned 'blk.1.ffn_down_exps.weight' device 0
[MoE] Trying MMVQ with layout=0 for blk.1.ffn_down_exps.weight
[MMVQ-ENTRY] src0=blk.1.ffn_down_exps.weight type=0 forced_layout=0
[MMVQ] Batch 64 > threshold 32, routing to batched GEMM path
[MoE] MMVQ layout=0 returned false
[MoE] All MMVQ layouts failed, falling back to host routing
[MoE] GPU probe paths did not select type 0; resolving planner-owned MoE route
[MoE-1E] Reusing cached IDs for layer 1 (blk.1.ffn_down_exps.weight), 64 elements
[MoE] Using expert cache for blk.1.ffn_down_exps.weight (layer=752070615, host_buf=0, ptr_type=3)
[MOE-AOS-REQUEST] tensor=blk.1.ffn_down_exps.weight expert=0 current=0 planned=0 requested=aos reason=device-plan
[MOE-AOS-REQUEST] tensor=blk.1.ffn_down_exps.weight expert=1 current=0 planned=0 requested=aos reason=device-plan
[GRAPH-MOE-LAYOUT] tensor=blk.1.ffn_down_exps.weight device=0 plan=1 selected=aos local=2 secondary=0 host=0 missing=0 host_weights=0
[MOE-DISPATCH-LAYOUT] tensor=blk.1.ffn_down_exps.weight device=0 route_layout=aos src0_layout=aos use_expert_cache=1 placement_planned=1 host_weights=0 plan=1 plan_host=0 has_override=0 ne12=64
[MOE-STAGE] tensor=blk.1.ffn_down_exps.weight stage=after-dispatch-layout device=0 ne12=64
[MOE-STAGE] tensor=blk.1.ffn_down_exps.weight stage=after-pointer-table device=0 planned_pp=1
[MOE-STAGE] tensor=blk.1.ffn_down_exps.weight stage=after-route-diagnostics device=0 planned_pp=1
[MOE-STAGE] tensor=blk.1.ffn_down_exps.weight stage=before-route-mode device=0 ne12=64 use_cache=1 plan=1 hybrid=1
[MOE-IDS] Staging ids to device (buffer_on_host=0, ptr_usm_type=3)
0.04.298.273 E [SYCL][PTR] dst tensor=node_122 data=0xffffd55e67c2c200 alloc=3072 base=0xffffd55e47c9c000 size=524288 end=0xffffd55e47d1c000
0.04.300.853 E [SYCL][PTR] dst tensor=node_122 data=0xffffd55e67c2ce00 alloc=95232 base=0xffffd55e47c9c000 size=524288 end=0xffffd55e47d1c000
0.04.301.159 E [UNIFIED-CACHE] planned-mode runtime materialization rejected op=direct_stage_weight caller=direct_stage_weight model=0 name_hash=0x9436376037e599f5 aux=294 type=0 ne=[1,2,1,1] layout=0 graph_active=1
0.04.301.271 E [SYCL][PTR] src1 tensor=ffn_moe_topk-1 data=0x77cfb0233200 alloc=508 base=0xffffd55e47c9c000 size=524288 end=0xffffd55e47d1c000
0.04.301.409 E [SYCL][PTR] src2 tensor=ffn_moe_topk-1 data=0x77cfb0233200 alloc=508 base=0xffffd55e47c9c000 size=524288 end=0xffffd55e47d1c000
[MOE-STAGE] tensor=blk.1.ffn_down_exps.weight stage=pp-rowmap-alloc-begin device=0 rows=64
[UNIFIED-ALLOC] zone alloc: dev=0 zone=4 size=0.0 MB ptr=0xffffd55e67c54200
[MOE-STAGE] tensor=blk.1.ffn_down_exps.weight stage=pp-rowmap-copy-begin device=0 rows=64 dst_handle=0
[MOE-STAGE] tensor=blk.1.ffn_down_exps.weight stage=pp-rowmap-copy-submitted device=0 rows=64
[UNIFIED-ALLOC] zone alloc: dev=0 zone=4 size=0.1 MB ptr=0xffffd55e67c54400
[UNIFIED-ALLOC] zone alloc: dev=0 zone=4 size=0.1 MB ptr=0xffffd55e67c64400
[MOE-AOS-REQUEST] tensor=blk.1.ffn_down_exps.weight expert=0 current=0 planned=0 requested=aos reason=device-plan
[DEBUG-MULMAT] ENTER: src0=blk.1.ffn_down_exps.weight src1=ffn_moe_swiglu-1 dst=node_128
[SYCL][OP] call ggml_sycl_mul_mat: dst='node_128':type=f32;ne=[256, 2, 1, 1];nb=[4, 1024, 2048, 2048]0.04.302.936 E [SYCL][PTR] dst tensor=node_128 data=0xffffd55e67c54400 alloc=2048 base=0xffffd55e47c9c000 size=524288 end=0xffffd55e47d1c000
	src0='blk.1.ffn_down_exps.weight':type=f32;ne=[384, 256, 2, 1];nb=[4, 1536, 393216, 786432]	src1='ffn_moe_swiglu-1':type=f32;ne=[384, 1, 64, 1];nb=[4, 1536, 1536, 98304]
[XMXConfig] device=0: M=8 N=16 K_INT8=32 K_FP16=16 SLM=131072 nsm=256 supported=1 int8=1 fp16=1 double_buf=1 max_esimd_wg=64 nbarrier=0 esimd_dpas=1
[MUL_MAT] src0 device=0 ptr=0xffffd556b6a05500 (tensor=blk.1.ffn_down_exps.weight layout=0)
[MUL_MAT] dst device=0 ptr=0xffffd55e67c54400 (tensor=node_128)
[SYCL][OP] call ggml_sycl_mul_mat done
[MOE-AOS-REQUEST] tensor=blk.1.ffn_down_exps.weight expert=1 current=0 planned=0 requested=aos reason=device-plan
[DEBUG-MULMAT] ENTER: src0=blk.1.ffn_down_exps.weight src1=ffn_moe_swiglu-1 dst=node_128
[SYCL][OP] call ggml_sycl_mul_mat: dst='node_128':type=f32;ne=[256, 62, 1, 1];nb=[4, 1024, 63488, 63488]	src0='blk.1.ffn_down_exps.weight':type=f32;ne=[384, 256, 2, 1];nb=[4, 1536, 393216, 786432]	src1='ffn_moe_swiglu-1':type=f32;ne=[384, 1, 64, 1];nb=[4, 1536, 1536, 98304]
0.04.303.295 E [SYCL][PTR] dst tensor=node_128 data=0xffffd55e67c54c00 alloc=63488 base=0xffffd55e47c9c000 size=524288 end=0xffffd55e47d1c000
[XMXConfig] device=0: M=8 N=16 K_INT8=32 K_FP16=16 SLM=131072 nsm=256 supported=1 int8=1 fp16=1 double_buf=1 max_esimd_wg=64 nbarrier=0 esimd_dpas=1
[MUL_MAT] src0 device=0 ptr=0xffffd556b6a65500 (tensor=blk.1.ffn_down_exps.weight layout=0)
[MUL_MAT] dst device=0 ptr=0xffffd55e67c54c00 (tensor=node_128)
[SYCL][OP] call ggml_sycl_mul_mat done
[SYCL][OP] call ggml_sycl_mul_mat_id done
[DEBUG-IMPL] Node 129/140: op=36 name=blk.1.ffn_down_exps.scale (reshaped)
[DEBUG-IMPL] Node 130/140: op=20 name=node_130
[SYCL] weight cache lookup: tensor=0x2fbad780 name=blk.1.ffn_down_exps.scale (reshaped) device=0
ggml_sycl_get_data_ptr_slow: tensor=blk.1.ffn_down_exps.scale (reshaped) view_src chain -> base=blk.1.ffn_down_exps.scale, base->extra=0x2c3a5030, base->data=0x77ce002c48a0, tensor->data=0x77ce002c48a0
ggml_sycl_get_data_ptr_slow: base=blk.1.ffn_down_exps.scale data=0x77ce002c48a0 ptr_type=3
[SYCL] weight cache lookup: tensor=0x2fbad780 name=blk.1.ffn_down_exps.scale (reshaped) device=0
ggml_sycl_get_data_ptr_slow: tensor=blk.1.ffn_down_exps.scale (reshaped), device=0, staging FAILED for non-device (type=0), using tensor->data=0x77ce002c48a0
ggml_sycl_get_data_ptr_slow: tensor=blk.1.ffn_down_exps.scale (reshaped), device=0, using tensor->data=0x77ce002c48a0
[RESOLVE] data_handle empty for weight tensor 'blk.1.ffn_down_exps.scale' device 0, falling through to cache lookup
[SYCL] weight cache lookup: tensor=0x2e77b0e0 name=blk.1.ffn_down_exps.scale device=0
[SYCL] weight cache lookup: tensor=0x2e77b0e0 name=blk.1.ffn_down_exps.scale device=0
ggml_sycl_get_data_ptr_slow: tensor=blk.1.ffn_down_exps.scale, device=0, staging FAILED for non-device (type=0), using tensor->data=0x77ce002c48a0
ggml_sycl_get_data_ptr_slow: tensor=blk.1.ffn_down_exps.scale, device=0, using tensor->data=0x77ce002c48a0
[SYCL] simple consumer routing declined: op=REPEAT dst=node_130 plan unavailable ctx=0
[SYCL][OP] call ggml_sycl_repeat: dst='node_130':type=f32;ne=[1, 2, 64, 1];nb=[4, 4, 8, 512]	src0='blk.1.ffn_down_exps.scale (reshaped)':type=f32;ne=[1, 2, 1, 1];nb=[4, 4, 8, 8]
[SYCL] weight cache lookup: tensor=0x2fbad780 name=blk.1.ffn_down_exps.scale (reshaped) device=0
[SYCL] weight cache lookup: tensor=0x2fbad780 name=blk.1.ffn_down_exps.scale (reshaped) device=0
0.04.305.258 E [UNIFIED-CACHE] planned-mode runtime materialization rejected op=direct_stage_weight caller=direct_stage_weight model=0 name_hash=0x2f51d65e2e10e7e6 aux=299 type=0 ne=[1,2,1,1] layout=0 graph_active=1
[SYCL-BINBCAST] staging raw host tensor=blk.1.ffn_down_exps.scale (reshaped) bytes=8 device=0 src=0x77ce002c48a0 dst=0xffffe38f1ae00000
[BINBCAST-PTR] src0=node_130 src0_host=0xffffd55e47cbc400 src0_d=0xffffd55e47cbc400
[BINBCAST-PTR] src1=blk.1.ffn_down_exps.scale (reshaped) src1_host=0x77ce002c48a0 src1_d=0xffffe38f1ae00000
[SYCL][OP] call ggml_sycl_repeat done
[DEBUG-IMPL] Node 131/140: op=40 name=node_131
[SYCL][OP] call ggml_sycl_get_rows: dst='node_131':type=f32;ne=[1, 1, 64, 1];nb=[4, 4, 4, 256]	src0='node_130':type=f32;ne=[1, 2, 64, 1];nb=[4, 4, 8, 512]	src1='ffn_moe_topk-1':type=i32;ne=[1, 64, 1, 1];nb=[4, 8, 512, 512];strided
[SYCL] weight cache lookup: tensor=0x2fbad910 name=node_130 device=0
0.04.307.634 E [SYCL][PTR] src1 tensor=ffn_moe_topk-1 data=0x77cfb0233200 alloc=508 base=0xffffd55e47c9c000 size=524288 end=0xffffd55e47d1c000
[SYCL][OP] call ggml_sycl_get_rows done
[DEBUG-IMPL] Node 132/140: op=7 name=ffn_moe_down_scaled-1
[SYCL] simple consumer routing declined: op=MUL dst=ffn_moe_down_scaled-1 local single-device plan ctx=0 target=0
[SYCL][OP] call ggml_sycl_mul: dst='ffn_moe_down_scaled-1':type=f32;ne=[256, 1, 64, 1];nb=[4, 1024, 1024, 65536]	src0='node_128':type=f32;ne=[256, 1, 64, 1];nb=[4, 1024, 1024, 65536]	src1='node_131':type=f32;ne=[1, 1, 64, 1];nb=[4, 4, 4, 256]
[BINBCAST-PTR] src0=node_128 src0_host=0xffffd55e47cac000 src0_d=0xffffd55e47cac000
[BINBCAST-PTR] src1=node_131 src1_host=0xffffd55e47cbc000 src1_d=0xffffd55e47cbc000
[SYCL][OP] call ggml_sycl_mul done
[DEBUG-IMPL] Node 133/140: op=7 name=ffn_moe_weighted-1
[SYCL] simple consumer routing declined: op=MUL dst=ffn_moe_weighted-1 local single-device plan ctx=0 target=0
[SYCL][OP] call ggml_sycl_mul: dst='ffn_moe_weighted-1':type=f32;ne=[256, 1, 64, 1];nb=[4, 1024, 1024, 65536]	src0='ffn_moe_down_scaled-1':type=f32;ne=[256, 1, 64, 1];nb=[4, 1024, 1024, 65536]	src1='ffn_moe_weights_norm-1 (reshaped)':type=f32;ne=[1, 1, 64, 1];nb=[4, 4, 4, 256]
[BINBCAST-PTR] src0=ffn_moe_down_scaled-1 src0_host=0xffffd55e47cac000 src0_d=0xffffd55e47cac000
[BINBCAST-PTR] src1=ffn_moe_weights_norm-1 (reshaped) src1_host=0xffffd55e47cbc100 src1_d=0xffffd55e47cbc100
[SYCL][OP] call ggml_sycl_mul done
[DEBUG-IMPL] Node 134/140: op=37 name=ffn_moe_weighted-1 (view)
[DEBUG-IMPL] Node 135/140: op=35 name=ffn_moe_out-1
[SYCL] simple consumer routing declined: op=CONT dst=ffn_moe_out-1 local single-device plan ctx=0 target=0
[SYCL][OP] call ggml_sycl_dup: dst='ffn_moe_out-1':type=f32;ne=[256, 64, 1, 1];nb=[4, 1024, 65536, 65536]	src0='ffn_moe_weighted-1 (view)':type=f32;ne=[256, 64, 1, 1];nb=[4, 1024, 65536, 65536]
[SYCL][OP] call ggml_sycl_cpy: dst='ffn_moe_out-1':type=f32;ne=[256, 64, 1, 1];nb=[4, 1024, 65536, 65536]	src0='ffn_moe_weighted-1 (view)':type=f32;ne=[256, 64, 1, 1];nb=[4, 1024, 65536, 65536]
[CPY] device=0 main_stream=0x2b690ec0 tp_queue=(nil) (match=0)
[CPY DEBUG] device=0 src0=ffn_moe_weighted-1 (view)(0xffffd55e47cac000, usm=1) -> src1=ffn_moe_out-1(0xffffd55e47cbc000, usm=1) size=65536
[CPY STAGING CHECK] device=0 needs_staging=0 src0_type=1 dst_is_device=1
[CPY device=0] memcpy path: 0xffffd55e47cac000 -> 0xffffd55e47cbc000 (65536 bytes)
[CPY device=0] memcpy submitted
[SYCL][OP] call ggml_sycl_cpy done
[SYCL][OP] call ggml_sycl_dup done
[DEBUG-IMPL] Node 136/140: op=2 name=l_out-1
[DEBUG-IMPL] Node 138/140: op=7 name=result_norm
[SYCL] simple consumer routing declined: op=MUL dst=result_norm local single-device plan ctx=0 target=0
[SYCL][OP] call ggml_sycl_mul: dst='result_norm':type=f32;ne=[256, 64, 1, 1];nb=[4, 1024, 65536, 65536]	src0='norm':type=f32;ne=[256, 64, 1, 1];nb=[4, 1024, 65536, 65536]	src1='output_norm.weight':type=f32;ne=[256, 1, 1, 1];nb=[4, 1024, 1024, 1024]
[SYCL-MUL-DBG] device=0 graph_recording=0 dst=result_norm src0=norm src1=output_norm.weight src0_ptr=0xffffd55e47cbc000 src1_ptr=0xffffd556b6420000 dst_ptr=0xffffd55e47cbc000 src0_layout=none src1_layout=aos last_graph_event=0 has_barrier=0 exec_graph=0 graph_nodes=0 graph_decode=0
[BINBCAST-PTR] src0=norm src0_host=0xffffd55e47cbc000 src0_d=0xffffd55e47cbc000
[BINBCAST-PTR] src1=output_norm.weight src1_host=0x77cdffc20040 src1_d=0xffffd556b6420000
[SYCL][OP] call ggml_sycl_mul done
[DEBUG-IMPL] Node 139/140: op=29 name=result_output
[SYCL] simple consumer routing declined: op=MUL_MAT dst=result_output plan unavailable ctx=0
[DEBUG-MULMAT] ENTER: src0=output.weight src1=result_norm dst=result_output
[SYCL][OP] call ggml_sycl_mul_mat: dst='result_output':type=f32;ne=[128, 64, 1, 1];nb=[4, 512, 32768, 32768]	src0='output.weight':type=f32;ne=[256, 128, 1, 1];nb=[4, 1024, 131072, 131072]	src1='result_norm':type=f32;ne=[256, 64, 1, 1];nb=[4, 1024, 65536, 65536]
[XMXConfig] device=0: M=8 N=16 K_INT8=32 K_FP16=16 SLM=131072 nsm=256 supported=1 int8=1 fp16=1 double_buf=1 max_esimd_wg=64 nbarrier=0 esimd_dpas=1
[SYCL] output.weight dispatch kernel=ONEDNN_AOS layout=0 batch=64
[MUL_MAT] src0 device=0 ptr=0xffffd556b6421400 (tensor=output.weight layout=0)
[MUL_MAT] dst device=0 ptr=0xffffd55e47c9c000 (tensor=result_output)
[SYCL] weight cache lookup: tensor=0x2e7762c0 name=output.weight device=0
[SYCL][OP] call ggml_sycl_mul_mat done
[GRAPH-UNPIN] Released 0 graph MoE expert mem_handle leases
[GRAPH-UNPIN-WEIGHTS] Released 0 graph weight mem_handle leases
[SYCL] call ggml_backend_sycl_get_tensor_async: tensor='result_output':type=f32;ne=[128, 64, 1, 1];nb=[4, 512, 32768, 32768] size=32768 offset=0
[DEBUG-GRAPH-COMPUTE] ENTER: backend=0x2f7344c0 cgraph=0x2ba81098
[DEBUG-GRAPH-COMPUTE] sycl_ctx=0x2d099cf0 device=0
[MEM-HANDLE] released 0 command-graph retained leases
[POOL-LEG] released 0 graph-retained scratch mem_handles
[SYCL] call ggml_backend_sycl_get_device_memory
[MEM-QUERY] dev=0 free=455.8 MB total=32656.0 MB consumed=32200.2 MB
[GRAPH-COMPUTE] device 0 arena scratch=512.0/512.0 MB external_free=455.8 MB / total=32656.0 MB
[DEBUG-GRAPH-COMPUTE] Creating lambda...
[DEBUG-GRAPH-COMPUTE] Lambda created
[GRAPH-CHECK] MUL_MAT_ID: src0=blk.0.ffn_gate_exps.weight buffer=0x2ea37b50 is_sycl=0
[SYCL-GRAPH] call #6: use_sycl_graph=0, async_mem=0, n_nodes=140, has_exec_graph=0
[DEBUG-IMPL] ENTER graph_compute_impl: n_nodes=140, device=0
[DEBUG-IMPL] Starting node loop, n_nodes=140
[DEBUG-IMPL] Node 0/140: op=40 name=embd
ggml_sycl_get_data_ptr_slow: tensor=inp_tokens, device=0, staging FAILED for non-device (type=0), using tensor->data=0x77ce002c4c40
ggml_sycl_get_data_ptr_slow: tensor=inp_tokens, device=0, using tensor->data=0x77ce002c4c40
[SYCL][OP] call ggml_sycl_get_rows: dst='embd':type=f32;ne=[256, 64, 1, 1];nb=[4, 1024, 65536, 65536]	src0='token_embd.weight':type=f32;ne=[256, 128, 1, 1];nb=[4, 1024, 131072, 131072]	src1='inp_tokens':type=i32;ne=[64, 1, 1, 1];nb=[4, 256, 256, 256]
[SYCL] weight cache lookup: tensor=0x2e775fa0 name=token_embd.weight device=0
[SYCL][OP] call ggml_sycl_get_rows done
[DEBUG-IMPL] Node 1/140: op=25 name=norm-0
[DEBUG-IMPL] Node 3/140: op=29 name=node_3
[SYCL] simple consumer routing declined: op=MUL_MAT dst=node_3 plan unavailable ctx=0
[DEBUG-MULMAT] ENTER: src0=blk.0.attn_q.weight src1=attn_norm-0 dst=node_3
[SYCL][OP] call ggml_sycl_mul_mat: dst='node_3':type=f32;ne=[256, 64, 1, 1];nb=[4, 1024, 65536, 65536]	src0='blk.0.attn_q.weight':type=f32;ne=[256, 256, 1, 1];nb=[4, 1024, 262144, 262144]	src1='attn_norm-0':type=f32;ne=[256, 64, 1, 1];nb=[4, 1024, 65536, 65536]
[XMXConfig] device=0: M=8 N=16 K_INT8=32 K_FP16=16 SLM=131072 nsm=256 supported=1 int8=1 fp16=1 double_buf=1 max_esimd_wg=64 nbarrier=0 esimd_dpas=1
[MUL_MAT] src0 device=0 ptr=0xffffd556b6441400 (tensor=blk.0.attn_q.weight layout=0)
[MUL_MAT] dst device=0 ptr=0xffffd55e47cbc000 (tensor=node_3)
[SYCL] weight cache lookup: tensor=0x2e7765e0 name=blk.0.attn_q.weight device=0
[SYCL][OP] call ggml_sycl_mul_mat done
[DEBUG-IMPL] Node 4/140: op=7 name=Qcur-0
[DEBUG-IMPL] Node 6/140: op=36 name=Qcur-0
[DEBUG-IMPL] Node 7/140: op=49 name=Qcur-0
ggml_sycl_get_data_ptr_slow: tensor=leaf_7, device=0, staging FAILED for non-device (type=0), using tensor->data=0x77ce002d4d40
ggml_sycl_get_data_ptr_slow: tensor=leaf_7, device=0, using tensor->data=0x77ce002d4d40
[SYCL] simple consumer routing declined: op=ROPE dst=Qcur-0 local single-device plan ctx=0 target=0
[SYCL][OP] call ggml_sycl_rope: dst='Qcur-0':type=f32;ne=[128, 2, 64, 1];nb=[4, 512, 1024, 65536]	src0='Qcur-0':type=f32;ne=[128, 2, 64, 1];nb=[4, 512, 1024, 65536]	src1='leaf_7':type=i32;ne=[64, 1, 1, 1];nb=[4, 256, 256, 256]	src2='rope_freqs.weight':type=f32;ne=[64, 1, 1, 1];nb=[4, 256, 256, 256]
ggml_sycl_op_rope: norm path
[SYCL][OP] call ggml_sycl_rope done
[DEBUG-IMPL] Node 8/140: op=29 name=node_8
[SYCL] simple consumer routing declined: op=MUL_MAT dst=node_8 plan unavailable ctx=0
[DEBUG-MULMAT] ENTER: src0=blk.0.attn_v.weight src1=attn_norm-0 dst=node_8
[SYCL][OP] call ggml_sycl_mul_mat: dst='node_8':type=f32;ne=[256, 64, 1, 1];nb=[4, 1024, 65536, 65536]	src0='blk.0.attn_v.weight':type=f32;ne=[256, 256, 1, 1];nb=[4, 1024, 262144, 262144]	src1='attn_norm-0':type=f32;ne=[256, 64, 1, 1];nb=[4, 1024, 65536, 65536]
[XMXConfig] device=0: M=8 N=16 K_INT8=32 K_FP16=16 SLM=131072 nsm=256 supported=1 int8=1 fp16=1 double_buf=1 max_esimd_wg=64 nbarrier=0 esimd_dpas=1
[MUL_MAT] src0 device=0 ptr=0xffffd556b64c1400 (tensor=blk.0.attn_v.weight layout=0)
[MUL_MAT] dst device=0 ptr=0xffffd55e47cbc000 (tensor=node_8)
[SYCL] weight cache lookup: tensor=0x2e776900 name=blk.0.attn_v.weight device=0
[SYCL][OP] call ggml_sycl_mul_mat done
[DEBUG-IMPL] Node 9/140: op=7 name=Vcur-0
[DEBUG-IMPL] Node 11/140: op=36 name=Vcur-0
[DEBUG-IMPL] Node 12/140: op=29 name=node_12
[SYCL] simple consumer routing declined: op=MUL_MAT dst=node_12 plan unavailable ctx=0
[DEBUG-MULMAT] ENTER: src0=blk.0.attn_k.weight src1=attn_norm-0 dst=node_12
[SYCL][OP] call ggml_sycl_mul_mat: dst='node_12':type=f32;ne=[256, 64, 1, 1];nb=[4, 1024, 65536, 65536]	src0='blk.0.attn_k.weight':type=f32;ne=[256, 256, 1, 1];nb=[4, 1024, 262144, 262144]	src1='attn_norm-0':type=f32;ne=[256, 64, 1, 1];nb=[4, 1024, 65536, 65536]
[XMXConfig] device=0: M=8 N=16 K_INT8=32 K_FP16=16 SLM=131072 nsm=256 supported=1 int8=1 fp16=1 double_buf=1 max_esimd_wg=64 nbarrier=0 esimd_dpas=1
[MUL_MAT] src0 device=0 ptr=0xffffd556b6481400 (tensor=blk.0.attn_k.weight layout=0)
[MUL_MAT] dst device=0 ptr=0xffffd55e47cdc000 (tensor=node_12)
[SYCL] weight cache lookup: tensor=0x2e776770 name=blk.0.attn_k.weight device=0
[SYCL][OP] call ggml_sycl_mul_mat done
[DEBUG-IMPL] Node 13/140: op=7 name=Kcur-0
[DEBUG-IMPL] Node 15/140: op=36 name=Kcur-0
[DEBUG-IMPL] Node 16/140: op=49 name=Kcur-0
[SYCL] simple consumer routing declined: op=ROPE dst=Kcur-0 local single-device plan ctx=0 target=0
[SYCL][OP] call ggml_sycl_rope: dst='Kcur-0':type=f32;ne=[128, 2, 64, 1];nb=[4, 512, 1024, 65536]	src0='Kcur-0':type=f32;ne=[128, 2, 64, 1];nb=[4, 512, 1024, 65536]	src1='leaf_7':type=i32;ne=[64, 1, 1, 1];nb=[4, 256, 256, 256]	src2='rope_freqs.weight':type=f32;ne=[64, 1, 1, 1];nb=[4, 256, 256, 256]
ggml_sycl_op_rope: norm path
[SYCL][OP] call ggml_sycl_rope done
[DEBUG-IMPL] Node 17/140: op=37 name=Kcur-0 (view)
[DEBUG-IMPL] Node 18/140: op=42 name=cache_k_l0 (view)
ggml_sycl_get_data_ptr_slow: tensor=leaf_15, device=0, staging FAILED for non-device (type=0), using tensor->data=0x77ce002d4e40
ggml_sycl_get_data_ptr_slow: tensor=leaf_15, device=0, using tensor->data=0x77ce002d4e40
[SYCL] simple consumer routing declined: op=SET_ROWS dst=cache_k_l0 (view) plan unavailable ctx=0
[SYCL][OP] call ggml_sycl_op_set_rows: dst='cache_k_l0 (view)':type=f16;ne=[256, 256, 1, 1];nb=[2, 512, 131072, 131072]	src0='Kcur-0 (view)':type=f32;ne=[256, 64, 1, 1];nb=[4, 1024, 65536, 65536]	src1='leaf_15':type=i64;ne=[64, 1, 1, 1];nb=[8, 512, 512, 512]
[SYCL][OP] call ggml_sycl_op_set_rows done
[DEBUG-IMPL] Node 19/140: op=37 name=Vcur-0 (view)
[DEBUG-IMPL] Node 20/140: op=42 name=cache_v_l0 (view)
ggml_sycl_get_data_ptr_slow: tensor=leaf_17, device=0, staging FAILED for non-device (type=0), using tensor->data=0x77ce002d5040
ggml_sycl_get_data_ptr_slow: tensor=leaf_17, device=0, using tensor->data=0x77ce002d5040
[SYCL] simple consumer routing declined: op=SET_ROWS dst=cache_v_l0 (view) plan unavailable ctx=0
[SYCL][OP] call ggml_sycl_op_set_rows: dst='cache_v_l0 (view)':type=f16;ne=[256, 256, 1, 1];nb=[2, 512, 131072, 131072]	src0='Vcur-0 (view)':type=f32;ne=[256, 64, 1, 1];nb=[4, 1024, 65536, 65536]	src1='leaf_17':type=i64;ne=[64, 1, 1, 1];nb=[8, 512, 512, 512]
[SYCL][OP] call ggml_sycl_op_set_rows done
[DEBUG-IMPL] Node 21/140: op=37 name=Qcur-0 (view)
[DEBUG-IMPL] Node 22/140: op=38 name=Qcur-0 (view) (permuted)
[DEBUG-IMPL] Node 23/140: op=34 name=Qcur-0 (view) (permuted) (copy)
[SYCL] simple consumer routing declined: op=CPY dst=Qcur-0 (view) (permuted) (copy) local single-device plan ctx=0 target=0
[SYCL][OP] call ggml_sycl_cpy: dst='Qcur-0 (view) (permuted) (copy)':type=f16;ne=[128, 64, 2, 1];nb=[2, 256, 16384, 32768]	src0='Qcur-0 (view) (permuted)':type=f32;ne=[128, 64, 2, 1];nb=[4, 1024, 512, 65536];strided;permuted
[CPY] device=0 main_stream=0x2b690ec0 tp_queue=(nil) (match=0)
[CPY DEBUG] device=0 src0=Qcur-0 (view) (permuted)(0xffffd55e47ccc000, usm=1) -> src1=Qcur-0 (view) (permuted) (copy)(0xffffd55e47cac000, usm=1) size=65536
[CPY STAGING CHECK] device=0 needs_staging=0 src0_type=1 dst_is_device=1
[SYCL][OP] call ggml_sycl_cpy done
[DEBUG-IMPL] Node 24/140: op=37 name=cache_k_l0 (view)
[DEBUG-IMPL] Node 25/140: op=38 name=cache_k_l0 (view) (permuted)
[DEBUG-IMPL] Node 26/140: op=37 name=cache_v_l0 (view)
[DEBUG-IMPL] Node 27/140: op=38 name=cache_v_l0 (view) (permuted)
[DEBUG-IMPL] Node 28/140: op=75 name=node_28
ggml_sycl_get_data_ptr_slow: tensor=attn_inp_kq_mask, device=0, staging FAILED for non-device (type=0), using tensor->data=0x77ce002d5240
ggml_sycl_get_data_ptr_slow: tensor=attn_inp_kq_mask, device=0, using tensor->data=0x77ce002d5240
[SYCL] simple consumer routing declined: op=FLASH_ATTN_EXT dst=node_28 plan unavailable ctx=0
ggml_sycl_get_data_ptr_slow: tensor=Qcur-0 (view) (permuted) (copy), device=1, rejecting tensor->data=0xffffd55e47cac000 owned by device 0
ggml_sycl_get_data_ptr_slow: tensor=node_28, device=1, rejecting tensor->data=0xffffd55e47cb4000 owned by device 0
[DEBUG-IMPL] Node 29/140: op=36 name=kqv_out-0
[DEBUG-IMPL] Node 30/140: op=29 name=node_30
[SYCL] simple consumer routing declined: op=MUL_MAT dst=node_30 plan unavailable ctx=0
[DEBUG-MULMAT] ENTER: src0=blk.0.attn_output.weight src1=kqv_out-0 dst=node_30
[SYCL][OP] call ggml_sycl_mul_mat: dst='node_30':type=f32;ne=[256, 64, 1, 1];nb=[4, 1024, 65536, 65536]	src0='blk.0.attn_output.weight':type=f32;ne=[256, 256, 1, 1];nb=[4, 1024, 262144, 262144]	src1='kqv_out-0':type=f32;ne=[256, 64, 1, 1];nb=[4, 1024, 65536, 65536]
[XMXConfig] device=0: M=8 N=16 K_INT8=32 K_FP16=16 SLM=131072 nsm=256 supported=1 int8=1 fp16=1 double_buf=1 max_esimd_wg=64 nbarrier=0 esimd_dpas=1
[MUL_MAT] src0 device=0 ptr=0xffffd556b6501400 (tensor=blk.0.attn_output.weight layout=0)
[MUL_MAT] dst device=0 ptr=0xffffd55e47cc4000 (tensor=node_30)
[SYCL] weight cache lookup: tensor=0x2e776f40 name=blk.0.attn_output.weight device=0
[SYCL][OP] call ggml_sycl_mul_mat done
[DEBUG-IMPL] Node 31/140: op=7 name=node_31
[DEBUG-IMPL] Node 33/140: op=2 name=ffn_inp-0
[DEBUG-IMPL] Node 35/140: op=7 name=ffn_norm-0
[SYCL] simple consumer routing declined: op=MUL dst=ffn_norm-0 local single-device plan ctx=0 target=0
[SYCL][OP] call ggml_sycl_mul: dst='ffn_norm-0':type=f32;ne=[256, 64, 1, 1];nb=[4, 1024, 65536, 65536]	src0='norm-0':type=f32;ne=[256, 64, 1, 1];nb=[4, 1024, 65536, 65536]	src1='blk.0.ffn_norm.weight':type=f32;ne=[256, 1, 1, 1];nb=[4, 1024, 1024, 1024]
[BINBCAST-PTR] src0=norm-0 src0_host=0xffffd55e47c9c000 src0_d=0xffffd55e47c9c000
[BINBCAST-PTR] src1=blk.0.ffn_norm.weight src1_host=0x77cdffd41840 src1_d=0xffffd556b6420800
[SYCL][OP] call ggml_sycl_mul done
[DEBUG-IMPL] Node 36/140: op=29 name=ffn_moe_logits-0
[SYCL] simple consumer routing declined: op=MUL_MAT dst=ffn_moe_logits-0 plan unavailable ctx=0
[DEBUG-MULMAT] ENTER: src0=blk.0.ffn_gate_inp.weight src1=ffn_norm-0 dst=ffn_moe_logits-0
[SYCL][OP] call ggml_sycl_mul_mat: dst='ffn_moe_logits-0':type=f32;ne=[2, 64, 1, 1];nb=[4, 8, 512, 512]	src0='blk.0.ffn_gate_inp.weight':type=f32;ne=[256, 2, 1, 1];nb=[4, 1024, 2048, 2048]	src1='ffn_norm-0':type=f32;ne=[256, 64, 1, 1];nb=[4, 1024, 65536, 65536]
[XMXConfig] device=0: M=8 N=16 K_INT8=32 K_FP16=16 SLM=131072 nsm=256 supported=1 int8=1 fp16=1 double_buf=1 max_esimd_wg=64 nbarrier=0 esimd_dpas=1
[MUL_MAT] src0 device=0 ptr=0xffffd556b6644500 (tensor=blk.0.ffn_gate_inp.weight layout=0)
[MUL_MAT] dst device=0 ptr=0xffffd55e47cac000 (tensor=ffn_moe_logits-0)
[SYCL] weight cache lookup: tensor=0x2e777580 name=blk.0.ffn_gate_inp.weight device=0
[SYCL][OP] call ggml_sycl_mul_mat done
[DEBUG-IMPL] Node 37/140: op=47 name=ffn_moe_probs-0
[SYCL] simple consumer routing declined: op=SOFT_MAX dst=ffn_moe_probs-0 local single-device plan ctx=0 target=0
[SYCL][OP] call ggml_sycl_op_soft_max: dst='ffn_moe_probs-0':type=f32;ne=[2, 64, 1, 1];nb=[4, 8, 512, 512]	src0='ffn_moe_logits-0':type=f32;ne=[2, 64, 1, 1];nb=[4, 8, 512, 512]	src1=nullptr
[SYCL][OP] call ggml_sycl_op_soft_max done
[DEBUG-IMPL] Node 38/140: op=36 name=ffn_moe_probs-0 (reshaped)
[DEBUG-IMPL] Node 39/140: op=70 name=ffn_moe_argsort-0
[SYCL] simple consumer routing declined: op=ARGSORT dst=ffn_moe_argsort-0 local single-device plan ctx=0 target=0
[SYCL][OP] call ggml_sycl_argsort: dst='ffn_moe_argsort-0':type=i32;ne=[2, 64, 1, 1];nb=[4, 8, 512, 512]	src0='ffn_moe_probs-0':type=f32;ne=[2, 64, 1, 1];nb=[4, 8, 512, 512]
0.04.321.139 E [SYCL][PTR] dst tensor=ffn_moe_argsort-0 data=0x77cfb0233000 alloc=512 base=0xffffd55e47c9c000 size=524288 end=0xffffd55e47d1c000
[SYCL][OP] call ggml_sycl_argsort done
[DEBUG-IMPL] Node 40/140: op=37 name=ffn_moe_topk-0
[DEBUG-IMPL] Node 41/140: op=40 name=ffn_moe_weights-0
[SYCL][OP] call ggml_sycl_get_rows: dst='ffn_moe_weights-0':type=f32;ne=[1, 1, 64, 1];nb=[4, 4, 4, 256]	src0='ffn_moe_probs-0 (reshaped)':type=f32;ne=[1, 2, 64, 1];nb=[4, 4, 8, 512]	src1='ffn_moe_topk-0':type=i32;ne=[1, 64, 1, 1];nb=[4, 8, 512, 512];strided
[SYCL] weight cache lookup: tensor=0x2fba4c70 name=ffn_moe_probs-0 (reshaped) device=0
[SYCL][OP] call ggml_sycl_get_rows done
[DEBUG-IMPL] Node 42/140: op=36 name=ffn_moe_weights-0 (reshaped)
[DEBUG-IMPL] Node 43/140: op=15 name=ffn_moe_weights_sum-0
[SYCL] simple consumer routing declined: op=SUM_ROWS dst=ffn_moe_weights_sum-0 plan unavailable ctx=0
[SYCL][OP] call ggml_sycl_sum_rows: dst='ffn_moe_weights_sum-0':type=f32;ne=[1, 64, 1, 1];nb=[4, 4, 256, 256]	src0='ffn_moe_weights-0 (reshaped)':type=f32;ne=[1, 64, 1, 1];nb=[4, 4, 256, 256]
0.04.322.983 E [SYCL][PTR] src1 tensor=ffn_moe_topk-0 data=0x77cfb0233000 alloc=508 base=0xffffd55e47c9c000 size=524288 end=0xffffd55e47d1c000
[SYCL][OP] call ggml_sycl_sum_rows done
[DEBUG-IMPL] Node 44/140: op=51 name=ffn_moe_weights_sum_clamped-0
[SYCL] simple consumer routing declined: op=CLAMP dst=ffn_moe_weights_sum_clamped-0 plan unavailable ctx=0
[SYCL][OP] call ggml_sycl_clamp: dst='ffn_moe_weights_sum_clamped-0':type=f32;ne=[1, 64, 1, 1];nb=[4, 4, 256, 256]	src0='ffn_moe_weights_sum-0':type=f32;ne=[1, 64, 1, 1];nb=[4, 4, 256, 256]
[SYCL][OP] call ggml_sycl_clamp done
[DEBUG-IMPL] Node 45/140: op=8 name=ffn_moe_weights_norm-0
[SYCL] simple consumer routing declined: op=DIV dst=ffn_moe_weights_norm-0 plan unavailable ctx=0
[SYCL][OP] call ggml_sycl_div: dst='ffn_moe_weights_norm-0':type=f32;ne=[1, 64, 1, 1];nb=[4, 4, 256, 256]	src0='ffn_moe_weights-0 (reshaped)':type=f32;ne=[1, 64, 1, 1];nb=[4, 4, 256, 256]	src1='ffn_moe_weights_sum_clamped-0':type=f32;ne=[1, 64, 1, 1];nb=[4, 4, 256, 256]
[BINBCAST-PTR] src0=ffn_moe_weights-0 (reshaped) src0_host=0xffffd55e47cac400 src0_d=0xffffd55e47cac400
[BINBCAST-PTR] src1=ffn_moe_weights_sum_clamped-0 src1_host=0xffffd55e47cac000 src1_d=0xffffd55e47cac000
[SYCL][OP] call ggml_sycl_div done
[DEBUG-IMPL] Node 46/140: op=36 name=ffn_moe_weights_norm-0 (reshaped)
[DEBUG-IMPL] Node 47/140: op=36 name=ffn_norm-0 (reshaped)
[DEBUG-IMPL] Node 48/140: op=30 name=node_48
[RESOLVE] data_handle empty for weight tensor 'blk.0.ffn_gate_exps.weight' device 0, falling through to cache lookup
[SYCL] weight cache lookup: tensor=0x2e777710 name=blk.0.ffn_gate_exps.weight device=0
[RESOLVE] refusing composite MoE expert tensor materialization for placement-planned 'blk.0.ffn_gate_exps.weight' device 0
[SYCL][OP] call ggml_sycl_mul_mat_id: dst='node_48':type=f32;ne=[384, 1, 64, 1];nb=[4, 1536, 1536, 98304]	src0='blk.0.ffn_gate_exps.weight':type=f32;ne=[256, 384, 2, 1];nb=[4, 1024, 393216, 786432]	src1='ffn_norm-0 (reshaped)':type=f32;ne=[256, 1, 64, 1];nb=[4, 1024, 1024, 65536]	src2='ffn_moe_topk-0':type=i32;ne=[1, 64, 1, 1];nb=[4, 8, 512, 512];strided0.04.323.370 E [SYCL][PTR] src2 tensor=ffn_moe_topk-0 data=0x77cfb0233000 alloc=508 base=0xffffd55e47c9c000 size=524288 end=0xffffd55e47d1c000

[XMX-DEBUG] try_xmx_sorted_moe called: src0->type=0
[XMX-DEBUG] XMX MoE: forced=0 fused_enabled=0 tiled_enabled=1
[XMX-DEBUG] XMX caps: supported=1 int8=1
[XMX MoE] Only Q8_0/MXFP4 supported, got type 0
[XMX-MOE-REJECT] tensor=blk.0.ffn_gate_exps.weight type=f32 device=0 reason=type src0=[256,384,2,1] src1=[256,1,64,1] ids=[1,64,1,1]
[MoE FUSED] Batch 64 > 32, using oneDNN batching
[MoE] About to try COALESCED layout
[RESOLVE] data_handle empty for weight tensor 'blk.0.ffn_gate_exps.weight' device 0, falling through to cache lookup
[SYCL] weight cache lookup: tensor=0x2e777710 name=blk.0.ffn_gate_exps.weight device=0
[RESOLVE] refusing composite MoE expert tensor materialization for placement-planned 'blk.0.ffn_gate_exps.weight' device 0
[MoE] Trying MMVQ with layout=2 for blk.0.ffn_gate_exps.weight
[MMVQ-ENTRY] src0=blk.0.ffn_gate_exps.weight type=0 forced_layout=2
[MMVQ] Batch 64 > threshold 32, routing to batched GEMM path
[MoE] MMVQ layout=2 returned false
[MoE] About to try SOA layout
[RESOLVE] data_handle empty for weight tensor 'blk.0.ffn_gate_exps.weight' device 0, falling through to cache lookup
[SYCL] weight cache lookup: tensor=0x2e777710 name=blk.0.ffn_gate_exps.weight device=0
[RESOLVE] refusing composite MoE expert tensor materialization for placement-planned 'blk.0.ffn_gate_exps.weight' device 0
[MoE] Trying MMVQ with layout=1 for blk.0.ffn_gate_exps.weight
[MMVQ-ENTRY] src0=blk.0.ffn_gate_exps.weight type=0 forced_layout=1
[MMVQ] Batch 64 > threshold 32, routing to batched GEMM path
[MoE] MMVQ layout=1 returned false
[MoE] About to try AOS layout
[RESOLVE] data_handle empty for weight tensor 'blk.0.ffn_gate_exps.weight' device 0, falling through to cache lookup
[SYCL] weight cache lookup: tensor=0x2e777710 name=blk.0.ffn_gate_exps.weight device=0
[RESOLVE] refusing composite MoE expert tensor materialization for placement-planned 'blk.0.ffn_gate_exps.weight' device 0
[MoE] Trying MMVQ with layout=0 for blk.0.ffn_gate_exps.weight
[MMVQ-ENTRY] src0=blk.0.ffn_gate_exps.weight type=0 forced_layout=0
[MMVQ] Batch 64 > threshold 32, routing to batched GEMM path
[MoE] MMVQ layout=0 returned false
[MoE] All MMVQ layouts failed, falling back to host routing
[MoE] GPU probe paths did not select type 0; resolving planner-owned MoE route
[MoE-1E] Cached IDs for layer 0 (GATE), 64 elements
[MoE] Using expert cache for blk.0.ffn_gate_exps.weight (layer=1876883677, host_buf=0, ptr_type=3)
[MOE-DISPATCH-LAYOUT] tensor=blk.0.ffn_gate_exps.weight device=0 route_layout=aos src0_layout=aos use_expert_cache=1 placement_planned=1 host_weights=0 plan=1 plan_host=0 has_override=0 ne12=64
[MOE-STAGE] tensor=blk.0.ffn_gate_exps.weight stage=after-dispatch-layout device=0 ne12=64
[MOE-STAGE] tensor=blk.0.ffn_gate_exps.weight stage=after-pointer-table device=0 planned_pp=1
[MOE-STAGE] tensor=blk.0.ffn_gate_exps.weight stage=after-route-diagnostics device=0 planned_pp=1
[MOE-STAGE] tensor=blk.0.ffn_gate_exps.weight stage=before-route-mode device=0 ne12=64 use_cache=1 plan=1 hybrid=1
[MOE-IDS] Staging ids to device (buffer_on_host=0, ptr_usm_type=3)
[MOE-STAGE] tensor=blk.0.ffn_gate_exps.weight stage=pp-rowmap-alloc-begin device=0 rows=64
[UNIFIED-ALLOC] zone alloc: dev=0 zone=4 size=0.0 MB ptr=0xffffd55e67c2c000
[MOE-STAGE] tensor=blk.0.ffn_gate_exps.weight stage=pp-rowmap-copy-begin device=0 rows=64 dst_handle=0
[MOE-STAGE] tensor=blk.0.ffn_gate_exps.weight stage=pp-rowmap-copy-submitted device=0 rows=64
[UNIFIED-ALLOC] zone alloc: dev=0 zone=4 size=0.1 MB ptr=0xffffd55e67c2c200
[UNIFIED-ALLOC] zone alloc: dev=0 zone=4 size=0.1 MB ptr=0xffffd55e67c44200
[MOE-AOS-REQUEST] tensor=blk.0.ffn_gate_exps.weight expert=0 current=0 planned=0 requested=aos reason=device-plan
[DEBUG-MULMAT] ENTER: src0=blk.0.ffn_gate_exps.weight src1=ffn_norm-0 (reshaped) dst=node_48
[SYCL][OP] call ggml_sycl_mul_mat: dst='node_48':type=f32;ne=[384, 48, 1, 1];nb=[4, 1536, 73728, 73728]	src0='blk.0.ffn_gate_exps.weight':type=f32;ne=[256, 384, 2, 1];nb=[4, 1024, 393216, 786432]	src1='ffn_norm-0 (reshaped)':type=f32;ne=[256, 1, 64, 1];nb=[4, 1024, 1024, 65536]
[XMXConfig] device=0: M=8 N=16 K_INT8=32 K_FP16=16 SLM=131072 nsm=256 supported=1 int8=1 fp16=1 double_buf=1 max_esimd_wg=64 nbarrier=0 esimd_dpas=1
[MUL_MAT] src0 device=0 ptr=0xffffd556b6645500 (tensor=blk.0.ffn_gate_exps.weight layout=0)
[MUL_MAT] dst device=0 ptr=0xffffd55e67c2c200 (tensor=node_48)
[SYCL][OP] call ggml_sycl_mul_mat done
[MOE-AOS-REQUEST] tensor=blk.0.ffn_gate_exps.weight expert=1 current=0 planned=0 requested=aos reason=device-plan
[DEBUG-MULMAT] ENTER: src0=blk.0.ffn_gate_exps.weight src1=ffn_norm-0 (reshaped) dst=node_48
[SYCL][OP] call ggml_sycl_mul_mat: dst='node_48':type=f32;ne=[384, 16, 1, 1];nb=[4, 1536, 24576, 24576]	src0='blk.0.ffn_gate_exps.weight':type=f32;ne=[256, 384, 2, 1];nb=[4, 1024, 393216, 786432]	src1='ffn_norm-0 (reshaped)':type=f32;ne=[256, 1, 64, 1];nb=[4, 1024, 1024, 65536]
[XMXConfig] device=0: M=8 N=16 K_INT8=32 K_FP16=16 SLM=131072 nsm=256 supported=1 int8=1 fp16=1 double_buf=1 max_esimd_wg=64 nbarrier=0 esimd_dpas=1
[MUL_MAT] src0 device=0 ptr=0xffffd556b66a5500 (tensor=blk.0.ffn_gate_exps.weight layout=0)
[MUL_MAT] dst device=0 ptr=0xffffd55e67c3e200 (tensor=node_48)
[SYCL][OP] call ggml_sycl_mul_mat done
[SYCL][OP] call ggml_sycl_mul_mat_id done
[DEBUG-IMPL] Node 49/140: op=36 name=blk.0.ffn_gate_exps.scale (reshaped)
[DEBUG-IMPL] Node 50/140: op=20 name=node_50
[SYCL] weight cache lookup: tensor=0x2fba6250 name=blk.0.ffn_gate_exps.scale (reshaped) device=0
ggml_sycl_get_data_ptr_slow: tensor=blk.0.ffn_gate_exps.scale (reshaped) view_src chain -> base=blk.0.ffn_gate_exps.scale, base->extra=0x2f9ba7f0, base->data=0x77ce002c46c0, tensor->data=0x77ce002c46c0
ggml_sycl_get_data_ptr_slow: base=blk.0.ffn_gate_exps.scale data=0x77ce002c46c0 ptr_type=3
[SYCL] weight cache lookup: tensor=0x2fba6250 name=blk.0.ffn_gate_exps.scale (reshaped) device=0
ggml_sycl_get_data_ptr_slow: tensor=blk.0.ffn_gate_exps.scale (reshaped), device=0, staging FAILED for non-device (type=0), using tensor->data=0x77ce002c46c0
ggml_sycl_get_data_ptr_slow: tensor=blk.0.ffn_gate_exps.scale (reshaped), device=0, using tensor->data=0x77ce002c46c0
[RESOLVE] data_handle empty for weight tensor 'blk.0.ffn_gate_exps.scale' device 0, falling through to cache lookup
[SYCL] weight cache lookup: tensor=0x2e779970 name=blk.0.ffn_gate_exps.scale device=0
[SYCL] weight cache lookup: tensor=0x2e779970 name=blk.0.ffn_gate_exps.scale device=0
ggml_sycl_get_data_ptr_slow: tensor=blk.0.ffn_gate_exps.scale, device=0, staging FAILED for non-device (type=0), using tensor->data=0x77ce002c46c0
ggml_sycl_get_data_ptr_slow: tensor=blk.0.ffn_gate_exps.scale, device=0, using tensor->data=0x77ce002c46c0
[SYCL] simple consumer routing declined: op=REPEAT dst=node_50 plan unavailable ctx=0
[SYCL][OP] call ggml_sycl_repeat: dst='node_50':type=f32;ne=[1, 2, 64, 1];nb=[4, 4, 8, 512]	src0='blk.0.ffn_gate_exps.scale (reshaped)':type=f32;ne=[1, 2, 1, 1];nb=[4, 4, 8, 8]
[SYCL] weight cache lookup: tensor=0x2fba6250 name=blk.0.ffn_gate_exps.scale (reshaped) device=0
[SYCL] weight cache lookup: tensor=0x2fba6250 name=blk.0.ffn_gate_exps.scale (reshaped) device=0
[SYCL-BINBCAST] staging raw host tensor=blk.0.ffn_gate_exps.scale (reshaped) bytes=8 device=0 src=0x77ce002c46c0 dst=0xffffe38f1ae00000
0.04.323.811 E [SYCL][PTR] dst tensor=node_48 data=0xffffd55e67c2c200 alloc=73728 base=0xffffd55e47c9c000 size=524288 end=0xffffd55e47d1c000
0.04.324.369 E [SYCL][PTR] dst tensor=node_48 data=0xffffd55e67c3e200 alloc=24576 base=0xffffd55e47c9c000 size=524288 end=0xffffd55e47d1c000
0.04.324.752 E [UNIFIED-CACHE] planned-mode runtime materialization rejected op=direct_stage_weight caller=direct_stage_weight model=0 name_hash=0x5c5ab6125ec1b4e2 aux=270 type=0 ne=[1,2,1,1] layout=0 graph_active=1
[BINBCAST-PTR] src0=node_50 src0_host=0xffffd55e47cac400 src0_d=0xffffd55e47cac400
[BINBCAST-PTR] src1=blk.0.ffn_gate_exps.scale (reshaped) src1_host=0x77ce002c46c0 src1_d=0xffffe38f1ae00000
[SYCL][OP] call ggml_sycl_repeat done
[DEBUG-IMPL] Node 51/140: op=40 name=node_51
[SYCL][OP] call ggml_sycl_get_rows: dst='node_51':type=f32;ne=[1, 1, 64, 1];nb=[4, 4, 4, 256]	src0='node_50':type=f32;ne=[1, 2, 64, 1];nb=[4, 4, 8, 512]	src1='ffn_moe_topk-0':type=i32;ne=[1, 64, 1, 1];nb=[4, 8, 512, 512];strided
[SYCL] weight cache lookup: tensor=0x2fba63e0 name=node_50 device=0
[SYCL][OP] call ggml_sycl_get_rows done
[DEBUG-IMPL] Node 52/140: op=7 name=ffn_moe_gate_scaled-0
[SYCL] simple consumer routing declined: op=MUL dst=ffn_moe_gate_scaled-0 local single-device plan ctx=0 target=0
[SYCL][OP] call ggml_sycl_mul: dst='ffn_moe_gate_scaled-0':type=f32;ne=[384, 1, 64, 1];nb=[4, 1536, 1536, 98304]	src0='node_48':type=f32;ne=[384, 1, 64, 1];nb=[4, 1536, 1536, 98304]	src1='node_51':type=f32;ne=[1, 1, 64, 1];nb=[4, 4, 4, 256]
[BINBCAST-PTR] src0=node_48 src0_host=0xffffd55e47cd4000 src0_d=0xffffd55e47cd4000
[BINBCAST-PTR] src1=node_51 src1_host=0xffffd55e47cac000 src1_d=0xffffd55e47cac000
[SYCL][OP] call ggml_sycl_mul done
[DEBUG-IMPL] Node 53/140: op=30 name=node_53
[RESOLVE] data_handle empty for weight tensor 'blk.0.ffn_up_exps.weight' device 0, falling through to cache lookup
[SYCL] weight cache lookup: tensor=0x2e777a30 name=blk.0.ffn_up_exps.weight device=0
[RESOLVE] refusing composite MoE expert tensor materialization for placement-planned 'blk.0.ffn_up_exps.weight' device 0
[SYCL][OP] call ggml_sycl_mul_mat_id: dst='node_53':type=f32;ne=[384, 1, 64, 1];nb=[4, 1536, 1536, 98304]	src0='blk.0.ffn_up_exps.weight':type=f32;ne=[256, 384, 2, 1];nb=[4, 1024, 393216, 786432]	src1='ffn_norm-0 (reshaped)':type=f32;ne=[256, 1, 64, 1];nb=[4, 1024, 1024, 65536]	src2='ffn_moe_topk-0':type=i32;ne=[1, 64, 1, 1];nb=[4, 8, 512, 512];strided
[XMX-DEBUG] try_xmx_sorted_moe called: src0->type=0
[XMX-DEBUG] XMX MoE: forced=0 fused_enabled=0 tiled_enabled=1
[XMX-DEBUG] XMX caps: supported=1 int8=1
[XMX MoE] Only Q8_0/MXFP4 supported, got type 0
[XMX-MOE-REJECT] tensor=blk.0.ffn_up_exps.weight type=f32 device=0 reason=type src0=[256,384,2,1] src1=[256,1,64,1] ids=[1,64,1,1]
[MoE FUSED] Batch 64 > 32, using oneDNN batching
[MoE] About to try COALESCED layout
[RESOLVE] data_handle empty for weight tensor 'blk.0.ffn_up_exps.weight' device 0, falling through to cache lookup
[SYCL] weight cache lookup: tensor=0x2e777a30 name=blk.0.ffn_up_exps.weight device=0
[RESOLVE] refusing composite MoE expert tensor materialization for placement-planned 'blk.0.ffn_up_exps.weight' device 0
[MoE] Trying MMVQ with layout=2 for blk.0.ffn_up_exps.weight
[MMVQ-ENTRY] src0=blk.0.ffn_up_exps.weight type=0 forced_layout=2
[MMVQ] Batch 64 > threshold 32, routing to batched GEMM path
[MoE] MMVQ layout=2 returned false
[MoE] About to try SOA layout
[RESOLVE] data_handle empty for weight tensor 'blk.0.ffn_up_exps.weight' device 0, falling through to cache lookup
[SYCL] weight cache lookup: tensor=0x2e777a30 name=blk.0.ffn_up_exps.weight device=0
[RESOLVE] refusing composite MoE expert tensor materialization for placement-planned 'blk.0.ffn_up_exps.weight' device 0
[MoE] Trying MMVQ with layout=1 for blk.0.ffn_up_exps.weight
[MMVQ-ENTRY] src0=blk.0.ffn_up_exps.weight type=0 forced_layout=1
[MMVQ] Batch 64 > threshold 32, routing to batched GEMM path
[MoE] MMVQ layout=1 returned false
[MoE] About to try AOS layout
[RESOLVE] data_handle empty for weight tensor 'blk.0.ffn_up_exps.weight' device 0, falling through to cache lookup
[SYCL] weight cache lookup: tensor=0x2e777a30 name=blk.0.ffn_up_exps.weight device=0
[RESOLVE] refusing composite MoE expert tensor materialization for placement-planned 'blk.0.ffn_up_exps.weight' device 0
[MoE] Trying MMVQ with layout=0 for blk.0.ffn_up_exps.weight
[MMVQ-ENTRY] src0=blk.0.ffn_up_exps.weight type=0 forced_layout=0
[MMVQ] Batch 64 > threshold 32, routing to batched GEMM path
[MoE] MMVQ layout=0 returned false
[MoE] All MMVQ layouts failed, falling back to host routing
[MoE] GPU probe paths did not select type 0; resolving planner-owned MoE route
0.04.324.943 E [SYCL][PTR] src1 tensor=ffn_moe_topk-0 data=0x77cfb0233000 alloc=508 base=0xffffd55e47c9c000 size=524288 end=0xffffd55e47d1c000
0.04.325.108 E [SYCL][PTR] src2 tensor=ffn_moe_topk-0 data=0x77cfb0233000 alloc=508 base=0xffffd55e47c9c000 size=524288 end=0xffffd55e47d1c000
[MoE-1E] Reusing cached IDs for layer 0 (blk.0.ffn_up_exps.weight), 64 elements
[MoE] Using expert cache for blk.0.ffn_up_exps.weight (layer=559450555, host_buf=0, ptr_type=3)
[MOE-DISPATCH-LAYOUT] tensor=blk.0.ffn_up_exps.weight device=0 route_layout=aos src0_layout=aos use_expert_cache=1 placement_planned=1 host_weights=0 plan=1 plan_host=0 has_override=0 ne12=64
[MOE-STAGE] tensor=blk.0.ffn_up_exps.weight stage=after-dispatch-layout device=0 ne12=64
[MOE-STAGE] tensor=blk.0.ffn_up_exps.weight stage=after-pointer-table device=0 planned_pp=1
[MOE-STAGE] tensor=blk.0.ffn_up_exps.weight stage=after-route-diagnostics device=0 planned_pp=1
[MOE-STAGE] tensor=blk.0.ffn_up_exps.weight stage=before-route-mode device=0 ne12=64 use_cache=1 plan=1 hybrid=1
[MOE-IDS] Staging ids to device (buffer_on_host=0, ptr_usm_type=3)
[MOE-STAGE] tensor=blk.0.ffn_up_exps.weight stage=pp-rowmap-alloc-begin device=0 rows=64
[UNIFIED-ALLOC] zone alloc: dev=0 zone=4 size=0.0 MB ptr=0xffffd55e67c2c000
[MOE-STAGE] tensor=blk.0.ffn_up_exps.weight stage=pp-rowmap-copy-begin device=0 rows=64 dst_handle=0
[MOE-STAGE] tensor=blk.0.ffn_up_exps.weight stage=pp-rowmap-copy-submitted device=0 rows=64
[UNIFIED-ALLOC] zone alloc: dev=0 zone=4 size=0.1 MB ptr=0xffffd55e67c2c200
[UNIFIED-ALLOC] zone alloc: dev=0 zone=4 size=0.1 MB ptr=0xffffd55e67c44200
[MOE-AOS-REQUEST] tensor=blk.0.ffn_up_exps.weight expert=0 current=0 planned=0 requested=aos reason=device-plan
[DEBUG-MULMAT] ENTER: src0=blk.0.ffn_up_exps.weight src1=ffn_norm-0 (reshaped) dst=node_53
[SYCL][OP] call ggml_sycl_mul_mat: dst='node_53':type=f32;ne=[384, 48, 1, 1];nb=[4, 1536, 73728, 73728]	src0='blk.0.ffn_up_exps.weight':type=f32;ne=[256, 384, 2, 1];nb=[4, 1024, 393216, 786432]	src1='ffn_norm-0 (reshaped)':type=f32;ne=[256, 1, 64, 1];nb=[4, 1024, 1024, 65536]
0.04.325.362 E [SYCL][PTR] dst tensor=node_53 data=0xffffd55e67c2c200 alloc=73728 base=0xffffd55e47c9c000 size=524288 end=0xffffd55e47d1c000
[XMXConfig] device=0: M=8 N=16 K_INT8=32 K_FP16=16 SLM=131072 nsm=256 supported=1 int8=1 fp16=1 double_buf=1 max_esimd_wg=64 nbarrier=0 esimd_dpas=1
[MUL_MAT] src0 device=0 ptr=0xffffd556b6705500 (tensor=blk.0.ffn_up_exps.weight layout=0)
[MUL_MAT] dst device=0 ptr=0xffffd55e67c2c200 (tensor=node_53)
[SYCL][OP] call ggml_sycl_mul_mat done
[MOE-AOS-REQUEST] tensor=blk.0.ffn_up_exps.weight expert=1 current=0 planned=0 requested=aos reason=device-plan
[DEBUG-MULMAT] ENTER: src0=blk.0.ffn_up_exps.weight src1=ffn_norm-0 (reshaped) dst=node_53
[SYCL][OP] call ggml_sycl_mul_mat: dst='node_53':type=f32;ne=[384, 16, 1, 1];nb=[4, 1536, 24576, 24576]0.04.325.598 E [SYCL][PTR] dst tensor=node_53 data=0xffffd55e67c3e200 alloc=24576 base=0xffffd55e47c9c000 size=524288 end=0xffffd55e47d1c000
	src0='blk.0.ffn_up_exps.weight':type=f32;ne=[256, 384, 2, 1];nb=[4, 1024, 393216, 786432]	src1='ffn_norm-0 (reshaped)':type=f32;ne=[256, 1, 64, 1];nb=[4, 1024, 1024, 65536]
[XMXConfig] device=0: M=8 N=16 K_INT8=32 K_FP16=16 SLM=131072 nsm=256 supported=1 int8=1 fp16=1 double_buf=1 max_esimd_wg=64 nbarrier=0 esimd_dpas=1
[MUL_MAT] src0 device=0 ptr=0xffffd556b6765500 (tensor=blk.0.ffn_up_exps.weight layout=0)
[MUL_MAT] dst device=0 ptr=0xffffd55e67c3e200 (tensor=node_53)
[SYCL][OP] call ggml_sycl_mul_mat done
[SYCL][OP] call ggml_sycl_mul_mat_id done
[DEBUG-IMPL] Node 54/140: op=36 name=blk.0.ffn_up_exps.scale (reshaped)
[DEBUG-IMPL] Node 55/140: op=20 name=node_55
[SYCL] weight cache lookup: tensor=0x2fba5a80 name=blk.0.ffn_up_exps.scale (reshaped) device=0
ggml_sycl_get_data_ptr_slow: tensor=blk.0.ffn_up_exps.scale (reshaped) view_src chain -> base=blk.0.ffn_up_exps.scale, base->extra=0x2f9f5dc0, base->data=0x77ce002c4700, tensor->data=0x77ce002c4700
ggml_sycl_get_data_ptr_slow: base=blk.0.ffn_up_exps.scale data=0x77ce002c4700 ptr_type=3
[SYCL] weight cache lookup: tensor=0x2fba5a80 name=blk.0.ffn_up_exps.scale (reshaped) device=0
ggml_sycl_get_data_ptr_slow: tensor=blk.0.ffn_up_exps.scale (reshaped), device=0, staging FAILED for non-device (type=0), using tensor->data=0x77ce002c4700
ggml_sycl_get_data_ptr_slow: tensor=blk.0.ffn_up_exps.scale (reshaped), device=0, using tensor->data=0x77ce002c4700
[RESOLVE] data_handle empty for weight tensor 'blk.0.ffn_up_exps.scale' device 0, falling through to cache lookup
[SYCL] weight cache lookup: tensor=0x2e779c90 name=blk.0.ffn_up_exps.scale device=0
[SYCL] weight cache lookup: tensor=0x2e779c90 name=blk.0.ffn_up_exps.scale device=0
ggml_sycl_get_data_ptr_slow: tensor=blk.0.ffn_up_exps.scale, device=0, staging FAILED for non-device (type=0), using tensor->data=0x77ce002c4700
ggml_sycl_get_data_ptr_slow: tensor=blk.0.ffn_up_exps.scale, device=0, using tensor->data=0x77ce002c4700
[SYCL] simple consumer routing declined: op=REPEAT dst=node_55 plan unavailable ctx=0
[SYCL][OP] call ggml_sycl_repeat: dst='node_55':type=f32;ne=[1, 2, 64, 1];nb=[4, 4, 8, 512]	src0='blk.0.ffn_up_exps.scale (reshaped)':type=f32;ne=[1, 2, 1, 1];nb=[4, 4, 8, 8]
[SYCL] weight cache lookup: tensor=0x2fba5a80 name=blk.0.ffn_up_exps.scale (reshaped) device=0
[SYCL] weight cache lookup: tensor=0x2fba5a80 name=blk.0.ffn_up_exps.scale (reshaped) device=0
0.04.326.788 E [UNIFIED-CACHE] planned-mode runtime materialization rejected op=direct_stage_weight caller=direct_stage_weight model=0 name_hash=0xe55e3ca93cf2a5d1 aux=275 type=0 ne=[1,2,1,1] layout=0 graph_active=1
[SYCL-BINBCAST] staging raw host tensor=blk.0.ffn_up_exps.scale (reshaped) bytes=8 device=0 src=0x77ce002c4700 dst=0xffffe38f1ae00000
[BINBCAST-PTR] src0=node_55 src0_host=0xffffd55e47c9c000 src0_d=0xffffd55e47c9c000
[BINBCAST-PTR] src1=blk.0.ffn_up_exps.scale (reshaped) src1_host=0x77ce002c4700 src1_d=0xffffe38f1ae00000
[SYCL][OP] call ggml_sycl_repeat done
[DEBUG-IMPL] Node 56/140: op=40 name=node_56
[SYCL][OP] call ggml_sycl_get_rows: dst='node_56':type=f32;ne=[1, 1, 64, 1];nb=[4, 4, 4, 256]	src0='node_55':type=f32;ne=[1, 2, 64, 1];nb=[4, 4, 8, 512]	src1='ffn_moe_topk-0':type=i32;ne=[1, 64, 1, 1];nb=[4, 8, 512, 512];strided
0.04.326.985 E [SYCL][PTR] src1 tensor=ffn_moe_topk-0 data=0x77cfb0233000 alloc=508 base=0xffffd55e47c9c000 size=524288 end=0xffffd55e47d1c000
[SYCL] weight cache lookup: tensor=0x2fba5c10 name=node_55 device=0
[SYCL][OP] call ggml_sycl_get_rows done
[DEBUG-IMPL] Node 57/140: op=7 name=ffn_moe_up_scaled-0
[SYCL] simple consumer routing declined: op=MUL dst=ffn_moe_up_scaled-0 local single-device plan ctx=0 target=0
[SYCL][OP] call ggml_sycl_mul: dst='ffn_moe_up_scaled-0':type=f32;ne=[384, 1, 64, 1];nb=[4, 1536, 1536, 98304]	src0='node_53':type=f32;ne=[384, 1, 64, 1];nb=[4, 1536, 1536, 98304]	src1='node_56':type=f32;ne=[1, 1, 64, 1];nb=[4, 4, 4, 256]
[BINBCAST-PTR] src0=node_53 src0_host=0xffffd55e47cec000 src0_d=0xffffd55e47cec000
[BINBCAST-PTR] src1=node_56 src1_host=0xffffd55e47c9c200 src1_d=0xffffd55e47c9c200
[SYCL][OP] call ggml_sycl_mul done
[DEBUG-IMPL] Node 58/140: op=97 name=ffn_moe_swiglu-0
[SYCL] simple consumer routing declined: op=GLU dst=ffn_moe_swiglu-0 local single-device plan ctx=0 target=0
[SYCL][OP] call ggml_sycl_swiglu: dst='ffn_moe_swiglu-0':type=f32;ne=[384, 1, 64, 1];nb=[4, 1536, 1536, 98304]	src0='ffn_moe_gate_scaled-0':type=f32;ne=[384, 1, 64, 1];nb=[4, 1536, 1536, 98304]
[SYCL][OP] call ggml_sycl_swiglu done
[DEBUG-IMPL] Node 59/140: op=30 name=node_59
[RESOLVE] data_handle empty for weight tensor 'blk.0.ffn_down_exps.weight' device 0, falling through to cache lookup
[SYCL] weight cache lookup: tensor=0x2e7778a0 name=blk.0.ffn_down_exps.weight device=0
[RESOLVE] refusing composite MoE expert tensor materialization for placement-planned 'blk.0.ffn_down_exps.weight' device 0
[SYCL][OP] call ggml_sycl_mul_mat_id: dst='node_59':type=f32;ne=[256, 1, 64, 1];nb=[4, 1024, 1024, 65536]	src0='blk.0.ffn_down_exps.weight':type=f32;ne=[384, 256, 2, 1];nb=[4, 1536, 393216, 786432]	src1='ffn_moe_swiglu-0':type=f32;ne=[384, 1, 64, 1];nb=[4, 1536, 1536, 98304]	src2='ffn_moe_topk-0':type=i32;ne=[1, 64, 1, 1];nb=[4, 8, 512, 512];strided
0.04.327.210 E [SYCL][PTR] src2 tensor=ffn_moe_topk-0 data=0x77cfb0233000 alloc=508 base=0xffffd55e47c9c000 size=524288 end=0xffffd55e47d1c000
[XMX-DEBUG] try_xmx_sorted_moe called: src0->type=0
[XMX-DEBUG] XMX MoE: forced=0 fused_enabled=0 tiled_enabled=1
[XMX-DEBUG] XMX caps: supported=1 int8=1
[XMX MoE] Only Q8_0/MXFP4 supported, got type 0
[XMX-MOE-REJECT] tensor=blk.0.ffn_down_exps.weight type=f32 device=0 reason=type src0=[384,256,2,1] src1=[384,1,64,1] ids=[1,64,1,1]
[MoE FUSED] Batch 64 > 32, using oneDNN batching
[MoE] About to try COALESCED layout
[RESOLVE] data_handle empty for weight tensor 'blk.0.ffn_down_exps.weight' device 0, falling through to cache lookup
[SYCL] weight cache lookup: tensor=0x2e7778a0 name=blk.0.ffn_down_exps.weight device=0
[RESOLVE] refusing composite MoE expert tensor materialization for placement-planned 'blk.0.ffn_down_exps.weight' device 0
[MoE] Trying MMVQ with layout=2 for blk.0.ffn_down_exps.weight
[MMVQ-ENTRY] src0=blk.0.ffn_down_exps.weight type=0 forced_layout=2
[MMVQ] Batch 64 > threshold 32, routing to batched GEMM path
[MoE] MMVQ layout=2 returned false
[MoE] About to try SOA layout
[RESOLVE] data_handle empty for weight tensor 'blk.0.ffn_down_exps.weight' device 0, falling through to cache lookup
[SYCL] weight cache lookup: tensor=0x2e7778a0 name=blk.0.ffn_down_exps.weight device=0
[RESOLVE] refusing composite MoE expert tensor materialization for placement-planned 'blk.0.ffn_down_exps.weight' device 0
[MoE] Trying MMVQ with layout=1 for blk.0.ffn_down_exps.weight
[MMVQ-ENTRY] src0=blk.0.ffn_down_exps.weight type=0 forced_layout=1
[MMVQ] Batch 64 > threshold 32, routing to batched GEMM path
[MoE] MMVQ layout=1 returned false
[MoE] About to try AOS layout
[RESOLVE] data_handle empty for weight tensor 'blk.0.ffn_down_exps.weight' device 0, falling through to cache lookup
[SYCL] weight cache lookup: tensor=0x2e7778a0 name=blk.0.ffn_down_exps.weight device=0
[RESOLVE] refusing composite MoE expert tensor materialization for placement-planned 'blk.0.ffn_down_exps.weight' device 0
[MoE] Trying MMVQ with layout=0 for blk.0.ffn_down_exps.weight
[MMVQ-ENTRY] src0=blk.0.ffn_down_exps.weight type=0 forced_layout=0
[MMVQ] Batch 64 > threshold 32, routing to batched GEMM path
[MoE] MMVQ layout=0 returned false
[MoE] All MMVQ layouts failed, falling back to host routing
[MoE] GPU probe paths did not select type 0; resolving planner-owned MoE route
[MoE-1E] Reusing cached IDs for layer 0 (blk.0.ffn_down_exps.weight), 64 elements
[MoE] Using expert cache for blk.0.ffn_down_exps.weight (layer=1637998062, host_buf=0, ptr_type=3)
[MOE-DISPATCH-LAYOUT] tensor=blk.0.ffn_down_exps.weight device=0 route_layout=aos src0_layout=aos use_expert_cache=1 placement_planned=1 host_weights=0 plan=1 plan_host=0 has_override=0 ne12=64
[MOE-STAGE] tensor=blk.0.ffn_down_exps.weight stage=after-dispatch-layout device=0 ne12=64
[MOE-STAGE] tensor=blk.0.ffn_down_exps.weight stage=after-pointer-table device=0 planned_pp=1
[MOE-STAGE] tensor=blk.0.ffn_down_exps.weight stage=after-route-diagnostics device=0 planned_pp=1
[MOE-STAGE] tensor=blk.0.ffn_down_exps.weight stage=before-route-mode device=0 ne12=64 use_cache=1 plan=1 hybrid=1
[MOE-IDS] Staging ids to device (buffer_on_host=0, ptr_usm_type=3)
[MOE-STAGE] tensor=blk.0.ffn_down_exps.weight stage=pp-rowmap-alloc-begin device=0 rows=64
[UNIFIED-ALLOC] zone alloc: dev=0 zone=4 size=0.0 MB ptr=0xffffd55e67c2c000
[MOE-STAGE] tensor=blk.0.ffn_down_exps.weight stage=pp-rowmap-copy-begin device=0 rows=64 dst_handle=0
[MOE-STAGE] tensor=blk.0.ffn_down_exps.weight stage=pp-rowmap-copy-submitted device=0 rows=64
[UNIFIED-ALLOC] zone alloc: dev=0 zone=4 size=0.1 MB ptr=0xffffd55e67c2c200
[UNIFIED-ALLOC] zone alloc: dev=0 zone=4 size=0.1 MB ptr=0xffffd55e67c3c200
[MOE-AOS-REQUEST] tensor=blk.0.ffn_down_exps.weight expert=0 current=0 planned=0 requested=aos reason=device-plan
[DEBUG-MULMAT] ENTER: src0=blk.0.ffn_down_exps.weight src1=ffn_moe_swiglu-0 dst=node_59
[SYCL][OP] call ggml_sycl_mul_mat: dst='node_59':type=f32;ne=[256, 48, 1, 1];nb=[4, 1024, 49152, 49152]	src0='blk.0.ffn_down_exps.weight':type=f32;ne=[384, 256, 2, 1];nb=[4, 1536, 393216, 786432]0.04.327.395 E [SYCL][PTR] dst tensor=node_59 data=0xffffd55e67c2c200 alloc=49152 base=0xffffd55e47c9c000 size=524288 end=0xffffd55e47d1c000
	src1='ffn_moe_swiglu-0':type=f32;ne=[384, 1, 64, 1];nb=[4, 1536, 1536, 98304]
[XMXConfig] device=0: M=8 N=16 K_INT8=32 K_FP16=16 SLM=131072 nsm=256 supported=1 int8=1 fp16=1 double_buf=1 max_esimd_wg=64 nbarrier=0 esimd_dpas=1
[MUL_MAT] src0 device=0 ptr=0xffffd556b67c5500 (tensor=blk.0.ffn_down_exps.weight layout=0)
[MUL_MAT] dst device=0 ptr=0xffffd55e67c2c200 (tensor=node_59)
[SYCL][OP] call ggml_sycl_mul_mat done
[MOE-AOS-REQUEST] tensor=blk.0.ffn_down_exps.weight expert=1 current=0 planned=0 requested=aos reason=device-plan
[DEBUG-MULMAT] ENTER: src0=blk.0.ffn_down_exps.weight src1=ffn_moe_swiglu-0 dst=node_59
[SYCL][OP] call ggml_sycl_mul_mat: dst='node_59':type=f32;ne=[256, 16, 1, 1];nb=[4, 1024, 16384, 16384]	src0='blk.0.ffn_down_exps.weight':type=f32;ne=[384, 256, 2, 1];nb=[4, 1536, 393216, 786432]	src1='ffn_moe_swiglu-0':type=f32;ne=[384, 1, 64, 1];nb=[4, 1536, 1536, 98304]
[XMXConfig] device=0: M=8 N=16 K_INT8=32 K_FP16=16 SLM=131072 nsm=256 supported=1 int8=1 fp16=1 double_buf=1 max_esimd_wg=64 nbarrier=0 esimd_dpas=1
0.04.327.726 E [SYCL][PTR] dst tensor=node_59 data=0xffffd55e67c38200 alloc=16384 base=0xffffd55e47c9c000 size=524288 end=0xffffd55e47d1c000
[MUL_MAT] src0 device=0 ptr=0xffffd556b6825500 (tensor=blk.0.ffn_down_exps.weight layout=0)
[MUL_MAT] dst device=0 ptr=0xffffd55e67c38200 (tensor=node_59)
[SYCL][OP] call ggml_sycl_mul_mat done
[SYCL][OP] call ggml_sycl_mul_mat_id done
[DEBUG-IMPL] Node 60/140: op=36 name=blk.0.ffn_down_exps.scale (reshaped)
[DEBUG-IMPL] Node 61/140: op=20 name=node_61
[SYCL] weight cache lookup: tensor=0x2fba6bb0 name=blk.0.ffn_down_exps.scale (reshaped) device=0
ggml_sycl_get_data_ptr_slow: tensor=blk.0.ffn_down_exps.scale (reshaped) view_src chain -> base=blk.0.ffn_down_exps.scale, base->extra=0x2f9d8af0, base->data=0x77ce002c46e0, tensor->data=0x77ce002c46e0
ggml_sycl_get_data_ptr_slow: base=blk.0.ffn_down_exps.scale data=0x77ce002c46e0 ptr_type=3
[SYCL] weight cache lookup: tensor=0x2fba6bb0 name=blk.0.ffn_down_exps.scale (reshaped) device=0
ggml_sycl_get_data_ptr_slow: tensor=blk.0.ffn_down_exps.scale (reshaped), device=0, staging FAILED for non-device (type=0), using tensor->data=0x77ce002c46e0
ggml_sycl_get_data_ptr_slow: tensor=blk.0.ffn_down_exps.scale (reshaped), device=0, using tensor->data=0x77ce002c46e0
[RESOLVE] data_handle empty for weight tensor 'blk.0.ffn_down_exps.scale' device 0, falling through to cache lookup
[SYCL] weight cache lookup: tensor=0x2e779b00 name=blk.0.ffn_down_exps.scale device=0
[SYCL] weight cache lookup: tensor=0x2e779b00 name=blk.0.ffn_down_exps.scale device=0
ggml_sycl_get_data_ptr_slow: tensor=blk.0.ffn_down_exps.scale, device=0, staging FAILED for non-device (type=0), using tensor->data=0x77ce002c46e0
ggml_sycl_get_data_ptr_slow: tensor=blk.0.ffn_down_exps.scale, device=0, using tensor->data=0x77ce002c46e0
[SYCL] simple consumer routing declined: op=REPEAT dst=node_61 plan unavailable ctx=0
[SYCL][OP] call ggml_sycl_repeat: dst='node_61':type=f32;ne=[1, 2, 64, 1];nb=[4, 4, 8, 512]	src0='blk.0.ffn_down_exps.scale (reshaped)':type=f32;ne=[1, 2, 1, 1];nb=[4, 4, 8, 8]
[SYCL] weight cache lookup: tensor=0x2fba6bb0 name=blk.0.ffn_down_exps.scale (reshaped) device=0
[SYCL] weight cache lookup: tensor=0x2fba6bb0 name=blk.0.ffn_down_exps.scale (reshaped) device=0
[SYCL-BINBCAST] staging raw host tensor=blk.0.ffn_down_exps.scale (reshaped) bytes=8 device=0 src=0x77ce002c46e0 dst=0xffffe38f1ae00000
0.04.327.967 E [UNIFIED-CACHE] planned-mode runtime materialization rejected op=direct_stage_weight caller=direct_stage_weight model=0 name_hash=0x2c2c03c5845a4428 aux=280 type=0 ne=[1,2,1,1] layout=0 graph_active=1
[BINBCAST-PTR] src0=node_61 src0_host=0xffffd55e47cac400 src0_d=0xffffd55e47cac400
[BINBCAST-PTR] src1=blk.0.ffn_down_exps.scale (reshaped) src1_host=0x77ce002c46e0 src1_d=0xffffe38f1ae00000
[SYCL][OP] call ggml_sycl_repeat done
[DEBUG-IMPL] Node 62/140: op=40 name=node_62
[SYCL][OP] call ggml_sycl_get_rows: dst='node_62':type=f32;ne=[1, 1, 64, 1];nb=[4, 4, 4, 256]	src0='node_61':type=f32;ne=[1, 2, 64, 1];nb=[4, 4, 8, 512]	src1='ffn_moe_topk-0':type=i32;ne=[1, 64, 1, 1];nb=[4, 8, 512, 512];strided
0.04.328.059 E [SYCL][PTR] src1 tensor=ffn_moe_topk-0 data=0x77cfb0233000 alloc=508 base=0xffffd55e47c9c000 size=524288 end=0xffffd55e47d1c000
[SYCL] weight cache lookup: tensor=0x2fba6d40 name=node_61 device=0
[SYCL][OP] call ggml_sycl_get_rows done
[DEBUG-IMPL] Node 63/140: op=7 name=ffn_moe_down_scaled-0
[SYCL] simple consumer routing declined: op=MUL dst=ffn_moe_down_scaled-0 local single-device plan ctx=0 target=0
[SYCL][OP] call ggml_sycl_mul: dst='ffn_moe_down_scaled-0':type=f32;ne=[256, 1, 64, 1];nb=[4, 1024, 1024, 65536]	src0='node_59':type=f32;ne=[256, 1, 64, 1];nb=[4, 1024, 1024, 65536]	src1='node_62':type=f32;ne=[1, 1, 64, 1];nb=[4, 4, 4, 256]
[BINBCAST-PTR] src0=node_59 src0_host=0xffffd55e47c9c000 src0_d=0xffffd55e47c9c000
[BINBCAST-PTR] src1=node_62 src1_host=0xffffd55e47cac000 src1_d=0xffffd55e47cac000
[SYCL][OP] call ggml_sycl_mul done
[DEBUG-IMPL] Node 64/140: op=7 name=ffn_moe_weighted-0
[SYCL] simple consumer routing declined: op=MUL dst=ffn_moe_weighted-0 local single-device plan ctx=0 target=0
[SYCL][OP] call ggml_sycl_mul: dst='ffn_moe_weighted-0':type=f32;ne=[256, 1, 64, 1];nb=[4, 1024, 1024, 65536]	src0='ffn_moe_down_scaled-0':type=f32;ne=[256, 1, 64, 1];nb=[4, 1024, 1024, 65536]	src1='ffn_moe_weights_norm-0 (reshaped)':type=f32;ne=[1, 1, 64, 1];nb=[4, 4, 4, 256]
[BINBCAST-PTR] src0=ffn_moe_down_scaled-0 src0_host=0xffffd55e47c9c000 src0_d=0xffffd55e47c9c000
[BINBCAST-PTR] src1=ffn_moe_weights_norm-0 (reshaped) src1_host=0xffffd55e47cac100 src1_d=0xffffd55e47cac100
[SYCL][OP] call ggml_sycl_mul done
[DEBUG-IMPL] Node 65/140: op=37 name=ffn_moe_weighted-0 (view)
[DEBUG-IMPL] Node 66/140: op=35 name=ffn_moe_out-0
[SYCL] simple consumer routing declined: op=CONT dst=ffn_moe_out-0 local single-device plan ctx=0 target=0
[SYCL][OP] call ggml_sycl_dup: dst='ffn_moe_out-0':type=f32;ne=[256, 64, 1, 1];nb=[4, 1024, 65536, 65536]	src0='ffn_moe_weighted-0 (view)':type=f32;ne=[256, 64, 1, 1];nb=[4, 1024, 65536, 65536]
[SYCL][OP] call ggml_sycl_cpy: dst='ffn_moe_out-0':type=f32;ne=[256, 64, 1, 1];nb=[4, 1024, 65536, 65536]	src0='ffn_moe_weighted-0 (view)':type=f32;ne=[256, 64, 1, 1];nb=[4, 1024, 65536, 65536]
[CPY] device=0 main_stream=0x2b690ec0 tp_queue=(nil) (match=0)
[CPY DEBUG] device=0 src0=ffn_moe_weighted-0 (view)(0xffffd55e47c9c000, usm=1) -> src1=ffn_moe_out-0(0xffffd55e47cac000, usm=1) size=65536
[CPY STAGING CHECK] device=0 needs_staging=0 src0_type=1 dst_is_device=1
[CPY device=0] memcpy path: 0xffffd55e47c9c000 -> 0xffffd55e47cac000 (65536 bytes)
[CPY device=0] memcpy submitted
[SYCL][OP] call ggml_sycl_cpy done
[SYCL][OP] call ggml_sycl_dup done
[DEBUG-IMPL] Node 67/140: op=2 name=l_out-0
[DEBUG-IMPL] Node 69/140: op=7 name=attn_norm-1
[SYCL] simple consumer routing declined: op=MUL dst=attn_norm-1 local single-device plan ctx=0 target=0
[SYCL][OP] call ggml_sycl_mul: dst='attn_norm-1':type=f32;ne=[256, 64, 1, 1];nb=[4, 1024, 65536, 65536]	src0='norm-1':type=f32;ne=[256, 64, 1, 1];nb=[4, 1024, 65536, 65536]	src1='blk.1.attn_norm.weight':type=f32;ne=[256, 1, 1, 1];nb=[4, 1024, 1024, 1024]
[BINBCAST-PTR] src0=norm-1 src0_host=0xffffd55e47c9c000 src0_d=0xffffd55e47c9c000
[BINBCAST-PTR] src1=blk.1.attn_norm.weight src1_host=0x77cdfff82540 src1_d=0xffffd556b6420c00
[SYCL][OP] call ggml_sycl_mul done
[DEBUG-IMPL] Node 70/140: op=29 name=node_70
[SYCL] simple consumer routing declined: op=MUL_MAT dst=node_70 plan unavailable ctx=0
[DEBUG-MULMAT] ENTER: src0=blk.1.attn_q.weight src1=attn_norm-1 dst=node_70
[SYCL][OP] call ggml_sycl_mul_mat: dst='node_70':type=f32;ne=[256, 64, 1, 1];nb=[4, 1024, 65536, 65536]	src0='blk.1.attn_q.weight':type=f32;ne=[256, 256, 1, 1];nb=[4, 1024, 262144, 262144]	src1='attn_norm-1':type=f32;ne=[256, 64, 1, 1];nb=[4, 1024, 65536, 65536]
[XMXConfig] device=0: M=8 N=16 K_INT8=32 K_FP16=16 SLM=131072 nsm=256 supported=1 int8=1 fp16=1 double_buf=1 max_esimd_wg=64 nbarrier=0 esimd_dpas=1
[MUL_MAT] src0 device=0 ptr=0xffffd556b6542c00 (tensor=blk.1.attn_q.weight layout=0)
[MUL_MAT] dst device=0 ptr=0xffffd55e47cbc000 (tensor=node_70)
[SYCL] weight cache lookup: tensor=0x2e777d50 name=blk.1.attn_q.weight device=0
[SYCL][OP] call ggml_sycl_mul_mat done
[DEBUG-IMPL] Node 71/140: op=7 name=Qcur-1
[DEBUG-IMPL] Node 73/140: op=36 name=Qcur-1
[DEBUG-IMPL] Node 74/140: op=49 name=Qcur-1
[SYCL] simple consumer routing declined: op=ROPE dst=Qcur-1 local single-device plan ctx=0 target=0
[SYCL][OP] call ggml_sycl_rope: dst='Qcur-1':type=f32;ne=[128, 2, 64, 1];nb=[4, 512, 1024, 65536]	src0='Qcur-1':type=f32;ne=[128, 2, 64, 1];nb=[4, 512, 1024, 65536]	src1='leaf_7':type=i32;ne=[64, 1, 1, 1];nb=[4, 256, 256, 256]	src2='rope_freqs.weight':type=f32;ne=[64, 1, 1, 1];nb=[4, 256, 256, 256]
ggml_sycl_op_rope: norm path
[SYCL][OP] call ggml_sycl_rope done
[DEBUG-IMPL] Node 75/140: op=29 name=node_75
[SYCL] simple consumer routing declined: op=MUL_MAT dst=node_75 plan unavailable ctx=0
[DEBUG-MULMAT] ENTER: src0=blk.1.attn_v.weight src1=attn_norm-1 dst=node_75
[SYCL][OP] call ggml_sycl_mul_mat: dst='node_75':type=f32;ne=[256, 64, 1, 1];nb=[4, 1024, 65536, 65536]	src0='blk.1.attn_v.weight':type=f32;ne=[256, 256, 1, 1];nb=[4, 1024, 262144, 262144]	src1='attn_norm-1':type=f32;ne=[256, 64, 1, 1];nb=[4, 1024, 65536, 65536]
[XMXConfig] device=0: M=8 N=16 K_INT8=32 K_FP16=16 SLM=131072 nsm=256 supported=1 int8=1 fp16=1 double_buf=1 max_esimd_wg=64 nbarrier=0 esimd_dpas=1
[MUL_MAT] src0 device=0 ptr=0xffffd556b65c2c00 (tensor=blk.1.attn_v.weight layout=0)
[MUL_MAT] dst device=0 ptr=0xffffd55e47cbc000 (tensor=node_75)
[SYCL] weight cache lookup: tensor=0x2e778070 name=blk.1.attn_v.weight device=0
[SYCL][OP] call ggml_sycl_mul_mat done
[DEBUG-IMPL] Node 76/140: op=7 name=Vcur-1
[DEBUG-IMPL] Node 78/140: op=36 name=Vcur-1
[DEBUG-IMPL] Node 79/140: op=29 name=node_79
[SYCL] simple consumer routing declined: op=MUL_MAT dst=node_79 plan unavailable ctx=0
[DEBUG-MULMAT] ENTER: src0=blk.1.attn_k.weight src1=attn_norm-1 dst=node_79
[SYCL][OP] call ggml_sycl_mul_mat: dst='node_79':type=f32;ne=[256, 64, 1, 1];nb=[4, 1024, 65536, 65536]	src0='blk.1.attn_k.weight':type=f32;ne=[256, 256, 1, 1];nb=[4, 1024, 262144, 262144]	src1='attn_norm-1':type=f32;ne=[256, 64, 1, 1];nb=[4, 1024, 65536, 65536]
[XMXConfig] device=0: M=8 N=16 K_INT8=32 K_FP16=16 SLM=131072 nsm=256 supported=1 int8=1 fp16=1 double_buf=1 max_esimd_wg=64 nbarrier=0 esimd_dpas=1
[MUL_MAT] src0 device=0 ptr=0xffffd556b6582c00 (tensor=blk.1.attn_k.weight layout=0)
[MUL_MAT] dst device=0 ptr=0xffffd55e47cdc000 (tensor=node_79)
[SYCL] weight cache lookup: tensor=0x2e777ee0 name=blk.1.attn_k.weight device=0
[SYCL][OP] call ggml_sycl_mul_mat done
[DEBUG-IMPL] Node 80/140: op=7 name=Kcur-1
[DEBUG-IMPL] Node 82/140: op=36 name=Kcur-1
[DEBUG-IMPL] Node 83/140: op=49 name=Kcur-1
[SYCL] simple consumer routing declined: op=ROPE dst=Kcur-1 local single-device plan ctx=0 target=0
[SYCL][OP] call ggml_sycl_rope: dst='Kcur-1':type=f32;ne=[128, 2, 64, 1];nb=[4, 512, 1024, 65536]	src0='Kcur-1':type=f32;ne=[128, 2, 64, 1];nb=[4, 512, 1024, 65536]	src1='leaf_7':type=i32;ne=[64, 1, 1, 1];nb=[4, 256, 256, 256]	src2='rope_freqs.weight':type=f32;ne=[64, 1, 1, 1];nb=[4, 256, 256, 256]
ggml_sycl_op_rope: norm path
[SYCL][OP] call ggml_sycl_rope done
[DEBUG-IMPL] Node 84/140: op=37 name=Kcur-1 (view)
[DEBUG-IMPL] Node 85/140: op=42 name=cache_k_l1 (view)
[SYCL] simple consumer routing declined: op=SET_ROWS dst=cache_k_l1 (view) plan unavailable ctx=0
[SYCL][OP] call ggml_sycl_op_set_rows: dst='cache_k_l1 (view)':type=f16;ne=[256, 256, 1, 1];nb=[2, 512, 131072, 131072]	src0='Kcur-1 (view)':type=f32;ne=[256, 64, 1, 1];nb=[4, 1024, 65536, 65536]	src1='leaf_15':type=i64;ne=[64, 1, 1, 1];nb=[8, 512, 512, 512]
[SYCL][OP] call ggml_sycl_op_set_rows done
[DEBUG-IMPL] Node 86/140: op=37 name=Vcur-1 (view)
[DEBUG-IMPL] Node 87/140: op=42 name=cache_v_l1 (view)
[SYCL] simple consumer routing declined: op=SET_ROWS dst=cache_v_l1 (view) plan unavailable ctx=0
[SYCL][OP] call ggml_sycl_op_set_rows: dst='cache_v_l1 (view)':type=f16;ne=[256, 256, 1, 1];nb=[2, 512, 131072, 131072]	src0='Vcur-1 (view)':type=f32;ne=[256, 64, 1, 1];nb=[4, 1024, 65536, 65536]	src1='leaf_17':type=i64;ne=[64, 1, 1, 1];nb=[8, 512, 512, 512]
[SYCL][OP] call ggml_sycl_op_set_rows done
[DEBUG-IMPL] Node 88/140: op=37 name=Qcur-1 (view)
[DEBUG-IMPL] Node 89/140: op=38 name=Qcur-1 (view) (permuted)
[DEBUG-IMPL] Node 90/140: op=34 name=Qcur-1 (view) (permuted) (copy)
[SYCL] simple consumer routing declined: op=CPY dst=Qcur-1 (view) (permuted) (copy) local single-device plan ctx=0 target=0
[SYCL][OP] call ggml_sycl_cpy: dst='Qcur-1 (view) (permuted) (copy)':type=f16;ne=[128, 64, 2, 1];nb=[2, 256, 16384, 32768]	src0='Qcur-1 (view) (permuted)':type=f32;ne=[128, 64, 2, 1];nb=[4, 1024, 512, 65536];strided;permuted
[CPY] device=0 main_stream=0x2b690ec0 tp_queue=(nil) (match=0)
[CPY DEBUG] device=0 src0=Qcur-1 (view) (permuted)(0xffffd55e47ccc000, usm=1) -> src1=Qcur-1 (view) (permuted) (copy)(0xffffd55e47cbc000, usm=1) size=65536
[CPY STAGING CHECK] device=0 needs_staging=0 src0_type=1 dst_is_device=1
[SYCL][OP] call ggml_sycl_cpy done
[DEBUG-IMPL] Node 91/140: op=37 name=cache_k_l1 (view)
[DEBUG-IMPL] Node 92/140: op=38 name=cache_k_l1 (view) (permuted)
[DEBUG-IMPL] Node 93/140: op=37 name=cache_v_l1 (view)
[DEBUG-IMPL] Node 94/140: op=38 name=cache_v_l1 (view) (permuted)
[DEBUG-IMPL] Node 95/140: op=75 name=node_95
[SYCL] simple consumer routing declined: op=FLASH_ATTN_EXT dst=node_95 plan unavailable ctx=0
ggml_sycl_get_data_ptr_slow: tensor=Qcur-1 (view) (permuted) (copy), device=1, rejecting tensor->data=0xffffd55e47cbc000 owned by device 0
ggml_sycl_get_data_ptr_slow: tensor=node_95, device=1, rejecting tensor->data=0xffffd55e47c9c000 owned by device 0
[DEBUG-IMPL] Node 96/140: op=36 name=kqv_out-1
[DEBUG-IMPL] Node 97/140: op=29 name=node_97
[SYCL] simple consumer routing declined: op=MUL_MAT dst=node_97 plan unavailable ctx=0
[DEBUG-MULMAT] ENTER: src0=blk.1.attn_output.weight src1=kqv_out-1 dst=node_97
[SYCL][OP] call ggml_sycl_mul_mat: dst='node_97':type=f32;ne=[256, 64, 1, 1];nb=[4, 1024, 65536, 65536]	src0='blk.1.attn_output.weight':type=f32;ne=[256, 256, 1, 1];nb=[4, 1024, 262144, 262144]	src1='kqv_out-1':type=f32;ne=[256, 64, 1, 1];nb=[4, 1024, 65536, 65536]
[XMXConfig] device=0: M=8 N=16 K_INT8=32 K_FP16=16 SLM=131072 nsm=256 supported=1 int8=1 fp16=1 double_buf=1 max_esimd_wg=64 nbarrier=0 esimd_dpas=1
[MUL_MAT] src0 device=0 ptr=0xffffd556b6602c00 (tensor=blk.1.attn_output.weight layout=0)
[MUL_MAT] dst device=0 ptr=0xffffd55e47cbc000 (tensor=node_97)
[SYCL] weight cache lookup: tensor=0x2e7786b0 name=blk.1.attn_output.weight device=0
[SYCL][OP] call ggml_sycl_mul_mat done
[DEBUG-IMPL] Node 98/140: op=7 name=node_98
[DEBUG-IMPL] Node 100/140: op=40 name=node_100
ggml_sycl_get_data_ptr_slow: tensor=leaf_48, device=0, staging FAILED for non-device (type=0), using tensor->data=0x77ce002dd240
ggml_sycl_get_data_ptr_slow: tensor=leaf_48, device=0, using tensor->data=0x77ce002dd240
[SYCL][OP] call ggml_sycl_get_rows: dst='node_100':type=f32;ne=[256, 64, 1, 1];nb=[4, 1024, 65536, 65536]	src0='attn_out-1':type=f32;ne=[256, 64, 1, 1];nb=[4, 1024, 65536, 65536]	src1='leaf_48':type=i32;ne=[64, 1, 1, 1];nb=[4, 256, 256, 256]
[SYCL] weight cache lookup: tensor=0x2fbaa8a0 name=attn_out-1 device=0
[SYCL][OP] call ggml_sycl_get_rows done
[DEBUG-IMPL] Node 101/140: op=40 name=node_101
[SYCL][OP] call ggml_sycl_get_rows: dst='node_101':type=f32;ne=[256, 64, 1, 1];nb=[4, 1024, 65536, 65536]	src0='l_out-0':type=f32;ne=[256, 64, 1, 1];nb=[4, 1024, 65536, 65536]	src1='leaf_48':type=i32;ne=[64, 1, 1, 1];nb=[4, 256, 256, 256]
[SYCL] weight cache lookup: tensor=0x2fba76a0 name=l_out-0 device=0
[SYCL][OP] call ggml_sycl_get_rows done
[DEBUG-IMPL] Node 102/140: op=2 name=ffn_inp-1
[DEBUG-IMPL] Node 104/140: op=7 name=ffn_norm-1
[SYCL] simple consumer routing declined: op=MUL dst=ffn_norm-1 local single-device plan ctx=0 target=0
[SYCL][OP] call ggml_sycl_mul: dst='ffn_norm-1':type=f32;ne=[256, 64, 1, 1];nb=[4, 1024, 65536, 65536]	src0='norm-1':type=f32;ne=[256, 64, 1, 1];nb=[4, 1024, 65536, 65536]	src1='blk.1.ffn_norm.weight':type=f32;ne=[256, 1, 1, 1];nb=[4, 1024, 1024, 1024]
[BINBCAST-PTR] src0=norm-1 src0_host=0xffffd55e47cac000 src0_d=0xffffd55e47cac000
[BINBCAST-PTR] src1=blk.1.ffn_norm.weight src1_host=0x77ce00083940 src1_d=0xffffd556b6421000
[SYCL][OP] call ggml_sycl_mul done
[DEBUG-IMPL] Node 105/140: op=29 name=ffn_moe_logits-1
[SYCL] simple consumer routing declined: op=MUL_MAT dst=ffn_moe_logits-1 plan unavailable ctx=0
[DEBUG-MULMAT] ENTER: src0=blk.1.ffn_gate_inp.weight src1=ffn_norm-1 dst=ffn_moe_logits-1
[SYCL][OP] call ggml_sycl_mul_mat: dst='ffn_moe_logits-1':type=f32;ne=[2, 64, 1, 1];nb=[4, 8, 512, 512]	src0='blk.1.ffn_gate_inp.weight':type=f32;ne=[256, 2, 1, 1];nb=[4, 1024, 2048, 2048]	src1='ffn_norm-1':type=f32;ne=[256, 64, 1, 1];nb=[4, 1024, 65536, 65536]
[XMXConfig] device=0: M=8 N=16 K_INT8=32 K_FP16=16 SLM=131072 nsm=256 supported=1 int8=1 fp16=1 double_buf=1 max_esimd_wg=64 nbarrier=0 esimd_dpas=1
[MUL_MAT] src0 device=0 ptr=0xffffd556b6644d00 (tensor=blk.1.ffn_gate_inp.weight layout=0)
[MUL_MAT] dst device=0 ptr=0xffffd55e47cbc000 (tensor=ffn_moe_logits-1)
[SYCL] weight cache lookup: tensor=0x2e778cf0 name=blk.1.ffn_gate_inp.weight device=0
[SYCL][OP] call ggml_sycl_mul_mat done
[DEBUG-IMPL] Node 106/140: op=47 name=ffn_moe_probs-1
[SYCL] simple consumer routing declined: op=SOFT_MAX dst=ffn_moe_probs-1 local single-device plan ctx=0 target=0
[SYCL][OP] call ggml_sycl_op_soft_max: dst='ffn_moe_probs-1':type=f32;ne=[2, 64, 1, 1];nb=[4, 8, 512, 512]	src0='ffn_moe_logits-1':type=f32;ne=[2, 64, 1, 1];nb=[4, 8, 512, 512]	src1=nullptr
[SYCL][OP] call ggml_sycl_op_soft_max done
[DEBUG-IMPL] Node 107/140: op=36 name=ffn_moe_probs-1 (reshaped)
[DEBUG-IMPL] Node 108/140: op=70 name=ffn_moe_argsort-1
[SYCL] simple consumer routing declined: op=ARGSORT dst=ffn_moe_argsort-1 local single-device plan ctx=0 target=0
[SYCL][OP] call ggml_sycl_argsort: dst='ffn_moe_argsort-1':type=i32;ne=[2, 64, 1, 1];nb=[4, 8, 512, 512]	src0='ffn_moe_probs-1':type=f32;ne=[2, 64, 1, 1];nb=[4, 8, 512, 512]
0.04.329.442 E [SYCL][PTR] dst tensor=ffn_moe_argsort-1 data=0x77cfb0233200 alloc=512 base=0xffffd55e47c9c000 size=524288 end=0xffffd55e47d1c000
[SYCL][OP] call ggml_sycl_argsort done
[DEBUG-IMPL] Node 109/140: op=37 name=ffn_moe_topk-1
[DEBUG-IMPL] Node 110/140: op=40 name=ffn_moe_weights-1
[SYCL][OP] call ggml_sycl_get_rows: dst='ffn_moe_weights-1':type=f32;ne=[1, 1, 64, 1];nb=[4, 4, 4, 256]	src0='ffn_moe_probs-1 (reshaped)':type=f32;ne=[1, 2, 64, 1];nb=[4, 4, 8, 512]	src1='ffn_moe_topk-1':type=i32;ne=[1, 64, 1, 1];nb=[4, 8, 512, 512];strided
0.04.329.476 E [SYCL][PTR] src1 tensor=ffn_moe_topk-1 data=0x77cfb0233200 alloc=508 base=0xffffd55e47c9c000 size=524288 end=0xffffd55e47d1c000
[SYCL] weight cache lookup: tensor=0x2fbab840 name=ffn_moe_probs-1 (reshaped) device=0
[SYCL][OP] call ggml_sycl_get_rows done
[DEBUG-IMPL] Node 111/140: op=36 name=ffn_moe_weights-1 (reshaped)
[DEBUG-IMPL] Node 112/140: op=15 name=ffn_moe_weights_sum-1
[SYCL] simple consumer routing declined: op=SUM_ROWS dst=ffn_moe_weights_sum-1 plan unavailable ctx=0
[SYCL][OP] call ggml_sycl_sum_rows: dst='ffn_moe_weights_sum-1':type=f32;ne=[1, 64, 1, 1];nb=[4, 4, 256, 256]	src0='ffn_moe_weights-1 (reshaped)':type=f32;ne=[1, 64, 1, 1];nb=[4, 4, 256, 256]
[SYCL][OP] call ggml_sycl_sum_rows done
[DEBUG-IMPL] Node 113/140: op=51 name=ffn_moe_weights_sum_clamped-1
[SYCL] simple consumer routing declined: op=CLAMP dst=ffn_moe_weights_sum_clamped-1 plan unavailable ctx=0
[SYCL][OP] call ggml_sycl_clamp: dst='ffn_moe_weights_sum_clamped-1':type=f32;ne=[1, 64, 1, 1];nb=[4, 4, 256, 256]	src0='ffn_moe_weights_sum-1':type=f32;ne=[1, 64, 1, 1];nb=[4, 4, 256, 256]
[SYCL][OP] call ggml_sycl_clamp done
[DEBUG-IMPL] Node 114/140: op=8 name=ffn_moe_weights_norm-1
[SYCL] simple consumer routing declined: op=DIV dst=ffn_moe_weights_norm-1 plan unavailable ctx=0
[SYCL][OP] call ggml_sycl_div: dst='ffn_moe_weights_norm-1':type=f32;ne=[1, 64, 1, 1];nb=[4, 4, 256, 256]	src0='ffn_moe_weights-1 (reshaped)':type=f32;ne=[1, 64, 1, 1];nb=[4, 4, 256, 256]	src1='ffn_moe_weights_sum_clamped-1':type=f32;ne=[1, 64, 1, 1];nb=[4, 4, 256, 256]
[BINBCAST-PTR] src0=ffn_moe_weights-1 (reshaped) src0_host=0xffffd55e47cbc400 src0_d=0xffffd55e47cbc400
[BINBCAST-PTR] src1=ffn_moe_weights_sum_clamped-1 src1_host=0xffffd55e47cbc000 src1_d=0xffffd55e47cbc000
[SYCL][OP] call ggml_sycl_div done
[DEBUG-IMPL] Node 115/140: op=36 name=ffn_moe_weights_norm-1 (reshaped)
[DEBUG-IMPL] Node 116/140: op=36 name=ffn_norm-1 (reshaped)
[DEBUG-IMPL] Node 117/140: op=30 name=node_117
[RESOLVE] data_handle empty for weight tensor 'blk.1.ffn_gate_exps.weight' device 0, falling through to cache lookup
[SYCL] weight cache lookup: tensor=0x2e778e80 name=blk.1.ffn_gate_exps.weight device=0
[RESOLVE] refusing composite MoE expert tensor materialization for placement-planned 'blk.1.ffn_gate_exps.weight' device 0
[SYCL][OP] call ggml_sycl_mul_mat_id: dst='node_117':type=f32;ne=[384, 1, 64, 1];nb=[4, 1536, 1536, 98304]	src0='blk.1.ffn_gate_exps.weight':type=f32;ne=[256, 384, 2, 1];nb=[4, 1024, 393216, 786432]	src1='ffn_norm-1 (reshaped)':type=f32;ne=[256, 1, 64, 1];nb=[4, 1024, 1024, 65536]	src2='ffn_moe_topk-1':type=i32;ne=[1, 64, 1, 1];nb=[4, 8, 512, 512];strided
0.04.329.615 E [SYCL][PTR] src2 tensor=ffn_moe_topk-1 data=0x77cfb0233200 alloc=508 base=0xffffd55e47c9c000 size=524288 end=0xffffd55e47d1c000
[XMX-DEBUG] try_xmx_sorted_moe called: src0->type=0
[XMX-DEBUG] XMX MoE: forced=0 fused_enabled=0 tiled_enabled=1
[XMX-DEBUG] XMX caps: supported=1 int8=1
[XMX MoE] Only Q8_0/MXFP4 supported, got type 0
[XMX-MOE-REJECT] tensor=blk.1.ffn_gate_exps.weight type=f32 device=0 reason=type src0=[256,384,2,1] src1=[256,1,64,1] ids=[1,64,1,1]
[MoE FUSED] Batch 64 > 32, using oneDNN batching
[MoE] About to try COALESCED layout
[RESOLVE] data_handle empty for weight tensor 'blk.1.ffn_gate_exps.weight' device 0, falling through to cache lookup
[SYCL] weight cache lookup: tensor=0x2e778e80 name=blk.1.ffn_gate_exps.weight device=0
[RESOLVE] refusing composite MoE expert tensor materialization for placement-planned 'blk.1.ffn_gate_exps.weight' device 0
[MoE] Trying MMVQ with layout=2 for blk.1.ffn_gate_exps.weight
[MMVQ-ENTRY] src0=blk.1.ffn_gate_exps.weight type=0 forced_layout=2
[MMVQ] Batch 64 > threshold 32, routing to batched GEMM path
[MoE] MMVQ layout=2 returned false
[MoE] About to try SOA layout
[RESOLVE] data_handle empty for weight tensor 'blk.1.ffn_gate_exps.weight' device 0, falling through to cache lookup
[SYCL] weight cache lookup: tensor=0x2e778e80 name=blk.1.ffn_gate_exps.weight device=0
[RESOLVE] refusing composite MoE expert tensor materialization for placement-planned 'blk.1.ffn_gate_exps.weight' device 0
[MoE] Trying MMVQ with layout=1 for blk.1.ffn_gate_exps.weight
[MMVQ-ENTRY] src0=blk.1.ffn_gate_exps.weight type=0 forced_layout=1
[MMVQ] Batch 64 > threshold 32, routing to batched GEMM path
[MoE] MMVQ layout=1 returned false
[MoE] About to try AOS layout
[RESOLVE] data_handle empty for weight tensor 'blk.1.ffn_gate_exps.weight' device 0, falling through to cache lookup
[SYCL] weight cache lookup: tensor=0x2e778e80 name=blk.1.ffn_gate_exps.weight device=0
[RESOLVE] refusing composite MoE expert tensor materialization for placement-planned 'blk.1.ffn_gate_exps.weight' device 0
[MoE] Trying MMVQ with layout=0 for blk.1.ffn_gate_exps.weight
[MMVQ-ENTRY] src0=blk.1.ffn_gate_exps.weight type=0 forced_layout=0
[MMVQ] Batch 64 > threshold 32, routing to batched GEMM path
[MoE] MMVQ layout=0 returned false
[MoE] All MMVQ layouts failed, falling back to host routing
[MoE] GPU probe paths did not select type 0; resolving planner-owned MoE route
[MoE-1E] Cached IDs for layer 1 (GATE), 64 elements
[MoE] Using expert cache for blk.1.ffn_gate_exps.weight (layer=1358208392, host_buf=0, ptr_type=3)
[MOE-DISPATCH-LAYOUT] tensor=blk.1.ffn_gate_exps.weight device=0 route_layout=aos src0_layout=aos use_expert_cache=1 placement_planned=1 host_weights=0 plan=1 plan_host=0 has_override=0 ne12=64
[MOE-STAGE] tensor=blk.1.ffn_gate_exps.weight stage=after-dispatch-layout device=0 ne12=64
[MOE-STAGE] tensor=blk.1.ffn_gate_exps.weight stage=after-pointer-table device=0 planned_pp=1
[MOE-STAGE] tensor=blk.1.ffn_gate_exps.weight stage=after-route-diagnostics device=0 planned_pp=1
[MOE-STAGE] tensor=blk.1.ffn_gate_exps.weight stage=before-route-mode device=0 ne12=64 use_cache=1 plan=1 hybrid=1
[MOE-IDS] Staging ids to device (buffer_on_host=0, ptr_usm_type=3)
[MOE-STAGE] tensor=blk.1.ffn_gate_exps.weight stage=pp-rowmap-alloc-begin device=0 rows=64
[UNIFIED-ALLOC] zone alloc: dev=0 zone=4 size=0.0 MB ptr=0xffffd55e67c2c000
[MOE-STAGE] tensor=blk.1.ffn_gate_exps.weight stage=pp-rowmap-copy-begin device=0 rows=64 dst_handle=0
[MOE-STAGE] tensor=blk.1.ffn_gate_exps.weight stage=pp-rowmap-copy-submitted device=0 rows=64
[UNIFIED-ALLOC] zone alloc: dev=0 zone=4 size=0.1 MB ptr=0xffffd55e67c2c200
[UNIFIED-ALLOC] zone alloc: dev=0 zone=4 size=0.1 MB ptr=0xffffd55e67c44200
[MOE-AOS-REQUEST] tensor=blk.1.ffn_gate_exps.weight expert=0 current=0 planned=0 requested=aos reason=device-plan
[DEBUG-MULMAT] ENTER: src0=blk.1.ffn_gate_exps.weight src1=ffn_norm-1 (reshaped) dst=node_117
[SYCL][OP] call ggml_sycl_mul_mat: dst='node_117':type=f32;ne=[384, 1, 1, 1];nb=[4, 1536, 1536, 1536]	src0='blk.1.ffn_gate_exps.weight':type=f32;ne=[256, 384, 2, 1];nb=[4, 1024, 393216, 786432]	src1='ffn_norm-1 (reshaped)':type=f32;ne=[256, 1, 64, 1];nb=[4, 1024, 1024, 65536]
0.04.329.799 E [SYCL][PTR] dst tensor=node_117 data=0xffffd55e67c2c200 alloc=1536 base=0xffffd55e47c9c000 size=524288 end=0xffffd55e47d1c000
[XMXConfig] device=0: M=8 N=16 K_INT8=32 K_FP16=16 SLM=131072 nsm=256 supported=1 int8=1 fp16=1 double_buf=1 max_esimd_wg=64 nbarrier=0 esimd_dpas=1
[MUL_MAT] src0 device=0 ptr=0xffffd556b6885500 (tensor=blk.1.ffn_gate_exps.weight layout=0)
[MUL_MAT] dst device=0 ptr=0xffffd55e67c2c200 (tensor=node_117)
[SYCL][OP] call ggml_sycl_mul_mat done
[MOE-AOS-REQUEST] tensor=blk.1.ffn_gate_exps.weight expert=1 current=0 planned=0 requested=aos reason=device-plan
[DEBUG-MULMAT] ENTER: src0=blk.1.ffn_gate_exps.weight src1=ffn_norm-1 (reshaped) dst=node_117
[SYCL][OP] call ggml_sycl_mul_mat: dst='node_117':type=f32;ne=[384, 63, 1, 1];nb=[4, 1536, 96768, 96768]	src0='blk.1.ffn_gate_exps.weight':type=f32;ne=[256, 384, 2, 1];nb=[4, 1024, 393216, 786432]	src1='ffn_norm-1 (reshaped)':type=f32;ne=[256, 1, 64, 1];nb=[4, 1024, 1024, 65536]
0.04.335.044 E [SYCL][PTR] dst tensor=node_117 data=0xffffd55e67c2c800 alloc=96768 base=0xffffd55e47c9c000 size=524288 end=0xffffd55e47d1c000
[XMXConfig] device=0: M=8 N=16 K_INT8=32 K_FP16=16 SLM=131072 nsm=256 supported=1 int8=1 fp16=1 double_buf=1 max_esimd_wg=64 nbarrier=0 esimd_dpas=1
[MUL_MAT] src0 device=0 ptr=0xffffd556b68e5500 (tensor=blk.1.ffn_gate_exps.weight layout=0)
[MUL_MAT] dst device=0 ptr=0xffffd55e67c2c800 (tensor=node_117)
[SYCL][OP] call ggml_sycl_mul_mat done
[SYCL][OP] call ggml_sycl_mul_mat_id done
[DEBUG-IMPL] Node 118/140: op=36 name=blk.1.ffn_gate_exps.scale (reshaped)
[DEBUG-IMPL] Node 119/140: op=20 name=node_119
[SYCL] weight cache lookup: tensor=0x2fbace20 name=blk.1.ffn_gate_exps.scale (reshaped) device=0
ggml_sycl_get_data_ptr_slow: tensor=blk.1.ffn_gate_exps.scale (reshaped) view_src chain -> base=blk.1.ffn_gate_exps.scale, base->extra=0x3092e7d0, base->data=0x77ce002c4880, tensor->data=0x77ce002c4880
ggml_sycl_get_data_ptr_slow: base=blk.1.ffn_gate_exps.scale data=0x77ce002c4880 ptr_type=3
[SYCL] weight cache lookup: tensor=0x2fbace20 name=blk.1.ffn_gate_exps.scale (reshaped) device=0
ggml_sycl_get_data_ptr_slow: tensor=blk.1.ffn_gate_exps.scale (reshaped), device=0, staging FAILED for non-device (type=0), using tensor->data=0x77ce002c4880
ggml_sycl_get_data_ptr_slow: tensor=blk.1.ffn_gate_exps.scale (reshaped), device=0, using tensor->data=0x77ce002c4880
[RESOLVE] data_handle empty for weight tensor 'blk.1.ffn_gate_exps.scale' device 0, falling through to cache lookup
[SYCL] weight cache lookup: tensor=0x2e77af50 name=blk.1.ffn_gate_exps.scale device=0
[SYCL] weight cache lookup: tensor=0x2e77af50 name=blk.1.ffn_gate_exps.scale device=0
ggml_sycl_get_data_ptr_slow: tensor=blk.1.ffn_gate_exps.scale, device=0, staging FAILED for non-device (type=0), using tensor->data=0x77ce002c4880
ggml_sycl_get_data_ptr_slow: tensor=blk.1.ffn_gate_exps.scale, device=0, using tensor->data=0x77ce002c4880
[SYCL] simple consumer routing declined: op=REPEAT dst=node_119 plan unavailable ctx=0
[SYCL][OP] call ggml_sycl_repeat: dst='node_119':type=f32;ne=[1, 2, 64, 1];nb=[4, 4, 8, 512]	src0='blk.1.ffn_gate_exps.scale (reshaped)':type=f32;ne=[1, 2, 1, 1];nb=[4, 4, 8, 8]
[SYCL] weight cache lookup: tensor=0x2fbace20 name=blk.1.ffn_gate_exps.scale (reshaped) device=0
[SYCL] weight cache lookup: tensor=0x2fbace20 name=blk.1.ffn_gate_exps.scale (reshaped) device=0
0.04.335.653 E [UNIFIED-CACHE] planned-mode runtime materialization rejected op=direct_stage_weight caller=direct_stage_weight model=0 name_hash=0x474cbb7ffa4be3cb aux=289 type=0 ne=[1,2,1,1] layout=0 graph_active=1
[SYCL-BINBCAST] staging raw host tensor=blk.1.ffn_gate_exps.scale (reshaped) bytes=8 device=0 src=0x77ce002c4880 dst=0xffffe38f1ae00000
[BINBCAST-PTR] src0=node_119 src0_host=0xffffd55e47cd4400 src0_d=0xffffd55e47cd4400
[BINBCAST-PTR] src1=blk.1.ffn_gate_exps.scale (reshaped) src1_host=0x77ce002c4880 src1_d=0xffffe38f1ae00000
[SYCL][OP] call ggml_sycl_repeat done
[DEBUG-IMPL] Node 120/140: op=40 name=node_120
[SYCL][OP] call ggml_sycl_get_rows: dst='node_120':type=f32;ne=[1, 1, 64, 1];nb=[4, 4, 4, 256]	src0='node_119':type=f32;ne=[1, 2, 64, 1];nb=[4, 4, 8, 512]	src1='ffn_moe_topk-1':type=i32;ne=[1, 64, 1, 1];nb=[4, 8, 512, 512];strided
0.04.335.781 E [SYCL][PTR] src1 tensor=ffn_moe_topk-1 data=0x77cfb0233200 alloc=508 base=0xffffd55e47c9c000 size=524288 end=0xffffd55e47d1c000
[SYCL] weight cache lookup: tensor=0x2fbacfb0 name=node_119 device=0
[SYCL][OP] call ggml_sycl_get_rows done
[DEBUG-IMPL] Node 121/140: op=7 name=ffn_moe_gate_scaled-1
[SYCL] simple consumer routing declined: op=MUL dst=ffn_moe_gate_scaled-1 local single-device plan ctx=0 target=0
[SYCL][OP] call ggml_sycl_mul: dst='ffn_moe_gate_scaled-1':type=f32;ne=[384, 1, 64, 1];nb=[4, 1536, 1536, 98304]	src0='node_117':type=f32;ne=[384, 1, 64, 1];nb=[4, 1536, 1536, 98304]	src1='node_120':type=f32;ne=[1, 1, 64, 1];nb=[4, 4, 4, 256]
[BINBCAST-PTR] src0=node_117 src0_host=0xffffd55e47cbc400 src0_d=0xffffd55e47cbc400
[BINBCAST-PTR] src1=node_120 src1_host=0xffffd55e47cbc000 src1_d=0xffffd55e47cbc000
[SYCL][OP] call ggml_sycl_mul done
[DEBUG-IMPL] Node 122/140: op=30 name=node_122
[RESOLVE] data_handle empty for weight tensor 'blk.1.ffn_up_exps.weight' device 0, falling through to cache lookup
[SYCL] weight cache lookup: tensor=0x2e7791a0 name=blk.1.ffn_up_exps.weight device=0
[RESOLVE] refusing composite MoE expert tensor materialization for placement-planned 'blk.1.ffn_up_exps.weight' device 0
[SYCL][OP] call ggml_sycl_mul_mat_id: dst='node_122':type=f32;ne=[384, 1, 64, 1];nb=[4, 1536, 1536, 98304]	src0='blk.1.ffn_up_exps.weight':type=f32;ne=[256, 384, 2, 1];nb=[4, 1024, 393216, 786432]	src1='ffn_norm-1 (reshaped)':type=f32;ne=[256, 1, 64, 1];nb=[4, 1024, 1024, 65536]	src2='ffn_moe_topk-1':type=i32;ne=[1, 64, 1, 1];nb=[4, 8, 512, 512];strided
[XMX-DEBUG] try_xmx_sorted_moe called: src0->type=0
[XMX-DEBUG] XMX MoE: forced=0 fused_enabled=0 tiled_enabled=1
[XMX-DEBUG] XMX caps: supported=1 int8=1
[XMX MoE] Only Q8_0/MXFP4 supported, got type 0
[XMX-MOE-REJECT] tensor=blk.1.ffn_up_exps.weight type=f32 device=0 reason=type src0=[256,384,2,1] src1=[256,1,64,1] ids=[1,64,1,1]
[MoE FUSED] Batch 64 > 32, using oneDNN batching
[MoE] About to try COALESCED layout
[RESOLVE] data_handle empty for weight tensor 'blk.1.ffn_up_exps.weight' device 0, falling through to cache lookup
[SYCL] weight cache lookup: tensor=0x2e7791a0 name=blk.1.ffn_up_exps.weight device=0
[RESOLVE] refusing composite MoE expert tensor materialization for placement-planned 'blk.1.ffn_up_exps.weight' device 0
[MoE] Trying MMVQ with layout=2 for blk.1.ffn_up_exps.weight
[MMVQ-ENTRY] src0=blk.1.ffn_up_exps.weight type=0 forced_layout=2
[MMVQ] Batch 64 > threshold 32, routing to batched GEMM path
[MoE] MMVQ layout=2 returned false
[MoE] About to try SOA layout
[RESOLVE] data_handle empty for weight tensor 'blk.1.ffn_up_exps.weight' device 0, falling through to cache lookup
[SYCL] weight cache lookup: tensor=0x2e7791a0 name=blk.1.ffn_up_exps.weight device=0
[RESOLVE] refusing composite MoE expert tensor materialization for placement-planned 'blk.1.ffn_up_exps.weight' device 0
[MoE] Trying MMVQ with layout=1 for blk.1.ffn_up_exps.weight
[MMVQ-ENTRY] src0=blk.1.ffn_up_exps.weight type=0 forced_layout=1
[MMVQ] Batch 64 > threshold 32, routing to batched GEMM path
[MoE] MMVQ layout=1 returned false
[MoE] About to try AOS layout
[RESOLVE] data_handle empty for weight tensor 'blk.1.ffn_up_exps.weight' device 0, falling through to cache lookup
[SYCL] weight cache lookup: tensor=0x2e7791a0 name=blk.1.ffn_up_exps.weight device=0
[RESOLVE] refusing composite MoE expert tensor materialization for placement-planned 'blk.1.ffn_up_exps.weight' device 0
[MoE] Trying MMVQ with layout=0 for blk.1.ffn_up_exps.weight
[MMVQ-ENTRY] src0=blk.1.ffn_up_exps.weight type=0 forced_layout=0
[MMVQ] Batch 64 > threshold 32, routing to batched GEMM path
[MoE] MMVQ layout=0 returned false
[MoE] All MMVQ layouts failed, falling back to host routing
[MoE] GPU probe paths did not select type 0; resolving planner-owned MoE route
[MoE-1E] Reusing cached IDs for layer 1 (blk.1.ffn_up_exps.weight), 64 elements
[MoE] Using expert cache for blk.1.ffn_up_exps.weight (layer=903754414, host_buf=0, ptr_type=3)
[MOE-DISPATCH-LAYOUT] tensor=blk.1.ffn_up_exps.weight device=0 route_layout=aos src0_layout=aos use_expert_cache=1 placement_planned=1 host_weights=0 plan=1 plan_host=0 has_override=0 ne12=64
[MOE-STAGE] tensor=blk.1.ffn_up_exps.weight stage=after-dispatch-layout device=0 ne12=64
[MOE-STAGE] tensor=blk.1.ffn_up_exps.weight stage=after-pointer-table device=0 planned_pp=1
[MOE-STAGE] tensor=blk.1.ffn_up_exps.weight stage=after-route-diagnostics device=0 planned_pp=1
[MOE-STAGE] tensor=blk.1.ffn_up_exps.weight stage=before-route-mode device=0 ne12=64 use_cache=1 plan=1 hybrid=1
[MOE-IDS] Staging ids to device (buffer_on_host=0, ptr_usm_type=3)
[MOE-STAGE] tensor=blk.1.ffn_up_exps.weight stage=pp-rowmap-alloc-begin device=0 rows=64
[UNIFIED-ALLOC] zone alloc: dev=0 zone=4 size=0.0 MB ptr=0xffffd55e67c2c000
[MOE-STAGE] tensor=blk.1.ffn_up_exps.weight stage=pp-rowmap-copy-begin device=0 rows=64 dst_handle=0
[MOE-STAGE] tensor=blk.1.ffn_up_exps.weight stage=pp-rowmap-copy-submitted device=0 rows=64
[UNIFIED-ALLOC] zone alloc: dev=0 zone=4 size=0.1 MB ptr=0xffffd55e67c2c200
[UNIFIED-ALLOC] zone alloc: dev=0 zone=4 size=0.1 MB ptr=0xffffd55e67c44200
[MOE-AOS-REQUEST] tensor=blk.1.ffn_up_exps.weight expert=0 current=0 planned=0 requested=aos reason=device-plan
[DEBUG-MULMAT] ENTER: src0=blk.1.ffn_up_exps.weight src1=ffn_norm-1 (reshaped) dst=node_122
[SYCL][OP] call ggml_sycl_mul_mat: dst='node_122':type=f32;ne=[384, 1, 1, 1];nb=[4, 1536, 1536, 1536]	src0='blk.1.ffn_up_exps.weight':type=f32;ne=[256, 384, 2, 1];nb=[4, 1024, 393216, 786432]	src1='ffn_norm-1 (reshaped)':type=f32;ne=[256, 1, 64, 1];nb=[4, 1024, 1024, 65536]
[XMXConfig] device=0: M=8 N=16 K_INT8=32 K_FP16=16 SLM=131072 nsm=256 supported=1 int8=1 fp16=1 double_buf=1 max_esimd_wg=64 nbarrier=0 esimd_dpas=1
[MUL_MAT] src0 device=0 ptr=0xffffd556b6945500 (tensor=blk.1.ffn_up_exps.weight layout=0)
[MUL_MAT] dst device=0 ptr=0xffffd55e67c2c200 (tensor=node_122)
[SYCL][OP] call ggml_sycl_mul_mat done
[MOE-AOS-REQUEST] tensor=blk.1.ffn_up_exps.weight expert=1 current=0 planned=0 requested=aos reason=device-plan
[DEBUG-MULMAT] ENTER: src0=blk.1.ffn_up_exps.weight src1=ffn_norm-1 (reshaped) dst=node_122
[SYCL][OP] call ggml_sycl_mul_mat: dst='node_122':type=f32;ne=[384, 63, 1, 1];nb=[4, 1536, 96768, 96768]	src0='blk.1.ffn_up_exps.weight':type=f32;ne=[256, 384, 2, 1];nb=[4, 1024, 393216, 786432]	src1='ffn_norm-1 (reshaped)':type=f32;ne=[256, 1, 64, 1];nb=[4, 1024, 1024, 65536]
[XMXConfig] device=0: M=8 N=16 K_INT8=32 K_FP16=16 SLM=131072 nsm=256 supported=1 int8=1 fp16=1 double_buf=1 max_esimd_wg=64 nbarrier=0 esimd_dpas=1
[MUL_MAT] src0 device=0 ptr=0xffffd556b69a5500 (tensor=blk.1.ffn_up_exps.weight layout=0)
[MUL_MAT] dst device=0 ptr=0xffffd55e67c2c800 (tensor=node_122)
[SYCL][OP] call ggml_sycl_mul_mat done
[SYCL][OP] call ggml_sycl_mul_mat_id done
[DEBUG-IMPL] Node 123/140: op=36 name=blk.1.ffn_up_exps.scale (reshaped)
[DEBUG-IMPL] Node 124/140: op=20 name=node_124
[SYCL] weight cache lookup: tensor=0x2fbac650 name=blk.1.ffn_up_exps.scale (reshaped) device=0
ggml_sycl_get_data_ptr_slow: tensor=blk.1.ffn_up_exps.scale (reshaped) view_src chain -> base=blk.1.ffn_up_exps.scale, base->extra=0x2c3e0710, base->data=0x77ce002c48c0, tensor->data=0x77ce002c48c0
ggml_sycl_get_data_ptr_slow: base=blk.1.ffn_up_exps.scale data=0x77ce002c48c0 ptr_type=3
[SYCL] weight cache lookup: tensor=0x2fbac650 name=blk.1.ffn_up_exps.scale (reshaped) device=0
ggml_sycl_get_data_ptr_slow: tensor=blk.1.ffn_up_exps.scale (reshaped), device=0, staging FAILED for non-device (type=0), using tensor->data=0x77ce002c48c0
ggml_sycl_get_data_ptr_slow: tensor=blk.1.ffn_up_exps.scale (reshaped), device=0, using tensor->data=0x77ce002c48c0
[RESOLVE] data_handle empty for weight tensor 'blk.1.ffn_up_exps.scale' device 0, falling through to cache lookup
[SYCL] weight cache lookup: tensor=0x2e77b270 name=blk.1.ffn_up_exps.scale device=0
[SYCL] weight cache lookup: tensor=0x2e77b270 name=blk.1.ffn_up_exps.scale device=0
ggml_sycl_get_data_ptr_slow: tensor=blk.1.ffn_up_exps.scale, device=0, staging FAILED for non-device (type=0), using tensor->data=0x77ce002c48c0
ggml_sycl_get_data_ptr_slow: tensor=blk.1.ffn_up_exps.scale, device=0, using tensor->data=0x77ce002c48c0
[SYCL] simple consumer routing declined: op=REPEAT dst=node_124 plan unavailable ctx=0
[SYCL][OP] call ggml_sycl_repeat: dst='node_124':type=f32;ne=[1, 2, 64, 1];nb=[4, 4, 8, 512]	src0='blk.1.ffn_up_exps.scale (reshaped)':type=f32;ne=[1, 2, 1, 1];nb=[4, 4, 8, 8]
[SYCL] weight cache lookup: tensor=0x2fbac650 name=blk.1.ffn_up_exps.scale (reshaped) device=0
[SYCL] weight cache lookup: tensor=0x2fbac650 name=blk.1.ffn_up_exps.scale (reshaped) device=0
[SYCL-BINBCAST] staging raw host tensor=blk.1.ffn_up_exps.scale (reshaped) bytes=8 device=0 src=0x77ce002c48c0 dst=0xffffe38f1ae00000
[BINBCAST-PTR] src0=node_124 src0_host=0xffffd55e47cac000 src0_d=0xffffd55e47cac000
[BINBCAST-PTR] src1=blk.1.ffn_up_exps.scale (reshaped) src1_host=0x77ce002c48c0 src1_d=0xffffe38f1ae00000
[SYCL][OP] call ggml_sycl_repeat done
[DEBUG-IMPL] Node 125/140: op=40 name=node_125
[SYCL][OP] call ggml_sycl_get_rows: dst='node_125':type=f32;ne=[1, 1, 64, 1];nb=[4, 4, 4, 256]	src0='node_124':type=f32;ne=[1, 2, 64, 1];nb=[4, 4, 8, 512]	src1='ffn_moe_topk-1':type=i32;ne=[1, 64, 1, 1];nb=[4, 8, 512, 512];strided
[SYCL] weight cache lookup: tensor=0x2fbac7e0 name=node_124 device=0
[SYCL][OP] call ggml_sycl_get_rows done
[DEBUG-IMPL] Node 126/140: op=7 name=ffn_moe_up_scaled-1
[SYCL] simple consumer routing declined: op=MUL dst=ffn_moe_up_scaled-1 local single-device plan ctx=0 target=0
[SYCL][OP] call ggml_sycl_mul: dst='ffn_moe_up_scaled-1':type=f32;ne=[384, 1, 64, 1];nb=[4, 1536, 1536, 98304]	src0='node_122':type=f32;ne=[384, 1, 64, 1];nb=[4, 1536, 1536, 98304]	src1='node_125':type=f32;ne=[1, 1, 64, 1];nb=[4, 4, 4, 256]
[BINBCAST-PTR] src0=node_122 src0_host=0xffffd55e47cd4400 src0_d=0xffffd55e47cd4400
[BINBCAST-PTR] src1=node_125 src1_host=0xffffd55e47cac200 src1_d=0xffffd55e47cac200
[SYCL][OP] call ggml_sycl_mul done
[DEBUG-IMPL] Node 127/140: op=97 name=ffn_moe_swiglu-1
[SYCL] simple consumer routing declined: op=GLU dst=ffn_moe_swiglu-1 local single-device plan ctx=0 target=0
[SYCL][OP] call ggml_sycl_swiglu: dst='ffn_moe_swiglu-1':type=f32;ne=[384, 1, 64, 1];nb=[4, 1536, 1536, 98304]	src0='ffn_moe_gate_scaled-1':type=f32;ne=[384, 1, 64, 1];nb=[4, 1536, 1536, 98304]
[SYCL][OP] call ggml_sycl_swiglu done
[DEBUG-IMPL] Node 128/140: op=30 name=node_128
[RESOLVE] data_handle empty for weight tensor 'blk.1.ffn_down_exps.weight' device 0, falling through to cache lookup
[SYCL] weight cache lookup: tensor=0x2e779010 name=blk.1.ffn_down_exps.weight device=0
[RESOLVE] refusing composite MoE expert tensor materialization for placement-planned 'blk.1.ffn_down_exps.weight' device 0
[SYCL][OP] call ggml_sycl_mul_mat_id: dst='node_128':type=f32;ne=[256, 1, 64, 1];nb=[4, 1024, 1024, 65536]	src0='blk.1.ffn_down_exps.weight':type=f32;ne=[384, 256, 2, 1];nb=[4, 1536, 393216, 786432]	src1='ffn_moe_swiglu-1':type=f32;ne=[384, 1, 64, 1];nb=[4, 1536, 1536, 98304]	src2='ffn_moe_topk-1':type=i32;ne=[1, 64, 1, 1];nb=[4, 8, 512, 512];strided
[XMX-DEBUG] try_xmx_sorted_moe called: src0->type=0
[XMX-DEBUG] XMX MoE: forced=0 fused_enabled=0 tiled_enabled=1
[XMX-DEBUG] XMX caps: supported=1 int8=1
[XMX MoE] Only Q8_0/MXFP4 supported, got type 0
[XMX-MOE-REJECT] tensor=blk.1.ffn_down_exps.weight type=f32 device=0 reason=type src0=[384,256,2,1] src1=[384,1,64,1] ids=[1,64,1,1]
[MoE FUSED] Batch 64 > 32, using oneDNN batching
[MoE] About to try COALESCED layout
[RESOLVE] data_handle empty for weight tensor 'blk.1.ffn_down_exps.weight' device 0, falling through to cache lookup
[SYCL] weight cache lookup: tensor=0x2e779010 name=blk.1.ffn_down_exps.weight device=0
[RESOLVE] refusing composite MoE expert tensor materialization for placement-planned 'blk.1.ffn_down_exps.weight' device 0
[MoE] Trying MMVQ with layout=2 for blk.1.ffn_down_exps.weight
[MMVQ-ENTRY] src0=blk.1.ffn_down_exps.weight type=0 forced_layout=2
[MMVQ] Batch 64 > threshold 32, routing to batched GEMM path
[MoE] MMVQ layout=2 returned false
[MoE] About to try SOA layout
[RESOLVE] data_handle empty for weight tensor 'blk.1.ffn_down_exps.weight' device 0, falling through to cache lookup
[SYCL] weight cache lookup: tensor=0x2e779010 name=blk.1.ffn_down_exps.weight device=0
[RESOLVE] refusing composite MoE expert tensor materialization for placement-planned 'blk.1.ffn_down_exps.weight' device 0
[MoE] Trying MMVQ with layout=1 for blk.1.ffn_down_exps.weight
[MMVQ-ENTRY] src0=blk.1.ffn_down_exps.weight type=0 forced_layout=1
[MMVQ] Batch 64 > threshold 32, routing to batched GEMM path
[MoE] MMVQ layout=1 returned false
[MoE] About to try AOS layout
[RESOLVE] data_handle empty for weight tensor 'blk.1.ffn_down_exps.weight' device 0, falling through to cache lookup
[SYCL] weight cache lookup: tensor=0x2e779010 name=blk.1.ffn_down_exps.weight device=0
[RESOLVE] refusing composite MoE expert tensor materialization for placement-planned 'blk.1.ffn_down_exps.weight' device 0
[MoE] Trying MMVQ with layout=0 for blk.1.ffn_down_exps.weight
[MMVQ-ENTRY] src0=blk.1.ffn_down_exps.weight type=0 forced_layout=0
[MMVQ] Batch 64 > threshold 32, routing to batched GEMM path
[MoE] MMVQ layout=0 returned false
[MoE] All MMVQ layouts failed, falling back to host routing
[MoE] GPU probe paths did not select type 0; resolving planner-owned MoE route
[MoE-1E] Reusing cached IDs for layer 1 (blk.1.ffn_down_exps.weight), 64 elements
[MoE] Using expert cache for blk.1.ffn_down_exps.weight (layer=752070615, host_buf=0, ptr_type=3)
[MOE-DISPATCH-LAYOUT] tensor=blk.1.ffn_down_exps.weight device=0 route_layout=aos src0_layout=aos use_expert_cache=1 placement_planned=1 host_weights=0 plan=1 plan_host=0 has_override=0 ne12=64
[MOE-STAGE] tensor=blk.1.ffn_down_exps.weight stage=after-dispatch-layout device=0 ne12=64
[MOE-STAGE] tensor=blk.1.ffn_down_exps.weight stage=after-pointer-table device=0 planned_pp=1
[MOE-STAGE] tensor=blk.1.ffn_down_exps.weight stage=after-route-diagnostics device=0 planned_pp=1
[MOE-STAGE] tensor=blk.1.ffn_down_exps.weight stage=before-route-mode device=0 ne12=64 use_cache=1 plan=1 hybrid=1
[MOE-IDS] Staging ids to device (buffer_on_host=0, ptr_usm_type=3)
[MOE-STAGE] tensor=blk.1.ffn_down_exps.weight stage=pp-rowmap-alloc-begin device=0 rows=64
[UNIFIED-ALLOC] zone alloc: dev=0 zone=4 size=0.0 MB ptr=0xffffd55e67c2c000
[MOE-STAGE] tensor=blk.1.ffn_down_exps.weight stage=pp-rowmap-copy-begin device=0 rows=64 dst_handle=0
[MOE-STAGE] tensor=blk.1.ffn_down_exps.weight stage=pp-rowmap-copy-submitted device=0 rows=64
[UNIFIED-ALLOC] zone alloc: dev=0 zone=4 size=0.1 MB ptr=0xffffd55e67c2c200
[UNIFIED-ALLOC] zone alloc: dev=0 zone=4 size=0.1 MB ptr=0xffffd55e67c3c200
[MOE-AOS-REQUEST] tensor=blk.1.ffn_down_exps.weight expert=0 current=0 planned=0 requested=aos reason=device-plan
[DEBUG-MULMAT] ENTER: src0=blk.1.ffn_down_exps.weight src1=ffn_moe_swiglu-1 dst=node_128
[SYCL][OP] call ggml_sycl_mul_mat: dst='node_128':type=f32;ne=[256, 1, 1, 1];nb=[4, 1024, 1024, 1024]	src0='blk.1.ffn_down_exps.weight':type=f32;ne=[384, 256, 2, 1];nb=[4, 1536, 393216, 786432]	src1='ffn_moe_swiglu-1':type=f32;ne=[384, 1, 64, 1];nb=[4, 1536, 1536, 98304]
[XMXConfig] device=0: M=8 N=16 K_INT8=32 K_FP16=16 SLM=131072 nsm=256 supported=1 int8=1 fp16=1 double_buf=1 max_esimd_wg=64 nbarrier=0 esimd_dpas=1
[MUL_MAT] src0 device=0 ptr=0xffffd556b6a05500 (tensor=blk.1.ffn_down_exps.weight layout=0)
[MUL_MAT] dst device=0 ptr=0xffffd55e67c2c200 (tensor=node_128)
[SYCL][OP] call ggml_sycl_mul_mat done
[MOE-AOS-REQUEST] tensor=blk.1.ffn_down_exps.weight expert=1 current=0 planned=0 requested=aos reason=device-plan
[DEBUG-MULMAT] ENTER: src0=blk.1.ffn_down_exps.weight src1=ffn_moe_swiglu-1 dst=node_128
[SYCL][OP] call ggml_sycl_mul_mat: dst='node_128':type=f32;ne=[256, 63, 1, 1];nb=[4, 1024, 64512, 64512]	src0='blk.1.ffn_down_exps.weight':type=f32;ne=[384, 256, 2, 1];nb=[4, 1536, 393216, 786432]	src1='ffn_moe_swiglu-1':type=f32;ne=[384, 1, 64, 1];nb=[4, 1536, 1536, 98304]
[XMXConfig] device=0: M=8 N=16 K_INT8=32 K_FP16=16 SLM=131072 nsm=256 supported=1 int8=1 fp16=1 double_buf=1 max_esimd_wg=64 nbarrier=0 esimd_dpas=1
[MUL_MAT] src0 device=0 ptr=0xffffd556b6a65500 (tensor=blk.1.ffn_down_exps.weight layout=0)
[MUL_MAT] dst device=0 ptr=0xffffd55e67c2c600 (tensor=node_128)
[SYCL][OP] call ggml_sycl_mul_mat done
[SYCL][OP] call ggml_sycl_mul_mat_id done
[DEBUG-IMPL] Node 129/140: op=36 name=blk.1.ffn_down_exps.scale (reshaped)
[DEBUG-IMPL] Node 130/140: op=20 name=node_130
[SYCL] weight cache lookup: tensor=0x2fbad780 name=blk.1.ffn_down_exps.scale (reshaped) device=0
ggml_sycl_get_data_ptr_slow: tensor=blk.1.ffn_down_exps.scale (reshaped) view_src chain -> base=blk.1.ffn_down_exps.scale, base->extra=0x2c3a5030, base->data=0x77ce002c48a0, tensor->data=0x77ce002c48a0
ggml_sycl_get_data_ptr_slow: base=blk.1.ffn_down_exps.scale data=0x77ce002c48a0 ptr_type=3
[SYCL] weight cache lookup: tensor=0x2fbad780 name=blk.1.ffn_down_exps.scale (reshaped) device=0
ggml_sycl_get_data_ptr_slow: tensor=blk.1.ffn_down_exps.scale (reshaped), device=0, staging FAILED for non-device (type=0), using tensor->data=0x77ce002c48a0
ggml_sycl_get_data_ptr_slow: tensor=blk.1.ffn_down_exps.scale (reshaped), device=0, using tensor->data=0x77ce002c48a0
[RESOLVE] data_handle empty for weight tensor 'blk.1.ffn_down_exps.scale' device 0, falling through to cache lookup
[SYCL] weight cache lookup: tensor=0x2e77b0e0 name=blk.1.ffn_down_exps.scale device=0
[SYCL] weight cache lookup: tensor=0x2e77b0e0 name=blk.1.ffn_down_exps.scale device=0
ggml_sycl_get_data_ptr_slow: tensor=blk.1.ffn_down_exps.scale, device=0, staging FAILED for non-device (type=0), using tensor->data=0x77ce002c48a0
ggml_sycl_get_data_ptr_slow: tensor=blk.1.ffn_down_exps.scale, device=0, using tensor->data=0x77ce002c48a0
[SYCL] simple consumer routing declined: op=REPEAT dst=node_130 plan unavailable ctx=0
[SYCL][OP] call ggml_sycl_repeat: dst='node_130':type=f32;ne=[1, 2, 64, 1];nb=[4, 4, 8, 512]	src0='blk.1.ffn_down_exps.scale (reshaped)':type=f32;ne=[1, 2, 1, 1];nb=[4, 4, 8, 8]
[SYCL] weight cache lookup: tensor=0x2fbad780 name=blk.1.ffn_down_exps.scale (reshaped) device=0
[SYCL] weight cache lookup: tensor=0x2fbad780 name=blk.1.ffn_down_exps.scale (reshaped) device=0
[SYCL-BINBCAST] staging raw host tensor=blk.1.ffn_down_exps.scale (reshaped) bytes=8 device=0 src=0x77ce002c48a0 dst=0xffffe38f1ae00000
[BINBCAST-PTR] src0=node_130 src0_host=0xffffd55e47cbc400 src0_d=0xffffd55e47cbc400
[BINBCAST-PTR] src1=blk.1.ffn_down_exps.scale (reshaped) src1_host=0x77ce002c48a0 src1_d=0xffffe38f1ae00000
[SYCL][OP] call ggml_sycl_repeat done
[DEBUG-IMPL] Node 131/140: op=40 name=node_131
[SYCL][OP] call ggml_sycl_get_rows: dst='node_131':type=f32;ne=[1, 1, 64, 1];nb=[4, 4, 4, 256]	src0='node_130':type=f32;ne=[1, 2, 64, 1];nb=[4, 4, 8, 512]	src1='ffn_moe_topk-1':type=i32;ne=[1, 64, 1, 1];nb=[4, 8, 512, 512];strided
[SYCL] weight cache lookup: tensor=0x2fbad910 name=node_130 device=0
[SYCL][OP] call ggml_sycl_get_rows done
[DEBUG-IMPL] Node 132/140: op=7 name=ffn_moe_down_scaled-1
[SYCL] simple consumer routing declined: op=MUL dst=ffn_moe_down_scaled-1 local single-device plan ctx=0 target=0
[SYCL][OP] call ggml_sycl_mul: dst='ffn_moe_down_scaled-1':type=f32;ne=[256, 1, 64, 1];nb=[4, 1024, 1024, 65536]	src0='node_128':type=f32;ne=[256, 1, 64, 1];nb=[4, 1024, 1024, 65536]	src1='node_131':type=f32;ne=[1, 1, 64, 1];nb=[4, 4, 4, 256]
[BINBCAST-PTR] src0=node_128 src0_host=0xffffd55e47cac000 src0_d=0xffffd55e47cac000
[BINBCAST-PTR] src1=node_131 src1_host=0xffffd55e47cbc000 src1_d=0xffffd55e47cbc000
[SYCL][OP] call ggml_sycl_mul done
[DEBUG-IMPL] Node 133/140: op=7 name=ffn_moe_weighted-1
[SYCL] simple consumer routing declined: op=MUL dst=ffn_moe_weighted-1 local single-device plan ctx=0 target=0
[SYCL][OP] call ggml_sycl_mul: dst='ffn_moe_weighted-1':type=f32;ne=[256, 1, 64, 1];nb=[4, 1024, 1024, 65536]	src0='ffn_moe_down_scaled-1':type=f32;ne=[256, 1, 64, 1];nb=[4, 1024, 1024, 65536]	src1='ffn_moe_weights_norm-1 (reshaped)':type=f32;ne=[1, 1, 64, 1];nb=[4, 4, 4, 256]
[BINBCAST-PTR] src0=ffn_moe_down_scaled-1 src0_host=0xffffd55e47cac000 src0_d=0xffffd55e47cac000
[BINBCAST-PTR] src1=ffn_moe_weights_norm-1 (reshaped) src1_host=0xffffd55e47cbc100 src1_d=0xffffd55e47cbc100
[SYCL][OP] call ggml_sycl_mul done
[DEBUG-IMPL] Node 134/140: op=37 name=ffn_moe_weighted-1 (view)
[DEBUG-IMPL] Node 135/140: op=35 name=ffn_moe_out-1
[SYCL] simple consumer routing declined: op=CONT dst=ffn_moe_out-1 local single-device plan ctx=0 target=0
[SYCL][OP] call ggml_sycl_dup: dst='ffn_moe_out-1':type=f32;ne=[256, 64, 1, 1];nb=[4, 1024, 65536, 65536]	src0='ffn_moe_weighted-1 (view)':type=f32;ne=[256, 64, 1, 1];nb=[4, 1024, 65536, 65536]
[SYCL][OP] call ggml_sycl_cpy: dst='ffn_moe_out-1':type=f32;ne=[256, 64, 1, 1];nb=[4, 1024, 65536, 65536]	src0='ffn_moe_weighted-1 (view)':type=f32;ne=[256, 64, 1, 1];nb=[4, 1024, 65536, 65536]
[CPY] device=0 main_stream=0x2b690ec0 tp_queue=(nil) (match=0)
[CPY DEBUG] device=0 src0=ffn_moe_weighted-1 (view)(0xffffd55e47cac000, usm=1) -> src1=ffn_moe_out-1(0xffffd55e47cbc000, usm=1) size=65536
[CPY STAGING CHECK] device=0 needs_staging=0 src0_type=1 dst_is_device=1
[CPY device=0] memcpy path: 0xffffd55e47cac000 -> 0xffffd55e47cbc000 (65536 bytes)
[CPY device=0] memcpy submitted
[SYCL][OP] call ggml_sycl_cpy done
[SYCL][OP] call ggml_sycl_dup done
[DEBUG-IMPL] Node 136/140: op=2 name=l_out-1
0.04.335.917 E [SYCL][PTR] src2 tensor=ffn_moe_topk-1 data=0x77cfb0233200 alloc=508 base=0xffffd55e47c9c000 size=524288 end=0xffffd55e47d1c000
0.04.336.102 E [SYCL][PTR] dst tensor=node_122 data=0xffffd55e67c2c200 alloc=1536 base=0xffffd55e47c9c000 size=524288 end=0xffffd55e47d1c000
0.04.336.231 E [SYCL][PTR] dst tensor=node_122 data=0xffffd55e67c2c800 alloc=96768 base=0xffffd55e47c9c000 size=524288 end=0xffffd55e47d1c000
0.04.336.370 E [UNIFIED-CACHE] planned-mode runtime materialization rejected op=direct_stage_weight caller=direct_stage_weight model=0 name_hash=0x9436376037e599f5 aux=294 type=0 ne=[1,2,1,1] layout=0 graph_active=1
0.04.336.429 E [SYCL][PTR] src1 tensor=ffn_moe_topk-1 data=0x77cfb0233200 alloc=508 base=0xffffd55e47c9c000 size=524288 end=0xffffd55e47d1c000
0.04.336.567 E [SYCL][PTR] src2 tensor=ffn_moe_topk-1 data=0x77cfb0233200 alloc=508 base=0xffffd55e47c9c000 size=524288 end=0xffffd55e47d1c000
0.04.336.714 E [SYCL][PTR] dst tensor=node_128 data=0xffffd55e67c2c200 alloc=1024 base=0xffffd55e47c9c000 size=524288 end=0xffffd55e47d1c000
0.04.336.992 E [SYCL][PTR] dst tensor=node_128 data=0xffffd55e67c2c600 alloc=64512 base=0xffffd55e47c9c000 size=524288 end=0xffffd55e47d1c000
0.04.337.229 E [UNIFIED-CACHE] planned-mode runtime materialization rejected op=direct_stage_weight caller=direct_stage_weight model=0 name_hash=0x2f51d65e2e10e7e6 aux=299 type=0 ne=[1,2,1,1] layout=0 graph_active=1
0.04.337.288 E [SYCL][PTR] src1 tensor=ffn_moe_topk-1 data=0x77cfb0233200 alloc=508 base=0xffffd55e47c9c000 size=524288 end=0xffffd55e47d1c000
[DEBUG-IMPL] Node 138/140: op=7 name=result_norm
[SYCL] simple consumer routing declined: op=MUL dst=result_norm local single-device plan ctx=0 target=0
[SYCL][OP] call ggml_sycl_mul: dst='result_norm':type=f32;ne=[256, 64, 1, 1];nb=[4, 1024, 65536, 65536]	src0='norm':type=f32;ne=[256, 64, 1, 1];nb=[4, 1024, 65536, 65536]	src1='output_norm.weight':type=f32;ne=[256, 1, 1, 1];nb=[4, 1024, 1024, 1024]
[SYCL-MUL-DBG] device=0 graph_recording=0 dst=result_norm src0=norm src1=output_norm.weight src0_ptr=0xffffd55e47cbc000 src1_ptr=0xffffd556b6420000 dst_ptr=0xffffd55e47cbc000 src0_layout=none src1_layout=aos last_graph_event=0 has_barrier=0 exec_graph=0 graph_nodes=0 graph_decode=0
[BINBCAST-PTR] src0=norm src0_host=0xffffd55e47cbc000 src0_d=0xffffd55e47cbc000
[BINBCAST-PTR] src1=output_norm.weight src1_host=0x77cdffc20040 src1_d=0xffffd556b6420000
[SYCL][OP] call ggml_sycl_mul done
[DEBUG-IMPL] Node 139/140: op=29 name=result_output
[SYCL] simple consumer routing declined: op=MUL_MAT dst=result_output plan unavailable ctx=0
[DEBUG-MULMAT] ENTER: src0=output.weight src1=result_norm dst=result_output
[SYCL][OP] call ggml_sycl_mul_mat: dst='result_output':type=f32;ne=[128, 64, 1, 1];nb=[4, 512, 32768, 32768]	src0='output.weight':type=f32;ne=[256, 128, 1, 1];nb=[4, 1024, 131072, 131072]	src1='result_norm':type=f32;ne=[256, 64, 1, 1];nb=[4, 1024, 65536, 65536]
[XMXConfig] device=0: M=8 N=16 K_INT8=32 K_FP16=16 SLM=131072 nsm=256 supported=1 int8=1 fp16=1 double_buf=1 max_esimd_wg=64 nbarrier=0 esimd_dpas=1
[SYCL] output.weight dispatch kernel=ONEDNN_AOS layout=0 batch=64
[MUL_MAT] src0 device=0 ptr=0xffffd556b6421400 (tensor=output.weight layout=0)
[MUL_MAT] dst device=0 ptr=0xffffd55e47c9c000 (tensor=result_output)
[SYCL] weight cache lookup: tensor=0x2e7762c0 name=output.weight device=0
[SYCL][OP] call ggml_sycl_mul_mat done
[GRAPH-UNPIN] Released 0 graph MoE expert mem_handle leases
[GRAPH-UNPIN-WEIGHTS] Released 0 graph weight mem_handle leases
[SYCL] call ggml_backend_sycl_get_tensor_async: tensor='result_output':type=f32;ne=[128, 64, 1, 1];nb=[4, 512, 32768, 32768] size=32768 offset=0
[SYCL] call ggml_backend_sycl_synchronize
[SYCL] call ggml_backend_sycl_synchronize
[SYCL] call ggml_backend_sycl_synchronize
[SYCL] call ggml_backend_sycl_synchronize
[SYCL] call ggml_backend_sycl_synchronize
[SYCL] call ggml_backend_sycl_synchronize
[SYCL] call ggml_backend_sycl_synchronize
[SYCL] call ggml_backend_sycl_synchronize
[SYCL] call ggml_backend_sycl_synchronize
[SYCL] call ggml_backend_sycl_synchronize
[SYCL] call ggml_backend_sycl_synchronize
[SYCL] call ggml_backend_sycl_synchronize
[SYCL] call ggml_backend_sycl_synchronize
[SYCL] call ggml_backend_sycl_synchronize
[SYCL] call ggml_backend_sycl_synchronize
[SYCL] call ggml_backend_sycl_synchronize
[SYCL] call ggml_backend_sycl_synchronize
[SYCL] call ggml_backend_sycl_synchronize
[SYCL] call ggml_backend_sycl_synchronize
[SYCL] call ggml_backend_sycl_synchronize
[SYCL] call ggml_backend_sycl_synchronize
[SYCL] call ggml_backend_sycl_synchronize
[SYCL] call ggml_backend_sycl_synchronize
[SYCL] call ggml_backend_sycl_synchronize
[SYCL] call ggml_backend_sycl_synchronize
[SYCL] call ggml_backend_sycl_synchronize
[SYCL] call ggml_backend_sycl_synchronize
[SYCL] call ggml_backend_sycl_synchronize
[SYCL] call ggml_backend_sycl_synchronize
[SYCL] call ggml_backend_sycl_synchronize
[SYCL] call ggml_backend_sycl_synchronize
[SYCL] call ggml_backend_sycl_synchronize
[SYCL] call ggml_backend_sycl_synchronize
[SYCL] call ggml_backend_sycl_synchronize
[SYCL] call ggml_backend_sycl_synchronize
[SYCL] call ggml_backend_sycl_synchronize
[SYCL] call ggml_backend_sycl_synchronize
[SYCL] call ggml_backend_sycl_synchronize
[SYCL] call ggml_backend_sycl_synchronize
[SYCL] call ggml_backend_sycl_synchronize
[SYCL] call ggml_backend_sycl_synchronize
[SYCL] call ggml_backend_sycl_synchronize
[SYCL] call ggml_backend_sycl_synchronize
[SYCL] call ggml_backend_sycl_synchronize
[SYCL] call ggml_backend_sycl_synchronize
[SYCL] call ggml_backend_sycl_synchronize
[SYCL] call ggml_backend_sycl_synchronize
[SYCL] call ggml_backend_sycl_synchronize
[SYCL] call ggml_backend_sycl_synchronize
[SYCL] call ggml_backend_sycl_synchronize
[SYCL] call ggml_backend_sycl_synchronize
[SYCL] call ggml_backend_sycl_synchronize
[SYCL] call ggml_backend_sycl_synchronize
[SYCL] call ggml_backend_sycl_synchronize
[SYCL] call ggml_backend_sycl_synchronize
[SYCL] call ggml_backend_sycl_synchronize
[SYCL] call ggml_backend_sycl_synchronize
[SYCL] call ggml_backend_sycl_synchronize
[SYCL] call ggml_backend_sycl_synchronize
[SYCL] call ggml_backend_sycl_synchronize
[SYCL] call ggml_backend_sycl_synchronize
[SYCL] call ggml_backend_sycl_synchronize
[SYCL] call ggml_backend_sycl_synchronize
[SYCL] call ggml_backend_sycl_synchronize
[SYCL] call ggml_backend_sycl_synchronize
[SYCL] call ggml_backend_sycl_synchronize
[SYCL] call ggml_backend_sycl_synchronize
[SYCL] call ggml_backend_sycl_synchronize
[SYCL] call ggml_backend_sycl_synchronize
[SYCL] call ggml_backend_sycl_synchronize
[SYCL] call ggml_backend_sycl_synchronize
[SYCL] call ggml_backend_sycl_synchronize
[SYCL] call ggml_backend_sycl_synchronize
[SYCL] call ggml_backend_sycl_synchronize
[SYCL] call ggml_backend_sycl_synchronize
[SYCL] call ggml_backend_sycl_synchronize
[SYCL] call ggml_backend_sycl_synchronize
[SYCL] call ggml_backend_sycl_synchronize
[SYCL] call ggml_backend_sycl_synchronize
[SYCL] call ggml_backend_sycl_synchronize
[SYCL] call ggml_backend_sycl_synchronize
[SYCL] call ggml_backend_sycl_synchronize
[SYCL] call ggml_backend_sycl_synchronize
[SYCL] call ggml_backend_sycl_synchronize
[SYCL] call ggml_backend_sycl_synchronize
[SYCL] call ggml_backend_sycl_synchronize
[SYCL] call ggml_backend_sycl_synchronize
[SYCL] call ggml_backend_sycl_synchronize
[SYCL] call ggml_backend_sycl_synchronize
[SYCL] call ggml_backend_sycl_synchronize
[SYCL] call ggml_backend_sycl_synchronize
[SYCL] call ggml_backend_sycl_synchronize
[SYCL] call ggml_backend_sycl_synchronize
[SYCL] call ggml_backend_sycl_synchronize
[SYCL] call ggml_backend_sycl_synchronize
[SYCL] call ggml_backend_sycl_synchronize
[SYCL] call ggml_backend_sycl_synchronize
[SYCL] call ggml_backend_sycl_synchronize
[SYCL] call ggml_backend_sycl_synchronize
[SYCL] call ggml_backend_sycl_synchronize
[SYCL] call ggml_backend_sycl_synchronize
[SYCL] call ggml_backend_sycl_synchronize
[SYCL] call ggml_backend_sycl_synchronize
[SYCL] call ggml_backend_sycl_synchronize
[SYCL] call ggml_backend_sycl_synchronize
[SYCL] call ggml_backend_sycl_synchronize
[SYCL] call ggml_backend_sycl_synchronize
[SYCL] call ggml_backend_sycl_synchronize
[SYCL] call ggml_backend_sycl_synchronize
[SYCL] call ggml_backend_sycl_synchronize
[SYCL] call ggml_backend_sycl_synchronize
[SYCL] call ggml_backend_sycl_synchronize
[SYCL] call ggml_backend_sycl_synchronize
[SYCL] call ggml_backend_sycl_synchronize
[SYCL] call ggml_backend_sycl_synchronize
[SYCL] call ggml_backend_sycl_synchronize
[SYCL] call ggml_backend_sycl_synchronize
[SYCL] call ggml_backend_sycl_synchronize
[SYCL] call ggml_backend_sycl_synchronize
[SYCL] call ggml_backend_sycl_synchronize
[SYCL] call ggml_backend_sycl_synchronize
[SYCL] call ggml_backend_sycl_synchronize
[SYCL] call ggml_backend_sycl_synchronize
[SYCL] call ggml_backend_sycl_synchronize
[SYCL] call ggml_backend_sycl_synchronize
[SYCL] call ggml_backend_sycl_synchronize
[SYCL] call ggml_backend_sycl_synchronize
[SYCL] call ggml_backend_sycl_synchronize
[UNIFIED-CACHE] reclaim_weight_entries preserving leased model weight model=0 name_hash=0xfa2cebe23c7ce880 layout=0 leases=2 owners=0x00000001 site=mem_handle/copy-assign
[UNIFIED-CACHE] lease ring for name_hash=0xfa2cebe23c7ce880: seq=8-release:mem_handle/release_lease_state seq=10+acquire:mem_handle/copy-ctor seq=11+acquire:mem_handle/copy-assign seq=12-release:mem_handle/release_lease_state seq=13-release:mem_handle/release_lease_state seq=5-release:mem_handle/release_lease_state seq=6+acquire:mem_handle/copy-ctor seq=7+acquire:mem_handle/copy-assign
[UNIFIED-CACHE] reclaim_weight_entries preserving leased model weight model=0 name_hash=0x81cb139cf9389c1a layout=0 leases=2 owners=0x00000001 site=mem_handle/copy-assign
[UNIFIED-CACHE] lease ring for name_hash=0x81cb139cf9389c1a: seq=8-release:mem_handle/release_lease_state seq=9-release:mem_handle/release_lease_state seq=10+acquire:mem_handle/copy-ctor seq=11+acquire:mem_handle/copy-assign seq=12-release:mem_handle/release_lease_state seq=13-release:mem_handle/release_lease_state seq=6+acquire:mem_handle/copy-ctor seq=7+acquire:mem_handle/copy-assign
[UNIFIED-CACHE] reclaim_weight_entries preserving leased model weight model=0 name_hash=0x79309297d69c2863 layout=0 leases=2 owners=0x00000001 site=mem_handle/copy-assign
[UNIFIED-CACHE] lease ring for name_hash=0x79309297d69c2863: seq=8-release:mem_handle/release_lease_state seq=9-release:mem_handle/release_lease_state seq=10+acquire:mem_handle/copy-ctor seq=11+acquire:mem_handle/copy-assign seq=12-release:mem_handle/release_lease_state seq=13-release:mem_handle/release_lease_state seq=6+acquire:mem_handle/copy-ctor seq=7+acquire:mem_handle/copy-assign
[UNIFIED-CACHE] reclaim_weight_entries preserving leased model weight model=0 name_hash=0x8ef83253410b0357 layout=0 leases=2 owners=0x00000001 site=mem_handle/copy-assign
[UNIFIED-CACHE] lease ring for name_hash=0x8ef83253410b0357: seq=8-release:mem_handle/release_lease_state seq=9-release:mem_handle/release_lease_state seq=10+acquire:mem_handle/copy-ctor seq=11+acquire:mem_handle/copy-assign seq=12-release:mem_handle/release_lease_state seq=13-release:mem_handle/release_lease_state seq=6+acquire:mem_handle/copy-ctor seq=7+acquire:mem_handle/copy-assign
[UNIFIED-CACHE] reclaim_weight_entries preserving leased model weight model=0 name_hash=0x4b836cca1e4139c2 layout=0 leases=2 owners=0x00000001 site=mem_handle/copy-assign
[UNIFIED-CACHE] lease ring for name_hash=0x4b836cca1e4139c2: seq=8-release:mem_handle/release_lease_state seq=9-release:mem_handle/release_lease_state seq=10+acquire:mem_handle/copy-ctor seq=11+acquire:mem_handle/copy-assign seq=12-release:mem_handle/release_lease_state seq=13-release:mem_handle/release_lease_state seq=6+acquire:mem_handle/copy-ctor seq=7+acquire:mem_handle/copy-assign
[UNIFIED-CACHE] reclaim_weight_entries preserving leased model weight model=0 name_hash=0x1fa7b913e22dad38 layout=0 leases=2 owners=0x00000001 site=mem_handle/copy-assign
[UNIFIED-CACHE] lease ring for name_hash=0x1fa7b913e22dad38: seq=8-release:mem_handle/release_lease_state seq=9-release:mem_handle/release_lease_state seq=10+acquire:mem_handle/copy-ctor seq=11+acquire:mem_handle/copy-assign seq=12-release:mem_handle/release_lease_state seq=13-release:mem_handle/release_lease_state seq=6+acquire:mem_handle/copy-ctor seq=7+acquire:mem_handle/copy-assign
[UNIFIED-CACHE] reclaim_weight_entries preserving leased model weight model=0 name_hash=0xcce9ad7a5c60a427 layout=0 leases=2 owners=0x00000001 site=mem_handle/copy-assign
[UNIFIED-CACHE] lease ring for name_hash=0xcce9ad7a5c60a427: seq=8-release:mem_handle/release_lease_state seq=9-release:mem_handle/release_lease_state seq=10+acquire:mem_handle/copy-ctor seq=11+acquire:mem_handle/copy-assign seq=12-release:mem_handle/release_lease_state seq=13-release:mem_handle/release_lease_state seq=6+acquire:mem_handle/copy-ctor seq=7+acquire:mem_handle/copy-assign
[UNIFIED-CACHE] reclaim_weight_entries preserving leased model weight model=0 name_hash=0xbf5048183c11916b layout=0 leases=2 owners=0x00000001 site=mem_handle/copy-assign
[UNIFIED-CACHE] lease ring for name_hash=0xbf5048183c11916b: seq=8-release:mem_handle/release_lease_state seq=9-release:mem_handle/release_lease_state seq=10+acquire:mem_handle/copy-ctor seq=11+acquire:mem_handle/copy-assign seq=12-release:mem_handle/release_lease_state seq=13-release:mem_handle/release_lease_state seq=6+acquire:mem_handle/copy-ctor seq=7+acquire:mem_handle/copy-assign
[UNIFIED-CACHE] reclaim_weight_entries preserving leased model weight model=0 name_hash=0x53bcfe044f0d7ab3 layout=0 leases=2 owners=0x00000001 site=extra->data_handle[]/preload_model_weights(dense-pin)
[UNIFIED-CACHE] lease ring for name_hash=0x53bcfe044f0d7ab3: seq=0+acquire:direct_stage_weight/mirror seq=1+acquire:direct_stage_weight/publish-out_handle seq=2+acquire:mem_handle/copy-assign seq=3-release:mem_handle/release_lease_state
[UNIFIED-CACHE] reclaim_weight_entries preserving leased model weight model=0 name_hash=0x521b1f4d40cd780a layout=0 leases=2 owners=0x00000001 site=extra->data_handle[]/preload_model_weights(dense-pin)
[UNIFIED-CACHE] lease ring for name_hash=0x521b1f4d40cd780a: seq=0+acquire:direct_stage_weight/mirror seq=1+acquire:direct_stage_weight/publish-out_handle seq=2+acquire:mem_handle/copy-assign seq=3-release:mem_handle/release_lease_state
[UNIFIED-CACHE] reclaim_weight_entries preserving leased model weight model=0 name_hash=0x311b9ae764a4abcf layout=0 leases=2 owners=0x00000001 site=extra->data_handle[]/preload_model_weights(dense-pin)
[UNIFIED-CACHE] lease ring for name_hash=0x311b9ae764a4abcf: seq=0+acquire:direct_stage_weight/mirror seq=1+acquire:direct_stage_weight/publish-out_handle seq=2+acquire:mem_handle/copy-assign seq=3-release:mem_handle/release_lease_state
[UNIFIED-CACHE] reclaim_weight_entries preserving leased model weight model=0 name_hash=0xe9ca1d4053ae41f9 layout=0 leases=2 owners=0x00000001 site=extra->data_handle[]/preload_model_weights(dense-pin)
[UNIFIED-CACHE] lease ring for name_hash=0xe9ca1d4053ae41f9: seq=0+acquire:direct_stage_weight/mirror seq=1+acquire:direct_stage_weight/publish-out_handle seq=2+acquire:mem_handle/copy-assign seq=3-release:mem_handle/release_lease_state
[UNIFIED-CACHE] reclaim_weight_entries preserving leased model weight model=0 name_hash=0xcaf5b0fcacce6aea layout=0 leases=2 owners=0x00000001 site=extra->data_handle[]/preload_model_weights(dense-pin)
[UNIFIED-CACHE] lease ring for name_hash=0xcaf5b0fcacce6aea: seq=0+acquire:direct_stage_weight/mirror seq=1+acquire:direct_stage_weight/publish-out_handle seq=2+acquire:mem_handle/copy-assign seq=3-release:mem_handle/release_lease_state
[UNIFIED-CACHE] reclaim_weight_entries preserving leased model weight model=0 name_hash=0xe5a443ece75be10e layout=0 leases=2 owners=0x00000001 site=extra->data_handle[]/preload_model_weights(dense-pin)
[UNIFIED-CACHE] lease ring for name_hash=0xe5a443ece75be10e: seq=0+acquire:direct_stage_weight/mirror seq=1+acquire:direct_stage_weight/publish-out_handle seq=2+acquire:mem_handle/copy-assign seq=3-release:mem_handle/release_lease_state
[UNIFIED-CACHE] reclaim_weight_entries preserving leased model weight model=0 name_hash=0x28e162c724839a layout=0 leases=2 owners=0x00000001 site=extra->data_handle[]/preload_model_weights(dense-pin)
[UNIFIED-CACHE] lease ring for name_hash=0x28e162c724839a: seq=0+acquire:direct_stage_weight/mirror seq=1+acquire:direct_stage_weight/publish-out_handle seq=2+acquire:mem_handle/copy-assign seq=3-release:mem_handle/release_lease_state
[UNIFIED-CACHE] reclaim_weight_entries preserving leased model weight model=0 name_hash=0xc0bcce7fc727feb8 layout=0 leases=2 owners=0x00000001 site=extra->data_handle[]/preload_model_weights(dense-pin)
[UNIFIED-CACHE] lease ring for name_hash=0xc0bcce7fc727feb8: seq=0+acquire:direct_stage_weight/mirror seq=1+acquire:direct_stage_weight/publish-out_handle seq=2+acquire:mem_handle/copy-assign seq=3-release:mem_handle/release_lease_state
[UNIFIED-CACHE] reclaim_weight_entries preserving leased model weight model=0 name_hash=0x64cda8f8043233df layout=0 leases=2 owners=0x00000001 site=extra->data_handle[]/preload_model_weights(dense-pin)
[UNIFIED-CACHE] lease ring for name_hash=0x64cda8f8043233df: seq=0+acquire:direct_stage_weight/mirror seq=1+acquire:direct_stage_weight/publish-out_handle seq=2+acquire:mem_handle/copy-assign seq=3-release:mem_handle/release_lease_state
[UNIFIED-CACHE] reclaim_weight_entries preserving leased model weight model=0 name_hash=0xde9943e34534adc3 layout=0 leases=2 owners=0x00000001 site=extra->data_handle[]/preload_model_weights(dense-pin)
[UNIFIED-CACHE] lease ring for name_hash=0xde9943e34534adc3: seq=0+acquire:direct_stage_weight/mirror seq=1+acquire:direct_stage_weight/publish-out_handle seq=2+acquire:mem_handle/copy-assign seq=3-release:mem_handle/release_lease_state
[UNIFIED-CACHE] reclaim_weight_entries preserving leased model weight model=0 name_hash=0x213f84667dda1dba layout=0 leases=2 owners=0x00000001 site=extra->data_handle[]/preload_model_weights(dense-pin)
[UNIFIED-CACHE] lease ring for name_hash=0x213f84667dda1dba: seq=0+acquire:direct_stage_weight/mirror seq=1+acquire:direct_stage_weight/publish-out_handle seq=2+acquire:mem_handle/copy-assign seq=3-release:mem_handle/release_lease_state
[UNIFIED-CACHE] reclaim_weight_entries preserving leased model weight model=0 name_hash=0xc65810b3308e2a65 layout=0 leases=2 owners=0x00000001 site=extra->data_handle[]/preload_model_weights(dense-pin)
[UNIFIED-CACHE] lease ring for name_hash=0xc65810b3308e2a65: seq=0+acquire:direct_stage_weight/mirror seq=1+acquire:direct_stage_weight/publish-out_handle seq=2+acquire:mem_handle/copy-assign seq=3-release:mem_handle/release_lease_state
[UNIFIED-CACHE] reclaim_weight_entries preserving leased model weight model=0 name_hash=0xa038863d6bb466d9 layout=0 leases=2 owners=0x00000001 site=mem_handle/copy-assign
[UNIFIED-CACHE] lease ring for name_hash=0xa038863d6bb466d9: seq=8-release:mem_handle/release_lease_state seq=9-release:mem_handle/release_lease_state seq=10+acquire:mem_handle/copy-ctor seq=11+acquire:mem_handle/copy-assign seq=12-release:mem_handle/release_lease_state seq=13-release:mem_handle/release_lease_state seq=6+acquire:mem_handle/copy-ctor seq=7+acquire:mem_handle/copy-assign
[UNIFIED-CACHE] reclaim_weight_entries preserving leased model weight model=0 name_hash=0xd04126154633d92a layout=0 leases=2 owners=0x00000001 site=extra->data_handle[]/preload_model_weights(dense-pin)
[UNIFIED-CACHE] lease ring for name_hash=0xd04126154633d92a: seq=0+acquire:direct_stage_weight/mirror seq=1+acquire:direct_stage_weight/publish-out_handle seq=2+acquire:mem_handle/copy-assign seq=3-release:mem_handle/release_lease_state
[UNIFIED-CACHE] reclaim_weight_entries preserving leased model weight model=0 name_hash=0xfbcd64193ed7dd81 layout=0 leases=2 owners=0x00000001 site=mem_handle/copy-assign
[UNIFIED-CACHE] lease ring for name_hash=0xfbcd64193ed7dd81: seq=8-release:mem_handle/release_lease_state seq=9-release:mem_handle/release_lease_state seq=10+acquire:mem_handle/copy-ctor seq=11+acquire:mem_handle/copy-assign seq=12-release:mem_handle/release_lease_state seq=13-release:mem_handle/release_lease_state seq=6+acquire:mem_handle/copy-ctor seq=7+acquire:mem_handle/copy-assign
[UNIFIED-CACHE] reclaim_weight_entries preserving leased model weight model=0 name_hash=0xa7c2590f0166f6b0 layout=0 leases=2 owners=0x00000001 site=extra->data_handle[]/preload_model_weights(dense-pin)
[UNIFIED-CACHE] lease ring for name_hash=0xa7c2590f0166f6b0: seq=0+acquire:direct_stage_weight/mirror seq=1+acquire:direct_stage_weight/publish-out_handle seq=2+acquire:mem_handle/copy-assign seq=3-release:mem_handle/release_lease_state
[UNIFIED-CACHE] reclaim_weight_entries preserving leased model weight model=0 name_hash=0xd300609ad66701b8 layout=0 leases=2 owners=0x00000001 site=mem_handle/copy-assign
[UNIFIED-CACHE] lease ring for name_hash=0xd300609ad66701b8: seq=8-release:mem_handle/release_lease_state seq=9-release:mem_handle/release_lease_state seq=10+acquire:mem_handle/copy-ctor seq=11+acquire:mem_handle/copy-assign seq=12-release:mem_handle/release_lease_state seq=13-release:mem_handle/release_lease_state seq=6+acquire:mem_handle/copy-ctor seq=7+acquire:mem_handle/copy-assign
[UNIFIED-CACHE] reclaim_weight_entries preserving leased model weight model=0 name_hash=0xeb54b67e9f099c46 layout=0 leases=2 owners=0x00000001 site=extra->data_handle[]/preload_model_weights(dense-pin)
[UNIFIED-CACHE] lease ring for name_hash=0xeb54b67e9f099c46: seq=0+acquire:direct_stage_weight/mirror seq=1+acquire:direct_stage_weight/publish-out_handle seq=2+acquire:mem_handle/copy-assign seq=3-release:mem_handle/release_lease_state
[UNIFIED-CACHE] reclaim_weight_entries preserving leased model weight model=0 name_hash=0xa7d836df53ff49d4 layout=0 leases=2 owners=0x00000001 site=extra->data_handle[]/preload_model_weights(dense-pin)
[UNIFIED-CACHE] lease ring for name_hash=0xa7d836df53ff49d4: seq=0+acquire:direct_stage_weight/mirror seq=1+acquire:direct_stage_weight/publish-out_handle seq=2+acquire:mem_handle/copy-assign seq=3-release:mem_handle/release_lease_state
[UNIFIED-CACHE] reclaim_weight_entries preserving leased model weight model=0 name_hash=0x6059a543aef7dbb7 layout=0 leases=2 owners=0x00000001 site=extra->data_handle[]/preload_model_weights(dense-pin)
[UNIFIED-CACHE] lease ring for name_hash=0x6059a543aef7dbb7: seq=0+acquire:direct_stage_weight/mirror seq=1+acquire:direct_stage_weight/publish-out_handle seq=2+acquire:mem_handle/copy-assign seq=3-release:mem_handle/release_lease_state
[UNIFIED-CACHE] reclaim_weight_entries preserving leased model weight model=0 name_hash=0xb09204520b9c97f0 layout=0 leases=2 owners=0x00000001 site=extra->data_handle[]/preload_model_weights(dense-pin)
[UNIFIED-CACHE] lease ring for name_hash=0xb09204520b9c97f0: seq=0+acquire:direct_stage_weight/mirror seq=1+acquire:direct_stage_weight/publish-out_handle seq=2+acquire:mem_handle/copy-assign seq=3-release:mem_handle/release_lease_state
[UNIFIED-CACHE] reclaim_weight_entries preserving leased model weight model=0 name_hash=0x4e1cae023ae18c67 layout=0 leases=2 owners=0x00000001 site=extra->data_handle[]/preload_model_weights(dense-pin)
[UNIFIED-CACHE] lease ring for name_hash=0x4e1cae023ae18c67: seq=0+acquire:direct_stage_weight/mirror seq=1+acquire:direct_stage_weight/publish-out_handle seq=2+acquire:mem_handle/copy-assign seq=3-release:mem_handle/release_lease_state
[UNIFIED-CACHE] reclaim_weight_entries preserving leased model weight model=0 name_hash=0x47466764d37e580d layout=0 leases=2 owners=0x00000001 site=extra->data_handle[]/preload_model_weights(dense-pin)
[UNIFIED-CACHE] lease ring for name_hash=0x47466764d37e580d: seq=0+acquire:direct_stage_weight/mirror seq=1+acquire:direct_stage_weight/publish-out_handle seq=2+acquire:mem_handle/copy-assign seq=3-release:mem_handle/release_lease_state
[UNIFIED-CACHE] reclaim_weight_entries preserving leased model weight model=0 name_hash=0xae8ba76e3b151d9e layout=0 leases=2 owners=0x00000001 site=extra->data_handle[]/preload_model_weights(dense-pin)
[UNIFIED-CACHE] lease ring for name_hash=0xae8ba76e3b151d9e: seq=0+acquire:direct_stage_weight/mirror seq=1+acquire:direct_stage_weight/publish-out_handle seq=2+acquire:mem_handle/copy-assign seq=3-release:mem_handle/release_lease_state
[UNIFIED-CACHE] reclaim_weight_entries preserving leased model weight model=0 name_hash=0xf6a1f79a2dffe780 layout=0 leases=2 owners=0x00000001 site=extra->data_handle[]/preload_model_weights(dense-pin)
[UNIFIED-CACHE] lease ring for name_hash=0xf6a1f79a2dffe780: seq=0+acquire:direct_stage_weight/mirror seq=1+acquire:direct_stage_weight/publish-out_handle seq=2+acquire:mem_handle/copy-assign seq=3-release:mem_handle/release_lease_state
[UNIFIED-CACHE] reclaim_weight_entries preserving leased model weight model=0 name_hash=0xe30c0751e9ab32a9 layout=0 leases=2 owners=0x00000001 site=extra->data_handle[]/preload_model_weights(dense-pin)
[UNIFIED-CACHE] lease ring for name_hash=0xe30c0751e9ab32a9: seq=0+acquire:direct_stage_weight/mirror seq=1+acquire:direct_stage_weight/publish-out_handle seq=2+acquire:mem_handle/copy-assign seq=3-release:mem_handle/release_lease_state
[UNIFIED-CACHE] reclaim_weight_entries preserving leased model weight model=0 name_hash=0xaed088ad06d329a3 layout=0 leases=2 owners=0x00000001 site=extra->data_handle[]/preload_model_weights(dense-pin)
[UNIFIED-CACHE] lease ring for name_hash=0xaed088ad06d329a3: seq=0+acquire:direct_stage_weight/mirror seq=1+acquire:direct_stage_weight/publish-out_handle seq=2+acquire:mem_handle/copy-assign seq=3-release:mem_handle/release_lease_state
[UNIFIED-CACHE] reclaim_weight_entries preserving leased model weight model=0 name_hash=0xdf7c04510f974718 layout=0 leases=2 owners=0x00000001 site=extra->data_handle[]/preload_model_weights(dense-pin)
[UNIFIED-CACHE] lease ring for name_hash=0xdf7c04510f974718: seq=0+acquire:direct_stage_weight/mirror seq=1+acquire:direct_stage_weight/publish-out_handle seq=2+acquire:mem_handle/copy-assign seq=3-release:mem_handle/release_lease_state
[UNIFIED-CACHE] reclaim_weight_entries preserving leased model weight model=0 name_hash=0x6bbc0b27530c18fc layout=0 leases=2 owners=0x00000001 site=extra->data_handle[]/preload_model_weights(dense-pin)
[UNIFIED-CACHE] lease ring for name_hash=0x6bbc0b27530c18fc: seq=0+acquire:direct_stage_weight/mirror seq=1+acquire:direct_stage_weight/publish-out_handle seq=2+acquire:mem_handle/copy-assign seq=3-release:mem_handle/release_lease_state
[UNIFIED-CACHE] reclaim_weight_entries preserving leased model weight model=0 name_hash=0xb235334776d9c72d layout=0 leases=2 owners=0x00000001 site=extra->data_handle[]/preload_model_weights(dense-pin)
[UNIFIED-CACHE] lease ring for name_hash=0xb235334776d9c72d: seq=0+acquire:direct_stage_weight/mirror seq=1+acquire:direct_stage_weight/publish-out_handle seq=2+acquire:mem_handle/copy-assign seq=3-release:mem_handle/release_lease_state
[UNIFIED-CACHE] reclaim_weight_entries preserving leased model weight model=0 name_hash=0xe34f3e7aafdba3a5 layout=0 leases=2 owners=0x00000001 site=extra->data_handle[]/preload_model_weights(dense-pin)
[UNIFIED-CACHE] lease ring for name_hash=0xe34f3e7aafdba3a5: seq=0+acquire:direct_stage_weight/mirror seq=1+acquire:direct_stage_weight/publish-out_handle seq=2+acquire:mem_handle/copy-assign seq=3-release:mem_handle/release_lease_state
[UNIFIED-CACHE] reclaim_weight_entries preserving leased model weight model=0 name_hash=0x5f062fc81c4478b3 layout=0 leases=2 owners=0x00000001 site=mem_handle/copy-assign
[UNIFIED-CACHE] lease ring for name_hash=0x5f062fc81c4478b3: seq=8-release:mem_handle/release_lease_state seq=9-release:mem_handle/release_lease_state seq=10+acquire:mem_handle/copy-ctor seq=11+acquire:mem_handle/copy-assign seq=12-release:mem_handle/release_lease_state seq=13-release:mem_handle/release_lease_state seq=6+acquire:mem_handle/copy-ctor seq=7+acquire:mem_handle/copy-assign
[UNIFIED-CACHE] reclaim_weight_entries preserving leased model weight model=0 name_hash=0xd16c818664a0cc0a layout=0 leases=2 owners=0x00000001 site=extra->data_handle[]/preload_model_weights(dense-pin)
[UNIFIED-CACHE] lease ring for name_hash=0xd16c818664a0cc0a: seq=0+acquire:direct_stage_weight/mirror seq=1+acquire:direct_stage_weight/publish-out_handle seq=2+acquire:mem_handle/copy-assign seq=3-release:mem_handle/release_lease_state
[UNIFIED-CACHE] reclaim_weight_entries preserving leased model weight model=0 name_hash=0x3779a6d76e4c7ee2 layout=0 leases=2 owners=0x00000001 site=extra->data_handle[]/preload_model_weights(dense-pin)
[UNIFIED-CACHE] lease ring for name_hash=0x3779a6d76e4c7ee2: seq=0+acquire:direct_stage_weight/mirror seq=1+acquire:direct_stage_weight/publish-out_handle seq=2+acquire:mem_handle/copy-assign seq=3-release:mem_handle/release_lease_state
[UNIFIED-CACHE] reclaim_weight_entries preserving leased model weight model=0 name_hash=0xe4065a55adaaf03f layout=0 leases=2 owners=0x00000001 site=extra->data_handle[]/preload_model_weights(dense-pin)
[UNIFIED-CACHE] lease ring for name_hash=0xe4065a55adaaf03f: seq=0+acquire:direct_stage_weight/mirror seq=1+acquire:direct_stage_weight/publish-out_handle seq=2+acquire:mem_handle/copy-assign seq=3-release:mem_handle/release_lease_state
[UNIFIED-CACHE] reclaim_weight_entries preserving leased model weight model=0 name_hash=0xd46dcd1b728c981f layout=0 leases=2 owners=0x00000001 site=extra->data_handle[]/preload_model_weights(dense-pin)
[UNIFIED-CACHE] lease ring for name_hash=0xd46dcd1b728c981f: seq=0+acquire:direct_stage_weight/mirror seq=1+acquire:direct_stage_weight/publish-out_handle seq=2+acquire:mem_handle/copy-assign seq=3-release:mem_handle/release_lease_state
[UNIFIED-CACHE] reclaim_weight_entries preserving leased model weight model=0 name_hash=0xab8cfe3bf6a50b9c layout=0 leases=2 owners=0x00000001 site=extra->data_handle[]/preload_model_weights(dense-pin)
[UNIFIED-CACHE] lease ring for name_hash=0xab8cfe3bf6a50b9c: seq=0+acquire:direct_stage_weight/mirror seq=1+acquire:direct_stage_weight/publish-out_handle seq=2+acquire:mem_handle/copy-assign seq=3-release:mem_handle/release_lease_state
[UNIFIED-CACHE] reclaim_weight_entries preserving leased model weight model=0 name_hash=0x3a931c14a53d5960 layout=0 leases=2 owners=0x00000001 site=extra->data_handle[]/preload_model_weights(dense-pin)
[UNIFIED-CACHE] lease ring for name_hash=0x3a931c14a53d5960: seq=0+acquire:direct_stage_weight/mirror seq=1+acquire:direct_stage_weight/publish-out_handle seq=2+acquire:mem_handle/copy-assign seq=3-release:mem_handle/release_lease_state
[UNIFIED-CACHE] reclaim_weight_entries preserving leased model weight model=0 name_hash=0x38771636bce5a702 layout=0 leases=2 owners=0x00000001 site=extra->data_handle[]/preload_model_weights(dense-pin)
[UNIFIED-CACHE] lease ring for name_hash=0x38771636bce5a702: seq=0+acquire:direct_stage_weight/mirror seq=1+acquire:direct_stage_weight/publish-out_handle seq=2+acquire:mem_handle/copy-assign seq=3-release:mem_handle/release_lease_state
[UNIFIED-CACHE] reclaim_weight_entries preserving leased model weight model=0 name_hash=0x3ba5a6821b6511e0 layout=0 leases=2 owners=0x00000001 site=extra->data_handle[]/preload_model_weights(dense-pin)
[UNIFIED-CACHE] lease ring for name_hash=0x3ba5a6821b6511e0: seq=0+acquire:direct_stage_weight/mirror seq=1+acquire:direct_stage_weight/publish-out_handle seq=2+acquire:mem_handle/copy-assign seq=3-release:mem_handle/release_lease_state
[UNIFIED-CACHE] reclaim_weight_entries preserving leased model weight model=0 name_hash=0x15380309041992d9 layout=0 leases=2 owners=0x00000001 site=extra->data_handle[]/preload_model_weights(dense-pin)
[UNIFIED-CACHE] lease ring for name_hash=0x15380309041992d9: seq=0+acquire:direct_stage_weight/mirror seq=1+acquire:direct_stage_weight/publish-out_handle seq=2+acquire:mem_handle/copy-assign seq=3-release:mem_handle/release_lease_state
[UNIFIED-CACHE] reclaim_weight_entries preserving leased model weight model=0 name_hash=0x4599df1b04c6b9fb layout=0 leases=2 owners=0x00000001 site=extra->data_handle[]/preload_model_weights(dense-pin)
[UNIFIED-CACHE] lease ring for name_hash=0x4599df1b04c6b9fb: seq=0+acquire:direct_stage_weight/mirror seq=1+acquire:direct_stage_weight/publish-out_handle seq=2+acquire:mem_handle/copy-assign seq=3-release:mem_handle/release_lease_state
[UNIFIED-CACHE] reclaim_weight_entries preserving leased model weight model=0 name_hash=0xe7d3c5e727a81c4d layout=0 leases=2 owners=0x00000001 site=extra->data_handle[]/preload_model_weights(dense-pin)
[UNIFIED-CACHE] lease ring for name_hash=0xe7d3c5e727a81c4d: seq=0+acquire:direct_stage_weight/mirror seq=1+acquire:direct_stage_weight/publish-out_handle seq=2+acquire:mem_handle/copy-assign seq=3-release:mem_handle/release_lease_state
[UNIFIED-CACHE] reclaim_weight_entries preserving leased model weight model=0 name_hash=0xef3db2028fcb16a3 layout=0 leases=2 owners=0x00000001 site=extra->data_handle[]/preload_model_weights(dense-pin)
[UNIFIED-CACHE] lease ring for name_hash=0xef3db2028fcb16a3: seq=0+acquire:direct_stage_weight/mirror seq=1+acquire:direct_stage_weight/publish-out_handle seq=2+acquire:mem_handle/copy-assign seq=3-release:mem_handle/release_lease_state
[UNIFIED-CACHE] reclaim_weight_entries preserving leased model weight model=0 name_hash=0x348b7dd451046514 layout=0 leases=2 owners=0x00000001 site=extra->data_handle[]/preload_model_weights(dense-pin)
[UNIFIED-CACHE] lease ring for name_hash=0x348b7dd451046514: seq=0+acquire:direct_stage_weight/mirror seq=1+acquire:direct_stage_weight/publish-out_handle seq=2+acquire:mem_handle/copy-assign seq=3-release:mem_handle/release_lease_state
[UNIFIED-CACHE] reclaim_weight_entries preserving leased model weight model=0 name_hash=0xad045d15402c08d3 layout=0 leases=2 owners=0x00000001 site=extra->data_handle[]/preload_model_weights(dense-pin)
[UNIFIED-CACHE] lease ring for name_hash=0xad045d15402c08d3: seq=0+acquire:direct_stage_weight/mirror seq=1+acquire:direct_stage_weight/publish-out_handle seq=2+acquire:mem_handle/copy-assign seq=3-release:mem_handle/release_lease_state
[UNIFIED-CACHE] reclaim weight entries(load-boundary): erased 0 unpinned 0
[ZONE-RESET-AUDIT] NEW-ESCAPE site=weight-reclaim/load-boundary:dev0 graph=6 alloc_id=6033976895229229747 size=2048 role=0 category=2 tier=0 cohort=weight:leased
[UNIFIED-CACHE] reclaim weight entries(load-boundary): erased 0 unpinned 0
[SYCL] call ggml_backend_sycl_init
[SYCL] call ggml_backend_sycl_get_device_memory
[MEM-QUERY] dev=0 free=455.8 MB total=32656.0 MB consumed=32200.2 MB
[SYCL] call ggml_backend_sycl_get_device_memory
[SYCL] call ggml_backend_sycl_get_device_memory
[MEM-QUERY] dev=1 free=572.1 MB total=16304.0 MB consumed=15731.9 MB
[PLACEMENT-MOE-MULTI-TRACE] entries=24 xmx=0 soa=0 alt_entries=0 alt_layouts=0 alt_soa=0 kv_ubatch=512 top_k=1 envelope=1 envelope_ubatch=0 mode=1
SYCL TP: Freed all persistent FFN buffers via unified-cache handles
SYCL TP: Freed all persistent attention buffers
[MEM-HANDLE] released 0 command-graph retained leases
[GRAPH-UNPIN] Released 0 graph MoE expert mem_handle leases
[GRAPH-UNPIN-WEIGHTS] Released 0 graph weight mem_handle leases
[SYCL] call ggml_backend_sycl_host_buffer_type
[SYCL] call ggml_backend_sycl_init
[SYCL] call ggml_backend_sycl_get_device_memory
[MEM-QUERY] dev=0 free=455.8 MB total=32656.0 MB consumed=32200.2 MB
[SYCL] call ggml_backend_sycl_get_device_memory
[SYCL] call ggml_backend_sycl_get_device_memory
[MEM-QUERY] dev=1 free=572.1 MB total=16304.0 MB consumed=15731.9 MB
[PLACEMENT-MOE-MULTI-TRACE] entries=24 xmx=0 soa=0 alt_entries=0 alt_layouts=0 alt_soa=0 kv_ubatch=512 top_k=1 envelope=1 envelope_ubatch=0 mode=1
SYCL TP: Freed all persistent FFN buffers via unified-cache handles
SYCL TP: Freed all persistent attention buffers
[MEM-HANDLE] released 0 command-graph retained leases
[GRAPH-UNPIN] Released 0 graph MoE expert mem_handle leases
[GRAPH-UNPIN-WEIGHTS] Released 0 graph weight mem_handle leases
[SYCL] Host buffer alloc: 6.8 MB via unified-cache
[UNIFIED-CACHE] reclaim weight entries(mid-load-replan): erased 0 unpinned 0
[UNIFIED-CACHE] reclaim_weight_entries preserving leased model weight model=0 name_hash=0xfa2cebe23c7ce880 layout=0 leases=2 owners=0x00000001 site=mem_handle/copy-assign
[UNIFIED-CACHE] lease ring for name_hash=0xfa2cebe23c7ce880: seq=8-release:mem_handle/release_lease_state seq=10+acquire:mem_handle/copy-ctor seq=11+acquire:mem_handle/copy-assign seq=12-release:mem_handle/release_lease_state seq=13-release:mem_handle/release_lease_state seq=5-release:mem_handle/release_lease_state seq=6+acquire:mem_handle/copy-ctor seq=7+acquire:mem_handle/copy-assign
[UNIFIED-CACHE] reclaim_weight_entries preserving leased model weight model=0 name_hash=0x81cb139cf9389c1a layout=0 leases=2 owners=0x00000001 site=mem_handle/copy-assign
[UNIFIED-CACHE] lease ring for name_hash=0x81cb139cf9389c1a: seq=8-release:mem_handle/release_lease_state seq=9-release:mem_handle/release_lease_state seq=10+acquire:mem_handle/copy-ctor seq=11+acquire:mem_handle/copy-assign seq=12-release:mem_handle/release_lease_state seq=13-release:mem_handle/release_lease_state seq=6+acquire:mem_handle/copy-ctor seq=7+acquire:mem_handle/copy-assign
[UNIFIED-CACHE] reclaim_weight_entries preserving leased model weight model=0 name_hash=0x79309297d69c2863 layout=0 leases=2 owners=0x00000001 site=mem_handle/copy-assign
[UNIFIED-CACHE] lease ring for name_hash=0x79309297d69c2863: seq=8-release:mem_handle/release_lease_state seq=9-release:mem_handle/release_lease_state seq=10+acquire:mem_handle/copy-ctor seq=11+acquire:mem_handle/copy-assign seq=12-release:mem_handle/release_lease_state seq=13-release:mem_handle/release_lease_state seq=6+acquire:mem_handle/copy-ctor seq=7+acquire:mem_handle/copy-assign
[UNIFIED-CACHE] reclaim_weight_entries preserving leased model weight model=0 name_hash=0x8ef83253410b0357 layout=0 leases=2 owners=0x00000001 site=mem_handle/copy-assign
[UNIFIED-CACHE] lease ring for name_hash=0x8ef83253410b0357: seq=8-release:mem_handle/release_lease_state seq=9-release:mem_handle/release_lease_state seq=10+acquire:mem_handle/copy-ctor seq=11+acquire:mem_handle/copy-assign seq=12-release:mem_handle/release_lease_state seq=13-release:mem_handle/release_lease_state seq=6+acquire:mem_handle/copy-ctor seq=7+acquire:mem_handle/copy-assign
[UNIFIED-CACHE] reclaim_weight_entries preserving leased model weight model=0 name_hash=0x4b836cca1e4139c2 layout=0 leases=2 owners=0x00000001 site=mem_handle/copy-assign
[UNIFIED-CACHE] lease ring for name_hash=0x4b836cca1e4139c2: seq=8-release:mem_handle/release_lease_state seq=9-release:mem_handle/release_lease_state seq=10+acquire:mem_handle/copy-ctor seq=11+acquire:mem_handle/copy-assign seq=12-release:mem_handle/release_lease_state seq=13-release:mem_handle/release_lease_state seq=6+acquire:mem_handle/copy-ctor seq=7+acquire:mem_handle/copy-assign
[UNIFIED-CACHE] reclaim_weight_entries preserving leased model weight model=0 name_hash=0x1fa7b913e22dad38 layout=0 leases=2 owners=0x00000001 site=mem_handle/copy-assign
[UNIFIED-CACHE] lease ring for name_hash=0x1fa7b913e22dad38: seq=8-release:mem_handle/release_lease_state seq=9-release:mem_handle/release_lease_state seq=10+acquire:mem_handle/copy-ctor seq=11+acquire:mem_handle/copy-assign seq=12-release:mem_handle/release_lease_state seq=13-release:mem_handle/release_lease_state seq=6+acquire:mem_handle/copy-ctor seq=7+acquire:mem_handle/copy-assign
[UNIFIED-CACHE] reclaim_weight_entries preserving leased model weight model=0 name_hash=0xcce9ad7a5c60a427 layout=0 leases=2 owners=0x00000001 site=mem_handle/copy-assign
[UNIFIED-CACHE] lease ring for name_hash=0xcce9ad7a5c60a427: seq=8-release:mem_handle/release_lease_state seq=9-release:mem_handle/release_lease_state seq=10+acquire:mem_handle/copy-ctor seq=11+acquire:mem_handle/copy-assign seq=12-release:mem_handle/release_lease_state seq=13-release:mem_handle/release_lease_state seq=6+acquire:mem_handle/copy-ctor seq=7+acquire:mem_handle/copy-assign
[UNIFIED-CACHE] reclaim_weight_entries preserving leased model weight model=0 name_hash=0xbf5048183c11916b layout=0 leases=2 owners=0x00000001 site=mem_handle/copy-assign
[UNIFIED-CACHE] lease ring for name_hash=0xbf5048183c11916b: seq=8-release:mem_handle/release_lease_state seq=9-release:mem_handle/release_lease_state seq=10+acquire:mem_handle/copy-ctor seq=11+acquire:mem_handle/copy-assign seq=12-release:mem_handle/release_lease_state seq=13-release:mem_handle/release_lease_state seq=6+acquire:mem_handle/copy-ctor seq=7+acquire:mem_handle/copy-assign
[UNIFIED-CACHE] reclaim_weight_entries preserving leased model weight model=0 name_hash=0x53bcfe044f0d7ab3 layout=0 leases=2 owners=0x00000001 site=extra->data_handle[]/preload_model_weights(dense-pin)
[UNIFIED-CACHE] lease ring for name_hash=0x53bcfe044f0d7ab3: seq=0+acquire:direct_stage_weight/mirror seq=1+acquire:direct_stage_weight/publish-out_handle seq=2+acquire:mem_handle/copy-assign seq=3-release:mem_handle/release_lease_state
[UNIFIED-CACHE] reclaim_weight_entries preserving leased model weight model=0 name_hash=0x521b1f4d40cd780a layout=0 leases=2 owners=0x00000001 site=extra->data_handle[]/preload_model_weights(dense-pin)
[UNIFIED-CACHE] lease ring for name_hash=0x521b1f4d40cd780a: seq=0+acquire:direct_stage_weight/mirror seq=1+acquire:direct_stage_weight/publish-out_handle seq=2+acquire:mem_handle/copy-assign seq=3-release:mem_handle/release_lease_state
[UNIFIED-CACHE] reclaim_weight_entries preserving leased model weight model=0 name_hash=0x311b9ae764a4abcf layout=0 leases=2 owners=0x00000001 site=extra->data_handle[]/preload_model_weights(dense-pin)
[UNIFIED-CACHE] lease ring for name_hash=0x311b9ae764a4abcf: seq=0+acquire:direct_stage_weight/mirror seq=1+acquire:direct_stage_weight/publish-out_handle seq=2+acquire:mem_handle/copy-assign seq=3-release:mem_handle/release_lease_state
[UNIFIED-CACHE] reclaim_weight_entries preserving leased model weight model=0 name_hash=0xe9ca1d4053ae41f9 layout=0 leases=2 owners=0x00000001 site=extra->data_handle[]/preload_model_weights(dense-pin)
[UNIFIED-CACHE] lease ring for name_hash=0xe9ca1d4053ae41f9: seq=0+acquire:direct_stage_weight/mirror seq=1+acquire:direct_stage_weight/publish-out_handle seq=2+acquire:mem_handle/copy-assign seq=3-release:mem_handle/release_lease_state
[UNIFIED-CACHE] reclaim_weight_entries preserving leased model weight model=0 name_hash=0xcaf5b0fcacce6aea layout=0 leases=2 owners=0x00000001 site=extra->data_handle[]/preload_model_weights(dense-pin)
[UNIFIED-CACHE] lease ring for name_hash=0xcaf5b0fcacce6aea: seq=0+acquire:direct_stage_weight/mirror seq=1+acquire:direct_stage_weight/publish-out_handle seq=2+acquire:mem_handle/copy-assign seq=3-release:mem_handle/release_lease_state
[UNIFIED-CACHE] reclaim_weight_entries preserving leased model weight model=0 name_hash=0xe5a443ece75be10e layout=0 leases=2 owners=0x00000001 site=extra->data_handle[]/preload_model_weights(dense-pin)
[UNIFIED-CACHE] lease ring for name_hash=0xe5a443ece75be10e: seq=0+acquire:direct_stage_weight/mirror seq=1+acquire:direct_stage_weight/publish-out_handle seq=2+acquire:mem_handle/copy-assign seq=3-release:mem_handle/release_lease_state
[UNIFIED-CACHE] reclaim_weight_entries preserving leased model weight model=0 name_hash=0x28e162c724839a layout=0 leases=2 owners=0x00000001 site=extra->data_handle[]/preload_model_weights(dense-pin)
[UNIFIED-CACHE] lease ring for name_hash=0x28e162c724839a: seq=0+acquire:direct_stage_weight/mirror seq=1+acquire:direct_stage_weight/publish-out_handle seq=2+acquire:mem_handle/copy-assign seq=3-release:mem_handle/release_lease_state
[UNIFIED-CACHE] reclaim_weight_entries preserving leased model weight model=0 name_hash=0xc0bcce7fc727feb8 layout=0 leases=2 owners=0x00000001 site=extra->data_handle[]/preload_model_weights(dense-pin)
[UNIFIED-CACHE] lease ring for name_hash=0xc0bcce7fc727feb8: seq=0+acquire:direct_stage_weight/mirror seq=1+acquire:direct_stage_weight/publish-out_handle seq=2+acquire:mem_handle/copy-assign seq=3-release:mem_handle/release_lease_state
[UNIFIED-CACHE] reclaim_weight_entries preserving leased model weight model=0 name_hash=0x64cda8f8043233df layout=0 leases=2 owners=0x00000001 site=extra->data_handle[]/preload_model_weights(dense-pin)
[UNIFIED-CACHE] lease ring for name_hash=0x64cda8f8043233df: seq=0+acquire:direct_stage_weight/mirror seq=1+acquire:direct_stage_weight/publish-out_handle seq=2+acquire:mem_handle/copy-assign seq=3-release:mem_handle/release_lease_state
[UNIFIED-CACHE] reclaim_weight_entries preserving leased model weight model=0 name_hash=0xde9943e34534adc3 layout=0 leases=2 owners=0x00000001 site=extra->data_handle[]/preload_model_weights(dense-pin)
[UNIFIED-CACHE] lease ring for name_hash=0xde9943e34534adc3: seq=0+acquire:direct_stage_weight/mirror seq=1+acquire:direct_stage_weight/publish-out_handle seq=2+acquire:mem_handle/copy-assign seq=3-release:mem_handle/release_lease_state
[UNIFIED-CACHE] reclaim_weight_entries preserving leased model weight model=0 name_hash=0x213f84667dda1dba layout=0 leases=2 owners=0x00000001 site=extra->data_handle[]/preload_model_weights(dense-pin)
[UNIFIED-CACHE] lease ring for name_hash=0x213f84667dda1dba: seq=0+acquire:direct_stage_weight/mirror seq=1+acquire:direct_stage_weight/publish-out_handle seq=2+acquire:mem_handle/copy-assign seq=3-release:mem_handle/release_lease_state
[UNIFIED-CACHE] reclaim_weight_entries preserving leased model weight model=0 name_hash=0xc65810b3308e2a65 layout=0 leases=2 owners=0x00000001 site=extra->data_handle[]/preload_model_weights(dense-pin)
[UNIFIED-CACHE] lease ring for name_hash=0xc65810b3308e2a65: seq=0+acquire:direct_stage_weight/mirror seq=1+acquire:direct_stage_weight/publish-out_handle seq=2+acquire:mem_handle/copy-assign seq=3-release:mem_handle/release_lease_state
[UNIFIED-CACHE] reclaim_weight_entries preserving leased model weight model=0 name_hash=0xa038863d6bb466d9 layout=0 leases=2 owners=0x00000001 site=mem_handle/copy-assign
[UNIFIED-CACHE] lease ring for name_hash=0xa038863d6bb466d9: seq=8-release:mem_handle/release_lease_state seq=9-release:mem_handle/release_lease_state seq=10+acquire:mem_handle/copy-ctor seq=11+acquire:mem_handle/copy-assign seq=12-release:mem_handle/release_lease_state seq=13-release:mem_handle/release_lease_state seq=6+acquire:mem_handle/copy-ctor seq=7+acquire:mem_handle/copy-assign
[UNIFIED-CACHE] reclaim_weight_entries preserving leased model weight model=0 name_hash=0xd04126154633d92a layout=0 leases=2 owners=0x00000001 site=extra->data_handle[]/preload_model_weights(dense-pin)
[UNIFIED-CACHE] lease ring for name_hash=0xd04126154633d92a: seq=0+acquire:direct_stage_weight/mirror seq=1+acquire:direct_stage_weight/publish-out_handle seq=2+acquire:mem_handle/copy-assign seq=3-release:mem_handle/release_lease_state
[UNIFIED-CACHE] reclaim_weight_entries preserving leased model weight model=0 name_hash=0xfbcd64193ed7dd81 layout=0 leases=2 owners=0x00000001 site=mem_handle/copy-assign
[UNIFIED-CACHE] lease ring for name_hash=0xfbcd64193ed7dd81: seq=8-release:mem_handle/release_lease_state seq=9-release:mem_handle/release_lease_state seq=10+acquire:mem_handle/copy-ctor seq=11+acquire:mem_handle/copy-assign seq=12-release:mem_handle/release_lease_state seq=13-release:mem_handle/release_lease_state seq=6+acquire:mem_handle/copy-ctor seq=7+acquire:mem_handle/copy-assign
[UNIFIED-CACHE] reclaim_weight_entries preserving leased model weight model=0 name_hash=0xa7c2590f0166f6b0 layout=0 leases=2 owners=0x00000001 site=extra->data_handle[]/preload_model_weights(dense-pin)
[UNIFIED-CACHE] lease ring for name_hash=0xa7c2590f0166f6b0: seq=0+acquire:direct_stage_weight/mirror seq=1+acquire:direct_stage_weight/publish-out_handle seq=2+acquire:mem_handle/copy-assign seq=3-release:mem_handle/release_lease_state
[UNIFIED-CACHE] reclaim_weight_entries preserving leased model weight model=0 name_hash=0xd300609ad66701b8 layout=0 leases=2 owners=0x00000001 site=mem_handle/copy-assign
[UNIFIED-CACHE] lease ring for name_hash=0xd300609ad66701b8: seq=8-release:mem_handle/release_lease_state seq=9-release:mem_handle/release_lease_state seq=10+acquire:mem_handle/copy-ctor seq=11+acquire:mem_handle/copy-assign seq=12-release:mem_handle/release_lease_state seq=13-release:mem_handle/release_lease_state seq=6+acquire:mem_handle/copy-ctor seq=7+acquire:mem_handle/copy-assign
[UNIFIED-CACHE] reclaim_weight_entries preserving leased model weight model=0 name_hash=0xeb54b67e9f099c46 layout=0 leases=2 owners=0x00000001 site=extra->data_handle[]/preload_model_weights(dense-pin)
[UNIFIED-CACHE] lease ring for name_hash=0xeb54b67e9f099c46: seq=0+acquire:direct_stage_weight/mirror seq=1+acquire:direct_stage_weight/publish-out_handle seq=2+acquire:mem_handle/copy-assign seq=3-release:mem_handle/release_lease_state
[UNIFIED-CACHE] reclaim_weight_entries preserving leased model weight model=0 name_hash=0xa7d836df53ff49d4 layout=0 leases=2 owners=0x00000001 site=extra->data_handle[]/preload_model_weights(dense-pin)
[UNIFIED-CACHE] lease ring for name_hash=0xa7d836df53ff49d4: seq=0+acquire:direct_stage_weight/mirror seq=1+acquire:direct_stage_weight/publish-out_handle seq=2+acquire:mem_handle/copy-assign seq=3-release:mem_handle/release_lease_state
[UNIFIED-CACHE] reclaim_weight_entries preserving leased model weight model=0 name_hash=0x6059a543aef7dbb7 layout=0 leases=2 owners=0x00000001 site=extra->data_handle[]/preload_model_weights(dense-pin)
[UNIFIED-CACHE] lease ring for name_hash=0x6059a543aef7dbb7: seq=0+acquire:direct_stage_weight/mirror seq=1+acquire:direct_stage_weight/publish-out_handle seq=2+acquire:mem_handle/copy-assign seq=3-release:mem_handle/release_lease_state
[UNIFIED-CACHE] reclaim_weight_entries preserving leased model weight model=0 name_hash=0xb09204520b9c97f0 layout=0 leases=2 owners=0x00000001 site=extra->data_handle[]/preload_model_weights(dense-pin)
[UNIFIED-CACHE] lease ring for name_hash=0xb09204520b9c97f0: seq=0+acquire:direct_stage_weight/mirror seq=1+acquire:direct_stage_weight/publish-out_handle seq=2+acquire:mem_handle/copy-assign seq=3-release:mem_handle/release_lease_state
[UNIFIED-CACHE] reclaim_weight_entries preserving leased model weight model=0 name_hash=0x4e1cae023ae18c67 layout=0 leases=2 owners=0x00000001 site=extra->data_handle[]/preload_model_weights(dense-pin)
[UNIFIED-CACHE] lease ring for name_hash=0x4e1cae023ae18c67: seq=0+acquire:direct_stage_weight/mirror seq=1+acquire:direct_stage_weight/publish-out_handle seq=2+acquire:mem_handle/copy-assign seq=3-release:mem_handle/release_lease_state
[UNIFIED-CACHE] reclaim_weight_entries preserving leased model weight model=0 name_hash=0x47466764d37e580d layout=0 leases=2 owners=0x00000001 site=extra->data_handle[]/preload_model_weights(dense-pin)
[UNIFIED-CACHE] lease ring for name_hash=0x47466764d37e580d: seq=0+acquire:direct_stage_weight/mirror seq=1+acquire:direct_stage_weight/publish-out_handle seq=2+acquire:mem_handle/copy-assign seq=3-release:mem_handle/release_lease_state
[UNIFIED-CACHE] reclaim_weight_entries preserving leased model weight model=0 name_hash=0xae8ba76e3b151d9e layout=0 leases=2 owners=0x00000001 site=extra->data_handle[]/preload_model_weights(dense-pin)
[UNIFIED-CACHE] lease ring for name_hash=0xae8ba76e3b151d9e: seq=0+acquire:direct_stage_weight/mirror seq=1+acquire:direct_stage_weight/publish-out_handle seq=2+acquire:mem_handle/copy-assign seq=3-release:mem_handle/release_lease_state
[UNIFIED-CACHE] reclaim_weight_entries preserving leased model weight model=0 name_hash=0xf6a1f79a2dffe780 layout=0 leases=2 owners=0x00000001 site=extra->data_handle[]/preload_model_weights(dense-pin)
[UNIFIED-CACHE] lease ring for name_hash=0xf6a1f79a2dffe780: seq=0+acquire:direct_stage_weight/mirror seq=1+acquire:direct_stage_weight/publish-out_handle seq=2+acquire:mem_handle/copy-assign seq=3-release:mem_handle/release_lease_state
[UNIFIED-CACHE] reclaim_weight_entries preserving leased model weight model=0 name_hash=0xe30c0751e9ab32a9 layout=0 leases=2 owners=0x00000001 site=extra->data_handle[]/preload_model_weights(dense-pin)
[UNIFIED-CACHE] lease ring for name_hash=0xe30c0751e9ab32a9: seq=0+acquire:direct_stage_weight/mirror seq=1+acquire:direct_stage_weight/publish-out_handle seq=2+acquire:mem_handle/copy-assign seq=3-release:mem_handle/release_lease_state
[UNIFIED-CACHE] reclaim_weight_entries preserving leased model weight model=0 name_hash=0xaed088ad06d329a3 layout=0 leases=2 owners=0x00000001 site=extra->data_handle[]/preload_model_weights(dense-pin)
[UNIFIED-CACHE] lease ring for name_hash=0xaed088ad06d329a3: seq=0+acquire:direct_stage_weight/mirror seq=1+acquire:direct_stage_weight/publish-out_handle seq=2+acquire:mem_handle/copy-assign seq=3-release:mem_handle/release_lease_state
[UNIFIED-CACHE] reclaim_weight_entries preserving leased model weight model=0 name_hash=0xdf7c04510f974718 layout=0 leases=2 owners=0x00000001 site=extra->data_handle[]/preload_model_weights(dense-pin)
[UNIFIED-CACHE] lease ring for name_hash=0xdf7c04510f974718: seq=0+acquire:direct_stage_weight/mirror seq=1+acquire:direct_stage_weight/publish-out_handle seq=2+acquire:mem_handle/copy-assign seq=3-release:mem_handle/release_lease_state
[UNIFIED-CACHE] reclaim_weight_entries preserving leased model weight model=0 name_hash=0x6bbc0b27530c18fc layout=0 leases=2 owners=0x00000001 site=extra->data_handle[]/preload_model_weights(dense-pin)
[UNIFIED-CACHE] lease ring for name_hash=0x6bbc0b27530c18fc: seq=0+acquire:direct_stage_weight/mirror seq=1+acquire:direct_stage_weight/publish-out_handle seq=2+acquire:mem_handle/copy-assign seq=3-release:mem_handle/release_lease_state
[UNIFIED-CACHE] reclaim_weight_entries preserving leased model weight model=0 name_hash=0xb235334776d9c72d layout=0 leases=2 owners=0x00000001 site=extra->data_handle[]/preload_model_weights(dense-pin)
[UNIFIED-CACHE] lease ring for name_hash=0xb235334776d9c72d: seq=0+acquire:direct_stage_weight/mirror seq=1+acquire:direct_stage_weight/publish-out_handle seq=2+acquire:mem_handle/copy-assign seq=3-release:mem_handle/release_lease_state
[UNIFIED-CACHE] reclaim_weight_entries preserving leased model weight model=0 name_hash=0xe34f3e7aafdba3a5 layout=0 leases=2 owners=0x00000001 site=extra->data_handle[]/preload_model_weights(dense-pin)
[UNIFIED-CACHE] lease ring for name_hash=0xe34f3e7aafdba3a5: seq=0+acquire:direct_stage_weight/mirror seq=1+acquire:direct_stage_weight/publish-out_handle seq=2+acquire:mem_handle/copy-assign seq=3-release:mem_handle/release_lease_state
[UNIFIED-CACHE] reclaim_weight_entries preserving leased model weight model=0 name_hash=0x5f062fc81c4478b3 layout=0 leases=2 owners=0x00000001 site=mem_handle/copy-assign
[UNIFIED-CACHE] lease ring for name_hash=0x5f062fc81c4478b3: seq=8-release:mem_handle/release_lease_state seq=9-release:mem_handle/release_lease_state seq=10+acquire:mem_handle/copy-ctor seq=11+acquire:mem_handle/copy-assign seq=12-release:mem_handle/release_lease_state seq=13-release:mem_handle/release_lease_state seq=6+acquire:mem_handle/copy-ctor seq=7+acquire:mem_handle/copy-assign
[UNIFIED-CACHE] reclaim_weight_entries preserving leased model weight model=0 name_hash=0xd16c818664a0cc0a layout=0 leases=2 owners=0x00000001 site=extra->data_handle[]/preload_model_weights(dense-pin)
[UNIFIED-CACHE] lease ring for name_hash=0xd16c818664a0cc0a: seq=0+acquire:direct_stage_weight/mirror seq=1+acquire:direct_stage_weight/publish-out_handle seq=2+acquire:mem_handle/copy-assign seq=3-release:mem_handle/release_lease_state
[UNIFIED-CACHE] reclaim_weight_entries preserving leased model weight model=0 name_hash=0x3779a6d76e4c7ee2 layout=0 leases=2 owners=0x00000001 site=extra->data_handle[]/preload_model_weights(dense-pin)
[UNIFIED-CACHE] lease ring for name_hash=0x3779a6d76e4c7ee2: seq=0+acquire:direct_stage_weight/mirror seq=1+acquire:direct_stage_weight/publish-out_handle seq=2+acquire:mem_handle/copy-assign seq=3-release:mem_handle/release_lease_state
[UNIFIED-CACHE] reclaim_weight_entries preserving leased model weight model=0 name_hash=0xe4065a55adaaf03f layout=0 leases=2 owners=0x00000001 site=extra->data_handle[]/preload_model_weights(dense-pin)
[UNIFIED-CACHE] lease ring for name_hash=0xe4065a55adaaf03f: seq=0+acquire:direct_stage_weight/mirror seq=1+acquire:direct_stage_weight/publish-out_handle seq=2+acquire:mem_handle/copy-assign seq=3-release:mem_handle/release_lease_state
[UNIFIED-CACHE] reclaim_weight_entries preserving leased model weight model=0 name_hash=0xd46dcd1b728c981f layout=0 leases=2 owners=0x00000001 site=extra->data_handle[]/preload_model_weights(dense-pin)
[UNIFIED-CACHE] lease ring for name_hash=0xd46dcd1b728c981f: seq=0+acquire:direct_stage_weight/mirror seq=1+acquire:direct_stage_weight/publish-out_handle seq=2+acquire:mem_handle/copy-assign seq=3-release:mem_handle/release_lease_state
[UNIFIED-CACHE] reclaim_weight_entries preserving leased model weight model=0 name_hash=0xab8cfe3bf6a50b9c layout=0 leases=2 owners=0x00000001 site=extra->data_handle[]/preload_model_weights(dense-pin)
[UNIFIED-CACHE] lease ring for name_hash=0xab8cfe3bf6a50b9c: seq=0+acquire:direct_stage_weight/mirror seq=1+acquire:direct_stage_weight/publish-out_handle seq=2+acquire:mem_handle/copy-assign seq=3-release:mem_handle/release_lease_state
[UNIFIED-CACHE] reclaim_weight_entries preserving leased model weight model=0 name_hash=0x3a931c14a53d5960 layout=0 leases=2 owners=0x00000001 site=extra->data_handle[]/preload_model_weights(dense-pin)
[UNIFIED-CACHE] lease ring for name_hash=0x3a931c14a53d5960: seq=0+acquire:direct_stage_weight/mirror seq=1+acquire:direct_stage_weight/publish-out_handle seq=2+acquire:mem_handle/copy-assign seq=3-release:mem_handle/release_lease_state
[UNIFIED-CACHE] reclaim_weight_entries preserving leased model weight model=0 name_hash=0x38771636bce5a702 layout=0 leases=2 owners=0x00000001 site=extra->data_handle[]/preload_model_weights(dense-pin)
[UNIFIED-CACHE] lease ring for name_hash=0x38771636bce5a702: seq=0+acquire:direct_stage_weight/mirror seq=1+acquire:direct_stage_weight/publish-out_handle seq=2+acquire:mem_handle/copy-assign seq=3-release:mem_handle/release_lease_state
[UNIFIED-CACHE] reclaim_weight_entries preserving leased model weight model=0 name_hash=0x3ba5a6821b6511e0 layout=0 leases=2 owners=0x00000001 site=extra->data_handle[]/preload_model_weights(dense-pin)
[UNIFIED-CACHE] lease ring for name_hash=0x3ba5a6821b6511e0: seq=0+acquire:direct_stage_weight/mirror seq=1+acquire:direct_stage_weight/publish-out_handle seq=2+acquire:mem_handle/copy-assign seq=3-release:mem_handle/release_lease_state
[UNIFIED-CACHE] reclaim_weight_entries preserving leased model weight model=0 name_hash=0x15380309041992d9 layout=0 leases=2 owners=0x00000001 site=extra->data_handle[]/preload_model_weights(dense-pin)
[UNIFIED-CACHE] lease ring for name_hash=0x15380309041992d9: seq=0+acquire:direct_stage_weight/mirror seq=1+acquire:direct_stage_weight/publish-out_handle seq=2+acquire:mem_handle/copy-assign seq=3-release:mem_handle/release_lease_state
[UNIFIED-CACHE] reclaim_weight_entries preserving leased model weight model=0 name_hash=0x4599df1b04c6b9fb layout=0 leases=2 owners=0x00000001 site=extra->data_handle[]/preload_model_weights(dense-pin)
[UNIFIED-CACHE] lease ring for name_hash=0x4599df1b04c6b9fb: seq=0+acquire:direct_stage_weight/mirror seq=1+acquire:direct_stage_weight/publish-out_handle seq=2+acquire:mem_handle/copy-assign seq=3-release:mem_handle/release_lease_state
[UNIFIED-CACHE] reclaim_weight_entries preserving leased model weight model=0 name_hash=0xe7d3c5e727a81c4d layout=0 leases=2 owners=0x00000001 site=extra->data_handle[]/preload_model_weights(dense-pin)
[UNIFIED-CACHE] lease ring for name_hash=0xe7d3c5e727a81c4d: seq=0+acquire:direct_stage_weight/mirror seq=1+acquire:direct_stage_weight/publish-out_handle seq=2+acquire:mem_handle/copy-assign seq=3-release:mem_handle/release_lease_state
[UNIFIED-CACHE] reclaim_weight_entries preserving leased model weight model=0 name_hash=0xef3db2028fcb16a3 layout=0 leases=2 owners=0x00000001 site=extra->data_handle[]/preload_model_weights(dense-pin)
[UNIFIED-CACHE] lease ring for name_hash=0xef3db2028fcb16a3: seq=0+acquire:direct_stage_weight/mirror seq=1+acquire:direct_stage_weight/publish-out_handle seq=2+acquire:mem_handle/copy-assign seq=3-release:mem_handle/release_lease_state
[UNIFIED-CACHE] reclaim_weight_entries preserving leased model weight model=0 name_hash=0x348b7dd451046514 layout=0 leases=2 owners=0x00000001 site=extra->data_handle[]/preload_model_weights(dense-pin)
[UNIFIED-CACHE] lease ring for name_hash=0x348b7dd451046514: seq=0+acquire:direct_stage_weight/mirror seq=1+acquire:direct_stage_weight/publish-out_handle seq=2+acquire:mem_handle/copy-assign seq=3-release:mem_handle/release_lease_state
[UNIFIED-CACHE] reclaim_weight_entries preserving leased model weight model=0 name_hash=0xad045d15402c08d3 layout=0 leases=2 owners=0x00000001 site=extra->data_handle[]/preload_model_weights(dense-pin)
[UNIFIED-CACHE] lease ring for name_hash=0xad045d15402c08d3: seq=0+acquire:direct_stage_weight/mirror seq=1+acquire:direct_stage_weight/publish-out_handle seq=2+acquire:mem_handle/copy-assign seq=3-release:mem_handle/release_lease_state
[UNIFIED-CACHE] reclaim weight entries(mid-load-replan): erased 0 unpinned 0
[ZONE-RESET-AUDIT] NEW-ESCAPE site=weight-reclaim/mid-load-replan:dev0 graph=6 alloc_id=6033976895229229747 size=2048 role=0 category=2 tier=0 cohort=weight:leased
[SYCL] weight cache lookup: tensor=0x2e1bc1e0 name=token_embd.weight device=0
[SYCL] weight cache lookup: tensor=0x2e1bc370 name=output_norm.weight device=0
[SYCL] weight cache lookup: tensor=0x2e1bc690 name=blk.0.attn_norm.weight device=0
[SYCL] weight cache lookup: tensor=0x2e1bd4a0 name=blk.0.ffn_norm.weight device=0
[SYCL] weight cache lookup: tensor=0x2e1bde00 name=blk.1.attn_norm.weight device=0
[SYCL] weight cache lookup: tensor=0x2e1bec10 name=blk.1.ffn_norm.weight device=0
[SYCL] weight cache lookup: tensor=0x2e1bc500 name=output.weight device=0
[SYCL] weight cache lookup: tensor=0x2e1bc820 name=blk.0.attn_q.weight device=0
[SYCL] weight cache lookup: tensor=0x2e1bc9b0 name=blk.0.attn_k.weight device=0
[SYCL] weight cache lookup: tensor=0x2e1bcb40 name=blk.0.attn_v.weight device=0
[SYCL] weight cache lookup: tensor=0x2e1bd180 name=blk.0.attn_output.weight device=0
[SYCL] weight cache lookup: tensor=0x2e1bcff0 name=blk.0.attn_v.bias device=0
[SYCL] weight cache lookup: tensor=0x2e1bd310 name=blk.0.attn_output.bias device=0
[SYCL] weight cache lookup: tensor=0x2e1bce60 name=blk.0.attn_k.bias device=0
[SYCL] weight cache lookup: tensor=0x2e1bccd0 name=blk.0.attn_q.bias device=0
[SYCL] weight cache lookup: tensor=0x2e1c01f0 name=blk.0.attn_v.input_scale device=0
[SYCL] weight cache lookup: tensor=0x2e1bf3e0 name=blk.0.attn_q.scale device=0
[SYCL] weight cache lookup: tensor=0x2e1bf570 name=blk.0.attn_k.scale device=0
[SYCL] weight cache lookup: tensor=0x2e1bf700 name=blk.0.attn_v.scale device=0
[SYCL] weight cache lookup: tensor=0x2e1bf890 name=blk.0.attn_output.scale device=0
[SYCL] weight cache lookup: tensor=0x2e1bfed0 name=blk.0.attn_q.input_scale device=0
[SYCL] weight cache lookup: tensor=0x2e1c0060 name=blk.0.attn_k.input_scale device=0
[SYCL] weight cache lookup: tensor=0x2e1c0380 name=blk.0.attn_output.input_scale device=0
[SYCL] weight cache lookup: tensor=0x2e1bdf90 name=blk.1.attn_q.weight device=0
[SYCL] weight cache lookup: tensor=0x2e1be120 name=blk.1.attn_k.weight device=0
[SYCL] weight cache lookup: tensor=0x2e1be2b0 name=blk.1.attn_v.weight device=0
[SYCL] weight cache lookup: tensor=0x2e1be8f0 name=blk.1.attn_output.weight device=0
[SYCL] weight cache lookup: tensor=0x2e1bea80 name=blk.1.attn_output.bias device=0
[SYCL] weight cache lookup: tensor=0x2e1be760 name=blk.1.attn_v.bias device=0
[SYCL] weight cache lookup: tensor=0x2e1be440 name=blk.1.attn_q.bias device=0
[SYCL] weight cache lookup: tensor=0x2e1be5d0 name=blk.1.attn_k.bias device=0
[SYCL] weight cache lookup: tensor=0x2e1c1960 name=blk.1.attn_output.input_scale device=0
[SYCL] weight cache lookup: tensor=0x2e1c17d0 name=blk.1.attn_v.input_scale device=0
[SYCL] weight cache lookup: tensor=0x2e1c14b0 name=blk.1.attn_q.input_scale device=0
[SYCL] weight cache lookup: tensor=0x2e1c1640 name=blk.1.attn_k.input_scale device=0
[SYCL] weight cache lookup: tensor=0x2e1c0e70 name=blk.1.attn_output.scale device=0
[SYCL] weight cache lookup: tensor=0x2e1c0ce0 name=blk.1.attn_v.scale device=0
[SYCL] weight cache lookup: tensor=0x2e1c09c0 name=blk.1.attn_q.scale device=0
[SYCL] weight cache lookup: tensor=0x2e1c0b50 name=blk.1.attn_k.scale device=0
[SYCL] weight cache lookup: tensor=0x2e1bd630 name=rope_freqs.weight device=0
[SYCL] weight cache lookup: tensor=0x2e1bd7c0 name=blk.0.ffn_gate_inp.weight device=0
[SYCL] weight cache lookup: tensor=0x2e1beda0 name=blk.1.ffn_gate_inp.weight device=0
[UNIFIED-CACHE] pin model=4 name_hash=0xad045d15402c08d3 layout=0
[UNIFIED-CACHE] pin model=4 name_hash=0x348b7dd451046514 layout=0
[UNIFIED-CACHE] pin model=4 name_hash=0xef3db2028fcb16a3 layout=0
[UNIFIED-CACHE] pin model=4 name_hash=0xe7d3c5e727a81c4d layout=0
[UNIFIED-CACHE] pin model=4 name_hash=0x4599df1b04c6b9fb layout=0
[UNIFIED-CACHE] pin model=4 name_hash=0x15380309041992d9 layout=0
[UNIFIED-CACHE] pin model=4 name_hash=0x3ba5a6821b6511e0 layout=0
[UNIFIED-CACHE] pin model=4 name_hash=0x38771636bce5a702 layout=0
[UNIFIED-CACHE] pin model=4 name_hash=0x3a931c14a53d5960 layout=0
[UNIFIED-CACHE] pin model=4 name_hash=0xab8cfe3bf6a50b9c layout=0
[UNIFIED-CACHE] pin model=4 name_hash=0xd46dcd1b728c981f layout=0
[UNIFIED-CACHE] pin model=4 name_hash=0xe4065a55adaaf03f layout=0
[UNIFIED-CACHE] pin model=4 name_hash=0x3779a6d76e4c7ee2 layout=0
[UNIFIED-CACHE] pin model=4 name_hash=0xd16c818664a0cc0a layout=0
[UNIFIED-CACHE] pin model=4 name_hash=0xe34f3e7aafdba3a5 layout=0
[UNIFIED-CACHE] pin model=4 name_hash=0x6bbc0b27530c18fc layout=0
[UNIFIED-CACHE] pin model=4 name_hash=0xaed088ad06d329a3 layout=0
[UNIFIED-CACHE] pin model=4 name_hash=0xdf7c04510f974718 layout=0
[UNIFIED-CACHE] pin model=4 name_hash=0xe30c0751e9ab32a9 layout=0
[UNIFIED-CACHE] pin model=4 name_hash=0xae8ba76e3b151d9e layout=0
[UNIFIED-CACHE] pin model=4 name_hash=0x47466764d37e580d layout=0
[UNIFIED-CACHE] pin model=4 name_hash=0x4e1cae023ae18c67 layout=0
[UNIFIED-CACHE] pin model=4 name_hash=0xb09204520b9c97f0 layout=0
[UNIFIED-CACHE] pin model=4 name_hash=0x6059a543aef7dbb7 layout=0
[UNIFIED-CACHE] pin model=4 name_hash=0xa7d836df53ff49d4 layout=0
[UNIFIED-CACHE] pin model=4 name_hash=0xb235334776d9c72d layout=0
[UNIFIED-CACHE] pin model=4 name_hash=0xeb54b67e9f099c46 layout=0
[UNIFIED-CACHE] pin model=4 name_hash=0xa7c2590f0166f6b0 layout=0
[UNIFIED-CACHE] pin model=4 name_hash=0xd04126154633d92a layout=0
[UNIFIED-CACHE] pin model=4 name_hash=0xc65810b3308e2a65 layout=0
[UNIFIED-CACHE] pin model=4 name_hash=0x213f84667dda1dba layout=0
[UNIFIED-CACHE] pin model=4 name_hash=0xde9943e34534adc3 layout=0
[UNIFIED-CACHE] pin model=4 name_hash=0x64cda8f8043233df layout=0
[UNIFIED-CACHE] pin model=4 name_hash=0xf6a1f79a2dffe780 layout=0
[UNIFIED-CACHE] pin model=4 name_hash=0xc0bcce7fc727feb8 layout=0
[UNIFIED-CACHE] pin model=4 name_hash=0xe5a443ece75be10e layout=0
[UNIFIED-CACHE] pin model=4 name_hash=0xcaf5b0fcacce6aea layout=0
[UNIFIED-CACHE] pin model=4 name_hash=0x28e162c724839a layout=0
[UNIFIED-CACHE] pin model=4 name_hash=0xe9ca1d4053ae41f9 layout=0
[UNIFIED-CACHE] pin model=4 name_hash=0x311b9ae764a4abcf layout=0
[UNIFIED-CACHE] pin model=4 name_hash=0x521b1f4d40cd780a layout=0
[UNIFIED-CACHE] pin model=4 name_hash=0x53bcfe044f0d7ab3 layout=0
[UNIFIED-CACHE] model slot 1 claimed 0 weight entries (live mask 0x00000003)
[UNIFIED-CACHE] model slot 1 claimed 54 weight entries (live mask 0x00000003)
[SYCL] call ggml_backend_sycl_init
[SYCL] call ggml_backend_sycl_host_buffer_type
[SYCL] Host buffer alloc: 0.0 MB via unified-cache
[KV-TIER] dev=0 cache_available=30732 MB kv_req=0 MB arena=1
[UNIFIED-ALLOC] zone alloc: dev=0 zone=0 size=0.2 MB ptr=0xffffd55e28280000
[UNIFIED-ALLOC] zone alloc: dev=0 zone=0 size=0.2 MB ptr=0xffffd55e282c0000
[SYCL] call ggml_backend_sycl_host_buffer_type
[SYCL] call ggml_backend_sycl_synchronize
Using unified-cache queue for device 0 stream 0
[UNIFIED-ALLOC] zone alloc: dev=0 zone=3 size=0.5 MB ptr=0xffffd55e47d88000
[SYCL] Arena RUNTIME zone alloc: 0.5 MB (SYCL0)
[SYCL] Host buffer alloc: 0.1 MB via unified-cache
[SYCL] call ggml_backend_sycl_synchronize
[SYCL] call ggml_backend_sycl_synchronize
[SYCL] call ggml_backend_sycl_synchronize
[SYCL] call ggml_backend_sycl_host_buffer_type
[SYCL] Host buffer alloc: 0.1 MB via unified-cache
[SYCL] call ggml_backend_sycl_buffer_reset
[SOA-DEBUG] buffer_reset: PRESERVING 0 extras for compute buffer=0x3646b770
[SYCL] call ggml_backend_sycl_buffer_init_tensor: tensor='embd':type=f32;ne=[256, 64, 1, 1];nb=[4, 1024, 65536, 65536]
[SYCL] call ggml_backend_sycl_buffer_init_tensor: tensor='norm-0':type=f32;ne=[256, 64, 1, 1];nb=[4, 1024, 65536, 65536]
[SYCL] call ggml_backend_sycl_buffer_init_tensor: tensor='attn_norm-0':type=f32;ne=[256, 64, 1, 1];nb=[4, 1024, 65536, 65536]
[SYCL] call ggml_backend_sycl_buffer_init_tensor: tensor='node_3':type=f32;ne=[256, 64, 1, 1];nb=[4, 1024, 65536, 65536]
[SYCL] call ggml_backend_sycl_buffer_init_tensor: tensor='Qcur-0':type=f32;ne=[256, 64, 1, 1];nb=[4, 1024, 65536, 65536]
[SYCL] call ggml_backend_sycl_buffer_init_tensor: tensor='Qcur-0':type=f32;ne=[256, 64, 1, 1];nb=[4, 1024, 65536, 65536]
[SYCL] call ggml_backend_sycl_buffer_init_tensor: tensor='Qcur-0':type=f32;ne=[128, 2, 64, 1];nb=[4, 512, 1024, 65536]
[SYCL] call ggml_backend_sycl_buffer_init_tensor: tensor='Qcur-0':type=f32;ne=[128, 2, 64, 1];nb=[4, 512, 1024, 65536]
[SYCL] call ggml_backend_sycl_buffer_init_tensor: tensor='node_8':type=f32;ne=[256, 64, 1, 1];nb=[4, 1024, 65536, 65536]
[SYCL] call ggml_backend_sycl_buffer_init_tensor: tensor='Vcur-0':type=f32;ne=[256, 64, 1, 1];nb=[4, 1024, 65536, 65536]
[SYCL] call ggml_backend_sycl_buffer_init_tensor: tensor='Vcur-0':type=f32;ne=[256, 64, 1, 1];nb=[4, 1024, 65536, 65536]
[SYCL] call ggml_backend_sycl_buffer_init_tensor: tensor='Vcur-0':type=f32;ne=[128, 2, 64, 1];nb=[4, 512, 1024, 65536]
[SYCL] call ggml_backend_sycl_buffer_init_tensor: tensor='node_12':type=f32;ne=[256, 64, 1, 1];nb=[4, 1024, 65536, 65536]
[SYCL] call ggml_backend_sycl_buffer_init_tensor: tensor='Kcur-0':type=f32;ne=[256, 64, 1, 1];nb=[4, 1024, 65536, 65536]
[SYCL] call ggml_backend_sycl_buffer_init_tensor: tensor='Kcur-0':type=f32;ne=[256, 64, 1, 1];nb=[4, 1024, 65536, 65536]
[SYCL] call ggml_backend_sycl_buffer_init_tensor: tensor='Kcur-0':type=f32;ne=[128, 2, 64, 1];nb=[4, 512, 1024, 65536]
[SYCL] call ggml_backend_sycl_buffer_init_tensor: tensor='Kcur-0':type=f32;ne=[128, 2, 64, 1];nb=[4, 512, 1024, 65536]
[SYCL] call ggml_backend_sycl_buffer_init_tensor: tensor='Kcur-0 (view)':type=f32;ne=[256, 64, 1, 1];nb=[4, 1024, 65536, 65536]
[SYCL] call ggml_backend_sycl_buffer_init_tensor: tensor='Vcur-0 (view)':type=f32;ne=[256, 64, 1, 1];nb=[4, 1024, 65536, 65536]
[SYCL] call ggml_backend_sycl_buffer_init_tensor: tensor='Qcur-0 (view)':type=f32;ne=[128, 2, 64, 1];nb=[4, 512, 1024, 65536]
[SYCL] call ggml_backend_sycl_buffer_init_tensor: tensor='Qcur-0 (view) (permuted)':type=f32;ne=[128, 64, 2, 1];nb=[4, 1024, 512, 65536];strided;permuted
[SYCL] call ggml_backend_sycl_buffer_init_tensor: tensor='Qcur-0 (view) (permuted) (copy)':type=f16;ne=[128, 64, 2, 1];nb=[2, 256, 16384, 32768]
[SYCL] call ggml_backend_sycl_buffer_init_tensor: tensor='node_28':type=f32;ne=[128, 2, 64, 1];nb=[4, 512, 1024, 65536]
[SYCL] call ggml_backend_sycl_buffer_init_tensor: tensor='kqv_out-0':type=f32;ne=[256, 64, 1, 1];nb=[4, 1024, 65536, 65536]
[SYCL] call ggml_backend_sycl_buffer_init_tensor: tensor='node_30':type=f32;ne=[256, 64, 1, 1];nb=[4, 1024, 65536, 65536]
[SYCL] call ggml_backend_sycl_buffer_init_tensor: tensor='node_31':type=f32;ne=[256, 64, 1, 1];nb=[4, 1024, 65536, 65536]
[SYCL] call ggml_backend_sycl_buffer_init_tensor: tensor='attn_out-0':type=f32;ne=[256, 64, 1, 1];nb=[4, 1024, 65536, 65536]
[SYCL] call ggml_backend_sycl_buffer_init_tensor: tensor='ffn_inp-0':type=f32;ne=[256, 64, 1, 1];nb=[4, 1024, 65536, 65536]
[SYCL] call ggml_backend_sycl_buffer_init_tensor: tensor='norm-0':type=f32;ne=[256, 64, 1, 1];nb=[4, 1024, 65536, 65536]
[SYCL] call ggml_backend_sycl_buffer_init_tensor: tensor='ffn_norm-0':type=f32;ne=[256, 64, 1, 1];nb=[4, 1024, 65536, 65536]
[SYCL] call ggml_backend_sycl_buffer_init_tensor: tensor='ffn_moe_logits-0':type=f32;ne=[2, 64, 1, 1];nb=[4, 8, 512, 512]
[SYCL] call ggml_backend_sycl_buffer_init_tensor: tensor='ffn_moe_probs-0':type=f32;ne=[2, 64, 1, 1];nb=[4, 8, 512, 512]
[SYCL] call ggml_backend_sycl_buffer_init_tensor: tensor='ffn_moe_probs-0 (reshaped)':type=f32;ne=[1, 2, 64, 1];nb=[4, 4, 8, 512]
[SYCL] call ggml_backend_sycl_buffer_init_tensor: tensor='ffn_moe_argsort-0':type=i32;ne=[2, 64, 1, 1];nb=[4, 8, 512, 512]
[SYCL-CONTROL] tensor=ffn_moe_argsort-0 op=ARGSORT bytes=512 ptr=0x77cfb0233400
[SYCL] call ggml_backend_sycl_buffer_init_tensor: tensor='ffn_moe_topk-0':type=i32;ne=[1, 64, 1, 1];nb=[4, 8, 512, 512];strided
[SYCL] call ggml_backend_sycl_buffer_init_tensor: tensor='ffn_moe_weights-0':type=f32;ne=[1, 1, 64, 1];nb=[4, 4, 4, 256]
[SYCL] call ggml_backend_sycl_buffer_init_tensor: tensor='ffn_moe_weights-0 (reshaped)':type=f32;ne=[1, 64, 1, 1];nb=[4, 4, 256, 256]
[SYCL] call ggml_backend_sycl_buffer_init_tensor: tensor='ffn_moe_weights_sum-0':type=f32;ne=[1, 64, 1, 1];nb=[4, 4, 256, 256]
[SYCL] call ggml_backend_sycl_buffer_init_tensor: tensor='ffn_moe_weights_sum_clamped-0':type=f32;ne=[1, 64, 1, 1];nb=[4, 4, 256, 256]
[SYCL] call ggml_backend_sycl_buffer_init_tensor: tensor='ffn_moe_weights_norm-0':type=f32;ne=[1, 64, 1, 1];nb=[4, 4, 256, 256]
[SYCL] call ggml_backend_sycl_buffer_init_tensor: tensor='ffn_moe_weights_norm-0 (reshaped)':type=f32;ne=[1, 1, 64, 1];nb=[4, 4, 4, 256]
[SYCL] call ggml_backend_sycl_buffer_init_tensor: tensor='ffn_norm-0 (reshaped)':type=f32;ne=[256, 1, 64, 1];nb=[4, 1024, 1024, 65536]
[SYCL] call ggml_backend_sycl_buffer_init_tensor: tensor='node_48':type=f32;ne=[384, 1, 64, 1];nb=[4, 1536, 1536, 98304]
[SYCL] call ggml_backend_sycl_buffer_init_tensor: tensor='node_50':type=f32;ne=[1, 2, 64, 1];nb=[4, 4, 8, 512]
[SYCL] call ggml_backend_sycl_buffer_init_tensor: tensor='node_51':type=f32;ne=[1, 1, 64, 1];nb=[4, 4, 4, 256]
[SYCL] call ggml_backend_sycl_buffer_init_tensor: tensor='ffn_moe_gate_scaled-0':type=f32;ne=[384, 1, 64, 1];nb=[4, 1536, 1536, 98304]
[SYCL] call ggml_backend_sycl_buffer_init_tensor: tensor='node_53':type=f32;ne=[384, 1, 64, 1];nb=[4, 1536, 1536, 98304]
[SYCL] call ggml_backend_sycl_buffer_init_tensor: tensor='node_55':type=f32;ne=[1, 2, 64, 1];nb=[4, 4, 8, 512]
[SYCL] call ggml_backend_sycl_buffer_init_tensor: tensor='node_56':type=f32;ne=[1, 1, 64, 1];nb=[4, 4, 4, 256]
[SYCL] call ggml_backend_sycl_buffer_init_tensor: tensor='ffn_moe_up_scaled-0':type=f32;ne=[384, 1, 64, 1];nb=[4, 1536, 1536, 98304]
[SYCL] call ggml_backend_sycl_buffer_init_tensor: tensor='ffn_moe_swiglu-0':type=f32;ne=[384, 1, 64, 1];nb=[4, 1536, 1536, 98304]
[SYCL] call ggml_backend_sycl_buffer_init_tensor: tensor='node_59':type=f32;ne=[256, 1, 64, 1];nb=[4, 1024, 1024, 65536]
[SYCL] call ggml_backend_sycl_buffer_init_tensor: tensor='node_61':type=f32;ne=[1, 2, 64, 1];nb=[4, 4, 8, 512]
[SYCL] call ggml_backend_sycl_buffer_init_tensor: tensor='node_62':type=f32;ne=[1, 1, 64, 1];nb=[4, 4, 4, 256]
[SYCL] call ggml_backend_sycl_buffer_init_tensor: tensor='ffn_moe_down_scaled-0':type=f32;ne=[256, 1, 64, 1];nb=[4, 1024, 1024, 65536]
[SYCL] call ggml_backend_sycl_buffer_init_tensor: tensor='ffn_moe_weighted-0':type=f32;ne=[256, 1, 64, 1];nb=[4, 1024, 1024, 65536]
[SYCL] call ggml_backend_sycl_buffer_init_tensor: tensor='ffn_moe_weighted-0 (view)':type=f32;ne=[256, 64, 1, 1];nb=[4, 1024, 65536, 65536]
[SYCL] call ggml_backend_sycl_buffer_init_tensor: tensor='ffn_moe_out-0':type=f32;ne=[256, 64, 1, 1];nb=[4, 1024, 65536, 65536]
[SYCL] call ggml_backend_sycl_buffer_init_tensor: tensor='l_out-0':type=f32;ne=[256, 64, 1, 1];nb=[4, 1024, 65536, 65536]
[SYCL] call ggml_backend_sycl_buffer_init_tensor: tensor='norm-1':type=f32;ne=[256, 64, 1, 1];nb=[4, 1024, 65536, 65536]
[SYCL] call ggml_backend_sycl_buffer_init_tensor: tensor='attn_norm-1':type=f32;ne=[256, 64, 1, 1];nb=[4, 1024, 65536, 65536]
[SYCL] call ggml_backend_sycl_buffer_init_tensor: tensor='node_70':type=f32;ne=[256, 64, 1, 1];nb=[4, 1024, 65536, 65536]
[SYCL] call ggml_backend_sycl_buffer_init_tensor: tensor='Qcur-1':type=f32;ne=[256, 64, 1, 1];nb=[4, 1024, 65536, 65536]
[SYCL] call ggml_backend_sycl_buffer_init_tensor: tensor='Qcur-1':type=f32;ne=[256, 64, 1, 1];nb=[4, 1024, 65536, 65536]
[SYCL] call ggml_backend_sycl_buffer_init_tensor: tensor='Qcur-1':type=f32;ne=[128, 2, 64, 1];nb=[4, 512, 1024, 65536]
[SYCL] call ggml_backend_sycl_buffer_init_tensor: tensor='Qcur-1':type=f32;ne=[128, 2, 64, 1];nb=[4, 512, 1024, 65536]
[SYCL] call ggml_backend_sycl_buffer_init_tensor: tensor='node_75':type=f32;ne=[256, 64, 1, 1];nb=[4, 1024, 65536, 65536]
[SYCL] call ggml_backend_sycl_buffer_init_tensor: tensor='Vcur-1':type=f32;ne=[256, 64, 1, 1];nb=[4, 1024, 65536, 65536]
[SYCL] call ggml_backend_sycl_buffer_init_tensor: tensor='Vcur-1':type=f32;ne=[256, 64, 1, 1];nb=[4, 1024, 65536, 65536]
[SYCL] call ggml_backend_sycl_buffer_init_tensor: tensor='Vcur-1':type=f32;ne=[128, 2, 64, 1];nb=[4, 512, 1024, 65536]
[SYCL] call ggml_backend_sycl_buffer_init_tensor: tensor='node_79':type=f32;ne=[256, 64, 1, 1];nb=[4, 1024, 65536, 65536]
[SYCL] call ggml_backend_sycl_buffer_init_tensor: tensor='Kcur-1':type=f32;ne=[256, 64, 1, 1];nb=[4, 1024, 65536, 65536]
[SYCL] call ggml_backend_sycl_buffer_init_tensor: tensor='Kcur-1':type=f32;ne=[256, 64, 1, 1];nb=[4, 1024, 65536, 65536]
[SYCL] call ggml_backend_sycl_buffer_init_tensor: tensor='Kcur-1':type=f32;ne=[128, 2, 64, 1];nb=[4, 512, 1024, 65536]
[SYCL] call ggml_backend_sycl_buffer_init_tensor: tensor='Kcur-1':type=f32;ne=[128, 2, 64, 1];nb=[4, 512, 1024, 65536]
[SYCL] call ggml_backend_sycl_buffer_init_tensor: tensor='Kcur-1 (view)':type=f32;ne=[256, 64, 1, 1];nb=[4, 1024, 65536, 65536]
[SYCL] call ggml_backend_sycl_buffer_init_tensor: tensor='Vcur-1 (view)':type=f32;ne=[256, 64, 1, 1];nb=[4, 1024, 65536, 65536]
[SYCL] call ggml_backend_sycl_buffer_init_tensor: tensor='Qcur-1 (view)':type=f32;ne=[128, 2, 64, 1];nb=[4, 512, 1024, 65536]
[SYCL] call ggml_backend_sycl_buffer_init_tensor: tensor='Qcur-1 (view) (permuted)':type=f32;ne=[128, 64, 2, 1];nb=[4, 1024, 512, 65536];strided;permuted
[SYCL] call ggml_backend_sycl_buffer_init_tensor: tensor='Qcur-1 (view) (permuted) (copy)':type=f16;ne=[128, 64, 2, 1];nb=[2, 256, 16384, 32768]
[SYCL] call ggml_backend_sycl_buffer_init_tensor: tensor='node_95':type=f32;ne=[128, 2, 64, 1];nb=[4, 512, 1024, 65536]
[SYCL] call ggml_backend_sycl_buffer_init_tensor: tensor='kqv_out-1':type=f32;ne=[256, 64, 1, 1];nb=[4, 1024, 65536, 65536]
[SYCL] call ggml_backend_sycl_buffer_init_tensor: tensor='node_97':type=f32;ne=[256, 64, 1, 1];nb=[4, 1024, 65536, 65536]
[SYCL] call ggml_backend_sycl_buffer_init_tensor: tensor='node_98':type=f32;ne=[256, 64, 1, 1];nb=[4, 1024, 65536, 65536]
[SYCL] call ggml_backend_sycl_buffer_init_tensor: tensor='attn_out-1':type=f32;ne=[256, 64, 1, 1];nb=[4, 1024, 65536, 65536]
[SYCL] call ggml_backend_sycl_buffer_init_tensor: tensor='node_100':type=f32;ne=[256, 64, 1, 1];nb=[4, 1024, 65536, 65536]
[SYCL] call ggml_backend_sycl_buffer_init_tensor: tensor='node_101':type=f32;ne=[256, 64, 1, 1];nb=[4, 1024, 65536, 65536]
[SYCL] call ggml_backend_sycl_buffer_init_tensor: tensor='ffn_inp-1':type=f32;ne=[256, 64, 1, 1];nb=[4, 1024, 65536, 65536]
[SYCL] call ggml_backend_sycl_buffer_init_tensor: tensor='norm-1':type=f32;ne=[256, 64, 1, 1];nb=[4, 1024, 65536, 65536]
[SYCL] call ggml_backend_sycl_buffer_init_tensor: tensor='ffn_norm-1':type=f32;ne=[256, 64, 1, 1];nb=[4, 1024, 65536, 65536]
[SYCL] call ggml_backend_sycl_buffer_init_tensor: tensor='ffn_moe_logits-1':type=f32;ne=[2, 64, 1, 1];nb=[4, 8, 512, 512]
[SYCL] call ggml_backend_sycl_buffer_init_tensor: tensor='ffn_moe_probs-1':type=f32;ne=[2, 64, 1, 1];nb=[4, 8, 512, 512]
[SYCL] call ggml_backend_sycl_buffer_init_tensor: tensor='ffn_moe_probs-1 (reshaped)':type=f32;ne=[1, 2, 64, 1];nb=[4, 4, 8, 512]
[SYCL] call ggml_backend_sycl_buffer_init_tensor: tensor='ffn_moe_argsort-1':type=i32;ne=[2, 64, 1, 1];nb=[4, 8, 512, 512]
[SYCL-CONTROL] tensor=ffn_moe_argsort-1 op=ARGSORT bytes=512 ptr=0x77cfb0233600
[SYCL] call ggml_backend_sycl_buffer_init_tensor: tensor='ffn_moe_topk-1':type=i32;ne=[1, 64, 1, 1];nb=[4, 8, 512, 512];strided
[SYCL] call ggml_backend_sycl_buffer_init_tensor: tensor='ffn_moe_weights-1':type=f32;ne=[1, 1, 64, 1];nb=[4, 4, 4, 256]
[SYCL] call ggml_backend_sycl_buffer_init_tensor: tensor='ffn_moe_weights-1 (reshaped)':type=f32;ne=[1, 64, 1, 1];nb=[4, 4, 256, 256]
[SYCL] call ggml_backend_sycl_buffer_init_tensor: tensor='ffn_moe_weights_sum-1':type=f32;ne=[1, 64, 1, 1];nb=[4, 4, 256, 256]
[SYCL] call ggml_backend_sycl_buffer_init_tensor: tensor='ffn_moe_weights_sum_clamped-1':type=f32;ne=[1, 64, 1, 1];nb=[4, 4, 256, 256]
[SYCL] call ggml_backend_sycl_buffer_init_tensor: tensor='ffn_moe_weights_norm-1':type=f32;ne=[1, 64, 1, 1];nb=[4, 4, 256, 256]
[SYCL] call ggml_backend_sycl_buffer_init_tensor: tensor='ffn_moe_weights_norm-1 (reshaped)':type=f32;ne=[1, 1, 64, 1];nb=[4, 4, 4, 256]
[SYCL] call ggml_backend_sycl_buffer_init_tensor: tensor='ffn_norm-1 (reshaped)':type=f32;ne=[256, 1, 64, 1];nb=[4, 1024, 1024, 65536]
[SYCL] call ggml_backend_sycl_buffer_init_tensor: tensor='node_117':type=f32;ne=[384, 1, 64, 1];nb=[4, 1536, 1536, 98304]
[SYCL] call ggml_backend_sycl_buffer_init_tensor: tensor='node_119':type=f32;ne=[1, 2, 64, 1];nb=[4, 4, 8, 512]
[SYCL] call ggml_backend_sycl_buffer_init_tensor: tensor='node_120':type=f32;ne=[1, 1, 64, 1];nb=[4, 4, 4, 256]
[SYCL] call ggml_backend_sycl_buffer_init_tensor: tensor='ffn_moe_gate_scaled-1':type=f32;ne=[384, 1, 64, 1];nb=[4, 1536, 1536, 98304]
[SYCL] call ggml_backend_sycl_buffer_init_tensor: tensor='node_122':type=f32;ne=[384, 1, 64, 1];nb=[4, 1536, 1536, 98304]
[SYCL] call ggml_backend_sycl_buffer_init_tensor: tensor='node_124':type=f32;ne=[1, 2, 64, 1];nb=[4, 4, 8, 512]
[SYCL] call ggml_backend_sycl_buffer_init_tensor: tensor='node_125':type=f32;ne=[1, 1, 64, 1];nb=[4, 4, 4, 256]
[SYCL] call ggml_backend_sycl_buffer_init_tensor: tensor='ffn_moe_up_scaled-1':type=f32;ne=[384, 1, 64, 1];nb=[4, 1536, 1536, 98304]
[SYCL] call ggml_backend_sycl_buffer_init_tensor: tensor='ffn_moe_swiglu-1':type=f32;ne=[384, 1, 64, 1];nb=[4, 1536, 1536, 98304]
[SYCL] call ggml_backend_sycl_buffer_init_tensor: tensor='node_128':type=f32;ne=[256, 1, 64, 1];nb=[4, 1024, 1024, 65536]
[SYCL] call ggml_backend_sycl_buffer_init_tensor: tensor='node_130':type=f32;ne=[1, 2, 64, 1];nb=[4, 4, 8, 512]
[SYCL] call ggml_backend_sycl_buffer_init_tensor: tensor='node_131':type=f32;ne=[1, 1, 64, 1];nb=[4, 4, 4, 256]
[SYCL] call ggml_backend_sycl_buffer_init_tensor: tensor='ffn_moe_down_scaled-1':type=f32;ne=[256, 1, 64, 1];nb=[4, 1024, 1024, 65536]
[SYCL] call ggml_backend_sycl_buffer_init_tensor: tensor='ffn_moe_weighted-1':type=f32;ne=[256, 1, 64, 1];nb=[4, 1024, 1024, 65536]
[SYCL] call ggml_backend_sycl_buffer_init_tensor: tensor='ffn_moe_weighted-1 (view)':type=f32;ne=[256, 64, 1, 1];nb=[4, 1024, 65536, 65536]
[SYCL] call ggml_backend_sycl_buffer_init_tensor: tensor='ffn_moe_out-1':type=f32;ne=[256, 64, 1, 1];nb=[4, 1024, 65536, 65536]
[SYCL] call ggml_backend_sycl_buffer_init_tensor: tensor='l_out-1':type=f32;ne=[256, 64, 1, 1];nb=[4, 1024, 65536, 65536]
[SYCL] call ggml_backend_sycl_buffer_init_tensor: tensor='norm':type=f32;ne=[256, 64, 1, 1];nb=[4, 1024, 65536, 65536]
[SYCL] call ggml_backend_sycl_buffer_init_tensor: tensor='result_norm':type=f32;ne=[256, 64, 1, 1];nb=[4, 1024, 65536, 65536]
[SYCL] call ggml_backend_sycl_buffer_init_tensor: tensor='result_output':type=f32;ne=[128, 64, 1, 1];nb=[4, 512, 32768, 32768]
[DEBUG-GRAPH-COMPUTE] ENTER: backend=0x317dd320 cgraph=0x3643ae48
[DEBUG-GRAPH-COMPUTE] sycl_ctx=0x2e0a7f70 device=0
[MEM-HANDLE] released 0 command-graph retained leases
[SYCL] call ggml_backend_sycl_get_device_memory
[MEM-QUERY] dev=0 free=452.1 MB total=32656.0 MB consumed=32203.9 MB
[GRAPH-COMPUTE] device 0 arena scratch=512.0/512.0 MB external_free=452.1 MB / total=32656.0 MB
[DEBUG-GRAPH-COMPUTE] Creating lambda...
[MOE-HYBRID] Popularity tracking initialized: 6 layers, 2 experts/layer
[MOE-AOS-REQUEST] tensor=blk.0.ffn_gate_exps.weight expert=0 current=0 planned=0 requested=aos reason=device-plan
[MOE-AOS-REQUEST] tensor=blk.0.ffn_gate_exps.weight expert=1 current=0 planned=0 requested=aos reason=device-plan
[MOE-AOS-REQUEST] tensor=blk.0.ffn_up_exps.weight expert=0 current=0 planned=0 requested=aos reason=device-plan
[MOE-AOS-REQUEST] tensor=blk.0.ffn_up_exps.weight expert=1 current=0 planned=0 requested=aos reason=device-plan
[MOE-AOS-REQUEST] tensor=blk.0.ffn_down_exps.weight expert=0 current=0 planned=0 requested=aos reason=device-plan
[MOE-AOS-REQUEST] tensor=blk.0.ffn_down_exps.weight expert=1 current=0 planned=0 requested=aos reason=device-plan
[MOE-AOS-REQUEST] tensor=blk.1.ffn_gate_exps.weight expert=0 current=0 planned=0 requested=aos reason=device-plan
[MOE-AOS-REQUEST] tensor=blk.1.ffn_gate_exps.weight expert=1 current=0 planned=0 requested=aos reason=device-plan
[MOE-AOS-REQUEST] tensor=blk.1.ffn_up_exps.weight expert=0 current=0 planned=0 requested=aos reason=device-plan
[MOE-AOS-REQUEST] tensor=blk.1.ffn_up_exps.weight expert=1 current=0 planned=0 requested=aos reason=device-plan
[MOE-AOS-REQUEST] tensor=blk.1.ffn_down_exps.weight expert=0 current=0 planned=0 requested=aos reason=device-plan
[MOE-AOS-REQUEST] tensor=blk.1.ffn_down_exps.weight expert=1 current=0 planned=0 requested=aos reason=device-plan
[SYCL] call ggml_backend_sycl_get_device_memory
[MOE-HYBRID] device 0: available VRAM for expert cache = 196.1 MB
[MOE-HYBRID] Registered gate weights for blk.0 (seq=0, n_embd=256, ptr=0xffffd556b6d09a00)
[MOE-HYBRID] Registered gate weights for blk.1 (seq=3, n_embd=256, ptr=0xffffd556b6d0a200)
[DEBUG-GRAPH-COMPUTE] Lambda created
[GRAPH-CHECK] MUL_MAT_ID: src0=blk.0.ffn_gate_exps.weight buffer=0x30578790 is_sycl=0
[SYCL-GRAPH] call #7: use_sycl_graph=0, async_mem=0, n_nodes=140, has_exec_graph=0
[DEBUG-IMPL] ENTER graph_compute_impl: n_nodes=140, device=0
[DEBUG-IMPL] Starting node loop, n_nodes=140
[DEBUG-IMPL] Node 0/140: op=40 name=embd
ggml_sycl_get_data_ptr_slow: tensor=inp_tokens, device=0, staging FAILED for non-device (type=0), using tensor->data=0x77ce009b1e40
ggml_sycl_get_data_ptr_slow: tensor=inp_tokens, device=0, using tensor->data=0x77ce009b1e40
[SYCL][OP] call ggml_sycl_get_rows: dst='embd':type=f32;ne=[256, 64, 1, 1];nb=[4, 1024, 65536, 65536]	src0='token_embd.weight':type=f32;ne=[256, 128, 1, 1];nb=[4, 1024, 131072, 131072]	src1='inp_tokens':type=i32;ne=[64, 1, 1, 1];nb=[4, 256, 256, 256]
[SYCL] weight cache lookup: tensor=0x2e1bc1e0 name=token_embd.weight device=0
[SYCL][OP] call ggml_sycl_get_rows done
[DEBUG-IMPL] Node 1/140: op=25 name=norm-0
[DEBUG-IMPL] Node 3/140: op=29 name=node_3
[SYCL] simple consumer routing declined: op=MUL_MAT dst=node_3 plan unavailable ctx=0
[DEBUG-MULMAT] ENTER: src0=blk.0.attn_q.weight src1=attn_norm-0 dst=node_3
[SYCL][OP] call ggml_sycl_mul_mat: dst='node_3':type=f32;ne=[256, 64, 1, 1];nb=[4, 1024, 65536, 65536]	src0='blk.0.attn_q.weight':type=f32;ne=[256, 256, 1, 1];nb=[4, 1024, 262144, 262144]	src1='attn_norm-0':type=f32;ne=[256, 64, 1, 1];nb=[4, 1024, 65536, 65536]
[XMXConfig] device=0: M=8 N=16 K_INT8=32 K_FP16=16 SLM=131072 nsm=256 supported=1 int8=1 fp16=1 double_buf=1 max_esimd_wg=64 nbarrier=0 esimd_dpas=1
[MUL_MAT] src0 device=0 ptr=0xffffd556b6b06900 (tensor=blk.0.attn_q.weight layout=0)
[MUL_MAT] dst device=0 ptr=0xffffd55e47da8000 (tensor=node_3)
[SYCL] weight cache lookup: tensor=0x2e1bc820 name=blk.0.attn_q.weight device=0
[SYCL][OP] call ggml_sycl_mul_mat done
[DEBUG-IMPL] Node 4/140: op=7 name=Qcur-0
[DEBUG-IMPL] Node 6/140: op=36 name=Qcur-0
[DEBUG-IMPL] Node 7/140: op=49 name=Qcur-0
ggml_sycl_get_data_ptr_slow: tensor=leaf_7, device=0, staging FAILED for non-device (type=0), using tensor->data=0x77ce009c1f40
ggml_sycl_get_data_ptr_slow: tensor=leaf_7, device=0, using tensor->data=0x77ce009c1f40
[SYCL] simple consumer routing declined: op=ROPE dst=Qcur-0 local single-device plan ctx=0 target=0
[SYCL][OP] call ggml_sycl_rope: dst='Qcur-0':type=f32;ne=[128, 2, 64, 1];nb=[4, 512, 1024, 65536]	src0='Qcur-0':type=f32;ne=[128, 2, 64, 1];nb=[4, 512, 1024, 65536]	src1='leaf_7':type=i32;ne=[64, 1, 1, 1];nb=[4, 256, 256, 256]	src2='rope_freqs.weight':type=f32;ne=[64, 1, 1, 1];nb=[4, 256, 256, 256]
ggml_sycl_op_rope: norm path
[SYCL][OP] call ggml_sycl_rope done
[DEBUG-IMPL] Node 8/140: op=29 name=node_8
[SYCL] simple consumer routing declined: op=MUL_MAT dst=node_8 plan unavailable ctx=0
[DEBUG-MULMAT] ENTER: src0=blk.0.attn_v.weight src1=attn_norm-0 dst=node_8
[SYCL][OP] call ggml_sycl_mul_mat: dst='node_8':type=f32;ne=[256, 64, 1, 1];nb=[4, 1024, 65536, 65536]	src0='blk.0.attn_v.weight':type=f32;ne=[256, 256, 1, 1];nb=[4, 1024, 262144, 262144]	src1='attn_norm-0':type=f32;ne=[256, 64, 1, 1];nb=[4, 1024, 65536, 65536]
[XMXConfig] device=0: M=8 N=16 K_INT8=32 K_FP16=16 SLM=131072 nsm=256 supported=1 int8=1 fp16=1 double_buf=1 max_esimd_wg=64 nbarrier=0 esimd_dpas=1
[MUL_MAT] src0 device=0 ptr=0xffffd556b6b86900 (tensor=blk.0.attn_v.weight layout=0)
[MUL_MAT] dst device=0 ptr=0xffffd55e47da8000 (tensor=node_8)
[SYCL] weight cache lookup: tensor=0x2e1bcb40 name=blk.0.attn_v.weight device=0
[SYCL][OP] call ggml_sycl_mul_mat done
[DEBUG-IMPL] Node 9/140: op=7 name=Vcur-0
[DEBUG-IMPL] Node 11/140: op=36 name=Vcur-0
[DEBUG-IMPL] Node 12/140: op=29 name=node_12
[SYCL] simple consumer routing declined: op=MUL_MAT dst=node_12 plan unavailable ctx=0
[DEBUG-MULMAT] ENTER: src0=blk.0.attn_k.weight src1=attn_norm-0 dst=node_12
[SYCL][OP] call ggml_sycl_mul_mat: dst='node_12':type=f32;ne=[256, 64, 1, 1];nb=[4, 1024, 65536, 65536]	src0='blk.0.attn_k.weight':type=f32;ne=[256, 256, 1, 1];nb=[4, 1024, 262144, 262144]	src1='attn_norm-0':type=f32;ne=[256, 64, 1, 1];nb=[4, 1024, 65536, 65536]
[XMXConfig] device=0: M=8 N=16 K_INT8=32 K_FP16=16 SLM=131072 nsm=256 supported=1 int8=1 fp16=1 double_buf=1 max_esimd_wg=64 nbarrier=0 esimd_dpas=1
[MUL_MAT] src0 device=0 ptr=0xffffd556b6b46900 (tensor=blk.0.attn_k.weight layout=0)
[MUL_MAT] dst device=0 ptr=0xffffd55e47dc8000 (tensor=node_12)
[SYCL] weight cache lookup: tensor=0x2e1bc9b0 name=blk.0.attn_k.weight device=0
[SYCL][OP] call ggml_sycl_mul_mat done
[DEBUG-IMPL] Node 13/140: op=7 name=Kcur-0
[DEBUG-IMPL] Node 15/140: op=36 name=Kcur-0
[DEBUG-IMPL] Node 16/140: op=49 name=Kcur-0
[SYCL] simple consumer routing declined: op=ROPE dst=Kcur-0 local single-device plan ctx=0 target=0
[SYCL][OP] call ggml_sycl_rope: dst='Kcur-0':type=f32;ne=[128, 2, 64, 1];nb=[4, 512, 1024, 65536]	src0='Kcur-0':type=f32;ne=[128, 2, 64, 1];nb=[4, 512, 1024, 65536]	src1='leaf_7':type=i32;ne=[64, 1, 1, 1];nb=[4, 256, 256, 256]	src2='rope_freqs.weight':type=f32;ne=[64, 1, 1, 1];nb=[4, 256, 256, 256]
ggml_sycl_op_rope: norm path
[SYCL][OP] call ggml_sycl_rope done
[DEBUG-IMPL] Node 17/140: op=37 name=Kcur-0 (view)
[DEBUG-IMPL] Node 18/140: op=42 name=cache_k_l0 (view)
ggml_sycl_get_data_ptr_slow: tensor=leaf_15, device=0, staging FAILED for non-device (type=0), using tensor->data=0x77ce009c2040
ggml_sycl_get_data_ptr_slow: tensor=leaf_15, device=0, using tensor->data=0x77ce009c2040
[SYCL] simple consumer routing declined: op=SET_ROWS dst=cache_k_l0 (view) plan unavailable ctx=0
[SYCL][OP] call ggml_sycl_op_set_rows: dst='cache_k_l0 (view)':type=f16;ne=[256, 256, 1, 1];nb=[2, 512, 131072, 131072]	src0='Kcur-0 (view)':type=f32;ne=[256, 64, 1, 1];nb=[4, 1024, 65536, 65536]	src1='leaf_15':type=i64;ne=[64, 1, 1, 1];nb=[8, 512, 512, 512]
[SYCL][OP] call ggml_sycl_op_set_rows done
[DEBUG-IMPL] Node 19/140: op=37 name=Vcur-0 (view)
[DEBUG-IMPL] Node 20/140: op=42 name=cache_v_l0 (view)
ggml_sycl_get_data_ptr_slow: tensor=leaf_17, device=0, staging FAILED for non-device (type=0), using tensor->data=0x77ce009c2240
ggml_sycl_get_data_ptr_slow: tensor=leaf_17, device=0, using tensor->data=0x77ce009c2240
[SYCL] simple consumer routing declined: op=SET_ROWS dst=cache_v_l0 (view) plan unavailable ctx=0
[SYCL][OP] call ggml_sycl_op_set_rows: dst='cache_v_l0 (view)':type=f16;ne=[256, 256, 1, 1];nb=[2, 512, 131072, 131072]	src0='Vcur-0 (view)':type=f32;ne=[256, 64, 1, 1];nb=[4, 1024, 65536, 65536]	src1='leaf_17':type=i64;ne=[64, 1, 1, 1];nb=[8, 512, 512, 512]
[SYCL][OP] call ggml_sycl_op_set_rows done
[DEBUG-IMPL] Node 21/140: op=37 name=Qcur-0 (view)
[DEBUG-IMPL] Node 22/140: op=38 name=Qcur-0 (view) (permuted)
[DEBUG-IMPL] Node 23/140: op=34 name=Qcur-0 (view) (permuted) (copy)
[SYCL] simple consumer routing declined: op=CPY dst=Qcur-0 (view) (permuted) (copy) local single-device plan ctx=0 target=0
[SYCL][OP] call ggml_sycl_cpy: dst='Qcur-0 (view) (permuted) (copy)':type=f16;ne=[128, 64, 2, 1];nb=[2, 256, 16384, 32768]	src0='Qcur-0 (view) (permuted)':type=f32;ne=[128, 64, 2, 1];nb=[4, 1024, 512, 65536];strided;permuted
[CPY] device=0 main_stream=0x2b690ec0 tp_queue=(nil) (match=0)
[CPY DEBUG] device=0 src0=Qcur-0 (view) (permuted)(0xffffd55e47db8000, usm=1) -> src1=Qcur-0 (view) (permuted) (copy)(0xffffd55e47d98000, usm=1) size=65536
[CPY STAGING CHECK] device=0 needs_staging=0 src0_type=1 dst_is_device=1
[SYCL][OP] call ggml_sycl_cpy done
[DEBUG-IMPL] Node 24/140: op=37 name=cache_k_l0 (view)
[DEBUG-IMPL] Node 25/140: op=38 name=cache_k_l0 (view) (permuted)
[DEBUG-IMPL] Node 26/140: op=37 name=cache_v_l0 (view)
[DEBUG-IMPL] Node 27/140: op=38 name=cache_v_l0 (view) (permuted)
[DEBUG-IMPL] Node 28/140: op=75 name=node_28
ggml_sycl_get_data_ptr_slow: tensor=attn_inp_kq_mask, device=0, staging FAILED for non-device (type=0), using tensor->data=0x77ce009c2440
ggml_sycl_get_data_ptr_slow: tensor=attn_inp_kq_mask, device=0, using tensor->data=0x77ce009c2440
[SYCL] simple consumer routing declined: op=FLASH_ATTN_EXT dst=node_28 plan unavailable ctx=0
ggml_sycl_get_data_ptr_slow: tensor=Qcur-0 (view) (permuted) (copy), device=1, rejecting tensor->data=0xffffd55e47d98000 owned by device 0
ggml_sycl_get_data_ptr_slow: tensor=node_28, device=1, rejecting tensor->data=0xffffd55e47da0000 owned by device 0
[DEBUG-IMPL] Node 29/140: op=36 name=kqv_out-0
[DEBUG-IMPL] Node 30/140: op=29 name=node_30
[SYCL] simple consumer routing declined: op=MUL_MAT dst=node_30 plan unavailable ctx=0
[DEBUG-MULMAT] ENTER: src0=blk.0.attn_output.weight src1=kqv_out-0 dst=node_30
[SYCL][OP] call ggml_sycl_mul_mat: dst='node_30':type=f32;ne=[256, 64, 1, 1];nb=[4, 1024, 65536, 65536]	src0='blk.0.attn_output.weight':type=f32;ne=[256, 256, 1, 1];nb=[4, 1024, 262144, 262144]	src1='kqv_out-0':type=f32;ne=[256, 64, 1, 1];nb=[4, 1024, 65536, 65536]
[XMXConfig] device=0: M=8 N=16 K_INT8=32 K_FP16=16 SLM=131072 nsm=256 supported=1 int8=1 fp16=1 double_buf=1 max_esimd_wg=64 nbarrier=0 esimd_dpas=1
[MUL_MAT] src0 device=0 ptr=0xffffd556b6bc6900 (tensor=blk.0.attn_output.weight layout=0)
[MUL_MAT] dst device=0 ptr=0xffffd55e47db0000 (tensor=node_30)
[SYCL] weight cache lookup: tensor=0x2e1bd180 name=blk.0.attn_output.weight device=0
[SYCL][OP] call ggml_sycl_mul_mat done
[DEBUG-IMPL] Node 31/140: op=7 name=node_31
[DEBUG-IMPL] Node 33/140: op=2 name=ffn_inp-0
[DEBUG-IMPL] Node 35/140: op=7 name=ffn_norm-0
[SYCL] simple consumer routing declined: op=MUL dst=ffn_norm-0 local single-device plan ctx=0 target=0
[SYCL][OP] call ggml_sycl_mul: dst='ffn_norm-0':type=f32;ne=[256, 64, 1, 1];nb=[4, 1024, 65536, 65536]	src0='norm-0':type=f32;ne=[256, 64, 1, 1];nb=[4, 1024, 65536, 65536]	src1='blk.0.ffn_norm.weight':type=f32;ne=[256, 1, 1, 1];nb=[4, 1024, 1024, 1024]
[BINBCAST-PTR] src0=norm-0 src0_host=0xffffd55e47d88000 src0_d=0xffffd55e47d88000
[BINBCAST-PTR] src1=blk.0.ffn_norm.weight src1_host=0x77ce0042eb40 src1_d=0xffffd556b6ae5d00
[SYCL][OP] call ggml_sycl_mul done
[DEBUG-IMPL] Node 36/140: op=29 name=ffn_moe_logits-0
[SYCL] simple consumer routing declined: op=MUL_MAT dst=ffn_moe_logits-0 plan unavailable ctx=0
[DEBUG-MULMAT] ENTER: src0=blk.0.ffn_gate_inp.weight src1=ffn_norm-0 dst=ffn_moe_logits-0
[SYCL][OP] call ggml_sycl_mul_mat: dst='ffn_moe_logits-0':type=f32;ne=[2, 64, 1, 1];nb=[4, 8, 512, 512]	src0='blk.0.ffn_gate_inp.weight':type=f32;ne=[256, 2, 1, 1];nb=[4, 1024, 2048, 2048]	src1='ffn_norm-0':type=f32;ne=[256, 64, 1, 1];nb=[4, 1024, 65536, 65536]
[XMXConfig] device=0: M=8 N=16 K_INT8=32 K_FP16=16 SLM=131072 nsm=256 supported=1 int8=1 fp16=1 double_buf=1 max_esimd_wg=64 nbarrier=0 esimd_dpas=1
[MUL_MAT] src0 device=0 ptr=0xffffd556b6d09a00 (tensor=blk.0.ffn_gate_inp.weight layout=0)
[MUL_MAT] dst device=0 ptr=0xffffd55e47d98000 (tensor=ffn_moe_logits-0)
[SYCL] weight cache lookup: tensor=0x2e1bd7c0 name=blk.0.ffn_gate_inp.weight device=0
[SYCL][OP] call ggml_sycl_mul_mat done
[DEBUG-IMPL] Node 37/140: op=47 name=ffn_moe_probs-0
[SYCL] simple consumer routing declined: op=SOFT_MAX dst=ffn_moe_probs-0 local single-device plan ctx=0 target=0
[SYCL][OP] call ggml_sycl_op_soft_max: dst='ffn_moe_probs-0':type=f32;ne=[2, 64, 1, 1];nb=[4, 8, 512, 512]	src0='ffn_moe_logits-0':type=f32;ne=[2, 64, 1, 1];nb=[4, 8, 512, 512]	src1=nullptr
[SYCL][OP] call ggml_sycl_op_soft_max done
[DEBUG-IMPL] Node 38/140: op=36 name=ffn_moe_probs-0 (reshaped)
[DEBUG-IMPL] Node 39/140: op=70 name=ffn_moe_argsort-0
[SYCL] simple consumer routing declined: op=ARGSORT dst=ffn_moe_argsort-0 local single-device plan ctx=0 target=0
[SYCL][OP] call ggml_sycl_argsort: dst='ffn_moe_argsort-0':type=i32;ne=[2, 64, 1, 1];nb=[4, 8, 512, 512]	src0='ffn_moe_probs-0':type=f32;ne=[2, 64, 1, 1];nb=[4, 8, 512, 512]
0.04.402.416 E [SYCL][PTR] dst tensor=ffn_moe_argsort-0 data=0x77cfb0233400 alloc=512 base=0xffffd55e47d88000 size=524288 end=0xffffd55e47e08000
[SYCL][OP] call ggml_sycl_argsort done
[DEBUG-IMPL] Node 40/140: op=37 name=ffn_moe_topk-0
[DEBUG-IMPL] Node 41/140: op=40 name=ffn_moe_weights-0
[SYCL][OP] call ggml_sycl_get_rows: dst='ffn_moe_weights-0':type=f32;ne=[1, 1, 64, 1];nb=[4, 4, 4, 256]	src0='ffn_moe_probs-0 (reshaped)':type=f32;ne=[1, 2, 64, 1];nb=[4, 4, 8, 512]	src1='ffn_moe_topk-0':type=i32;ne=[1, 64, 1, 1];nb=[4, 8, 512, 512];strided
0.04.402.456 E [SYCL] weight cache lookup: tensor=0x34ccff70 name=ffn_moe_probs-0 (reshaped) device=0
[SYCL][PTR] src1 tensor=ffn_moe_topk-0 data=0x77cfb0233400 alloc=508 base=0xffffd55e47d88000 size=524288 end=0xffffd55e47e08000
[SYCL][OP] call ggml_sycl_get_rows done
[DEBUG-IMPL] Node 42/140: op=36 name=ffn_moe_weights-0 (reshaped)
[DEBUG-IMPL] Node 43/140: op=15 name=ffn_moe_weights_sum-0
[SYCL] simple consumer routing declined: op=SUM_ROWS dst=ffn_moe_weights_sum-0 plan unavailable ctx=0
[SYCL][OP] call ggml_sycl_sum_rows: dst='ffn_moe_weights_sum-0':type=f32;ne=[1, 64, 1, 1];nb=[4, 4, 256, 256]	src0='ffn_moe_weights-0 (reshaped)':type=f32;ne=[1, 64, 1, 1];nb=[4, 4, 256, 256]
[SYCL][OP] call ggml_sycl_sum_rows done
[DEBUG-IMPL] Node 44/140: op=51 name=ffn_moe_weights_sum_clamped-0
[SYCL] simple consumer routing declined: op=CLAMP dst=ffn_moe_weights_sum_clamped-0 plan unavailable ctx=0
[SYCL][OP] call ggml_sycl_clamp: dst='ffn_moe_weights_sum_clamped-0':type=f32;ne=[1, 64, 1, 1];nb=[4, 4, 256, 256]	src0='ffn_moe_weights_sum-0':type=f32;ne=[1, 64, 1, 1];nb=[4, 4, 256, 256]
[SYCL][OP] call ggml_sycl_clamp done
[DEBUG-IMPL] Node 45/140: op=8 name=ffn_moe_weights_norm-0
[SYCL] simple consumer routing declined: op=DIV dst=ffn_moe_weights_norm-0 plan unavailable ctx=0
[SYCL][OP] call ggml_sycl_div: dst='ffn_moe_weights_norm-0':type=f32;ne=[1, 64, 1, 1];nb=[4, 4, 256, 256]	src0='ffn_moe_weights-0 (reshaped)':type=f32;ne=[1, 64, 1, 1];nb=[4, 4, 256, 256]	src1='ffn_moe_weights_sum_clamped-0':type=f32;ne=[1, 64, 1, 1];nb=[4, 4, 256, 256]
[BINBCAST-PTR] src0=ffn_moe_weights-0 (reshaped) src0_host=0xffffd55e47d98400 src0_d=0xffffd55e47d98400
[BINBCAST-PTR] src1=ffn_moe_weights_sum_clamped-0 src1_host=0xffffd55e47d98000 src1_d=0xffffd55e47d98000
[SYCL][OP] call ggml_sycl_div done
[DEBUG-IMPL] Node 46/140: op=36 name=ffn_moe_weights_norm-0 (reshaped)
[DEBUG-IMPL] Node 47/140: op=36 name=ffn_norm-0 (reshaped)
[DEBUG-IMPL] Node 48/140: op=30 name=node_48
[RESOLVE] data_handle empty for weight tensor 'blk.0.ffn_gate_exps.weight' device 0, falling through to cache lookup
[SYCL] weight cache lookup: tensor=0x2e1bd950 name=blk.0.ffn_gate_exps.weight device=0
[RESOLVE] refusing composite MoE expert tensor materialization for placement-planned 'blk.0.ffn_gate_exps.weight' device 0
[SYCL][OP] call ggml_sycl_mul_mat_id: dst='node_48':type=f32;ne=[384, 1, 64, 1];nb=[4, 1536, 1536, 98304]	src0='blk.0.ffn_gate_exps.weight':type=f32;ne=[256, 384, 2, 1];nb=[4, 1024, 393216, 786432]	src1='ffn_norm-0 (reshaped)':type=f32;ne=[256, 1, 64, 1];nb=[4, 1024, 1024, 65536]	src2='ffn_moe_topk-0':type=i32;ne=[1, 64, 1, 1];nb=[4, 8, 512, 512];strided
0.04.402.582 E [SYCL][PTR] src2 tensor=ffn_moe_topk-0 data=0x77cfb0233400 alloc=508 base=0xffffd55e47d88000 size=524288 end=0xffffd55e47e08000
[XMX-DEBUG] try_xmx_sorted_moe called: src0->type=0
[XMX-DEBUG] XMX MoE: forced=0 fused_enabled=0 tiled_enabled=1
[XMX-DEBUG] XMX caps: supported=1 int8=1
[XMX MoE] Only Q8_0/MXFP4 supported, got type 0
[XMX-MOE-REJECT] tensor=blk.0.ffn_gate_exps.weight type=f32 device=0 reason=type src0=[256,384,2,1] src1=[256,1,64,1] ids=[1,64,1,1]
[MoE FUSED] Batch 64 > 32, using oneDNN batching
[MoE] About to try COALESCED layout
[RESOLVE] data_handle empty for weight tensor 'blk.0.ffn_gate_exps.weight' device 0, falling through to cache lookup
[SYCL] weight cache lookup: tensor=0x2e1bd950 name=blk.0.ffn_gate_exps.weight device=0
[RESOLVE] refusing composite MoE expert tensor materialization for placement-planned 'blk.0.ffn_gate_exps.weight' device 0
[MoE] Trying MMVQ with layout=2 for blk.0.ffn_gate_exps.weight
[MMVQ-ENTRY] src0=blk.0.ffn_gate_exps.weight type=0 forced_layout=2
[MMVQ] Batch 64 > threshold 32, routing to batched GEMM path
[MoE] MMVQ layout=2 returned false
[MoE] About to try SOA layout
[RESOLVE] data_handle empty for weight tensor 'blk.0.ffn_gate_exps.weight' device 0, falling through to cache lookup
[SYCL] weight cache lookup: tensor=0x2e1bd950 name=blk.0.ffn_gate_exps.weight device=0
[RESOLVE] refusing composite MoE expert tensor materialization for placement-planned 'blk.0.ffn_gate_exps.weight' device 0
[MoE] Trying MMVQ with layout=1 for blk.0.ffn_gate_exps.weight
[MMVQ-ENTRY] src0=blk.0.ffn_gate_exps.weight type=0 forced_layout=1
[MMVQ] Batch 64 > threshold 32, routing to batched GEMM path
[MoE] MMVQ layout=1 returned false
[MoE] About to try AOS layout
[RESOLVE] data_handle empty for weight tensor 'blk.0.ffn_gate_exps.weight' device 0, falling through to cache lookup
[SYCL] weight cache lookup: tensor=0x2e1bd950 name=blk.0.ffn_gate_exps.weight device=0
[RESOLVE] refusing composite MoE expert tensor materialization for placement-planned 'blk.0.ffn_gate_exps.weight' device 0
[MoE] Trying MMVQ with layout=0 for blk.0.ffn_gate_exps.weight
[MMVQ-ENTRY] src0=blk.0.ffn_gate_exps.weight type=0 forced_layout=0
[MMVQ] Batch 64 > threshold 32, routing to batched GEMM path
[MoE] MMVQ layout=0 returned false
[MoE] All MMVQ layouts failed, falling back to host routing
[MoE] GPU probe paths did not select type 0; resolving planner-owned MoE route
[MoE-1E] Cached IDs for layer 0 (GATE), 64 elements
[MoE] Using expert cache for blk.0.ffn_gate_exps.weight (layer=1876883677, host_buf=0, ptr_type=3)
[MOE-AOS-REQUEST] tensor=blk.0.ffn_gate_exps.weight expert=0 current=0 planned=0 requested=aos reason=device-plan
[MOE-AOS-REQUEST] tensor=blk.0.ffn_gate_exps.weight expert=1 current=0 planned=0 requested=aos reason=device-plan
[GRAPH-MOE-LAYOUT] tensor=blk.0.ffn_gate_exps.weight device=0 plan=1 selected=aos local=2 secondary=0 host=0 missing=0 host_weights=0
[MOE-DISPATCH-LAYOUT] tensor=blk.0.ffn_gate_exps.weight device=0 route_layout=aos src0_layout=aos use_expert_cache=1 placement_planned=1 host_weights=0 plan=1 plan_host=0 has_override=0 ne12=64
[MOE-STAGE] tensor=blk.0.ffn_gate_exps.weight stage=after-dispatch-layout device=0 ne12=64
[MOE-STAGE] tensor=blk.0.ffn_gate_exps.weight stage=after-pointer-table device=0 planned_pp=1
[MOE-STAGE] tensor=blk.0.ffn_gate_exps.weight stage=after-route-diagnostics device=0 planned_pp=1
[MOE-STAGE] tensor=blk.0.ffn_gate_exps.weight stage=before-route-mode device=0 ne12=64 use_cache=1 plan=1 hybrid=1
[MOE-IDS] Staging ids to device (buffer_on_host=0, ptr_usm_type=3)
[MOE-IDS] Using pre-allocated staging buffer (256 bytes)
[MOE-STAGE] tensor=blk.0.ffn_gate_exps.weight stage=pp-rowmap-alloc-begin device=0 rows=64
[UNIFIED-ALLOC] zone alloc: dev=0 zone=4 size=0.0 MB ptr=0xffffd55e67c2c000
[MOE-STAGE] tensor=blk.0.ffn_gate_exps.weight stage=pp-rowmap-copy-begin device=0 rows=64 dst_handle=0
[MOE-STAGE] tensor=blk.0.ffn_gate_exps.weight stage=pp-rowmap-copy-submitted device=0 rows=64
[UNIFIED-ALLOC] zone alloc: dev=0 zone=4 size=0.1 MB ptr=0xffffd55e67c2c200
[UNIFIED-ALLOC] zone alloc: dev=0 zone=4 size=0.1 MB ptr=0xffffd55e67c44200
[MOE-AOS-REQUEST] tensor=blk.0.ffn_gate_exps.weight expert=0 current=0 planned=0 requested=aos reason=device-plan
[DEBUG-MULMAT] ENTER: src0=blk.0.ffn_gate_exps.weight src1=ffn_norm-0 (reshaped) dst=node_48
[SYCL][OP] call ggml_sycl_mul_mat: dst='node_48':type=f32;ne=[384, 46, 1, 1];nb=[4, 1536, 70656, 70656]	src0='blk.0.ffn_gate_exps.weight':type=f32;ne=[256, 384, 2, 1];nb=[4, 1024, 393216, 786432]	src1='ffn_norm-0 (reshaped)':type=f32;ne=[256, 1, 64, 1];nb=[4, 1024, 1024, 65536]0.04.402.832 E [SYCL][PTR] dst tensor=node_48 data=0xffffd55e67c2c200 alloc=70656 base=0xffffd55e47d88000 size=524288 end=0xffffd55e47e08000

[XMXConfig] device=0: M=8 N=16 K_INT8=32 K_FP16=16 SLM=131072 nsm=256 supported=1 int8=1 fp16=1 double_buf=1 max_esimd_wg=64 nbarrier=0 esimd_dpas=1
[MUL_MAT] src0 device=0 ptr=0xffffd556b6645500 (tensor=blk.0.ffn_gate_exps.weight layout=0)
[MUL_MAT] dst device=0 ptr=0xffffd55e67c2c200 (tensor=node_48)
[SYCL][OP] call ggml_sycl_mul_mat done
[MOE-AOS-REQUEST] tensor=blk.0.ffn_gate_exps.weight expert=1 current=0 planned=0 requested=aos reason=device-plan
[DEBUG-MULMAT] ENTER: src0=blk.0.ffn_gate_exps.weight src1=ffn_norm-0 (reshaped) dst=node_48
[SYCL][OP] call ggml_sycl_mul_mat: dst='node_48':type=f32;ne=[384, 18, 1, 1];nb=[4, 1536, 27648, 27648]	src0='blk.0.ffn_gate_exps.weight':type=f32;ne=[256, 384, 2, 1];nb=[4, 1024, 393216, 786432]	src1='ffn_norm-0 (reshaped)':type=f32;ne=[256, 1, 64, 1];nb=[4, 1024, 1024, 65536]
0.04.402.970 E [SYCL][PTR] dst tensor=node_48 data=0xffffd55e67c3d600 alloc=27648 base=0xffffd55e47d88000 size=524288 end=0xffffd55e47e08000
[XMXConfig] device=0: M=8 N=16 K_INT8=32 K_FP16=16 SLM=131072 nsm=256 supported=1 int8=1 fp16=1 double_buf=1 max_esimd_wg=64 nbarrier=0 esimd_dpas=1
[MUL_MAT] src0 device=0 ptr=0xffffd556b66a5500 (tensor=blk.0.ffn_gate_exps.weight layout=0)
[MUL_MAT] dst device=0 ptr=0xffffd55e67c3d600 (tensor=node_48)
[SYCL][OP] call ggml_sycl_mul_mat done
[SYCL][OP] call ggml_sycl_mul_mat_id done
[DEBUG-IMPL] Node 49/140: op=36 name=blk.0.ffn_gate_exps.scale (reshaped)
[DEBUG-IMPL] Node 50/140: op=20 name=node_50
[SYCL] weight cache lookup: tensor=0x34cd1550 name=blk.0.ffn_gate_exps.scale (reshaped) device=0
ggml_sycl_get_data_ptr_slow: tensor=blk.0.ffn_gate_exps.scale (reshaped) view_src chain -> base=blk.0.ffn_gate_exps.scale, base->extra=0x2d956da0, base->data=0x77ce009b18c0, tensor->data=0x77ce009b18c0
ggml_sycl_get_data_ptr_slow: base=blk.0.ffn_gate_exps.scale data=0x77ce009b18c0 ptr_type=3
[SYCL] weight cache lookup: tensor=0x34cd1550 name=blk.0.ffn_gate_exps.scale (reshaped) device=0
ggml_sycl_get_data_ptr_slow: tensor=blk.0.ffn_gate_exps.scale (reshaped), device=0, staging FAILED for non-device (type=0), using tensor->data=0x77ce009b18c0
ggml_sycl_get_data_ptr_slow: tensor=blk.0.ffn_gate_exps.scale (reshaped), device=0, using tensor->data=0x77ce009b18c0
[RESOLVE] data_handle empty for weight tensor 'blk.0.ffn_gate_exps.scale' device 0, falling through to cache lookup
[SYCL] weight cache lookup: tensor=0x2e1bfa20 name=blk.0.ffn_gate_exps.scale device=0
[SYCL] weight cache lookup: tensor=0x2e1bfa20 name=blk.0.ffn_gate_exps.scale device=0
ggml_sycl_get_data_ptr_slow: tensor=blk.0.ffn_gate_exps.scale, device=0, staging FAILED for non-device (type=0), using tensor->data=0x77ce009b18c0
ggml_sycl_get_data_ptr_slow: tensor=blk.0.ffn_gate_exps.scale, device=0, using tensor->data=0x77ce009b18c0
[SYCL] simple consumer routing declined: op=REPEAT dst=node_50 plan unavailable ctx=0
[SYCL][OP] call ggml_sycl_repeat: dst='node_50':type=f32;ne=[1, 2, 64, 1];nb=[4, 4, 8, 512]	src0='blk.0.ffn_gate_exps.scale (reshaped)':type=f32;ne=[1, 2, 1, 1];nb=[4, 4, 8, 8]
[SYCL] weight cache lookup: tensor=0x34cd1550 name=blk.0.ffn_gate_exps.scale (reshaped) device=0
[SYCL] weight cache lookup: tensor=0x34cd1550 name=blk.0.ffn_gate_exps.scale (reshaped) device=0
0.04.403.143 E [UNIFIED-CACHE] planned-mode runtime materialization rejected op=direct_stage_weight caller=direct_stage_weight model=0 name_hash=0x5c5ab6125ec1b4e2 aux=270 type=0 ne=[1,2,1,1] layout=0 graph_active=1
[SYCL-BINBCAST] staging raw host tensor=blk.0.ffn_gate_exps.scale (reshaped) bytes=8 device=0 src=0x77ce009b18c0 dst=0xffffe38f1ae00000
[BINBCAST-PTR] src0=node_50 src0_host=0xffffd55e47d98400 src0_d=0xffffd55e47d98400
[BINBCAST-PTR] src1=blk.0.ffn_gate_exps.scale (reshaped) src1_host=0x77ce009b18c0 src1_d=0xffffe38f1ae00000
[SYCL][OP] call ggml_sycl_repeat done
[DEBUG-IMPL] Node 51/140: op=40 name=node_51
[SYCL][OP] call ggml_sycl_get_rows: dst='node_51':type=f32;ne=[1, 1, 64, 1];nb=[4, 4, 4, 256]	src0='node_50':type=f32;ne=[1, 2, 64, 1];nb=[4, 4, 8, 512]	src1='ffn_moe_topk-0':type=i32;ne=[1, 64, 1, 1];nb=[4, 8, 512, 512];strided
0.04.403.212 E [SYCL] weight cache lookup: tensor=0x34cd16e0 name=node_50 device=0
[SYCL][PTR] src1 tensor=ffn_moe_topk-0 data=0x77cfb0233400 alloc=508 base=0xffffd55e47d88000 size=524288 end=0xffffd55e47e08000
[SYCL][OP] call ggml_sycl_get_rows done
[DEBUG-IMPL] Node 52/140: op=7 name=ffn_moe_gate_scaled-0
[SYCL] simple consumer routing declined: op=MUL dst=ffn_moe_gate_scaled-0 local single-device plan ctx=0 target=0
[SYCL][OP] call ggml_sycl_mul: dst='ffn_moe_gate_scaled-0':type=f32;ne=[384, 1, 64, 1];nb=[4, 1536, 1536, 98304]	src0='node_48':type=f32;ne=[384, 1, 64, 1];nb=[4, 1536, 1536, 98304]	src1='node_51':type=f32;ne=[1, 1, 64, 1];nb=[4, 4, 4, 256]
[BINBCAST-PTR] src0=node_48 src0_host=0xffffd55e47dc0000 src0_d=0xffffd55e47dc0000
[BINBCAST-PTR] src1=node_51 src1_host=0xffffd55e47d98000 src1_d=0xffffd55e47d98000
[SYCL][OP] call ggml_sycl_mul done
[DEBUG-IMPL] Node 53/140: op=30 name=node_53
[RESOLVE] data_handle empty for weight tensor 'blk.0.ffn_up_exps.weight' device 0, falling through to cache lookup
[SYCL] weight cache lookup: tensor=0x2e1bdc70 name=blk.0.ffn_up_exps.weight device=0
[RESOLVE] refusing composite MoE expert tensor materialization for placement-planned 'blk.0.ffn_up_exps.weight' device 0
[SYCL][OP] call ggml_sycl_mul_mat_id: dst='node_53':type=f32;ne=[384, 1, 64, 1];nb=[4, 1536, 1536, 98304]	src0='blk.0.ffn_up_exps.weight':type=f32;ne=[256, 384, 2, 1];nb=[4, 1024, 393216, 786432]	src1='ffn_norm-0 (reshaped)':type=f32;ne=[256, 1, 64, 1];nb=[4, 1024, 1024, 65536]	src2='ffn_moe_topk-0':type=i32;ne=[1, 64, 1, 1];nb=[4, 8, 512, 512];strided
[XMX-DEBUG] try_xmx_sorted_moe called: src0->type=0
[XMX-DEBUG] XMX MoE: forced=0 fused_enabled=0 tiled_enabled=1
[XMX-DEBUG] XMX caps: supported=1 int8=1
[XMX MoE] Only Q8_0/MXFP4 supported, got type 0
[XMX-MOE-REJECT] tensor=blk.0.ffn_up_exps.weight type=f32 device=0 reason=type src0=[256,384,2,1] src1=[256,1,64,1] ids=[1,64,1,1]
0.04.403.280 E [SYCL][PTR] src2 tensor=ffn_moe_topk-0 data=0x77cfb0233400 alloc=508 base=0xffffd55e47d88000 size=524288 end=0xffffd55e47e08000
[MoE FUSED] Batch 64 > 32, using oneDNN batching
[MoE] About to try COALESCED layout
[RESOLVE] data_handle empty for weight tensor 'blk.0.ffn_up_exps.weight' device 0, falling through to cache lookup
[SYCL] weight cache lookup: tensor=0x2e1bdc70 name=blk.0.ffn_up_exps.weight device=0
[RESOLVE] refusing composite MoE expert tensor materialization for placement-planned 'blk.0.ffn_up_exps.weight' device 0
[MoE] Trying MMVQ with layout=2 for blk.0.ffn_up_exps.weight
[MMVQ-ENTRY] src0=blk.0.ffn_up_exps.weight type=0 forced_layout=2
[MMVQ] Batch 64 > threshold 32, routing to batched GEMM path
[MoE] MMVQ layout=2 returned false
[MoE] About to try SOA layout
[RESOLVE] data_handle empty for weight tensor 'blk.0.ffn_up_exps.weight' device 0, falling through to cache lookup
[SYCL] weight cache lookup: tensor=0x2e1bdc70 name=blk.0.ffn_up_exps.weight device=0
[RESOLVE] refusing composite MoE expert tensor materialization for placement-planned 'blk.0.ffn_up_exps.weight' device 0
[MoE] Trying MMVQ with layout=1 for blk.0.ffn_up_exps.weight
[MMVQ-ENTRY] src0=blk.0.ffn_up_exps.weight type=0 forced_layout=1
[MMVQ] Batch 64 > threshold 32, routing to batched GEMM path
[MoE] MMVQ layout=1 returned false
[MoE] About to try AOS layout
[RESOLVE] data_handle empty for weight tensor 'blk.0.ffn_up_exps.weight' device 0, falling through to cache lookup
[SYCL] weight cache lookup: tensor=0x2e1bdc70 name=blk.0.ffn_up_exps.weight device=0
[RESOLVE] refusing composite MoE expert tensor materialization for placement-planned 'blk.0.ffn_up_exps.weight' device 0
[MoE] Trying MMVQ with layout=0 for blk.0.ffn_up_exps.weight
[MMVQ-ENTRY] src0=blk.0.ffn_up_exps.weight type=0 forced_layout=0
[MMVQ] Batch 64 > threshold 32, routing to batched GEMM path
[MoE] MMVQ layout=0 returned false
[MoE] All MMVQ layouts failed, falling back to host routing
[MoE] GPU probe paths did not select type 0; resolving planner-owned MoE route
[MoE-1E] Reusing cached IDs for layer 0 (blk.0.ffn_up_exps.weight), 64 elements
[MoE] Using expert cache for blk.0.ffn_up_exps.weight (layer=559450555, host_buf=0, ptr_type=3)
[MOE-AOS-REQUEST] tensor=blk.0.ffn_up_exps.weight expert=0 current=0 planned=0 requested=aos reason=device-plan
[MOE-AOS-REQUEST] tensor=blk.0.ffn_up_exps.weight expert=1 current=0 planned=0 requested=aos reason=device-plan
[GRAPH-MOE-LAYOUT] tensor=blk.0.ffn_up_exps.weight device=0 plan=1 selected=aos local=2 secondary=0 host=0 missing=0 host_weights=0
[MOE-DISPATCH-LAYOUT] tensor=blk.0.ffn_up_exps.weight device=0 route_layout=aos src0_layout=aos use_expert_cache=1 placement_planned=1 host_weights=0 plan=1 plan_host=0 has_override=0 ne12=64
[MOE-STAGE] tensor=blk.0.ffn_up_exps.weight stage=after-dispatch-layout device=0 ne12=64
[MOE-STAGE] tensor=blk.0.ffn_up_exps.weight stage=after-pointer-table device=0 planned_pp=1
[MOE-STAGE] tensor=blk.0.ffn_up_exps.weight stage=after-route-diagnostics device=0 planned_pp=1
[MOE-STAGE] tensor=blk.0.ffn_up_exps.weight stage=before-route-mode device=0 ne12=64 use_cache=1 plan=1 hybrid=1
[MOE-IDS] Staging ids to device (buffer_on_host=0, ptr_usm_type=3)
[MOE-STAGE] tensor=blk.0.ffn_up_exps.weight stage=pp-rowmap-alloc-begin device=0 rows=64
[UNIFIED-ALLOC] zone alloc: dev=0 zone=4 size=0.0 MB ptr=0xffffd55e67c2c000
[MOE-STAGE] tensor=blk.0.ffn_up_exps.weight stage=pp-rowmap-copy-begin device=0 rows=64 dst_handle=0
[MOE-STAGE] tensor=blk.0.ffn_up_exps.weight stage=pp-rowmap-copy-submitted device=0 rows=64
[UNIFIED-ALLOC] zone alloc: dev=0 zone=4 size=0.1 MB ptr=0xffffd55e67c2c200
[UNIFIED-ALLOC] zone alloc: dev=0 zone=4 size=0.1 MB ptr=0xffffd55e67c44200
[MOE-AOS-REQUEST] tensor=blk.0.ffn_up_exps.weight expert=0 current=0 planned=0 requested=aos reason=device-plan
[DEBUG-MULMAT] ENTER: src0=blk.0.ffn_up_exps.weight src1=ffn_norm-0 (reshaped) dst=node_53
[SYCL][OP] call ggml_sycl_mul_mat: dst='node_53':type=f32;ne=[384, 46, 1, 1];nb=[4, 1536, 70656, 70656]	src0='blk.0.ffn_up_exps.weight':type=f32;ne=[256, 384, 2, 1];nb=[4, 1024, 393216, 786432]	src1='ffn_norm-0 (reshaped)':type=f32;ne=[256, 1, 64, 1];nb=[4, 1024, 1024, 65536]
0.04.404.120 E [XMXConfig] device=0: M=8 N=16 K_INT8=32 K_FP16=16 SLM=131072 nsm=256 supported=1 int8=1 fp16=1 double_buf=1 max_esimd_wg=64 nbarrier=0 esimd_dpas=1
[SYCL][PTR] dst tensor=node_53 data=0xffffd55e67c2c200 alloc=70656 base=0xffffd55e47d88000 size=524288 end=0xffffd55e47e08000
[MUL_MAT] src0 device=0 ptr=0xffffd556b6705500 (tensor=blk.0.ffn_up_exps.weight layout=0)
[MUL_MAT] dst device=0 ptr=0xffffd55e67c2c200 (tensor=node_53)
[SYCL][OP] call ggml_sycl_mul_mat done
[MOE-AOS-REQUEST] tensor=blk.0.ffn_up_exps.weight expert=1 current=0 planned=0 requested=aos reason=device-plan
[DEBUG-MULMAT] ENTER: src0=blk.0.ffn_up_exps.weight src1=ffn_norm-0 (reshaped) dst=node_53
[SYCL][OP] call ggml_sycl_mul_mat: dst='node_53':type=f32;ne=[384, 18, 1, 1];nb=[4, 1536, 27648, 27648]	src0='blk.0.ffn_up_exps.weight':type=f32;ne=[256, 384, 2, 1];nb=[4, 1024, 393216, 786432]0.04.404.248 E [SYCL][PTR] dst tensor=node_53 data=0xffffd55e67c3d600 alloc=27648 base=0xffffd55e47d88000 size=524288 end=0xffffd55e47e08000
	src1='ffn_norm-0 (reshaped)':type=f32;ne=[256, 1, 64, 1];nb=[4, 1024, 1024, 65536]
[XMXConfig] device=0: M=8 N=16 K_INT8=32 K_FP16=16 SLM=131072 nsm=256 supported=1 int8=1 fp16=1 double_buf=1 max_esimd_wg=64 nbarrier=0 esimd_dpas=1
[MUL_MAT] src0 device=0 ptr=0xffffd556b6765500 (tensor=blk.0.ffn_up_exps.weight layout=0)
[MUL_MAT] dst device=0 ptr=0xffffd55e67c3d600 (tensor=node_53)
[SYCL][OP] call ggml_sycl_mul_mat done
[SYCL][OP] call ggml_sycl_mul_mat_id done
[DEBUG-IMPL] Node 54/140: op=36 name=blk.0.ffn_up_exps.scale (reshaped)
[DEBUG-IMPL] Node 55/140: op=20 name=node_55
[SYCL] weight cache lookup: tensor=0x34cd0d80 name=blk.0.ffn_up_exps.scale (reshaped) device=0
ggml_sycl_get_data_ptr_slow: tensor=blk.0.ffn_up_exps.scale (reshaped) view_src chain -> base=blk.0.ffn_up_exps.scale, base->extra=0x2d9cdcd0, base->data=0x77ce009b1900, tensor->data=0x77ce009b1900
ggml_sycl_get_data_ptr_slow: base=blk.0.ffn_up_exps.scale data=0x77ce009b1900 ptr_type=3
[SYCL] weight cache lookup: tensor=0x34cd0d80 name=blk.0.ffn_up_exps.scale (reshaped) device=0
ggml_sycl_get_data_ptr_slow: tensor=blk.0.ffn_up_exps.scale (reshaped), device=0, staging FAILED for non-device (type=0), using tensor->data=0x77ce009b1900
ggml_sycl_get_data_ptr_slow: tensor=blk.0.ffn_up_exps.scale (reshaped), device=0, using tensor->data=0x77ce009b1900
[RESOLVE] data_handle empty for weight tensor 'blk.0.ffn_up_exps.scale' device 0, falling through to cache lookup
[SYCL] weight cache lookup: tensor=0x2e1bfd40 name=blk.0.ffn_up_exps.scale device=0
[SYCL] weight cache lookup: tensor=0x2e1bfd40 name=blk.0.ffn_up_exps.scale device=0
ggml_sycl_get_data_ptr_slow: tensor=blk.0.ffn_up_exps.scale, device=0, staging FAILED for non-device (type=0), using tensor->data=0x77ce009b1900
ggml_sycl_get_data_ptr_slow: tensor=blk.0.ffn_up_exps.scale, device=0, using tensor->data=0x77ce009b1900
[SYCL] simple consumer routing declined: op=REPEAT dst=node_55 plan unavailable ctx=0
[SYCL][OP] call ggml_sycl_repeat: dst='node_55':type=f32;ne=[1, 2, 64, 1];nb=[4, 4, 8, 512]	src0='blk.0.ffn_up_exps.scale (reshaped)':type=f32;ne=[1, 2, 1, 1];nb=[4, 4, 8, 8]
[SYCL] weight cache lookup: tensor=0x34cd0d80 name=blk.0.ffn_up_exps.scale (reshaped) device=0
[SYCL] weight cache lookup: tensor=0x34cd0d80 name=blk.0.ffn_up_exps.scale (reshaped) device=0
0.04.404.383 [SYCL-BINBCAST] staging raw host tensor=blk.0.ffn_up_exps.scale (reshaped) bytes=8 device=0 src=0x77ce009b1900 dst=0xffffe38f1ae00000
E [UNIFIED-CACHE] planned-mode runtime materialization rejected op=direct_stage_weight caller=direct_stage_weight model=0 name_hash=0xe55e3ca93cf2a5d1 aux=275 type=0 ne=[1,2,1,1] layout=0 graph_active=1
[BINBCAST-PTR] src0=node_55 src0_host=0xffffd55e47d88000 src0_d=0xffffd55e47d88000
[BINBCAST-PTR] src1=blk.0.ffn_up_exps.scale (reshaped) src1_host=0x77ce009b1900 src1_d=0xffffe38f1ae00000
[SYCL][OP] call ggml_sycl_repeat done
[DEBUG-IMPL] Node 56/140: op=40 name=node_56
[SYCL][OP] call ggml_sycl_get_rows: dst='node_56':type=f32;ne=[1, 1, 64, 1];nb=[4, 4, 4, 256]	src0='node_55':type=f32;ne=[1, 2, 64, 1];nb=[4, 4, 8, 512]	src1='ffn_moe_topk-0':type=i32;ne=[1, 64, 1, 1];nb=[4, 8, 512, 512];strided
0.04.404.442 E [SYCL] weight cache lookup: tensor=0x34cd0f10 name=node_55 device=0
[SYCL][PTR] src1 tensor=ffn_moe_topk-0 data=0x77cfb0233400 alloc=508 base=0xffffd55e47d88000 size=524288 end=0xffffd55e47e08000
[SYCL][OP] call ggml_sycl_get_rows done
[DEBUG-IMPL] Node 57/140: op=7 name=ffn_moe_up_scaled-0
[SYCL] simple consumer routing declined: op=MUL dst=ffn_moe_up_scaled-0 local single-device plan ctx=0 target=0
[SYCL][OP] call ggml_sycl_mul: dst='ffn_moe_up_scaled-0':type=f32;ne=[384, 1, 64, 1];nb=[4, 1536, 1536, 98304]	src0='node_53':type=f32;ne=[384, 1, 64, 1];nb=[4, 1536, 1536, 98304]	src1='node_56':type=f32;ne=[1, 1, 64, 1];nb=[4, 4, 4, 256]
[BINBCAST-PTR] src0=node_53 src0_host=0xffffd55e47dd8000 src0_d=0xffffd55e47dd8000
[BINBCAST-PTR] src1=node_56 src1_host=0xffffd55e47d88200 src1_d=0xffffd55e47d88200
[SYCL][OP] call ggml_sycl_mul done
[DEBUG-IMPL] Node 58/140: op=97 name=ffn_moe_swiglu-0
[SYCL] simple consumer routing declined: op=GLU dst=ffn_moe_swiglu-0 local single-device plan ctx=0 target=0
[SYCL][OP] call ggml_sycl_swiglu: dst='ffn_moe_swiglu-0':type=f32;ne=[384, 1, 64, 1];nb=[4, 1536, 1536, 98304]	src0='ffn_moe_gate_scaled-0':type=f32;ne=[384, 1, 64, 1];nb=[4, 1536, 1536, 98304]
[SYCL][OP] call ggml_sycl_swiglu done
[DEBUG-IMPL] Node 59/140: op=30 name=node_59
[RESOLVE] data_handle empty for weight tensor 'blk.0.ffn_down_exps.weight' device 0, falling through to cache lookup
[SYCL] weight cache lookup: tensor=0x2e1bdae0 name=blk.0.ffn_down_exps.weight device=0
[RESOLVE] refusing composite MoE expert tensor materialization for placement-planned 'blk.0.ffn_down_exps.weight' device 0
[SYCL][OP] call ggml_sycl_mul_mat_id: dst='node_59':type=f32;ne=[256, 1, 64, 1];nb=[4, 1024, 1024, 65536]	src0='blk.0.ffn_down_exps.weight':type=f32;ne=[384, 256, 2, 1];nb=[4, 1536, 393216, 786432]	src1='ffn_moe_swiglu-0':type=f32;ne=[384, 1, 64, 1];nb=[4, 1536, 1536, 98304]	src2='ffn_moe_topk-0':type=i32;ne=[1, 64, 1, 1];nb=[4, 8, 512, 512];strided
0.04.404.532 E [SYCL][PTR] src2 tensor=ffn_moe_topk-0 data=0x77cfb0233400 alloc=508 base=0xffffd55e47d88000 size=524288 end=0xffffd55e47e08000
[XMX-DEBUG] try_xmx_sorted_moe called: src0->type=0
[XMX-DEBUG] XMX MoE: forced=0 fused_enabled=0 tiled_enabled=1
[XMX-DEBUG] XMX caps: supported=1 int8=1
[XMX MoE] Only Q8_0/MXFP4 supported, got type 0
[XMX-MOE-REJECT] tensor=blk.0.ffn_down_exps.weight type=f32 device=0 reason=type src0=[384,256,2,1] src1=[384,1,64,1] ids=[1,64,1,1]
[MoE FUSED] Batch 64 > 32, using oneDNN batching
[MoE] About to try COALESCED layout
[RESOLVE] data_handle empty for weight tensor 'blk.0.ffn_down_exps.weight' device 0, falling through to cache lookup
[SYCL] weight cache lookup: tensor=0x2e1bdae0 name=blk.0.ffn_down_exps.weight device=0
[RESOLVE] refusing composite MoE expert tensor materialization for placement-planned 'blk.0.ffn_down_exps.weight' device 0
[MoE] Trying MMVQ with layout=2 for blk.0.ffn_down_exps.weight
[MMVQ-ENTRY] src0=blk.0.ffn_down_exps.weight type=0 forced_layout=2
[MMVQ] Batch 64 > threshold 32, routing to batched GEMM path
[MoE] MMVQ layout=2 returned false
[MoE] About to try SOA layout
[RESOLVE] data_handle empty for weight tensor 'blk.0.ffn_down_exps.weight' device 0, falling through to cache lookup
[SYCL] weight cache lookup: tensor=0x2e1bdae0 name=blk.0.ffn_down_exps.weight device=0
[RESOLVE] refusing composite MoE expert tensor materialization for placement-planned 'blk.0.ffn_down_exps.weight' device 0
[MoE] Trying MMVQ with layout=1 for blk.0.ffn_down_exps.weight
[MMVQ-ENTRY] src0=blk.0.ffn_down_exps.weight type=0 forced_layout=1
[MMVQ] Batch 64 > threshold 32, routing to batched GEMM path
[MoE] MMVQ layout=1 returned false
[MoE] About to try AOS layout
[RESOLVE] data_handle empty for weight tensor 'blk.0.ffn_down_exps.weight' device 0, falling through to cache lookup
[SYCL] weight cache lookup: tensor=0x2e1bdae0 name=blk.0.ffn_down_exps.weight device=0
[RESOLVE] refusing composite MoE expert tensor materialization for placement-planned 'blk.0.ffn_down_exps.weight' device 0
[MoE] Trying MMVQ with layout=0 for blk.0.ffn_down_exps.weight
[MMVQ-ENTRY] src0=blk.0.ffn_down_exps.weight type=0 forced_layout=0
[MMVQ] Batch 64 > threshold 32, routing to batched GEMM path
[MoE] MMVQ layout=0 returned false
[MoE] All MMVQ layouts failed, falling back to host routing
[MoE] GPU probe paths did not select type 0; resolving planner-owned MoE route
[MoE-1E] Reusing cached IDs for layer 0 (blk.0.ffn_down_exps.weight), 64 elements
[MoE] Using expert cache for blk.0.ffn_down_exps.weight (layer=1637998062, host_buf=0, ptr_type=3)
[MOE-AOS-REQUEST] tensor=blk.0.ffn_down_exps.weight expert=0 current=0 planned=0 requested=aos reason=device-plan
[MOE-AOS-REQUEST] tensor=blk.0.ffn_down_exps.weight expert=1 current=0 planned=0 requested=aos reason=device-plan
[GRAPH-MOE-LAYOUT] tensor=blk.0.ffn_down_exps.weight device=0 plan=1 selected=aos local=2 secondary=0 host=0 missing=0 host_weights=0
[MOE-DISPATCH-LAYOUT] tensor=blk.0.ffn_down_exps.weight device=0 route_layout=aos src0_layout=aos use_expert_cache=1 placement_planned=1 host_weights=0 plan=1 plan_host=0 has_override=0 ne12=64
[MOE-STAGE] tensor=blk.0.ffn_down_exps.weight stage=after-dispatch-layout device=0 ne12=64
[MOE-STAGE] tensor=blk.0.ffn_down_exps.weight stage=after-pointer-table device=0 planned_pp=1
[MOE-STAGE] tensor=blk.0.ffn_down_exps.weight stage=after-route-diagnostics device=0 planned_pp=1
[MOE-STAGE] tensor=blk.0.ffn_down_exps.weight stage=before-route-mode device=0 ne12=64 use_cache=1 plan=1 hybrid=1
[MOE-IDS] Staging ids to device (buffer_on_host=0, ptr_usm_type=3)
[MOE-STAGE] tensor=blk.0.ffn_down_exps.weight stage=pp-rowmap-alloc-begin device=0 rows=64
[UNIFIED-ALLOC] zone alloc: dev=0 zone=4 size=0.0 MB ptr=0xffffd55e67c2c000
[MOE-STAGE] tensor=blk.0.ffn_down_exps.weight stage=pp-rowmap-copy-begin device=0 rows=64 dst_handle=0
[MOE-STAGE] tensor=blk.0.ffn_down_exps.weight stage=pp-rowmap-copy-submitted device=0 rows=64
[UNIFIED-ALLOC] zone alloc: dev=0 zone=4 size=0.1 MB ptr=0xffffd55e67c2c200
[UNIFIED-ALLOC] zone alloc: dev=0 zone=4 size=0.1 MB ptr=0xffffd55e67c3c200
[MOE-AOS-REQUEST] tensor=blk.0.ffn_down_exps.weight expert=0 current=0 planned=0 requested=aos reason=device-plan
[DEBUG-MULMAT] ENTER: src0=blk.0.ffn_down_exps.weight src1=ffn_moe_swiglu-0 dst=node_59
[SYCL][OP] call ggml_sycl_mul_mat: dst='node_59':type=f32;ne=[256, 46, 1, 1];nb=[4, 1024, 47104, 47104]	src0='blk.0.ffn_down_exps.weight':type=f32;ne=[384, 256, 2, 1];nb=[4, 1536, 393216, 786432]0.04.404.637 E [SYCL][PTR] dst tensor=node_59 data=0xffffd55e67c2c200 alloc=47104 base=0xffffd55e47d88000 size=524288 end=0xffffd55e47e08000
	src1='ffn_moe_swiglu-0':type=f32;ne=[384, 1, 64, 1];nb=[4, 1536, 1536, 98304]
[XMXConfig] device=0: M=8 N=16 K_INT8=32 K_FP16=16 SLM=131072 nsm=256 supported=1 int8=1 fp16=1 double_buf=1 max_esimd_wg=64 nbarrier=0 esimd_dpas=1
[MUL_MAT] src0 device=0 ptr=0xffffd556b67c5500 (tensor=blk.0.ffn_down_exps.weight layout=0)
[MUL_MAT] dst device=0 ptr=0xffffd55e67c2c200 (tensor=node_59)
[SYCL][OP] call ggml_sycl_mul_mat done
[MOE-AOS-REQUEST] tensor=blk.0.ffn_down_exps.weight expert=1 current=0 planned=0 requested=aos reason=device-plan
[DEBUG-MULMAT] ENTER: src0=blk.0.ffn_down_exps.weight src1=ffn_moe_swiglu-0 dst=node_59
[SYCL][OP] call ggml_sycl_mul_mat: dst='node_59':type=f32;ne=[256, 18, 1, 1];nb=[4, 1024, 18432, 18432]	src0='blk.0.ffn_down_exps.weight':type=f32;ne=[384, 256, 2, 1];nb=[4, 1536, 393216, 786432]0.04.404.737 E [SYCL][PTR] dst tensor=node_59 data=0xffffd55e67c37a00 alloc=18432 base=0xffffd55e47d88000 size=524288 end=0xffffd55e47e08000
	src1='ffn_moe_swiglu-0':type=f32;ne=[384, 1, 64, 1];nb=[4, 1536, 1536, 98304]
[XMXConfig] device=0: M=8 N=16 K_INT8=32 K_FP16=16 SLM=131072 nsm=256 supported=1 int8=1 fp16=1 double_buf=1 max_esimd_wg=64 nbarrier=0 esimd_dpas=1
[MUL_MAT] src0 device=0 ptr=0xffffd556b6825500 (tensor=blk.0.ffn_down_exps.weight layout=0)
[MUL_MAT] dst device=0 ptr=0xffffd55e67c37a00 (tensor=node_59)
[SYCL][OP] call ggml_sycl_mul_mat done
[SYCL][OP] call ggml_sycl_mul_mat_id done
[DEBUG-IMPL] Node 60/140: op=36 name=blk.0.ffn_down_exps.scale (reshaped)
[DEBUG-IMPL] Node 61/140: op=20 name=node_61
[SYCL] weight cache lookup: tensor=0x34cd1eb0 name=blk.0.ffn_down_exps.scale (reshaped) device=0
ggml_sycl_get_data_ptr_slow: tensor=blk.0.ffn_down_exps.scale (reshaped) view_src chain -> base=blk.0.ffn_down_exps.scale, base->extra=0x2d992550, base->data=0x77ce009b18e0, tensor->data=0x77ce009b18e0
ggml_sycl_get_data_ptr_slow: base=blk.0.ffn_down_exps.scale data=0x77ce009b18e0 ptr_type=3
[SYCL] weight cache lookup: tensor=0x34cd1eb0 name=blk.0.ffn_down_exps.scale (reshaped) device=0
ggml_sycl_get_data_ptr_slow: tensor=blk.0.ffn_down_exps.scale (reshaped), device=0, staging FAILED for non-device (type=0), using tensor->data=0x77ce009b18e0
ggml_sycl_get_data_ptr_slow: tensor=blk.0.ffn_down_exps.scale (reshaped), device=0, using tensor->data=0x77ce009b18e0
[RESOLVE] data_handle empty for weight tensor 'blk.0.ffn_down_exps.scale' device 0, falling through to cache lookup
[SYCL] weight cache lookup: tensor=0x2e1bfbb0 name=blk.0.ffn_down_exps.scale device=0
[SYCL] weight cache lookup: tensor=0x2e1bfbb0 name=blk.0.ffn_down_exps.scale device=0
ggml_sycl_get_data_ptr_slow: tensor=blk.0.ffn_down_exps.scale, device=0, staging FAILED for non-device (type=0), using tensor->data=0x77ce009b18e0
ggml_sycl_get_data_ptr_slow: tensor=blk.0.ffn_down_exps.scale, device=0, using tensor->data=0x77ce009b18e0
[SYCL] simple consumer routing declined: op=REPEAT dst=node_61 plan unavailable ctx=0
[SYCL][OP] call ggml_sycl_repeat: dst='node_61':type=f32;ne=[1, 2, 64, 1];nb=[4, 4, 8, 512]	src0='blk.0.ffn_down_exps.scale (reshaped)':type=f32;ne=[1, 2, 1, 1];nb=[4, 4, 8, 8]
[SYCL] weight cache lookup: tensor=0x34cd1eb0 name=blk.0.ffn_down_exps.scale (reshaped) device=0
[SYCL] weight cache lookup: tensor=0x34cd1eb0 name=blk.0.ffn_down_exps.scale (reshaped) device=0
0.04.404.877 E [UNIFIED-CACHE] planned-mode runtime materialization rejected op=direct_stage_weight caller=direct_stage_weight model=0 name_hash=0x2c2c03c5845a4428 aux=280 type=0 ne=[1,2,1,1] layout=0 graph_active=1
[SYCL-BINBCAST] staging raw host tensor=blk.0.ffn_down_exps.scale (reshaped) bytes=8 device=0 src=0x77ce009b18e0 dst=0xffffe38f1ae00000
[BINBCAST-PTR] src0=node_61 src0_host=0xffffd55e47d98400 src0_d=0xffffd55e47d98400
[BINBCAST-PTR] src1=blk.0.ffn_down_exps.scale (reshaped) src1_host=0x77ce009b18e0 src1_d=0xffffe38f1ae00000
[SYCL][OP] call ggml_sycl_repeat done
[DEBUG-IMPL] Node 62/140: op=40 name=node_62
[SYCL][OP] call ggml_sycl_get_rows: dst='node_62':type=f32;ne=[1, 1, 64, 1];nb=[4, 4, 4, 256]	src0='node_61':type=f32;ne=[1, 2, 64, 1];nb=[4, 4, 8, 512]	src1='ffn_moe_topk-0':type=i32;ne=[1, 64, 1, 1];nb=[4, 8, 512, 512];strided
0.04.404.932 E [SYCL][PTR] src1 tensor=ffn_moe_topk-0 data=0x77cfb0233400 alloc=508 base=0xffffd55e47d88000 size=524288 end=0xffffd55e47e08000
[SYCL] weight cache lookup: tensor=0x34cd2040 name=node_61 device=0
[SYCL][OP] call ggml_sycl_get_rows done
[DEBUG-IMPL] Node 63/140: op=7 name=ffn_moe_down_scaled-0
[SYCL] simple consumer routing declined: op=MUL dst=ffn_moe_down_scaled-0 local single-device plan ctx=0 target=0
[SYCL][OP] call ggml_sycl_mul: dst='ffn_moe_down_scaled-0':type=f32;ne=[256, 1, 64, 1];nb=[4, 1024, 1024, 65536]	src0='node_59':type=f32;ne=[256, 1, 64, 1];nb=[4, 1024, 1024, 65536]	src1='node_62':type=f32;ne=[1, 1, 64, 1];nb=[4, 4, 4, 256]
[BINBCAST-PTR] src0=node_59 src0_host=0xffffd55e47d88000 src0_d=0xffffd55e47d88000
[BINBCAST-PTR] src1=node_62 src1_host=0xffffd55e47d98000 src1_d=0xffffd55e47d98000
[SYCL][OP] call ggml_sycl_mul done
[DEBUG-IMPL] Node 64/140: op=7 name=ffn_moe_weighted-0
[SYCL] simple consumer routing declined: op=MUL dst=ffn_moe_weighted-0 local single-device plan ctx=0 target=0
[SYCL][OP] call ggml_sycl_mul: dst='ffn_moe_weighted-0':type=f32;ne=[256, 1, 64, 1];nb=[4, 1024, 1024, 65536]	src0='ffn_moe_down_scaled-0':type=f32;ne=[256, 1, 64, 1];nb=[4, 1024, 1024, 65536]	src1='ffn_moe_weights_norm-0 (reshaped)':type=f32;ne=[1, 1, 64, 1];nb=[4, 4, 4, 256]
[BINBCAST-PTR] src0=ffn_moe_down_scaled-0 src0_host=0xffffd55e47d88000 src0_d=0xffffd55e47d88000
[BINBCAST-PTR] src1=ffn_moe_weights_norm-0 (reshaped) src1_host=0xffffd55e47d98100 src1_d=0xffffd55e47d98100
[SYCL][OP] call ggml_sycl_mul done
[DEBUG-IMPL] Node 65/140: op=37 name=ffn_moe_weighted-0 (view)
[DEBUG-IMPL] Node 66/140: op=35 name=ffn_moe_out-0
[SYCL] simple consumer routing declined: op=CONT dst=ffn_moe_out-0 local single-device plan ctx=0 target=0
[SYCL][OP] call ggml_sycl_dup: dst='ffn_moe_out-0':type=f32;ne=[256, 64, 1, 1];nb=[4, 1024, 65536, 65536]	src0='ffn_moe_weighted-0 (view)':type=f32;ne=[256, 64, 1, 1];nb=[4, 1024, 65536, 65536]
[SYCL][OP] call ggml_sycl_cpy: dst='ffn_moe_out-0':type=f32;ne=[256, 64, 1, 1];nb=[4, 1024, 65536, 65536]	src0='ffn_moe_weighted-0 (view)':type=f32;ne=[256, 64, 1, 1];nb=[4, 1024, 65536, 65536]
[CPY] device=0 main_stream=0x2b690ec0 tp_queue=(nil) (match=0)
[CPY DEBUG] device=0 src0=ffn_moe_weighted-0 (view)(0xffffd55e47d88000, usm=1) -> src1=ffn_moe_out-0(0xffffd55e47d98000, usm=1) size=65536
[CPY STAGING CHECK] device=0 needs_staging=0 src0_type=1 dst_is_device=1
[CPY device=0] memcpy path: 0xffffd55e47d88000 -> 0xffffd55e47d98000 (65536 bytes)
[CPY device=0] memcpy submitted
[SYCL][OP] call ggml_sycl_cpy done
[SYCL][OP] call ggml_sycl_dup done
[DEBUG-IMPL] Node 67/140: op=2 name=l_out-0
[DEBUG-IMPL] Node 69/140: op=7 name=attn_norm-1
[SYCL] simple consumer routing declined: op=MUL dst=attn_norm-1 local single-device plan ctx=0 target=0
[SYCL][OP] call ggml_sycl_mul: dst='attn_norm-1':type=f32;ne=[256, 64, 1, 1];nb=[4, 1024, 65536, 65536]	src0='norm-1':type=f32;ne=[256, 64, 1, 1];nb=[4, 1024, 65536, 65536]	src1='blk.1.attn_norm.weight':type=f32;ne=[256, 1, 1, 1];nb=[4, 1024, 1024, 1024]
[BINBCAST-PTR] src0=norm-1 src0_host=0xffffd55e47d88000 src0_d=0xffffd55e47d88000
[BINBCAST-PTR] src1=blk.1.attn_norm.weight src1_host=0x77ce0066f840 src1_d=0xffffd556b6ae6100
[SYCL][OP] call ggml_sycl_mul done
[DEBUG-IMPL] Node 70/140: op=29 name=node_70
[SYCL] simple consumer routing declined: op=MUL_MAT dst=node_70 plan unavailable ctx=0
[DEBUG-MULMAT] ENTER: src0=blk.1.attn_q.weight src1=attn_norm-1 dst=node_70
[SYCL][OP] call ggml_sycl_mul_mat: dst='node_70':type=f32;ne=[256, 64, 1, 1];nb=[4, 1024, 65536, 65536]	src0='blk.1.attn_q.weight':type=f32;ne=[256, 256, 1, 1];nb=[4, 1024, 262144, 262144]	src1='attn_norm-1':type=f32;ne=[256, 64, 1, 1];nb=[4, 1024, 65536, 65536]
[XMXConfig] device=0: M=8 N=16 K_INT8=32 K_FP16=16 SLM=131072 nsm=256 supported=1 int8=1 fp16=1 double_buf=1 max_esimd_wg=64 nbarrier=0 esimd_dpas=1
[MUL_MAT] src0 device=0 ptr=0xffffd556b6c08100 (tensor=blk.1.attn_q.weight layout=0)
[MUL_MAT] dst device=0 ptr=0xffffd55e47da8000 (tensor=node_70)
[SYCL] weight cache lookup: tensor=0x2e1bdf90 name=blk.1.attn_q.weight device=0
[SYCL][OP] call ggml_sycl_mul_mat done
[DEBUG-IMPL] Node 71/140: op=7 name=Qcur-1
[DEBUG-IMPL] Node 73/140: op=36 name=Qcur-1
[DEBUG-IMPL] Node 74/140: op=49 name=Qcur-1
[SYCL] simple consumer routing declined: op=ROPE dst=Qcur-1 local single-device plan ctx=0 target=0
[SYCL][OP] call ggml_sycl_rope: dst='Qcur-1':type=f32;ne=[128, 2, 64, 1];nb=[4, 512, 1024, 65536]	src0='Qcur-1':type=f32;ne=[128, 2, 64, 1];nb=[4, 512, 1024, 65536]	src1='leaf_7':type=i32;ne=[64, 1, 1, 1];nb=[4, 256, 256, 256]	src2='rope_freqs.weight':type=f32;ne=[64, 1, 1, 1];nb=[4, 256, 256, 256]
ggml_sycl_op_rope: norm path
[SYCL][OP] call ggml_sycl_rope done
[DEBUG-IMPL] Node 75/140: op=29 name=node_75
[SYCL] simple consumer routing declined: op=MUL_MAT dst=node_75 plan unavailable ctx=0
[DEBUG-MULMAT] ENTER: src0=blk.1.attn_v.weight src1=attn_norm-1 dst=node_75
[SYCL][OP] call ggml_sycl_mul_mat: dst='node_75':type=f32;ne=[256, 64, 1, 1];nb=[4, 1024, 65536, 65536]	src0='blk.1.attn_v.weight':type=f32;ne=[256, 256, 1, 1];nb=[4, 1024, 262144, 262144]	src1='attn_norm-1':type=f32;ne=[256, 64, 1, 1];nb=[4, 1024, 65536, 65536]
[XMXConfig] device=0: M=8 N=16 K_INT8=32 K_FP16=16 SLM=131072 nsm=256 supported=1 int8=1 fp16=1 double_buf=1 max_esimd_wg=64 nbarrier=0 esimd_dpas=1
[MUL_MAT] src0 device=0 ptr=0xffffd556b6c88100 (tensor=blk.1.attn_v.weight layout=0)
[MUL_MAT] dst device=0 ptr=0xffffd55e47da8000 (tensor=node_75)
[SYCL] weight cache lookup: tensor=0x2e1be2b0 name=blk.1.attn_v.weight device=0
[SYCL][OP] call ggml_sycl_mul_mat done
[DEBUG-IMPL] Node 76/140: op=7 name=Vcur-1
[DEBUG-IMPL] Node 78/140: op=36 name=Vcur-1
[DEBUG-IMPL] Node 79/140: op=29 name=node_79
[SYCL] simple consumer routing declined: op=MUL_MAT dst=node_79 plan unavailable ctx=0
[DEBUG-MULMAT] ENTER: src0=blk.1.attn_k.weight src1=attn_norm-1 dst=node_79
[SYCL][OP] call ggml_sycl_mul_mat: dst='node_79':type=f32;ne=[256, 64, 1, 1];nb=[4, 1024, 65536, 65536]	src0='blk.1.attn_k.weight':type=f32;ne=[256, 256, 1, 1];nb=[4, 1024, 262144, 262144]	src1='attn_norm-1':type=f32;ne=[256, 64, 1, 1];nb=[4, 1024, 65536, 65536]
[XMXConfig] device=0: M=8 N=16 K_INT8=32 K_FP16=16 SLM=131072 nsm=256 supported=1 int8=1 fp16=1 double_buf=1 max_esimd_wg=64 nbarrier=0 esimd_dpas=1
[MUL_MAT] src0 device=0 ptr=0xffffd556b6c48100 (tensor=blk.1.attn_k.weight layout=0)
[MUL_MAT] dst device=0 ptr=0xffffd55e47dc8000 (tensor=node_79)
[SYCL] weight cache lookup: tensor=0x2e1be120 name=blk.1.attn_k.weight device=0
[SYCL][OP] call ggml_sycl_mul_mat done
[DEBUG-IMPL] Node 80/140: op=7 name=Kcur-1
[DEBUG-IMPL] Node 82/140: op=36 name=Kcur-1
[DEBUG-IMPL] Node 83/140: op=49 name=Kcur-1
[SYCL] simple consumer routing declined: op=ROPE dst=Kcur-1 local single-device plan ctx=0 target=0
[SYCL][OP] call ggml_sycl_rope: dst='Kcur-1':type=f32;ne=[128, 2, 64, 1];nb=[4, 512, 1024, 65536]	src0='Kcur-1':type=f32;ne=[128, 2, 64, 1];nb=[4, 512, 1024, 65536]	src1='leaf_7':type=i32;ne=[64, 1, 1, 1];nb=[4, 256, 256, 256]	src2='rope_freqs.weight':type=f32;ne=[64, 1, 1, 1];nb=[4, 256, 256, 256]
ggml_sycl_op_rope: norm path
[SYCL][OP] call ggml_sycl_rope done
[DEBUG-IMPL] Node 84/140: op=37 name=Kcur-1 (view)
[DEBUG-IMPL] Node 85/140: op=42 name=cache_k_l1 (view)
[SYCL] simple consumer routing declined: op=SET_ROWS dst=cache_k_l1 (view) plan unavailable ctx=0
[SYCL][OP] call ggml_sycl_op_set_rows: dst='cache_k_l1 (view)':type=f16;ne=[256, 256, 1, 1];nb=[2, 512, 131072, 131072]	src0='Kcur-1 (view)':type=f32;ne=[256, 64, 1, 1];nb=[4, 1024, 65536, 65536]	src1='leaf_15':type=i64;ne=[64, 1, 1, 1];nb=[8, 512, 512, 512]
[SYCL][OP] call ggml_sycl_op_set_rows done
[DEBUG-IMPL] Node 86/140: op=37 name=Vcur-1 (view)
[DEBUG-IMPL] Node 87/140: op=42 name=cache_v_l1 (view)
[SYCL] simple consumer routing declined: op=SET_ROWS dst=cache_v_l1 (view) plan unavailable ctx=0
[SYCL][OP] call ggml_sycl_op_set_rows: dst='cache_v_l1 (view)':type=f16;ne=[256, 256, 1, 1];nb=[2, 512, 131072, 131072]	src0='Vcur-1 (view)':type=f32;ne=[256, 64, 1, 1];nb=[4, 1024, 65536, 65536]	src1='leaf_17':type=i64;ne=[64, 1, 1, 1];nb=[8, 512, 512, 512]
[SYCL][OP] call ggml_sycl_op_set_rows done
[DEBUG-IMPL] Node 88/140: op=37 name=Qcur-1 (view)
[DEBUG-IMPL] Node 89/140: op=38 name=Qcur-1 (view) (permuted)
[DEBUG-IMPL] Node 90/140: op=34 name=Qcur-1 (view) (permuted) (copy)
[SYCL] simple consumer routing declined: op=CPY dst=Qcur-1 (view) (permuted) (copy) local single-device plan ctx=0 target=0
[SYCL][OP] call ggml_sycl_cpy: dst='Qcur-1 (view) (permuted) (copy)':type=f16;ne=[128, 64, 2, 1];nb=[2, 256, 16384, 32768]	src0='Qcur-1 (view) (permuted)':type=f32;ne=[128, 64, 2, 1];nb=[4, 1024, 512, 65536];strided;permuted
[CPY] device=0 main_stream=0x2b690ec0 tp_queue=(nil) (match=0)
[CPY DEBUG] device=0 src0=Qcur-1 (view) (permuted)(0xffffd55e47db8000, usm=1) -> src1=Qcur-1 (view) (permuted) (copy)(0xffffd55e47da8000, usm=1) size=65536
[CPY STAGING CHECK] device=0 needs_staging=0 src0_type=1 dst_is_device=1
[SYCL][OP] call ggml_sycl_cpy done
[DEBUG-IMPL] Node 91/140: op=37 name=cache_k_l1 (view)
[DEBUG-IMPL] Node 92/140: op=38 name=cache_k_l1 (view) (permuted)
[DEBUG-IMPL] Node 93/140: op=37 name=cache_v_l1 (view)
[DEBUG-IMPL] Node 94/140: op=38 name=cache_v_l1 (view) (permuted)
[DEBUG-IMPL] Node 95/140: op=75 name=node_95
[SYCL] simple consumer routing declined: op=FLASH_ATTN_EXT dst=node_95 plan unavailable ctx=0
ggml_sycl_get_data_ptr_slow: tensor=Qcur-1 (view) (permuted) (copy), device=1, rejecting tensor->data=0xffffd55e47da8000 owned by device 0
ggml_sycl_get_data_ptr_slow: tensor=node_95, device=1, rejecting tensor->data=0xffffd55e47d88000 owned by device 0
[DEBUG-IMPL] Node 96/140: op=36 name=kqv_out-1
[DEBUG-IMPL] Node 97/140: op=29 name=node_97
[SYCL] simple consumer routing declined: op=MUL_MAT dst=node_97 plan unavailable ctx=0
[DEBUG-MULMAT] ENTER: src0=blk.1.attn_output.weight src1=kqv_out-1 dst=node_97
[SYCL][OP] call ggml_sycl_mul_mat: dst='node_97':type=f32;ne=[256, 64, 1, 1];nb=[4, 1024, 65536, 65536]	src0='blk.1.attn_output.weight':type=f32;ne=[256, 256, 1, 1];nb=[4, 1024, 262144, 262144]	src1='kqv_out-1':type=f32;ne=[256, 64, 1, 1];nb=[4, 1024, 65536, 65536]
[XMXConfig] device=0: M=8 N=16 K_INT8=32 K_FP16=16 SLM=131072 nsm=256 supported=1 int8=1 fp16=1 double_buf=1 max_esimd_wg=64 nbarrier=0 esimd_dpas=1
[MUL_MAT] src0 device=0 ptr=0xffffd556b6cc8100 (tensor=blk.1.attn_output.weight layout=0)
[MUL_MAT] dst device=0 ptr=0xffffd55e47da8000 (tensor=node_97)
[SYCL] weight cache lookup: tensor=0x2e1be8f0 name=blk.1.attn_output.weight device=0
[SYCL][OP] call ggml_sycl_mul_mat done
[DEBUG-IMPL] Node 98/140: op=7 name=node_98
[DEBUG-IMPL] Node 100/140: op=40 name=node_100
ggml_sycl_get_data_ptr_slow: tensor=leaf_47, device=0, staging FAILED for non-device (type=0), using tensor->data=0x77ce009ca440
ggml_sycl_get_data_ptr_slow: tensor=leaf_47, device=0, using tensor->data=0x77ce009ca440
[SYCL][OP] call ggml_sycl_get_rows: dst='node_100':type=f32;ne=[256, 64, 1, 1];nb=[4, 1024, 65536, 65536]	src0='attn_out-1':type=f32;ne=[256, 64, 1, 1];nb=[4, 1024, 65536, 65536]	src1='leaf_47':type=i32;ne=[64, 1, 1, 1];nb=[4, 256, 256, 256]
[SYCL] weight cache lookup: tensor=0x34cd5ba0 name=attn_out-1 device=0
[SYCL][OP] call ggml_sycl_get_rows done
[DEBUG-IMPL] Node 101/140: op=40 name=node_101
[SYCL][OP] call ggml_sycl_get_rows: dst='node_101':type=f32;ne=[256, 64, 1, 1];nb=[4, 1024, 65536, 65536]	src0='l_out-0':type=f32;ne=[256, 64, 1, 1];nb=[4, 1024, 65536, 65536]	src1='leaf_47':type=i32;ne=[64, 1, 1, 1];nb=[4, 256, 256, 256]
[SYCL] weight cache lookup: tensor=0x34cd29a0 name=l_out-0 device=0
[SYCL][OP] call ggml_sycl_get_rows done
[DEBUG-IMPL] Node 102/140: op=2 name=ffn_inp-1
[DEBUG-IMPL] Node 104/140: op=7 name=ffn_norm-1
[SYCL] simple consumer routing declined: op=MUL dst=ffn_norm-1 local single-device plan ctx=0 target=0
[SYCL][OP] call ggml_sycl_mul: dst='ffn_norm-1':type=f32;ne=[256, 64, 1, 1];nb=[4, 1024, 65536, 65536]	src0='norm-1':type=f32;ne=[256, 64, 1, 1];nb=[4, 1024, 65536, 65536]	src1='blk.1.ffn_norm.weight':type=f32;ne=[256, 1, 1, 1];nb=[4, 1024, 1024, 1024]
[BINBCAST-PTR] src0=norm-1 src0_host=0xffffd55e47d98000 src0_d=0xffffd55e47d98000
[BINBCAST-PTR] src1=blk.1.ffn_norm.weight src1_host=0x77ce00770c40 src1_d=0xffffd556b6ae6500
[SYCL][OP] call ggml_sycl_mul done
[DEBUG-IMPL] Node 105/140: op=29 name=ffn_moe_logits-1
[SYCL] simple consumer routing declined: op=MUL_MAT dst=ffn_moe_logits-1 plan unavailable ctx=0
[DEBUG-MULMAT] ENTER: src0=blk.1.ffn_gate_inp.weight src1=ffn_norm-1 dst=ffn_moe_logits-1
[SYCL][OP] call ggml_sycl_mul_mat: dst='ffn_moe_logits-1':type=f32;ne=[2, 64, 1, 1];nb=[4, 8, 512, 512]	src0='blk.1.ffn_gate_inp.weight':type=f32;ne=[256, 2, 1, 1];nb=[4, 1024, 2048, 2048]	src1='ffn_norm-1':type=f32;ne=[256, 64, 1, 1];nb=[4, 1024, 65536, 65536]
[XMXConfig] device=0: M=8 N=16 K_INT8=32 K_FP16=16 SLM=131072 nsm=256 supported=1 int8=1 fp16=1 double_buf=1 max_esimd_wg=64 nbarrier=0 esimd_dpas=1
[MUL_MAT] src0 device=0 ptr=0xffffd556b6d0a200 (tensor=blk.1.ffn_gate_inp.weight layout=0)
[MUL_MAT] dst device=0 ptr=0xffffd55e47da8000 (tensor=ffn_moe_logits-1)
[SYCL] weight cache lookup: tensor=0x2e1beda0 name=blk.1.ffn_gate_inp.weight device=0
[SYCL][OP] call ggml_sycl_mul_mat done
[DEBUG-IMPL] Node 106/140: op=47 name=ffn_moe_probs-1
[SYCL] simple consumer routing declined: op=SOFT_MAX dst=ffn_moe_probs-1 local single-device plan ctx=0 target=0
[SYCL][OP] call ggml_sycl_op_soft_max: dst='ffn_moe_probs-1':type=f32;ne=[2, 64, 1, 1];nb=[4, 8, 512, 512]	src0='ffn_moe_logits-1':type=f32;ne=[2, 64, 1, 1];nb=[4, 8, 512, 512]	src1=nullptr
[SYCL][OP] call ggml_sycl_op_soft_max done
[DEBUG-IMPL] Node 107/140: op=36 name=ffn_moe_probs-1 (reshaped)
[DEBUG-IMPL] Node 108/140: op=70 name=ffn_moe_argsort-1
[SYCL] simple consumer routing declined: op=ARGSORT dst=ffn_moe_argsort-1 local single-device plan ctx=0 target=0
[SYCL][OP] call ggml_sycl_argsort: dst='ffn_moe_argsort-1':type=i32;ne=[2, 64, 1, 1];nb=[4, 8, 512, 512]	src0='ffn_moe_probs-1':type=f32;ne=[2, 64, 1, 1];nb=[4, 8, 512, 512]
0.04.405.724 E [SYCL][PTR] dst tensor=ffn_moe_argsort-1 data=0x77cfb0233600 alloc=512 base=0xffffd55e47d88000 size=524288 end=0xffffd55e47e08000
[SYCL][OP] call ggml_sycl_argsort done
[DEBUG-IMPL] Node 109/140: op=37 name=ffn_moe_topk-1
[DEBUG-IMPL] Node 110/140: op=40 name=ffn_moe_weights-1
[SYCL][OP] call ggml_sycl_get_rows: dst='ffn_moe_weights-1':type=f32;ne=[1, 1, 64, 1];nb=[4, 4, 4, 256]	src0='ffn_moe_probs-1 (reshaped)':type=f32;ne=[1, 2, 64, 1];nb=[4, 4, 8, 512]	src1='ffn_moe_topk-1':type=i32;ne=[1, 64, 1, 1];nb=[4, 8, 512, 512];strided
0.04.405.753 E [SYCL][PTR] src1 tensor=ffn_moe_topk-1 data=0x77cfb0233600 alloc=508 base=0xffffd55e47d88000 size=524288 end=0xffffd55e47e08000
[SYCL] weight cache lookup: tensor=0x34cd6b40 name=ffn_moe_probs-1 (reshaped) device=0
[SYCL][OP] call ggml_sycl_get_rows done
[DEBUG-IMPL] Node 111/140: op=36 name=ffn_moe_weights-1 (reshaped)
[DEBUG-IMPL] Node 112/140: op=15 name=ffn_moe_weights_sum-1
[SYCL] simple consumer routing declined: op=SUM_ROWS dst=ffn_moe_weights_sum-1 plan unavailable ctx=0
[SYCL][OP] call ggml_sycl_sum_rows: dst='ffn_moe_weights_sum-1':type=f32;ne=[1, 64, 1, 1];nb=[4, 4, 256, 256]	src0='ffn_moe_weights-1 (reshaped)':type=f32;ne=[1, 64, 1, 1];nb=[4, 4, 256, 256]
[SYCL][OP] call ggml_sycl_sum_rows done
[DEBUG-IMPL] Node 113/140: op=51 name=ffn_moe_weights_sum_clamped-1
[SYCL] simple consumer routing declined: op=CLAMP dst=ffn_moe_weights_sum_clamped-1 plan unavailable ctx=0
[SYCL][OP] call ggml_sycl_clamp: dst='ffn_moe_weights_sum_clamped-1':type=f32;ne=[1, 64, 1, 1];nb=[4, 4, 256, 256]	src0='ffn_moe_weights_sum-1':type=f32;ne=[1, 64, 1, 1];nb=[4, 4, 256, 256]
[SYCL][OP] call ggml_sycl_clamp done
[DEBUG-IMPL] Node 114/140: op=8 name=ffn_moe_weights_norm-1
[SYCL] simple consumer routing declined: op=DIV dst=ffn_moe_weights_norm-1 plan unavailable ctx=0
[SYCL][OP] call ggml_sycl_div: dst='ffn_moe_weights_norm-1':type=f32;ne=[1, 64, 1, 1];nb=[4, 4, 256, 256]	src0='ffn_moe_weights-1 (reshaped)':type=f32;ne=[1, 64, 1, 1];nb=[4, 4, 256, 256]	src1='ffn_moe_weights_sum_clamped-1':type=f32;ne=[1, 64, 1, 1];nb=[4, 4, 256, 256]
[BINBCAST-PTR] src0=ffn_moe_weights-1 (reshaped) src0_host=0xffffd55e47da8400 src0_d=0xffffd55e47da8400
[BINBCAST-PTR] src1=ffn_moe_weights_sum_clamped-1 src1_host=0xffffd55e47da8000 src1_d=0xffffd55e47da8000
[SYCL][OP] call ggml_sycl_div done
[DEBUG-IMPL] Node 115/140: op=36 name=ffn_moe_weights_norm-1 (reshaped)
[DEBUG-IMPL] Node 116/140: op=36 name=ffn_norm-1 (reshaped)
[DEBUG-IMPL] Node 117/140: op=30 name=node_117
[RESOLVE] data_handle empty for weight tensor 'blk.1.ffn_gate_exps.weight' device 0, falling through to cache lookup
[SYCL] weight cache lookup: tensor=0x2e1bef30 name=blk.1.ffn_gate_exps.weight device=0
[RESOLVE] refusing composite MoE expert tensor materialization for placement-planned 'blk.1.ffn_gate_exps.weight' device 0
[SYCL][OP] call ggml_sycl_mul_mat_id: dst='node_117':type=f32;ne=[384, 1, 64, 1];nb=[4, 1536, 1536, 98304]	src0='blk.1.ffn_gate_exps.weight':type=f32;ne=[256, 384, 2, 1];nb=[4, 1024, 393216, 786432]	src1='ffn_norm-1 (reshaped)':type=f32;ne=[256, 1, 64, 1];nb=[4, 1024, 1024, 65536]	src2='ffn_moe_topk-1':type=i32;ne=[1, 64, 1, 1];nb=[4, 8, 512, 512];strided
0.04.405.845 E [SYCL][PTR] src2 tensor=ffn_moe_topk-1 data=0x77cfb0233600 alloc=508 base=0xffffd55e47d88000 size=524288 end=0xffffd55e47e08000
[XMX-DEBUG] try_xmx_sorted_moe called: src0->type=0
[XMX-DEBUG] XMX MoE: forced=0 fused_enabled=0 tiled_enabled=1
[XMX-DEBUG] XMX caps: supported=1 int8=1
[XMX MoE] Only Q8_0/MXFP4 supported, got type 0
[XMX-MOE-REJECT] tensor=blk.1.ffn_gate_exps.weight type=f32 device=0 reason=type src0=[256,384,2,1] src1=[256,1,64,1] ids=[1,64,1,1]
[MoE FUSED] Batch 64 > 32, using oneDNN batching
[MoE] About to try COALESCED layout
[RESOLVE] data_handle empty for weight tensor 'blk.1.ffn_gate_exps.weight' device 0, falling through to cache lookup
[SYCL] weight cache lookup: tensor=0x2e1bef30 name=blk.1.ffn_gate_exps.weight device=0
[RESOLVE] refusing composite MoE expert tensor materialization for placement-planned 'blk.1.ffn_gate_exps.weight' device 0
[MoE] Trying MMVQ with layout=2 for blk.1.ffn_gate_exps.weight
[MMVQ-ENTRY] src0=blk.1.ffn_gate_exps.weight type=0 forced_layout=2
[MMVQ] Batch 64 > threshold 32, routing to batched GEMM path
[MoE] MMVQ layout=2 returned false
[MoE] About to try SOA layout
[RESOLVE] data_handle empty for weight tensor 'blk.1.ffn_gate_exps.weight' device 0, falling through to cache lookup
[SYCL] weight cache lookup: tensor=0x2e1bef30 name=blk.1.ffn_gate_exps.weight device=0
[RESOLVE] refusing composite MoE expert tensor materialization for placement-planned 'blk.1.ffn_gate_exps.weight' device 0
[MoE] Trying MMVQ with layout=1 for blk.1.ffn_gate_exps.weight
[MMVQ-ENTRY] src0=blk.1.ffn_gate_exps.weight type=0 forced_layout=1
[MMVQ] Batch 64 > threshold 32, routing to batched GEMM path
[MoE] MMVQ layout=1 returned false
[MoE] About to try AOS layout
[RESOLVE] data_handle empty for weight tensor 'blk.1.ffn_gate_exps.weight' device 0, falling through to cache lookup
[SYCL] weight cache lookup: tensor=0x2e1bef30 name=blk.1.ffn_gate_exps.weight device=0
[RESOLVE] refusing composite MoE expert tensor materialization for placement-planned 'blk.1.ffn_gate_exps.weight' device 0
[MoE] Trying MMVQ with layout=0 for blk.1.ffn_gate_exps.weight
[MMVQ-ENTRY] src0=blk.1.ffn_gate_exps.weight type=0 forced_layout=0
[MMVQ] Batch 64 > threshold 32, routing to batched GEMM path
[MoE] MMVQ layout=0 returned false
[MoE] All MMVQ layouts failed, falling back to host routing
[MoE] GPU probe paths did not select type 0; resolving planner-owned MoE route
[MoE-1E] Cached IDs for layer 1 (GATE), 64 elements
[MoE] Using expert cache for blk.1.ffn_gate_exps.weight (layer=1358208392, host_buf=0, ptr_type=3)
[MOE-AOS-REQUEST] tensor=blk.1.ffn_gate_exps.weight expert=0 current=0 planned=0 requested=aos reason=device-plan
[MOE-AOS-REQUEST] tensor=blk.1.ffn_gate_exps.weight expert=1 current=0 planned=0 requested=aos reason=device-plan
[GRAPH-MOE-LAYOUT] tensor=blk.1.ffn_gate_exps.weight device=0 plan=1 selected=aos local=2 secondary=0 host=0 missing=0 host_weights=0
[MOE-DISPATCH-LAYOUT] tensor=blk.1.ffn_gate_exps.weight device=0 route_layout=aos src0_layout=aos use_expert_cache=1 placement_planned=1 host_weights=0 plan=1 plan_host=0 has_override=0 ne12=64
[MOE-STAGE] tensor=blk.1.ffn_gate_exps.weight stage=after-dispatch-layout device=0 ne12=64
[MOE-STAGE] tensor=blk.1.ffn_gate_exps.weight stage=after-pointer-table device=0 planned_pp=1
[MOE-STAGE] tensor=blk.1.ffn_gate_exps.weight stage=after-route-diagnostics device=0 planned_pp=1
[MOE-STAGE] tensor=blk.1.ffn_gate_exps.weight stage=before-route-mode device=0 ne12=64 use_cache=1 plan=1 hybrid=1
[MOE-IDS] Staging ids to device (buffer_on_host=0, ptr_usm_type=3)
[MOE-IDS] Using pre-allocated staging buffer (256 bytes)
[MOE-STAGE] tensor=blk.1.ffn_gate_exps.weight stage=pp-rowmap-alloc-begin device=0 rows=64
[UNIFIED-ALLOC] zone alloc: dev=0 zone=4 size=0.0 MB ptr=0xffffd55e67c2c000
[MOE-STAGE] tensor=blk.1.ffn_gate_exps.weight stage=pp-rowmap-copy-begin device=0 rows=64 dst_handle=0
[MOE-STAGE] tensor=blk.1.ffn_gate_exps.weight stage=pp-rowmap-copy-submitted device=0 rows=64
[UNIFIED-ALLOC] zone alloc: dev=0 zone=4 size=0.1 MB ptr=0xffffd55e67c2c200
[UNIFIED-ALLOC] zone alloc: dev=0 zone=4 size=0.1 MB ptr=0xffffd55e67c44200
[MOE-AOS-REQUEST] tensor=blk.1.ffn_gate_exps.weight expert=0 current=0 planned=0 requested=aos reason=device-plan
[DEBUG-MULMAT] ENTER: src0=blk.1.ffn_gate_exps.weight src1=ffn_norm-1 (reshaped) dst=node_117
[SYCL][OP] call ggml_sycl_mul_mat: dst='node_117':type=f32;ne=[384, 2, 1, 1];nb=[4, 1536, 3072, 3072]	src0='blk.1.ffn_gate_exps.weight':type=f32;ne=[256, 384, 2, 1];nb=[4, 1024, 393216, 786432]	src1='ffn_norm-1 (reshaped)':type=f32;ne=[256, 1, 64, 1];nb=[4, 1024, 1024, 65536]
0.04.405.990 E [SYCL][PTR] dst tensor=node_117 data=0xffffd55e67c2c200 alloc=3072 base=0xffffd55e47d88000 size=524288 end=0xffffd55e47e08000
[XMXConfig] device=0: M=8 N=16 K_INT8=32 K_FP16=16 SLM=131072 nsm=256 supported=1 int8=1 fp16=1 double_buf=1 max_esimd_wg=64 nbarrier=0 esimd_dpas=1
[MUL_MAT] src0 device=0 ptr=0xffffd556b6885500 (tensor=blk.1.ffn_gate_exps.weight layout=0)
[MUL_MAT] dst device=0 ptr=0xffffd55e67c2c200 (tensor=node_117)
[SYCL][OP] call ggml_sycl_mul_mat done
[MOE-AOS-REQUEST] tensor=blk.1.ffn_gate_exps.weight expert=1 current=0 planned=0 requested=aos reason=device-plan
[DEBUG-MULMAT] ENTER: src0=blk.1.ffn_gate_exps.weight src1=ffn_norm-1 (reshaped) dst=node_117
[SYCL][OP] call ggml_sycl_mul_mat: dst='node_117':type=f32;ne=[384, 62, 1, 1];nb=[4, 1536, 95232, 95232]	src0='blk.1.ffn_gate_exps.weight':type=f32;ne=[256, 384, 2, 1];nb=[4, 1024, 393216, 786432]	src1='ffn_norm-1 (reshaped)':type=f32;ne=[256, 1, 64, 1];nb=[4, 1024, 1024, 65536]
0.04.406.090 E [SYCL][PTR] dst tensor=node_117 data=0xffffd55e67c2ce00 alloc=95232 base=0xffffd55e47d88000 size=524288 end=0xffffd55e47e08000
[XMXConfig] device=0: M=8 N=16 K_INT8=32 K_FP16=16 SLM=131072 nsm=256 supported=1 int8=1 fp16=1 double_buf=1 max_esimd_wg=64 nbarrier=0 esimd_dpas=1
[MUL_MAT] src0 device=0 ptr=0xffffd556b68e5500 (tensor=blk.1.ffn_gate_exps.weight layout=0)
[MUL_MAT] dst device=0 ptr=0xffffd55e67c2ce00 (tensor=node_117)
[SYCL][OP] call ggml_sycl_mul_mat done
[SYCL][OP] call ggml_sycl_mul_mat_id done
[DEBUG-IMPL] Node 118/140: op=36 name=blk.1.ffn_gate_exps.scale (reshaped)
[DEBUG-IMPL] Node 119/140: op=20 name=node_119
[SYCL] weight cache lookup: tensor=0x34cd8120 name=blk.1.ffn_gate_exps.scale (reshaped) device=0
ggml_sycl_get_data_ptr_slow: tensor=blk.1.ffn_gate_exps.scale (reshaped) view_src chain -> base=blk.1.ffn_gate_exps.scale, base->extra=0x30d9b040, base->data=0x77ce009b1a80, tensor->data=0x77ce009b1a80
ggml_sycl_get_data_ptr_slow: base=blk.1.ffn_gate_exps.scale data=0x77ce009b1a80 ptr_type=3
[SYCL] weight cache lookup: tensor=0x34cd8120 name=blk.1.ffn_gate_exps.scale (reshaped) device=0
ggml_sycl_get_data_ptr_slow: tensor=blk.1.ffn_gate_exps.scale (reshaped), device=0, staging FAILED for non-device (type=0), using tensor->data=0x77ce009b1a80
ggml_sycl_get_data_ptr_slow: tensor=blk.1.ffn_gate_exps.scale (reshaped), device=0, using tensor->data=0x77ce009b1a80
[RESOLVE] data_handle empty for weight tensor 'blk.1.ffn_gate_exps.scale' device 0, falling through to cache lookup
[SYCL] weight cache lookup: tensor=0x2e1c1000 name=blk.1.ffn_gate_exps.scale device=0
[SYCL] weight cache lookup: tensor=0x2e1c1000 name=blk.1.ffn_gate_exps.scale device=0
ggml_sycl_get_data_ptr_slow: tensor=blk.1.ffn_gate_exps.scale, device=0, staging FAILED for non-device (type=0), using tensor->data=0x77ce009b1a80
ggml_sycl_get_data_ptr_slow: tensor=blk.1.ffn_gate_exps.scale, device=0, using tensor->data=0x77ce009b1a80
[SYCL] simple consumer routing declined: op=REPEAT dst=node_119 plan unavailable ctx=0
[SYCL][OP] call ggml_sycl_repeat: dst='node_119':type=f32;ne=[1, 2, 64, 1];nb=[4, 4, 8, 512]	src0='blk.1.ffn_gate_exps.scale (reshaped)':type=f32;ne=[1, 2, 1, 1];nb=[4, 4, 8, 8]
[SYCL] weight cache lookup: tensor=0x34cd8120 name=blk.1.ffn_gate_exps.scale (reshaped) device=0
[SYCL] weight cache lookup: tensor=0x34cd8120 name=blk.1.ffn_gate_exps.scale (reshaped) device=0
0.04.406.274 E [UNIFIED-CACHE] planned-mode runtime materialization rejected op=direct_stage_weight caller=direct_stage_weight model=0 name_hash=0x474cbb7ffa4be3cb aux=289 type=0 ne=[1,2,1,1] layout=0 graph_active=1
[SYCL-BINBCAST] staging raw host tensor=blk.1.ffn_gate_exps.scale (reshaped) bytes=8 device=0 src=0x77ce009b1a80 dst=0xffffe38f1ae00000
[BINBCAST-PTR] src0=node_119 src0_host=0xffffd55e47dc0400 src0_d=0xffffd55e47dc0400
[BINBCAST-PTR] src1=blk.1.ffn_gate_exps.scale (reshaped) src1_host=0x77ce009b1a80 src1_d=0xffffe38f1ae00000
[SYCL][OP] call ggml_sycl_repeat done
[DEBUG-IMPL] Node 120/140: op=40 name=node_120
[SYCL][OP] call ggml_sycl_get_rows: dst='node_120':type=f32;ne=[1, 1, 64, 1];nb=[4, 4, 4, 256]	src0='node_119':type=f32;ne=[1, 2, 64, 1];nb=[4, 4, 8, 512]	src1='ffn_moe_topk-1':type=i32;ne=[1, 64, 1, 1];nb=[4, 8, 512, 512];strided
0.04.406.339 E [SYCL] weight cache lookup: tensor=0x34cd82b0 name=node_119 device=0
[SYCL][PTR] src1 tensor=ffn_moe_topk-1 data=0x77cfb0233600 alloc=508 base=0xffffd55e47d88000 size=524288 end=0xffffd55e47e08000
[SYCL][OP] call ggml_sycl_get_rows done
[DEBUG-IMPL] Node 121/140: op=7 name=ffn_moe_gate_scaled-1
[SYCL] simple consumer routing declined: op=MUL dst=ffn_moe_gate_scaled-1 local single-device plan ctx=0 target=0
[SYCL][OP] call ggml_sycl_mul: dst='ffn_moe_gate_scaled-1':type=f32;ne=[384, 1, 64, 1];nb=[4, 1536, 1536, 98304]	src0='node_117':type=f32;ne=[384, 1, 64, 1];nb=[4, 1536, 1536, 98304]	src1='node_120':type=f32;ne=[1, 1, 64, 1];nb=[4, 4, 4, 256]
[BINBCAST-PTR] src0=node_117 src0_host=0xffffd55e47da8400 src0_d=0xffffd55e47da8400
[BINBCAST-PTR] src1=node_120 src1_host=0xffffd55e47da8000 src1_d=0xffffd55e47da8000
[SYCL][OP] call ggml_sycl_mul done
[DEBUG-IMPL] Node 122/140: op=30 name=node_122
[RESOLVE] data_handle empty for weight tensor 'blk.1.ffn_up_exps.weight' device 0, falling through to cache lookup
[SYCL] weight cache lookup: tensor=0x2e1bf250 name=blk.1.ffn_up_exps.weight device=0
[RESOLVE] refusing composite MoE expert tensor materialization for placement-planned 'blk.1.ffn_up_exps.weight' device 0
[SYCL][OP] call ggml_sycl_mul_mat_id: dst='node_122':type=f32;ne=[384, 1, 64, 1];nb=[4, 1536, 1536, 98304]	src0='blk.1.ffn_up_exps.weight':type=f32;ne=[256, 384, 2, 1];nb=[4, 1024, 393216, 786432]	src1='ffn_norm-1 (reshaped)':type=f32;ne=[256, 1, 64, 1];nb=[4, 1024, 1024, 65536]	src2='ffn_moe_topk-1':type=i32;ne=[1, 64, 1, 1];nb=[4, 8, 512, 512];strided
0.04.406.414 E [SYCL][PTR] src2 tensor=ffn_moe_topk-1 data=0x77cfb0233600 alloc=508 base=0xffffd55e47d88000 size=524288 end=0xffffd55e47e08000
[XMX-DEBUG] try_xmx_sorted_moe called: src0->type=0
[XMX-DEBUG] XMX MoE: forced=0 fused_enabled=0 tiled_enabled=1
[XMX-DEBUG] XMX caps: supported=1 int8=1
[XMX MoE] Only Q8_0/MXFP4 supported, got type 0
[XMX-MOE-REJECT] tensor=blk.1.ffn_up_exps.weight type=f32 device=0 reason=type src0=[256,384,2,1] src1=[256,1,64,1] ids=[1,64,1,1]
[MoE FUSED] Batch 64 > 32, using oneDNN batching
[MoE] About to try COALESCED layout
[RESOLVE] data_handle empty for weight tensor 'blk.1.ffn_up_exps.weight' device 0, falling through to cache lookup
[SYCL] weight cache lookup: tensor=0x2e1bf250 name=blk.1.ffn_up_exps.weight device=0
[RESOLVE] refusing composite MoE expert tensor materialization for placement-planned 'blk.1.ffn_up_exps.weight' device 0
[MoE] Trying MMVQ with layout=2 for blk.1.ffn_up_exps.weight
[MMVQ-ENTRY] src0=blk.1.ffn_up_exps.weight type=0 forced_layout=2
[MMVQ] Batch 64 > threshold 32, routing to batched GEMM path
[MoE] MMVQ layout=2 returned false
[MoE] About to try SOA layout
[RESOLVE] data_handle empty for weight tensor 'blk.1.ffn_up_exps.weight' device 0, falling through to cache lookup
[SYCL] weight cache lookup: tensor=0x2e1bf250 name=blk.1.ffn_up_exps.weight device=0
[RESOLVE] refusing composite MoE expert tensor materialization for placement-planned 'blk.1.ffn_up_exps.weight' device 0
[MoE] Trying MMVQ with layout=1 for blk.1.ffn_up_exps.weight
[MMVQ-ENTRY] src0=blk.1.ffn_up_exps.weight type=0 forced_layout=1
[MMVQ] Batch 64 > threshold 32, routing to batched GEMM path
[MoE] MMVQ layout=1 returned false
[MoE] About to try AOS layout
[RESOLVE] data_handle empty for weight tensor 'blk.1.ffn_up_exps.weight' device 0, falling through to cache lookup
[SYCL] weight cache lookup: tensor=0x2e1bf250 name=blk.1.ffn_up_exps.weight device=0
[RESOLVE] refusing composite MoE expert tensor materialization for placement-planned 'blk.1.ffn_up_exps.weight' device 0
[MoE] Trying MMVQ with layout=0 for blk.1.ffn_up_exps.weight
[MMVQ-ENTRY] src0=blk.1.ffn_up_exps.weight type=0 forced_layout=0
[MMVQ] Batch 64 > threshold 32, routing to batched GEMM path
[MoE] MMVQ layout=0 returned false
[MoE] All MMVQ layouts failed, falling back to host routing
[MoE] GPU probe paths did not select type 0; resolving planner-owned MoE route
[MoE-1E] Reusing cached IDs for layer 1 (blk.1.ffn_up_exps.weight), 64 elements
[MoE] Using expert cache for blk.1.ffn_up_exps.weight (layer=903754414, host_buf=0, ptr_type=3)
[MOE-AOS-REQUEST] tensor=blk.1.ffn_up_exps.weight expert=0 current=0 planned=0 requested=aos reason=device-plan
[MOE-AOS-REQUEST] tensor=blk.1.ffn_up_exps.weight expert=1 current=0 planned=0 requested=aos reason=device-plan
[GRAPH-MOE-LAYOUT] tensor=blk.1.ffn_up_exps.weight device=0 plan=1 selected=aos local=2 secondary=0 host=0 missing=0 host_weights=0
[MOE-DISPATCH-LAYOUT] tensor=blk.1.ffn_up_exps.weight device=0 route_layout=aos src0_layout=aos use_expert_cache=1 placement_planned=1 host_weights=0 plan=1 plan_host=0 has_override=0 ne12=64
[MOE-STAGE] tensor=blk.1.ffn_up_exps.weight stage=after-dispatch-layout device=0 ne12=64
[MOE-STAGE] tensor=blk.1.ffn_up_exps.weight stage=after-pointer-table device=0 planned_pp=1
[MOE-STAGE] tensor=blk.1.ffn_up_exps.weight stage=after-route-diagnostics device=0 planned_pp=1
[MOE-STAGE] tensor=blk.1.ffn_up_exps.weight stage=before-route-mode device=0 ne12=64 use_cache=1 plan=1 hybrid=1
[MOE-IDS] Staging ids to device (buffer_on_host=0, ptr_usm_type=3)
[MOE-STAGE] tensor=blk.1.ffn_up_exps.weight stage=pp-rowmap-alloc-begin device=0 rows=64
[UNIFIED-ALLOC] zone alloc: dev=0 zone=4 size=0.0 MB ptr=0xffffd55e67c2c000
[MOE-STAGE] tensor=blk.1.ffn_up_exps.weight stage=pp-rowmap-copy-begin device=0 rows=64 dst_handle=0
[MOE-STAGE] tensor=blk.1.ffn_up_exps.weight stage=pp-rowmap-copy-submitted device=0 rows=64
[UNIFIED-ALLOC] zone alloc: dev=0 zone=4 size=0.1 MB ptr=0xffffd55e67c2c200
[UNIFIED-ALLOC] zone alloc: dev=0 zone=4 size=0.1 MB ptr=0xffffd55e67c44200
[MOE-AOS-REQUEST] tensor=blk.1.ffn_up_exps.weight expert=0 current=0 planned=0 requested=aos reason=device-plan
[DEBUG-MULMAT] ENTER: src0=blk.1.ffn_up_exps.weight src1=ffn_norm-1 (reshaped) dst=node_122
[SYCL][OP] call ggml_sycl_mul_mat: dst='node_122':type=f32;ne=[384, 2, 1, 1];nb=[4, 1536, 3072, 3072]	src0='blk.1.ffn_up_exps.weight':type=f32;ne=[256, 384, 2, 1];nb=[4, 1024, 393216, 786432]0.04.406.530 E [SYCL][PTR] dst tensor=node_122 data=0xffffd55e67c2c200 alloc=3072 base=0xffffd55e47d88000 size=524288 end=0xffffd55e47e08000
	src1='ffn_norm-1 (reshaped)':type=f32;ne=[256, 1, 64, 1];nb=[4, 1024, 1024, 65536]
[XMXConfig] device=0: M=8 N=16 K_INT8=32 K_FP16=16 SLM=131072 nsm=256 supported=1 int8=1 fp16=1 double_buf=1 max_esimd_wg=64 nbarrier=0 esimd_dpas=1
[MUL_MAT] src0 device=0 ptr=0xffffd556b6945500 (tensor=blk.1.ffn_up_exps.weight layout=0)
[MUL_MAT] dst device=0 ptr=0xffffd55e67c2c200 (tensor=node_122)
[SYCL][OP] call ggml_sycl_mul_mat done
[MOE-AOS-REQUEST] tensor=blk.1.ffn_up_exps.weight expert=1 current=0 planned=0 requested=aos reason=device-plan
[DEBUG-MULMAT] ENTER: src0=blk.1.ffn_up_exps.weight src1=ffn_norm-1 (reshaped) dst=node_122
[SYCL][OP] call ggml_sycl_mul_mat: dst='node_122':type=f32;ne=[384, 62, 1, 1];nb=[4, 1536, 95232, 95232]	src0='blk.1.ffn_up_exps.weight':type=f32;ne=[256, 384, 2, 1];nb=[4, 1024, 393216, 786432]	src1='ffn_norm-1 (reshaped)':type=f32;ne=[256, 1, 64, 1];nb=[4, 1024, 1024, 65536]
0.04.406.611 E [SYCL][PTR] dst tensor=node_122 data=0xffffd55e67c2ce00 alloc=95232 base=0xffffd55e47d88000 size=524288 end=0xffffd55e47e08000
[XMXConfig] device=0: M=8 N=16 K_INT8=32 K_FP16=16 SLM=131072 nsm=256 supported=1 int8=1 fp16=1 double_buf=1 max_esimd_wg=64 nbarrier=0 esimd_dpas=1
[MUL_MAT] src0 device=0 ptr=0xffffd556b69a5500 (tensor=blk.1.ffn_up_exps.weight layout=0)
[MUL_MAT] dst device=0 ptr=0xffffd55e67c2ce00 (tensor=node_122)
[SYCL][OP] call ggml_sycl_mul_mat done
[SYCL][OP] call ggml_sycl_mul_mat_id done
[DEBUG-IMPL] Node 123/140: op=36 name=blk.1.ffn_up_exps.scale (reshaped)
[DEBUG-IMPL] Node 124/140: op=20 name=node_124
[SYCL] weight cache lookup: tensor=0x34cd7950 name=blk.1.ffn_up_exps.scale (reshaped) device=0
ggml_sycl_get_data_ptr_slow: tensor=blk.1.ffn_up_exps.scale (reshaped) view_src chain -> base=blk.1.ffn_up_exps.scale, base->extra=0x30e11f70, base->data=0x77ce009b1ac0, tensor->data=0x77ce009b1ac0
ggml_sycl_get_data_ptr_slow: base=blk.1.ffn_up_exps.scale data=0x77ce009b1ac0 ptr_type=3
[SYCL] weight cache lookup: tensor=0x34cd7950 name=blk.1.ffn_up_exps.scale (reshaped) device=0
ggml_sycl_get_data_ptr_slow: tensor=blk.1.ffn_up_exps.scale (reshaped), device=0, staging FAILED for non-device (type=0), using tensor->data=0x77ce009b1ac0
ggml_sycl_get_data_ptr_slow: tensor=blk.1.ffn_up_exps.scale (reshaped), device=0, using tensor->data=0x77ce009b1ac0
[RESOLVE] data_handle empty for weight tensor 'blk.1.ffn_up_exps.scale' device 0, falling through to cache lookup
[SYCL] weight cache lookup: tensor=0x2e1c1320 name=blk.1.ffn_up_exps.scale device=0
[SYCL] weight cache lookup: tensor=0x2e1c1320 name=blk.1.ffn_up_exps.scale device=0
ggml_sycl_get_data_ptr_slow: tensor=blk.1.ffn_up_exps.scale, device=0, staging FAILED for non-device (type=0), using tensor->data=0x77ce009b1ac0
ggml_sycl_get_data_ptr_slow: tensor=blk.1.ffn_up_exps.scale, device=0, using tensor->data=0x77ce009b1ac0
[SYCL] simple consumer routing declined: op=REPEAT dst=node_124 plan unavailable ctx=0
[SYCL][OP] call ggml_sycl_repeat: dst='node_124':type=f32;ne=[1, 2, 64, 1];nb=[4, 4, 8, 512]	src0='blk.1.ffn_up_exps.scale (reshaped)':type=f32;ne=[1, 2, 1, 1];nb=[4, 4, 8, 8]
[SYCL] weight cache lookup: tensor=0x34cd7950 name=blk.1.ffn_up_exps.scale (reshaped) device=0
[SYCL] weight cache lookup: tensor=0x34cd7950 name=blk.1.ffn_up_exps.scale (reshaped) device=0
0.04.406.901 E [UNIFIED-CACHE] planned-mode runtime materialization rejected op=direct_stage_weight caller=direct_stage_weight model=0 name_hash=0x9436376037e599f5 aux=294 type=0 ne=[1,2,1,1] layout=0 graph_active=1
[SYCL-BINBCAST] staging raw host tensor=blk.1.ffn_up_exps.scale (reshaped) bytes=8 device=0 src=0x77ce009b1ac0 dst=0xffffe38f1ae00000
[BINBCAST-PTR] src0=node_124 src0_host=0xffffd55e47d98000 src0_d=0xffffd55e47d98000
[BINBCAST-PTR] src1=blk.1.ffn_up_exps.scale (reshaped) src1_host=0x77ce009b1ac0 src1_d=0xffffe38f1ae00000
[SYCL][OP] call ggml_sycl_repeat done
[DEBUG-IMPL] Node 125/140: op=40 name=node_125
[SYCL][OP] call ggml_sycl_get_rows: dst='node_125':type=f32;ne=[1, 1, 64, 1];nb=[4, 4, 4, 256]	src0='node_124':type=f32;ne=[1, 2, 64, 1];nb=[4, 4, 8, 512]	src1='ffn_moe_topk-1':type=i32;ne=[1, 64, 1, 1];nb=[4, 8, 512, 512];strided
[SYCL] weight cache lookup: tensor=0x34cd7ae0 name=node_124 device=0
0.04.406.991 E [SYCL][PTR] src1 tensor=ffn_moe_topk-1 data=0x77cfb0233600 alloc=508 base=0xffffd55e47d88000 size=524288 end=0xffffd55e47e08000
[SYCL][OP] call ggml_sycl_get_rows done
[DEBUG-IMPL] Node 126/140: op=7 name=ffn_moe_up_scaled-1
[SYCL] simple consumer routing declined: op=MUL dst=ffn_moe_up_scaled-1 local single-device plan ctx=0 target=0
[SYCL][OP] call ggml_sycl_mul: dst='ffn_moe_up_scaled-1':type=f32;ne=[384, 1, 64, 1];nb=[4, 1536, 1536, 98304]	src0='node_122':type=f32;ne=[384, 1, 64, 1];nb=[4, 1536, 1536, 98304]	src1='node_125':type=f32;ne=[1, 1, 64, 1];nb=[4, 4, 4, 256]
[BINBCAST-PTR] src0=node_122 src0_host=0xffffd55e47dc0400 src0_d=0xffffd55e47dc0400
[BINBCAST-PTR] src1=node_125 src1_host=0xffffd55e47d98200 src1_d=0xffffd55e47d98200
[SYCL][OP] call ggml_sycl_mul done
[DEBUG-IMPL] Node 127/140: op=97 name=ffn_moe_swiglu-1
[SYCL] simple consumer routing declined: op=GLU dst=ffn_moe_swiglu-1 local single-device plan ctx=0 target=0
[SYCL][OP] call ggml_sycl_swiglu: dst='ffn_moe_swiglu-1':type=f32;ne=[384, 1, 64, 1];nb=[4, 1536, 1536, 98304]	src0='ffn_moe_gate_scaled-1':type=f32;ne=[384, 1, 64, 1];nb=[4, 1536, 1536, 98304]
[SYCL][OP] call ggml_sycl_swiglu done
[DEBUG-IMPL] Node 128/140: op=30 name=node_128
[RESOLVE] data_handle empty for weight tensor 'blk.1.ffn_down_exps.weight' device 0, falling through to cache lookup
[SYCL] weight cache lookup: tensor=0x2e1bf0c0 name=blk.1.ffn_down_exps.weight device=0
[RESOLVE] refusing composite MoE expert tensor materialization for placement-planned 'blk.1.ffn_down_exps.weight' device 0
[SYCL][OP] call ggml_sycl_mul_mat_id: dst='node_128':type=f32;ne=[256, 1, 64, 1];nb=[4, 1024, 1024, 65536]	src0='blk.1.ffn_down_exps.weight':type=f32;ne=[384, 256, 2, 1];nb=[4, 1536, 393216, 786432]	src1='ffn_moe_swiglu-1':type=f32;ne=[384, 1, 64, 1];nb=[4, 1536, 1536, 98304]	src2='ffn_moe_topk-1':type=i32;ne=[1, 64, 1, 1];nb=[4, 8, 512, 512];strided
[XMX-DEBUG] try_xmx_sorted_moe called: src0->type=0
[XMX-DEBUG] XMX MoE: forced=0 fused_enabled=0 tiled_enabled=1
[XMX-DEBUG] XMX caps: supported=1 int8=1
[XMX MoE] Only Q8_0/MXFP4 supported, got type 0
[XMX-MOE-REJECT] tensor=blk.1.ffn_down_exps.weight type=f32 device=0 reason=type src0=[384,256,2,1] src1=[384,1,64,1] ids=[1,64,1,1]
[MoE FUSED] Batch 64 > 32, using oneDNN batching
[MoE] About to try COALESCED layout
[RESOLVE] data_handle empty for weight tensor 'blk.1.ffn_down_exps.weight' device 0, falling through to cache lookup
[SYCL] weight cache lookup: tensor=0x2e1bf0c0 name=blk.1.ffn_down_exps.weight device=0
[RESOLVE] refusing composite MoE expert tensor materialization for placement-planned 'blk.1.ffn_down_exps.weight' device 0
[MoE] Trying MMVQ with layout=2 for blk.1.ffn_down_exps.weight
[MMVQ-ENTRY] src0=blk.1.ffn_down_exps.weight type=0 forced_layout=2
[MMVQ] Batch 64 > threshold 32, routing to batched GEMM path
[MoE] MMVQ layout=2 returned false
[MoE] About to try SOA layout
[RESOLVE] data_handle empty for weight tensor 'blk.1.ffn_down_exps.weight' device 0, falling through to cache lookup
[SYCL] weight cache lookup: tensor=0x2e1bf0c0 name=blk.1.ffn_down_exps.weight device=0
[RESOLVE] refusing composite MoE expert tensor materialization for placement-planned 'blk.1.ffn_down_exps.weight' device 0
[MoE] Trying MMVQ with layout=1 for blk.1.ffn_down_exps.weight
[MMVQ-ENTRY] src0=blk.1.ffn_down_exps.weight type=0 forced_layout=1
[MMVQ] Batch 64 > threshold 32, routing to batched GEMM path
[MoE] MMVQ layout=1 returned false
[MoE] About to try AOS layout
[RESOLVE] data_handle empty for weight tensor 'blk.1.ffn_down_exps.weight' device 0, falling through to cache lookup
[SYCL] weight cache lookup: tensor=0x2e1bf0c0 name=blk.1.ffn_down_exps.weight device=0
[RESOLVE] refusing composite MoE expert tensor materialization for placement-planned 'blk.1.ffn_down_exps.weight' device 0
[MoE] Trying MMVQ with layout=0 for blk.1.ffn_down_exps.weight
[MMVQ-ENTRY] src0=blk.1.ffn_down_exps.weight type=0 forced_layout=0
[MMVQ] Batch 64 > threshold 32, routing to batched GEMM path
[MoE] MMVQ layout=0 returned false
[MoE] All MMVQ layouts failed, falling back to host routing
[MoE] GPU probe paths did not select type 0; resolving planner-owned MoE route
[MoE-1E] Reusing cached IDs for layer 1 (blk.1.ffn_down_exps.weight), 64 elements
[MoE] Using expert cache for blk.1.ffn_down_exps.weight (layer=752070615, host_buf=0, ptr_type=3)
[MOE-AOS-REQUEST] tensor=blk.1.ffn_down_exps.weight expert=0 current=0 planned=0 requested=aos reason=device-plan
[MOE-AOS-REQUEST] tensor=blk.1.ffn_down_exps.weight expert=1 current=0 planned=0 requested=aos reason=device-plan
[GRAPH-MOE-LAYOUT] tensor=blk.1.ffn_down_exps.weight device=0 plan=1 selected=aos local=2 secondary=0 host=0 missing=0 host_weights=0
[MOE-DISPATCH-LAYOUT] tensor=blk.1.ffn_down_exps.weight device=0 route_layout=aos src0_layout=aos use_expert_cache=1 placement_planned=1 host_weights=0 plan=1 plan_host=0 has_override=0 ne12=64
[MOE-STAGE] tensor=blk.1.ffn_down_exps.weight stage=after-dispatch-layout device=0 ne12=64
[MOE-STAGE] tensor=blk.1.ffn_down_exps.weight stage=after-pointer-table device=0 planned_pp=1
[MOE-STAGE] tensor=blk.1.ffn_down_exps.weight stage=after-route-diagnostics device=0 planned_pp=1
[MOE-STAGE] tensor=blk.1.ffn_down_exps.weight stage=before-route-mode device=0 ne12=64 use_cache=1 plan=1 hybrid=1
[MOE-IDS] Staging ids to device (buffer_on_host=0, ptr_usm_type=3)
0.04.407.123 E [SYCL][PTR] src2 tensor=ffn_moe_topk-1 data=0x77cfb0233600 alloc=508 base=0xffffd55e47d88000 size=524288 end=0xffffd55e47e08000
[MOE-STAGE] tensor=blk.1.ffn_down_exps.weight stage=pp-rowmap-alloc-begin device=0 rows=64
[UNIFIED-ALLOC] zone alloc: dev=0 zone=4 size=0.0 MB ptr=0xffffd55e67c2c000
[MOE-STAGE] tensor=blk.1.ffn_down_exps.weight stage=pp-rowmap-copy-begin device=0 rows=64 dst_handle=0
[MOE-STAGE] tensor=blk.1.ffn_down_exps.weight stage=pp-rowmap-copy-submitted device=0 rows=64
[UNIFIED-ALLOC] zone alloc: dev=0 zone=4 size=0.1 MB ptr=0xffffd55e67c2c200
[UNIFIED-ALLOC] zone alloc: dev=0 zone=4 size=0.1 MB ptr=0xffffd55e67c3c200
[MOE-AOS-REQUEST] tensor=blk.1.ffn_down_exps.weight expert=0 current=0 planned=0 requested=aos reason=device-plan
[DEBUG-MULMAT] ENTER: src0=blk.1.ffn_down_exps.weight src1=ffn_moe_swiglu-1 dst=node_128
[SYCL][OP] call ggml_sycl_mul_mat: dst='node_128':type=f32;ne=[256, 2, 1, 1];nb=[4, 1024, 2048, 2048]	src0='blk.1.ffn_down_exps.weight':type=f32;ne=[384, 256, 2, 1];nb=[4, 1536, 393216, 786432]0.04.407.309 E [SYCL][PTR] dst tensor=node_128 data=0xffffd55e67c2c200 alloc=2048 base=0xffffd55e47d88000 size=524288 end=0xffffd55e47e08000
	src1='ffn_moe_swiglu-1':type=f32;ne=[384, 1, 64, 1];nb=[4, 1536, 1536, 98304]
[XMXConfig] device=0: M=8 N=16 K_INT8=32 K_FP16=16 SLM=131072 nsm=256 supported=1 int8=1 fp16=1 double_buf=1 max_esimd_wg=64 nbarrier=0 esimd_dpas=1
[MUL_MAT] src0 device=0 ptr=0xffffd556b6a05500 (tensor=blk.1.ffn_down_exps.weight layout=0)
[MUL_MAT] dst device=0 ptr=0xffffd55e67c2c200 (tensor=node_128)
[SYCL][OP] call ggml_sycl_mul_mat done
[MOE-AOS-REQUEST] tensor=blk.1.ffn_down_exps.weight expert=1 current=0 planned=0 requested=aos reason=device-plan
[DEBUG-MULMAT] ENTER: src0=blk.1.ffn_down_exps.weight src1=ffn_moe_swiglu-1 dst=node_128
[SYCL][OP] call ggml_sycl_mul_mat: dst='node_128':type=f32;ne=[256, 62, 1, 1];nb=[4, 1024, 63488, 63488]	src0='blk.1.ffn_down_exps.weight':type=f32;ne=[384, 256, 2, 1];nb=[4, 1536, 393216, 786432]0.04.407.476 E 	src1='ffn_moe_swiglu-1':type=f32;ne=[384, 1, 64, 1];nb=[4, 1536, 1536, 98304]
[SYCL][PTR] dst tensor=node_128 data=0xffffd55e67c2ca00 alloc=63488 base=0xffffd55e47d88000 size=524288 end=0xffffd55e47e08000
[XMXConfig] device=0: M=8 N=16 K_INT8=32 K_FP16=16 SLM=131072 nsm=256 supported=1 int8=1 fp16=1 double_buf=1 max_esimd_wg=64 nbarrier=0 esimd_dpas=1
[MUL_MAT] src0 device=0 ptr=0xffffd556b6a65500 (tensor=blk.1.ffn_down_exps.weight layout=0)
[MUL_MAT] dst device=0 ptr=0xffffd55e67c2ca00 (tensor=node_128)
[SYCL][OP] call ggml_sycl_mul_mat done
[SYCL][OP] call ggml_sycl_mul_mat_id done
[DEBUG-IMPL] Node 129/140: op=36 name=blk.1.ffn_down_exps.scale (reshaped)
[DEBUG-IMPL] Node 130/140: op=20 name=node_130
[SYCL] weight cache lookup: tensor=0x34cd8a80 name=blk.1.ffn_down_exps.scale (reshaped) device=0
ggml_sycl_get_data_ptr_slow: tensor=blk.1.ffn_down_exps.scale (reshaped) view_src chain -> base=blk.1.ffn_down_exps.scale, base->extra=0x30dd67f0, base->data=0x77ce009b1aa0, tensor->data=0x77ce009b1aa0
ggml_sycl_get_data_ptr_slow: base=blk.1.ffn_down_exps.scale data=0x77ce009b1aa0 ptr_type=3
[SYCL] weight cache lookup: tensor=0x34cd8a80 name=blk.1.ffn_down_exps.scale (reshaped) device=0
ggml_sycl_get_data_ptr_slow: tensor=blk.1.ffn_down_exps.scale (reshaped), device=0, staging FAILED for non-device (type=0), using tensor->data=0x77ce009b1aa0
ggml_sycl_get_data_ptr_slow: tensor=blk.1.ffn_down_exps.scale (reshaped), device=0, using tensor->data=0x77ce009b1aa0
[RESOLVE] data_handle empty for weight tensor 'blk.1.ffn_down_exps.scale' device 0, falling through to cache lookup
[SYCL] weight cache lookup: tensor=0x2e1c1190 name=blk.1.ffn_down_exps.scale device=0
[SYCL] weight cache lookup: tensor=0x2e1c1190 name=blk.1.ffn_down_exps.scale device=0
ggml_sycl_get_data_ptr_slow: tensor=blk.1.ffn_down_exps.scale, device=0, staging FAILED for non-device (type=0), using tensor->data=0x77ce009b1aa0
ggml_sycl_get_data_ptr_slow: tensor=blk.1.ffn_down_exps.scale, device=0, using tensor->data=0x77ce009b1aa0
[SYCL] simple consumer routing declined: op=REPEAT dst=node_130 plan unavailable ctx=0
[SYCL][OP] call ggml_sycl_repeat: dst='node_130':type=f32;ne=[1, 2, 64, 1];nb=[4, 4, 8, 512]	src0='blk.1.ffn_down_exps.scale (reshaped)':type=f32;ne=[1, 2, 1, 1];nb=[4, 4, 8, 8]
[SYCL] weight cache lookup: tensor=0x34cd8a80 name=blk.1.ffn_down_exps.scale (reshaped) device=0
[SYCL] weight cache lookup: tensor=0x34cd8a80 name=blk.1.ffn_down_exps.scale (reshaped) device=0
0.04.407.641 E [UNIFIED-CACHE] planned-mode runtime materialization rejected op=direct_stage_weight caller=direct_stage_weight model=0 name_hash=0x2f51d65e2e10e7e6 aux=299 type=0 ne=[1,2,1,1] layout=0 graph_active=1
[SYCL-BINBCAST] staging raw host tensor=blk.1.ffn_down_exps.scale (reshaped) bytes=8 device=0 src=0x77ce009b1aa0 dst=0xffffe38f1ae00000
[BINBCAST-PTR] src0=node_130 src0_host=0xffffd55e47da8400 src0_d=0xffffd55e47da8400
[BINBCAST-PTR] src1=blk.1.ffn_down_exps.scale (reshaped) src1_host=0x77ce009b1aa0 src1_d=0xffffe38f1ae00000
[SYCL][OP] call ggml_sycl_repeat done
[DEBUG-IMPL] Node 131/140: op=40 name=node_131
[SYCL][OP] call ggml_sycl_get_rows: dst='node_131':type=f32;ne=[1, 1, 64, 1];nb=[4, 4, 4, 256]	src0='node_130':type=f32;ne=[1, 2, 64, 1];nb=[4, 4, 8, 512]	src1='ffn_moe_topk-1':type=i32;ne=[1, 64, 1, 1];nb=[4, 8, 512, 512];strided
0.04.407.750 E [SYCL][PTR] src1 tensor=ffn_moe_topk-1 data=0x77cfb0233600 alloc=508 base=0xffffd55e47d88000 size=524288 end=0xffffd55e47e08000
[SYCL] weight cache lookup: tensor=0x34cd8c10 name=node_130 device=0
[SYCL][OP] call ggml_sycl_get_rows done
[DEBUG-IMPL] Node 132/140: op=7 name=ffn_moe_down_scaled-1
[SYCL] simple consumer routing declined: op=MUL dst=ffn_moe_down_scaled-1 local single-device plan ctx=0 target=0
[SYCL][OP] call ggml_sycl_mul: dst='ffn_moe_down_scaled-1':type=f32;ne=[256, 1, 64, 1];nb=[4, 1024, 1024, 65536]	src0='node_128':type=f32;ne=[256, 1, 64, 1];nb=[4, 1024, 1024, 65536]	src1='node_131':type=f32;ne=[1, 1, 64, 1];nb=[4, 4, 4, 256]
[BINBCAST-PTR] src0=node_128 src0_host=0xffffd55e47d98000 src0_d=0xffffd55e47d98000
[BINBCAST-PTR] src1=node_131 src1_host=0xffffd55e47da8000 src1_d=0xffffd55e47da8000
[SYCL][OP] call ggml_sycl_mul done
[DEBUG-IMPL] Node 133/140: op=7 name=ffn_moe_weighted-1
[SYCL] simple consumer routing declined: op=MUL dst=ffn_moe_weighted-1 local single-device plan ctx=0 target=0
[SYCL][OP] call ggml_sycl_mul: dst='ffn_moe_weighted-1':type=f32;ne=[256, 1, 64, 1];nb=[4, 1024, 1024, 65536]	src0='ffn_moe_down_scaled-1':type=f32;ne=[256, 1, 64, 1];nb=[4, 1024, 1024, 65536]	src1='ffn_moe_weights_norm-1 (reshaped)':type=f32;ne=[1, 1, 64, 1];nb=[4, 4, 4, 256]
[BINBCAST-PTR] src0=ffn_moe_down_scaled-1 src0_host=0xffffd55e47d98000 src0_d=0xffffd55e47d98000
[BINBCAST-PTR] src1=ffn_moe_weights_norm-1 (reshaped) src1_host=0xffffd55e47da8100 src1_d=0xffffd55e47da8100
[SYCL][OP] call ggml_sycl_mul done
[DEBUG-IMPL] Node 134/140: op=37 name=ffn_moe_weighted-1 (view)
[DEBUG-IMPL] Node 135/140: op=35 name=ffn_moe_out-1
[SYCL] simple consumer routing declined: op=CONT dst=ffn_moe_out-1 local single-device plan ctx=0 target=0
[SYCL][OP] call ggml_sycl_dup: dst='ffn_moe_out-1':type=f32;ne=[256, 64, 1, 1];nb=[4, 1024, 65536, 65536]	src0='ffn_moe_weighted-1 (view)':type=f32;ne=[256, 64, 1, 1];nb=[4, 1024, 65536, 65536]
[SYCL][OP] call ggml_sycl_cpy: dst='ffn_moe_out-1':type=f32;ne=[256, 64, 1, 1];nb=[4, 1024, 65536, 65536]	src0='ffn_moe_weighted-1 (view)':type=f32;ne=[256, 64, 1, 1];nb=[4, 1024, 65536, 65536]
[CPY] device=0 main_stream=0x2b690ec0 tp_queue=(nil) (match=0)
[CPY DEBUG] device=0 src0=ffn_moe_weighted-1 (view)(0xffffd55e47d98000, usm=1) -> src1=ffn_moe_out-1(0xffffd55e47da8000, usm=1) size=65536
[CPY STAGING CHECK] device=0 needs_staging=0 src0_type=1 dst_is_device=1
[CPY device=0] memcpy path: 0xffffd55e47d98000 -> 0xffffd55e47da8000 (65536 bytes)
[CPY device=0] memcpy submitted
[SYCL][OP] call ggml_sycl_cpy done
[SYCL][OP] call ggml_sycl_dup done
[DEBUG-IMPL] Node 136/140: op=2 name=l_out-1
[DEBUG-IMPL] Node 138/140: op=7 name=result_norm
[SYCL] simple consumer routing declined: op=MUL dst=result_norm local single-device plan ctx=0 target=0
[SYCL][OP] call ggml_sycl_mul: dst='result_norm':type=f32;ne=[256, 64, 1, 1];nb=[4, 1024, 65536, 65536]	src0='norm':type=f32;ne=[256, 64, 1, 1];nb=[4, 1024, 65536, 65536]	src1='output_norm.weight':type=f32;ne=[256, 1, 1, 1];nb=[4, 1024, 1024, 1024]
[SYCL-MUL-DBG] device=0 graph_recording=0 dst=result_norm src0=norm src1=output_norm.weight src0_ptr=0xffffd55e47da8000 src1_ptr=0xffffd556b6ae5500 dst_ptr=0xffffd55e47da8000 src0_layout=none src1_layout=aos last_graph_event=0 has_barrier=0 exec_graph=0 graph_nodes=0 graph_decode=0
[BINBCAST-PTR] src0=norm src0_host=0xffffd55e47da8000 src0_d=0xffffd55e47da8000
[BINBCAST-PTR] src1=output_norm.weight src1_host=0x77ce0030d340 src1_d=0xffffd556b6ae5500
[SYCL][OP] call ggml_sycl_mul done
[DEBUG-IMPL] Node 139/140: op=29 name=result_output
[SYCL] simple consumer routing declined: op=MUL_MAT dst=result_output plan unavailable ctx=0
[DEBUG-MULMAT] ENTER: src0=output.weight src1=result_norm dst=result_output
[SYCL][OP] call ggml_sycl_mul_mat: dst='result_output':type=f32;ne=[128, 64, 1, 1];nb=[4, 512, 32768, 32768]	src0='output.weight':type=f32;ne=[256, 128, 1, 1];nb=[4, 1024, 131072, 131072]	src1='result_norm':type=f32;ne=[256, 64, 1, 1];nb=[4, 1024, 65536, 65536]
[XMXConfig] device=0: M=8 N=16 K_INT8=32 K_FP16=16 SLM=131072 nsm=256 supported=1 int8=1 fp16=1 double_buf=1 max_esimd_wg=64 nbarrier=0 esimd_dpas=1
[SYCL] output.weight dispatch kernel=ONEDNN_AOS layout=0 batch=64
[MUL_MAT] src0 device=0 ptr=0xffffd556b6ae6900 (tensor=output.weight layout=0)
[MUL_MAT] dst device=0 ptr=0xffffd55e47d88000 (tensor=result_output)
[SYCL] weight cache lookup: tensor=0x2e1bc500 name=output.weight device=0
[SYCL][OP] call ggml_sycl_mul_mat done
[GRAPH-UNPIN] Released 0 graph MoE expert mem_handle leases
[GRAPH-UNPIN-WEIGHTS] Released 0 graph weight mem_handle leases
[SYCL] call ggml_backend_sycl_get_tensor_async: tensor='result_output':type=f32;ne=[128, 64, 1, 1];nb=[4, 512, 32768, 32768] size=32768 offset=0
[DEBUG-GRAPH-COMPUTE] ENTER: backend=0x317dd320 cgraph=0x3643ae48
[DEBUG-GRAPH-COMPUTE] sycl_ctx=0x2e0a7f70 device=0
[MEM-HANDLE] released 0 command-graph retained leases
[POOL-LEG] released 0 graph-retained scratch mem_handles
[SYCL] call ggml_backend_sycl_get_device_memory
[MEM-QUERY] dev=0 free=444.5 MB total=32656.0 MB consumed=32211.5 MB
[GRAPH-COMPUTE] device 0 arena scratch=512.0/512.0 MB external_free=444.5 MB / total=32656.0 MB
[DEBUG-GRAPH-COMPUTE] Creating lambda...
[DEBUG-GRAPH-COMPUTE] Lambda created
[GRAPH-CHECK] MUL_MAT_ID: src0=blk.0.ffn_gate_exps.weight buffer=0x30578790 is_sycl=0
[SYCL-GRAPH] call #8: use_sycl_graph=0, async_mem=0, n_nodes=140, has_exec_graph=0
[DEBUG-IMPL] ENTER graph_compute_impl: n_nodes=140, device=0
[DEBUG-IMPL] Starting node loop, n_nodes=140
[DEBUG-IMPL] Node 0/140: op=40 name=embd
ggml_sycl_get_data_ptr_slow: tensor=inp_tokens, device=0, staging FAILED for non-device (type=0), using tensor->data=0x77ce009b1e40
ggml_sycl_get_data_ptr_slow: tensor=inp_tokens, device=0, using tensor->data=0x77ce009b1e40
[SYCL][OP] call ggml_sycl_get_rows: dst='embd':type=f32;ne=[256, 64, 1, 1];nb=[4, 1024, 65536, 65536]	src0='token_embd.weight':type=f32;ne=[256, 128, 1, 1];nb=[4, 1024, 131072, 131072]	src1='inp_tokens':type=i32;ne=[64, 1, 1, 1];nb=[4, 256, 256, 256]
[SYCL] weight cache lookup: tensor=0x2e1bc1e0 name=token_embd.weight device=0
[SYCL][OP] call ggml_sycl_get_rows done
[DEBUG-IMPL] Node 1/140: op=25 name=norm-0
[DEBUG-IMPL] Node 3/140: op=29 name=node_3
[SYCL] simple consumer routing declined: op=MUL_MAT dst=node_3 plan unavailable ctx=0
[DEBUG-MULMAT] ENTER: src0=blk.0.attn_q.weight src1=attn_norm-0 dst=node_3
[SYCL][OP] call ggml_sycl_mul_mat: dst='node_3':type=f32;ne=[256, 64, 1, 1];nb=[4, 1024, 65536, 65536]	src0='blk.0.attn_q.weight':type=f32;ne=[256, 256, 1, 1];nb=[4, 1024, 262144, 262144]	src1='attn_norm-0':type=f32;ne=[256, 64, 1, 1];nb=[4, 1024, 65536, 65536]
[XMXConfig] device=0: M=8 N=16 K_INT8=32 K_FP16=16 SLM=131072 nsm=256 supported=1 int8=1 fp16=1 double_buf=1 max_esimd_wg=64 nbarrier=0 esimd_dpas=1
[MUL_MAT] src0 device=0 ptr=0xffffd556b6b06900 (tensor=blk.0.attn_q.weight layout=0)
[MUL_MAT] dst device=0 ptr=0xffffd55e47da8000 (tensor=node_3)
[SYCL] weight cache lookup: tensor=0x2e1bc820 name=blk.0.attn_q.weight device=0
[SYCL][OP] call ggml_sycl_mul_mat done
[DEBUG-IMPL] Node 4/140: op=7 name=Qcur-0
[DEBUG-IMPL] Node 6/140: op=36 name=Qcur-0
[DEBUG-IMPL] Node 7/140: op=49 name=Qcur-0
ggml_sycl_get_data_ptr_slow: tensor=leaf_7, device=0, staging FAILED for non-device (type=0), using tensor->data=0x77ce009c1f40
ggml_sycl_get_data_ptr_slow: tensor=leaf_7, device=0, using tensor->data=0x77ce009c1f40
[SYCL] simple consumer routing declined: op=ROPE dst=Qcur-0 local single-device plan ctx=0 target=0
[SYCL][OP] call ggml_sycl_rope: dst='Qcur-0':type=f32;ne=[128, 2, 64, 1];nb=[4, 512, 1024, 65536]	src0='Qcur-0':type=f32;ne=[128, 2, 64, 1];nb=[4, 512, 1024, 65536]	src1='leaf_7':type=i32;ne=[64, 1, 1, 1];nb=[4, 256, 256, 256]	src2='rope_freqs.weight':type=f32;ne=[64, 1, 1, 1];nb=[4, 256, 256, 256]
ggml_sycl_op_rope: norm path
[SYCL][OP] call ggml_sycl_rope done
[DEBUG-IMPL] Node 8/140: op=29 name=node_8
[SYCL] simple consumer routing declined: op=MUL_MAT dst=node_8 plan unavailable ctx=0
[DEBUG-MULMAT] ENTER: src0=blk.0.attn_v.weight src1=attn_norm-0 dst=node_8
[SYCL][OP] call ggml_sycl_mul_mat: dst='node_8':type=f32;ne=[256, 64, 1, 1];nb=[4, 1024, 65536, 65536]	src0='blk.0.attn_v.weight':type=f32;ne=[256, 256, 1, 1];nb=[4, 1024, 262144, 262144]	src1='attn_norm-0':type=f32;ne=[256, 64, 1, 1];nb=[4, 1024, 65536, 65536]
[XMXConfig] device=0: M=8 N=16 K_INT8=32 K_FP16=16 SLM=131072 nsm=256 supported=1 int8=1 fp16=1 double_buf=1 max_esimd_wg=64 nbarrier=0 esimd_dpas=1
[MUL_MAT] src0 device=0 ptr=0xffffd556b6b86900 (tensor=blk.0.attn_v.weight layout=0)
[MUL_MAT] dst device=0 ptr=0xffffd55e47da8000 (tensor=node_8)
[SYCL] weight cache lookup: tensor=0x2e1bcb40 name=blk.0.attn_v.weight device=0
[SYCL][OP] call ggml_sycl_mul_mat done
[DEBUG-IMPL] Node 9/140: op=7 name=Vcur-0
[DEBUG-IMPL] Node 11/140: op=36 name=Vcur-0
[DEBUG-IMPL] Node 12/140: op=29 name=node_12
[SYCL] simple consumer routing declined: op=MUL_MAT dst=node_12 plan unavailable ctx=0
[DEBUG-MULMAT] ENTER: src0=blk.0.attn_k.weight src1=attn_norm-0 dst=node_12
[SYCL][OP] call ggml_sycl_mul_mat: dst='node_12':type=f32;ne=[256, 64, 1, 1];nb=[4, 1024, 65536, 65536]	src0='blk.0.attn_k.weight':type=f32;ne=[256, 256, 1, 1];nb=[4, 1024, 262144, 262144]	src1='attn_norm-0':type=f32;ne=[256, 64, 1, 1];nb=[4, 1024, 65536, 65536]
[XMXConfig] device=0: M=8 N=16 K_INT8=32 K_FP16=16 SLM=131072 nsm=256 supported=1 int8=1 fp16=1 double_buf=1 max_esimd_wg=64 nbarrier=0 esimd_dpas=1
[MUL_MAT] src0 device=0 ptr=0xffffd556b6b46900 (tensor=blk.0.attn_k.weight layout=0)
[MUL_MAT] dst device=0 ptr=0xffffd55e47dc8000 (tensor=node_12)
[SYCL] weight cache lookup: tensor=0x2e1bc9b0 name=blk.0.attn_k.weight device=0
[SYCL][OP] call ggml_sycl_mul_mat done
[DEBUG-IMPL] Node 13/140: op=7 name=Kcur-0
[DEBUG-IMPL] Node 15/140: op=36 name=Kcur-0
[DEBUG-IMPL] Node 16/140: op=49 name=Kcur-0
[SYCL] simple consumer routing declined: op=ROPE dst=Kcur-0 local single-device plan ctx=0 target=0
[SYCL][OP] call ggml_sycl_rope: dst='Kcur-0':type=f32;ne=[128, 2, 64, 1];nb=[4, 512, 1024, 65536]	src0='Kcur-0':type=f32;ne=[128, 2, 64, 1];nb=[4, 512, 1024, 65536]	src1='leaf_7':type=i32;ne=[64, 1, 1, 1];nb=[4, 256, 256, 256]	src2='rope_freqs.weight':type=f32;ne=[64, 1, 1, 1];nb=[4, 256, 256, 256]
ggml_sycl_op_rope: norm path
[SYCL][OP] call ggml_sycl_rope done
[DEBUG-IMPL] Node 17/140: op=37 name=Kcur-0 (view)
[DEBUG-IMPL] Node 18/140: op=42 name=cache_k_l0 (view)
ggml_sycl_get_data_ptr_slow: tensor=leaf_15, device=0, staging FAILED for non-device (type=0), using tensor->data=0x77ce009c2040
ggml_sycl_get_data_ptr_slow: tensor=leaf_15, device=0, using tensor->data=0x77ce009c2040
[SYCL] simple consumer routing declined: op=SET_ROWS dst=cache_k_l0 (view) plan unavailable ctx=0
[SYCL][OP] call ggml_sycl_op_set_rows: dst='cache_k_l0 (view)':type=f16;ne=[256, 256, 1, 1];nb=[2, 512, 131072, 131072]	src0='Kcur-0 (view)':type=f32;ne=[256, 64, 1, 1];nb=[4, 1024, 65536, 65536]	src1='leaf_15':type=i64;ne=[64, 1, 1, 1];nb=[8, 512, 512, 512]
[SYCL][OP] call ggml_sycl_op_set_rows done
[DEBUG-IMPL] Node 19/140: op=37 name=Vcur-0 (view)
[DEBUG-IMPL] Node 20/140: op=42 name=cache_v_l0 (view)
ggml_sycl_get_data_ptr_slow: tensor=leaf_17, device=0, staging FAILED for non-device (type=0), using tensor->data=0x77ce009c2240
ggml_sycl_get_data_ptr_slow: tensor=leaf_17, device=0, using tensor->data=0x77ce009c2240
[SYCL] simple consumer routing declined: op=SET_ROWS dst=cache_v_l0 (view) plan unavailable ctx=0
[SYCL][OP] call ggml_sycl_op_set_rows: dst='cache_v_l0 (view)':type=f16;ne=[256, 256, 1, 1];nb=[2, 512, 131072, 131072]	src0='Vcur-0 (view)':type=f32;ne=[256, 64, 1, 1];nb=[4, 1024, 65536, 65536]	src1='leaf_17':type=i64;ne=[64, 1, 1, 1];nb=[8, 512, 512, 512]
[SYCL][OP] call ggml_sycl_op_set_rows done
[DEBUG-IMPL] Node 21/140: op=37 name=Qcur-0 (view)
[DEBUG-IMPL] Node 22/140: op=38 name=Qcur-0 (view) (permuted)
[DEBUG-IMPL] Node 23/140: op=34 name=Qcur-0 (view) (permuted) (copy)
[SYCL] simple consumer routing declined: op=CPY dst=Qcur-0 (view) (permuted) (copy) local single-device plan ctx=0 target=0
[SYCL][OP] call ggml_sycl_cpy: dst='Qcur-0 (view) (permuted) (copy)':type=f16;ne=[128, 64, 2, 1];nb=[2, 256, 16384, 32768]	src0='Qcur-0 (view) (permuted)':type=f32;ne=[128, 64, 2, 1];nb=[4, 1024, 512, 65536];strided;permuted
[CPY] device=0 main_stream=0x2b690ec0 tp_queue=(nil) (match=0)
[CPY DEBUG] device=0 src0=Qcur-0 (view) (permuted)(0xffffd55e47db8000, usm=1) -> src1=Qcur-0 (view) (permuted) (copy)(0xffffd55e47d98000, usm=1) size=65536
[CPY STAGING CHECK] device=0 needs_staging=0 src0_type=1 dst_is_device=1
[SYCL][OP] call ggml_sycl_cpy done
[DEBUG-IMPL] Node 24/140: op=37 name=cache_k_l0 (view)
[DEBUG-IMPL] Node 25/140: op=38 name=cache_k_l0 (view) (permuted)
[DEBUG-IMPL] Node 26/140: op=37 name=cache_v_l0 (view)
[DEBUG-IMPL] Node 27/140: op=38 name=cache_v_l0 (view) (permuted)
[DEBUG-IMPL] Node 28/140: op=75 name=node_28
ggml_sycl_get_data_ptr_slow: tensor=attn_inp_kq_mask, device=0, staging FAILED for non-device (type=0), using tensor->data=0x77ce009c2440
ggml_sycl_get_data_ptr_slow: tensor=attn_inp_kq_mask, device=0, using tensor->data=0x77ce009c2440
[SYCL] simple consumer routing declined: op=FLASH_ATTN_EXT dst=node_28 plan unavailable ctx=0
ggml_sycl_get_data_ptr_slow: tensor=Qcur-0 (view) (permuted) (copy), device=1, rejecting tensor->data=0xffffd55e47d98000 owned by device 0
ggml_sycl_get_data_ptr_slow: tensor=node_28, device=1, rejecting tensor->data=0xffffd55e47da0000 owned by device 0
[DEBUG-IMPL] Node 29/140: op=36 name=kqv_out-0
[DEBUG-IMPL] Node 30/140: op=29 name=node_30
[SYCL] simple consumer routing declined: op=MUL_MAT dst=node_30 plan unavailable ctx=0
[DEBUG-MULMAT] ENTER: src0=blk.0.attn_output.weight src1=kqv_out-0 dst=node_30
[SYCL][OP] call ggml_sycl_mul_mat: dst='node_30':type=f32;ne=[256, 64, 1, 1];nb=[4, 1024, 65536, 65536]	src0='blk.0.attn_output.weight':type=f32;ne=[256, 256, 1, 1];nb=[4, 1024, 262144, 262144]	src1='kqv_out-0':type=f32;ne=[256, 64, 1, 1];nb=[4, 1024, 65536, 65536]
[XMXConfig] device=0: M=8 N=16 K_INT8=32 K_FP16=16 SLM=131072 nsm=256 supported=1 int8=1 fp16=1 double_buf=1 max_esimd_wg=64 nbarrier=0 esimd_dpas=1
[MUL_MAT] src0 device=0 ptr=0xffffd556b6bc6900 (tensor=blk.0.attn_output.weight layout=0)
[MUL_MAT] dst device=0 ptr=0xffffd55e47db0000 (tensor=node_30)
[SYCL] weight cache lookup: tensor=0x2e1bd180 name=blk.0.attn_output.weight device=0
[SYCL][OP] call ggml_sycl_mul_mat done
[DEBUG-IMPL] Node 31/140: op=7 name=node_31
[DEBUG-IMPL] Node 33/140: op=2 name=ffn_inp-0
[DEBUG-IMPL] Node 35/140: op=7 name=ffn_norm-0
[SYCL] simple consumer routing declined: op=MUL dst=ffn_norm-0 local single-device plan ctx=0 target=0
[SYCL][OP] call ggml_sycl_mul: dst='ffn_norm-0':type=f32;ne=[256, 64, 1, 1];nb=[4, 1024, 65536, 65536]	src0='norm-0':type=f32;ne=[256, 64, 1, 1];nb=[4, 1024, 65536, 65536]	src1='blk.0.ffn_norm.weight':type=f32;ne=[256, 1, 1, 1];nb=[4, 1024, 1024, 1024]
[BINBCAST-PTR] src0=norm-0 src0_host=0xffffd55e47d88000 src0_d=0xffffd55e47d88000
[BINBCAST-PTR] src1=blk.0.ffn_norm.weight src1_host=0x77ce0042eb40 src1_d=0xffffd556b6ae5d00
[SYCL][OP] call ggml_sycl_mul done
[DEBUG-IMPL] Node 36/140: op=29 name=ffn_moe_logits-0
[SYCL] simple consumer routing declined: op=MUL_MAT dst=ffn_moe_logits-0 plan unavailable ctx=0
[DEBUG-MULMAT] ENTER: src0=blk.0.ffn_gate_inp.weight src1=ffn_norm-0 dst=ffn_moe_logits-0
[SYCL][OP] call ggml_sycl_mul_mat: dst='ffn_moe_logits-0':type=f32;ne=[2, 64, 1, 1];nb=[4, 8, 512, 512]	src0='blk.0.ffn_gate_inp.weight':type=f32;ne=[256, 2, 1, 1];nb=[4, 1024, 2048, 2048]	src1='ffn_norm-0':type=f32;ne=[256, 64, 1, 1];nb=[4, 1024, 65536, 65536]
[XMXConfig] device=0: M=8 N=16 K_INT8=32 K_FP16=16 SLM=131072 nsm=256 supported=1 int8=1 fp16=1 double_buf=1 max_esimd_wg=64 nbarrier=0 esimd_dpas=1
[MUL_MAT] src0 device=0 ptr=0xffffd556b6d09a00 (tensor=blk.0.ffn_gate_inp.weight layout=0)
[MUL_MAT] dst device=0 ptr=0xffffd55e47d98000 (tensor=ffn_moe_logits-0)
[SYCL] weight cache lookup: tensor=0x2e1bd7c0 name=blk.0.ffn_gate_inp.weight device=0
[SYCL][OP] call ggml_sycl_mul_mat done
[DEBUG-IMPL] Node 37/140: op=47 name=ffn_moe_probs-0
[SYCL] simple consumer routing declined: op=SOFT_MAX dst=ffn_moe_probs-0 local single-device plan ctx=0 target=0
[SYCL][OP] call ggml_sycl_op_soft_max: dst='ffn_moe_probs-0':type=f32;ne=[2, 64, 1, 1];nb=[4, 8, 512, 512]	src0='ffn_moe_logits-0':type=f32;ne=[2, 64, 1, 1];nb=[4, 8, 512, 512]	src1=nullptr
[SYCL][OP] call ggml_sycl_op_soft_max done
[DEBUG-IMPL] Node 38/140: op=36 name=ffn_moe_probs-0 (reshaped)
[DEBUG-IMPL] Node 39/140: op=70 name=ffn_moe_argsort-0
[SYCL] simple consumer routing declined: op=ARGSORT dst=ffn_moe_argsort-0 local single-device plan ctx=0 target=0
[SYCL][OP] call ggml_sycl_argsort: dst='ffn_moe_argsort-0':type=i32;ne=[2, 64, 1, 1];nb=[4, 8, 512, 512]	src0='ffn_moe_probs-0':type=f32;ne=[2, 64, 1, 1];nb=[4, 8, 512, 512]
[SYCL][OP] call ggml_sycl_argsort done
[DEBUG-IMPL] Node 40/140: op=37 name=ffn_moe_topk-0
[DEBUG-IMPL] Node 41/140: op=40 name=ffn_moe_weights-0
[SYCL][OP] call ggml_sycl_get_rows: dst='ffn_moe_weights-0':type=f32;ne=[1, 1, 64, 1];nb=[4, 4, 4, 256]	src0='ffn_moe_probs-0 (reshaped)':type=f32;ne=[1, 2, 64, 1];nb=[4, 4, 8, 512]	src1='ffn_moe_topk-0':type=i32;ne=[1, 64, 1, 1];nb=[4, 8, 512, 512];strided
[SYCL] weight cache lookup: tensor=0x34ccff70 name=ffn_moe_probs-0 (reshaped) device=0
[SYCL][OP] call ggml_sycl_get_rows done
[DEBUG-IMPL] Node 42/140: op=36 name=ffn_moe_weights-0 (reshaped)
[DEBUG-IMPL] Node 43/140: op=15 name=ffn_moe_weights_sum-0
[SYCL] simple consumer routing declined: op=SUM_ROWS dst=ffn_moe_weights_sum-0 plan unavailable ctx=0
[SYCL][OP] call ggml_sycl_sum_rows: dst='ffn_moe_weights_sum-0':type=f32;ne=[1, 64, 1, 1];nb=[4, 4, 256, 256]	src0='ffn_moe_weights-0 (reshaped)':type=f32;ne=[1, 64, 1, 1];nb=[4, 4, 256, 256]
[SYCL][OP] call ggml_sycl_sum_rows done
[DEBUG-IMPL] Node 44/140: op=51 name=ffn_moe_weights_sum_clamped-0
[SYCL] simple consumer routing declined: op=CLAMP dst=ffn_moe_weights_sum_clamped-0 plan unavailable ctx=0
[SYCL][OP] call ggml_sycl_clamp: dst='ffn_moe_weights_sum_clamped-0':type=f32;ne=[1, 64, 1, 1];nb=[4, 4, 256, 256]	src0='ffn_moe_weights_sum-0':type=f32;ne=[1, 64, 1, 1];nb=[4, 4, 256, 256]
[SYCL][OP] call ggml_sycl_clamp done
[DEBUG-IMPL] Node 45/140: op=8 name=ffn_moe_weights_norm-0
[SYCL] simple consumer routing declined: op=DIV dst=ffn_moe_weights_norm-0 plan unavailable ctx=0
[SYCL][OP] call ggml_sycl_div: dst='ffn_moe_weights_norm-0':type=f32;ne=[1, 64, 1, 1];nb=[4, 4, 256, 256]	src0='ffn_moe_weights-0 (reshaped)':type=f32;ne=[1, 64, 1, 1];nb=[4, 4, 256, 256]	src1='ffn_moe_weights_sum_clamped-0':type=f32;ne=[1, 64, 1, 1];nb=[4, 4, 256, 256]
[BINBCAST-PTR] src0=ffn_moe_weights-0 (reshaped) src0_host=0xffffd55e47d98400 src0_d=0xffffd55e47d98400
[BINBCAST-PTR] src1=ffn_moe_weights_sum_clamped-0 src1_host=0xffffd55e47d98000 src1_d=0xffffd55e47d98000
[SYCL][OP] call ggml_sycl_div done
[DEBUG-IMPL] Node 46/140: op=36 name=ffn_moe_weights_norm-0 (reshaped)
[DEBUG-IMPL] Node 47/140: op=36 name=ffn_norm-0 (reshaped)
[DEBUG-IMPL] Node 48/140: op=30 name=node_48
[RESOLVE] data_handle empty for weight tensor 'blk.0.ffn_gate_exps.weight' device 0, falling through to cache lookup
[SYCL] weight cache lookup: tensor=0x2e1bd950 name=blk.0.ffn_gate_exps.weight device=0
[RESOLVE] refusing composite MoE expert tensor materialization for placement-planned 'blk.0.ffn_gate_exps.weight' device 0
[SYCL][OP] call ggml_sycl_mul_mat_id: dst='node_48':type=f32;ne=[384, 1, 64, 1];nb=[4, 1536, 1536, 98304]	src0='blk.0.ffn_gate_exps.weight':type=f32;ne=[256, 384, 2, 1];nb=[4, 1024, 393216, 786432]	src1='ffn_norm-0 (reshaped)':type=f32;ne=[256, 1, 64, 1];nb=[4, 1024, 1024, 65536]	src2='ffn_moe_topk-0':type=i32;ne=[1, 64, 1, 1];nb=[4, 8, 512, 512];strided
[XMX-DEBUG] try_xmx_sorted_moe called: src0->type=0
[XMX-DEBUG] XMX MoE: forced=0 fused_enabled=0 tiled_enabled=1
[XMX-DEBUG] XMX caps: supported=1 int8=1
[XMX MoE] Only Q8_0/MXFP4 supported, got type 0
[XMX-MOE-REJECT] tensor=blk.0.ffn_gate_exps.weight type=f32 device=0 reason=type src0=[256,384,2,1] src1=[256,1,64,1] ids=[1,64,1,1]
[MoE FUSED] Batch 64 > 32, using oneDNN batching
[MoE] About to try COALESCED layout
[RESOLVE] data_handle empty for weight tensor 'blk.0.ffn_gate_exps.weight' device 0, falling through to cache lookup
[SYCL] weight cache lookup: tensor=0x2e1bd950 name=blk.0.ffn_gate_exps.weight device=0
[RESOLVE] refusing composite MoE expert tensor materialization for placement-planned 'blk.0.ffn_gate_exps.weight' device 0
[MoE] Trying MMVQ with layout=2 for blk.0.ffn_gate_exps.weight
[MMVQ-ENTRY] src0=blk.0.ffn_gate_exps.weight type=0 forced_layout=2
[MMVQ] Batch 64 > threshold 32, routing to batched GEMM path
[MoE] MMVQ layout=2 returned false
[MoE] About to try SOA layout
[RESOLVE] data_handle empty for weight tensor 'blk.0.ffn_gate_exps.weight' device 0, falling through to cache lookup
[SYCL] weight cache lookup: tensor=0x2e1bd950 name=blk.0.ffn_gate_exps.weight device=0
[RESOLVE] refusing composite MoE expert tensor materialization for placement-planned 'blk.0.ffn_gate_exps.weight' device 0
[MoE] Trying MMVQ with layout=1 for blk.0.ffn_gate_exps.weight
[MMVQ-ENTRY] src0=blk.0.ffn_gate_exps.weight type=0 forced_layout=1
[MMVQ] Batch 64 > threshold 32, routing to batched GEMM path
[MoE] MMVQ layout=1 returned false
[MoE] About to try AOS layout
[RESOLVE] data_handle empty for weight tensor 'blk.0.ffn_gate_exps.weight' device 0, falling through to cache lookup
[SYCL] weight cache lookup: tensor=0x2e1bd950 name=blk.0.ffn_gate_exps.weight device=0
[RESOLVE] refusing composite MoE expert tensor materialization for placement-planned 'blk.0.ffn_gate_exps.weight' device 0
[MoE] Trying MMVQ with layout=0 for blk.0.ffn_gate_exps.weight
[MMVQ-ENTRY] src0=blk.0.ffn_gate_exps.weight type=0 forced_layout=0
[MMVQ] Batch 64 > threshold 32, routing to batched GEMM path
[MoE] MMVQ layout=0 returned false
[MoE] All MMVQ layouts failed, falling back to host routing
[MoE] GPU probe paths did not select type 0; resolving planner-owned MoE route
[MoE-1E] Cached IDs for layer 0 (GATE), 64 elements
[MoE] Using expert cache for blk.0.ffn_gate_exps.weight (layer=1876883677, host_buf=0, ptr_type=3)
[MOE-DISPATCH-LAYOUT] tensor=blk.0.ffn_gate_exps.weight device=0 route_layout=aos src0_layout=aos use_expert_cache=1 placement_planned=1 host_weights=0 plan=1 plan_host=0 has_override=0 ne12=64
[MOE-STAGE] tensor=blk.0.ffn_gate_exps.weight stage=after-dispatch-layout device=0 ne12=64
[MOE-STAGE] tensor=blk.0.ffn_gate_exps.weight stage=after-pointer-table device=0 planned_pp=1
[MOE-STAGE] tensor=blk.0.ffn_gate_exps.weight stage=after-route-diagnostics device=0 planned_pp=1
[MOE-STAGE] tensor=blk.0.ffn_gate_exps.weight stage=before-route-mode device=0 ne12=64 use_cache=1 plan=1 hybrid=1
[MOE-IDS] Staging ids to device (buffer_on_host=0, ptr_usm_type=3)
0.04.409.167 E [SYCL][PTR] dst tensor=ffn_moe_argsort-0 data=0x77cfb0233400 alloc=512 base=0xffffd55e47d88000 size=524288 end=0xffffd55e47e08000
0.04.409.197 E [SYCL][PTR] src1 tensor=ffn_moe_topk-0 data=0x77cfb0233400 alloc=508 base=0xffffd55e47d88000 size=524288 end=0xffffd55e47e08000
0.04.409.292 E [SYCL][PTR] src2 tensor=ffn_moe_topk-0 data=0x77cfb0233400 alloc=508 base=0xffffd55e47d88000 size=524288 end=0xffffd55e47e08000
[MOE-STAGE] tensor=blk.0.ffn_gate_exps.weight stage=pp-rowmap-alloc-begin device=0 rows=64
[UNIFIED-ALLOC] zone alloc: dev=0 zone=4 size=0.0 MB ptr=0xffffd55e67c2c000
[MOE-STAGE] tensor=blk.0.ffn_gate_exps.weight stage=pp-rowmap-copy-begin device=0 rows=64 dst_handle=0
[MOE-STAGE] tensor=blk.0.ffn_gate_exps.weight stage=pp-rowmap-copy-submitted device=0 rows=64
[UNIFIED-ALLOC] zone alloc: dev=0 zone=4 size=0.1 MB ptr=0xffffd55e67c2c200
[UNIFIED-ALLOC] zone alloc: dev=0 zone=4 size=0.1 MB ptr=0xffffd55e67c44200
[MOE-AOS-REQUEST] tensor=blk.0.ffn_gate_exps.weight expert=0 current=0 planned=0 requested=aos reason=device-plan
[DEBUG-MULMAT] ENTER: src0=blk.0.ffn_gate_exps.weight src1=ffn_norm-0 (reshaped) dst=node_48
[SYCL][OP] call ggml_sycl_mul_mat: dst='node_48':type=f32;ne=[384, 48, 1, 1];nb=[4, 1536, 73728, 73728]	src0='blk.0.ffn_gate_exps.weight':type=f32;ne=[256, 384, 2, 1];nb=[4, 1024, 393216, 786432]	src1='ffn_norm-0 (reshaped)':type=f32;ne=[256, 1, 64, 1];nb=[4, 1024, 1024, 65536]0.04.409.431 E [SYCL][PTR] dst tensor=node_48 data=0xffffd55e67c2c200 alloc=73728 base=0xffffd55e47d88000 size=524288 end=0xffffd55e47e08000

[XMXConfig] device=0: M=8 N=16 K_INT8=32 K_FP16=16 SLM=131072 nsm=256 supported=1 int8=1 fp16=1 double_buf=1 max_esimd_wg=64 nbarrier=0 esimd_dpas=1
[MUL_MAT] src0 device=0 ptr=0xffffd556b6645500 (tensor=blk.0.ffn_gate_exps.weight layout=0)
[MUL_MAT] dst device=0 ptr=0xffffd55e67c2c200 (tensor=node_48)
[SYCL][OP] call ggml_sycl_mul_mat done
[MOE-AOS-REQUEST] tensor=blk.0.ffn_gate_exps.weight expert=1 current=0 planned=0 requested=aos reason=device-plan
[DEBUG-MULMAT] ENTER: src0=blk.0.ffn_gate_exps.weight src1=ffn_norm-0 (reshaped) dst=node_48
[SYCL][OP] call ggml_sycl_mul_mat: dst='node_48':type=f32;ne=[384, 16, 1, 1];nb=[4, 1536, 24576, 24576]	src0='blk.0.ffn_gate_exps.weight':type=f32;ne=[256, 384, 2, 1];nb=[4, 1024, 393216, 786432]	src1='ffn_norm-0 (reshaped)':type=f32;ne=[256, 1, 64, 1];nb=[4, 1024, 1024, 65536]
[XMXConfig] device=0: M=8 N=16 K_INT8=32 K_FP16=16 SLM=131072 nsm=256 supported=1 int8=1 fp16=1 double_buf=1 max_esimd_wg=64 nbarrier=0 esimd_dpas=1
[MUL_MAT] src0 device=0 ptr=0xffffd556b66a5500 (tensor=blk.0.ffn_gate_exps.weight layout=0)
[MUL_MAT] dst device=0 ptr=0xffffd55e67c3e200 (tensor=node_48)
[SYCL][OP] call ggml_sycl_mul_mat done
[SYCL][OP] call ggml_sycl_mul_mat_id done
[DEBUG-IMPL] Node 49/140: op=36 name=blk.0.ffn_gate_exps.scale (reshaped)
[DEBUG-IMPL] Node 50/140: op=20 name=node_50
[SYCL] weight cache lookup: tensor=0x34cd1550 name=blk.0.ffn_gate_exps.scale (reshaped) device=0
ggml_sycl_get_data_ptr_slow: tensor=blk.0.ffn_gate_exps.scale (reshaped) view_src chain -> base=blk.0.ffn_gate_exps.scale, base->extra=0x2d956da0, base->data=0x77ce009b18c0, tensor->data=0x77ce009b18c0
ggml_sycl_get_data_ptr_slow: base=blk.0.ffn_gate_exps.scale data=0x77ce009b18c0 ptr_type=3
[SYCL] weight cache lookup: tensor=0x34cd1550 name=blk.0.ffn_gate_exps.scale (reshaped) device=0
ggml_sycl_get_data_ptr_slow: tensor=blk.0.ffn_gate_exps.scale (reshaped), device=0, staging FAILED for non-device (type=0), using tensor->data=0x77ce009b18c0
ggml_sycl_get_data_ptr_slow: tensor=blk.0.ffn_gate_exps.scale (reshaped), device=0, using tensor->data=0x77ce009b18c0
[RESOLVE] data_handle empty for weight tensor 'blk.0.ffn_gate_exps.scale' device 0, falling through to cache lookup
[SYCL] weight cache lookup: tensor=0x2e1bfa20 name=blk.0.ffn_gate_exps.scale device=0
[SYCL] weight cache lookup: tensor=0x2e1bfa20 name=blk.0.ffn_gate_exps.scale device=0
ggml_sycl_get_data_ptr_slow: tensor=blk.0.ffn_gate_exps.scale, device=0, staging FAILED for non-device (type=0), using tensor->data=0x77ce009b18c0
ggml_sycl_get_data_ptr_slow: tensor=blk.0.ffn_gate_exps.scale, device=0, using tensor->data=0x77ce009b18c0
[SYCL] simple consumer routing declined: op=REPEAT dst=node_50 plan unavailable ctx=0
[SYCL][OP] call ggml_sycl_repeat: dst='node_50':type=f32;ne=[1, 2, 64, 1];nb=[4, 4, 8, 512]	src0='blk.0.ffn_gate_exps.scale (reshaped)':type=f32;ne=[1, 2, 1, 1];nb=[4, 4, 8, 8]
[SYCL] weight cache lookup: tensor=0x34cd1550 name=blk.0.ffn_gate_exps.scale (reshaped) device=0
[SYCL] weight cache lookup: tensor=0x34cd1550 name=blk.0.ffn_gate_exps.scale (reshaped) device=0
[SYCL-BINBCAST] staging raw host tensor=blk.0.ffn_gate_exps.scale (reshaped) bytes=8 device=0 src=0x77ce009b18c0 dst=0xffffe38f1ae00000
0.04.409.538 E [SYCL][PTR] dst tensor=node_48 data=0xffffd55e67c3e200 alloc=24576 base=0xffffd55e47d88000 size=524288 end=0xffffd55e47e08000
0.04.409.684 E [UNIFIED-CACHE] planned-mode runtime materialization rejected op=direct_stage_weight caller=direct_stage_weight model=0 name_hash=0x5c5ab6125ec1b4e2 aux=270 type=0 ne=[1,2,1,1] layout=0 graph_active=1
[BINBCAST-PTR] src0=node_50 src0_host=0xffffd55e47d98400 src0_d=0xffffd55e47d98400
[BINBCAST-PTR] src1=blk.0.ffn_gate_exps.scale (reshaped) src1_host=0x77ce009b18c0 src1_d=0xffffe38f1ae00000
[SYCL][OP] call ggml_sycl_repeat done
[DEBUG-IMPL] Node 51/140: op=40 name=node_51
[SYCL][OP] call ggml_sycl_get_rows: dst='node_51':type=f32;ne=[1, 1, 64, 1];nb=[4, 4, 4, 256]	src0='node_50':type=f32;ne=[1, 2, 64, 1];nb=[4, 4, 8, 512]	src1='ffn_moe_topk-0':type=i32;ne=[1, 64, 1, 1];nb=[4, 8, 512, 512];strided
[SYCL] weight cache lookup: tensor=0x34cd16e0 name=node_50 device=0
0.04.409.756 E [SYCL][PTR] src1 tensor=ffn_moe_topk-0 data=0x77cfb0233400 alloc=508 base=0xffffd55e47d88000 size=524288 end=0xffffd55e47e08000
[SYCL][OP] call ggml_sycl_get_rows done
[DEBUG-IMPL] Node 52/140: op=7 name=ffn_moe_gate_scaled-0
[SYCL] simple consumer routing declined: op=MUL dst=ffn_moe_gate_scaled-0 local single-device plan ctx=0 target=0
[SYCL][OP] call ggml_sycl_mul: dst='ffn_moe_gate_scaled-0':type=f32;ne=[384, 1, 64, 1];nb=[4, 1536, 1536, 98304]	src0='node_48':type=f32;ne=[384, 1, 64, 1];nb=[4, 1536, 1536, 98304]	src1='node_51':type=f32;ne=[1, 1, 64, 1];nb=[4, 4, 4, 256]
[BINBCAST-PTR] src0=node_48 src0_host=0xffffd55e47dc0000 src0_d=0xffffd55e47dc0000
[BINBCAST-PTR] src1=node_51 src1_host=0xffffd55e47d98000 src1_d=0xffffd55e47d98000
[SYCL][OP] call ggml_sycl_mul done
[DEBUG-IMPL] Node 53/140: op=30 name=node_53
[RESOLVE] data_handle empty for weight tensor 'blk.0.ffn_up_exps.weight' device 0, falling through to cache lookup
[SYCL] weight cache lookup: tensor=0x2e1bdc70 name=blk.0.ffn_up_exps.weight device=0
[RESOLVE] refusing composite MoE expert tensor materialization for placement-planned 'blk.0.ffn_up_exps.weight' device 0
[SYCL][OP] call ggml_sycl_mul_mat_id: dst='node_53':type=f32;ne=[384, 1, 64, 1];nb=[4, 1536, 1536, 98304]	src0='blk.0.ffn_up_exps.weight':type=f32;ne=[256, 384, 2, 1];nb=[4, 1024, 393216, 786432]	src1='ffn_norm-0 (reshaped)':type=f32;ne=[256, 1, 64, 1];nb=[4, 1024, 1024, 65536]	src2='ffn_moe_topk-0':type=i32;ne=[1, 64, 1, 1];nb=[4, 8, 512, 512];strided
0.04.409.830 E [SYCL][PTR] src2 tensor=ffn_moe_topk-0 data=0x77cfb0233400 alloc=508 base=0xffffd55e47d88000 size=524288 end=0xffffd55e47e08000
[XMX-DEBUG] try_xmx_sorted_moe called: src0->type=0
[XMX-DEBUG] XMX MoE: forced=0 fused_enabled=0 tiled_enabled=1
[XMX-DEBUG] XMX caps: supported=1 int8=1
[XMX MoE] Only Q8_0/MXFP4 supported, got type 0
[XMX-MOE-REJECT] tensor=blk.0.ffn_up_exps.weight type=f32 device=0 reason=type src0=[256,384,2,1] src1=[256,1,64,1] ids=[1,64,1,1]
[MoE FUSED] Batch 64 > 32, using oneDNN batching
[MoE] About to try COALESCED layout
[RESOLVE] data_handle empty for weight tensor 'blk.0.ffn_up_exps.weight' device 0, falling through to cache lookup
[SYCL] weight cache lookup: tensor=0x2e1bdc70 name=blk.0.ffn_up_exps.weight device=0
[RESOLVE] refusing composite MoE expert tensor materialization for placement-planned 'blk.0.ffn_up_exps.weight' device 0
[MoE] Trying MMVQ with layout=2 for blk.0.ffn_up_exps.weight
[MMVQ-ENTRY] src0=blk.0.ffn_up_exps.weight type=0 forced_layout=2
[MMVQ] Batch 64 > threshold 32, routing to batched GEMM path
[MoE] MMVQ layout=2 returned false
[MoE] About to try SOA layout
[RESOLVE] data_handle empty for weight tensor 'blk.0.ffn_up_exps.weight' device 0, falling through to cache lookup
[SYCL] weight cache lookup: tensor=0x2e1bdc70 name=blk.0.ffn_up_exps.weight device=0
[RESOLVE] refusing composite MoE expert tensor materialization for placement-planned 'blk.0.ffn_up_exps.weight' device 0
[MoE] Trying MMVQ with layout=1 for blk.0.ffn_up_exps.weight
[MMVQ-ENTRY] src0=blk.0.ffn_up_exps.weight type=0 forced_layout=1
[MMVQ] Batch 64 > threshold 32, routing to batched GEMM path
[MoE] MMVQ layout=1 returned false
[MoE] About to try AOS layout
[RESOLVE] data_handle empty for weight tensor 'blk.0.ffn_up_exps.weight' device 0, falling through to cache lookup
[SYCL] weight cache lookup: tensor=0x2e1bdc70 name=blk.0.ffn_up_exps.weight device=0
[RESOLVE] refusing composite MoE expert tensor materialization for placement-planned 'blk.0.ffn_up_exps.weight' device 0
[MoE] Trying MMVQ with layout=0 for blk.0.ffn_up_exps.weight
[MMVQ-ENTRY] src0=blk.0.ffn_up_exps.weight type=0 forced_layout=0
[MMVQ] Batch 64 > threshold 32, routing to batched GEMM path
[MoE] MMVQ layout=0 returned false
[MoE] All MMVQ layouts failed, falling back to host routing
[MoE] GPU probe paths did not select type 0; resolving planner-owned MoE route
[MoE-1E] Reusing cached IDs for layer 0 (blk.0.ffn_up_exps.weight), 64 elements
[MoE] Using expert cache for blk.0.ffn_up_exps.weight (layer=559450555, host_buf=0, ptr_type=3)
[MOE-DISPATCH-LAYOUT] tensor=blk.0.ffn_up_exps.weight device=0 route_layout=aos src0_layout=aos use_expert_cache=1 placement_planned=1 host_weights=0 plan=1 plan_host=0 has_override=0 ne12=64
[MOE-STAGE] tensor=blk.0.ffn_up_exps.weight stage=after-dispatch-layout device=0 ne12=64
[MOE-STAGE] tensor=blk.0.ffn_up_exps.weight stage=after-pointer-table device=0 planned_pp=1
[MOE-STAGE] tensor=blk.0.ffn_up_exps.weight stage=after-route-diagnostics device=0 planned_pp=1
[MOE-STAGE] tensor=blk.0.ffn_up_exps.weight stage=before-route-mode device=0 ne12=64 use_cache=1 plan=1 hybrid=1
[MOE-IDS] Staging ids to device (buffer_on_host=0, ptr_usm_type=3)
[MOE-STAGE] tensor=blk.0.ffn_up_exps.weight stage=pp-rowmap-alloc-begin device=0 rows=64
[UNIFIED-ALLOC] zone alloc: dev=0 zone=4 size=0.0 MB ptr=0xffffd55e67c2c000
[MOE-STAGE] tensor=blk.0.ffn_up_exps.weight stage=pp-rowmap-copy-begin device=0 rows=64 dst_handle=0
[MOE-STAGE] tensor=blk.0.ffn_up_exps.weight stage=pp-rowmap-copy-submitted device=0 rows=64
[UNIFIED-ALLOC] zone alloc: dev=0 zone=4 size=0.1 MB ptr=0xffffd55e67c2c200
[UNIFIED-ALLOC] zone alloc: dev=0 zone=4 size=0.1 MB ptr=0xffffd55e67c44200
[MOE-AOS-REQUEST] tensor=blk.0.ffn_up_exps.weight expert=0 current=0 planned=0 requested=aos reason=device-plan
[DEBUG-MULMAT] ENTER: src0=blk.0.ffn_up_exps.weight src1=ffn_norm-0 (reshaped) dst=node_53
[SYCL][OP] call ggml_sycl_mul_mat: dst='node_53':type=f32;ne=[384, 48, 1, 1];nb=[4, 1536, 73728, 73728]	src0='blk.0.ffn_up_exps.weight':type=f32;ne=[256, 384, 2, 1];nb=[4, 1024, 393216, 786432]	src1='ffn_norm-0 (reshaped)':type=f32;ne=[256, 1, 64, 1];nb=[4, 1024, 1024, 65536]
0.04.409.950 E [SYCL][PTR] dst tensor=node_53 data=0xffffd55e67c2c200 alloc=73728 base=0xffffd55e47d88000 size=524288 end=0xffffd55e47e08000
[XMXConfig] device=0: M=8 N=16 K_INT8=32 K_FP16=16 SLM=131072 nsm=256 supported=1 int8=1 fp16=1 double_buf=1 max_esimd_wg=64 nbarrier=0 esimd_dpas=1
[MUL_MAT] src0 device=0 ptr=0xffffd556b6705500 (tensor=blk.0.ffn_up_exps.weight layout=0)
[MUL_MAT] dst device=0 ptr=0xffffd55e67c2c200 (tensor=node_53)
[SYCL][OP] call ggml_sycl_mul_mat done
[MOE-AOS-REQUEST] tensor=blk.0.ffn_up_exps.weight expert=1 current=0 planned=0 requested=aos reason=device-plan
[DEBUG-MULMAT] ENTER: src0=blk.0.ffn_up_exps.weight src1=ffn_norm-0 (reshaped) dst=node_53
[SYCL][OP] call ggml_sycl_mul_mat: dst='node_53':type=f32;ne=[384, 16, 1, 1];nb=[4, 1536, 24576, 24576]	src0='blk.0.ffn_up_exps.weight':type=f32;ne=[256, 384, 2, 1];nb=[4, 1024, 393216, 786432]	src1='ffn_norm-0 (reshaped)':type=f32;ne=[256, 1, 64, 1];nb=[4, 1024, 1024, 65536]
0.04.410.034 E [SYCL][PTR] dst tensor=node_53 data=0xffffd55e67c3e200 alloc=24576 base=0xffffd55e47d88000 size=524288 end=0xffffd55e47e08000
[XMXConfig] device=0: M=8 N=16 K_INT8=32 K_FP16=16 SLM=131072 nsm=256 supported=1 int8=1 fp16=1 double_buf=1 max_esimd_wg=64 nbarrier=0 esimd_dpas=1
[MUL_MAT] src0 device=0 ptr=0xffffd556b6765500 (tensor=blk.0.ffn_up_exps.weight layout=0)
[MUL_MAT] dst device=0 ptr=0xffffd55e67c3e200 (tensor=node_53)
[SYCL][OP] call ggml_sycl_mul_mat done
[SYCL][OP] call ggml_sycl_mul_mat_id done
[DEBUG-IMPL] Node 54/140: op=36 name=blk.0.ffn_up_exps.scale (reshaped)
[DEBUG-IMPL] Node 55/140: op=20 name=node_55
[SYCL] weight cache lookup: tensor=0x34cd0d80 name=blk.0.ffn_up_exps.scale (reshaped) device=0
ggml_sycl_get_data_ptr_slow: tensor=blk.0.ffn_up_exps.scale (reshaped) view_src chain -> base=blk.0.ffn_up_exps.scale, base->extra=0x2d9cdcd0, base->data=0x77ce009b1900, tensor->data=0x77ce009b1900
ggml_sycl_get_data_ptr_slow: base=blk.0.ffn_up_exps.scale data=0x77ce009b1900 ptr_type=3
[SYCL] weight cache lookup: tensor=0x34cd0d80 name=blk.0.ffn_up_exps.scale (reshaped) device=0
ggml_sycl_get_data_ptr_slow: tensor=blk.0.ffn_up_exps.scale (reshaped), device=0, staging FAILED for non-device (type=0), using tensor->data=0x77ce009b1900
ggml_sycl_get_data_ptr_slow: tensor=blk.0.ffn_up_exps.scale (reshaped), device=0, using tensor->data=0x77ce009b1900
[RESOLVE] data_handle empty for weight tensor 'blk.0.ffn_up_exps.scale' device 0, falling through to cache lookup
[SYCL] weight cache lookup: tensor=0x2e1bfd40 name=blk.0.ffn_up_exps.scale device=0
[SYCL] weight cache lookup: tensor=0x2e1bfd40 name=blk.0.ffn_up_exps.scale device=0
ggml_sycl_get_data_ptr_slow: tensor=blk.0.ffn_up_exps.scale, device=0, staging FAILED for non-device (type=0), using tensor->data=0x77ce009b1900
ggml_sycl_get_data_ptr_slow: tensor=blk.0.ffn_up_exps.scale, device=0, using tensor->data=0x77ce009b1900
[SYCL] simple consumer routing declined: op=REPEAT dst=node_55 plan unavailable ctx=0
[SYCL][OP] call ggml_sycl_repeat: dst='node_55':type=f32;ne=[1, 2, 64, 1];nb=[4, 4, 8, 512]	src0='blk.0.ffn_up_exps.scale (reshaped)':type=f32;ne=[1, 2, 1, 1];nb=[4, 4, 8, 8]
[SYCL] weight cache lookup: tensor=0x34cd0d80 name=blk.0.ffn_up_exps.scale (reshaped) device=0
[SYCL] weight cache lookup: tensor=0x34cd0d80 name=blk.0.ffn_up_exps.scale (reshaped) device=0
[SYCL-BINBCAST] staging raw host tensor=blk.0.ffn_up_exps.scale (reshaped) bytes=8 device=0 src=0x77ce009b1900 dst=0xffffe38f1ae00000
0.04.410.163 E [UNIFIED-CACHE] planned-mode runtime materialization rejected op=direct_stage_weight caller=direct_stage_weight model=0 name_hash=0xe55e3ca93cf2a5d1 aux=275 type=0 ne=[1,2,1,1] layout=0 graph_active=1
[BINBCAST-PTR] src0=node_55 src0_host=0xffffd55e47d88000 src0_d=0xffffd55e47d88000
[BINBCAST-PTR] src1=blk.0.ffn_up_exps.scale (reshaped) src1_host=0x77ce009b1900 src1_d=0xffffe38f1ae00000
[SYCL][OP] call ggml_sycl_repeat done
[DEBUG-IMPL] Node 56/140: op=40 name=node_56
[SYCL][OP] call ggml_sycl_get_rows: dst='node_56':type=f32;ne=[1, 1, 64, 1];nb=[4, 4, 4, 256]	src0='node_55':type=f32;ne=[1, 2, 64, 1];nb=[4, 4, 8, 512]	src1='ffn_moe_topk-0':type=i32;ne=[1, 64, 1, 1];nb=[4, 8, 512, 512];strided
[SYCL] weight cache lookup: tensor=0x34cd0f10 name=node_55 device=0
0.04.410.223 E [SYCL][PTR] src1 tensor=ffn_moe_topk-0 data=0x77cfb0233400 alloc=508 base=0xffffd55e47d88000 size=524288 end=0xffffd55e47e08000
[SYCL][OP] call ggml_sycl_get_rows done
[DEBUG-IMPL] Node 57/140: op=7 name=ffn_moe_up_scaled-0
[SYCL] simple consumer routing declined: op=MUL dst=ffn_moe_up_scaled-0 local single-device plan ctx=0 target=0
[SYCL][OP] call ggml_sycl_mul: dst='ffn_moe_up_scaled-0':type=f32;ne=[384, 1, 64, 1];nb=[4, 1536, 1536, 98304]	src0='node_53':type=f32;ne=[384, 1, 64, 1];nb=[4, 1536, 1536, 98304]	src1='node_56':type=f32;ne=[1, 1, 64, 1];nb=[4, 4, 4, 256]
[BINBCAST-PTR] src0=node_53 src0_host=0xffffd55e47dd8000 src0_d=0xffffd55e47dd8000
[BINBCAST-PTR] src1=node_56 src1_host=0xffffd55e47d88200 src1_d=0xffffd55e47d88200
[SYCL][OP] call ggml_sycl_mul done
[DEBUG-IMPL] Node 58/140: op=97 name=ffn_moe_swiglu-0
[SYCL] simple consumer routing declined: op=GLU dst=ffn_moe_swiglu-0 local single-device plan ctx=0 target=0
[SYCL][OP] call ggml_sycl_swiglu: dst='ffn_moe_swiglu-0':type=f32;ne=[384, 1, 64, 1];nb=[4, 1536, 1536, 98304]	src0='ffn_moe_gate_scaled-0':type=f32;ne=[384, 1, 64, 1];nb=[4, 1536, 1536, 98304]
[SYCL][OP] call ggml_sycl_swiglu done
[DEBUG-IMPL] Node 59/140: op=30 name=node_59
[RESOLVE] data_handle empty for weight tensor 'blk.0.ffn_down_exps.weight' device 0, falling through to cache lookup
[SYCL] weight cache lookup: tensor=0x2e1bdae0 name=blk.0.ffn_down_exps.weight device=0
[RESOLVE] refusing composite MoE expert tensor materialization for placement-planned 'blk.0.ffn_down_exps.weight' device 0
[SYCL][OP] call ggml_sycl_mul_mat_id: dst='node_59':type=f32;ne=[256, 1, 64, 1];nb=[4, 1024, 1024, 65536]	src0='blk.0.ffn_down_exps.weight':type=f32;ne=[384, 256, 2, 1];nb=[4, 1536, 393216, 786432]	src1='ffn_moe_swiglu-0':type=f32;ne=[384, 1, 64, 1];nb=[4, 1536, 1536, 98304]	src2='ffn_moe_topk-0':type=i32;ne=[1, 64, 1, 1];nb=[4, 8, 512, 512];strided
0.04.410.311 E [SYCL][PTR] src2 tensor=ffn_moe_topk-0 data=0x77cfb0233400 alloc=508 base=0xffffd55e47d88000 size=524288 end=0xffffd55e47e08000
[XMX-DEBUG] try_xmx_sorted_moe called: src0->type=0
[XMX-DEBUG] XMX MoE: forced=0 fused_enabled=0 tiled_enabled=1
[XMX-DEBUG] XMX caps: supported=1 int8=1
[XMX MoE] Only Q8_0/MXFP4 supported, got type 0
[XMX-MOE-REJECT] tensor=blk.0.ffn_down_exps.weight type=f32 device=0 reason=type src0=[384,256,2,1] src1=[384,1,64,1] ids=[1,64,1,1]
[MoE FUSED] Batch 64 > 32, using oneDNN batching
[MoE] About to try COALESCED layout
[RESOLVE] data_handle empty for weight tensor 'blk.0.ffn_down_exps.weight' device 0, falling through to cache lookup
[SYCL] weight cache lookup: tensor=0x2e1bdae0 name=blk.0.ffn_down_exps.weight device=0
[RESOLVE] refusing composite MoE expert tensor materialization for placement-planned 'blk.0.ffn_down_exps.weight' device 0
[MoE] Trying MMVQ with layout=2 for blk.0.ffn_down_exps.weight
[MMVQ-ENTRY] src0=blk.0.ffn_down_exps.weight type=0 forced_layout=2
[MMVQ] Batch 64 > threshold 32, routing to batched GEMM path
[MoE] MMVQ layout=2 returned false
[MoE] About to try SOA layout
[RESOLVE] data_handle empty for weight tensor 'blk.0.ffn_down_exps.weight' device 0, falling through to cache lookup
[SYCL] weight cache lookup: tensor=0x2e1bdae0 name=blk.0.ffn_down_exps.weight device=0
[RESOLVE] refusing composite MoE expert tensor materialization for placement-planned 'blk.0.ffn_down_exps.weight' device 0
[MoE] Trying MMVQ with layout=1 for blk.0.ffn_down_exps.weight
[MMVQ-ENTRY] src0=blk.0.ffn_down_exps.weight type=0 forced_layout=1
[MMVQ] Batch 64 > threshold 32, routing to batched GEMM path
[MoE] MMVQ layout=1 returned false
[MoE] About to try AOS layout
[RESOLVE] data_handle empty for weight tensor 'blk.0.ffn_down_exps.weight' device 0, falling through to cache lookup
[SYCL] weight cache lookup: tensor=0x2e1bdae0 name=blk.0.ffn_down_exps.weight device=0
[RESOLVE] refusing composite MoE expert tensor materialization for placement-planned 'blk.0.ffn_down_exps.weight' device 0
[MoE] Trying MMVQ with layout=0 for blk.0.ffn_down_exps.weight
[MMVQ-ENTRY] src0=blk.0.ffn_down_exps.weight type=0 forced_layout=0
[MMVQ] Batch 64 > threshold 32, routing to batched GEMM path
[MoE] MMVQ layout=0 returned false
[MoE] All MMVQ layouts failed, falling back to host routing
[MoE] GPU probe paths did not select type 0; resolving planner-owned MoE route
[MoE-1E] Reusing cached IDs for layer 0 (blk.0.ffn_down_exps.weight), 64 elements
[MoE] Using expert cache for blk.0.ffn_down_exps.weight (layer=1637998062, host_buf=0, ptr_type=3)
[MOE-DISPATCH-LAYOUT] tensor=blk.0.ffn_down_exps.weight device=0 route_layout=aos src0_layout=aos use_expert_cache=1 placement_planned=1 host_weights=0 plan=1 plan_host=0 has_override=0 ne12=64
[MOE-STAGE] tensor=blk.0.ffn_down_exps.weight stage=after-dispatch-layout device=0 ne12=64
[MOE-STAGE] tensor=blk.0.ffn_down_exps.weight stage=after-pointer-table device=0 planned_pp=1
[MOE-STAGE] tensor=blk.0.ffn_down_exps.weight stage=after-route-diagnostics device=0 planned_pp=1
[MOE-STAGE] tensor=blk.0.ffn_down_exps.weight stage=before-route-mode device=0 ne12=64 use_cache=1 plan=1 hybrid=1
[MOE-IDS] Staging ids to device (buffer_on_host=0, ptr_usm_type=3)
[MOE-STAGE] tensor=blk.0.ffn_down_exps.weight stage=pp-rowmap-alloc-begin device=0 rows=64
[UNIFIED-ALLOC] zone alloc: dev=0 zone=4 size=0.0 MB ptr=0xffffd55e67c2c000
[MOE-STAGE] tensor=blk.0.ffn_down_exps.weight stage=pp-rowmap-copy-begin device=0 rows=64 dst_handle=0
[MOE-STAGE] tensor=blk.0.ffn_down_exps.weight stage=pp-rowmap-copy-submitted device=0 rows=64
[UNIFIED-ALLOC] zone alloc: dev=0 zone=4 size=0.1 MB ptr=0xffffd55e67c2c200
[UNIFIED-ALLOC] zone alloc: dev=0 zone=4 size=0.1 MB ptr=0xffffd55e67c3c200
[MOE-AOS-REQUEST] tensor=blk.0.ffn_down_exps.weight expert=0 current=0 planned=0 requested=aos reason=device-plan
[DEBUG-MULMAT] ENTER: src0=blk.0.ffn_down_exps.weight src1=ffn_moe_swiglu-0 dst=node_59
[SYCL][OP] call ggml_sycl_mul_mat: dst='node_59':type=f32;ne=[256, 48, 1, 1];nb=[4, 1024, 49152, 49152]	src0='blk.0.ffn_down_exps.weight':type=f32;ne=[384, 256, 2, 1];nb=[4, 1536, 393216, 786432]0.04.410.463 E [SYCL][PTR] dst tensor=node_59 data=0xffffd55e67c2c200 alloc=49152 base=0xffffd55e47d88000 size=524288 end=0xffffd55e47e08000
	src1='ffn_moe_swiglu-0':type=f32;ne=[384, 1, 64, 1];nb=[4, 1536, 1536, 98304]
[XMXConfig] device=0: M=8 N=16 K_INT8=32 K_FP16=16 SLM=131072 nsm=256 supported=1 int8=1 fp16=1 double_buf=1 max_esimd_wg=64 nbarrier=0 esimd_dpas=1
[MUL_MAT] src0 device=0 ptr=0xffffd556b67c5500 (tensor=blk.0.ffn_down_exps.weight layout=0)
[MUL_MAT] dst device=0 ptr=0xffffd55e67c2c200 (tensor=node_59)
[SYCL][OP] call ggml_sycl_mul_mat done
[MOE-AOS-REQUEST] tensor=blk.0.ffn_down_exps.weight expert=1 current=0 planned=0 requested=aos reason=device-plan
[DEBUG-MULMAT] ENTER: src0=blk.0.ffn_down_exps.weight src1=ffn_moe_swiglu-0 dst=node_59
[SYCL][OP] call ggml_sycl_mul_mat: dst='node_59':type=f32;ne=[256, 16, 1, 1];nb=[4, 1024, 16384, 16384]	src0='blk.0.ffn_down_exps.weight':type=f32;ne=[384, 256, 2, 1];nb=[4, 1536, 393216, 786432]	src1='ffn_moe_swiglu-0':type=f32;ne=[384, 1, 64, 1];nb=[4, 1536, 1536, 98304]
0.04.410.597 E [SYCL][PTR] dst tensor=node_59 data=0xffffd55e67c38200 alloc=16384 base=0xffffd55e47d88000 size=524288 end=0xffffd55e47e08000
[XMXConfig] device=0: M=8 N=16 K_INT8=32 K_FP16=16 SLM=131072 nsm=256 supported=1 int8=1 fp16=1 double_buf=1 max_esimd_wg=64 nbarrier=0 esimd_dpas=1
[MUL_MAT] src0 device=0 ptr=0xffffd556b6825500 (tensor=blk.0.ffn_down_exps.weight layout=0)
[MUL_MAT] dst device=0 ptr=0xffffd55e67c38200 (tensor=node_59)
[SYCL][OP] call ggml_sycl_mul_mat done
[SYCL][OP] call ggml_sycl_mul_mat_id done
[DEBUG-IMPL] Node 60/140: op=36 name=blk.0.ffn_down_exps.scale (reshaped)
[DEBUG-IMPL] Node 61/140: op=20 name=node_61
[SYCL] weight cache lookup: tensor=0x34cd1eb0 name=blk.0.ffn_down_exps.scale (reshaped) device=0
ggml_sycl_get_data_ptr_slow: tensor=blk.0.ffn_down_exps.scale (reshaped) view_src chain -> base=blk.0.ffn_down_exps.scale, base->extra=0x2d992550, base->data=0x77ce009b18e0, tensor->data=0x77ce009b18e0
ggml_sycl_get_data_ptr_slow: base=blk.0.ffn_down_exps.scale data=0x77ce009b18e0 ptr_type=3
[SYCL] weight cache lookup: tensor=0x34cd1eb0 name=blk.0.ffn_down_exps.scale (reshaped) device=0
ggml_sycl_get_data_ptr_slow: tensor=blk.0.ffn_down_exps.scale (reshaped), device=0, staging FAILED for non-device (type=0), using tensor->data=0x77ce009b18e0
ggml_sycl_get_data_ptr_slow: tensor=blk.0.ffn_down_exps.scale (reshaped), device=0, using tensor->data=0x77ce009b18e0
[RESOLVE] data_handle empty for weight tensor 'blk.0.ffn_down_exps.scale' device 0, falling through to cache lookup
[SYCL] weight cache lookup: tensor=0x2e1bfbb0 name=blk.0.ffn_down_exps.scale device=0
[SYCL] weight cache lookup: tensor=0x2e1bfbb0 name=blk.0.ffn_down_exps.scale device=0
ggml_sycl_get_data_ptr_slow: tensor=blk.0.ffn_down_exps.scale, device=0, staging FAILED for non-device (type=0), using tensor->data=0x77ce009b18e0
ggml_sycl_get_data_ptr_slow: tensor=blk.0.ffn_down_exps.scale, device=0, using tensor->data=0x77ce009b18e0
[SYCL] simple consumer routing declined: op=REPEAT dst=node_61 plan unavailable ctx=0
[SYCL][OP] call ggml_sycl_repeat: dst='node_61':type=f32;ne=[1, 2, 64, 1];nb=[4, 4, 8, 512]	src0='blk.0.ffn_down_exps.scale (reshaped)':type=f32;ne=[1, 2, 1, 1];nb=[4, 4, 8, 8]
[SYCL] weight cache lookup: tensor=0x34cd1eb0 name=blk.0.ffn_down_exps.scale (reshaped) device=0
[SYCL] weight cache lookup: tensor=0x34cd1eb0 name=blk.0.ffn_down_exps.scale (reshaped) device=0
0.04.410.748 E [UNIFIED-CACHE] planned-mode runtime materialization rejected op=direct_stage_weight caller=direct_stage_weight model=0 name_hash=0x2c2c03c5845a4428 aux=280 type=0 ne=[1,2,1,1] layout=0 graph_active=1
[SYCL-BINBCAST] staging raw host tensor=blk.0.ffn_down_exps.scale (reshaped) bytes=8 device=0 src=0x77ce009b18e0 dst=0xffffe38f1ae00000
[BINBCAST-PTR] src0=node_61 src0_host=0xffffd55e47d98400 src0_d=0xffffd55e47d98400
[BINBCAST-PTR] src1=blk.0.ffn_down_exps.scale (reshaped) src1_host=0x77ce009b18e0 src1_d=0xffffe38f1ae00000
[SYCL][OP] call ggml_sycl_repeat done
[DEBUG-IMPL] Node 62/140: op=40 name=node_62
[SYCL][OP] call ggml_sycl_get_rows: dst='node_62':type=f32;ne=[1, 1, 64, 1];nb=[4, 4, 4, 256]	src0='node_61':type=f32;ne=[1, 2, 64, 1];nb=[4, 4, 8, 512]	src1='ffn_moe_topk-0':type=i32;ne=[1, 64, 1, 1];nb=[4, 8, 512, 512];strided
[SYCL] weight cache lookup: tensor=0x34cd2040 name=node_61 device=0
0.04.410.814 E [SYCL][PTR] src1 tensor=ffn_moe_topk-0 data=0x77cfb0233400 alloc=508 base=0xffffd55e47d88000 size=524288 end=0xffffd55e47e08000
[SYCL][OP] call ggml_sycl_get_rows done
[DEBUG-IMPL] Node 63/140: op=7 name=ffn_moe_down_scaled-0
[SYCL] simple consumer routing declined: op=MUL dst=ffn_moe_down_scaled-0 local single-device plan ctx=0 target=0
[SYCL][OP] call ggml_sycl_mul: dst='ffn_moe_down_scaled-0':type=f32;ne=[256, 1, 64, 1];nb=[4, 1024, 1024, 65536]	src0='node_59':type=f32;ne=[256, 1, 64, 1];nb=[4, 1024, 1024, 65536]	src1='node_62':type=f32;ne=[1, 1, 64, 1];nb=[4, 4, 4, 256]
[BINBCAST-PTR] src0=node_59 src0_host=0xffffd55e47d88000 src0_d=0xffffd55e47d88000
[BINBCAST-PTR] src1=node_62 src1_host=0xffffd55e47d98000 src1_d=0xffffd55e47d98000
[SYCL][OP] call ggml_sycl_mul done
[DEBUG-IMPL] Node 64/140: op=7 name=ffn_moe_weighted-0
[SYCL] simple consumer routing declined: op=MUL dst=ffn_moe_weighted-0 local single-device plan ctx=0 target=0
[SYCL][OP] call ggml_sycl_mul: dst='ffn_moe_weighted-0':type=f32;ne=[256, 1, 64, 1];nb=[4, 1024, 1024, 65536]	src0='ffn_moe_down_scaled-0':type=f32;ne=[256, 1, 64, 1];nb=[4, 1024, 1024, 65536]	src1='ffn_moe_weights_norm-0 (reshaped)':type=f32;ne=[1, 1, 64, 1];nb=[4, 4, 4, 256]
[BINBCAST-PTR] src0=ffn_moe_down_scaled-0 src0_host=0xffffd55e47d88000 src0_d=0xffffd55e47d88000
[BINBCAST-PTR] src1=ffn_moe_weights_norm-0 (reshaped) src1_host=0xffffd55e47d98100 src1_d=0xffffd55e47d98100
[SYCL][OP] call ggml_sycl_mul done
[DEBUG-IMPL] Node 65/140: op=37 name=ffn_moe_weighted-0 (view)
[DEBUG-IMPL] Node 66/140: op=35 name=ffn_moe_out-0
[SYCL] simple consumer routing declined: op=CONT dst=ffn_moe_out-0 local single-device plan ctx=0 target=0
[SYCL][OP] call ggml_sycl_dup: dst='ffn_moe_out-0':type=f32;ne=[256, 64, 1, 1];nb=[4, 1024, 65536, 65536]	src0='ffn_moe_weighted-0 (view)':type=f32;ne=[256, 64, 1, 1];nb=[4, 1024, 65536, 65536]
[SYCL][OP] call ggml_sycl_cpy: dst='ffn_moe_out-0':type=f32;ne=[256, 64, 1, 1];nb=[4, 1024, 65536, 65536]	src0='ffn_moe_weighted-0 (view)':type=f32;ne=[256, 64, 1, 1];nb=[4, 1024, 65536, 65536]
[CPY] device=0 main_stream=0x2b690ec0 tp_queue=(nil) (match=0)
[CPY DEBUG] device=0 src0=ffn_moe_weighted-0 (view)(0xffffd55e47d88000, usm=1) -> src1=ffn_moe_out-0(0xffffd55e47d98000, usm=1) size=65536
[CPY STAGING CHECK] device=0 needs_staging=0 src0_type=1 dst_is_device=1
[CPY device=0] memcpy path: 0xffffd55e47d88000 -> 0xffffd55e47d98000 (65536 bytes)
[CPY device=0] memcpy submitted
[SYCL][OP] call ggml_sycl_cpy done
[SYCL][OP] call ggml_sycl_dup done
[DEBUG-IMPL] Node 67/140: op=2 name=l_out-0
[DEBUG-IMPL] Node 69/140: op=7 name=attn_norm-1
[SYCL] simple consumer routing declined: op=MUL dst=attn_norm-1 local single-device plan ctx=0 target=0
[SYCL][OP] call ggml_sycl_mul: dst='attn_norm-1':type=f32;ne=[256, 64, 1, 1];nb=[4, 1024, 65536, 65536]	src0='norm-1':type=f32;ne=[256, 64, 1, 1];nb=[4, 1024, 65536, 65536]	src1='blk.1.attn_norm.weight':type=f32;ne=[256, 1, 1, 1];nb=[4, 1024, 1024, 1024]
[BINBCAST-PTR] src0=norm-1 src0_host=0xffffd55e47d88000 src0_d=0xffffd55e47d88000
[BINBCAST-PTR] src1=blk.1.attn_norm.weight src1_host=0x77ce0066f840 src1_d=0xffffd556b6ae6100
[SYCL][OP] call ggml_sycl_mul done
[DEBUG-IMPL] Node 70/140: op=29 name=node_70
[SYCL] simple consumer routing declined: op=MUL_MAT dst=node_70 plan unavailable ctx=0
[DEBUG-MULMAT] ENTER: src0=blk.1.attn_q.weight src1=attn_norm-1 dst=node_70
[SYCL][OP] call ggml_sycl_mul_mat: dst='node_70':type=f32;ne=[256, 64, 1, 1];nb=[4, 1024, 65536, 65536]	src0='blk.1.attn_q.weight':type=f32;ne=[256, 256, 1, 1];nb=[4, 1024, 262144, 262144]	src1='attn_norm-1':type=f32;ne=[256, 64, 1, 1];nb=[4, 1024, 65536, 65536]
[XMXConfig] device=0: M=8 N=16 K_INT8=32 K_FP16=16 SLM=131072 nsm=256 supported=1 int8=1 fp16=1 double_buf=1 max_esimd_wg=64 nbarrier=0 esimd_dpas=1
[MUL_MAT] src0 device=0 ptr=0xffffd556b6c08100 (tensor=blk.1.attn_q.weight layout=0)
[MUL_MAT] dst device=0 ptr=0xffffd55e47da8000 (tensor=node_70)
[SYCL] weight cache lookup: tensor=0x2e1bdf90 name=blk.1.attn_q.weight device=0
[SYCL][OP] call ggml_sycl_mul_mat done
[DEBUG-IMPL] Node 71/140: op=7 name=Qcur-1
[DEBUG-IMPL] Node 73/140: op=36 name=Qcur-1
[DEBUG-IMPL] Node 74/140: op=49 name=Qcur-1
[SYCL] simple consumer routing declined: op=ROPE dst=Qcur-1 local single-device plan ctx=0 target=0
[SYCL][OP] call ggml_sycl_rope: dst='Qcur-1':type=f32;ne=[128, 2, 64, 1];nb=[4, 512, 1024, 65536]	src0='Qcur-1':type=f32;ne=[128, 2, 64, 1];nb=[4, 512, 1024, 65536]	src1='leaf_7':type=i32;ne=[64, 1, 1, 1];nb=[4, 256, 256, 256]	src2='rope_freqs.weight':type=f32;ne=[64, 1, 1, 1];nb=[4, 256, 256, 256]
ggml_sycl_op_rope: norm path
[SYCL][OP] call ggml_sycl_rope done
[DEBUG-IMPL] Node 75/140: op=29 name=node_75
[SYCL] simple consumer routing declined: op=MUL_MAT dst=node_75 plan unavailable ctx=0
[DEBUG-MULMAT] ENTER: src0=blk.1.attn_v.weight src1=attn_norm-1 dst=node_75
[SYCL][OP] call ggml_sycl_mul_mat: dst='node_75':type=f32;ne=[256, 64, 1, 1];nb=[4, 1024, 65536, 65536]	src0='blk.1.attn_v.weight':type=f32;ne=[256, 256, 1, 1];nb=[4, 1024, 262144, 262144]	src1='attn_norm-1':type=f32;ne=[256, 64, 1, 1];nb=[4, 1024, 65536, 65536]
[XMXConfig] device=0: M=8 N=16 K_INT8=32 K_FP16=16 SLM=131072 nsm=256 supported=1 int8=1 fp16=1 double_buf=1 max_esimd_wg=64 nbarrier=0 esimd_dpas=1
[MUL_MAT] src0 device=0 ptr=0xffffd556b6c88100 (tensor=blk.1.attn_v.weight layout=0)
[MUL_MAT] dst device=0 ptr=0xffffd55e47da8000 (tensor=node_75)
[SYCL] weight cache lookup: tensor=0x2e1be2b0 name=blk.1.attn_v.weight device=0
[SYCL][OP] call ggml_sycl_mul_mat done
[DEBUG-IMPL] Node 76/140: op=7 name=Vcur-1
[DEBUG-IMPL] Node 78/140: op=36 name=Vcur-1
[DEBUG-IMPL] Node 79/140: op=29 name=node_79
[SYCL] simple consumer routing declined: op=MUL_MAT dst=node_79 plan unavailable ctx=0
[DEBUG-MULMAT] ENTER: src0=blk.1.attn_k.weight src1=attn_norm-1 dst=node_79
[SYCL][OP] call ggml_sycl_mul_mat: dst='node_79':type=f32;ne=[256, 64, 1, 1];nb=[4, 1024, 65536, 65536]	src0='blk.1.attn_k.weight':type=f32;ne=[256, 256, 1, 1];nb=[4, 1024, 262144, 262144]	src1='attn_norm-1':type=f32;ne=[256, 64, 1, 1];nb=[4, 1024, 65536, 65536]
[XMXConfig] device=0: M=8 N=16 K_INT8=32 K_FP16=16 SLM=131072 nsm=256 supported=1 int8=1 fp16=1 double_buf=1 max_esimd_wg=64 nbarrier=0 esimd_dpas=1
[MUL_MAT] src0 device=0 ptr=0xffffd556b6c48100 (tensor=blk.1.attn_k.weight layout=0)
[MUL_MAT] dst device=0 ptr=0xffffd55e47dc8000 (tensor=node_79)
[SYCL] weight cache lookup: tensor=0x2e1be120 name=blk.1.attn_k.weight device=0
[SYCL][OP] call ggml_sycl_mul_mat done
[DEBUG-IMPL] Node 80/140: op=7 name=Kcur-1
[DEBUG-IMPL] Node 82/140: op=36 name=Kcur-1
[DEBUG-IMPL] Node 83/140: op=49 name=Kcur-1
[SYCL] simple consumer routing declined: op=ROPE dst=Kcur-1 local single-device plan ctx=0 target=0
[SYCL][OP] call ggml_sycl_rope: dst='Kcur-1':type=f32;ne=[128, 2, 64, 1];nb=[4, 512, 1024, 65536]	src0='Kcur-1':type=f32;ne=[128, 2, 64, 1];nb=[4, 512, 1024, 65536]	src1='leaf_7':type=i32;ne=[64, 1, 1, 1];nb=[4, 256, 256, 256]	src2='rope_freqs.weight':type=f32;ne=[64, 1, 1, 1];nb=[4, 256, 256, 256]
ggml_sycl_op_rope: norm path
[SYCL][OP] call ggml_sycl_rope done
[DEBUG-IMPL] Node 84/140: op=37 name=Kcur-1 (view)
[DEBUG-IMPL] Node 85/140: op=42 name=cache_k_l1 (view)
[SYCL] simple consumer routing declined: op=SET_ROWS dst=cache_k_l1 (view) plan unavailable ctx=0
[SYCL][OP] call ggml_sycl_op_set_rows: dst='cache_k_l1 (view)':type=f16;ne=[256, 256, 1, 1];nb=[2, 512, 131072, 131072]	src0='Kcur-1 (view)':type=f32;ne=[256, 64, 1, 1];nb=[4, 1024, 65536, 65536]	src1='leaf_15':type=i64;ne=[64, 1, 1, 1];nb=[8, 512, 512, 512]
[SYCL][OP] call ggml_sycl_op_set_rows done
[DEBUG-IMPL] Node 86/140: op=37 name=Vcur-1 (view)
[DEBUG-IMPL] Node 87/140: op=42 name=cache_v_l1 (view)
[SYCL] simple consumer routing declined: op=SET_ROWS dst=cache_v_l1 (view) plan unavailable ctx=0
[SYCL][OP] call ggml_sycl_op_set_rows: dst='cache_v_l1 (view)':type=f16;ne=[256, 256, 1, 1];nb=[2, 512, 131072, 131072]	src0='Vcur-1 (view)':type=f32;ne=[256, 64, 1, 1];nb=[4, 1024, 65536, 65536]	src1='leaf_17':type=i64;ne=[64, 1, 1, 1];nb=[8, 512, 512, 512]
[SYCL][OP] call ggml_sycl_op_set_rows done
[DEBUG-IMPL] Node 88/140: op=37 name=Qcur-1 (view)
[DEBUG-IMPL] Node 89/140: op=38 name=Qcur-1 (view) (permuted)
[DEBUG-IMPL] Node 90/140: op=34 name=Qcur-1 (view) (permuted) (copy)
[SYCL] simple consumer routing declined: op=CPY dst=Qcur-1 (view) (permuted) (copy) local single-device plan ctx=0 target=0
[SYCL][OP] call ggml_sycl_cpy: dst='Qcur-1 (view) (permuted) (copy)':type=f16;ne=[128, 64, 2, 1];nb=[2, 256, 16384, 32768]	src0='Qcur-1 (view) (permuted)':type=f32;ne=[128, 64, 2, 1];nb=[4, 1024, 512, 65536];strided;permuted
[CPY] device=0 main_stream=0x2b690ec0 tp_queue=(nil) (match=0)
[CPY DEBUG] device=0 src0=Qcur-1 (view) (permuted)(0xffffd55e47db8000, usm=1) -> src1=Qcur-1 (view) (permuted) (copy)(0xffffd55e47da8000, usm=1) size=65536
[CPY STAGING CHECK] device=0 needs_staging=0 src0_type=1 dst_is_device=1
[SYCL][OP] call ggml_sycl_cpy done
[DEBUG-IMPL] Node 91/140: op=37 name=cache_k_l1 (view)
[DEBUG-IMPL] Node 92/140: op=38 name=cache_k_l1 (view) (permuted)
[DEBUG-IMPL] Node 93/140: op=37 name=cache_v_l1 (view)
[DEBUG-IMPL] Node 94/140: op=38 name=cache_v_l1 (view) (permuted)
[DEBUG-IMPL] Node 95/140: op=75 name=node_95
[SYCL] simple consumer routing declined: op=FLASH_ATTN_EXT dst=node_95 plan unavailable ctx=0
ggml_sycl_get_data_ptr_slow: tensor=Qcur-1 (view) (permuted) (copy), device=1, rejecting tensor->data=0xffffd55e47da8000 owned by device 0
ggml_sycl_get_data_ptr_slow: tensor=node_95, device=1, rejecting tensor->data=0xffffd55e47d88000 owned by device 0
[DEBUG-IMPL] Node 96/140: op=36 name=kqv_out-1
[DEBUG-IMPL] Node 97/140: op=29 name=node_97
[SYCL] simple consumer routing declined: op=MUL_MAT dst=node_97 plan unavailable ctx=0
[DEBUG-MULMAT] ENTER: src0=blk.1.attn_output.weight src1=kqv_out-1 dst=node_97
[SYCL][OP] call ggml_sycl_mul_mat: dst='node_97':type=f32;ne=[256, 64, 1, 1];nb=[4, 1024, 65536, 65536]	src0='blk.1.attn_output.weight':type=f32;ne=[256, 256, 1, 1];nb=[4, 1024, 262144, 262144]	src1='kqv_out-1':type=f32;ne=[256, 64, 1, 1];nb=[4, 1024, 65536, 65536]
[XMXConfig] device=0: M=8 N=16 K_INT8=32 K_FP16=16 SLM=131072 nsm=256 supported=1 int8=1 fp16=1 double_buf=1 max_esimd_wg=64 nbarrier=0 esimd_dpas=1
[MUL_MAT] src0 device=0 ptr=0xffffd556b6cc8100 (tensor=blk.1.attn_output.weight layout=0)
[MUL_MAT] dst device=0 ptr=0xffffd55e47da8000 (tensor=node_97)
[SYCL] weight cache lookup: tensor=0x2e1be8f0 name=blk.1.attn_output.weight device=0
[SYCL][OP] call ggml_sycl_mul_mat done
[DEBUG-IMPL] Node 98/140: op=7 name=node_98
[DEBUG-IMPL] Node 100/140: op=40 name=node_100
ggml_sycl_get_data_ptr_slow: tensor=leaf_47, device=0, staging FAILED for non-device (type=0), using tensor->data=0x77ce009ca440
ggml_sycl_get_data_ptr_slow: tensor=leaf_47, device=0, using tensor->data=0x77ce009ca440
[SYCL][OP] call ggml_sycl_get_rows: dst='node_100':type=f32;ne=[256, 64, 1, 1];nb=[4, 1024, 65536, 65536]	src0='attn_out-1':type=f32;ne=[256, 64, 1, 1];nb=[4, 1024, 65536, 65536]	src1='leaf_47':type=i32;ne=[64, 1, 1, 1];nb=[4, 256, 256, 256]
[SYCL] weight cache lookup: tensor=0x34cd5ba0 name=attn_out-1 device=0
[SYCL][OP] call ggml_sycl_get_rows done
[DEBUG-IMPL] Node 101/140: op=40 name=node_101
[SYCL][OP] call ggml_sycl_get_rows: dst='node_101':type=f32;ne=[256, 64, 1, 1];nb=[4, 1024, 65536, 65536]	src0='l_out-0':type=f32;ne=[256, 64, 1, 1];nb=[4, 1024, 65536, 65536]	src1='leaf_47':type=i32;ne=[64, 1, 1, 1];nb=[4, 256, 256, 256]
[SYCL] weight cache lookup: tensor=0x34cd29a0 name=l_out-0 device=0
[SYCL][OP] call ggml_sycl_get_rows done
[DEBUG-IMPL] Node 102/140: op=2 name=ffn_inp-1
[DEBUG-IMPL] Node 104/140: op=7 name=ffn_norm-1
[SYCL] simple consumer routing declined: op=MUL dst=ffn_norm-1 local single-device plan ctx=0 target=0
[SYCL][OP] call ggml_sycl_mul: dst='ffn_norm-1':type=f32;ne=[256, 64, 1, 1];nb=[4, 1024, 65536, 65536]	src0='norm-1':type=f32;ne=[256, 64, 1, 1];nb=[4, 1024, 65536, 65536]	src1='blk.1.ffn_norm.weight':type=f32;ne=[256, 1, 1, 1];nb=[4, 1024, 1024, 1024]
[BINBCAST-PTR] src0=norm-1 src0_host=0xffffd55e47d98000 src0_d=0xffffd55e47d98000
[BINBCAST-PTR] src1=blk.1.ffn_norm.weight src1_host=0x77ce00770c40 src1_d=0xffffd556b6ae6500
[SYCL][OP] call ggml_sycl_mul done
[DEBUG-IMPL] Node 105/140: op=29 name=ffn_moe_logits-1
[SYCL] simple consumer routing declined: op=MUL_MAT dst=ffn_moe_logits-1 plan unavailable ctx=0
[DEBUG-MULMAT] ENTER: src0=blk.1.ffn_gate_inp.weight src1=ffn_norm-1 dst=ffn_moe_logits-1
[SYCL][OP] call ggml_sycl_mul_mat: dst='ffn_moe_logits-1':type=f32;ne=[2, 64, 1, 1];nb=[4, 8, 512, 512]	src0='blk.1.ffn_gate_inp.weight':type=f32;ne=[256, 2, 1, 1];nb=[4, 1024, 2048, 2048]	src1='ffn_norm-1':type=f32;ne=[256, 64, 1, 1];nb=[4, 1024, 65536, 65536]
[XMXConfig] device=0: M=8 N=16 K_INT8=32 K_FP16=16 SLM=131072 nsm=256 supported=1 int8=1 fp16=1 double_buf=1 max_esimd_wg=64 nbarrier=0 esimd_dpas=1
[MUL_MAT] src0 device=0 ptr=0xffffd556b6d0a200 (tensor=blk.1.ffn_gate_inp.weight layout=0)
[MUL_MAT] dst device=0 ptr=0xffffd55e47da8000 (tensor=ffn_moe_logits-1)
[SYCL] weight cache lookup: tensor=0x2e1beda0 name=blk.1.ffn_gate_inp.weight device=0
[SYCL][OP] call ggml_sycl_mul_mat done
[DEBUG-IMPL] Node 106/140: op=47 name=ffn_moe_probs-1
[SYCL] simple consumer routing declined: op=SOFT_MAX dst=ffn_moe_probs-1 local single-device plan ctx=0 target=0
[SYCL][OP] call ggml_sycl_op_soft_max: dst='ffn_moe_probs-1':type=f32;ne=[2, 64, 1, 1];nb=[4, 8, 512, 512]	src0='ffn_moe_logits-1':type=f32;ne=[2, 64, 1, 1];nb=[4, 8, 512, 512]	src1=nullptr
[SYCL][OP] call ggml_sycl_op_soft_max done
[DEBUG-IMPL] Node 107/140: op=36 name=ffn_moe_probs-1 (reshaped)
[DEBUG-IMPL] Node 108/140: op=70 name=ffn_moe_argsort-1
[SYCL] simple consumer routing declined: op=ARGSORT dst=ffn_moe_argsort-1 local single-device plan ctx=0 target=0
[SYCL][OP] call ggml_sycl_argsort: dst='ffn_moe_argsort-1':type=i32;ne=[2, 64, 1, 1];nb=[4, 8, 512, 512]	src0='ffn_moe_probs-1':type=f32;ne=[2, 64, 1, 1];nb=[4, 8, 512, 512]
0.04.411.658 E [SYCL][PTR] dst tensor=ffn_moe_argsort-1 data=0x77cfb0233600 alloc=512 base=0xffffd55e47d88000 size=524288 end=0xffffd55e47e08000
[SYCL][OP] call ggml_sycl_argsort done
[DEBUG-IMPL] Node 109/140: op=37 name=ffn_moe_topk-1
[DEBUG-IMPL] Node 110/140: op=40 name=ffn_moe_weights-1
[SYCL][OP] call ggml_sycl_get_rows: dst='ffn_moe_weights-1':type=f32;ne=[1, 1, 64, 1];nb=[4, 4, 4, 256]	src0='ffn_moe_probs-1 (reshaped)':type=f32;ne=[1, 2, 64, 1];nb=[4, 4, 8, 512]	src1='ffn_moe_topk-1':type=i32;ne=[1, 64, 1, 1];nb=[4, 8, 512, 512];strided
[SYCL] weight cache lookup: tensor=0x34cd6b40 name=ffn_moe_probs-1 (reshaped) device=0
0.04.411.686 E [SYCL][PTR] src1 tensor=ffn_moe_topk-1 data=0x77cfb0233600 alloc=508 base=0xffffd55e47d88000 size=524288 end=0xffffd55e47e08000
[SYCL][OP] call ggml_sycl_get_rows done
[DEBUG-IMPL] Node 111/140: op=36 name=ffn_moe_weights-1 (reshaped)
[DEBUG-IMPL] Node 112/140: op=15 name=ffn_moe_weights_sum-1
[SYCL] simple consumer routing declined: op=SUM_ROWS dst=ffn_moe_weights_sum-1 plan unavailable ctx=0
[SYCL][OP] call ggml_sycl_sum_rows: dst='ffn_moe_weights_sum-1':type=f32;ne=[1, 64, 1, 1];nb=[4, 4, 256, 256]	src0='ffn_moe_weights-1 (reshaped)':type=f32;ne=[1, 64, 1, 1];nb=[4, 4, 256, 256]
[SYCL][OP] call ggml_sycl_sum_rows done
[DEBUG-IMPL] Node 113/140: op=51 name=ffn_moe_weights_sum_clamped-1
[SYCL] simple consumer routing declined: op=CLAMP dst=ffn_moe_weights_sum_clamped-1 plan unavailable ctx=0
[SYCL][OP] call ggml_sycl_clamp: dst='ffn_moe_weights_sum_clamped-1':type=f32;ne=[1, 64, 1, 1];nb=[4, 4, 256, 256]	src0='ffn_moe_weights_sum-1':type=f32;ne=[1, 64, 1, 1];nb=[4, 4, 256, 256]
[SYCL][OP] call ggml_sycl_clamp done
[DEBUG-IMPL] Node 114/140: op=8 name=ffn_moe_weights_norm-1
[SYCL] simple consumer routing declined: op=DIV dst=ffn_moe_weights_norm-1 plan unavailable ctx=0
[SYCL][OP] call ggml_sycl_div: dst='ffn_moe_weights_norm-1':type=f32;ne=[1, 64, 1, 1];nb=[4, 4, 256, 256]	src0='ffn_moe_weights-1 (reshaped)':type=f32;ne=[1, 64, 1, 1];nb=[4, 4, 256, 256]	src1='ffn_moe_weights_sum_clamped-1':type=f32;ne=[1, 64, 1, 1];nb=[4, 4, 256, 256]
[BINBCAST-PTR] src0=ffn_moe_weights-1 (reshaped) src0_host=0xffffd55e47da8400 src0_d=0xffffd55e47da8400
[BINBCAST-PTR] src1=ffn_moe_weights_sum_clamped-1 src1_host=0xffffd55e47da8000 src1_d=0xffffd55e47da8000
[SYCL][OP] call ggml_sycl_div done
[DEBUG-IMPL] Node 115/140: op=36 name=ffn_moe_weights_norm-1 (reshaped)
[DEBUG-IMPL] Node 116/140: op=36 name=ffn_norm-1 (reshaped)
[DEBUG-IMPL] Node 117/140: op=30 name=node_117
[RESOLVE] data_handle empty for weight tensor 'blk.1.ffn_gate_exps.weight' device 0, falling through to cache lookup
[SYCL] weight cache lookup: tensor=0x2e1bef30 name=blk.1.ffn_gate_exps.weight device=0
[RESOLVE] refusing composite MoE expert tensor materialization for placement-planned 'blk.1.ffn_gate_exps.weight' device 0
[SYCL][OP] call ggml_sycl_mul_mat_id: dst='node_117':type=f32;ne=[384, 1, 64, 1];nb=[4, 1536, 1536, 98304]	src0='blk.1.ffn_gate_exps.weight':type=f32;ne=[256, 384, 2, 1];nb=[4, 1024, 393216, 786432]	src1='ffn_norm-1 (reshaped)':type=f32;ne=[256, 1, 64, 1];nb=[4, 1024, 1024, 65536]	src2='ffn_moe_topk-1':type=i32;ne=[1, 64, 1, 1];nb=[4, 8, 512, 512];strided
0.04.411.769 E [SYCL][PTR] src2 tensor=ffn_moe_topk-1 data=0x77cfb0233600 alloc=508 base=0xffffd55e47d88000 size=524288 end=0xffffd55e47e08000
[XMX-DEBUG] try_xmx_sorted_moe called: src0->type=0
[XMX-DEBUG] XMX MoE: forced=0 fused_enabled=0 tiled_enabled=1
[XMX-DEBUG] XMX caps: supported=1 int8=1
[XMX MoE] Only Q8_0/MXFP4 supported, got type 0
[XMX-MOE-REJECT] tensor=blk.1.ffn_gate_exps.weight type=f32 device=0 reason=type src0=[256,384,2,1] src1=[256,1,64,1] ids=[1,64,1,1]
[MoE FUSED] Batch 64 > 32, using oneDNN batching
[MoE] About to try COALESCED layout
[RESOLVE] data_handle empty for weight tensor 'blk.1.ffn_gate_exps.weight' device 0, falling through to cache lookup
[SYCL] weight cache lookup: tensor=0x2e1bef30 name=blk.1.ffn_gate_exps.weight device=0
[RESOLVE] refusing composite MoE expert tensor materialization for placement-planned 'blk.1.ffn_gate_exps.weight' device 0
[MoE] Trying MMVQ with layout=2 for blk.1.ffn_gate_exps.weight
[MMVQ-ENTRY] src0=blk.1.ffn_gate_exps.weight type=0 forced_layout=2
[MMVQ] Batch 64 > threshold 32, routing to batched GEMM path
[MoE] MMVQ layout=2 returned false
[MoE] About to try SOA layout
[RESOLVE] data_handle empty for weight tensor 'blk.1.ffn_gate_exps.weight' device 0, falling through to cache lookup
[SYCL] weight cache lookup: tensor=0x2e1bef30 name=blk.1.ffn_gate_exps.weight device=0
[RESOLVE] refusing composite MoE expert tensor materialization for placement-planned 'blk.1.ffn_gate_exps.weight' device 0
[MoE] Trying MMVQ with layout=1 for blk.1.ffn_gate_exps.weight
[MMVQ-ENTRY] src0=blk.1.ffn_gate_exps.weight type=0 forced_layout=1
[MMVQ] Batch 64 > threshold 32, routing to batched GEMM path
[MoE] MMVQ layout=1 returned false
[MoE] About to try AOS layout
[RESOLVE] data_handle empty for weight tensor 'blk.1.ffn_gate_exps.weight' device 0, falling through to cache lookup
[SYCL] weight cache lookup: tensor=0x2e1bef30 name=blk.1.ffn_gate_exps.weight device=0
[RESOLVE] refusing composite MoE expert tensor materialization for placement-planned 'blk.1.ffn_gate_exps.weight' device 0
[MoE] Trying MMVQ with layout=0 for blk.1.ffn_gate_exps.weight
[MMVQ-ENTRY] src0=blk.1.ffn_gate_exps.weight type=0 forced_layout=0
[MMVQ] Batch 64 > threshold 32, routing to batched GEMM path
[MoE] MMVQ layout=0 returned false
[MoE] All MMVQ layouts failed, falling back to host routing
[MoE] GPU probe paths did not select type 0; resolving planner-owned MoE route
[MoE-1E] Cached IDs for layer 1 (GATE), 64 elements
[MoE] Using expert cache for blk.1.ffn_gate_exps.weight (layer=1358208392, host_buf=0, ptr_type=3)
[MOE-DISPATCH-LAYOUT] tensor=blk.1.ffn_gate_exps.weight device=0 route_layout=aos src0_layout=aos use_expert_cache=1 placement_planned=1 host_weights=0 plan=1 plan_host=0 has_override=0 ne12=64
[MOE-STAGE] tensor=blk.1.ffn_gate_exps.weight stage=after-dispatch-layout device=0 ne12=64
[MOE-STAGE] tensor=blk.1.ffn_gate_exps.weight stage=after-pointer-table device=0 planned_pp=1
[MOE-STAGE] tensor=blk.1.ffn_gate_exps.weight stage=after-route-diagnostics device=0 planned_pp=1
[MOE-STAGE] tensor=blk.1.ffn_gate_exps.weight stage=before-route-mode device=0 ne12=64 use_cache=1 plan=1 hybrid=1
[MOE-IDS] Staging ids to device (buffer_on_host=0, ptr_usm_type=3)
[MOE-STAGE] tensor=blk.1.ffn_gate_exps.weight stage=pp-rowmap-alloc-begin device=0 rows=64
[UNIFIED-ALLOC] zone alloc: dev=0 zone=4 size=0.0 MB ptr=0xffffd55e67c2c000
[MOE-STAGE] tensor=blk.1.ffn_gate_exps.weight stage=pp-rowmap-copy-begin device=0 rows=64 dst_handle=0
[MOE-STAGE] tensor=blk.1.ffn_gate_exps.weight stage=pp-rowmap-copy-submitted device=0 rows=64
[UNIFIED-ALLOC] zone alloc: dev=0 zone=4 size=0.1 MB ptr=0xffffd55e67c2c200
[UNIFIED-ALLOC] zone alloc: dev=0 zone=4 size=0.1 MB ptr=0xffffd55e67c44200
[MOE-AOS-REQUEST] tensor=blk.1.ffn_gate_exps.weight expert=0 current=0 planned=0 requested=aos reason=device-plan
[DEBUG-MULMAT] ENTER: src0=blk.1.ffn_gate_exps.weight src1=ffn_norm-1 (reshaped) dst=node_117
[SYCL][OP] call ggml_sycl_mul_mat: dst='node_117':type=f32;ne=[384, 1, 1, 1];nb=[4, 1536, 1536, 1536]	src0='blk.1.ffn_gate_exps.weight':type=f32;ne=[256, 384, 2, 1];nb=[4, 1024, 393216, 786432]	src1='ffn_norm-1 (reshaped)':type=f32;ne=[256, 1, 64, 1];nb=[4, 1024, 1024, 65536]
0.04.411.921 E [SYCL][PTR] dst tensor=node_117 data=0xffffd55e67c2c200 alloc=1536 base=0xffffd55e47d88000 size=524288 end=0xffffd55e47e08000
[XMXConfig] device=0: M=8 N=16 K_INT8=32 K_FP16=16 SLM=131072 nsm=256 supported=1 int8=1 fp16=1 double_buf=1 max_esimd_wg=64 nbarrier=0 esimd_dpas=1
[MUL_MAT] src0 device=0 ptr=0xffffd556b6885500 (tensor=blk.1.ffn_gate_exps.weight layout=0)
[MUL_MAT] dst device=0 ptr=0xffffd55e67c2c200 (tensor=node_117)
[SYCL][OP] call ggml_sycl_mul_mat done
[MOE-AOS-REQUEST] tensor=blk.1.ffn_gate_exps.weight expert=1 current=0 planned=0 requested=aos reason=device-plan
[DEBUG-MULMAT] ENTER: src0=blk.1.ffn_gate_exps.weight src1=ffn_norm-1 (reshaped) dst=node_117
[SYCL][OP] call ggml_sycl_mul_mat: dst='node_117':type=f32;ne=[384, 63, 1, 1];nb=[4, 1536, 96768, 96768]	src0='blk.1.ffn_gate_exps.weight':type=f32;ne=[256, 384, 2, 1];nb=[4, 1024, 393216, 786432]	src1='ffn_norm-1 (reshaped)':type=f32;ne=[256, 1, 64, 1];nb=[4, 1024, 1024, 65536]0.04.412.073 E 
[SYCL][PTR] dst tensor=node_117 data=0xffffd55e67c2c800 alloc=96768 base=0xffffd55e47d88000 size=524288 end=0xffffd55e47e08000
[XMXConfig] device=0: M=8 N=16 K_INT8=32 K_FP16=16 SLM=131072 nsm=256 supported=1 int8=1 fp16=1 double_buf=1 max_esimd_wg=64 nbarrier=0 esimd_dpas=1
[MUL_MAT] src0 device=0 ptr=0xffffd556b68e5500 (tensor=blk.1.ffn_gate_exps.weight layout=0)
[MUL_MAT] dst device=0 ptr=0xffffd55e67c2c800 (tensor=node_117)
[SYCL][OP] call ggml_sycl_mul_mat done
[SYCL][OP] call ggml_sycl_mul_mat_id done
[DEBUG-IMPL] Node 118/140: op=36 name=blk.1.ffn_gate_exps.scale (reshaped)
[DEBUG-IMPL] Node 119/140: op=20 name=node_119
[SYCL] weight cache lookup: tensor=0x34cd8120 name=blk.1.ffn_gate_exps.scale (reshaped) device=0
ggml_sycl_get_data_ptr_slow: tensor=blk.1.ffn_gate_exps.scale (reshaped) view_src chain -> base=blk.1.ffn_gate_exps.scale, base->extra=0x30d9b040, base->data=0x77ce009b1a80, tensor->data=0x77ce009b1a80
ggml_sycl_get_data_ptr_slow: base=blk.1.ffn_gate_exps.scale data=0x77ce009b1a80 ptr_type=3
[SYCL] weight cache lookup: tensor=0x34cd8120 name=blk.1.ffn_gate_exps.scale (reshaped) device=0
ggml_sycl_get_data_ptr_slow: tensor=blk.1.ffn_gate_exps.scale (reshaped), device=0, staging FAILED for non-device (type=0), using tensor->data=0x77ce009b1a80
ggml_sycl_get_data_ptr_slow: tensor=blk.1.ffn_gate_exps.scale (reshaped), device=0, using tensor->data=0x77ce009b1a80
[RESOLVE] data_handle empty for weight tensor 'blk.1.ffn_gate_exps.scale' device 0, falling through to cache lookup
[SYCL] weight cache lookup: tensor=0x2e1c1000 name=blk.1.ffn_gate_exps.scale device=0
[SYCL] weight cache lookup: tensor=0x2e1c1000 name=blk.1.ffn_gate_exps.scale device=0
ggml_sycl_get_data_ptr_slow: tensor=blk.1.ffn_gate_exps.scale, device=0, staging FAILED for non-device (type=0), using tensor->data=0x77ce009b1a80
ggml_sycl_get_data_ptr_slow: tensor=blk.1.ffn_gate_exps.scale, device=0, using tensor->data=0x77ce009b1a80
[SYCL] simple consumer routing declined: op=REPEAT dst=node_119 plan unavailable ctx=0
[SYCL][OP] call ggml_sycl_repeat: dst='node_119':type=f32;ne=[1, 2, 64, 1];nb=[4, 4, 8, 512]	src0='blk.1.ffn_gate_exps.scale (reshaped)':type=f32;ne=[1, 2, 1, 1];nb=[4, 4, 8, 8]
[SYCL] weight cache lookup: tensor=0x34cd8120 name=blk.1.ffn_gate_exps.scale (reshaped) device=0
[SYCL] weight cache lookup: tensor=0x34cd8120 name=blk.1.ffn_gate_exps.scale (reshaped) device=0
0.04.412.227 E [UNIFIED-CACHE] planned-mode runtime materialization rejected op=direct_stage_weight caller=direct_stage_weight model=0 name_hash=0x474cbb7ffa4be3cb aux=289 type=0 ne=[1,2,1,1] layout=0 graph_active=1
[SYCL-BINBCAST] staging raw host tensor=blk.1.ffn_gate_exps.scale (reshaped) bytes=8 device=0 src=0x77ce009b1a80 dst=0xffffe38f1ae00000
[BINBCAST-PTR] src0=node_119 src0_host=0xffffd55e47dc0400 src0_d=0xffffd55e47dc0400
[BINBCAST-PTR] src1=blk.1.ffn_gate_exps.scale (reshaped) src1_host=0x77ce009b1a80 src1_d=0xffffe38f1ae00000
[SYCL][OP] call ggml_sycl_repeat done
[DEBUG-IMPL] Node 120/140: op=40 name=node_120
[SYCL][OP] call ggml_sycl_get_rows: dst='node_120':type=f32;ne=[1, 1, 64, 1];nb=[4, 4, 4, 256]	src0='node_119':type=f32;ne=[1, 2, 64, 1];nb=[4, 4, 8, 512]	src1='ffn_moe_topk-1':type=i32;ne=[1, 64, 1, 1];nb=[4, 8, 512, 512];strided
[SYCL] weight cache lookup: tensor=0x34cd82b0 name=node_119 device=0
0.04.412.286 E [SYCL][PTR] src1 tensor=ffn_moe_topk-1 data=0x77cfb0233600 alloc=508 base=0xffffd55e47d88000 size=524288 end=0xffffd55e47e08000
[SYCL][OP] call ggml_sycl_get_rows done
[DEBUG-IMPL] Node 121/140: op=7 name=ffn_moe_gate_scaled-1
[SYCL] simple consumer routing declined: op=MUL dst=ffn_moe_gate_scaled-1 local single-device plan ctx=0 target=0
[SYCL][OP] call ggml_sycl_mul: dst='ffn_moe_gate_scaled-1':type=f32;ne=[384, 1, 64, 1];nb=[4, 1536, 1536, 98304]	src0='node_117':type=f32;ne=[384, 1, 64, 1];nb=[4, 1536, 1536, 98304]	src1='node_120':type=f32;ne=[1, 1, 64, 1];nb=[4, 4, 4, 256]
[BINBCAST-PTR] src0=node_117 src0_host=0xffffd55e47da8400 src0_d=0xffffd55e47da8400
[BINBCAST-PTR] src1=node_120 src1_host=0xffffd55e47da8000 src1_d=0xffffd55e47da8000
[SYCL][OP] call ggml_sycl_mul done
[DEBUG-IMPL] Node 122/140: op=30 name=node_122
[RESOLVE] data_handle empty for weight tensor 'blk.1.ffn_up_exps.weight' device 0, falling through to cache lookup
[SYCL] weight cache lookup: tensor=0x2e1bf250 name=blk.1.ffn_up_exps.weight device=0
[RESOLVE] refusing composite MoE expert tensor materialization for placement-planned 'blk.1.ffn_up_exps.weight' device 0
[SYCL][OP] call ggml_sycl_mul_mat_id: dst='node_122':type=f32;ne=[384, 1, 64, 1];nb=[4, 1536, 1536, 98304]	src0='blk.1.ffn_up_exps.weight':type=f32;ne=[256, 384, 2, 1];nb=[4, 1024, 393216, 786432]	src1='ffn_norm-1 (reshaped)':type=f32;ne=[256, 1, 64, 1];nb=[4, 1024, 1024, 65536]	src2='ffn_moe_topk-1':type=i32;ne=[1, 64, 1, 1];nb=[4, 8, 512, 512];strided
[XMX-DEBUG] try_xmx_sorted_moe called: src0->type=0
[XMX-DEBUG] XMX MoE: forced=0 fused_enabled=0 tiled_enabled=1
[XMX-DEBUG] XMX caps: supported=1 int8=1
[XMX MoE] Only Q8_0/MXFP4 supported, got type 0
[XMX-MOE-REJECT] tensor=blk.1.ffn_up_exps.weight type=f32 device=0 reason=type src0=[256,384,2,1] src1=[256,1,64,1] ids=[1,64,1,1]
0.04.412.351 E [MoE FUSED] Batch 64 > 32, using oneDNN batching
[MoE] About to try COALESCED layout
[RESOLVE] data_handle empty for weight tensor 'blk.1.ffn_up_exps.weight' device 0, falling through to cache lookup
[SYCL] weight cache lookup: tensor=0x2e1bf250 name=blk.1.ffn_up_exps.weight device=0
[RESOLVE] refusing composite MoE expert tensor materialization for placement-planned 'blk.1.ffn_up_exps.weight' device 0
[MoE] Trying MMVQ with layout=2 for blk.1.ffn_up_exps.weight
[MMVQ-ENTRY] src0=blk.1.ffn_up_exps.weight type=0 forced_layout=2
[SYCL][PTR] src2 tensor=ffn_moe_topk-1 data=0x77cfb0233600 alloc=508 base=0xffffd55e47d88000 size=524288 end=0xffffd55e47e08000
[MMVQ] Batch 64 > threshold 32, routing to batched GEMM path
[MoE] MMVQ layout=2 returned false
[MoE] About to try SOA layout
[RESOLVE] data_handle empty for weight tensor 'blk.1.ffn_up_exps.weight' device 0, falling through to cache lookup
[SYCL] weight cache lookup: tensor=0x2e1bf250 name=blk.1.ffn_up_exps.weight device=0
[RESOLVE] refusing composite MoE expert tensor materialization for placement-planned 'blk.1.ffn_up_exps.weight' device 0
[MoE] Trying MMVQ with layout=1 for blk.1.ffn_up_exps.weight
[MMVQ-ENTRY] src0=blk.1.ffn_up_exps.weight type=0 forced_layout=1
[MMVQ] Batch 64 > threshold 32, routing to batched GEMM path
[MoE] MMVQ layout=1 returned false
[MoE] About to try AOS layout
[RESOLVE] data_handle empty for weight tensor 'blk.1.ffn_up_exps.weight' device 0, falling through to cache lookup
[SYCL] weight cache lookup: tensor=0x2e1bf250 name=blk.1.ffn_up_exps.weight device=0
[RESOLVE] refusing composite MoE expert tensor materialization for placement-planned 'blk.1.ffn_up_exps.weight' device 0
[MoE] Trying MMVQ with layout=0 for blk.1.ffn_up_exps.weight
[MMVQ-ENTRY] src0=blk.1.ffn_up_exps.weight type=0 forced_layout=0
[MMVQ] Batch 64 > threshold 32, routing to batched GEMM path
[MoE] MMVQ layout=0 returned false
[MoE] All MMVQ layouts failed, falling back to host routing
[MoE] GPU probe paths did not select type 0; resolving planner-owned MoE route
[MoE-1E] Reusing cached IDs for layer 1 (blk.1.ffn_up_exps.weight), 64 elements
[MoE] Using expert cache for blk.1.ffn_up_exps.weight (layer=903754414, host_buf=0, ptr_type=3)
[MOE-DISPATCH-LAYOUT] tensor=blk.1.ffn_up_exps.weight device=0 route_layout=aos src0_layout=aos use_expert_cache=1 placement_planned=1 host_weights=0 plan=1 plan_host=0 has_override=0 ne12=64
[MOE-STAGE] tensor=blk.1.ffn_up_exps.weight stage=after-dispatch-layout device=0 ne12=64
[MOE-STAGE] tensor=blk.1.ffn_up_exps.weight stage=after-pointer-table device=0 planned_pp=1
[MOE-STAGE] tensor=blk.1.ffn_up_exps.weight stage=after-route-diagnostics device=0 planned_pp=1
[MOE-STAGE] tensor=blk.1.ffn_up_exps.weight stage=before-route-mode device=0 ne12=64 use_cache=1 plan=1 hybrid=1
[MOE-IDS] Staging ids to device (buffer_on_host=0, ptr_usm_type=3)
[MOE-STAGE] tensor=blk.1.ffn_up_exps.weight stage=pp-rowmap-alloc-begin device=0 rows=64
[UNIFIED-ALLOC] zone alloc: dev=0 zone=4 size=0.0 MB ptr=0xffffd55e67c2c000
[MOE-STAGE] tensor=blk.1.ffn_up_exps.weight stage=pp-rowmap-copy-begin device=0 rows=64 dst_handle=0
[MOE-STAGE] tensor=blk.1.ffn_up_exps.weight stage=pp-rowmap-copy-submitted device=0 rows=64
[UNIFIED-ALLOC] zone alloc: dev=0 zone=4 size=0.1 MB ptr=0xffffd55e67c2c200
[UNIFIED-ALLOC] zone alloc: dev=0 zone=4 size=0.1 MB ptr=0xffffd55e67c44200
[MOE-AOS-REQUEST] tensor=blk.1.ffn_up_exps.weight expert=0 current=0 planned=0 requested=aos reason=device-plan
[DEBUG-MULMAT] ENTER: src0=blk.1.ffn_up_exps.weight src1=ffn_norm-1 (reshaped) dst=node_122
[SYCL][OP] call ggml_sycl_mul_mat: dst='node_122':type=f32;ne=[384, 1, 1, 1];nb=[4, 1536, 1536, 1536]	src0='blk.1.ffn_up_exps.weight':type=f32;ne=[256, 384, 2, 1];nb=[4, 1024, 393216, 786432]0.04.412.484 E [SYCL][PTR] dst tensor=node_122 data=0xffffd55e67c2c200 alloc=1536 base=0xffffd55e47d88000 size=524288 end=0xffffd55e47e08000
	src1='ffn_norm-1 (reshaped)':type=f32;ne=[256, 1, 64, 1];nb=[4, 1024, 1024, 65536]
[XMXConfig] device=0: M=8 N=16 K_INT8=32 K_FP16=16 SLM=131072 nsm=256 supported=1 int8=1 fp16=1 double_buf=1 max_esimd_wg=64 nbarrier=0 esimd_dpas=1
[MUL_MAT] src0 device=0 ptr=0xffffd556b6945500 (tensor=blk.1.ffn_up_exps.weight layout=0)
[MUL_MAT] dst device=0 ptr=0xffffd55e67c2c200 (tensor=node_122)
[SYCL][OP] call ggml_sycl_mul_mat done
[MOE-AOS-REQUEST] tensor=blk.1.ffn_up_exps.weight expert=1 current=0 planned=0 requested=aos reason=device-plan
[DEBUG-MULMAT] ENTER: src0=blk.1.ffn_up_exps.weight src1=ffn_norm-1 (reshaped) dst=node_122
[SYCL][OP] call ggml_sycl_mul_mat: dst='node_122':type=f32;ne=[384, 63, 1, 1];nb=[4, 1536, 96768, 96768]	src0='blk.1.ffn_up_exps.weight':type=f32;ne=[256, 384, 2, 1];nb=[4, 1024, 393216, 786432]	src1='ffn_norm-1 (reshaped)':type=f32;ne=[256, 1, 64, 1];nb=[4, 1024, 1024, 65536]
0.04.412.569 E [XMXConfig] device=0: M=8 N=16 K_INT8=32 K_FP16=16 SLM=131072 nsm=256 supported=1 int8=1 fp16=1 double_buf=1 max_esimd_wg=64 nbarrier=0 esimd_dpas=1
[SYCL][PTR] dst tensor=node_122 data=0xffffd55e67c2c800 alloc=96768 base=0xffffd55e47d88000 size=524288 end=0xffffd55e47e08000
[MUL_MAT] src0 device=0 ptr=0xffffd556b69a5500 (tensor=blk.1.ffn_up_exps.weight layout=0)
[MUL_MAT] dst device=0 ptr=0xffffd55e67c2c800 (tensor=node_122)
[SYCL][OP] call ggml_sycl_mul_mat done
[SYCL][OP] call ggml_sycl_mul_mat_id done
[DEBUG-IMPL] Node 123/140: op=36 name=blk.1.ffn_up_exps.scale (reshaped)
[DEBUG-IMPL] Node 124/140: op=20 name=node_124
[SYCL] weight cache lookup: tensor=0x34cd7950 name=blk.1.ffn_up_exps.scale (reshaped) device=0
ggml_sycl_get_data_ptr_slow: tensor=blk.1.ffn_up_exps.scale (reshaped) view_src chain -> base=blk.1.ffn_up_exps.scale, base->extra=0x30e11f70, base->data=0x77ce009b1ac0, tensor->data=0x77ce009b1ac0
ggml_sycl_get_data_ptr_slow: base=blk.1.ffn_up_exps.scale data=0x77ce009b1ac0 ptr_type=3
[SYCL] weight cache lookup: tensor=0x34cd7950 name=blk.1.ffn_up_exps.scale (reshaped) device=0
ggml_sycl_get_data_ptr_slow: tensor=blk.1.ffn_up_exps.scale (reshaped), device=0, staging FAILED for non-device (type=0), using tensor->data=0x77ce009b1ac0
ggml_sycl_get_data_ptr_slow: tensor=blk.1.ffn_up_exps.scale (reshaped), device=0, using tensor->data=0x77ce009b1ac0
[RESOLVE] data_handle empty for weight tensor 'blk.1.ffn_up_exps.scale' device 0, falling through to cache lookup
[SYCL] weight cache lookup: tensor=0x2e1c1320 name=blk.1.ffn_up_exps.scale device=0
[SYCL] weight cache lookup: tensor=0x2e1c1320 name=blk.1.ffn_up_exps.scale device=0
ggml_sycl_get_data_ptr_slow: tensor=blk.1.ffn_up_exps.scale, device=0, staging FAILED for non-device (type=0), using tensor->data=0x77ce009b1ac0
ggml_sycl_get_data_ptr_slow: tensor=blk.1.ffn_up_exps.scale, device=0, using tensor->data=0x77ce009b1ac0
[SYCL] simple consumer routing declined: op=REPEAT dst=node_124 plan unavailable ctx=0
[SYCL][OP] call ggml_sycl_repeat: dst='node_124':type=f32;ne=[1, 2, 64, 1];nb=[4, 4, 8, 512]	src0='blk.1.ffn_up_exps.scale (reshaped)':type=f32;ne=[1, 2, 1, 1];nb=[4, 4, 8, 8]
[SYCL] weight cache lookup: tensor=0x34cd7950 name=blk.1.ffn_up_exps.scale (reshaped) device=0
[SYCL] weight cache lookup: tensor=0x34cd7950 name=blk.1.ffn_up_exps.scale (reshaped) device=0
[SYCL-BINBCAST] staging raw host tensor=blk.1.ffn_up_exps.scale (reshaped) bytes=8 device=0 src=0x77ce009b1ac0 dst=0xffffe38f1ae00000
0.04.412.695 E [UNIFIED-CACHE] planned-mode runtime materialization rejected op=direct_stage_weight caller=direct_stage_weight model=0 name_hash=0x9436376037e599f5 aux=294 type=0 ne=[1,2,1,1] layout=0 graph_active=1
[BINBCAST-PTR] src0=node_124 src0_host=0xffffd55e47d98000 src0_d=0xffffd55e47d98000
[BINBCAST-PTR] src1=blk.1.ffn_up_exps.scale (reshaped) src1_host=0x77ce009b1ac0 src1_d=0xffffe38f1ae00000
[SYCL][OP] call ggml_sycl_repeat done
[DEBUG-IMPL] Node 125/140: op=40 name=node_125
[SYCL][OP] call ggml_sycl_get_rows: dst='node_125':type=f32;ne=[1, 1, 64, 1];nb=[4, 4, 4, 256]	src0='node_124':type=f32;ne=[1, 2, 64, 1];nb=[4, 4, 8, 512]	src1='ffn_moe_topk-1':type=i32;ne=[1, 64, 1, 1];nb=[4, 8, 512, 512];strided
0.04.412.756 E [SYCL][PTR] src1 tensor=ffn_moe_topk-1 data=0x77cfb0233600 alloc=508 base=0xffffd55e47d88000 size=524288 end=0xffffd55e47e08000
[SYCL] weight cache lookup: tensor=0x34cd7ae0 name=node_124 device=0
[SYCL][OP] call ggml_sycl_get_rows done
[DEBUG-IMPL] Node 126/140: op=7 name=ffn_moe_up_scaled-1
[SYCL] simple consumer routing declined: op=MUL dst=ffn_moe_up_scaled-1 local single-device plan ctx=0 target=0
[SYCL][OP] call ggml_sycl_mul: dst='ffn_moe_up_scaled-1':type=f32;ne=[384, 1, 64, 1];nb=[4, 1536, 1536, 98304]	src0='node_122':type=f32;ne=[384, 1, 64, 1];nb=[4, 1536, 1536, 98304]	src1='node_125':type=f32;ne=[1, 1, 64, 1];nb=[4, 4, 4, 256]
[BINBCAST-PTR] src0=node_122 src0_host=0xffffd55e47dc0400 src0_d=0xffffd55e47dc0400
[BINBCAST-PTR] src1=node_125 src1_host=0xffffd55e47d98200 src1_d=0xffffd55e47d98200
[SYCL][OP] call ggml_sycl_mul done
[DEBUG-IMPL] Node 127/140: op=97 name=ffn_moe_swiglu-1
[SYCL] simple consumer routing declined: op=GLU dst=ffn_moe_swiglu-1 local single-device plan ctx=0 target=0
[SYCL][OP] call ggml_sycl_swiglu: dst='ffn_moe_swiglu-1':type=f32;ne=[384, 1, 64, 1];nb=[4, 1536, 1536, 98304]	src0='ffn_moe_gate_scaled-1':type=f32;ne=[384, 1, 64, 1];nb=[4, 1536, 1536, 98304]
[SYCL][OP] call ggml_sycl_swiglu done
[DEBUG-IMPL] Node 128/140: op=30 name=node_128
[RESOLVE] data_handle empty for weight tensor 'blk.1.ffn_down_exps.weight' device 0, falling through to cache lookup
[SYCL] weight cache lookup: tensor=0x2e1bf0c0 name=blk.1.ffn_down_exps.weight device=0
[RESOLVE] refusing composite MoE expert tensor materialization for placement-planned 'blk.1.ffn_down_exps.weight' device 0
[SYCL][OP] call ggml_sycl_mul_mat_id: dst='node_128':type=f32;ne=[256, 1, 64, 1];nb=[4, 1024, 1024, 65536]	src0='blk.1.ffn_down_exps.weight':type=f32;ne=[384, 256, 2, 1];nb=[4, 1536, 393216, 786432]	src1='ffn_moe_swiglu-1':type=f32;ne=[384, 1, 64, 1];nb=[4, 1536, 1536, 98304]	src2='ffn_moe_topk-1':type=i32;ne=[1, 64, 1, 1];nb=[4, 8, 512, 512];strided
[XMX-DEBUG] try_xmx_sorted_moe called: src0->type=0
[XMX-DEBUG] XMX MoE: forced=0 fused_enabled=0 tiled_enabled=1
[XMX-DEBUG] XMX caps: supported=1 int8=1
[XMX MoE] Only Q8_0/MXFP4 supported, got type 0
[XMX-MOE-REJECT] tensor=blk.1.ffn_down_exps.weight type=f32 device=0 reason=type src0=[384,256,2,1] src1=[384,1,64,1] ids=[1,64,1,1]
[MoE FUSED] Batch 64 > 32, using oneDNN batching
[MoE] About to try COALESCED layout
[RESOLVE] data_handle empty for weight tensor 'blk.1.ffn_down_exps.weight' device 0, falling through to cache lookup
[SYCL] weight cache lookup: tensor=0x2e1bf0c0 name=blk.1.ffn_down_exps.weight device=0
[RESOLVE] refusing composite MoE expert tensor materialization for placement-planned 'blk.1.ffn_down_exps.weight' device 0
[MoE] Trying MMVQ with layout=2 for blk.1.ffn_down_exps.weight
[MMVQ-ENTRY] src0=blk.1.ffn_down_exps.weight type=0 forced_layout=2
[MMVQ] Batch 64 > threshold 32, routing to batched GEMM path
[MoE] MMVQ layout=2 returned false
[MoE] About to try SOA layout
0.04.412.879 E [SYCL][PTR] src2 tensor=ffn_moe_topk-1 data=0x77cfb0233600 alloc=508 base=0xffffd55e47d88000 size=524288 end=0xffffd55e47e08000
[RESOLVE] data_handle empty for weight tensor 'blk.1.ffn_down_exps.weight' device 0, falling through to cache lookup
[SYCL] weight cache lookup: tensor=0x2e1bf0c0 name=blk.1.ffn_down_exps.weight device=0
[RESOLVE] refusing composite MoE expert tensor materialization for placement-planned 'blk.1.ffn_down_exps.weight' device 0
[MoE] Trying MMVQ with layout=1 for blk.1.ffn_down_exps.weight
[MMVQ-ENTRY] src0=blk.1.ffn_down_exps.weight type=0 forced_layout=1
[MMVQ] Batch 64 > threshold 32, routing to batched GEMM path
[MoE] MMVQ layout=1 returned false
[MoE] About to try AOS layout
[RESOLVE] data_handle empty for weight tensor 'blk.1.ffn_down_exps.weight' device 0, falling through to cache lookup
[SYCL] weight cache lookup: tensor=0x2e1bf0c0 name=blk.1.ffn_down_exps.weight device=0
[RESOLVE] refusing composite MoE expert tensor materialization for placement-planned 'blk.1.ffn_down_exps.weight' device 0
[MoE] Trying MMVQ with layout=0 for blk.1.ffn_down_exps.weight
[MMVQ-ENTRY] src0=blk.1.ffn_down_exps.weight type=0 forced_layout=0
[MMVQ] Batch 64 > threshold 32, routing to batched GEMM path
[MoE] MMVQ layout=0 returned false
[MoE] All MMVQ layouts failed, falling back to host routing
[MoE] GPU probe paths did not select type 0; resolving planner-owned MoE route
[MoE-1E] Reusing cached IDs for layer 1 (blk.1.ffn_down_exps.weight), 64 elements
[MoE] Using expert cache for blk.1.ffn_down_exps.weight (layer=752070615, host_buf=0, ptr_type=3)
[MOE-DISPATCH-LAYOUT] tensor=blk.1.ffn_down_exps.weight device=0 route_layout=aos src0_layout=aos use_expert_cache=1 placement_planned=1 host_weights=0 plan=1 plan_host=0 has_override=0 ne12=64
[MOE-STAGE] tensor=blk.1.ffn_down_exps.weight stage=after-dispatch-layout device=0 ne12=64
[MOE-STAGE] tensor=blk.1.ffn_down_exps.weight stage=after-pointer-table device=0 planned_pp=1
[MOE-STAGE] tensor=blk.1.ffn_down_exps.weight stage=after-route-diagnostics device=0 planned_pp=1
[MOE-STAGE] tensor=blk.1.ffn_down_exps.weight stage=before-route-mode device=0 ne12=64 use_cache=1 plan=1 hybrid=1
[MOE-IDS] Staging ids to device (buffer_on_host=0, ptr_usm_type=3)
[MOE-STAGE] tensor=blk.1.ffn_down_exps.weight stage=pp-rowmap-alloc-begin device=0 rows=64
[UNIFIED-ALLOC] zone alloc: dev=0 zone=4 size=0.0 MB ptr=0xffffd55e67c2c000
[MOE-STAGE] tensor=blk.1.ffn_down_exps.weight stage=pp-rowmap-copy-begin device=0 rows=64 dst_handle=0
[MOE-STAGE] tensor=blk.1.ffn_down_exps.weight stage=pp-rowmap-copy-submitted device=0 rows=64
[UNIFIED-ALLOC] zone alloc: dev=0 zone=4 size=0.1 MB ptr=0xffffd55e67c2c200
[UNIFIED-ALLOC] zone alloc: dev=0 zone=4 size=0.1 MB ptr=0xffffd55e67c3c200
[MOE-AOS-REQUEST] tensor=blk.1.ffn_down_exps.weight expert=0 current=0 planned=0 requested=aos reason=device-plan
[DEBUG-MULMAT] ENTER: src0=blk.1.ffn_down_exps.weight src1=ffn_moe_swiglu-1 dst=node_128
[SYCL][OP] call ggml_sycl_mul_mat: dst='node_128':type=f32;ne=[256, 1, 1, 1];nb=[4, 1024, 1024, 1024]	src0='blk.1.ffn_down_exps.weight':type=f32;ne=[384, 256, 2, 1];nb=[4, 1536, 393216, 786432]	src1='ffn_moe_swiglu-1':type=f32;ne=[384, 1, 64, 1];nb=[4, 1536, 1536, 98304]
0.04.413.010 [XMXConfig] device=0: M=8 N=16 K_INT8=32 K_FP16=16 SLM=131072 nsm=256 supported=1 int8=1 fp16=1 double_buf=1 max_esimd_wg=64 nbarrier=0 esimd_dpas=1
E [SYCL][PTR] dst tensor=node_128 data=0xffffd55e67c2c200 alloc=1024 base=0xffffd55e47d88000 size=524288 end=0xffffd55e47e08000
[MUL_MAT] src0 device=0 ptr=0xffffd556b6a05500 (tensor=blk.1.ffn_down_exps.weight layout=0)
[MUL_MAT] dst device=0 ptr=0xffffd55e67c2c200 (tensor=node_128)
[SYCL][OP] call ggml_sycl_mul_mat done
[MOE-AOS-REQUEST] tensor=blk.1.ffn_down_exps.weight expert=1 current=0 planned=0 requested=aos reason=device-plan
[DEBUG-MULMAT] ENTER: src0=blk.1.ffn_down_exps.weight src1=ffn_moe_swiglu-1 dst=node_128
[SYCL][OP] call ggml_sycl_mul_mat: dst='node_128':type=f32;ne=[256, 63, 1, 1];nb=[4, 1024, 64512, 64512]	src0='blk.1.ffn_down_exps.weight':type=f32;ne=[384, 256, 2, 1];nb=[4, 1536, 393216, 786432]	src1='ffn_moe_swiglu-1':type=f32;ne=[384, 1, 64, 1];nb=[4, 1536, 1536, 98304]0.04.413.116 E 
[SYCL][PTR] dst tensor=node_128 data=0xffffd55e67c2c600 alloc=64512 base=0xffffd55e47d88000 size=524288 end=0xffffd55e47e08000
[XMXConfig] device=0: M=8 N=16 K_INT8=32 K_FP16=16 SLM=131072 nsm=256 supported=1 int8=1 fp16=1 double_buf=1 max_esimd_wg=64 nbarrier=0 esimd_dpas=1
[MUL_MAT] src0 device=0 ptr=0xffffd556b6a65500 (tensor=blk.1.ffn_down_exps.weight layout=0)
[MUL_MAT] dst device=0 ptr=0xffffd55e67c2c600 (tensor=node_128)
[SYCL][OP] call ggml_sycl_mul_mat done
[SYCL][OP] call ggml_sycl_mul_mat_id done
[DEBUG-IMPL] Node 129/140: op=36 name=blk.1.ffn_down_exps.scale (reshaped)
[DEBUG-IMPL] Node 130/140: op=20 name=node_130
[SYCL] weight cache lookup: tensor=0x34cd8a80 name=blk.1.ffn_down_exps.scale (reshaped) device=0
ggml_sycl_get_data_ptr_slow: tensor=blk.1.ffn_down_exps.scale (reshaped) view_src chain -> base=blk.1.ffn_down_exps.scale, base->extra=0x30dd67f0, base->data=0x77ce009b1aa0, tensor->data=0x77ce009b1aa0
ggml_sycl_get_data_ptr_slow: base=blk.1.ffn_down_exps.scale data=0x77ce009b1aa0 ptr_type=3
[SYCL] weight cache lookup: tensor=0x34cd8a80 name=blk.1.ffn_down_exps.scale (reshaped) device=0
ggml_sycl_get_data_ptr_slow: tensor=blk.1.ffn_down_exps.scale (reshaped), device=0, staging FAILED for non-device (type=0), using tensor->data=0x77ce009b1aa0
ggml_sycl_get_data_ptr_slow: tensor=blk.1.ffn_down_exps.scale (reshaped), device=0, using tensor->data=0x77ce009b1aa0
[RESOLVE] data_handle empty for weight tensor 'blk.1.ffn_down_exps.scale' device 0, falling through to cache lookup
[SYCL] weight cache lookup: tensor=0x2e1c1190 name=blk.1.ffn_down_exps.scale device=0
[SYCL] weight cache lookup: tensor=0x2e1c1190 name=blk.1.ffn_down_exps.scale device=0
ggml_sycl_get_data_ptr_slow: tensor=blk.1.ffn_down_exps.scale, device=0, staging FAILED for non-device (type=0), using tensor->data=0x77ce009b1aa0
ggml_sycl_get_data_ptr_slow: tensor=blk.1.ffn_down_exps.scale, device=0, using tensor->data=0x77ce009b1aa0
[SYCL] simple consumer routing declined: op=REPEAT dst=node_130 plan unavailable ctx=0
[SYCL][OP] call ggml_sycl_repeat: dst='node_130':type=f32;ne=[1, 2, 64, 1];nb=[4, 4, 8, 512]	src0='blk.1.ffn_down_exps.scale (reshaped)':type=f32;ne=[1, 2, 1, 1];nb=[4, 4, 8, 8]
[SYCL] weight cache lookup: tensor=0x34cd8a80 name=blk.1.ffn_down_exps.scale (reshaped) device=0
[SYCL] weight cache lookup: tensor=0x34cd8a80 name=blk.1.ffn_down_exps.scale (reshaped) device=0
0.04.413.266 E [UNIFIED-CACHE] planned-mode runtime materialization rejected op=direct_stage_weight caller=direct_stage_weight model=0 name_hash=0x2f51d65e2e10e7e6 aux=299 type=0 ne=[1,2,1,1] layout=0 graph_active=1
[SYCL-BINBCAST] staging raw host tensor=blk.1.ffn_down_exps.scale (reshaped) bytes=8 device=0 src=0x77ce009b1aa0 dst=0xffffe38f1ae00000
[BINBCAST-PTR] src0=node_130 src0_host=0xffffd55e47da8400 src0_d=0xffffd55e47da8400
[BINBCAST-PTR] src1=blk.1.ffn_down_exps.scale (reshaped) src1_host=0x77ce009b1aa0 src1_d=0xffffe38f1ae00000
[SYCL][OP] call ggml_sycl_repeat done
[DEBUG-IMPL] Node 131/140: op=40 name=node_131
[SYCL][OP] call ggml_sycl_get_rows: dst='node_131':type=f32;ne=[1, 1, 64, 1];nb=[4, 4, 4, 256]	src0='node_130':type=f32;ne=[1, 2, 64, 1];nb=[4, 4, 8, 512]	src1='ffn_moe_topk-1':type=i32;ne=[1, 64, 1, 1];nb=[4, 8, 512, 512];strided
0.04.413.321 E [SYCL][PTR] src1 tensor=ffn_moe_topk-1 data=0x77cfb0233600 alloc=508 base=0xffffd55e47d88000 size=524288 end=0xffffd55e47e08000
[SYCL] weight cache lookup: tensor=0x34cd8c10 name=node_130 device=0
[SYCL][OP] call ggml_sycl_get_rows done
[DEBUG-IMPL] Node 132/140: op=7 name=ffn_moe_down_scaled-1
[SYCL] simple consumer routing declined: op=MUL dst=ffn_moe_down_scaled-1 local single-device plan ctx=0 target=0
[SYCL][OP] call ggml_sycl_mul: dst='ffn_moe_down_scaled-1':type=f32;ne=[256, 1, 64, 1];nb=[4, 1024, 1024, 65536]	src0='node_128':type=f32;ne=[256, 1, 64, 1];nb=[4, 1024, 1024, 65536]	src1='node_131':type=f32;ne=[1, 1, 64, 1];nb=[4, 4, 4, 256]
[BINBCAST-PTR] src0=node_128 src0_host=0xffffd55e47d98000 src0_d=0xffffd55e47d98000
[BINBCAST-PTR] src1=node_131 src1_host=0xffffd55e47da8000 src1_d=0xffffd55e47da8000
[SYCL][OP] call ggml_sycl_mul done
[DEBUG-IMPL] Node 133/140: op=7 name=ffn_moe_weighted-1
[SYCL] simple consumer routing declined: op=MUL dst=ffn_moe_weighted-1 local single-device plan ctx=0 target=0
[SYCL][OP] call ggml_sycl_mul: dst='ffn_moe_weighted-1':type=f32;ne=[256, 1, 64, 1];nb=[4, 1024, 1024, 65536]	src0='ffn_moe_down_scaled-1':type=f32;ne=[256, 1, 64, 1];nb=[4, 1024, 1024, 65536]	src1='ffn_moe_weights_norm-1 (reshaped)':type=f32;ne=[1, 1, 64, 1];nb=[4, 4, 4, 256]
[BINBCAST-PTR] src0=ffn_moe_down_scaled-1 src0_host=0xffffd55e47d98000 src0_d=0xffffd55e47d98000
[BINBCAST-PTR] src1=ffn_moe_weights_norm-1 (reshaped) src1_host=0xffffd55e47da8100 src1_d=0xffffd55e47da8100
[SYCL][OP] call ggml_sycl_mul done
[DEBUG-IMPL] Node 134/140: op=37 name=ffn_moe_weighted-1 (view)
[DEBUG-IMPL] Node 135/140: op=35 name=ffn_moe_out-1
[SYCL] simple consumer routing declined: op=CONT dst=ffn_moe_out-1 local single-device plan ctx=0 target=0
[SYCL][OP] call ggml_sycl_dup: dst='ffn_moe_out-1':type=f32;ne=[256, 64, 1, 1];nb=[4, 1024, 65536, 65536]	src0='ffn_moe_weighted-1 (view)':type=f32;ne=[256, 64, 1, 1];nb=[4, 1024, 65536, 65536]
[SYCL][OP] call ggml_sycl_cpy: dst='ffn_moe_out-1':type=f32;ne=[256, 64, 1, 1];nb=[4, 1024, 65536, 65536]	src0='ffn_moe_weighted-1 (view)':type=f32;ne=[256, 64, 1, 1];nb=[4, 1024, 65536, 65536]
[CPY] device=0 main_stream=0x2b690ec0 tp_queue=(nil) (match=0)
[CPY DEBUG] device=0 src0=ffn_moe_weighted-1 (view)(0xffffd55e47d98000, usm=1) -> src1=ffn_moe_out-1(0xffffd55e47da8000, usm=1) size=65536
[CPY STAGING CHECK] device=0 needs_staging=0 src0_type=1 dst_is_device=1
[CPY device=0] memcpy path: 0xffffd55e47d98000 -> 0xffffd55e47da8000 (65536 bytes)
[CPY device=0] memcpy submitted
[SYCL][OP] call ggml_sycl_cpy done
[SYCL][OP] call ggml_sycl_dup done
[DEBUG-IMPL] Node 136/140: op=2 name=l_out-1
[DEBUG-IMPL] Node 138/140: op=7 name=result_norm
[SYCL] simple consumer routing declined: op=MUL dst=result_norm local single-device plan ctx=0 target=0
[SYCL][OP] call ggml_sycl_mul: dst='result_norm':type=f32;ne=[256, 64, 1, 1];nb=[4, 1024, 65536, 65536]	src0='norm':type=f32;ne=[256, 64, 1, 1];nb=[4, 1024, 65536, 65536]	src1='output_norm.weight':type=f32;ne=[256, 1, 1, 1];nb=[4, 1024, 1024, 1024]
[SYCL-MUL-DBG] device=0 graph_recording=0 dst=result_norm src0=norm src1=output_norm.weight src0_ptr=0xffffd55e47da8000 src1_ptr=0xffffd556b6ae5500 dst_ptr=0xffffd55e47da8000 src0_layout=none src1_layout=aos last_graph_event=0 has_barrier=0 exec_graph=0 graph_nodes=0 graph_decode=0
[BINBCAST-PTR] src0=norm src0_host=0xffffd55e47da8000 src0_d=0xffffd55e47da8000
[BINBCAST-PTR] src1=output_norm.weight src1_host=0x77ce0030d340 src1_d=0xffffd556b6ae5500
[SYCL][OP] call ggml_sycl_mul done
[DEBUG-IMPL] Node 139/140: op=29 name=result_output
[SYCL] simple consumer routing declined: op=MUL_MAT dst=result_output plan unavailable ctx=0
[DEBUG-MULMAT] ENTER: src0=output.weight src1=result_norm dst=result_output
[SYCL][OP] call ggml_sycl_mul_mat: dst='result_output':type=f32;ne=[128, 64, 1, 1];nb=[4, 512, 32768, 32768]	src0='output.weight':type=f32;ne=[256, 128, 1, 1];nb=[4, 1024, 131072, 131072]	src1='result_norm':type=f32;ne=[256, 64, 1, 1];nb=[4, 1024, 65536, 65536]
[XMXConfig] device=0: M=8 N=16 K_INT8=32 K_FP16=16 SLM=131072 nsm=256 supported=1 int8=1 fp16=1 double_buf=1 max_esimd_wg=64 nbarrier=0 esimd_dpas=1
[SYCL] output.weight dispatch kernel=ONEDNN_AOS layout=0 batch=64
[MUL_MAT] src0 device=0 ptr=0xffffd556b6ae6900 (tensor=output.weight layout=0)
[MUL_MAT] dst device=0 ptr=0xffffd55e47d88000 (tensor=result_output)
[SYCL] weight cache lookup: tensor=0x2e1bc500 name=output.weight device=0
[SYCL][OP] call ggml_sycl_mul_mat done
[GRAPH-UNPIN] Released 0 graph MoE expert mem_handle leases
[GRAPH-UNPIN-WEIGHTS] Released 0 graph weight mem_handle leases
[SYCL] call ggml_backend_sycl_get_tensor_async: tensor='result_output':type=f32;ne=[128, 64, 1, 1];nb=[4, 512, 32768, 32768] size=32768 offset=0
[SYCL] call ggml_backend_sycl_synchronize
[SYCL] call ggml_backend_sycl_synchronize
[SYCL] call ggml_backend_sycl_synchronize
[SYCL] call ggml_backend_sycl_synchronize
[SYCL] call ggml_backend_sycl_synchronize
[SYCL] call ggml_backend_sycl_synchronize
[SYCL] call ggml_backend_sycl_synchronize
[SYCL] call ggml_backend_sycl_synchronize
[SYCL] call ggml_backend_sycl_synchronize
[SYCL] call ggml_backend_sycl_synchronize
[SYCL] call ggml_backend_sycl_synchronize
[SYCL] call ggml_backend_sycl_synchronize
[SYCL] call ggml_backend_sycl_synchronize
[SYCL] call ggml_backend_sycl_synchronize
[SYCL] call ggml_backend_sycl_synchronize
[SYCL] call ggml_backend_sycl_synchronize
[SYCL] call ggml_backend_sycl_synchronize
[SYCL] call ggml_backend_sycl_synchronize
[SYCL] call ggml_backend_sycl_synchronize
[SYCL] call ggml_backend_sycl_synchronize
[SYCL] call ggml_backend_sycl_synchronize
[SYCL] call ggml_backend_sycl_synchronize
[SYCL] call ggml_backend_sycl_synchronize
[SYCL] call ggml_backend_sycl_synchronize
[SYCL] call ggml_backend_sycl_synchronize
[SYCL] call ggml_backend_sycl_synchronize
[SYCL] call ggml_backend_sycl_synchronize
[SYCL] call ggml_backend_sycl_synchronize
[SYCL] call ggml_backend_sycl_synchronize
[SYCL] call ggml_backend_sycl_synchronize
[SYCL] call ggml_backend_sycl_synchronize
[SYCL] call ggml_backend_sycl_synchronize
[SYCL] call ggml_backend_sycl_synchronize
[SYCL] call ggml_backend_sycl_synchronize
[SYCL] call ggml_backend_sycl_synchronize
[SYCL] call ggml_backend_sycl_synchronize
[SYCL] call ggml_backend_sycl_synchronize
[SYCL] call ggml_backend_sycl_synchronize
[SYCL] call ggml_backend_sycl_synchronize
[SYCL] call ggml_backend_sycl_synchronize
[SYCL] call ggml_backend_sycl_synchronize
[SYCL] call ggml_backend_sycl_synchronize
[SYCL] call ggml_backend_sycl_synchronize
[SYCL] call ggml_backend_sycl_synchronize
[SYCL] call ggml_backend_sycl_synchronize
[SYCL] call ggml_backend_sycl_synchronize
[SYCL] call ggml_backend_sycl_synchronize
[SYCL] call ggml_backend_sycl_synchronize
[SYCL] call ggml_backend_sycl_synchronize
[SYCL] call ggml_backend_sycl_synchronize
[SYCL] call ggml_backend_sycl_synchronize
[SYCL] call ggml_backend_sycl_synchronize
[SYCL] call ggml_backend_sycl_synchronize
[SYCL] call ggml_backend_sycl_synchronize
[SYCL] call ggml_backend_sycl_synchronize
[SYCL] call ggml_backend_sycl_synchronize
[SYCL] call ggml_backend_sycl_synchronize
[SYCL] call ggml_backend_sycl_synchronize
[SYCL] call ggml_backend_sycl_synchronize
[SYCL] call ggml_backend_sycl_synchronize
[SYCL] call ggml_backend_sycl_synchronize
[SYCL] call ggml_backend_sycl_synchronize
[SYCL] call ggml_backend_sycl_synchronize
[SYCL] call ggml_backend_sycl_synchronize
[SYCL] call ggml_backend_sycl_synchronize
[SYCL] call ggml_backend_sycl_synchronize
[SYCL] call ggml_backend_sycl_synchronize
[SYCL] call ggml_backend_sycl_synchronize
[SYCL] call ggml_backend_sycl_synchronize
[SYCL] call ggml_backend_sycl_synchronize
[SYCL] call ggml_backend_sycl_synchronize
[SYCL] call ggml_backend_sycl_synchronize
[SYCL] call ggml_backend_sycl_synchronize
[SYCL] call ggml_backend_sycl_synchronize
[SYCL] call ggml_backend_sycl_synchronize
[SYCL] call ggml_backend_sycl_synchronize
[SYCL] call ggml_backend_sycl_synchronize
[SYCL] call ggml_backend_sycl_synchronize
[SYCL] call ggml_backend_sycl_synchronize
[SYCL] call ggml_backend_sycl_synchronize
[SYCL] call ggml_backend_sycl_synchronize
[SYCL] call ggml_backend_sycl_synchronize
[SYCL] call ggml_backend_sycl_synchronize
[SYCL] call ggml_backend_sycl_synchronize
[SYCL] call ggml_backend_sycl_synchronize
[SYCL] call ggml_backend_sycl_synchronize
[SYCL] call ggml_backend_sycl_synchronize
[SYCL] call ggml_backend_sycl_synchronize
[SYCL] call ggml_backend_sycl_synchronize
[SYCL] call ggml_backend_sycl_synchronize
[SYCL] call ggml_backend_sycl_synchronize
[SYCL] call ggml_backend_sycl_synchronize
[SYCL] call ggml_backend_sycl_synchronize
[SYCL] call ggml_backend_sycl_synchronize
[SYCL] call ggml_backend_sycl_synchronize
[SYCL] call ggml_backend_sycl_synchronize
[SYCL] call ggml_backend_sycl_synchronize
[SYCL] call ggml_backend_sycl_synchronize
[SYCL] call ggml_backend_sycl_synchronize
[SYCL] call ggml_backend_sycl_synchronize
[SYCL] call ggml_backend_sycl_synchronize
[SYCL] call ggml_backend_sycl_synchronize
[SYCL] call ggml_backend_sycl_synchronize
[SYCL] call ggml_backend_sycl_synchronize
[SYCL] call ggml_backend_sycl_synchronize
[SYCL] call ggml_backend_sycl_synchronize
[SYCL] call ggml_backend_sycl_synchronize
[SYCL] call ggml_backend_sycl_synchronize
[SYCL] call ggml_backend_sycl_synchronize
[SYCL] call ggml_backend_sycl_synchronize
[SYCL] call ggml_backend_sycl_synchronize
[SYCL] call ggml_backend_sycl_synchronize
[SYCL] call ggml_backend_sycl_synchronize
[SYCL] call ggml_backend_sycl_synchronize
[SYCL] call ggml_backend_sycl_synchronize
[SYCL] call ggml_backend_sycl_synchronize
[SYCL] call ggml_backend_sycl_synchronize
[SYCL] call ggml_backend_sycl_synchronize
[SYCL] call ggml_backend_sycl_synchronize
[SYCL] call ggml_backend_sycl_synchronize
[SYCL] call ggml_backend_sycl_synchronize
[SYCL] call ggml_backend_sycl_synchronize
[SYCL] call ggml_backend_sycl_synchronize
[SYCL] call ggml_backend_sycl_synchronize
[SYCL] call ggml_backend_sycl_synchronize
[SYCL] call ggml_backend_sycl_synchronize
[SYCL] call ggml_backend_sycl_synchronize
[SYCL] call ggml_backend_sycl_synchronize

llama (Intel(R) Arc(TM) Pro B70 Graphics, MoE): roundtrip not bit-exact [BITDIFF]
  save/reload vs device: 7850/16384 logits differ, max abs 9.313e-10, max rel 1.890e-03
  first difference:      token 4 of 128, vocab 0 of 128 (flat index 512)
  token rows affected:   85 of 128, from 4 to 125
  gate NMSE(dev,reload): 1.124e-14 vs threshold 1.0e-04 -- within tolerance: both models agree to far better than the gate
  NMSE vs CPU:           device 2.945e-11, reloaded 2.945e-11
  (the gate is NMSE; the three lines above it are the ones with the
   resolution to move between runs -- diagnose from those, not from NMSE)
[SYCL] call ggml_backend_sycl_synchronize
[SYCL-GRAPH] clearing active graph state (context-drain)
[MEM-HANDLE] released 0 command-graph retained leases
[POOL-LEG] released 0 graph-retained scratch mem_handles
[GRAPH-UNPIN] Released 0 graph MoE expert mem_handle leases
[GRAPH-UNPIN-WEIGHTS] Released 0 graph weight mem_handle leases
[SYCL-GRAPH] clearing active graph state (context-drain)
[MEM-HANDLE] released 0 command-graph retained leases
[POOL-LEG] released 0 graph-retained scratch mem_handles
[GRAPH-UNPIN] Released 0 graph MoE expert mem_handle leases
[GRAPH-UNPIN-WEIGHTS] Released 0 graph weight mem_handle leases
SYCL TP: Freed all persistent FFN buffers via unified-cache handles
SYCL TP: Freed all persistent attention buffers
[MEM-HANDLE] released 0 command-graph retained leases
[POOL-LEG] released 0 graph-retained scratch mem_handles
[GRAPH-UNPIN] Released 0 graph MoE expert mem_handle leases
[GRAPH-UNPIN-WEIGHTS] Released 0 graph weight mem_handle leases
[POOL-LEG] released 0 graph-retained scratch mem_handles
[UNIFIED-CACHE] reclaim_weight_entries(model-teardown) released direct-stage mirror rows before the reclaim scan: weights=0 experts=0
[UNIFIED-CACHE] reclaim weight entries(model-teardown): erased 0 unpinned 0
[UNIFIED-CACHE] reclaim_weight_entries preserving leased model weight model=4 name_hash=0x53bcfe044f0d7ab3 layout=0 leases=1 owners=0x00000000 site=extra->data_handle[]/preload_model_weights(dense-pin)
[UNIFIED-CACHE] lease ring for name_hash=0x53bcfe044f0d7ab3: seq=0+acquire:direct_stage_weight/mirror seq=1+acquire:direct_stage_weight/publish-out_handle seq=2+acquire:mem_handle/copy-assign seq=3-release:mem_handle/release_lease_state seq=4-release:mem_handle/release_lease_state
[UNIFIED-CACHE] reclaim_weight_entries preserving leased model weight model=4 name_hash=0x521b1f4d40cd780a layout=0 leases=1 owners=0x00000000 site=extra->data_handle[]/preload_model_weights(dense-pin)
[UNIFIED-CACHE] lease ring for name_hash=0x521b1f4d40cd780a: seq=0+acquire:direct_stage_weight/mirror seq=1+acquire:direct_stage_weight/publish-out_handle seq=2+acquire:mem_handle/copy-assign seq=3-release:mem_handle/release_lease_state seq=4-release:mem_handle/release_lease_state
[UNIFIED-CACHE] reclaim_weight_entries preserving leased model weight model=4 name_hash=0x28e162c724839a layout=0 leases=1 owners=0x00000000 site=extra->data_handle[]/preload_model_weights(dense-pin)
[UNIFIED-CACHE] lease ring for name_hash=0x28e162c724839a: seq=0+acquire:direct_stage_weight/mirror seq=1+acquire:direct_stage_weight/publish-out_handle seq=2+acquire:mem_handle/copy-assign seq=3-release:mem_handle/release_lease_state seq=4-release:mem_handle/release_lease_state
[UNIFIED-CACHE] reclaim_weight_entries preserving leased model weight model=4 name_hash=0xcaf5b0fcacce6aea layout=0 leases=1 owners=0x00000000 site=extra->data_handle[]/preload_model_weights(dense-pin)
[UNIFIED-CACHE] lease ring for name_hash=0xcaf5b0fcacce6aea: seq=0+acquire:direct_stage_weight/mirror seq=1+acquire:direct_stage_weight/publish-out_handle seq=2+acquire:mem_handle/copy-assign seq=3-release:mem_handle/release_lease_state seq=4-release:mem_handle/release_lease_state
[UNIFIED-CACHE] reclaim_weight_entries preserving leased model weight model=4 name_hash=0xe5a443ece75be10e layout=0 leases=1 owners=0x00000000 site=extra->data_handle[]/preload_model_weights(dense-pin)
[UNIFIED-CACHE] lease ring for name_hash=0xe5a443ece75be10e: seq=0+acquire:direct_stage_weight/mirror seq=1+acquire:direct_stage_weight/publish-out_handle seq=2+acquire:mem_handle/copy-assign seq=3-release:mem_handle/release_lease_state seq=4-release:mem_handle/release_lease_state
[UNIFIED-CACHE] reclaim_weight_entries preserving leased model weight model=4 name_hash=0xde9943e34534adc3 layout=0 leases=1 owners=0x00000000 site=extra->data_handle[]/preload_model_weights(dense-pin)
[UNIFIED-CACHE] lease ring for name_hash=0xde9943e34534adc3: seq=0+acquire:direct_stage_weight/mirror seq=1+acquire:direct_stage_weight/publish-out_handle seq=2+acquire:mem_handle/copy-assign seq=3-release:mem_handle/release_lease_state seq=4-release:mem_handle/release_lease_state
[UNIFIED-CACHE] reclaim_weight_entries preserving leased model weight model=4 name_hash=0x213f84667dda1dba layout=0 leases=1 owners=0x00000000 site=extra->data_handle[]/preload_model_weights(dense-pin)
[UNIFIED-CACHE] lease ring for name_hash=0x213f84667dda1dba: seq=0+acquire:direct_stage_weight/mirror seq=1+acquire:direct_stage_weight/publish-out_handle seq=2+acquire:mem_handle/copy-assign seq=3-release:mem_handle/release_lease_state seq=4-release:mem_handle/release_lease_state
[UNIFIED-CACHE] reclaim_weight_entries preserving leased model weight model=4 name_hash=0xc65810b3308e2a65 layout=0 leases=1 owners=0x00000000 site=extra->data_handle[]/preload_model_weights(dense-pin)
[UNIFIED-CACHE] lease ring for name_hash=0xc65810b3308e2a65: seq=0+acquire:direct_stage_weight/mirror seq=1+acquire:direct_stage_weight/publish-out_handle seq=2+acquire:mem_handle/copy-assign seq=3-release:mem_handle/release_lease_state seq=4-release:mem_handle/release_lease_state
[UNIFIED-CACHE] reclaim_weight_entries preserving leased model weight model=4 name_hash=0xd04126154633d92a layout=0 leases=1 owners=0x00000000 site=extra->data_handle[]/preload_model_weights(dense-pin)
[UNIFIED-CACHE] lease ring for name_hash=0xd04126154633d92a: seq=0+acquire:direct_stage_weight/mirror seq=1+acquire:direct_stage_weight/publish-out_handle seq=2+acquire:mem_handle/copy-assign seq=3-release:mem_handle/release_lease_state seq=4-release:mem_handle/release_lease_state
[UNIFIED-CACHE] reclaim_weight_entries preserving leased model weight model=4 name_hash=0xeb54b67e9f099c46 layout=0 leases=1 owners=0x00000000 site=extra->data_handle[]/preload_model_weights(dense-pin)
[UNIFIED-CACHE] lease ring for name_hash=0xeb54b67e9f099c46: seq=0+acquire:direct_stage_weight/mirror seq=1+acquire:direct_stage_weight/publish-out_handle seq=2+acquire:mem_handle/copy-assign seq=3-release:mem_handle/release_lease_state seq=4-release:mem_handle/release_lease_state
[UNIFIED-CACHE] reclaim_weight_entries preserving leased model weight model=4 name_hash=0xb235334776d9c72d layout=0 leases=1 owners=0x00000000 site=extra->data_handle[]/preload_model_weights(dense-pin)
[UNIFIED-CACHE] lease ring for name_hash=0xb235334776d9c72d: seq=0+acquire:direct_stage_weight/mirror seq=1+acquire:direct_stage_weight/publish-out_handle seq=2+acquire:mem_handle/copy-assign seq=3-release:mem_handle/release_lease_state seq=4-release:mem_handle/release_lease_state
[UNIFIED-CACHE] reclaim_weight_entries preserving leased model weight model=4 name_hash=0xa7d836df53ff49d4 layout=0 leases=1 owners=0x00000000 site=extra->data_handle[]/preload_model_weights(dense-pin)
[UNIFIED-CACHE] lease ring for name_hash=0xa7d836df53ff49d4: seq=0+acquire:direct_stage_weight/mirror seq=1+acquire:direct_stage_weight/publish-out_handle seq=2+acquire:mem_handle/copy-assign seq=3-release:mem_handle/release_lease_state seq=4-release:mem_handle/release_lease_state
[UNIFIED-CACHE] reclaim_weight_entries preserving leased model weight model=4 name_hash=0xb09204520b9c97f0 layout=0 leases=1 owners=0x00000000 site=extra->data_handle[]/preload_model_weights(dense-pin)
[UNIFIED-CACHE] lease ring for name_hash=0xb09204520b9c97f0: seq=0+acquire:direct_stage_weight/mirror seq=1+acquire:direct_stage_weight/publish-out_handle seq=2+acquire:mem_handle/copy-assign seq=3-release:mem_handle/release_lease_state seq=4-release:mem_handle/release_lease_state
[UNIFIED-CACHE] reclaim_weight_entries preserving leased model weight model=4 name_hash=0x4e1cae023ae18c67 layout=0 leases=1 owners=0x00000000 site=extra->data_handle[]/preload_model_weights(dense-pin)
[UNIFIED-CACHE] lease ring for name_hash=0x4e1cae023ae18c67: seq=0+acquire:direct_stage_weight/mirror seq=1+acquire:direct_stage_weight/publish-out_handle seq=2+acquire:mem_handle/copy-assign seq=3-release:mem_handle/release_lease_state seq=4-release:mem_handle/release_lease_state
[UNIFIED-CACHE] reclaim_weight_entries preserving leased model weight model=4 name_hash=0x47466764d37e580d layout=0 leases=1 owners=0x00000000 site=extra->data_handle[]/preload_model_weights(dense-pin)
[UNIFIED-CACHE] lease ring for name_hash=0x47466764d37e580d: seq=0+acquire:direct_stage_weight/mirror seq=1+acquire:direct_stage_weight/publish-out_handle seq=2+acquire:mem_handle/copy-assign seq=3-release:mem_handle/release_lease_state seq=4-release:mem_handle/release_lease_state
[UNIFIED-CACHE] reclaim_weight_entries preserving leased model weight model=4 name_hash=0xae8ba76e3b151d9e layout=0 leases=1 owners=0x00000000 site=extra->data_handle[]/preload_model_weights(dense-pin)
[UNIFIED-CACHE] lease ring for name_hash=0xae8ba76e3b151d9e: seq=0+acquire:direct_stage_weight/mirror seq=1+acquire:direct_stage_weight/publish-out_handle seq=2+acquire:mem_handle/copy-assign seq=3-release:mem_handle/release_lease_state seq=4-release:mem_handle/release_lease_state
[UNIFIED-CACHE] reclaim_weight_entries preserving leased model weight model=4 name_hash=0x6bbc0b27530c18fc layout=0 leases=1 owners=0x00000000 site=extra->data_handle[]/preload_model_weights(dense-pin)
[UNIFIED-CACHE] lease ring for name_hash=0x6bbc0b27530c18fc: seq=0+acquire:direct_stage_weight/mirror seq=1+acquire:direct_stage_weight/publish-out_handle seq=2+acquire:mem_handle/copy-assign seq=3-release:mem_handle/release_lease_state seq=4-release:mem_handle/release_lease_state
[UNIFIED-CACHE] reclaim_weight_entries preserving leased model weight model=4 name_hash=0xe34f3e7aafdba3a5 layout=0 leases=1 owners=0x00000000 site=extra->data_handle[]/preload_model_weights(dense-pin)
[UNIFIED-CACHE] lease ring for name_hash=0xe34f3e7aafdba3a5: seq=0+acquire:direct_stage_weight/mirror seq=1+acquire:direct_stage_weight/publish-out_handle seq=2+acquire:mem_handle/copy-assign seq=3-release:mem_handle/release_lease_state seq=4-release:mem_handle/release_lease_state
[UNIFIED-CACHE] reclaim_weight_entries preserving leased model weight model=4 name_hash=0x3779a6d76e4c7ee2 layout=0 leases=1 owners=0x00000000 site=extra->data_handle[]/preload_model_weights(dense-pin)
[UNIFIED-CACHE] lease ring for name_hash=0x3779a6d76e4c7ee2: seq=0+acquire:direct_stage_weight/mirror seq=1+acquire:direct_stage_weight/publish-out_handle seq=2+acquire:mem_handle/copy-assign seq=3-release:mem_handle/release_lease_state seq=4-release:mem_handle/release_lease_state
[UNIFIED-CACHE] reclaim_weight_entries preserving leased model weight model=4 name_hash=0x6059a543aef7dbb7 layout=0 leases=1 owners=0x00000000 site=extra->data_handle[]/preload_model_weights(dense-pin)
[UNIFIED-CACHE] lease ring for name_hash=0x6059a543aef7dbb7: seq=0+acquire:direct_stage_weight/mirror seq=1+acquire:direct_stage_weight/publish-out_handle seq=2+acquire:mem_handle/copy-assign seq=3-release:mem_handle/release_lease_state seq=4-release:mem_handle/release_lease_state
[UNIFIED-CACHE] reclaim_weight_entries preserving leased model weight model=4 name_hash=0xab8cfe3bf6a50b9c layout=0 leases=1 owners=0x00000000 site=extra->data_handle[]/preload_model_weights(dense-pin)
[UNIFIED-CACHE] lease ring for name_hash=0xab8cfe3bf6a50b9c: seq=0+acquire:direct_stage_weight/mirror seq=1+acquire:direct_stage_weight/publish-out_handle seq=2+acquire:mem_handle/copy-assign seq=3-release:mem_handle/release_lease_state seq=4-release:mem_handle/release_lease_state
[UNIFIED-CACHE] reclaim_weight_entries preserving leased model weight model=4 name_hash=0x3a931c14a53d5960 layout=0 leases=1 owners=0x00000000 site=extra->data_handle[]/preload_model_weights(dense-pin)
[UNIFIED-CACHE] lease ring for name_hash=0x3a931c14a53d5960: seq=0+acquire:direct_stage_weight/mirror seq=1+acquire:direct_stage_weight/publish-out_handle seq=2+acquire:mem_handle/copy-assign seq=3-release:mem_handle/release_lease_state seq=4-release:mem_handle/release_lease_state
[UNIFIED-CACHE] reclaim_weight_entries preserving leased model weight model=4 name_hash=0x38771636bce5a702 layout=0 leases=1 owners=0x00000000 site=extra->data_handle[]/preload_model_weights(dense-pin)
[UNIFIED-CACHE] lease ring for name_hash=0x38771636bce5a702: seq=0+acquire:direct_stage_weight/mirror seq=1+acquire:direct_stage_weight/publish-out_handle seq=2+acquire:mem_handle/copy-assign seq=3-release:mem_handle/release_lease_state seq=4-release:mem_handle/release_lease_state
[UNIFIED-CACHE] reclaim_weight_entries preserving leased model weight model=4 name_hash=0x15380309041992d9 layout=0 leases=1 owners=0x00000000 site=extra->data_handle[]/preload_model_weights(dense-pin)
[UNIFIED-CACHE] lease ring for name_hash=0x15380309041992d9: seq=0+acquire:direct_stage_weight/mirror seq=1+acquire:direct_stage_weight/publish-out_handle seq=2+acquire:mem_handle/copy-assign seq=3-release:mem_handle/release_lease_state seq=4-release:mem_handle/release_lease_state
[UNIFIED-CACHE] reclaim_weight_entries preserving leased model weight model=4 name_hash=0xe9ca1d4053ae41f9 layout=0 leases=1 owners=0x00000000 site=extra->data_handle[]/preload_model_weights(dense-pin)
[UNIFIED-CACHE] lease ring for name_hash=0xe9ca1d4053ae41f9: seq=0+acquire:direct_stage_weight/mirror seq=1+acquire:direct_stage_weight/publish-out_handle seq=2+acquire:mem_handle/copy-assign seq=3-release:mem_handle/release_lease_state seq=4-release:mem_handle/release_lease_state
[UNIFIED-CACHE] reclaim_weight_entries preserving leased model weight model=4 name_hash=0x348b7dd451046514 layout=0 leases=1 owners=0x00000000 site=extra->data_handle[]/preload_model_weights(dense-pin)
[UNIFIED-CACHE] lease ring for name_hash=0x348b7dd451046514: seq=0+acquire:direct_stage_weight/mirror seq=1+acquire:direct_stage_weight/publish-out_handle seq=2+acquire:mem_handle/copy-assign seq=3-release:mem_handle/release_lease_state seq=4-release:mem_handle/release_lease_state
[UNIFIED-CACHE] reclaim_weight_entries preserving leased model weight model=4 name_hash=0xc0bcce7fc727feb8 layout=0 leases=1 owners=0x00000000 site=extra->data_handle[]/preload_model_weights(dense-pin)
[UNIFIED-CACHE] lease ring for name_hash=0xc0bcce7fc727feb8: seq=0+acquire:direct_stage_weight/mirror seq=1+acquire:direct_stage_weight/publish-out_handle seq=2+acquire:mem_handle/copy-assign seq=3-release:mem_handle/release_lease_state seq=4-release:mem_handle/release_lease_state
[UNIFIED-CACHE] reclaim_weight_entries preserving leased model weight model=4 name_hash=0xad045d15402c08d3 layout=0 leases=1 owners=0x00000000 site=extra->data_handle[]/preload_model_weights(dense-pin)
[UNIFIED-CACHE] lease ring for name_hash=0xad045d15402c08d3: seq=0+acquire:direct_stage_weight/mirror seq=1+acquire:direct_stage_weight/publish-out_handle seq=2+acquire:mem_handle/copy-assign seq=3-release:mem_handle/release_lease_state seq=4-release:mem_handle/release_lease_state
[UNIFIED-CACHE] reclaim_weight_entries preserving leased model weight model=0 name_hash=0xfa2cebe23c7ce880 layout=0 leases=2 owners=0x00000001 site=mem_handle/copy-assign
[UNIFIED-CACHE] lease ring for name_hash=0xfa2cebe23c7ce880: seq=25-release:mem_handle/release_lease_state seq=26-release:mem_handle/release_lease_state seq=27-release:mem_handle/release_lease_state seq=20+acquire:mem_handle/copy-assign seq=21-release:mem_handle/release_lease_state seq=22-release:mem_handle/release_lease_state seq=23+acquire:mem_handle/copy-ctor seq=24+acquire:mem_handle/copy-assign
[UNIFIED-CACHE] reclaim_weight_entries preserving leased model weight model=0 name_hash=0x81cb139cf9389c1a layout=0 leases=2 owners=0x00000001 site=mem_handle/copy-assign
[UNIFIED-CACHE] lease ring for name_hash=0x81cb139cf9389c1a: seq=24+acquire:mem_handle/copy-assign seq=25-release:mem_handle/release_lease_state seq=26-release:mem_handle/release_lease_state seq=27-release:mem_handle/release_lease_state seq=20+acquire:mem_handle/copy-assign seq=21-release:mem_handle/release_lease_state seq=22-release:mem_handle/release_lease_state seq=23+acquire:mem_handle/copy-ctor
[UNIFIED-CACHE] reclaim_weight_entries preserving leased model weight model=0 name_hash=0x79309297d69c2863 layout=0 leases=2 owners=0x00000001 site=mem_handle/copy-assign
[UNIFIED-CACHE] lease ring for name_hash=0x79309297d69c2863: seq=24+acquire:mem_handle/copy-assign seq=25-release:mem_handle/release_lease_state seq=26-release:mem_handle/release_lease_state seq=27-release:mem_handle/release_lease_state seq=20+acquire:mem_handle/copy-assign seq=21-release:mem_handle/release_lease_state seq=22-release:mem_handle/release_lease_state seq=23+acquire:mem_handle/copy-ctor
[UNIFIED-CACHE] reclaim_weight_entries preserving leased model weight model=0 name_hash=0x8ef83253410b0357 layout=0 leases=2 owners=0x00000001 site=mem_handle/copy-assign
[UNIFIED-CACHE] lease ring for name_hash=0x8ef83253410b0357: seq=24+acquire:mem_handle/copy-assign seq=25-release:mem_handle/release_lease_state seq=26-release:mem_handle/release_lease_state seq=27-release:mem_handle/release_lease_state seq=20+acquire:mem_handle/copy-assign seq=21-release:mem_handle/release_lease_state seq=22-release:mem_handle/release_lease_state seq=23+acquire:mem_handle/copy-ctor
[UNIFIED-CACHE] reclaim_weight_entries preserving leased model weight model=4 name_hash=0xe30c0751e9ab32a9 layout=0 leases=1 owners=0x00000000 site=extra->data_handle[]/preload_model_weights(dense-pin)
[UNIFIED-CACHE] lease ring for name_hash=0xe30c0751e9ab32a9: seq=0+acquire:direct_stage_weight/mirror seq=1+acquire:direct_stage_weight/publish-out_handle seq=2+acquire:mem_handle/copy-assign seq=3-release:mem_handle/release_lease_state seq=4-release:mem_handle/release_lease_state
[UNIFIED-CACHE] reclaim_weight_entries preserving leased model weight model=0 name_hash=0x4b836cca1e4139c2 layout=0 leases=2 owners=0x00000001 site=mem_handle/copy-assign
[UNIFIED-CACHE] lease ring for name_hash=0x4b836cca1e4139c2: seq=24+acquire:mem_handle/copy-assign seq=25-release:mem_handle/release_lease_state seq=26-release:mem_handle/release_lease_state seq=27-release:mem_handle/release_lease_state seq=20+acquire:mem_handle/copy-assign seq=21-release:mem_handle/release_lease_state seq=22-release:mem_handle/release_lease_state seq=23+acquire:mem_handle/copy-ctor
[UNIFIED-CACHE] reclaim_weight_entries preserving leased model weight model=4 name_hash=0xd16c818664a0cc0a layout=0 leases=1 owners=0x00000000 site=extra->data_handle[]/preload_model_weights(dense-pin)
[UNIFIED-CACHE] lease ring for name_hash=0xd16c818664a0cc0a: seq=0+acquire:direct_stage_weight/mirror seq=1+acquire:direct_stage_weight/publish-out_handle seq=2+acquire:mem_handle/copy-assign seq=3-release:mem_handle/release_lease_state seq=4-release:mem_handle/release_lease_state
[UNIFIED-CACHE] reclaim_weight_entries preserving leased model weight model=0 name_hash=0x1fa7b913e22dad38 layout=0 leases=2 owners=0x00000001 site=mem_handle/copy-assign
[UNIFIED-CACHE] lease ring for name_hash=0x1fa7b913e22dad38: seq=24+acquire:mem_handle/copy-assign seq=25-release:mem_handle/release_lease_state seq=26-release:mem_handle/release_lease_state seq=27-release:mem_handle/release_lease_state seq=20+acquire:mem_handle/copy-assign seq=21-release:mem_handle/release_lease_state seq=22-release:mem_handle/release_lease_state seq=23+acquire:mem_handle/copy-ctor
[UNIFIED-CACHE] reclaim_weight_entries preserving leased model weight model=0 name_hash=0xcce9ad7a5c60a427 layout=0 leases=2 owners=0x00000001 site=mem_handle/copy-assign
[UNIFIED-CACHE] lease ring for name_hash=0xcce9ad7a5c60a427: seq=24+acquire:mem_handle/copy-assign seq=25-release:mem_handle/release_lease_state seq=26-release:mem_handle/release_lease_state seq=27-release:mem_handle/release_lease_state seq=20+acquire:mem_handle/copy-assign seq=21-release:mem_handle/release_lease_state seq=22-release:mem_handle/release_lease_state seq=23+acquire:mem_handle/copy-ctor
[UNIFIED-CACHE] reclaim_weight_entries preserving leased model weight model=4 name_hash=0xdf7c04510f974718 layout=0 leases=1 owners=0x00000000 site=extra->data_handle[]/preload_model_weights(dense-pin)
[UNIFIED-CACHE] lease ring for name_hash=0xdf7c04510f974718: seq=0+acquire:direct_stage_weight/mirror seq=1+acquire:direct_stage_weight/publish-out_handle seq=2+acquire:mem_handle/copy-assign seq=3-release:mem_handle/release_lease_state seq=4-release:mem_handle/release_lease_state
[UNIFIED-CACHE] reclaim_weight_entries preserving leased model weight model=0 name_hash=0xbf5048183c11916b layout=0 leases=2 owners=0x00000001 site=mem_handle/copy-assign
[UNIFIED-CACHE] lease ring for name_hash=0xbf5048183c11916b: seq=24+acquire:mem_handle/copy-assign seq=25-release:mem_handle/release_lease_state seq=26-release:mem_handle/release_lease_state seq=27-release:mem_handle/release_lease_state seq=20+acquire:mem_handle/copy-assign seq=21-release:mem_handle/release_lease_state seq=22-release:mem_handle/release_lease_state seq=23+acquire:mem_handle/copy-ctor
[UNIFIED-CACHE] reclaim_weight_entries preserving leased model weight model=4 name_hash=0xe4065a55adaaf03f layout=0 leases=1 owners=0x00000000 site=extra->data_handle[]/preload_model_weights(dense-pin)
[UNIFIED-CACHE] lease ring for name_hash=0xe4065a55adaaf03f: seq=0+acquire:direct_stage_weight/mirror seq=1+acquire:direct_stage_weight/publish-out_handle seq=2+acquire:mem_handle/copy-assign seq=3-release:mem_handle/release_lease_state seq=4-release:mem_handle/release_lease_state
[UNIFIED-CACHE] reclaim_weight_entries preserving leased model weight model=4 name_hash=0xef3db2028fcb16a3 layout=0 leases=1 owners=0x00000000 site=extra->data_handle[]/preload_model_weights(dense-pin)
[UNIFIED-CACHE] lease ring for name_hash=0xef3db2028fcb16a3: seq=0+acquire:direct_stage_weight/mirror seq=1+acquire:direct_stage_weight/publish-out_handle seq=2+acquire:mem_handle/copy-assign seq=3-release:mem_handle/release_lease_state seq=4-release:mem_handle/release_lease_state
[UNIFIED-CACHE] reclaim_weight_entries preserving leased model weight model=0 name_hash=0x53bcfe044f0d7ab3 layout=0 leases=2 owners=0x00000001 site=extra->data_handle[]/preload_model_weights(dense-pin)
[UNIFIED-CACHE] lease ring for name_hash=0x53bcfe044f0d7ab3: seq=0+acquire:direct_stage_weight/mirror seq=1+acquire:direct_stage_weight/publish-out_handle seq=2+acquire:mem_handle/copy-assign seq=3-release:mem_handle/release_lease_state
[UNIFIED-CACHE] reclaim_weight_entries preserving leased model weight model=0 name_hash=0x521b1f4d40cd780a layout=0 leases=2 owners=0x00000001 site=extra->data_handle[]/preload_model_weights(dense-pin)
[UNIFIED-CACHE] lease ring for name_hash=0x521b1f4d40cd780a: seq=0+acquire:direct_stage_weight/mirror seq=1+acquire:direct_stage_weight/publish-out_handle seq=2+acquire:mem_handle/copy-assign seq=3-release:mem_handle/release_lease_state
[UNIFIED-CACHE] reclaim_weight_entries preserving leased model weight model=4 name_hash=0x4599df1b04c6b9fb layout=0 leases=1 owners=0x00000000 site=extra->data_handle[]/preload_model_weights(dense-pin)
[UNIFIED-CACHE] lease ring for name_hash=0x4599df1b04c6b9fb: seq=0+acquire:direct_stage_weight/mirror seq=1+acquire:direct_stage_weight/publish-out_handle seq=2+acquire:mem_handle/copy-assign seq=3-release:mem_handle/release_lease_state seq=4-release:mem_handle/release_lease_state
[UNIFIED-CACHE] reclaim_weight_entries preserving leased model weight model=0 name_hash=0x311b9ae764a4abcf layout=0 leases=2 owners=0x00000001 site=extra->data_handle[]/preload_model_weights(dense-pin)
[UNIFIED-CACHE] lease ring for name_hash=0x311b9ae764a4abcf: seq=0+acquire:direct_stage_weight/mirror seq=1+acquire:direct_stage_weight/publish-out_handle seq=2+acquire:mem_handle/copy-assign seq=3-release:mem_handle/release_lease_state
[UNIFIED-CACHE] reclaim_weight_entries preserving leased model weight model=0 name_hash=0xe9ca1d4053ae41f9 layout=0 leases=2 owners=0x00000001 site=extra->data_handle[]/preload_model_weights(dense-pin)
[UNIFIED-CACHE] lease ring for name_hash=0xe9ca1d4053ae41f9: seq=0+acquire:direct_stage_weight/mirror seq=1+acquire:direct_stage_weight/publish-out_handle seq=2+acquire:mem_handle/copy-assign seq=3-release:mem_handle/release_lease_state
[UNIFIED-CACHE] reclaim_weight_entries preserving leased model weight model=4 name_hash=0xf6a1f79a2dffe780 layout=0 leases=1 owners=0x00000000 site=extra->data_handle[]/preload_model_weights(dense-pin)
[UNIFIED-CACHE] lease ring for name_hash=0xf6a1f79a2dffe780: seq=0+acquire:direct_stage_weight/mirror seq=1+acquire:direct_stage_weight/publish-out_handle seq=2+acquire:mem_handle/copy-assign seq=3-release:mem_handle/release_lease_state seq=4-release:mem_handle/release_lease_state
[UNIFIED-CACHE] reclaim_weight_entries preserving leased model weight model=0 name_hash=0xcaf5b0fcacce6aea layout=0 leases=2 owners=0x00000001 site=extra->data_handle[]/preload_model_weights(dense-pin)
[UNIFIED-CACHE] lease ring for name_hash=0xcaf5b0fcacce6aea: seq=0+acquire:direct_stage_weight/mirror seq=1+acquire:direct_stage_weight/publish-out_handle seq=2+acquire:mem_handle/copy-assign seq=3-release:mem_handle/release_lease_state
[UNIFIED-CACHE] reclaim_weight_entries preserving leased model weight model=0 name_hash=0xe5a443ece75be10e layout=0 leases=2 owners=0x00000001 site=extra->data_handle[]/preload_model_weights(dense-pin)
[UNIFIED-CACHE] lease ring for name_hash=0xe5a443ece75be10e: seq=0+acquire:direct_stage_weight/mirror seq=1+acquire:direct_stage_weight/publish-out_handle seq=2+acquire:mem_handle/copy-assign seq=3-release:mem_handle/release_lease_state
[UNIFIED-CACHE] reclaim_weight_entries preserving leased model weight model=4 name_hash=0xa7c2590f0166f6b0 layout=0 leases=1 owners=0x00000000 site=extra->data_handle[]/preload_model_weights(dense-pin)
[UNIFIED-CACHE] lease ring for name_hash=0xa7c2590f0166f6b0: seq=0+acquire:direct_stage_weight/mirror seq=1+acquire:direct_stage_weight/publish-out_handle seq=2+acquire:mem_handle/copy-assign seq=3-release:mem_handle/release_lease_state seq=4-release:mem_handle/release_lease_state
[UNIFIED-CACHE] reclaim_weight_entries preserving leased model weight model=0 name_hash=0x28e162c724839a layout=0 leases=2 owners=0x00000001 site=extra->data_handle[]/preload_model_weights(dense-pin)
[UNIFIED-CACHE] lease ring for name_hash=0x28e162c724839a: seq=0+acquire:direct_stage_weight/mirror seq=1+acquire:direct_stage_weight/publish-out_handle seq=2+acquire:mem_handle/copy-assign seq=3-release:mem_handle/release_lease_state
[UNIFIED-CACHE] reclaim_weight_entries preserving leased model weight model=0 name_hash=0xc0bcce7fc727feb8 layout=0 leases=2 owners=0x00000001 site=extra->data_handle[]/preload_model_weights(dense-pin)
[UNIFIED-CACHE] lease ring for name_hash=0xc0bcce7fc727feb8: seq=0+acquire:direct_stage_weight/mirror seq=1+acquire:direct_stage_weight/publish-out_handle seq=2+acquire:mem_handle/copy-assign seq=3-release:mem_handle/release_lease_state
[UNIFIED-CACHE] reclaim_weight_entries preserving leased model weight model=0 name_hash=0x64cda8f8043233df layout=0 leases=2 owners=0x00000001 site=extra->data_handle[]/preload_model_weights(dense-pin)
[UNIFIED-CACHE] lease ring for name_hash=0x64cda8f8043233df: seq=0+acquire:direct_stage_weight/mirror seq=1+acquire:direct_stage_weight/publish-out_handle seq=2+acquire:mem_handle/copy-assign seq=3-release:mem_handle/release_lease_state
[UNIFIED-CACHE] reclaim_weight_entries preserving leased model weight model=0 name_hash=0xde9943e34534adc3 layout=0 leases=2 owners=0x00000001 site=extra->data_handle[]/preload_model_weights(dense-pin)
[UNIFIED-CACHE] lease ring for name_hash=0xde9943e34534adc3: seq=0+acquire:direct_stage_weight/mirror seq=1+acquire:direct_stage_weight/publish-out_handle seq=2+acquire:mem_handle/copy-assign seq=3-release:mem_handle/release_lease_state
[UNIFIED-CACHE] reclaim_weight_entries preserving leased model weight model=0 name_hash=0x213f84667dda1dba layout=0 leases=2 owners=0x00000001 site=extra->data_handle[]/preload_model_weights(dense-pin)
[UNIFIED-CACHE] lease ring for name_hash=0x213f84667dda1dba: seq=0+acquire:direct_stage_weight/mirror seq=1+acquire:direct_stage_weight/publish-out_handle seq=2+acquire:mem_handle/copy-assign seq=3-release:mem_handle/release_lease_state
[UNIFIED-CACHE] reclaim_weight_entries preserving leased model weight model=0 name_hash=0xc65810b3308e2a65 layout=0 leases=2 owners=0x00000001 site=extra->data_handle[]/preload_model_weights(dense-pin)
[UNIFIED-CACHE] lease ring for name_hash=0xc65810b3308e2a65: seq=0+acquire:direct_stage_weight/mirror seq=1+acquire:direct_stage_weight/publish-out_handle seq=2+acquire:mem_handle/copy-assign seq=3-release:mem_handle/release_lease_state
[UNIFIED-CACHE] reclaim_weight_entries preserving leased model weight model=0 name_hash=0xa038863d6bb466d9 layout=0 leases=2 owners=0x00000001 site=mem_handle/copy-assign
[UNIFIED-CACHE] lease ring for name_hash=0xa038863d6bb466d9: seq=24+acquire:mem_handle/copy-assign seq=25-release:mem_handle/release_lease_state seq=26-release:mem_handle/release_lease_state seq=27-release:mem_handle/release_lease_state seq=20+acquire:mem_handle/copy-assign seq=21-release:mem_handle/release_lease_state seq=22-release:mem_handle/release_lease_state seq=23+acquire:mem_handle/copy-ctor
[UNIFIED-CACHE] reclaim_weight_entries preserving leased model weight model=0 name_hash=0xd04126154633d92a layout=0 leases=2 owners=0x00000001 site=extra->data_handle[]/preload_model_weights(dense-pin)
[UNIFIED-CACHE] lease ring for name_hash=0xd04126154633d92a: seq=0+acquire:direct_stage_weight/mirror seq=1+acquire:direct_stage_weight/publish-out_handle seq=2+acquire:mem_handle/copy-assign seq=3-release:mem_handle/release_lease_state
[UNIFIED-CACHE] reclaim_weight_entries preserving leased model weight model=0 name_hash=0xfbcd64193ed7dd81 layout=0 leases=2 owners=0x00000001 site=mem_handle/copy-assign
[UNIFIED-CACHE] lease ring for name_hash=0xfbcd64193ed7dd81: seq=24+acquire:mem_handle/copy-assign seq=25-release:mem_handle/release_lease_state seq=26-release:mem_handle/release_lease_state seq=27-release:mem_handle/release_lease_state seq=20+acquire:mem_handle/copy-assign seq=21-release:mem_handle/release_lease_state seq=22-release:mem_handle/release_lease_state seq=23+acquire:mem_handle/copy-ctor
[UNIFIED-CACHE] reclaim_weight_entries preserving leased model weight model=0 name_hash=0xa7c2590f0166f6b0 layout=0 leases=2 owners=0x00000001 site=extra->data_handle[]/preload_model_weights(dense-pin)
[UNIFIED-CACHE] lease ring for name_hash=0xa7c2590f0166f6b0: seq=0+acquire:direct_stage_weight/mirror seq=1+acquire:direct_stage_weight/publish-out_handle seq=2+acquire:mem_handle/copy-assign seq=3-release:mem_handle/release_lease_state
[UNIFIED-CACHE] reclaim_weight_entries preserving leased model weight model=0 name_hash=0xd300609ad66701b8 layout=0 leases=2 owners=0x00000001 site=mem_handle/copy-assign
[UNIFIED-CACHE] lease ring for name_hash=0xd300609ad66701b8: seq=24+acquire:mem_handle/copy-assign seq=25-release:mem_handle/release_lease_state seq=26-release:mem_handle/release_lease_state seq=27-release:mem_handle/release_lease_state seq=20+acquire:mem_handle/copy-assign seq=21-release:mem_handle/release_lease_state seq=22-release:mem_handle/release_lease_state seq=23+acquire:mem_handle/copy-ctor
[UNIFIED-CACHE] reclaim_weight_entries preserving leased model weight model=0 name_hash=0xeb54b67e9f099c46 layout=0 leases=2 owners=0x00000001 site=extra->data_handle[]/preload_model_weights(dense-pin)
[UNIFIED-CACHE] lease ring for name_hash=0xeb54b67e9f099c46: seq=0+acquire:direct_stage_weight/mirror seq=1+acquire:direct_stage_weight/publish-out_handle seq=2+acquire:mem_handle/copy-assign seq=3-release:mem_handle/release_lease_state
[UNIFIED-CACHE] reclaim_weight_entries preserving leased model weight model=0 name_hash=0xa7d836df53ff49d4 layout=0 leases=2 owners=0x00000001 site=extra->data_handle[]/preload_model_weights(dense-pin)
[UNIFIED-CACHE] lease ring for name_hash=0xa7d836df53ff49d4: seq=0+acquire:direct_stage_weight/mirror seq=1+acquire:direct_stage_weight/publish-out_handle seq=2+acquire:mem_handle/copy-assign seq=3-release:mem_handle/release_lease_state
[UNIFIED-CACHE] reclaim_weight_entries preserving leased model weight model=0 name_hash=0x6059a543aef7dbb7 layout=0 leases=2 owners=0x00000001 site=extra->data_handle[]/preload_model_weights(dense-pin)
[UNIFIED-CACHE] lease ring for name_hash=0x6059a543aef7dbb7: seq=0+acquire:direct_stage_weight/mirror seq=1+acquire:direct_stage_weight/publish-out_handle seq=2+acquire:mem_handle/copy-assign seq=3-release:mem_handle/release_lease_state
[UNIFIED-CACHE] reclaim_weight_entries preserving leased model weight model=0 name_hash=0xb09204520b9c97f0 layout=0 leases=2 owners=0x00000001 site=extra->data_handle[]/preload_model_weights(dense-pin)
[UNIFIED-CACHE] lease ring for name_hash=0xb09204520b9c97f0: seq=0+acquire:direct_stage_weight/mirror seq=1+acquire:direct_stage_weight/publish-out_handle seq=2+acquire:mem_handle/copy-assign seq=3-release:mem_handle/release_lease_state
[UNIFIED-CACHE] reclaim_weight_entries preserving leased model weight model=4 name_hash=0x64cda8f8043233df layout=0 leases=1 owners=0x00000000 site=extra->data_handle[]/preload_model_weights(dense-pin)
[UNIFIED-CACHE] lease ring for name_hash=0x64cda8f8043233df: seq=0+acquire:direct_stage_weight/mirror seq=1+acquire:direct_stage_weight/publish-out_handle seq=2+acquire:mem_handle/copy-assign seq=3-release:mem_handle/release_lease_state seq=4-release:mem_handle/release_lease_state
[UNIFIED-CACHE] reclaim_weight_entries preserving leased model weight model=0 name_hash=0x4e1cae023ae18c67 layout=0 leases=2 owners=0x00000001 site=extra->data_handle[]/preload_model_weights(dense-pin)
[UNIFIED-CACHE] lease ring for name_hash=0x4e1cae023ae18c67: seq=0+acquire:direct_stage_weight/mirror seq=1+acquire:direct_stage_weight/publish-out_handle seq=2+acquire:mem_handle/copy-assign seq=3-release:mem_handle/release_lease_state
[UNIFIED-CACHE] reclaim_weight_entries preserving leased model weight model=0 name_hash=0x47466764d37e580d layout=0 leases=2 owners=0x00000001 site=extra->data_handle[]/preload_model_weights(dense-pin)
[UNIFIED-CACHE] lease ring for name_hash=0x47466764d37e580d: seq=0+acquire:direct_stage_weight/mirror seq=1+acquire:direct_stage_weight/publish-out_handle seq=2+acquire:mem_handle/copy-assign seq=3-release:mem_handle/release_lease_state
[UNIFIED-CACHE] reclaim_weight_entries preserving leased model weight model=0 name_hash=0xae8ba76e3b151d9e layout=0 leases=2 owners=0x00000001 site=extra->data_handle[]/preload_model_weights(dense-pin)
[UNIFIED-CACHE] lease ring for name_hash=0xae8ba76e3b151d9e: seq=0+acquire:direct_stage_weight/mirror seq=1+acquire:direct_stage_weight/publish-out_handle seq=2+acquire:mem_handle/copy-assign seq=3-release:mem_handle/release_lease_state
[UNIFIED-CACHE] reclaim_weight_entries preserving leased model weight model=0 name_hash=0xf6a1f79a2dffe780 layout=0 leases=2 owners=0x00000001 site=extra->data_handle[]/preload_model_weights(dense-pin)
[UNIFIED-CACHE] lease ring for name_hash=0xf6a1f79a2dffe780: seq=0+acquire:direct_stage_weight/mirror seq=1+acquire:direct_stage_weight/publish-out_handle seq=2+acquire:mem_handle/copy-assign seq=3-release:mem_handle/release_lease_state
[UNIFIED-CACHE] reclaim_weight_entries preserving leased model weight model=0 name_hash=0xe30c0751e9ab32a9 layout=0 leases=2 owners=0x00000001 site=extra->data_handle[]/preload_model_weights(dense-pin)
[UNIFIED-CACHE] lease ring for name_hash=0xe30c0751e9ab32a9: seq=0+acquire:direct_stage_weight/mirror seq=1+acquire:direct_stage_weight/publish-out_handle seq=2+acquire:mem_handle/copy-assign seq=3-release:mem_handle/release_lease_state
[UNIFIED-CACHE] reclaim_weight_entries preserving leased model weight model=4 name_hash=0xe7d3c5e727a81c4d layout=0 leases=1 owners=0x00000000 site=extra->data_handle[]/preload_model_weights(dense-pin)
[UNIFIED-CACHE] lease ring for name_hash=0xe7d3c5e727a81c4d: seq=0+acquire:direct_stage_weight/mirror seq=1+acquire:direct_stage_weight/publish-out_handle seq=2+acquire:mem_handle/copy-assign seq=3-release:mem_handle/release_lease_state seq=4-release:mem_handle/release_lease_state
[UNIFIED-CACHE] reclaim_weight_entries preserving leased model weight model=0 name_hash=0xaed088ad06d329a3 layout=0 leases=2 owners=0x00000001 site=extra->data_handle[]/preload_model_weights(dense-pin)
[UNIFIED-CACHE] lease ring for name_hash=0xaed088ad06d329a3: seq=0+acquire:direct_stage_weight/mirror seq=1+acquire:direct_stage_weight/publish-out_handle seq=2+acquire:mem_handle/copy-assign seq=3-release:mem_handle/release_lease_state
[UNIFIED-CACHE] reclaim_weight_entries preserving leased model weight model=0 name_hash=0xdf7c04510f974718 layout=0 leases=2 owners=0x00000001 site=extra->data_handle[]/preload_model_weights(dense-pin)
[UNIFIED-CACHE] lease ring for name_hash=0xdf7c04510f974718: seq=0+acquire:direct_stage_weight/mirror seq=1+acquire:direct_stage_weight/publish-out_handle seq=2+acquire:mem_handle/copy-assign seq=3-release:mem_handle/release_lease_state
[UNIFIED-CACHE] reclaim_weight_entries preserving leased model weight model=0 name_hash=0x6bbc0b27530c18fc layout=0 leases=2 owners=0x00000001 site=extra->data_handle[]/preload_model_weights(dense-pin)
[UNIFIED-CACHE] lease ring for name_hash=0x6bbc0b27530c18fc: seq=0+acquire:direct_stage_weight/mirror seq=1+acquire:direct_stage_weight/publish-out_handle seq=2+acquire:mem_handle/copy-assign seq=3-release:mem_handle/release_lease_state
[UNIFIED-CACHE] reclaim_weight_entries preserving leased model weight model=0 name_hash=0xb235334776d9c72d layout=0 leases=2 owners=0x00000001 site=extra->data_handle[]/preload_model_weights(dense-pin)
[UNIFIED-CACHE] lease ring for name_hash=0xb235334776d9c72d: seq=0+acquire:direct_stage_weight/mirror seq=1+acquire:direct_stage_weight/publish-out_handle seq=2+acquire:mem_handle/copy-assign seq=3-release:mem_handle/release_lease_state
[UNIFIED-CACHE] reclaim_weight_entries preserving leased model weight model=0 name_hash=0xe34f3e7aafdba3a5 layout=0 leases=2 owners=0x00000001 site=extra->data_handle[]/preload_model_weights(dense-pin)
[UNIFIED-CACHE] lease ring for name_hash=0xe34f3e7aafdba3a5: seq=0+acquire:direct_stage_weight/mirror seq=1+acquire:direct_stage_weight/publish-out_handle seq=2+acquire:mem_handle/copy-assign seq=3-release:mem_handle/release_lease_state
[UNIFIED-CACHE] reclaim_weight_entries preserving leased model weight model=0 name_hash=0x5f062fc81c4478b3 layout=0 leases=2 owners=0x00000001 site=mem_handle/copy-assign
[UNIFIED-CACHE] lease ring for name_hash=0x5f062fc81c4478b3: seq=24+acquire:mem_handle/copy-assign seq=25-release:mem_handle/release_lease_state seq=26-release:mem_handle/release_lease_state seq=27-release:mem_handle/release_lease_state seq=20+acquire:mem_handle/copy-assign seq=21-release:mem_handle/release_lease_state seq=22-release:mem_handle/release_lease_state seq=23+acquire:mem_handle/copy-ctor
[UNIFIED-CACHE] reclaim_weight_entries preserving leased model weight model=0 name_hash=0xd16c818664a0cc0a layout=0 leases=2 owners=0x00000001 site=extra->data_handle[]/preload_model_weights(dense-pin)
[UNIFIED-CACHE] lease ring for name_hash=0xd16c818664a0cc0a: seq=0+acquire:direct_stage_weight/mirror seq=1+acquire:direct_stage_weight/publish-out_handle seq=2+acquire:mem_handle/copy-assign seq=3-release:mem_handle/release_lease_state
[UNIFIED-CACHE] reclaim_weight_entries preserving leased model weight model=0 name_hash=0x3779a6d76e4c7ee2 layout=0 leases=2 owners=0x00000001 site=extra->data_handle[]/preload_model_weights(dense-pin)
[UNIFIED-CACHE] lease ring for name_hash=0x3779a6d76e4c7ee2: seq=0+acquire:direct_stage_weight/mirror seq=1+acquire:direct_stage_weight/publish-out_handle seq=2+acquire:mem_handle/copy-assign seq=3-release:mem_handle/release_lease_state
[UNIFIED-CACHE] reclaim_weight_entries preserving leased model weight model=0 name_hash=0xe4065a55adaaf03f layout=0 leases=2 owners=0x00000001 site=extra->data_handle[]/preload_model_weights(dense-pin)
[UNIFIED-CACHE] lease ring for name_hash=0xe4065a55adaaf03f: seq=0+acquire:direct_stage_weight/mirror seq=1+acquire:direct_stage_weight/publish-out_handle seq=2+acquire:mem_handle/copy-assign seq=3-release:mem_handle/release_lease_state
[UNIFIED-CACHE] reclaim_weight_entries preserving leased model weight model=0 name_hash=0xd46dcd1b728c981f layout=0 leases=2 owners=0x00000001 site=extra->data_handle[]/preload_model_weights(dense-pin)
[UNIFIED-CACHE] lease ring for name_hash=0xd46dcd1b728c981f: seq=0+acquire:direct_stage_weight/mirror seq=1+acquire:direct_stage_weight/publish-out_handle seq=2+acquire:mem_handle/copy-assign seq=3-release:mem_handle/release_lease_state
[UNIFIED-CACHE] reclaim_weight_entries preserving leased model weight model=0 name_hash=0xab8cfe3bf6a50b9c layout=0 leases=2 owners=0x00000001 site=extra->data_handle[]/preload_model_weights(dense-pin)
[UNIFIED-CACHE] lease ring for name_hash=0xab8cfe3bf6a50b9c: seq=0+acquire:direct_stage_weight/mirror seq=1+acquire:direct_stage_weight/publish-out_handle seq=2+acquire:mem_handle/copy-assign seq=3-release:mem_handle/release_lease_state
[UNIFIED-CACHE] reclaim_weight_entries preserving leased model weight model=0 name_hash=0x3a931c14a53d5960 layout=0 leases=2 owners=0x00000001 site=extra->data_handle[]/preload_model_weights(dense-pin)
[UNIFIED-CACHE] lease ring for name_hash=0x3a931c14a53d5960: seq=0+acquire:direct_stage_weight/mirror seq=1+acquire:direct_stage_weight/publish-out_handle seq=2+acquire:mem_handle/copy-assign seq=3-release:mem_handle/release_lease_state
[UNIFIED-CACHE] reclaim_weight_entries preserving leased model weight model=4 name_hash=0xd46dcd1b728c981f layout=0 leases=1 owners=0x00000000 site=extra->data_handle[]/preload_model_weights(dense-pin)
[UNIFIED-CACHE] lease ring for name_hash=0xd46dcd1b728c981f: seq=0+acquire:direct_stage_weight/mirror seq=1+acquire:direct_stage_weight/publish-out_handle seq=2+acquire:mem_handle/copy-assign seq=3-release:mem_handle/release_lease_state seq=4-release:mem_handle/release_lease_state
[UNIFIED-CACHE] reclaim_weight_entries preserving leased model weight model=0 name_hash=0x38771636bce5a702 layout=0 leases=2 owners=0x00000001 site=extra->data_handle[]/preload_model_weights(dense-pin)
[UNIFIED-CACHE] lease ring for name_hash=0x38771636bce5a702: seq=0+acquire:direct_stage_weight/mirror seq=1+acquire:direct_stage_weight/publish-out_handle seq=2+acquire:mem_handle/copy-assign seq=3-release:mem_handle/release_lease_state
[UNIFIED-CACHE] reclaim_weight_entries preserving leased model weight model=0 name_hash=0x3ba5a6821b6511e0 layout=0 leases=2 owners=0x00000001 site=extra->data_handle[]/preload_model_weights(dense-pin)
[UNIFIED-CACHE] lease ring for name_hash=0x3ba5a6821b6511e0: seq=0+acquire:direct_stage_weight/mirror seq=1+acquire:direct_stage_weight/publish-out_handle seq=2+acquire:mem_handle/copy-assign seq=3-release:mem_handle/release_lease_state
[UNIFIED-CACHE] reclaim_weight_entries preserving leased model weight model=0 name_hash=0x15380309041992d9 layout=0 leases=2 owners=0x00000001 site=extra->data_handle[]/preload_model_weights(dense-pin)
[UNIFIED-CACHE] lease ring for name_hash=0x15380309041992d9: seq=0+acquire:direct_stage_weight/mirror seq=1+acquire:direct_stage_weight/publish-out_handle seq=2+acquire:mem_handle/copy-assign seq=3-release:mem_handle/release_lease_state
[UNIFIED-CACHE] reclaim_weight_entries preserving leased model weight model=4 name_hash=0xaed088ad06d329a3 layout=0 leases=1 owners=0x00000000 site=extra->data_handle[]/preload_model_weights(dense-pin)
[UNIFIED-CACHE] lease ring for name_hash=0xaed088ad06d329a3: seq=0+acquire:direct_stage_weight/mirror seq=1+acquire:direct_stage_weight/publish-out_handle seq=2+acquire:mem_handle/copy-assign seq=3-release:mem_handle/release_lease_state seq=4-release:mem_handle/release_lease_state
[UNIFIED-CACHE] reclaim_weight_entries preserving leased model weight model=0 name_hash=0x4599df1b04c6b9fb layout=0 leases=2 owners=0x00000001 site=extra->data_handle[]/preload_model_weights(dense-pin)
[UNIFIED-CACHE] lease ring for name_hash=0x4599df1b04c6b9fb: seq=0+acquire:direct_stage_weight/mirror seq=1+acquire:direct_stage_weight/publish-out_handle seq=2+acquire:mem_handle/copy-assign seq=3-release:mem_handle/release_lease_state
[UNIFIED-CACHE] reclaim_weight_entries preserving leased model weight model=0 name_hash=0xe7d3c5e727a81c4d layout=0 leases=2 owners=0x00000001 site=extra->data_handle[]/preload_model_weights(dense-pin)
[UNIFIED-CACHE] lease ring for name_hash=0xe7d3c5e727a81c4d: seq=0+acquire:direct_stage_weight/mirror seq=1+acquire:direct_stage_weight/publish-out_handle seq=2+acquire:mem_handle/copy-assign seq=3-release:mem_handle/release_lease_state
[UNIFIED-CACHE] reclaim_weight_entries preserving leased model weight model=4 name_hash=0x3ba5a6821b6511e0 layout=0 leases=1 owners=0x00000000 site=extra->data_handle[]/preload_model_weights(dense-pin)
[UNIFIED-CACHE] lease ring for name_hash=0x3ba5a6821b6511e0: seq=0+acquire:direct_stage_weight/mirror seq=1+acquire:direct_stage_weight/publish-out_handle seq=2+acquire:mem_handle/copy-assign seq=3-release:mem_handle/release_lease_state seq=4-release:mem_handle/release_lease_state
[UNIFIED-CACHE] reclaim_weight_entries preserving leased model weight model=0 name_hash=0xef3db2028fcb16a3 layout=0 leases=2 owners=0x00000001 site=extra->data_handle[]/preload_model_weights(dense-pin)
[UNIFIED-CACHE] lease ring for name_hash=0xef3db2028fcb16a3: seq=0+acquire:direct_stage_weight/mirror seq=1+acquire:direct_stage_weight/publish-out_handle seq=2+acquire:mem_handle/copy-assign seq=3-release:mem_handle/release_lease_state
[UNIFIED-CACHE] reclaim_weight_entries preserving leased model weight model=0 name_hash=0x348b7dd451046514 layout=0 leases=2 owners=0x00000001 site=extra->data_handle[]/preload_model_weights(dense-pin)
[UNIFIED-CACHE] lease ring for name_hash=0x348b7dd451046514: seq=0+acquire:direct_stage_weight/mirror seq=1+acquire:direct_stage_weight/publish-out_handle seq=2+acquire:mem_handle/copy-assign seq=3-release:mem_handle/release_lease_state
[UNIFIED-CACHE] reclaim_weight_entries preserving leased model weight model=4 name_hash=0x311b9ae764a4abcf layout=0 leases=1 owners=0x00000000 site=extra->data_handle[]/preload_model_weights(dense-pin)
[UNIFIED-CACHE] lease ring for name_hash=0x311b9ae764a4abcf: seq=0+acquire:direct_stage_weight/mirror seq=1+acquire:direct_stage_weight/publish-out_handle seq=2+acquire:mem_handle/copy-assign seq=3-release:mem_handle/release_lease_state seq=4-release:mem_handle/release_lease_state
[UNIFIED-CACHE] reclaim_weight_entries preserving leased model weight model=0 name_hash=0xad045d15402c08d3 layout=0 leases=2 owners=0x00000001 site=extra->data_handle[]/preload_model_weights(dense-pin)
[UNIFIED-CACHE] lease ring for name_hash=0xad045d15402c08d3: seq=0+acquire:direct_stage_weight/mirror seq=1+acquire:direct_stage_weight/publish-out_handle seq=2+acquire:mem_handle/copy-assign seq=3-release:mem_handle/release_lease_state
[UNIFIED-CACHE] reclaim weight entries(model-teardown): erased 0 unpinned 42
[ZONE-RESET-AUDIT] NEW-ESCAPE site=weight-reclaim/model-teardown:dev0 graph=8 alloc_id=6033976895229229747 size=2048 role=0 category=1 tier=0 cohort=weight:leaked_lease
[ZONE-RESET-AUDIT] NEW-ESCAPE site=weight-reclaim/model-teardown:dev0 graph=8 alloc_id=6033976895229229747 size=2048 role=0 category=2 tier=0 cohort=weight:leased
[SYCL] model slot 1 released: 60 registry rows, 0 cache entries reclaimed
|           llama|Intel(R) Arc(TM) Pro B70 Graphics|   MoE|  [1;32mOK[0m (2.95e-11)|  [1;36mBITDIFF[0m|
[SYCL] call ggml_backend_sycl_synchronize
[SYCL-GRAPH] clearing active graph state (context-drain)
[MEM-HANDLE] released 0 command-graph retained leases
[POOL-LEG] released 0 graph-retained scratch mem_handles
[GRAPH-UNPIN] Released 0 graph MoE expert mem_handle leases
[GRAPH-UNPIN-WEIGHTS] Released 0 graph weight mem_handle leases
[SYCL-GRAPH] clearing active graph state (context-drain)
[MEM-HANDLE] released 0 command-graph retained leases
[POOL-LEG] released 0 graph-retained scratch mem_handles
[GRAPH-UNPIN] Released 0 graph MoE expert mem_handle leases
[GRAPH-UNPIN-WEIGHTS] Released 0 graph weight mem_handle leases
SYCL TP: Freed all persistent FFN buffers via unified-cache handles
SYCL TP: Freed all persistent attention buffers
[MEM-HANDLE] released 0 command-graph retained leases
[POOL-LEG] released 0 graph-retained scratch mem_handles
[GRAPH-UNPIN] Released 0 graph MoE expert mem_handle leases
[GRAPH-UNPIN-WEIGHTS] Released 0 graph weight mem_handle leases
[POOL-LEG] released 0 graph-retained scratch mem_handles
[UNIFIED-CACHE] reclaim_weight_entries(model-teardown) released direct-stage mirror rows before the reclaim scan: weights=0 experts=0
[UNIFIED-CACHE] reclaim weight entries(model-teardown): erased 0 unpinned 0
[UNIFIED-CACHE] reclaim_weight_entries(model-teardown) released direct-stage mirror rows before the reclaim scan: weights=84 experts=12
[UNIFIED-CACHE] reclaim weight entries(model-teardown): erased 96 unpinned 54
[SYCL] model slot 0 released: 60 registry rows, 96 cache entries reclaimed
test case: llama (Intel(R) Core(TM) Ultra 7 265K, MoE)
|           llama|   Intel(R) Core(TM) Ultra 7 265K|   MoE|  [1;32mOK[0m (0.00e+00)|       [1;32mOK[0m|
test case: llama (Meta, MoE)
|           llama|                             Meta|   MoE|[1;33mSKIP[0m           |     [1;33mSKIP[0m|
Roundtrip gate: NMSE(device, reloaded) <= 1e-04, not bit-equality. 2 row(s) round-tripped within tolerance but not bit-for-bit.
[ZONE-RESET-AUDIT] ==== escape inventory (process-exit) graphs=8 ====
0.04.476.065 W [ZONE-RESET-AUDIT] ==== escape inventory (process-exit) graphs=8 ====
0.04.476.100 W [ZONE-RESET-AUDIT] site=device-zone-reset/SCRATCH:dev0 visits=8 visits_with_live=0 live_max=0 live_total=0 distinct_sizes=0 distinct_cohorts=0 graphs=[0..7]
[ZONE-RESET-AUDIT] site=device-zone-reset/SCRATCH:dev0 visits=8 visits_with_live=0 live_max=0 live_total=0 distinct_sizes=0 distinct_cohorts=0 graphs=[0..7]
[ZONE-RESET-AUDIT]   largest_free first=512.00 MB last=512.00 MB min=512.00 MB
[ZONE-RESET-AUDIT] site=device-zone-reset/SCRATCH:dev1 visits=8 visits_with_live=0 live_max=0 live_total=0 distinct_sizes=0 distinct_cohorts=0 graphs=[0..7]
[ZONE-RESET-AUDIT]   largest_free first=512.00 MB last=512.00 MB min=512.00 MB
[ZONE-RESET-AUDIT] site=host-zone-reset/SCRATCH visits=8 visits_with_live=0 live_max=0 live_total=0 distinct_sizes=0 distinct_cohorts=0 graphs=[1..8]
[ZONE-RESET-AUDIT]   largest_free first=64.00 MB last=64.00 MB min=64.00 MB
[ZONE-RESET-AUDIT] site=host-zone-reset/STAGING visits=8 visits_with_live=0 live_max=0 live_total=0 distinct_sizes=0 distinct_cohorts=0 graphs=[1..8]
[ZONE-RESET-AUDIT]   largest_free first=64.00 MB last=64.00 MB min=64.00 MB
[ZONE-RESET-AUDIT] site=scratch-pool-reset/bump:dev0 visits=8 visits_with_live=0 live_max=0 live_total=0 distinct_sizes=0 distinct_cohorts=0 graphs=[1..8]
[ZONE-RESET-AUDIT] site=weight-reclaim/load-boundary:dev0 visits=4 visits_with_live=2 live_max=64 live_total=118 distinct_sizes=8 distinct_cohorts=1 graphs=[0..6]
[ZONE-RESET-AUDIT]   largest_free first=29472.04 MB last=29465.27 MB min=29465.27 MB
[ZONE-RESET-AUDIT]   cohort=weight:leased size=4 occurrences=44 graphs=2 per_graph=22.00 distinct_alloc_ids=28 role=0 category=2 tier=0 -> REALLOC-EVERY-GRAPH (retention candidate)
0.04.476.171 W [ZONE-RESET-AUDIT]   largest_free first=512.00 MB last=512.00 MB min=512.00 MB
0.04.476.175 W [ZONE-RESET-AUDIT] site=device-zone-reset/SCRATCH:dev1 visits=8 visits_with_live=0 live_max=0 live_total=0 distinct_sizes=0 distinct_cohorts=0 graphs=[0..7]
0.04.476.176 W [ZONE-RESET-AUDIT]   largest_free first=512.00 MB last=512.00 MB min=512.00 MB
0.04.476.178 W [ZONE-RESET-AUDIT] site=host-zone-reset/SCRATCH visits=8 visits_with_live=0 live_max=0 live_total=0 distinct_sizes=0 distinct_cohorts=0 graphs=[1..8]
0.04.476.179 W [ZONE-RESET-AUDIT]   largest_free first=64.00 MB last=64.00 MB min=64.00 MB
0.04.476.180 W [ZONE-RESET-AUDIT] site=host-zone-reset/STAGING visits=8 visits_with_live=0 live_max=0 live_total=0 distinct_sizes=0 distinct_cohorts=0 graphs=[1..8]
0.04.476.182 W [ZONE-RESET-AUDIT]   largest_free first=64.00 MB last=64.00 MB min=64.00 MB
0.04.476.183 W [ZONE-RESET-AUDIT] site=scratch-pool-reset/bump:dev0 visits=8 visits_with_live=0 live_max=0 live_total=0 distinct_sizes=0 distinct_cohorts=0 graphs=[1..8]
0.04.476.184 W [ZONE-RESET-AUDIT] site=weight-reclaim/load-boundary:dev0 visits=4 visits_with_live=2 live_max=64 live_total=118 distinct_sizes=8 distinct_cohorts=1 graphs=[0..6]
0.04.476.186 W [ZONE-RESET-AUDIT]   largest_free first=29472.04 MB last=29465.27 MB min=29465.27 MB
0.04.476.188 W [ZONE-RESET-AUDIT]   cohort=weight:leased size=4 occurrences=44 graphs=2 per_graph=22.00 distinct_alloc_ids=28 role=0 category=2 tier=0 -> REALLOC-EVERY-GRAPH (retention candidate)
[ZONE-RESET-AUDIT]   cohort=weight:leased size=256 occurrences=2 graphs=2 per_graph=1.00 distinct_alloc_ids=1 role=0 category=2 tier=0 -> RETAINED (lifetime bug only)
[ZONE-RESET-AUDIT]   cohort=weight:leased size=1024 occurrences=28 graphs=2 per_graph=14.00 distinct_alloc_ids=15 role=0 category=2 tier=0 -> REALLOC-EVERY-GRAPH (retention candidate)
[ZONE-RESET-AUDIT]   cohort=weight:leased size=1536 occurrences=4 graphs=1 per_graph=4.00 distinct_alloc_ids=4 role=0 category=2 tier=0 -> single-shot
[ZONE-RESET-AUDIT]   cohort=weight:leased size=2048 occurrences=2 graphs=1 per_graph=2.00 distinct_alloc_ids=2 role=0 category=2 tier=0 -> single-shot
[ZONE-RESET-AUDIT]   cohort=weight:leased size=131072 occurrences=4 graphs=2 per_graph=2.00 distinct_alloc_ids=2 role=0 category=2 tier=0 -> RETAINED (lifetime bug only)
[ZONE-RESET-AUDIT]   cohort=weight:leased size=262144 occurrences=16 graphs=2 per_graph=8.00 distinct_alloc_ids=8 role=0 category=2 tier=0 -> REALLOC-EVERY-GRAPH (retention candidate)
[ZONE-RESET-AUDIT]   cohort=weight:leased size=393216 occurrences=18 graphs=2 per_graph=9.00 distinct_alloc_ids=18 role=0 category=2 tier=0 -> REALLOC-EVERY-GRAPH (retention candidate)
[ZONE-RESET-AUDIT]   size-histogram 4 x44
[ZONE-RESET-AUDIT]   size-histogram 256 x2
[ZONE-RESET-AUDIT]   size-histogram 1024 x28
[ZONE-RESET-AUDIT]   size-histogram 1536 x4
[ZONE-RESET-AUDIT]   size-histogram 2048 x2
[ZONE-RESET-AUDIT]   size-histogram 131072 x4
[ZONE-RESET-AUDIT]   size-histogram 262144 x16
[ZONE-RESET-AUDIT]   size-histogram 393216 x18
[ZONE-RESET-AUDIT] site=weight-reclaim/load-boundary:dev1 visits=4 visits_with_live=0 live_max=0 live_total=0 distinct_sizes=0 distinct_cohorts=0 graphs=[0..6]
[ZONE-RESET-AUDIT]   largest_free first=13520.00 MB last=13520.00 MB min=13520.00 MB
[ZONE-RESET-AUDIT] site=weight-reclaim/mid-load-replan:dev0 visits=4 visits_with_live=2 live_max=64 live_total=118 distinct_sizes=8 distinct_cohorts=1 graphs=[0..6]
[ZONE-RESET-AUDIT]   largest_free first=29472.04 MB last=29465.27 MB min=29465.27 MB
[ZONE-RESET-AUDIT]   cohort=weight:leased size=4 occurrences=44 graphs=2 per_graph=22.00 distinct_alloc_ids=28 role=0 category=2 tier=0 -> REALLOC-EVERY-GRAPH (retention candidate)
[ZONE-RESET-AUDIT]   cohort=weight:leased size=256 occurrences=2 graphs=2 per_graph=1.00 distinct_alloc_ids=1 role=0 category=2 tier=0 -> RETAINED (lifetime bug only)
[ZONE-RESET-AUDIT]   cohort=weight:leased size=1024 occurrences=28 graphs=2 per_graph=14.00 distinct_alloc_ids=15 role=0 category=2 tier=0 -> REALLOC-EVERY-GRAPH (retention candidate)
[ZONE-RESET-AUDIT]   cohort=weight:leased size=1536 occurrences=4 graphs=1 per_graph=4.00 distinct_alloc_ids=4 role=0 category=2 tier=0 -> single-shot
[ZONE-RESET-AUDIT]   cohort=weight:leased size=2048 occurrences=2 graphs=1 per_graph=2.00 distinct_alloc_ids=2 role=0 category=2 tier=0 -> single-shot
[ZONE-RESET-AUDIT]   cohort=weight:leased size=131072 occurrences=4 graphs=2 per_graph=2.00 distinct_alloc_ids=2 role=0 category=2 tier=0 -> RETAINED (lifetime bug only)
[ZONE-RESET-AUDIT]   cohort=weight:leased size=262144 occurrences=16 graphs=2 per_graph=8.00 distinct_alloc_ids=8 role=0 category=2 tier=0 -> REALLOC-EVERY-GRAPH (retention candidate)
[ZONE-RESET-AUDIT]   cohort=weight:leased size=393216 occurrences=18 graphs=2 per_graph=9.00 distinct_alloc_ids=18 role=0 category=2 tier=0 -> REALLOC-EVERY-GRAPH (retention candidate)
[ZONE-RESET-AUDIT]   size-histogram 4 x44
[ZONE-RESET-AUDIT]   size-histogram 256 x2
[ZONE-RESET-AUDIT]   size-histogram 1024 x28
[ZONE-RESET-AUDIT]   size-histogram 1536 x4
[ZONE-RESET-AUDIT]   size-histogram 2048 x2
[ZONE-RESET-AUDIT]   size-histogram 131072 x4
[ZONE-RESET-AUDIT]   size-histogram 262144 x16
[ZONE-RESET-AUDIT]   size-histogram 393216 x18
[ZONE-RESET-AUDIT] site=weight-reclaim/mid-load-replan:dev1 visits=2 visits_with_live=0 live_max=0 live_total=0 distinct_sizes=0 distinct_cohorts=0 graphs=[4..6]
[ZONE-RESET-AUDIT]   largest_free first=13520.00 MB last=13520.00 MB min=13520.00 MB
[ZONE-RESET-AUDIT] site=weight-reclaim/model-teardown:dev0 visits=4 visits_with_live=2 live_max=128 live_total=224 distinct_sizes=8 distinct_cohorts=2 graphs=[4..8]
[ZONE-RESET-AUDIT]   largest_free first=29462.98 MB last=29463.00 MB min=29462.98 MB
[ZONE-RESET-AUDIT]   cohort=weight:leaked_lease size=4 occurrences=44 graphs=2 per_graph=22.00 distinct_alloc_ids=28 role=0 category=1 tier=0 -> REALLOC-EVERY-GRAPH (retention candidate)
[ZONE-RESET-AUDIT]   cohort=weight:leaked_lease size=256 occurrences=2 graphs=2 per_graph=1.00 distinct_alloc_ids=1 role=0 category=1 tier=0 -> RETAINED (lifetime bug only)
[ZONE-RESET-AUDIT]   cohort=weight:leaked_lease size=1024 occurrences=28 graphs=2 per_graph=14.00 distinct_alloc_ids=15 role=0 category=1 tier=0 -> REALLOC-EVERY-GRAPH (retention candidate)
[ZONE-RESET-AUDIT]   cohort=weight:leaked_lease size=1536 occurrences=4 graphs=1 per_graph=4.00 distinct_alloc_ids=4 role=0 category=1 tier=0 -> single-shot
[ZONE-RESET-AUDIT]   cohort=weight:leaked_lease size=2048 occurrences=2 graphs=1 per_graph=2.00 distinct_alloc_ids=2 role=0 category=1 tier=0 -> single-shot
[ZONE-RESET-AUDIT]   cohort=weight:leaked_lease size=131072 occurrences=4 graphs=2 per_graph=2.00 distinct_alloc_ids=2 role=0 category=1 tier=0 -> RETAINED (lifetime bug only)
[ZONE-RESET-AUDIT]   cohort=weight:leaked_lease size=262144 occurrences=16 graphs=2 per_graph=8.00 distinct_alloc_ids=8 role=0 category=1 tier=0 -> REALLOC-EVERY-GRAPH (retention candidate)
[ZONE-RESET-AUDIT]   cohort=weight:leaked_lease size=393216 occurrences=6 graphs=1 per_graph=6.00 distinct_alloc_ids=6 role=0 category=1 tier=0 -> single-shot
[ZONE-RESET-AUDIT]   cohort=weight:leased size=4 occurrences=44 graphs=2 per_graph=22.00 distinct_alloc_ids=28 role=0 category=2 tier=0 -> REALLOC-EVERY-GRAPH (retention candidate)
[ZONE-RESET-AUDIT]   cohort=weight:leased size=256 occurrences=2 graphs=2 per_graph=1.00 distinct_alloc_ids=1 role=0 category=2 tier=0 -> RETAINED (lifetime bug only)
[ZONE-RESET-AUDIT]   cohort=weight:leased size=1024 occurrences=28 graphs=2 per_graph=14.00 distinct_alloc_ids=15 role=0 category=2 tier=0 -> REALLOC-EVERY-GRAPH (retention candidate)
[ZONE-RESET-AUDIT]   cohort=weight:leased size=1536 occurrences=4 graphs=1 per_graph=4.00 distinct_alloc_ids=4 role=0 category=2 tier=0 -> single-shot
[ZONE-RESET-AUDIT]   cohort=weight:leased size=2048 occurrences=2 graphs=1 per_graph=2.00 distinct_alloc_ids=2 role=0 category=2 tier=0 -> single-shot
[ZONE-RESET-AUDIT]   cohort=weight:leased size=131072 occurrences=4 graphs=2 per_graph=2.00 distinct_alloc_ids=2 role=0 category=2 tier=0 -> RETAINED (lifetime bug only)
[ZONE-RESET-AUDIT]   cohort=weight:leased size=262144 occurrences=16 graphs=2 per_graph=8.00 distinct_alloc_ids=8 role=0 category=2 tier=0 -> REALLOC-EVERY-GRAPH (retention candidate)
[ZONE-RESET-AUDIT]   cohort=weight:leased size=393216 occurrences=18 graphs=2 per_graph=9.00 distinct_alloc_ids=18 role=0 category=2 tier=0 -> REALLOC-EVERY-GRAPH (retention candidate)
[ZONE-RESET-AUDIT]   size-histogram 4 x88
[ZONE-RESET-AUDIT]   size-histogram 256 x4
[ZONE-RESET-AUDIT]   size-histogram 1024 x56
[ZONE-RESET-AUDIT]   size-histogram 1536 x8
[ZONE-RESET-AUDIT]   size-histogram 2048 x4
[ZONE-RESET-AUDIT]   size-histogram 131072 x8
[ZONE-RESET-AUDIT]   size-histogram 262144 x32
[ZONE-RESET-AUDIT]   size-histogram 393216 x24
[ZONE-RESET-AUDIT] site=weight-reclaim/model-teardown:dev1 visits=4 visits_with_live=0 live_max=0 live_total=0 distinct_sizes=0 distinct_cohorts=0 graphs=[4..8]
[ZONE-RESET-AUDIT]   largest_free first=13520.00 MB last=13520.00 MB min=13520.00 MB
[ZONE-RESET-AUDIT]   timing vram/kv alloc_calls=8 alloc_MB=2.0 alloc_ms=0.006 free_calls=8 free_ms=0.006 allocs_per_graph_max=2 allocs_per_graph_mean=1.0 graphs=8
[ZONE-RESET-AUDIT]   timing vram/weight alloc_calls=218 alloc_MB=18.1 alloc_ms=0.068 free_calls=218 free_ms=0.030 allocs_per_graph_max=64 allocs_per_graph_mean=27.2 graphs=8
[ZONE-RESET-AUDIT]   timing vram/runtime alloc_calls=6 alloc_MB=2.3 alloc_ms=0.009 free_calls=5 free_ms=0.010 allocs_per_graph_max=2 allocs_per_graph_mean=0.8 graphs=8
[ZONE-RESET-AUDIT]   timing vram/scratch alloc_calls=72 alloc_MB=3.8 alloc_ms=0.025 free_calls=72 free_ms=0.034 allocs_per_graph_max=18 allocs_per_graph_mean=6.8 graphs=8
[ZONE-RESET-AUDIT]   timing host/WEIGHT alloc_calls=26 alloc_MB=20.6 alloc_ms=0.030 free_calls=25 free_ms=0.028 allocs_per_graph_max=7 allocs_per_graph_mean=3.2 graphs=8
[ZONE-RESET-AUDIT]   timing host/STAGING alloc_calls=56 alloc_MB=0.0 alloc_ms=0.035 free_calls=0 free_ms=0.000 allocs_per_graph_max=11 allocs_per_graph_mean=5.6 graphs=8
[ZONE-RESET-AUDIT]   timing host/SCRATCH alloc_calls=316 alloc_MB=18.8 alloc_ms=0.113 free_calls=316 free_ms=149.851 allocs_per_graph_max=67 allocs_per_graph_mean=36.9 graphs=8
[ZONE-RESET-AUDIT] ==== end inventory ====
0.04.476.229 W [ZONE-RESET-AUDIT]   cohort=weight:leased size=256 occurrences=2 graphs=2 per_graph=1.00 distinct_alloc_ids=1 role=0 category=2 tier=0 -> RETAINED (lifetime bug only)
0.04.476.243 W [ZONE-RESET-AUDIT]   cohort=weight:leased size=1024 occurrences=28 graphs=2 per_graph=14.00 distinct_alloc_ids=15 role=0 category=2 tier=0 -> REALLOC-EVERY-GRAPH (retention candidate)
0.04.476.245 W [ZONE-RESET-AUDIT]   cohort=weight:leased size=1536 occurrences=4 graphs=1 per_graph=4.00 distinct_alloc_ids=4 role=0 category=2 tier=0 -> single-shot
0.04.476.247 W [ZONE-RESET-AUDIT]   cohort=weight:leased size=2048 occurrences=2 graphs=1 per_graph=2.00 distinct_alloc_ids=2 role=0 category=2 tier=0 -> single-shot
0.04.476.248 W [ZONE-RESET-AUDIT]   cohort=weight:leased size=131072 occurrences=4 graphs=2 per_graph=2.00 distinct_alloc_ids=2 role=0 category=2 tier=0 -> RETAINED (lifetime bug only)
0.04.476.249 W [ZONE-RESET-AUDIT]   cohort=weight:leased size=262144 occurrences=16 graphs=2 per_graph=8.00 distinct_alloc_ids=8 role=0 category=2 tier=0 -> REALLOC-EVERY-GRAPH (retention candidate)
0.04.476.251 W [ZONE-RESET-AUDIT]   cohort=weight:leased size=393216 occurrences=18 graphs=2 per_graph=9.00 distinct_alloc_ids=18 role=0 category=2 tier=0 -> REALLOC-EVERY-GRAPH (retention candidate)
0.04.476.252 W [ZONE-RESET-AUDIT]   size-histogram 4 x44
0.04.476.253 W [ZONE-RESET-AUDIT]   size-histogram 256 x2
0.04.476.254 W [ZONE-RESET-AUDIT]   size-histogram 1024 x28
0.04.476.254 W [ZONE-RESET-AUDIT]   size-histogram 1536 x4
0.04.476.255 W [ZONE-RESET-AUDIT]   size-histogram 2048 x2
0.04.476.256 W [ZONE-RESET-AUDIT]   size-histogram 131072 x4
0.04.476.256 W [ZONE-RESET-AUDIT]   size-histogram 262144 x16
0.04.476.257 W [ZONE-RESET-AUDIT]   size-histogram 393216 x18
0.04.476.258 W [ZONE-RESET-AUDIT] site=weight-reclaim/load-boundary:dev1 visits=4 visits_with_live=0 live_max=0 live_total=0 distinct_sizes=0 distinct_cohorts=0 graphs=[0..6]
0.04.476.260 W [ZONE-RESET-AUDIT]   largest_free first=13520.00 MB last=13520.00 MB min=13520.00 MB
0.04.476.262 W [ZONE-RESET-AUDIT] site=weight-reclaim/mid-load-replan:dev0 visits=4 visits_with_live=2 live_max=64 live_total=118 distinct_sizes=8 distinct_cohorts=1 graphs=[0..6]
0.04.476.263 W [ZONE-RESET-AUDIT]   largest_free first=29472.04 MB last=29465.27 MB min=29465.27 MB
0.04.476.265 W [ZONE-RESET-AUDIT]   cohort=weight:leased size=4 occurrences=44 graphs=2 per_graph=22.00 distinct_alloc_ids=28 role=0 category=2 tier=0 -> REALLOC-EVERY-GRAPH (retention candidate)
0.04.476.266 W [ZONE-RESET-AUDIT]   cohort=weight:leased size=256 occurrences=2 graphs=2 per_graph=1.00 distinct_alloc_ids=1 role=0 category=2 tier=0 -> RETAINED (lifetime bug only)
0.04.476.267 W [ZONE-RESET-AUDIT]   cohort=weight:leased size=1024 occurrences=28 graphs=2 per_graph=14.00 distinct_alloc_ids=15 role=0 category=2 tier=0 -> REALLOC-EVERY-GRAPH (retention candidate)
0.04.476.268 W [ZONE-RESET-AUDIT]   cohort=weight:leased size=1536 occurrences=4 graphs=1 per_graph=4.00 distinct_alloc_ids=4 role=0 category=2 tier=0 -> single-shot
0.04.476.269 W [ZONE-RESET-AUDIT]   cohort=weight:leased size=2048 occurrences=2 graphs=1 per_graph=2.00 distinct_alloc_ids=2 role=0 category=2 tier=0 -> single-shot
0.04.476.270 W [ZONE-RESET-AUDIT]   cohort=weight:leased size=131072 occurrences=4 graphs=2 per_graph=2.00 distinct_alloc_ids=2 role=0 category=2 tier=0 -> RETAINED (lifetime bug only)
0.04.476.271 W [ZONE-RESET-AUDIT]   cohort=weight:leased size=262144 occurrences=16 graphs=2 per_graph=8.00 distinct_alloc_ids=8 role=0 category=2 tier=0 -> REALLOC-EVERY-GRAPH (retention candidate)
0.04.476.272 W [ZONE-RESET-AUDIT]   cohort=weight:leased size=393216 occurrences=18 graphs=2 per_graph=9.00 distinct_alloc_ids=18 role=0 category=2 tier=0 -> REALLOC-EVERY-GRAPH (retention candidate)
0.04.476.273 W [ZONE-RESET-AUDIT]   size-histogram 4 x44
0.04.476.274 W [ZONE-RESET-AUDIT]   size-histogram 256 x2
0.04.476.274 W [ZONE-RESET-AUDIT]   size-histogram 1024 x28
0.04.476.275 W [ZONE-RESET-AUDIT]   size-histogram 1536 x4
0.04.476.276 W [ZONE-RESET-AUDIT]   size-histogram 2048 x2
0.04.476.276 W [ZONE-RESET-AUDIT]   size-histogram 131072 x4
0.04.476.277 W [ZONE-RESET-AUDIT]   size-histogram 262144 x16
0.04.476.278 W [ZONE-RESET-AUDIT]   size-histogram 393216 x18
0.04.476.286 W [ZONE-RESET-AUDIT] site=weight-reclaim/mid-load-replan:dev1 visits=2 visits_with_live=0 live_max=0 live_total=0 distinct_sizes=0 distinct_cohorts=0 graphs=[4..6]
0.04.476.287 W [ZONE-RESET-AUDIT]   largest_free first=13520.00 MB last=13520.00 MB min=13520.00 MB
0.04.476.289 W [ZONE-RESET-AUDIT] site=weight-reclaim/model-teardown:dev0 visits=4 visits_with_live=2 live_max=128 live_total=224 distinct_sizes=8 distinct_cohorts=2 graphs=[4..8]
0.04.476.290 W [ZONE-RESET-AUDIT]   largest_free first=29462.98 MB last=29463.00 MB min=29462.98 MB
0.04.476.291 W [ZONE-RESET-AUDIT]   cohort=weight:leaked_lease size=4 occurrences=44 graphs=2 per_graph=22.00 distinct_alloc_ids=28 role=0 category=1 tier=0 -> REALLOC-EVERY-GRAPH (retention candidate)
0.04.476.292 W [ZONE-RESET-AUDIT]   cohort=weight:leaked_lease size=256 occurrences=2 graphs=2 per_graph=1.00 distinct_alloc_ids=1 role=0 category=1 tier=0 -> RETAINED (lifetime bug only)
0.04.476.293 W [ZONE-RESET-AUDIT]   cohort=weight:leaked_lease size=1024 occurrences=28 graphs=2 per_graph=14.00 distinct_alloc_ids=15 role=0 category=1 tier=0 -> REALLOC-EVERY-GRAPH (retention candidate)
0.04.476.295 W [ZONE-RESET-AUDIT]   cohort=weight:leaked_lease size=1536 occurrences=4 graphs=1 per_graph=4.00 distinct_alloc_ids=4 role=0 category=1 tier=0 -> single-shot
0.04.476.296 W [ZONE-RESET-AUDIT]   cohort=weight:leaked_lease size=2048 occurrences=2 graphs=1 per_graph=2.00 distinct_alloc_ids=2 role=0 category=1 tier=0 -> single-shot
0.04.476.297 W [ZONE-RESET-AUDIT]   cohort=weight:leaked_lease size=131072 occurrences=4 graphs=2 per_graph=2.00 distinct_alloc_ids=2 role=0 category=1 tier=0 -> RETAINED (lifetime bug only)
0.04.476.297 W [ZONE-RESET-AUDIT]   cohort=weight:leaked_lease size=262144 occurrences=16 graphs=2 per_graph=8.00 distinct_alloc_ids=8 role=0 category=1 tier=0 -> REALLOC-EVERY-GRAPH (retention candidate)
0.04.476.299 W [ZONE-RESET-AUDIT]   cohort=weight:leaked_lease size=393216 occurrences=6 graphs=1 per_graph=6.00 distinct_alloc_ids=6 role=0 category=1 tier=0 -> single-shot
0.04.476.299 W [ZONE-RESET-AUDIT]   cohort=weight:leased size=4 occurrences=44 graphs=2 per_graph=22.00 distinct_alloc_ids=28 role=0 category=2 tier=0 -> REALLOC-EVERY-GRAPH (retention candidate)
0.04.476.301 W [ZONE-RESET-AUDIT]   cohort=weight:leased size=256 occurrences=2 graphs=2 per_graph=1.00 distinct_alloc_ids=1 role=0 category=2 tier=0 -> RETAINED (lifetime bug only)
0.04.476.302 W [ZONE-RESET-AUDIT]   cohort=weight:leased size=1024 occurrences=28 graphs=2 per_graph=14.00 distinct_alloc_ids=15 role=0 category=2 tier=0 -> REALLOC-EVERY-GRAPH (retention candidate)
0.04.476.303 W [ZONE-RESET-AUDIT]   cohort=weight:leased size=1536 occurrences=4 graphs=1 per_graph=4.00 distinct_alloc_ids=4 role=0 category=2 tier=0 -> single-shot
0.04.476.304 W [ZONE-RESET-AUDIT]   cohort=weight:leased size=2048 occurrences=2 graphs=1 per_graph=2.00 distinct_alloc_ids=2 role=0 category=2 tier=0 -> single-shot
0.04.476.304 W [ZONE-RESET-AUDIT]   cohort=weight:leased size=131072 occurrences=4 graphs=2 per_graph=2.00 distinct_alloc_ids=2 role=0 category=2 tier=0 -> RETAINED (lifetime bug only)
0.04.476.305 W [ZONE-RESET-AUDIT]   cohort=weight:leased size=262144 occurrences=16 graphs=2 per_graph=8.00 distinct_alloc_ids=8 role=0 category=2 tier=0 -> REALLOC-EVERY-GRAPH (retention candidate)
0.04.476.306 W [ZONE-RESET-AUDIT]   cohort=weight:leased size=393216 occurrences=18 graphs=2 per_graph=9.00 distinct_alloc_ids=18 role=0 category=2 tier=0 -> REALLOC-EVERY-GRAPH (retention candidate)
0.04.476.307 W [ZONE-RESET-AUDIT]   size-histogram 4 x88
0.04.476.308 W [ZONE-RESET-AUDIT]   size-histogram 256 x4
0.04.476.308 W [ZONE-RESET-AUDIT]   size-histogram 1024 x56
0.04.476.309 W [ZONE-RESET-AUDIT]   size-histogram 1536 x8
0.04.476.310 W [ZONE-RESET-AUDIT]   size-histogram 2048 x4
0.04.476.311 W [ZONE-RESET-AUDIT]   size-histogram 131072 x8
0.04.476.311 W [ZONE-RESET-AUDIT]   size-histogram 262144 x32
0.04.476.312 W [ZONE-RESET-AUDIT]   size-histogram 393216 x24
0.04.476.313 W [ZONE-RESET-AUDIT] site=weight-reclaim/model-teardown:dev1 visits=4 visits_with_live=0 live_max=0 live_total=0 distinct_sizes=0 distinct_cohorts=0 graphs=[4..8]
0.04.476.314 W [ZONE-RESET-AUDIT]   largest_free first=13520.00 MB last=13520.00 MB min=13520.00 MB
0.04.476.316 W [ZONE-RESET-AUDIT]   timing vram/kv alloc_calls=8 alloc_MB=2.0 alloc_ms=0.006 free_calls=8 free_ms=0.006 allocs_per_graph_max=2 allocs_per_graph_mean=1.0 graphs=8
0.04.476.318 W [ZONE-RESET-AUDIT]   timing vram/weight alloc_calls=218 alloc_MB=18.1 alloc_ms=0.068 free_calls=218 free_ms=0.030 allocs_per_graph_max=64 allocs_per_graph_mean=27.2 graphs=8
0.04.476.322 W [ZONE-RESET-AUDIT]   timing vram/runtime alloc_calls=6 alloc_MB=2.3 alloc_ms=0.009 free_calls=5 free_ms=0.010 allocs_per_graph_max=2 allocs_per_graph_mean=0.8 graphs=8
0.04.476.323 W [ZONE-RESET-AUDIT]   timing vram/scratch alloc_calls=72 alloc_MB=3.8 alloc_ms=0.025 free_calls=72 free_ms=0.034 allocs_per_graph_max=18 allocs_per_graph_mean=6.8 graphs=8
0.04.476.326 W [ZONE-RESET-AUDIT]   timing host/WEIGHT alloc_calls=26 alloc_MB=20.6 alloc_ms=0.030 free_calls=25 free_ms=0.028 allocs_per_graph_max=7 allocs_per_graph_mean=3.2 graphs=8
0.04.476.327 W [ZONE-RESET-AUDIT]   timing host/STAGING alloc_calls=56 alloc_MB=0.0 alloc_ms=0.035 free_calls=0 free_ms=0.000 allocs_per_graph_max=11 allocs_per_graph_mean=5.6 graphs=8
0.04.476.328 W [ZONE-RESET-AUDIT]   timing host/SCRATCH alloc_calls=316 alloc_MB=18.8 alloc_ms=0.113 free_calls=316 free_ms=149.851 allocs_per_graph_max=67 allocs_per_graph_mean=36.9 graphs=8
0.04.476.329 W [ZONE-RESET-AUDIT] ==== end inventory ====
[SYCL-PLAN] zone sizing coverage: onednn observations=0 underestimates=0
[SYCL-PLAN] zone sizing coverage: onednn observations=0 underestimates=0
