[SYCL] Device 0 alloc caps: raw=15488.8 MB, safe=13943.6 MB, host_unified=no
[XMX] decode-aware optimal_tiles_n=1 (SLM=128KB, max_slm_tiles_n=255, weight_tile=256B, token_tile=256B)
[SYCL] Device 0 caps: CU=128, WG=1024, SG=32 preferred, SLM=128KB, USM(device/shared/host)=1/1/1, fp16=1, XMX=yes M=8 N=16 K=32 tile_m=1 tile_n=1
[SYCL] Host malloc per-allocation limit: 15.1 GB (min max_mem_alloc_size across 1 active devices)
llama_model_loader: loaded meta data with 20 key-value pairs and 291 tensors from /models/mistral-7b-v0.1.Q4_0.gguf (version GGUF V2)
llama_model_loader: Dumping metadata keys/values. Note: KV overrides do not apply in this output.
llama_model_loader: - kv   0:                       general.architecture str              = llama
llama_model_loader: - kv   1:                               general.name str              = mistralai_mistral-7b-v0.1
llama_model_loader: - kv   2:                       llama.context_length u32              = 32768
llama_model_loader: - kv   3:                     llama.embedding_length u32              = 4096
llama_model_loader: - kv   4:                          llama.block_count u32              = 32
llama_model_loader: - kv   5:                  llama.feed_forward_length u32              = 14336
llama_model_loader: - kv   6:                 llama.rope.dimension_count u32              = 128
llama_model_loader: - kv   7:                 llama.attention.head_count u32              = 32
llama_model_loader: - kv   8:              llama.attention.head_count_kv u32              = 8
llama_model_loader: - kv   9:     llama.attention.layer_norm_rms_epsilon f32              = 0.000010
llama_model_loader: - kv  10:                       llama.rope.freq_base f32              = 10000.000000
llama_model_loader: - kv  11:                          general.file_type u32              = 2
llama_model_loader: - kv  12:                       tokenizer.ggml.model str              = llama
llama_model_loader: - kv  13:                      tokenizer.ggml.tokens arr[str,32000]   = ["<unk>", "<s>", "</s>", "<0x00>", "<...
llama_model_loader: - kv  14:                      tokenizer.ggml.scores arr[f32,32000]   = [0.000000, 0.000000, 0.000000, 0.0000...
llama_model_loader: - kv  15:                  tokenizer.ggml.token_type arr[i32,32000]   = [2, 3, 3, 6, 6, 6, 6, 6, 6, 6, 6, 6, ...
llama_model_loader: - kv  16:                tokenizer.ggml.bos_token_id u32              = 1
llama_model_loader: - kv  17:                tokenizer.ggml.eos_token_id u32              = 2
llama_model_loader: - kv  18:            tokenizer.ggml.unknown_token_id u32              = 0
llama_model_loader: - kv  19:               general.quantization_version u32              = 2
llama_model_loader: - type  f32:   65 tensors
llama_model_loader: - type q4_0:  225 tensors
llama_model_loader: - type q6_K:    1 tensors
print_info: file format = GGUF V2
print_info: file type   = Q4_0
print_info: file size   = 3.83 GiB (4.54 BPW) 
llama_prepare_model_devices: using device SYCL0 (Intel(R) Arc(TM) Pro B50 Graphics) (unknown id) - 14677 MiB free
init_tokenizer: initializing tokenizer for type 1
load: 0 unused tokens
load: control token:      1 '<s>' is not marked as EOG
load: printing all EOG tokens:
load:   - 2 ('</s>')
load: special tokens cache size = 3
load: token to piece cache size = 0.1637 MB
print_info: arch                  = llama
print_info: vocab_only            = 0
print_info: no_alloc              = 0
print_info: n_ctx_train           = 32768
print_info: n_embd_inp            = 4096
print_info: n_embd                = 4096
print_info: n_embd_out            = 4096
print_info: n_layer               = 32
print_info: n_layer_all           = 32
print_info: n_head                = 32
print_info: n_head_kv             = 8
print_info: n_rot                 = 128
print_info: n_swa                 = 0
print_info: is_swa_any            = 0
print_info: n_embd_head_k         = 128
print_info: n_embd_head_v         = 128
print_info: n_gqa                 = 4
print_info: n_embd_k_gqa          = 1024
print_info: n_embd_v_gqa          = 1024
print_info: f_norm_eps            = 0.0e+00
print_info: f_norm_rms_eps        = 1.0e-05
print_info: f_clamp_kqv           = 0.0e+00
print_info: f_max_alibi_bias      = 0.0e+00
print_info: f_logit_scale         = 0.0e+00
print_info: f_attn_scale          = 0.0e+00
print_info: f_attn_value_scale    = 0.0000
print_info: n_ff                  = 14336
print_info: n_expert              = 0
print_info: n_expert_used         = 0
print_info: n_expert_groups       = 0
print_info: n_group_used          = 0
print_info: causal attn           = 1
print_info: pooling type          = -1
print_info: rope type             = 0
print_info: rope scaling          = linear
print_info: freq_base_train       = 10000.0
print_info: freq_scale_train      = 1
print_info: n_ctx_orig_yarn       = 32768
print_info: rope_yarn_log_mul     = 0.0000
print_info: rope_finetuned        = unknown
print_info: model type            = 7B
print_info: model params          = 7.24 B
print_info: general.name          = mistralai_mistral-7b-v0.1
print_info: vocab type            = SPM
print_info: n_vocab               = 32000
print_info: n_merges              = 0
print_info: BOS token             = 1 '<s>'
print_info: EOS token             = 2 '</s>'
print_info: UNK token             = 0 '<unk>'
print_info: LF token              = 13 '<0x0A>'
print_info: EOG token             = 2 '</s>'
print_info: max token length      = 48
[UNIFIED-CACHE] Capping budget from 16304.0 MB to 14677.4 MB (pre-probe free VRAM)
[UNIFIED-CACHE] Generic device slack headroom: 576 MB reserved (weight budget=14101.4 MB)
[UNIFIED-CACHE] Device 0 (Intel(R) Arc(TM) Pro B50 Graphics): total=16304.0 MB free=14677.4 MB budget=14101.4 MB (100%)
[VRAM-ARENA] External headroom 1630 MB (caller-reserved 2203 MB); internal zones runtime=512 MB oneDNN=256 MB scratch=512 MB
[VRAM-ARENA] Reserved single chunk: 14100.0 MB (scratch=512.0, runtime=512.0, oneDNN=256.0, shared KV+weight=12820.0 MB)
[VRAM-ARENA] Active on device 0: 1 chunk(s), 14100.0 MB total
[VRAM-ARENA] Scratch zone: 0xffffe39279400000 + 512.0 MB (offset 13588.0 MB from base)
[UNIFIED-CACHE] Created BCS queue for H2D copy pipelining
[UNIFIED-CACHE] Async DMA eviction enabled (preserves layouts during migration)
[SYCL] Pinned chunk pool created with 198.1 GB budget, committed=0.0 GB (chunk=2048.0 MB)
[HOST-ARENA] Created with 198.1 GB budget, committed=0.0 GB (system total=246.9 GB available=206.1 GB reserve=8.0 GB pct=90)
Running with Environment Variables:
  GGML_SYCL_DEBUG: 0
  GGML_SYCL_DEBUG_SYNC: 0
  GGML_SYCL_TP_DEBUG: 0
  GGML_SYCL_KQV_FORCE_SIMPLE: 0
  GGML_SYCL_KQV_DISABLE_FP16: 0
  GGML_SYCL_DISABLE_GRAPH: 0
  GGML_SYCL_ASYNC_MEM: 0
  GGML_SYCL_DISABLE_DNN: 0
  GGML_SYCL_PRIORITIZE_DMMV: 0
Build with Macros:
  GGML_SYCL_FORCE_MMQ: no
  GGML_SYCL_F16: yes
Found 1 SYCL devices:
|  |                   |                                       |       |Max    |        |Max  |Global |                     |
|  |                   |                                       |       |compute|Max work|sub  |mem    |                     |
|ID|        Device Type|                                   Name|Version|units  |group   |group|size   |       Driver version|
|--|-------------------|---------------------------------------|-------|-------|--------|-----|-------|---------------------|
| 0| [level_zero:gpu:0]|             Intel Arc Pro B50 Graphics|   20.1|    128|    1024|   32| 17095M|        1.15.39122+12|
SYCL Optimization Feature:
|ID|        Device Type|Reorder|
|--|-------------------|-------|
| 0| [level_zero:gpu:0]|      Y|
[SYCL-PLAN] inventory oneDNN scratchpad: 143.5 MB (onednn_reorder 112.0 MB + onednn_eligible 31.5 MB; global max 102.5 MB)
[SYCL-PLAN] KV inputs: n_layer=32 n_embd_k_gqa=1024 n_embd_v_gqa=1024 n_ctx=512 (conservative) kv_per_layer=2.0 MB
[SYCL] Plan budget tied to arena: 14100.0 MB arena (shared zone 12820.0 MB after 1280.0 MB zones)
[PLACEMENT] envelope (from sycl-snapshot): n_ctx=0 n_ubatch=0 n_seq_max=1 flash_attn_type=AUTO
[PLACEMENT] Zone reservation: scratch=512.0 MB + oneDNN=256.0 MB + runtime=512.0 MB (arena=14100.0 MB, weight zone=12820.0 MB)
[SYCL-PLAN] inventory top-8 of 291 tensors (total 3917.9 MB): output.weight=102.5MB(t14,4096x32000) token_embd.weight=70.3MB(t2,4096x32000) blk.0.ffn_gate.weight=31.5MB(t2,4096x14336) blk.0.ffn_down.weight=31.5MB(t2,14336x4096) blk.0.ffn_up.weight=31.5MB(t2,4096x14336) blk.1.ffn_up.weight=31.5MB(t2,4096x14336) blk.1.ffn_gate.weight=31.5MB(t2,4096x14336) blk.1.ffn_down.weight=31.5MB(t2,14336x4096)
[SYCL-PLAN] inventory groups: 7 distinct (type,ne) groups over 291 tensors; cardinality histogram: 1x2 32x1 64x3 65x1; largest card>=4: blk.27.ffn_gate.weight 31.5MB (card=64); largest card<=2: output.weight 102.5MB (card=1)
[SYCL-PLAN] CPU quant buffers: 94.5 MB (3 x cpu_quant_eligible 31.5 MB; global max 102.5 MB)
[SYCL-PLAN] DMA staging pool: 63.0 MB (2 x dma_streamed 31.5 MB; global max 102.5 MB)
[SYCL-PLAN] oneDNN scratchpad: 143.5 MB (onednn_reorder 112.0 MB + onednn_eligible 31.5 MB; global max 102.5 MB)
[SYCL-PLAN] Host staging zone: s1_window=1 per_inflight=207.1 MB total=223.1 MB
[PLACEMENT] NORM/EMBED      device= 66 (71.3 MB)  host=  0 (0.0 MB)
[PLACEMENT] ATTENTION       device=129 (822.5 MB)  host=  0 (0.0 MB)
[PLACEMENT] FFN             device= 96 (3024.0 MB)  host=  0 (0.0 MB)
[PLACEMENT] layer   0  weight=117.0 MB  kv=2.0 MB (full)  total=119.0 MB  dense_target=device 0  kv_target=device 0
[PLACEMENT] layer   1  weight=117.0 MB  kv=2.0 MB (full)  total=119.0 MB  dense_target=device 0  kv_target=device 0
[PLACEMENT] layer   2  weight=117.0 MB  kv=2.0 MB (full)  total=119.0 MB  dense_target=device 0  kv_target=device 0
[PLACEMENT] layer   3  weight=117.0 MB  kv=2.0 MB (full)  total=119.0 MB  dense_target=device 0  kv_target=device 0
[PLACEMENT] layer   4  weight=117.0 MB  kv=2.0 MB (full)  total=119.0 MB  dense_target=device 0  kv_target=device 0
[PLACEMENT] layer   5  weight=117.0 MB  kv=2.0 MB (full)  total=119.0 MB  dense_target=device 0  kv_target=device 0
[PLACEMENT] layer   6  weight=117.0 MB  kv=2.0 MB (full)  total=119.0 MB  dense_target=device 0  kv_target=device 0
[PLACEMENT] layer   7  weight=117.0 MB  kv=2.0 MB (full)  total=119.0 MB  dense_target=device 0  kv_target=device 0
[PLACEMENT] layer   8  weight=117.0 MB  kv=2.0 MB (full)  total=119.0 MB  dense_target=device 0  kv_target=device 0
[PLACEMENT] layer   9  weight=117.0 MB  kv=2.0 MB (full)  total=119.0 MB  dense_target=device 0  kv_target=device 0
[PLACEMENT] layer  10  weight=117.0 MB  kv=2.0 MB (full)  total=119.0 MB  dense_target=device 0  kv_target=device 0
[PLACEMENT] layer  11  weight=117.0 MB  kv=2.0 MB (full)  total=119.0 MB  dense_target=device 0  kv_target=device 0
[PLACEMENT] layer  12  weight=117.0 MB  kv=2.0 MB (full)  total=119.0 MB  dense_target=device 0  kv_target=device 0
[PLACEMENT] layer  13  weight=117.0 MB  kv=2.0 MB (full)  total=119.0 MB  dense_target=device 0  kv_target=device 0
[PLACEMENT] layer  14  weight=117.0 MB  kv=2.0 MB (full)  total=119.0 MB  dense_target=device 0  kv_target=device 0
[PLACEMENT] layer  15  weight=117.0 MB  kv=2.0 MB (full)  total=119.0 MB  dense_target=device 0  kv_target=device 0
[PLACEMENT] layer  16  weight=117.0 MB  kv=2.0 MB (full)  total=119.0 MB  dense_target=device 0  kv_target=device 0
[PLACEMENT] layer  17  weight=117.0 MB  kv=2.0 MB (full)  total=119.0 MB  dense_target=device 0  kv_target=device 0
[PLACEMENT] layer  18  weight=117.0 MB  kv=2.0 MB (full)  total=119.0 MB  dense_target=device 0  kv_target=device 0
[PLACEMENT] layer  19  weight=117.0 MB  kv=2.0 MB (full)  total=119.0 MB  dense_target=device 0  kv_target=device 0
[PLACEMENT] layer  20  weight=117.0 MB  kv=2.0 MB (full)  total=119.0 MB  dense_target=device 0  kv_target=device 0
[PLACEMENT] layer  21  weight=117.0 MB  kv=2.0 MB (full)  total=119.0 MB  dense_target=device 0  kv_target=device 0
[PLACEMENT] layer  22  weight=117.0 MB  kv=2.0 MB (full)  total=119.0 MB  dense_target=device 0  kv_target=device 0
[PLACEMENT] layer  23  weight=117.0 MB  kv=2.0 MB (full)  total=119.0 MB  dense_target=device 0  kv_target=device 0
[PLACEMENT] layer  24  weight=117.0 MB  kv=2.0 MB (full)  total=119.0 MB  dense_target=device 0  kv_target=device 0
[PLACEMENT] layer  25  weight=117.0 MB  kv=2.0 MB (full)  total=119.0 MB  dense_target=device 0  kv_target=device 0
[PLACEMENT] layer  26  weight=117.0 MB  kv=2.0 MB (full)  total=119.0 MB  dense_target=device 0  kv_target=device 0
[PLACEMENT] layer  27  weight=117.0 MB  kv=2.0 MB (full)  total=119.0 MB  dense_target=device 0  kv_target=device 0
[PLACEMENT] layer  28  weight=117.0 MB  kv=2.0 MB (full)  total=119.0 MB  dense_target=device 0  kv_target=device 0
[PLACEMENT] layer  29  weight=117.0 MB  kv=2.0 MB (full)  total=119.0 MB  dense_target=device 0  kv_target=device 0
[PLACEMENT] layer  30  weight=117.0 MB  kv=2.0 MB (full)  total=119.0 MB  dense_target=device 0  kv_target=device 0
[PLACEMENT] layer  31  weight=117.0 MB  kv=2.0 MB (full)  total=119.0 MB  dense_target=device 0  kv_target=device 0
[PLACEMENT] KV sizing: n_layer=32 n_embd_k_gqa=1024 n_embd_v_gqa=1024 n_ctx=512 (conservative) kv_per_layer=2.0 MB
[PLACEMENT] Totals: weights=3917.9 MB device + 0.0 MB host, kv=64.0 MB device + 0.0 MB host
[PLACEMENT] Total: 3981.9 MB device + 0.0 MB host (budget=14100.0 MB)
[SYCL] Placement plan computed: 291 entries, 3981.9 MB device + 0.0 MB host
[PLACE-4] device weight zone: 3917.9 MB (291 tensors), host arena: 0.0 MB (0 tensors)
[MOE-MULTI-GPU] Planner kept all MoE handles on primary; secondary queues not activated
load_tensors: SYCL early placement plan: 291 weights, 3.83 GiB (computed pre-create_tensor)
load_tensors: loading model tensors, this can take a while... (mmap = true, direct_io = false)
load_tensors: layer   0 assigned to device SYCL0, is_swa = 0
load_tensors: layer   1 assigned to device SYCL0, is_swa = 0
load_tensors: layer   2 assigned to device SYCL0, is_swa = 0
load_tensors: layer   3 assigned to device SYCL0, is_swa = 0
load_tensors: layer   4 assigned to device SYCL0, is_swa = 0
load_tensors: layer   5 assigned to device SYCL0, is_swa = 0
load_tensors: layer   6 assigned to device SYCL0, is_swa = 0
load_tensors: layer   7 assigned to device SYCL0, is_swa = 0
load_tensors: layer   8 assigned to device SYCL0, is_swa = 0
load_tensors: layer   9 assigned to device SYCL0, is_swa = 0
load_tensors: layer  10 assigned to device SYCL0, is_swa = 0
load_tensors: layer  11 assigned to device SYCL0, is_swa = 0
load_tensors: layer  12 assigned to device SYCL0, is_swa = 0
load_tensors: layer  13 assigned to device SYCL0, is_swa = 0
load_tensors: layer  14 assigned to device SYCL0, is_swa = 0
load_tensors: layer  15 assigned to device SYCL0, is_swa = 0
load_tensors: layer  16 assigned to device SYCL0, is_swa = 0
load_tensors: layer  17 assigned to device SYCL0, is_swa = 0
load_tensors: layer  18 assigned to device SYCL0, is_swa = 0
load_tensors: layer  19 assigned to device SYCL0, is_swa = 0
load_tensors: layer  20 assigned to device SYCL0, is_swa = 0
load_tensors: layer  21 assigned to device SYCL0, is_swa = 0
load_tensors: layer  22 assigned to device SYCL0, is_swa = 0
load_tensors: layer  23 assigned to device SYCL0, is_swa = 0
load_tensors: layer  24 assigned to device SYCL0, is_swa = 0
load_tensors: layer  25 assigned to device SYCL0, is_swa = 0
load_tensors: layer  26 assigned to device SYCL0, is_swa = 0
load_tensors: layer  27 assigned to device SYCL0, is_swa = 0
load_tensors: layer  28 assigned to device SYCL0, is_swa = 0
load_tensors: layer  29 assigned to device SYCL0, is_swa = 0
load_tensors: layer  30 assigned to device SYCL0, is_swa = 0
load_tensors: layer  31 assigned to device SYCL0, is_swa = 0
load_tensors: layer  32 assigned to device SYCL0, is_swa = 0
create_tensor: loading tensor token_embd.weight
[SYCL] dispatch tuning: failed to load /tmp/onednn_unified_bench.json (unable to open file)
create_tensor: loading tensor output_norm.weight
create_tensor: loading tensor output.weight
create_tensor: loading tensor blk.0.attn_norm.weight
create_tensor: loading tensor blk.0.attn_q.weight
create_tensor: loading tensor blk.0.attn_k.weight
create_tensor: loading tensor blk.0.attn_v.weight
create_tensor: loading tensor blk.0.attn_output.weight
create_tensor: loading tensor blk.0.ffn_norm.weight
create_tensor: loading tensor blk.0.ffn_gate.weight
create_tensor: loading tensor blk.0.ffn_down.weight
create_tensor: loading tensor blk.0.ffn_up.weight
create_tensor: loading tensor blk.1.attn_norm.weight
create_tensor: loading tensor blk.1.attn_q.weight
create_tensor: loading tensor blk.1.attn_k.weight
create_tensor: loading tensor blk.1.attn_v.weight
create_tensor: loading tensor blk.1.attn_output.weight
create_tensor: loading tensor blk.1.ffn_norm.weight
create_tensor: loading tensor blk.1.ffn_gate.weight
create_tensor: loading tensor blk.1.ffn_down.weight
create_tensor: loading tensor blk.1.ffn_up.weight
create_tensor: loading tensor blk.2.attn_norm.weight
create_tensor: loading tensor blk.2.attn_q.weight
create_tensor: loading tensor blk.2.attn_k.weight
create_tensor: loading tensor blk.2.attn_v.weight
create_tensor: loading tensor blk.2.attn_output.weight
create_tensor: loading tensor blk.2.ffn_norm.weight
create_tensor: loading tensor blk.2.ffn_gate.weight
create_tensor: loading tensor blk.2.ffn_down.weight
create_tensor: loading tensor blk.2.ffn_up.weight
create_tensor: loading tensor blk.3.attn_norm.weight
create_tensor: loading tensor blk.3.attn_q.weight
create_tensor: loading tensor blk.3.attn_k.weight
create_tensor: loading tensor blk.3.attn_v.weight
create_tensor: loading tensor blk.3.attn_output.weight
create_tensor: loading tensor blk.3.ffn_norm.weight
create_tensor: loading tensor blk.3.ffn_gate.weight
create_tensor: loading tensor blk.3.ffn_down.weight
create_tensor: loading tensor blk.3.ffn_up.weight
create_tensor: loading tensor blk.4.attn_norm.weight
create_tensor: loading tensor blk.4.attn_q.weight
create_tensor: loading tensor blk.4.attn_k.weight
create_tensor: loading tensor blk.4.attn_v.weight
create_tensor: loading tensor blk.4.attn_output.weight
create_tensor: loading tensor blk.4.ffn_norm.weight
create_tensor: loading tensor blk.4.ffn_gate.weight
create_tensor: loading tensor blk.4.ffn_down.weight
create_tensor: loading tensor blk.4.ffn_up.weight
create_tensor: loading tensor blk.5.attn_norm.weight
create_tensor: loading tensor blk.5.attn_q.weight
create_tensor: loading tensor blk.5.attn_k.weight
create_tensor: loading tensor blk.5.attn_v.weight
create_tensor: loading tensor blk.5.attn_output.weight
create_tensor: loading tensor blk.5.ffn_norm.weight
create_tensor: loading tensor blk.5.ffn_gate.weight
create_tensor: loading tensor blk.5.ffn_down.weight
create_tensor: loading tensor blk.5.ffn_up.weight
create_tensor: loading tensor blk.6.attn_norm.weight
create_tensor: loading tensor blk.6.attn_q.weight
create_tensor: loading tensor blk.6.attn_k.weight
create_tensor: loading tensor blk.6.attn_v.weight
create_tensor: loading tensor blk.6.attn_output.weight
create_tensor: loading tensor blk.6.ffn_norm.weight
create_tensor: loading tensor blk.6.ffn_gate.weight
create_tensor: loading tensor blk.6.ffn_down.weight
create_tensor: loading tensor blk.6.ffn_up.weight
create_tensor: loading tensor blk.7.attn_norm.weight
create_tensor: loading tensor blk.7.attn_q.weight
create_tensor: loading tensor blk.7.attn_k.weight
create_tensor: loading tensor blk.7.attn_v.weight
create_tensor: loading tensor blk.7.attn_output.weight
create_tensor: loading tensor blk.7.ffn_norm.weight
create_tensor: loading tensor blk.7.ffn_gate.weight
create_tensor: loading tensor blk.7.ffn_down.weight
create_tensor: loading tensor blk.7.ffn_up.weight
create_tensor: loading tensor blk.8.attn_norm.weight
create_tensor: loading tensor blk.8.attn_q.weight
create_tensor: loading tensor blk.8.attn_k.weight
create_tensor: loading tensor blk.8.attn_v.weight
create_tensor: loading tensor blk.8.attn_output.weight
create_tensor: loading tensor blk.8.ffn_norm.weight
create_tensor: loading tensor blk.8.ffn_gate.weight
create_tensor: loading tensor blk.8.ffn_down.weight
create_tensor: loading tensor blk.8.ffn_up.weight
create_tensor: loading tensor blk.9.attn_norm.weight
create_tensor: loading tensor blk.9.attn_q.weight
create_tensor: loading tensor blk.9.attn_k.weight
create_tensor: loading tensor blk.9.attn_v.weight
create_tensor: loading tensor blk.9.attn_output.weight
create_tensor: loading tensor blk.9.ffn_norm.weight
create_tensor: loading tensor blk.9.ffn_gate.weight
create_tensor: loading tensor blk.9.ffn_down.weight
create_tensor: loading tensor blk.9.ffn_up.weight
create_tensor: loading tensor blk.10.attn_norm.weight
create_tensor: loading tensor blk.10.attn_q.weight
create_tensor: loading tensor blk.10.attn_k.weight
create_tensor: loading tensor blk.10.attn_v.weight
create_tensor: loading tensor blk.10.attn_output.weight
create_tensor: loading tensor blk.10.ffn_norm.weight
create_tensor: loading tensor blk.10.ffn_gate.weight
create_tensor: loading tensor blk.10.ffn_down.weight
create_tensor: loading tensor blk.10.ffn_up.weight
create_tensor: loading tensor blk.11.attn_norm.weight
create_tensor: loading tensor blk.11.attn_q.weight
create_tensor: loading tensor blk.11.attn_k.weight
create_tensor: loading tensor blk.11.attn_v.weight
create_tensor: loading tensor blk.11.attn_output.weight
create_tensor: loading tensor blk.11.ffn_norm.weight
create_tensor: loading tensor blk.11.ffn_gate.weight
create_tensor: loading tensor blk.11.ffn_down.weight
create_tensor: loading tensor blk.11.ffn_up.weight
create_tensor: loading tensor blk.12.attn_norm.weight
create_tensor: loading tensor blk.12.attn_q.weight
create_tensor: loading tensor blk.12.attn_k.weight
create_tensor: loading tensor blk.12.attn_v.weight
create_tensor: loading tensor blk.12.attn_output.weight
create_tensor: loading tensor blk.12.ffn_norm.weight
create_tensor: loading tensor blk.12.ffn_gate.weight
create_tensor: loading tensor blk.12.ffn_down.weight
create_tensor: loading tensor blk.12.ffn_up.weight
create_tensor: loading tensor blk.13.attn_norm.weight
create_tensor: loading tensor blk.13.attn_q.weight
create_tensor: loading tensor blk.13.attn_k.weight
create_tensor: loading tensor blk.13.attn_v.weight
create_tensor: loading tensor blk.13.attn_output.weight
create_tensor: loading tensor blk.13.ffn_norm.weight
create_tensor: loading tensor blk.13.ffn_gate.weight
create_tensor: loading tensor blk.13.ffn_down.weight
create_tensor: loading tensor blk.13.ffn_up.weight
create_tensor: loading tensor blk.14.attn_norm.weight
create_tensor: loading tensor blk.14.attn_q.weight
create_tensor: loading tensor blk.14.attn_k.weight
create_tensor: loading tensor blk.14.attn_v.weight
create_tensor: loading tensor blk.14.attn_output.weight
create_tensor: loading tensor blk.14.ffn_norm.weight
create_tensor: loading tensor blk.14.ffn_gate.weight
create_tensor: loading tensor blk.14.ffn_down.weight
create_tensor: loading tensor blk.14.ffn_up.weight
create_tensor: loading tensor blk.15.attn_norm.weight
create_tensor: loading tensor blk.15.attn_q.weight
create_tensor: loading tensor blk.15.attn_k.weight
create_tensor: loading tensor blk.15.attn_v.weight
create_tensor: loading tensor blk.15.attn_output.weight
create_tensor: loading tensor blk.15.ffn_norm.weight
create_tensor: loading tensor blk.15.ffn_gate.weight
create_tensor: loading tensor blk.15.ffn_down.weight
create_tensor: loading tensor blk.15.ffn_up.weight
create_tensor: loading tensor blk.16.attn_norm.weight
create_tensor: loading tensor blk.16.attn_q.weight
create_tensor: loading tensor blk.16.attn_k.weight
create_tensor: loading tensor blk.16.attn_v.weight
create_tensor: loading tensor blk.16.attn_output.weight
create_tensor: loading tensor blk.16.ffn_norm.weight
create_tensor: loading tensor blk.16.ffn_gate.weight
create_tensor: loading tensor blk.16.ffn_down.weight
create_tensor: loading tensor blk.16.ffn_up.weight
create_tensor: loading tensor blk.17.attn_norm.weight
create_tensor: loading tensor blk.17.attn_q.weight
create_tensor: loading tensor blk.17.attn_k.weight
create_tensor: loading tensor blk.17.attn_v.weight
create_tensor: loading tensor blk.17.attn_output.weight
create_tensor: loading tensor blk.17.ffn_norm.weight
create_tensor: loading tensor blk.17.ffn_gate.weight
create_tensor: loading tensor blk.17.ffn_down.weight
create_tensor: loading tensor blk.17.ffn_up.weight
create_tensor: loading tensor blk.18.attn_norm.weight
create_tensor: loading tensor blk.18.attn_q.weight
create_tensor: loading tensor blk.18.attn_k.weight
create_tensor: loading tensor blk.18.attn_v.weight
create_tensor: loading tensor blk.18.attn_output.weight
create_tensor: loading tensor blk.18.ffn_norm.weight
create_tensor: loading tensor blk.18.ffn_gate.weight
create_tensor: loading tensor blk.18.ffn_down.weight
create_tensor: loading tensor blk.18.ffn_up.weight
create_tensor: loading tensor blk.19.attn_norm.weight
create_tensor: loading tensor blk.19.attn_q.weight
create_tensor: loading tensor blk.19.attn_k.weight
create_tensor: loading tensor blk.19.attn_v.weight
create_tensor: loading tensor blk.19.attn_output.weight
create_tensor: loading tensor blk.19.ffn_norm.weight
create_tensor: loading tensor blk.19.ffn_gate.weight
create_tensor: loading tensor blk.19.ffn_down.weight
create_tensor: loading tensor blk.19.ffn_up.weight
create_tensor: loading tensor blk.20.attn_norm.weight
create_tensor: loading tensor blk.20.attn_q.weight
create_tensor: loading tensor blk.20.attn_k.weight
create_tensor: loading tensor blk.20.attn_v.weight
create_tensor: loading tensor blk.20.attn_output.weight
create_tensor: loading tensor blk.20.ffn_norm.weight
create_tensor: loading tensor blk.20.ffn_gate.weight
create_tensor: loading tensor blk.20.ffn_down.weight
create_tensor: loading tensor blk.20.ffn_up.weight
create_tensor: loading tensor blk.21.attn_norm.weight
create_tensor: loading tensor blk.21.attn_q.weight
create_tensor: loading tensor blk.21.attn_k.weight
create_tensor: loading tensor blk.21.attn_v.weight
create_tensor: loading tensor blk.21.attn_output.weight
create_tensor: loading tensor blk.21.ffn_norm.weight
create_tensor: loading tensor blk.21.ffn_gate.weight
create_tensor: loading tensor blk.21.ffn_down.weight
create_tensor: loading tensor blk.21.ffn_up.weight
create_tensor: loading tensor blk.22.attn_norm.weight
create_tensor: loading tensor blk.22.attn_q.weight
create_tensor: loading tensor blk.22.attn_k.weight
create_tensor: loading tensor blk.22.attn_v.weight
create_tensor: loading tensor blk.22.attn_output.weight
create_tensor: loading tensor blk.22.ffn_norm.weight
create_tensor: loading tensor blk.22.ffn_gate.weight
create_tensor: loading tensor blk.22.ffn_down.weight
create_tensor: loading tensor blk.22.ffn_up.weight
create_tensor: loading tensor blk.23.attn_norm.weight
create_tensor: loading tensor blk.23.attn_q.weight
create_tensor: loading tensor blk.23.attn_k.weight
create_tensor: loading tensor blk.23.attn_v.weight
create_tensor: loading tensor blk.23.attn_output.weight
create_tensor: loading tensor blk.23.ffn_norm.weight
create_tensor: loading tensor blk.23.ffn_gate.weight
create_tensor: loading tensor blk.23.ffn_down.weight
create_tensor: loading tensor blk.23.ffn_up.weight
create_tensor: loading tensor blk.24.attn_norm.weight
create_tensor: loading tensor blk.24.attn_q.weight
create_tensor: loading tensor blk.24.attn_k.weight
create_tensor: loading tensor blk.24.attn_v.weight
create_tensor: loading tensor blk.24.attn_output.weight
create_tensor: loading tensor blk.24.ffn_norm.weight
create_tensor: loading tensor blk.24.ffn_gate.weight
create_tensor: loading tensor blk.24.ffn_down.weight
create_tensor: loading tensor blk.24.ffn_up.weight
create_tensor: loading tensor blk.25.attn_norm.weight
create_tensor: loading tensor blk.25.attn_q.weight
create_tensor: loading tensor blk.25.attn_k.weight
create_tensor: loading tensor blk.25.attn_v.weight
create_tensor: loading tensor blk.25.attn_output.weight
create_tensor: loading tensor blk.25.ffn_norm.weight
create_tensor: loading tensor blk.25.ffn_gate.weight
create_tensor: loading tensor blk.25.ffn_down.weight
create_tensor: loading tensor blk.25.ffn_up.weight
create_tensor: loading tensor blk.26.attn_norm.weight
create_tensor: loading tensor blk.26.attn_q.weight
create_tensor: loading tensor blk.26.attn_k.weight
create_tensor: loading tensor blk.26.attn_v.weight
create_tensor: loading tensor blk.26.attn_output.weight
create_tensor: loading tensor blk.26.ffn_norm.weight
create_tensor: loading tensor blk.26.ffn_gate.weight
create_tensor: loading tensor blk.26.ffn_down.weight
create_tensor: loading tensor blk.26.ffn_up.weight
create_tensor: loading tensor blk.27.attn_norm.weight
create_tensor: loading tensor blk.27.attn_q.weight
create_tensor: loading tensor blk.27.attn_k.weight
create_tensor: loading tensor blk.27.attn_v.weight
create_tensor: loading tensor blk.27.attn_output.weight
create_tensor: loading tensor blk.27.ffn_norm.weight
create_tensor: loading tensor blk.27.ffn_gate.weight
create_tensor: loading tensor blk.27.ffn_down.weight
create_tensor: loading tensor blk.27.ffn_up.weight
create_tensor: loading tensor blk.28.attn_norm.weight
create_tensor: loading tensor blk.28.attn_q.weight
create_tensor: loading tensor blk.28.attn_k.weight
create_tensor: loading tensor blk.28.attn_v.weight
create_tensor: loading tensor blk.28.attn_output.weight
create_tensor: loading tensor blk.28.ffn_norm.weight
create_tensor: loading tensor blk.28.ffn_gate.weight
create_tensor: loading tensor blk.28.ffn_down.weight
create_tensor: loading tensor blk.28.ffn_up.weight
create_tensor: loading tensor blk.29.attn_norm.weight
create_tensor: loading tensor blk.29.attn_q.weight
create_tensor: loading tensor blk.29.attn_k.weight
create_tensor: loading tensor blk.29.attn_v.weight
create_tensor: loading tensor blk.29.attn_output.weight
create_tensor: loading tensor blk.29.ffn_norm.weight
create_tensor: loading tensor blk.29.ffn_gate.weight
create_tensor: loading tensor blk.29.ffn_down.weight
create_tensor: loading tensor blk.29.ffn_up.weight
create_tensor: loading tensor blk.30.attn_norm.weight
create_tensor: loading tensor blk.30.attn_q.weight
create_tensor: loading tensor blk.30.attn_k.weight
create_tensor: loading tensor blk.30.attn_v.weight
create_tensor: loading tensor blk.30.attn_output.weight
create_tensor: loading tensor blk.30.ffn_norm.weight
create_tensor: loading tensor blk.30.ffn_gate.weight
create_tensor: loading tensor blk.30.ffn_down.weight
create_tensor: loading tensor blk.30.ffn_up.weight
create_tensor: loading tensor blk.31.attn_norm.weight
create_tensor: loading tensor blk.31.attn_q.weight
create_tensor: loading tensor blk.31.attn_k.weight
create_tensor: loading tensor blk.31.attn_v.weight
create_tensor: loading tensor blk.31.attn_output.weight
create_tensor: loading tensor blk.31.ffn_norm.weight
create_tensor: loading tensor blk.31.ffn_gate.weight
create_tensor: loading tensor blk.31.ffn_down.weight
create_tensor: loading tensor blk.31.ffn_up.weight
done_getting_tensors: tensor 'token_embd.weight' (q4_0) (and 290 others) cannot be used with preferred buffer type SYCL_Host, using SYCL_Host instead
load_tensors: [SYCL] Starting tensor inventory collection (ctx_map size: 1)
load_tensors: [SYCL] Collected 291 tensors, 3.83 GiB total
[SYCL-PLAN] inventory oneDNN scratchpad: 143.5 MB (onednn_reorder 112.0 MB + onednn_eligible 31.5 MB; global max 102.5 MB)
[SYCL-PLAN] KV inputs: n_layer=32 n_embd_k_gqa=1024 n_embd_v_gqa=1024 n_ctx=512 (conservative) kv_per_layer=2.0 MB
[SYCL-BUDGET] budget_pct=100%, vram_budget=16304.0 MB (free=573.6 MB), arena_zones=1280.0 MB, weight_budget=15024.0 MB, model_size=3917.9 MB, exceeds_budget=false
[SYCL-BUDGET] base_mem=16304.0 MB, already_allocated=15730.4 MB, headroom=0.0 MB
[SYCL-BUDGET] vram_budget_base=16304.0 MB, final_budget=16304.0 MB, model_size=3917.9 MB
[VRAM-BUDGET] Device 0: 16304.0 MB total, 16304.0 MB budget (100%)
[VRAM-BUDGET]   Weights (dense): 3917.9 MB  [priority 1]
[VRAM-BUDGET]   Headroom:        0.0 MB  (scratch + KV + runtime)
[VRAM-BUDGET]   Available:       12386.1 MB  (for KV [pri 0], scratch [pri 3], staging [pri 4])
[SYCL] Plan budget tied to arena: 14100.0 MB arena (shared zone 12820.0 MB after 1280.0 MB zones)
[PLACEMENT] envelope (from sycl-snapshot): n_ctx=0 n_ubatch=0 n_seq_max=1 flash_attn_type=AUTO
[PLACEMENT] Zone reservation: scratch=512.0 MB + oneDNN=256.0 MB + runtime=512.0 MB (arena=14100.0 MB, weight zone=12820.0 MB)
[SYCL-PLAN] inventory top-8 of 291 tensors (total 3917.9 MB): output.weight=102.5MB(t14,4096x32000) token_embd.weight=70.3MB(t2,4096x32000) blk.1.ffn_gate.weight=31.5MB(t2,4096x14336) blk.1.ffn_down.weight=31.5MB(t2,14336x4096) blk.0.ffn_gate.weight=31.5MB(t2,4096x14336) blk.1.ffn_up.weight=31.5MB(t2,4096x14336) blk.0.ffn_up.weight=31.5MB(t2,4096x14336) blk.0.ffn_down.weight=31.5MB(t2,14336x4096)
[SYCL-PLAN] inventory groups: 7 distinct (type,ne) groups over 291 tensors; cardinality histogram: 1x2 32x1 64x3 65x1; largest card>=4: blk.31.ffn_up.weight 31.5MB (card=64); largest card<=2: output.weight 102.5MB (card=1)
[SYCL-PLAN] CPU quant buffers: 94.5 MB (3 x cpu_quant_eligible 31.5 MB; global max 102.5 MB)
[SYCL-PLAN] DMA staging pool: 63.0 MB (2 x dma_streamed 31.5 MB; global max 102.5 MB)
[SYCL-PLAN] oneDNN scratchpad: 143.5 MB (onednn_reorder 112.0 MB + onednn_eligible 31.5 MB; global max 102.5 MB)
[SYCL-PLAN] Host staging zone: s1_window=1 per_inflight=207.1 MB total=223.1 MB
[PLACEMENT] NORM/EMBED      device= 66 (71.3 MB)  host=  0 (0.0 MB)
[PLACEMENT] ATTENTION       device=129 (822.5 MB)  host=  0 (0.0 MB)
[PLACEMENT] FFN             device= 96 (3024.0 MB)  host=  0 (0.0 MB)
[PLACEMENT] layer   0  weight=117.0 MB  kv=2.0 MB (full)  total=119.0 MB  dense_target=device 0  kv_target=device 0
[PLACEMENT] layer   1  weight=117.0 MB  kv=2.0 MB (full)  total=119.0 MB  dense_target=device 0  kv_target=device 0
[PLACEMENT] layer   2  weight=117.0 MB  kv=2.0 MB (full)  total=119.0 MB  dense_target=device 0  kv_target=device 0
[PLACEMENT] layer   3  weight=117.0 MB  kv=2.0 MB (full)  total=119.0 MB  dense_target=device 0  kv_target=device 0
[PLACEMENT] layer   4  weight=117.0 MB  kv=2.0 MB (full)  total=119.0 MB  dense_target=device 0  kv_target=device 0
[PLACEMENT] layer   5  weight=117.0 MB  kv=2.0 MB (full)  total=119.0 MB  dense_target=device 0  kv_target=device 0
[PLACEMENT] layer   6  weight=117.0 MB  kv=2.0 MB (full)  total=119.0 MB  dense_target=device 0  kv_target=device 0
[PLACEMENT] layer   7  weight=117.0 MB  kv=2.0 MB (full)  total=119.0 MB  dense_target=device 0  kv_target=device 0
[PLACEMENT] layer   8  weight=117.0 MB  kv=2.0 MB (full)  total=119.0 MB  dense_target=device 0  kv_target=device 0
[PLACEMENT] layer   9  weight=117.0 MB  kv=2.0 MB (full)  total=119.0 MB  dense_target=device 0  kv_target=device 0
[PLACEMENT] layer  10  weight=117.0 MB  kv=2.0 MB (full)  total=119.0 MB  dense_target=device 0  kv_target=device 0
[PLACEMENT] layer  11  weight=117.0 MB  kv=2.0 MB (full)  total=119.0 MB  dense_target=device 0  kv_target=device 0
[PLACEMENT] layer  12  weight=117.0 MB  kv=2.0 MB (full)  total=119.0 MB  dense_target=device 0  kv_target=device 0
[PLACEMENT] layer  13  weight=117.0 MB  kv=2.0 MB (full)  total=119.0 MB  dense_target=device 0  kv_target=device 0
[PLACEMENT] layer  14  weight=117.0 MB  kv=2.0 MB (full)  total=119.0 MB  dense_target=device 0  kv_target=device 0
[PLACEMENT] layer  15  weight=117.0 MB  kv=2.0 MB (full)  total=119.0 MB  dense_target=device 0  kv_target=device 0
[PLACEMENT] layer  16  weight=117.0 MB  kv=2.0 MB (full)  total=119.0 MB  dense_target=device 0  kv_target=device 0
[PLACEMENT] layer  17  weight=117.0 MB  kv=2.0 MB (full)  total=119.0 MB  dense_target=device 0  kv_target=device 0
[PLACEMENT] layer  18  weight=117.0 MB  kv=2.0 MB (full)  total=119.0 MB  dense_target=device 0  kv_target=device 0
[PLACEMENT] layer  19  weight=117.0 MB  kv=2.0 MB (full)  total=119.0 MB  dense_target=device 0  kv_target=device 0
[PLACEMENT] layer  20  weight=117.0 MB  kv=2.0 MB (full)  total=119.0 MB  dense_target=device 0  kv_target=device 0
[PLACEMENT] layer  21  weight=117.0 MB  kv=2.0 MB (full)  total=119.0 MB  dense_target=device 0  kv_target=device 0
[PLACEMENT] layer  22  weight=117.0 MB  kv=2.0 MB (full)  total=119.0 MB  dense_target=device 0  kv_target=device 0
[PLACEMENT] layer  23  weight=117.0 MB  kv=2.0 MB (full)  total=119.0 MB  dense_target=device 0  kv_target=device 0
[PLACEMENT] layer  24  weight=117.0 MB  kv=2.0 MB (full)  total=119.0 MB  dense_target=device 0  kv_target=device 0
[PLACEMENT] layer  25  weight=117.0 MB  kv=2.0 MB (full)  total=119.0 MB  dense_target=device 0  kv_target=device 0
[PLACEMENT] layer  26  weight=117.0 MB  kv=2.0 MB (full)  total=119.0 MB  dense_target=device 0  kv_target=device 0
[PLACEMENT] layer  27  weight=117.0 MB  kv=2.0 MB (full)  total=119.0 MB  dense_target=device 0  kv_target=device 0
[PLACEMENT] layer  28  weight=117.0 MB  kv=2.0 MB (full)  total=119.0 MB  dense_target=device 0  kv_target=device 0
[PLACEMENT] layer  29  weight=117.0 MB  kv=2.0 MB (full)  total=119.0 MB  dense_target=device 0  kv_target=device 0
[PLACEMENT] layer  30  weight=117.0 MB  kv=2.0 MB (full)  total=119.0 MB  dense_target=device 0  kv_target=device 0
[PLACEMENT] layer  31  weight=117.0 MB  kv=2.0 MB (full)  total=119.0 MB  dense_target=device 0  kv_target=device 0
[PLACEMENT] KV sizing: n_layer=32 n_embd_k_gqa=1024 n_embd_v_gqa=1024 n_ctx=512 (conservative) kv_per_layer=2.0 MB
[PLACEMENT] Totals: weights=3917.9 MB device + 0.0 MB host, kv=64.0 MB device + 0.0 MB host
[PLACEMENT] Total: 3981.9 MB device + 0.0 MB host (budget=14100.0 MB)
[SYCL] Placement plan computed: 291 entries, 3981.9 MB device + 0.0 MB host
[PLACE-4] device weight zone: 3917.9 MB (291 tensors), host arena: 0.0 MB (0 tensors)
[MOE-MULTI-GPU] Planner kept all MoE handles on primary; secondary queues not activated
[SYCL] Tensor inventory set: 291 tensors, 3.83 GB total (VRAM: 0.56 GB free, planner host placement: no)
load_tensors: SYCL tensor inventory: 291 tensors, 3.83 GiB (enables unified placement before allocation)
load_tensors: disabling mmap for SYCL weight layout upload
[SYCL] Host buffer alloc request: 2045.4 MB (evictable=1, in_model_load=1)
[SYCL] Allocated pinned runtime chunk 1 (size=2048.0 MB, total=2.0 GB)
[SYCL] Host buffer alloc request: 1872.5 MB (evictable=1, in_model_load=1)
[SYCL] Allocated pinned runtime chunk 2 (size=2048.0 MB, total=4.0 GB)
load_tensors: offloading output layer to GPU
load_tensors: offloading 31 repeating layers to GPU
load_tensors: offloaded 33/33 layers to GPU
load_tensors:    SYCL_Host model buffer size =  3917.87 MiB
load_all_data: buffer type SYCL_Host is not the default buffer type for device SYCL0 for async uploads
..................................................................................................
[S1-PRELOAD] 291 host-registered weights found for preload
[S1-PRELOAD] Resetting weight materialization before applying latest plan
[S1-PRELOAD] Using unified-cache BCS queue for preload copies
[SYCL] Allocated pinned base chunk 1 (size=2048.0 MB, total=6.0 GB)
[SYCL] Pinned pool pre_allocate: grew 1 chunks for 596.6 MB working set (total=6.0 GB)
[HOST-ARENA] configured zones: WEIGHT=0.0 MB  KV=64.0 MB  STAGING=223.1 MB  SCRATCH=309.5 MB  (total-cap=2048.0 MB)
[SYCL] Allocated pinned runtime chunk 3 (size=2048.0 MB, total=8.0 GB)
[SYCL] Pinned pool pre_allocate_runtime: grew 1 chunks for 2048.0 MB (total need 206.5 MB)
[HOST-ARENA] Zones configured: WEIGHT=0.0 MB KV=64.0 MB STAGING=223.1 MB SCRATCH=309.5 MB
[HOST-ARENA] Committed 8192.0 MB in 4 chunk(s) after plan pre-size (budget=202893.0 MB)
[SYCL] Watchdog started (GGML_SYCL_OP_TIMEOUT_MS=30000, poll=500 ms)
[S1-PRELOAD] Pinned 516 dense weights in VRAM (7732.2 MB)
[UNIFIED-CACHE] Layout pool sealed on device 0
[S1-PRELOAD] async bulk: dense cached=516 failed=0 host_placed=0, moe cached=0 failed=0, 8367.9 MB in 30132 ms (0.3 GB/s)
llama_context: constructing llama_context
llama_context: n_seq_max     = 1
llama_context: n_ctx         = 512
llama_context: n_ctx_seq     = 512
llama_context: n_batch       = 512
llama_context: n_ubatch      = 512
llama_context: causal_attn   = 1
llama_context: flash_attn    = auto
llama_context: kv_unified    = false
llama_context: freq_base     = 10000.0
llama_context: freq_scale    = 1
llama_context: n_rs_seq      = 0
llama_context: n_outputs_max = 512
llama_context: n_ctx_seq (512) < n_ctx_train (32768) -- the full capacity of the model will not be utilized
[SYCL-PLAN] Runtime context update: n_ctx=512 n_ubatch=512 n_seq_max=1 kv_per_layer=2.0 MB kv_per_swa_layer=0.0 MB
set_abort_callback: call
[SYCL] Host buffer alloc request: 0.1 MB (evictable=1, in_model_load=0)
[SYCL] Allocated pinned base chunk 2 (size=2048.0 MB, total=10.0 GB)
[SYCL] Pinned pool grow_zone: zone 0 grown by 2048.0 MB (1 new chunks, zone now 2048.0 MB)
llama_context:  SYCL_Host  output buffer size =     0.12 MiB
llama_kv_cache: layer   0: dev = SYCL0
llama_kv_cache: layer   1: dev = SYCL0
llama_kv_cache: layer   2: dev = SYCL0
llama_kv_cache: layer   3: dev = SYCL0
llama_kv_cache: layer   4: dev = SYCL0
llama_kv_cache: layer   5: dev = SYCL0
llama_kv_cache: layer   6: dev = SYCL0
llama_kv_cache: layer   7: dev = SYCL0
llama_kv_cache: layer   8: dev = SYCL0
llama_kv_cache: layer   9: dev = SYCL0
llama_kv_cache: layer  10: dev = SYCL0
llama_kv_cache: layer  11: dev = SYCL0
llama_kv_cache: layer  12: dev = SYCL0
llama_kv_cache: layer  13: dev = SYCL0
llama_kv_cache: layer  14: dev = SYCL0
llama_kv_cache: layer  15: dev = SYCL0
llama_kv_cache: layer  16: dev = SYCL0
llama_kv_cache: layer  17: dev = SYCL0
llama_kv_cache: layer  18: dev = SYCL0
llama_kv_cache: layer  19: dev = SYCL0
llama_kv_cache: layer  20: dev = SYCL0
llama_kv_cache: layer  21: dev = SYCL0
llama_kv_cache: layer  22: dev = SYCL0
llama_kv_cache: layer  23: dev = SYCL0
llama_kv_cache: layer  24: dev = SYCL0
llama_kv_cache: layer  25: dev = SYCL0
llama_kv_cache: layer  26: dev = SYCL0
llama_kv_cache: layer  27: dev = SYCL0
llama_kv_cache: layer  28: dev = SYCL0
llama_kv_cache: layer  29: dev = SYCL0
llama_kv_cache: layer  30: dev = SYCL0
llama_kv_cache: layer  31: dev = SYCL0
[KV-ALLOC] tiered_kv_buft_alloc_buffer: size=64.0 MB, n_layers=32
[KV-ALLOC] kv_per_layer=2.0 MB (full=2.0 MB, swa=0.0 MB), n_kv_layers=32/32
[KV-TIER] Plan-driven: 32/32 layers on device (planner_n_ctx=512, kv_layers=32, kv_per_layer=2097152, 64.0 MB device, 0.0 MB host)
[LOAD-SUMMARY] Device 0: weights=actual 8367.9 MB device / 0.0 MB host (516 device / 0 host, 8367.9 MB total), kv=planned 64.0 MB device / 0.0 MB host (32 device layers / 0 host layers, 64.0 MB total), oneDNN scratch=arena-lazy (weights=0.0 MB, activations=0.0 MB)
[KV-TIER] Device 0: using plan-driven KV placement (32 layers, no secondary kv budget)
[VMEM-KV] Not enabled (set GGML_SYCL_VMEM_KV=1 to enable)
[KV-TIER] layer 0 planned_device=0 materialized=device ptr=0xffffe39132fe6000 size=2097152
[KV-TIER] layer 1 planned_device=0 materialized=device ptr=0xffffe391331e6000 size=2097152
[KV-TIER] layer 2 planned_device=0 materialized=device ptr=0xffffe391333e6000 size=2097152
[KV-TIER] layer 3 planned_device=0 materialized=device ptr=0xffffe391335e6000 size=2097152
[KV-TIER] layer 4 planned_device=0 materialized=device ptr=0xffffe391337e6000 size=2097152
[KV-TIER] layer 5 planned_device=0 materialized=device ptr=0xffffe391339e6000 size=2097152
[KV-TIER] layer 6 planned_device=0 materialized=device ptr=0xffffe39133be6000 size=2097152
[KV-TIER] layer 7 planned_device=0 materialized=device ptr=0xffffe39133de6000 size=2097152
[KV-TIER] layer 8 planned_device=0 materialized=device ptr=0xffffe39133fe6000 size=2097152
[KV-TIER] layer 9 planned_device=0 materialized=device ptr=0xffffe391341e6000 size=2097152
[KV-TIER] layer 10 planned_device=0 materialized=device ptr=0xffffe391343e6000 size=2097152
[KV-TIER] layer 11 planned_device=0 materialized=device ptr=0xffffe391345e6000 size=2097152
[KV-TIER] layer 12 planned_device=0 materialized=device ptr=0xffffe391347e6000 size=2097152
[KV-TIER] layer 13 planned_device=0 materialized=device ptr=0xffffe391349e6000 size=2097152
[KV-TIER] layer 14 planned_device=0 materialized=device ptr=0xffffe39134be6000 size=2097152
[KV-TIER] layer 15 planned_device=0 materialized=device ptr=0xffffe39134de6000 size=2097152
[KV-TIER] layer 16 planned_device=0 materialized=device ptr=0xffffe39134fe6000 size=2097152
[KV-TIER] layer 17 planned_device=0 materialized=device ptr=0xffffe391351e6000 size=2097152
[KV-TIER] layer 18 planned_device=0 materialized=device ptr=0xffffe391353e6000 size=2097152
[KV-TIER] layer 19 planned_device=0 materialized=device ptr=0xffffe391355e6000 size=2097152
[KV-TIER] layer 20 planned_device=0 materialized=device ptr=0xffffe391357e6000 size=2097152
[KV-TIER] layer 21 planned_device=0 materialized=device ptr=0xffffe391359e6000 size=2097152
[KV-TIER] layer 22 planned_device=0 materialized=device ptr=0xffffe39135be6000 size=2097152
[KV-TIER] layer 23 planned_device=0 materialized=device ptr=0xffffe39135de6000 size=2097152
[KV-TIER] layer 24 planned_device=0 materialized=device ptr=0xffffe39135fe6000 size=2097152
[KV-TIER] layer 25 planned_device=0 materialized=device ptr=0xffffe391361e6000 size=2097152
[KV-TIER] layer 26 planned_device=0 materialized=device ptr=0xffffe391363e6000 size=2097152
[KV-TIER] layer 27 planned_device=0 materialized=device ptr=0xffffe391365e6000 size=2097152
[KV-TIER] layer 28 planned_device=0 materialized=device ptr=0xffffe391367e6000 size=2097152
[KV-TIER] layer 29 planned_device=0 materialized=device ptr=0xffffe391369e6000 size=2097152
[KV-TIER] layer 30 planned_device=0 materialized=device ptr=0xffffe39136be6000 size=2097152
[KV-TIER] layer 31 planned_device=0 materialized=device ptr=0xffffe39136de6000 size=2097152
[KV-TIER] All 32 KV-buffer layers match placement plan
[KV-TIER] Using arena KV zone as alloc_base: 0xffffe39132fe6000 (no synthetic base)
[KV-TIER] alloc_base=0xffffe39132fe6000 size=67108864 (range 0xffffe39132fe6000-0xffffe39136fe6000)
[KV-TIER] layer_allocs[0]: ptr=0xffffe39132fe6000 size=2097152 on_device=1 zone_managed=1
[KV-TIER] layer_allocs[1]: ptr=0xffffe391331e6000 size=2097152 on_device=1 zone_managed=1
[KV-TIER] layer_allocs[2]: ptr=0xffffe391333e6000 size=2097152 on_device=1 zone_managed=1
[KV-TIER] layer_allocs[3]: ptr=0xffffe391335e6000 size=2097152 on_device=1 zone_managed=1
[KV-TIER] Device 0: all 32 KV-buffer layers on device (64.0 MB, per-layer alloc, arena KV zone)
[LOAD-SUMMARY] Device 0: weights=actual 8367.9 MB device / 0.0 MB host (516 device / 0 host, 8367.9 MB total), kv=actual 64.0 MB device / 0.0 MB host (32 device layers / 0 host layers, 64.0 MB total), oneDNN scratch=arena-lazy (weights=0.0 MB, activations=0.0 MB)
[KV-REMAP] cache_k_l0: layer=0 alloc_base=0xffffe39132fe6000 old_data=0xffffe39132fe6000 abs_off=0 layer_base=0 off_in_layer=0 la.ptr=0xffffe39132fe6000 la.size=2097152 -> data=0xffffe39132fe6000 (DEVICE)
[KV-REMAP] cache_v_l0: layer=0 alloc_base=0xffffe39132fe6000 old_data=0xffffe391330e6000 abs_off=1048576 layer_base=0 off_in_layer=1048576 la.ptr=0xffffe39132fe6000 la.size=2097152 -> data=0xffffe391330e6000 (DEVICE)
[KV-REMAP] cache_k_l1: layer=1 alloc_base=0xffffe39132fe6000 old_data=0xffffe391331e6000 abs_off=2097152 layer_base=2097152 off_in_layer=0 la.ptr=0xffffe391331e6000 la.size=2097152 -> data=0xffffe391331e6000 (DEVICE)
[KV-REMAP] cache_v_l1: layer=1 alloc_base=0xffffe39132fe6000 old_data=0xffffe391332e6000 abs_off=3145728 layer_base=2097152 off_in_layer=1048576 la.ptr=0xffffe391331e6000 la.size=2097152 -> data=0xffffe391332e6000 (DEVICE)
[KV-REMAP] cache_k_l2: layer=2 alloc_base=0xffffe39132fe6000 old_data=0xffffe391333e6000 abs_off=4194304 layer_base=4194304 off_in_layer=0 la.ptr=0xffffe391333e6000 la.size=2097152 -> data=0xffffe391333e6000 (DEVICE)
[KV-REMAP] cache_v_l2: layer=2 alloc_base=0xffffe39132fe6000 old_data=0xffffe391334e6000 abs_off=5242880 layer_base=4194304 off_in_layer=1048576 la.ptr=0xffffe391333e6000 la.size=2097152 -> data=0xffffe391334e6000 (DEVICE)
[KV-REMAP] cache_k_l3: layer=3 alloc_base=0xffffe39132fe6000 old_data=0xffffe391335e6000 abs_off=6291456 layer_base=6291456 off_in_layer=0 la.ptr=0xffffe391335e6000 la.size=2097152 -> data=0xffffe391335e6000 (DEVICE)
[KV-REMAP] cache_v_l3: layer=3 alloc_base=0xffffe39132fe6000 old_data=0xffffe391336e6000 abs_off=7340032 layer_base=6291456 off_in_layer=1048576 la.ptr=0xffffe391335e6000 la.size=2097152 -> data=0xffffe391336e6000 (DEVICE)
[KV-REMAP] cache_k_l31: layer=31 alloc_base=0xffffe39132fe6000 old_data=0xffffe39136de6000 abs_off=65011712 layer_base=65011712 off_in_layer=0 la.ptr=0xffffe39136de6000 la.size=2097152 -> data=0xffffe39136de6000 (DEVICE)
[KV-REMAP] cache_v_l31: layer=31 alloc_base=0xffffe39132fe6000 old_data=0xffffe39136ee6000 abs_off=66060288 layer_base=65011712 off_in_layer=1048576 la.ptr=0xffffe39136de6000 la.size=2097152 -> data=0xffffe39136ee6000 (DEVICE)
llama_kv_cache: SYCL_KV_Tiered KV buffer size =    64.00 MiB
llama_kv_cache: size =   64.00 MiB (   512 cells,  32 layers,  1/1 seqs), K (f16):   32.00 MiB, V (f16):   32.00 MiB
llama_kv_cache: attn_rot_k = 0, n_embd_head_k_all = 128
llama_kv_cache: attn_rot_v = 0, n_embd_head_k_all = 128
llama_context: enumerating backends
llama_context: backend_ptrs.size() = 2
sched_reserve: reserving ...
sched_reserve: max_nodes = 2328
sched_reserve: reserving full memory module
sched_reserve: worst-case: n_tokens = 512, n_seqs = 1, n_outputs = 1
graph_reserve: reserving a graph for ubatch with n_tokens =    1, n_seqs =  1, n_outputs =    1
resolve_fused_ops: Flash Attention enabled
resolve_fused_ops: resolving fused Gated Delta Net support:
graph_reserve: reserving a graph for ubatch with n_tokens =    1, n_seqs =  1, n_outputs =    1
resolve_fused_ops: fused Gated Delta Net (autoregressive) enabled
graph_reserve: reserving a graph for ubatch with n_tokens =   16, n_seqs =  1, n_outputs =   16
resolve_fused_ops: fused Gated Delta Net (chunked) enabled
graph_reserve: reserving a graph for ubatch with n_tokens =  512, n_seqs =  1, n_outputs =  512
[SYCL] Host buffer alloc request: 8.5 MB (evictable=1, in_model_load=0)
graph_reserve: reserving a graph for ubatch with n_tokens =    1, n_seqs =  1, n_outputs =    1
graph_reserve: reserving a graph for ubatch with n_tokens =  512, n_seqs =  1, n_outputs =  512
sched_reserve:      SYCL0 compute buffer size =   112.00 MiB
sched_reserve:  SYCL_Host compute buffer size =     8.51 MiB
sched_reserve: graph nodes  = 1030
sched_reserve: graph splits = 1
sched_reserve: reserve took 5.40 ms, sched copies = 1
attach_threadpool: call
set_n_threads: n_threads = 4, n_threads_batch = 4
[UNIFIED-CACHE] oneDNN scratch from arena: weights=32.0 MB, activations=4.0 MB
[SYCL] GGML_SYCL_F16 build: attention Q/accumulators are f16
[SYCL] fattn staged weight-source 'attn_inp_kq_mask' (mask, 524288 B) from alloc_kind=3 to device
[UNIFIED-CACHE] oneDNN scratch from arena: weights=112.0 MB, activations=4.0 MB
[UNIFIED-CACHE] oneDNN scratch from arena: weights=112.0 MB, activations=14.0 MB
[SYCL] fattn staged weight-source 'attn_inp_kq_mask' (mask, 524288 B) from alloc_kind=3 to device
[SYCL] fattn staged weight-source 'attn_inp_kq_mask' (mask, 524288 B) from alloc_kind=3 to device
[SYCL] fattn staged weight-source 'attn_inp_kq_mask' (mask, 524288 B) from alloc_kind=3 to device
[SYCL] fattn staged weight-source 'attn_inp_kq_mask' (mask, 524288 B) from alloc_kind=3 to device
[SYCL] fattn staged weight-source 'attn_inp_kq_mask' (mask, 524288 B) from alloc_kind=3 to device
[SYCL] fattn staged weight-source 'attn_inp_kq_mask' (mask, 524288 B) from alloc_kind=3 to device
[SYCL] fattn staged weight-source 'attn_inp_kq_mask' (mask, 524288 B) from alloc_kind=3 to device
[UNIFIED-CACHE] Budget summary for device 0:
  Total VRAM budget:     14101.4 MB
  Weight bytes (used_):      0.0 MB
  Runtime reserved:       8670.5 MB
  Total committed:        8670.5 MB  (weights + runtime)
  Total available:        5431.0 MB  (budget - committed)
  Effective budget:      14101.4 MB
  Available for alloc:   14101.4 MB
  Avail for weights:      5431.0 MB
  Budget pct:                 90 %
  Model exceeds VRAM:         no
[UNIFIED-CACHE] Runtime breakdown for device 0:
  KV_ZONE        8432.0 MB
  ONEDNN_ZONE     126.0 MB
  RUNTIME_ZONE    112.5 MB
  SCRATCH_ZONE      0.0 MB
[UNIFIED-CACHE] Note: external runtime tracker (8670.5 MB) differs from internal reserved (0.0 MB) on device 0
set_n_threads: n_threads = 4, n_threads_batch = 4
set_n_threads: n_threads = 4, n_threads_batch = 4
set_n_threads: n_threads = 4, n_threads_batch = 4
set_n_threads: n_threads = 4, n_threads_batch = 4
set_n_threads: n_threads = 4, n_threads_batch = 4
set_n_threads: n_threads = 4, n_threads_batch = 4
set_n_threads: n_threads = 4, n_threads_batch = 4
set_n_threads: n_threads = 4, n_threads_batch = 4
set_n_threads: n_threads = 4, n_threads_batch = 4
set_n_threads: n_threads = 4, n_threads_batch = 4
set_n_threads: n_threads = 4, n_threads_batch = 4
set_n_threads: n_threads = 4, n_threads_batch = 4
set_n_threads: n_threads = 4, n_threads_batch = 4
set_n_threads: n_threads = 4, n_threads_batch = 4
set_n_threads: n_threads = 4, n_threads_batch = 4
set_n_threads: n_threads = 4, n_threads_batch = 4
set_n_threads: n_threads = 4, n_threads_batch = 4
set_n_threads: n_threads = 4, n_threads_batch = 4
set_n_threads: n_threads = 4, n_threads_batch = 4
set_n_threads: n_threads = 4, n_threads_batch = 4
set_n_threads: n_threads = 4, n_threads_batch = 4
set_n_threads: n_threads = 4, n_threads_batch = 4
set_n_threads: n_threads = 4, n_threads_batch = 4
set_n_threads: n_threads = 4, n_threads_batch = 4
set_n_threads: n_threads = 4, n_threads_batch = 4
set_n_threads: n_threads = 4, n_threads_batch = 4
set_n_threads: n_threads = 4, n_threads_batch = 4
set_n_threads: n_threads = 4, n_threads_batch = 4
set_n_threads: n_threads = 4, n_threads_batch = 4
set_n_threads: n_threads = 4, n_threads_batch = 4
llama_perf_context_print:        load time =   33084.83 ms
llama_perf_context_print: prompt eval time =       0.00 ms / 15872 tokens (    0.00 ms per token,      inf tokens per second)
llama_perf_context_print:        eval time =       0.00 ms /     1 runs   (    0.00 ms per token,      inf tokens per second)
llama_perf_context_print:       total time =   53891.72 ms / 15873 tokens
llama_perf_context_print:    graphs reused =         30
~llama_context:      SYCL0 compute buffer size is 112.0000 MiB, matches expectation of 112.0000 MiB
~llama_context:  SYCL_Host compute buffer size is   8.5137 MiB, matches expectation of   8.5137 MiB
llama_context: constructing llama_context
llama_context: n_seq_max     = 1
llama_context: n_ctx         = 256
llama_context: n_ctx_seq     = 256
llama_context: n_batch       = 128
llama_context: n_ubatch      = 128
llama_context: causal_attn   = 1
llama_context: flash_attn    = auto
llama_context: kv_unified    = false
llama_context: freq_base     = 10000.0
llama_context: freq_scale    = 1
llama_context: n_rs_seq      = 0
llama_context: n_outputs_max = 128
llama_context: n_ctx_seq (256) < n_ctx_train (32768) -- the full capacity of the model will not be utilized
[SYCL-PLAN] Runtime context update: n_ctx=256 n_ubatch=128 n_seq_max=1 kv_per_layer=1.0 MB kv_per_swa_layer=0.0 MB
set_abort_callback: call
[SYCL] Host buffer alloc request: 0.1 MB (evictable=1, in_model_load=0)
llama_context:  SYCL_Host  output buffer size =     0.12 MiB
llama_kv_cache: layer   0: dev = SYCL0
llama_kv_cache: layer   1: dev = SYCL0
llama_kv_cache: layer   2: dev = SYCL0
llama_kv_cache: layer   3: dev = SYCL0
llama_kv_cache: layer   4: dev = SYCL0
llama_kv_cache: layer   5: dev = SYCL0
llama_kv_cache: layer   6: dev = SYCL0
llama_kv_cache: layer   7: dev = SYCL0
llama_kv_cache: layer   8: dev = SYCL0
llama_kv_cache: layer   9: dev = SYCL0
llama_kv_cache: layer  10: dev = SYCL0
llama_kv_cache: layer  11: dev = SYCL0
llama_kv_cache: layer  12: dev = SYCL0
llama_kv_cache: layer  13: dev = SYCL0
llama_kv_cache: layer  14: dev = SYCL0
llama_kv_cache: layer  15: dev = SYCL0
llama_kv_cache: layer  16: dev = SYCL0
llama_kv_cache: layer  17: dev = SYCL0
llama_kv_cache: layer  18: dev = SYCL0
llama_kv_cache: layer  19: dev = SYCL0
llama_kv_cache: layer  20: dev = SYCL0
llama_kv_cache: layer  21: dev = SYCL0
llama_kv_cache: layer  22: dev = SYCL0
llama_kv_cache: layer  23: dev = SYCL0
llama_kv_cache: layer  24: dev = SYCL0
llama_kv_cache: layer  25: dev = SYCL0
llama_kv_cache: layer  26: dev = SYCL0
llama_kv_cache: layer  27: dev = SYCL0
llama_kv_cache: layer  28: dev = SYCL0
llama_kv_cache: layer  29: dev = SYCL0
llama_kv_cache: layer  30: dev = SYCL0
llama_kv_cache: layer  31: dev = SYCL0
[KV-ALLOC] tiered_kv_buft_alloc_buffer: size=32.0 MB, n_layers=32
[KV-ALLOC] kv_per_layer=1.0 MB (full=1.0 MB, swa=0.0 MB), n_kv_layers=32/32
[KV-TIER] Plan-driven: 32/32 layers on device (planner_n_ctx=256, kv_layers=32, kv_per_layer=1048576, 32.0 MB device, 0.0 MB host)
[LOAD-SUMMARY] Device 0: weights=actual 8367.9 MB device / 0.0 MB host (516 device / 0 host, 8367.9 MB total), kv=planned 32.0 MB device / 0.0 MB host (32 device layers / 0 host layers, 32.0 MB total), oneDNN scratch=arena (weights=112.0 MB, activations=14.0 MB)
[KV-TIER] Device 0: using plan-driven KV placement (32 layers, no secondary kv budget)
[KV-TIER] layer 0 planned_device=0 materialized=device ptr=0xffffe39132fe6000 size=1048576
[KV-TIER] layer 1 planned_device=0 materialized=device ptr=0xffffe391330e6000 size=1048576
[KV-TIER] layer 2 planned_device=0 materialized=device ptr=0xffffe391331e6000 size=1048576
[KV-TIER] layer 3 planned_device=0 materialized=device ptr=0xffffe391332e6000 size=1048576
[KV-TIER] layer 4 planned_device=0 materialized=device ptr=0xffffe391333e6000 size=1048576
[KV-TIER] layer 5 planned_device=0 materialized=device ptr=0xffffe391334e6000 size=1048576
[KV-TIER] layer 6 planned_device=0 materialized=device ptr=0xffffe391335e6000 size=1048576
[KV-TIER] layer 7 planned_device=0 materialized=device ptr=0xffffe391336e6000 size=1048576
[KV-TIER] layer 8 planned_device=0 materialized=device ptr=0xffffe391337e6000 size=1048576
[KV-TIER] layer 9 planned_device=0 materialized=device ptr=0xffffe391338e6000 size=1048576
[KV-TIER] layer 10 planned_device=0 materialized=device ptr=0xffffe391339e6000 size=1048576
[KV-TIER] layer 11 planned_device=0 materialized=device ptr=0xffffe39133ae6000 size=1048576
[KV-TIER] layer 12 planned_device=0 materialized=device ptr=0xffffe39133be6000 size=1048576
[KV-TIER] layer 13 planned_device=0 materialized=device ptr=0xffffe39133ce6000 size=1048576
[KV-TIER] layer 14 planned_device=0 materialized=device ptr=0xffffe39133de6000 size=1048576
[KV-TIER] layer 15 planned_device=0 materialized=device ptr=0xffffe39133ee6000 size=1048576
[KV-TIER] layer 16 planned_device=0 materialized=device ptr=0xffffe39133fe6000 size=1048576
[KV-TIER] layer 17 planned_device=0 materialized=device ptr=0xffffe391340e6000 size=1048576
[KV-TIER] layer 18 planned_device=0 materialized=device ptr=0xffffe391341e6000 size=1048576
[KV-TIER] layer 19 planned_device=0 materialized=device ptr=0xffffe391342e6000 size=1048576
[KV-TIER] layer 20 planned_device=0 materialized=device ptr=0xffffe391343e6000 size=1048576
[KV-TIER] layer 21 planned_device=0 materialized=device ptr=0xffffe391344e6000 size=1048576
[KV-TIER] layer 22 planned_device=0 materialized=device ptr=0xffffe391345e6000 size=1048576
[KV-TIER] layer 23 planned_device=0 materialized=device ptr=0xffffe391346e6000 size=1048576
[KV-TIER] layer 24 planned_device=0 materialized=device ptr=0xffffe391347e6000 size=1048576
[KV-TIER] layer 25 planned_device=0 materialized=device ptr=0xffffe391348e6000 size=1048576
[KV-TIER] layer 26 planned_device=0 materialized=device ptr=0xffffe391349e6000 size=1048576
[KV-TIER] layer 27 planned_device=0 materialized=device ptr=0xffffe39134ae6000 size=1048576
[KV-TIER] layer 28 planned_device=0 materialized=device ptr=0xffffe39134be6000 size=1048576
[KV-TIER] layer 29 planned_device=0 materialized=device ptr=0xffffe39134ce6000 size=1048576
[KV-TIER] layer 30 planned_device=0 materialized=device ptr=0xffffe39134de6000 size=1048576
[KV-TIER] layer 31 planned_device=0 materialized=device ptr=0xffffe39134ee6000 size=1048576
[KV-TIER] All 32 KV-buffer layers match placement plan
[KV-TIER] Using arena KV zone as alloc_base: 0xffffe39132fe6000 (no synthetic base)
[KV-TIER] alloc_base=0xffffe39132fe6000 size=33554432 (range 0xffffe39132fe6000-0xffffe39134fe6000)
[KV-TIER] layer_allocs[0]: ptr=0xffffe39132fe6000 size=1048576 on_device=1 zone_managed=1
[KV-TIER] layer_allocs[1]: ptr=0xffffe391330e6000 size=1048576 on_device=1 zone_managed=1
[KV-TIER] layer_allocs[2]: ptr=0xffffe391331e6000 size=1048576 on_device=1 zone_managed=1
[KV-TIER] layer_allocs[3]: ptr=0xffffe391332e6000 size=1048576 on_device=1 zone_managed=1
[KV-TIER] Device 0: all 32 KV-buffer layers on device (32.0 MB, per-layer alloc, arena KV zone)
[LOAD-SUMMARY] Device 0: weights=actual 8367.9 MB device / 0.0 MB host (516 device / 0 host, 8367.9 MB total), kv=actual 32.0 MB device / 0.0 MB host (32 device layers / 0 host layers, 32.0 MB total), oneDNN scratch=arena (weights=112.0 MB, activations=14.0 MB)
[KV-REMAP] cache_k_l0: layer=0 alloc_base=0xffffe39132fe6000 old_data=0xffffe39132fe6000 abs_off=0 layer_base=0 off_in_layer=0 la.ptr=0xffffe39132fe6000 la.size=1048576 -> data=0xffffe39132fe6000 (DEVICE)
[KV-REMAP] cache_v_l0: layer=0 alloc_base=0xffffe39132fe6000 old_data=0xffffe39133066000 abs_off=524288 layer_base=0 off_in_layer=524288 la.ptr=0xffffe39132fe6000 la.size=1048576 -> data=0xffffe39133066000 (DEVICE)
[KV-REMAP] cache_k_l1: layer=1 alloc_base=0xffffe39132fe6000 old_data=0xffffe391330e6000 abs_off=1048576 layer_base=1048576 off_in_layer=0 la.ptr=0xffffe391330e6000 la.size=1048576 -> data=0xffffe391330e6000 (DEVICE)
[KV-REMAP] cache_v_l1: layer=1 alloc_base=0xffffe39132fe6000 old_data=0xffffe39133166000 abs_off=1572864 layer_base=1048576 off_in_layer=524288 la.ptr=0xffffe391330e6000 la.size=1048576 -> data=0xffffe39133166000 (DEVICE)
[KV-REMAP] cache_k_l2: layer=2 alloc_base=0xffffe39132fe6000 old_data=0xffffe391331e6000 abs_off=2097152 layer_base=2097152 off_in_layer=0 la.ptr=0xffffe391331e6000 la.size=1048576 -> data=0xffffe391331e6000 (DEVICE)
[KV-REMAP] cache_v_l2: layer=2 alloc_base=0xffffe39132fe6000 old_data=0xffffe39133266000 abs_off=2621440 layer_base=2097152 off_in_layer=524288 la.ptr=0xffffe391331e6000 la.size=1048576 -> data=0xffffe39133266000 (DEVICE)
[KV-REMAP] cache_k_l3: layer=3 alloc_base=0xffffe39132fe6000 old_data=0xffffe391332e6000 abs_off=3145728 layer_base=3145728 off_in_layer=0 la.ptr=0xffffe391332e6000 la.size=1048576 -> data=0xffffe391332e6000 (DEVICE)
[KV-REMAP] cache_v_l3: layer=3 alloc_base=0xffffe39132fe6000 old_data=0xffffe39133366000 abs_off=3670016 layer_base=3145728 off_in_layer=524288 la.ptr=0xffffe391332e6000 la.size=1048576 -> data=0xffffe39133366000 (DEVICE)
[KV-REMAP] cache_k_l31: layer=31 alloc_base=0xffffe39132fe6000 old_data=0xffffe39134ee6000 abs_off=32505856 layer_base=32505856 off_in_layer=0 la.ptr=0xffffe39134ee6000 la.size=1048576 -> data=0xffffe39134ee6000 (DEVICE)
[KV-REMAP] cache_v_l31: layer=31 alloc_base=0xffffe39132fe6000 old_data=0xffffe39134f66000 abs_off=33030144 layer_base=32505856 off_in_layer=524288 la.ptr=0xffffe39134ee6000 la.size=1048576 -> data=0xffffe39134f66000 (DEVICE)
llama_kv_cache: SYCL_KV_Tiered KV buffer size =    32.00 MiB
llama_kv_cache: size =   32.00 MiB (   256 cells,  32 layers,  1/1 seqs), K (f16):   16.00 MiB, V (f16):   16.00 MiB
llama_kv_cache: attn_rot_k = 0, n_embd_head_k_all = 128
llama_kv_cache: attn_rot_v = 0, n_embd_head_k_all = 128
llama_context: enumerating backends
llama_context: backend_ptrs.size() = 2
sched_reserve: reserving ...
sched_reserve: max_nodes = 2328
sched_reserve: reserving full memory module
sched_reserve: worst-case: n_tokens = 128, n_seqs = 1, n_outputs = 1
graph_reserve: reserving a graph for ubatch with n_tokens =    1, n_seqs =  1, n_outputs =    1
resolve_fused_ops: Flash Attention enabled
resolve_fused_ops: resolving fused Gated Delta Net support:
graph_reserve: reserving a graph for ubatch with n_tokens =    1, n_seqs =  1, n_outputs =    1
resolve_fused_ops: fused Gated Delta Net (autoregressive) enabled
graph_reserve: reserving a graph for ubatch with n_tokens =   16, n_seqs =  1, n_outputs =   16
resolve_fused_ops: fused Gated Delta Net (chunked) enabled
graph_reserve: reserving a graph for ubatch with n_tokens =  128, n_seqs =  1, n_outputs =  128
[SYCL] Host buffer alloc request: 2.1 MB (evictable=1, in_model_load=0)
graph_reserve: reserving a graph for ubatch with n_tokens =    1, n_seqs =  1, n_outputs =    1
graph_reserve: reserving a graph for ubatch with n_tokens =  128, n_seqs =  1, n_outputs =  128
sched_reserve:      SYCL0 compute buffer size =    28.00 MiB
sched_reserve:  SYCL_Host compute buffer size =     2.07 MiB
sched_reserve: graph nodes  = 1030
sched_reserve: graph splits = 1
sched_reserve: reserve took 4.79 ms, sched copies = 1
attach_threadpool: call
set_n_threads: n_threads = 4, n_threads_batch = 4
[SYCL-GRAPH] Decode graph contains FLASH_ATTN_EXT; keeping attention nodes out of SYCL command graphs by default (set GGML_SYCL_FLASH_ATTN_GRAPH_ALLOW=1 only for controlled diagnostics)
[MOE-PRESTAGE] Placement-plan preload active; runtime prestage disabled (set GGML_SYCL_LEGACY_PRESTAGE=1 to restore legacy behavior)
[SYCL-GRAPH] PP→TG refreshed MoE planned residency before direct TG
set_n_threads: n_threads = 4, n_threads_batch = 4
[ZONE-RESET-AUDIT] ==== escape inventory (periodic) graphs=63 ====
[ZONE-RESET-AUDIT] ==== escape inventory (periodic) graphs=63 ====
[ZONE-RESET-AUDIT] site=device-zone-reset/ONEDNN:dev0 visits=3 visits_with_live=0 live_max=0 live_total=0 distinct_sizes=0 distinct_cohorts=0 graphs=[1..1]
[ZONE-RESET-AUDIT] site=device-zone-reset/ONEDNN:dev0 visits=3 visits_with_live=0 live_max=0 live_total=0 distinct_sizes=0 distinct_cohorts=0 graphs=[1..1]
[ZONE-RESET-AUDIT]   largest_free first=256.00 MB last=256.00 MB min=256.00 MB
[ZONE-RESET-AUDIT]   largest_free first=256.00 MB last=256.00 MB min=256.00 MB
[ZONE-RESET-AUDIT] site=device-zone-reset/SCRATCH:dev0 visits=63 visits_with_live=0 live_max=0 live_total=0 distinct_sizes=0 distinct_cohorts=0 graphs=[0..62]
[ZONE-RESET-AUDIT] site=device-zone-reset/SCRATCH:dev0 visits=63 visits_with_live=0 live_max=0 live_total=0 distinct_sizes=0 distinct_cohorts=0 graphs=[0..62]
[ZONE-RESET-AUDIT]   largest_free first=512.00 MB last=512.00 MB min=512.00 MB
[ZONE-RESET-AUDIT]   largest_free first=512.00 MB last=512.00 MB min=512.00 MB
[ZONE-RESET-AUDIT] site=host-zone-reset/SCRATCH visits=62 visits_with_live=0 live_max=0 live_total=0 distinct_sizes=0 distinct_cohorts=0 graphs=[1..62]
[ZONE-RESET-AUDIT] site=host-zone-reset/SCRATCH visits=62 visits_with_live=0 live_max=0 live_total=0 distinct_sizes=0 distinct_cohorts=0 graphs=[1..62]
[ZONE-RESET-AUDIT]   largest_free first=309.54 MB last=309.54 MB min=309.54 MB
[ZONE-RESET-AUDIT]   largest_free first=309.54 MB last=309.54 MB min=309.54 MB
[ZONE-RESET-AUDIT] site=host-zone-reset/STAGING visits=63 visits_with_live=0 live_max=0 live_total=0 distinct_sizes=0 distinct_cohorts=0 graphs=[1..63]
[ZONE-RESET-AUDIT] site=host-zone-reset/STAGING visits=63 visits_with_live=0 live_max=0 live_total=0 distinct_sizes=0 distinct_cohorts=0 graphs=[1..63]
[ZONE-RESET-AUDIT]   largest_free first=223.08 MB last=223.08 MB min=223.08 MB
[ZONE-RESET-AUDIT]   largest_free first=223.08 MB last=223.08 MB min=223.08 MB
[ZONE-RESET-AUDIT] site=scratch-pool-reset/bump:dev0 visits=63 visits_with_live=0 live_max=0 live_total=0 distinct_sizes=0 distinct_cohorts=0 graphs=[1..63]
[ZONE-RESET-AUDIT] site=scratch-pool-reset/bump:dev0 visits=63 visits_with_live=0 live_max=0 live_total=0 distinct_sizes=0 distinct_cohorts=0 graphs=[1..63]
[ZONE-RESET-AUDIT] site=weight-reclaim/load-boundary:dev0 visits=1 visits_with_live=0 live_max=0 live_total=0 distinct_sizes=0 distinct_cohorts=0 graphs=[0..0]
[ZONE-RESET-AUDIT] site=weight-reclaim/load-boundary:dev0 visits=1 visits_with_live=0 live_max=0 live_total=0 distinct_sizes=0 distinct_cohorts=0 graphs=[0..0]
[ZONE-RESET-AUDIT]   largest_free first=12820.00 MB last=12820.00 MB min=12820.00 MB
[ZONE-RESET-AUDIT]   largest_free first=12820.00 MB last=12820.00 MB min=12820.00 MB
[ZONE-RESET-AUDIT] site=weight-reclaim/mid-load-replan:dev0 visits=1 visits_with_live=0 live_max=0 live_total=0 distinct_sizes=0 distinct_cohorts=0 graphs=[0..0]
[ZONE-RESET-AUDIT] site=weight-reclaim/mid-load-replan:dev0 visits=1 visits_with_live=0 live_max=0 live_total=0 distinct_sizes=0 distinct_cohorts=0 graphs=[0..0]
[ZONE-RESET-AUDIT]   largest_free first=12820.00 MB last=12820.00 MB min=12820.00 MB
[ZONE-RESET-AUDIT]   largest_free first=12820.00 MB last=12820.00 MB min=12820.00 MB
[ZONE-RESET-AUDIT]   timing vram/kv alloc_calls=64 alloc_MB=96.0 alloc_ms=0.073 free_calls=32 free_ms=0.013 allocs_per_graph_max=32 allocs_per_graph_mean=1.0 graphs=63
[ZONE-RESET-AUDIT]   timing vram/kv alloc_calls=64 alloc_MB=96.0 alloc_ms=0.073 free_calls=32 free_ms=0.013 allocs_per_graph_max=32 allocs_per_graph_mean=1.0 graphs=63
[ZONE-RESET-AUDIT]   timing vram/weight alloc_calls=521 alloc_MB=8368.0 alloc_ms=0.399 free_calls=4 free_ms=0.004 allocs_per_graph_max=517 allocs_per_graph_mean=8.3 graphs=63
[ZONE-RESET-AUDIT]   timing vram/weight alloc_calls=521 alloc_MB=8368.0 alloc_ms=0.399 free_calls=4 free_ms=0.004 allocs_per_graph_max=517 allocs_per_graph_mean=8.3 graphs=63
[ZONE-RESET-AUDIT]   timing vram/onednn alloc_calls=6 alloc_MB=278.0 alloc_ms=0.002 free_calls=4 free_ms=0.002 allocs_per_graph_max=6 allocs_per_graph_mean=0.1 graphs=63
[ZONE-RESET-AUDIT]   timing vram/onednn alloc_calls=6 alloc_MB=278.0 alloc_ms=0.002 free_calls=4 free_ms=0.002 allocs_per_graph_max=6 allocs_per_graph_mean=0.1 graphs=63
[ZONE-RESET-AUDIT]   timing vram/runtime alloc_calls=1987 alloc_MB=2124.5 alloc_ms=0.765 free_calls=1985 free_ms=1.857 allocs_per_graph_max=65 allocs_per_graph_mean=31.5 graphs=63
[ZONE-RESET-AUDIT]   timing vram/runtime alloc_calls=1987 alloc_MB=2124.5 alloc_ms=0.765 free_calls=1985 free_ms=1.857 allocs_per_graph_max=65 allocs_per_graph_mean=31.5 graphs=63
[ZONE-RESET-AUDIT]   timing host/WEIGHT alloc_calls=36 alloc_MB=26.4 alloc_ms=0.025 free_calls=33 free_ms=0.037 allocs_per_graph_max=3 allocs_per_graph_mean=0.6 graphs=63
[ZONE-RESET-AUDIT]   timing host/WEIGHT alloc_calls=36 alloc_MB=26.4 alloc_ms=0.025 free_calls=33 free_ms=0.037 allocs_per_graph_max=3 allocs_per_graph_mean=0.6 graphs=63
[ZONE-RESET-AUDIT]   timing host/STAGING alloc_calls=187 alloc_MB=102.6 alloc_ms=0.084 free_calls=187 free_ms=0.123 allocs_per_graph_max=3 allocs_per_graph_mean=3.0 graphs=63
[ZONE-RESET-AUDIT]   timing host/STAGING alloc_calls=187 alloc_MB=102.6 alloc_ms=0.084 free_calls=187 free_ms=0.123 allocs_per_graph_max=3 allocs_per_graph_mean=3.0 graphs=63
[ZONE-RESET-AUDIT]   timing host/SCRATCH alloc_calls=2787 alloc_MB=5019.1 alloc_ms=2.023 free_calls=2787 free_ms=2.315 allocs_per_graph_max=741 allocs_per_graph_mean=44.2 graphs=63
[ZONE-RESET-AUDIT]   timing host/SCRATCH alloc_calls=2787 alloc_MB=5019.1 alloc_ms=2.023 free_calls=2787 free_ms=2.315 allocs_per_graph_max=741 allocs_per_graph_mean=44.2 graphs=63
[ZONE-RESET-AUDIT] ==== end inventory ====
[ZONE-RESET-AUDIT] ==== end inventory ====
[ZONE-RESET-AUDIT] ==== escape inventory (periodic) graphs=127 ====
[ZONE-RESET-AUDIT] ==== escape inventory (periodic) graphs=127 ====
[ZONE-RESET-AUDIT] site=device-zone-reset/ONEDNN:dev0 visits=3 visits_with_live=0 live_max=0 live_total=0 distinct_sizes=0 distinct_cohorts=0 graphs=[1..1]
[ZONE-RESET-AUDIT] site=device-zone-reset/ONEDNN:dev0 visits=3 visits_with_live=0 live_max=0 live_total=0 distinct_sizes=0 distinct_cohorts=0 graphs=[1..1]
[ZONE-RESET-AUDIT]   largest_free first=256.00 MB last=256.00 MB min=256.00 MB
[ZONE-RESET-AUDIT]   largest_free first=256.00 MB last=256.00 MB min=256.00 MB
[ZONE-RESET-AUDIT] site=device-zone-reset/SCRATCH:dev0 visits=127 visits_with_live=0 live_max=0 live_total=0 distinct_sizes=0 distinct_cohorts=0 graphs=[0..126]
[ZONE-RESET-AUDIT] site=device-zone-reset/SCRATCH:dev0 visits=127 visits_with_live=0 live_max=0 live_total=0 distinct_sizes=0 distinct_cohorts=0 graphs=[0..126]
[ZONE-RESET-AUDIT]   largest_free first=512.00 MB last=512.00 MB min=512.00 MB
[ZONE-RESET-AUDIT]   largest_free first=512.00 MB last=512.00 MB min=512.00 MB
[ZONE-RESET-AUDIT] site=host-zone-reset/SCRATCH visits=126 visits_with_live=0 live_max=0 live_total=0 distinct_sizes=0 distinct_cohorts=0 graphs=[1..126]
[ZONE-RESET-AUDIT] site=host-zone-reset/SCRATCH visits=126 visits_with_live=0 live_max=0 live_total=0 distinct_sizes=0 distinct_cohorts=0 graphs=[1..126]
[ZONE-RESET-AUDIT]   largest_free first=309.54 MB last=309.54 MB min=309.54 MB
[ZONE-RESET-AUDIT]   largest_free first=309.54 MB last=309.54 MB min=309.54 MB
[ZONE-RESET-AUDIT] site=host-zone-reset/STAGING visits=127 visits_with_live=0 live_max=0 live_total=0 distinct_sizes=0 distinct_cohorts=0 graphs=[1..127]
[ZONE-RESET-AUDIT] site=host-zone-reset/STAGING visits=127 visits_with_live=0 live_max=0 live_total=0 distinct_sizes=0 distinct_cohorts=0 graphs=[1..127]
[ZONE-RESET-AUDIT]   largest_free first=223.08 MB last=223.08 MB min=223.08 MB
[ZONE-RESET-AUDIT]   largest_free first=223.08 MB last=223.08 MB min=223.08 MB
[ZONE-RESET-AUDIT] site=scratch-pool-reset/bump:dev0 visits=127 visits_with_live=0 live_max=0 live_total=0 distinct_sizes=0 distinct_cohorts=0 graphs=[1..127]
[ZONE-RESET-AUDIT] site=scratch-pool-reset/bump:dev0 visits=127 visits_with_live=0 live_max=0 live_total=0 distinct_sizes=0 distinct_cohorts=0 graphs=[1..127]
[ZONE-RESET-AUDIT] site=weight-reclaim/load-boundary:dev0 visits=1 visits_with_live=0 live_max=0 live_total=0 distinct_sizes=0 distinct_cohorts=0 graphs=[0..0]
[ZONE-RESET-AUDIT] site=weight-reclaim/load-boundary:dev0 visits=1 visits_with_live=0 live_max=0 live_total=0 distinct_sizes=0 distinct_cohorts=0 graphs=[0..0]
[ZONE-RESET-AUDIT]   largest_free first=12820.00 MB last=12820.00 MB min=12820.00 MB
[ZONE-RESET-AUDIT]   largest_free first=12820.00 MB last=12820.00 MB min=12820.00 MB
[ZONE-RESET-AUDIT] site=weight-reclaim/mid-load-replan:dev0 visits=1 visits_with_live=0 live_max=0 live_total=0 distinct_sizes=0 distinct_cohorts=0 graphs=[0..0]
[ZONE-RESET-AUDIT] site=weight-reclaim/mid-load-replan:dev0 visits=1 visits_with_live=0 live_max=0 live_total=0 distinct_sizes=0 distinct_cohorts=0 graphs=[0..0]
[ZONE-RESET-AUDIT]   largest_free first=12820.00 MB last=12820.00 MB min=12820.00 MB
[ZONE-RESET-AUDIT]   largest_free first=12820.00 MB last=12820.00 MB min=12820.00 MB
[ZONE-RESET-AUDIT]   timing vram/kv alloc_calls=64 alloc_MB=96.0 alloc_ms=0.073 free_calls=32 free_ms=0.013 allocs_per_graph_max=32 allocs_per_graph_mean=0.5 graphs=127
[ZONE-RESET-AUDIT]   timing vram/kv alloc_calls=64 alloc_MB=96.0 alloc_ms=0.073 free_calls=32 free_ms=0.013 allocs_per_graph_max=32 allocs_per_graph_mean=0.5 graphs=127
[ZONE-RESET-AUDIT]   timing vram/weight alloc_calls=521 alloc_MB=8368.0 alloc_ms=0.399 free_calls=4 free_ms=0.004 allocs_per_graph_max=517 allocs_per_graph_mean=4.1 graphs=127
[ZONE-RESET-AUDIT]   timing vram/weight alloc_calls=521 alloc_MB=8368.0 alloc_ms=0.399 free_calls=4 free_ms=0.004 allocs_per_graph_max=517 allocs_per_graph_mean=4.1 graphs=127
[ZONE-RESET-AUDIT]   timing vram/onednn alloc_calls=6 alloc_MB=278.0 alloc_ms=0.002 free_calls=4 free_ms=0.002 allocs_per_graph_max=6 allocs_per_graph_mean=0.0 graphs=127
[ZONE-RESET-AUDIT]   timing vram/onednn alloc_calls=6 alloc_MB=278.0 alloc_ms=0.002 free_calls=4 free_ms=0.002 allocs_per_graph_max=6 allocs_per_graph_mean=0.0 graphs=127
[ZONE-RESET-AUDIT]   timing vram/runtime alloc_calls=1987 alloc_MB=2124.5 alloc_ms=0.765 free_calls=1985 free_ms=1.857 allocs_per_graph_max=65 allocs_per_graph_mean=15.6 graphs=127
[ZONE-RESET-AUDIT]   timing vram/runtime alloc_calls=1987 alloc_MB=2124.5 alloc_ms=0.765 free_calls=1985 free_ms=1.857 allocs_per_graph_max=65 allocs_per_graph_mean=15.6 graphs=127
[ZONE-RESET-AUDIT]   timing host/WEIGHT alloc_calls=36 alloc_MB=26.4 alloc_ms=0.025 free_calls=33 free_ms=0.037 allocs_per_graph_max=3 allocs_per_graph_mean=0.3 graphs=127
[ZONE-RESET-AUDIT]   timing host/WEIGHT alloc_calls=36 alloc_MB=26.4 alloc_ms=0.025 free_calls=33 free_ms=0.037 allocs_per_graph_max=3 allocs_per_graph_mean=0.3 graphs=127
[ZONE-RESET-AUDIT]   timing host/STAGING alloc_calls=379 alloc_MB=102.6 alloc_ms=0.135 free_calls=379 free_ms=0.235 allocs_per_graph_max=3 allocs_per_graph_mean=3.0 graphs=127
[ZONE-RESET-AUDIT]   timing host/STAGING alloc_calls=379 alloc_MB=102.6 alloc_ms=0.135 free_calls=379 free_ms=0.235 allocs_per_graph_max=3 allocs_per_graph_mean=3.0 graphs=127
[ZONE-RESET-AUDIT]   timing host/SCRATCH alloc_calls=4899 alloc_MB=5027.9 alloc_ms=2.343 free_calls=4899 free_ms=3.064 allocs_per_graph_max=741 allocs_per_graph_mean=38.6 graphs=127
[ZONE-RESET-AUDIT]   timing host/SCRATCH alloc_calls=4899 alloc_MB=5027.9 alloc_ms=2.343 free_calls=4899 free_ms=3.064 allocs_per_graph_max=741 allocs_per_graph_mean=38.6 graphs=127
[ZONE-RESET-AUDIT] ==== end inventory ====
[ZONE-RESET-AUDIT] ==== end inventory ====
set_n_threads: n_threads = 4, n_threads_batch = 4
[ZONE-RESET-AUDIT] ==== escape inventory (periodic) graphs=191 ====
[ZONE-RESET-AUDIT] ==== escape inventory (periodic) graphs=191 ====
[ZONE-RESET-AUDIT] site=device-zone-reset/ONEDNN:dev0 visits=3 visits_with_live=0 live_max=0 live_total=0 distinct_sizes=0 distinct_cohorts=0 graphs=[1..1]
[ZONE-RESET-AUDIT] site=device-zone-reset/ONEDNN:dev0 visits=3 visits_with_live=0 live_max=0 live_total=0 distinct_sizes=0 distinct_cohorts=0 graphs=[1..1]
[ZONE-RESET-AUDIT]   largest_free first=256.00 MB last=256.00 MB min=256.00 MB
[ZONE-RESET-AUDIT]   largest_free first=256.00 MB last=256.00 MB min=256.00 MB
[ZONE-RESET-AUDIT] site=device-zone-reset/SCRATCH:dev0 visits=191 visits_with_live=0 live_max=0 live_total=0 distinct_sizes=0 distinct_cohorts=0 graphs=[0..190]
[ZONE-RESET-AUDIT] site=device-zone-reset/SCRATCH:dev0 visits=191 visits_with_live=0 live_max=0 live_total=0 distinct_sizes=0 distinct_cohorts=0 graphs=[0..190]
[ZONE-RESET-AUDIT]   largest_free first=512.00 MB last=512.00 MB min=512.00 MB
[ZONE-RESET-AUDIT]   largest_free first=512.00 MB last=512.00 MB min=512.00 MB
[ZONE-RESET-AUDIT] site=host-zone-reset/SCRATCH visits=190 visits_with_live=0 live_max=0 live_total=0 distinct_sizes=0 distinct_cohorts=0 graphs=[1..190]
[ZONE-RESET-AUDIT] site=host-zone-reset/SCRATCH visits=190 visits_with_live=0 live_max=0 live_total=0 distinct_sizes=0 distinct_cohorts=0 graphs=[1..190]
[ZONE-RESET-AUDIT]   largest_free first=309.54 MB last=309.54 MB min=309.54 MB
[ZONE-RESET-AUDIT]   largest_free first=309.54 MB last=309.54 MB min=309.54 MB
[ZONE-RESET-AUDIT] site=host-zone-reset/STAGING visits=191 visits_with_live=0 live_max=0 live_total=0 distinct_sizes=0 distinct_cohorts=0 graphs=[1..191]
[ZONE-RESET-AUDIT] site=host-zone-reset/STAGING visits=191 visits_with_live=0 live_max=0 live_total=0 distinct_sizes=0 distinct_cohorts=0 graphs=[1..191]
[ZONE-RESET-AUDIT]   largest_free first=223.08 MB last=223.08 MB min=223.08 MB
[ZONE-RESET-AUDIT]   largest_free first=223.08 MB last=223.08 MB min=223.08 MB
[ZONE-RESET-AUDIT] site=scratch-pool-reset/bump:dev0 visits=191 visits_with_live=0 live_max=0 live_total=0 distinct_sizes=0 distinct_cohorts=0 graphs=[1..191]
[ZONE-RESET-AUDIT] site=scratch-pool-reset/bump:dev0 visits=191 visits_with_live=0 live_max=0 live_total=0 distinct_sizes=0 distinct_cohorts=0 graphs=[1..191]
[ZONE-RESET-AUDIT] site=weight-reclaim/load-boundary:dev0 visits=1 visits_with_live=0 live_max=0 live_total=0 distinct_sizes=0 distinct_cohorts=0 graphs=[0..0]
[ZONE-RESET-AUDIT] site=weight-reclaim/load-boundary:dev0 visits=1 visits_with_live=0 live_max=0 live_total=0 distinct_sizes=0 distinct_cohorts=0 graphs=[0..0]
[ZONE-RESET-AUDIT]   largest_free first=12820.00 MB last=12820.00 MB min=12820.00 MB
[ZONE-RESET-AUDIT]   largest_free first=12820.00 MB last=12820.00 MB min=12820.00 MB
[ZONE-RESET-AUDIT] site=weight-reclaim/mid-load-replan:dev0 visits=1 visits_with_live=0 live_max=0 live_total=0 distinct_sizes=0 distinct_cohorts=0 graphs=[0..0]
[ZONE-RESET-AUDIT] site=weight-reclaim/mid-load-replan:dev0 visits=1 visits_with_live=0 live_max=0 live_total=0 distinct_sizes=0 distinct_cohorts=0 graphs=[0..0]
[ZONE-RESET-AUDIT]   largest_free first=12820.00 MB last=12820.00 MB min=12820.00 MB
[ZONE-RESET-AUDIT]   largest_free first=12820.00 MB last=12820.00 MB min=12820.00 MB
[ZONE-RESET-AUDIT]   timing vram/kv alloc_calls=64 alloc_MB=96.0 alloc_ms=0.073 free_calls=32 free_ms=0.013 allocs_per_graph_max=32 allocs_per_graph_mean=0.3 graphs=191
[ZONE-RESET-AUDIT]   timing vram/kv alloc_calls=64 alloc_MB=96.0 alloc_ms=0.073 free_calls=32 free_ms=0.013 allocs_per_graph_max=32 allocs_per_graph_mean=0.3 graphs=191
[ZONE-RESET-AUDIT]   timing vram/weight alloc_calls=521 alloc_MB=8368.0 alloc_ms=0.399 free_calls=4 free_ms=0.004 allocs_per_graph_max=517 allocs_per_graph_mean=2.7 graphs=191
[ZONE-RESET-AUDIT]   timing vram/weight alloc_calls=521 alloc_MB=8368.0 alloc_ms=0.399 free_calls=4 free_ms=0.004 allocs_per_graph_max=517 allocs_per_graph_mean=2.7 graphs=191
[ZONE-RESET-AUDIT]   timing vram/onednn alloc_calls=6 alloc_MB=278.0 alloc_ms=0.002 free_calls=4 free_ms=0.002 allocs_per_graph_max=6 allocs_per_graph_mean=0.0 graphs=191
[ZONE-RESET-AUDIT]   timing vram/onednn alloc_calls=6 alloc_MB=278.0 alloc_ms=0.002 free_calls=4 free_ms=0.002 allocs_per_graph_max=6 allocs_per_graph_mean=0.0 graphs=191
[ZONE-RESET-AUDIT]   timing vram/runtime alloc_calls=1987 alloc_MB=2124.5 alloc_ms=0.765 free_calls=1985 free_ms=1.857 allocs_per_graph_max=65 allocs_per_graph_mean=10.4 graphs=191
[ZONE-RESET-AUDIT]   timing vram/runtime alloc_calls=1987 alloc_MB=2124.5 alloc_ms=0.765 free_calls=1985 free_ms=1.857 allocs_per_graph_max=65 allocs_per_graph_mean=10.4 graphs=191
[ZONE-RESET-AUDIT]   timing host/WEIGHT alloc_calls=36 alloc_MB=26.4 alloc_ms=0.025 free_calls=33 free_ms=0.037 allocs_per_graph_max=3 allocs_per_graph_mean=0.2 graphs=191
[ZONE-RESET-AUDIT]   timing host/WEIGHT alloc_calls=36 alloc_MB=26.4 alloc_ms=0.025 free_calls=33 free_ms=0.037 allocs_per_graph_max=3 allocs_per_graph_mean=0.2 graphs=191
[ZONE-RESET-AUDIT]   timing host/STAGING alloc_calls=571 alloc_MB=102.6 alloc_ms=0.182 free_calls=571 free_ms=0.342 allocs_per_graph_max=3 allocs_per_graph_mean=3.0 graphs=191
[ZONE-RESET-AUDIT]   timing host/STAGING alloc_calls=571 alloc_MB=102.6 alloc_ms=0.182 free_calls=571 free_ms=0.342 allocs_per_graph_max=3 allocs_per_graph_mean=3.0 graphs=191
[ZONE-RESET-AUDIT]   timing host/SCRATCH alloc_calls=7011 alloc_MB=5036.7 alloc_ms=2.675 free_calls=7011 free_ms=3.807 allocs_per_graph_max=741 allocs_per_graph_mean=36.7 graphs=191
[ZONE-RESET-AUDIT]   timing host/SCRATCH alloc_calls=7011 alloc_MB=5036.7 alloc_ms=2.675 free_calls=7011 free_ms=3.807 allocs_per_graph_max=741 allocs_per_graph_mean=36.7 graphs=191
[ZONE-RESET-AUDIT] ==== end inventory ====
[ZONE-RESET-AUDIT] ==== end inventory ====
[ZONE-RESET-AUDIT] ==== escape inventory (periodic) graphs=255 ====
[ZONE-RESET-AUDIT] ==== escape inventory (periodic) graphs=255 ====
[ZONE-RESET-AUDIT] site=device-zone-reset/ONEDNN:dev0 visits=3 visits_with_live=0 live_max=0 live_total=0 distinct_sizes=0 distinct_cohorts=0 graphs=[1..1]
[ZONE-RESET-AUDIT] site=device-zone-reset/ONEDNN:dev0 visits=3 visits_with_live=0 live_max=0 live_total=0 distinct_sizes=0 distinct_cohorts=0 graphs=[1..1]
[ZONE-RESET-AUDIT]   largest_free first=256.00 MB last=256.00 MB min=256.00 MB
[ZONE-RESET-AUDIT]   largest_free first=256.00 MB last=256.00 MB min=256.00 MB
[ZONE-RESET-AUDIT] site=device-zone-reset/SCRATCH:dev0 visits=255 visits_with_live=0 live_max=0 live_total=0 distinct_sizes=0 distinct_cohorts=0 graphs=[0..254]
[ZONE-RESET-AUDIT] site=device-zone-reset/SCRATCH:dev0 visits=255 visits_with_live=0 live_max=0 live_total=0 distinct_sizes=0 distinct_cohorts=0 graphs=[0..254]
[ZONE-RESET-AUDIT]   largest_free first=512.00 MB last=512.00 MB min=512.00 MB
[ZONE-RESET-AUDIT]   largest_free first=512.00 MB last=512.00 MB min=512.00 MB
[ZONE-RESET-AUDIT] site=host-zone-reset/SCRATCH visits=254 visits_with_live=0 live_max=0 live_total=0 distinct_sizes=0 distinct_cohorts=0 graphs=[1..254]
[ZONE-RESET-AUDIT] site=host-zone-reset/SCRATCH visits=254 visits_with_live=0 live_max=0 live_total=0 distinct_sizes=0 distinct_cohorts=0 graphs=[1..254]
[ZONE-RESET-AUDIT]   largest_free first=309.54 MB last=309.54 MB min=309.54 MB
[ZONE-RESET-AUDIT]   largest_free first=309.54 MB last=309.54 MB min=309.54 MB
[ZONE-RESET-AUDIT] site=host-zone-reset/STAGING visits=255 visits_with_live=0 live_max=0 live_total=0 distinct_sizes=0 distinct_cohorts=0 graphs=[1..255]
[ZONE-RESET-AUDIT] site=host-zone-reset/STAGING visits=255 visits_with_live=0 live_max=0 live_total=0 distinct_sizes=0 distinct_cohorts=0 graphs=[1..255]
[ZONE-RESET-AUDIT]   largest_free first=223.08 MB last=223.08 MB min=223.08 MB
[ZONE-RESET-AUDIT]   largest_free first=223.08 MB last=223.08 MB min=223.08 MB
[ZONE-RESET-AUDIT] site=scratch-pool-reset/bump:dev0 visits=255 visits_with_live=0 live_max=0 live_total=0 distinct_sizes=0 distinct_cohorts=0 graphs=[1..255]
[ZONE-RESET-AUDIT] site=scratch-pool-reset/bump:dev0 visits=255 visits_with_live=0 live_max=0 live_total=0 distinct_sizes=0 distinct_cohorts=0 graphs=[1..255]
[ZONE-RESET-AUDIT] site=weight-reclaim/load-boundary:dev0 visits=1 visits_with_live=0 live_max=0 live_total=0 distinct_sizes=0 distinct_cohorts=0 graphs=[0..0]
[ZONE-RESET-AUDIT] site=weight-reclaim/load-boundary:dev0 visits=1 visits_with_live=0 live_max=0 live_total=0 distinct_sizes=0 distinct_cohorts=0 graphs=[0..0]
[ZONE-RESET-AUDIT]   largest_free first=12820.00 MB last=12820.00 MB min=12820.00 MB
[ZONE-RESET-AUDIT]   largest_free first=12820.00 MB last=12820.00 MB min=12820.00 MB
[ZONE-RESET-AUDIT] site=weight-reclaim/mid-load-replan:dev0 visits=1 visits_with_live=0 live_max=0 live_total=0 distinct_sizes=0 distinct_cohorts=0 graphs=[0..0]
[ZONE-RESET-AUDIT] site=weight-reclaim/mid-load-replan:dev0 visits=1 visits_with_live=0 live_max=0 live_total=0 distinct_sizes=0 distinct_cohorts=0 graphs=[0..0]
[ZONE-RESET-AUDIT]   largest_free first=12820.00 MB last=12820.00 MB min=12820.00 MB
[ZONE-RESET-AUDIT]   largest_free first=12820.00 MB last=12820.00 MB min=12820.00 MB
[ZONE-RESET-AUDIT]   timing vram/kv alloc_calls=64 alloc_MB=96.0 alloc_ms=0.073 free_calls=32 free_ms=0.013 allocs_per_graph_max=32 allocs_per_graph_mean=0.3 graphs=255
[ZONE-RESET-AUDIT]   timing vram/kv alloc_calls=64 alloc_MB=96.0 alloc_ms=0.073 free_calls=32 free_ms=0.013 allocs_per_graph_max=32 allocs_per_graph_mean=0.3 graphs=255
[ZONE-RESET-AUDIT]   timing vram/weight alloc_calls=521 alloc_MB=8368.0 alloc_ms=0.399 free_calls=4 free_ms=0.004 allocs_per_graph_max=517 allocs_per_graph_mean=2.0 graphs=255
[ZONE-RESET-AUDIT]   timing vram/weight alloc_calls=521 alloc_MB=8368.0 alloc_ms=0.399 free_calls=4 free_ms=0.004 allocs_per_graph_max=517 allocs_per_graph_mean=2.0 graphs=255
[ZONE-RESET-AUDIT]   timing vram/onednn alloc_calls=6 alloc_MB=278.0 alloc_ms=0.002 free_calls=4 free_ms=0.002 allocs_per_graph_max=6 allocs_per_graph_mean=0.0 graphs=255
[ZONE-RESET-AUDIT]   timing vram/onednn alloc_calls=6 alloc_MB=278.0 alloc_ms=0.002 free_calls=4 free_ms=0.002 allocs_per_graph_max=6 allocs_per_graph_mean=0.0 graphs=255
[ZONE-RESET-AUDIT]   timing vram/runtime alloc_calls=1987 alloc_MB=2124.5 alloc_ms=0.765 free_calls=1985 free_ms=1.857 allocs_per_graph_max=65 allocs_per_graph_mean=7.8 graphs=255
[ZONE-RESET-AUDIT]   timing vram/runtime alloc_calls=1987 alloc_MB=2124.5 alloc_ms=0.765 free_calls=1985 free_ms=1.857 allocs_per_graph_max=65 allocs_per_graph_mean=7.8 graphs=255
[ZONE-RESET-AUDIT]   timing host/WEIGHT alloc_calls=36 alloc_MB=26.4 alloc_ms=0.025 free_calls=33 free_ms=0.037 allocs_per_graph_max=3 allocs_per_graph_mean=0.1 graphs=255
[ZONE-RESET-AUDIT]   timing host/WEIGHT alloc_calls=36 alloc_MB=26.4 alloc_ms=0.025 free_calls=33 free_ms=0.037 allocs_per_graph_max=3 allocs_per_graph_mean=0.1 graphs=255
[ZONE-RESET-AUDIT]   timing host/STAGING alloc_calls=763 alloc_MB=102.6 alloc_ms=0.230 free_calls=763 free_ms=0.458 allocs_per_graph_max=3 allocs_per_graph_mean=3.0 graphs=255
[ZONE-RESET-AUDIT]   timing host/STAGING alloc_calls=763 alloc_MB=102.6 alloc_ms=0.230 free_calls=763 free_ms=0.458 allocs_per_graph_max=3 allocs_per_graph_mean=3.0 graphs=255
[ZONE-RESET-AUDIT]   timing host/SCRATCH alloc_calls=9123 alloc_MB=5045.5 alloc_ms=3.002 free_calls=9123 free_ms=4.548 allocs_per_graph_max=741 allocs_per_graph_mean=35.8 graphs=255
[ZONE-RESET-AUDIT]   timing host/SCRATCH alloc_calls=9123 alloc_MB=5045.5 alloc_ms=3.002 free_calls=9123 free_ms=4.548 allocs_per_graph_max=741 allocs_per_graph_mean=35.8 graphs=255
[ZONE-RESET-AUDIT] ==== end inventory ====
[ZONE-RESET-AUDIT] ==== end inventory ====
set_n_threads: n_threads = 4, n_threads_batch = 4
[ZONE-RESET-AUDIT] ==== escape inventory (periodic) graphs=319 ====
[ZONE-RESET-AUDIT] ==== escape inventory (periodic) graphs=319 ====
[ZONE-RESET-AUDIT] site=device-zone-reset/ONEDNN:dev0 visits=3 visits_with_live=0 live_max=0 live_total=0 distinct_sizes=0 distinct_cohorts=0 graphs=[1..1]
[ZONE-RESET-AUDIT] site=device-zone-reset/ONEDNN:dev0 visits=3 visits_with_live=0 live_max=0 live_total=0 distinct_sizes=0 distinct_cohorts=0 graphs=[1..1]
[ZONE-RESET-AUDIT]   largest_free first=256.00 MB last=256.00 MB min=256.00 MB
[ZONE-RESET-AUDIT]   largest_free first=256.00 MB last=256.00 MB min=256.00 MB
[ZONE-RESET-AUDIT] site=device-zone-reset/SCRATCH:dev0 visits=319 visits_with_live=0 live_max=0 live_total=0 distinct_sizes=0 distinct_cohorts=0 graphs=[0..318]
[ZONE-RESET-AUDIT] site=device-zone-reset/SCRATCH:dev0 visits=319 visits_with_live=0 live_max=0 live_total=0 distinct_sizes=0 distinct_cohorts=0 graphs=[0..318]
[ZONE-RESET-AUDIT]   largest_free first=512.00 MB last=512.00 MB min=512.00 MB
[ZONE-RESET-AUDIT]   largest_free first=512.00 MB last=512.00 MB min=512.00 MB
[ZONE-RESET-AUDIT] site=host-zone-reset/SCRATCH visits=318 visits_with_live=0 live_max=0 live_total=0 distinct_sizes=0 distinct_cohorts=0 graphs=[1..318]
[ZONE-RESET-AUDIT] site=host-zone-reset/SCRATCH visits=318 visits_with_live=0 live_max=0 live_total=0 distinct_sizes=0 distinct_cohorts=0 graphs=[1..318]
[ZONE-RESET-AUDIT]   largest_free first=309.54 MB last=309.54 MB min=309.54 MB
[ZONE-RESET-AUDIT]   largest_free first=309.54 MB last=309.54 MB min=309.54 MB
[ZONE-RESET-AUDIT] site=host-zone-reset/STAGING visits=319 visits_with_live=0 live_max=0 live_total=0 distinct_sizes=0 distinct_cohorts=0 graphs=[1..319]
[ZONE-RESET-AUDIT] site=host-zone-reset/STAGING visits=319 visits_with_live=0 live_max=0 live_total=0 distinct_sizes=0 distinct_cohorts=0 graphs=[1..319]
[ZONE-RESET-AUDIT]   largest_free first=223.08 MB last=223.08 MB min=223.08 MB
[ZONE-RESET-AUDIT]   largest_free first=223.08 MB last=223.08 MB min=223.08 MB
[ZONE-RESET-AUDIT] site=scratch-pool-reset/bump:dev0 visits=319 visits_with_live=0 live_max=0 live_total=0 distinct_sizes=0 distinct_cohorts=0 graphs=[1..319]
[ZONE-RESET-AUDIT] site=scratch-pool-reset/bump:dev0 visits=319 visits_with_live=0 live_max=0 live_total=0 distinct_sizes=0 distinct_cohorts=0 graphs=[1..319]
[ZONE-RESET-AUDIT] site=weight-reclaim/load-boundary:dev0 visits=1 visits_with_live=0 live_max=0 live_total=0 distinct_sizes=0 distinct_cohorts=0 graphs=[0..0]
[ZONE-RESET-AUDIT] site=weight-reclaim/load-boundary:dev0 visits=1 visits_with_live=0 live_max=0 live_total=0 distinct_sizes=0 distinct_cohorts=0 graphs=[0..0]
[ZONE-RESET-AUDIT]   largest_free first=12820.00 MB last=12820.00 MB min=12820.00 MB
[ZONE-RESET-AUDIT]   largest_free first=12820.00 MB last=12820.00 MB min=12820.00 MB
[ZONE-RESET-AUDIT] site=weight-reclaim/mid-load-replan:dev0 visits=1 visits_with_live=0 live_max=0 live_total=0 distinct_sizes=0 distinct_cohorts=0 graphs=[0..0]
[ZONE-RESET-AUDIT] site=weight-reclaim/mid-load-replan:dev0 visits=1 visits_with_live=0 live_max=0 live_total=0 distinct_sizes=0 distinct_cohorts=0 graphs=[0..0]
[ZONE-RESET-AUDIT]   largest_free first=12820.00 MB last=12820.00 MB min=12820.00 MB
[ZONE-RESET-AUDIT]   largest_free first=12820.00 MB last=12820.00 MB min=12820.00 MB
[ZONE-RESET-AUDIT]   timing vram/kv alloc_calls=64 alloc_MB=96.0 alloc_ms=0.073 free_calls=32 free_ms=0.013 allocs_per_graph_max=32 allocs_per_graph_mean=0.2 graphs=319
[ZONE-RESET-AUDIT]   timing vram/kv alloc_calls=64 alloc_MB=96.0 alloc_ms=0.073 free_calls=32 free_ms=0.013 allocs_per_graph_max=32 allocs_per_graph_mean=0.2 graphs=319
[ZONE-RESET-AUDIT]   timing vram/weight alloc_calls=521 alloc_MB=8368.0 alloc_ms=0.399 free_calls=4 free_ms=0.004 allocs_per_graph_max=517 allocs_per_graph_mean=1.6 graphs=319
[ZONE-RESET-AUDIT]   timing vram/weight alloc_calls=521 alloc_MB=8368.0 alloc_ms=0.399 free_calls=4 free_ms=0.004 allocs_per_graph_max=517 allocs_per_graph_mean=1.6 graphs=319
[ZONE-RESET-AUDIT]   timing vram/onednn alloc_calls=6 alloc_MB=278.0 alloc_ms=0.002 free_calls=4 free_ms=0.002 allocs_per_graph_max=6 allocs_per_graph_mean=0.0 graphs=319
[ZONE-RESET-AUDIT]   timing vram/onednn alloc_calls=6 alloc_MB=278.0 alloc_ms=0.002 free_calls=4 free_ms=0.002 allocs_per_graph_max=6 allocs_per_graph_mean=0.0 graphs=319
[ZONE-RESET-AUDIT]   timing vram/runtime alloc_calls=1987 alloc_MB=2124.5 alloc_ms=0.765 free_calls=1985 free_ms=1.857 allocs_per_graph_max=65 allocs_per_graph_mean=6.2 graphs=319
[ZONE-RESET-AUDIT]   timing vram/runtime alloc_calls=1987 alloc_MB=2124.5 alloc_ms=0.765 free_calls=1985 free_ms=1.857 allocs_per_graph_max=65 allocs_per_graph_mean=6.2 graphs=319
[ZONE-RESET-AUDIT]   timing host/WEIGHT alloc_calls=36 alloc_MB=26.4 alloc_ms=0.025 free_calls=33 free_ms=0.037 allocs_per_graph_max=3 allocs_per_graph_mean=0.1 graphs=319
[ZONE-RESET-AUDIT]   timing host/WEIGHT alloc_calls=36 alloc_MB=26.4 alloc_ms=0.025 free_calls=33 free_ms=0.037 allocs_per_graph_max=3 allocs_per_graph_mean=0.1 graphs=319
[ZONE-RESET-AUDIT]   timing host/STAGING alloc_calls=955 alloc_MB=102.6 alloc_ms=0.292 free_calls=955 free_ms=0.581 allocs_per_graph_max=3 allocs_per_graph_mean=3.0 graphs=319
[ZONE-RESET-AUDIT]   timing host/STAGING alloc_calls=955 alloc_MB=102.6 alloc_ms=0.292 free_calls=955 free_ms=0.581 allocs_per_graph_max=3 allocs_per_graph_mean=3.0 graphs=319
[ZONE-RESET-AUDIT]   timing host/SCRATCH alloc_calls=11235 alloc_MB=5054.3 alloc_ms=3.345 free_calls=11235 free_ms=5.347 allocs_per_graph_max=741 allocs_per_graph_mean=35.2 graphs=319
[ZONE-RESET-AUDIT]   timing host/SCRATCH alloc_calls=11235 alloc_MB=5054.3 alloc_ms=3.345 free_calls=11235 free_ms=5.347 allocs_per_graph_max=741 allocs_per_graph_mean=35.2 graphs=319
[ZONE-RESET-AUDIT] ==== end inventory ====
[ZONE-RESET-AUDIT] ==== end inventory ====
[ZONE-RESET-AUDIT] ==== escape inventory (periodic) graphs=383 ====
[ZONE-RESET-AUDIT] ==== escape inventory (periodic) graphs=383 ====
[ZONE-RESET-AUDIT] site=device-zone-reset/ONEDNN:dev0 visits=3 visits_with_live=0 live_max=0 live_total=0 distinct_sizes=0 distinct_cohorts=0 graphs=[1..1]
[ZONE-RESET-AUDIT] site=device-zone-reset/ONEDNN:dev0 visits=3 visits_with_live=0 live_max=0 live_total=0 distinct_sizes=0 distinct_cohorts=0 graphs=[1..1]
[ZONE-RESET-AUDIT]   largest_free first=256.00 MB last=256.00 MB min=256.00 MB
[ZONE-RESET-AUDIT]   largest_free first=256.00 MB last=256.00 MB min=256.00 MB
[ZONE-RESET-AUDIT] site=device-zone-reset/SCRATCH:dev0 visits=383 visits_with_live=0 live_max=0 live_total=0 distinct_sizes=0 distinct_cohorts=0 graphs=[0..382]
[ZONE-RESET-AUDIT] site=device-zone-reset/SCRATCH:dev0 visits=383 visits_with_live=0 live_max=0 live_total=0 distinct_sizes=0 distinct_cohorts=0 graphs=[0..382]
[ZONE-RESET-AUDIT]   largest_free first=512.00 MB last=512.00 MB min=512.00 MB
[ZONE-RESET-AUDIT]   largest_free first=512.00 MB last=512.00 MB min=512.00 MB
[ZONE-RESET-AUDIT] site=host-zone-reset/SCRATCH visits=382 visits_with_live=0 live_max=0 live_total=0 distinct_sizes=0 distinct_cohorts=0 graphs=[1..382]
[ZONE-RESET-AUDIT] site=host-zone-reset/SCRATCH visits=382 visits_with_live=0 live_max=0 live_total=0 distinct_sizes=0 distinct_cohorts=0 graphs=[1..382]
[ZONE-RESET-AUDIT]   largest_free first=309.54 MB last=309.54 MB min=309.54 MB
[ZONE-RESET-AUDIT]   largest_free first=309.54 MB last=309.54 MB min=309.54 MB
[ZONE-RESET-AUDIT] site=host-zone-reset/STAGING visits=383 visits_with_live=0 live_max=0 live_total=0 distinct_sizes=0 distinct_cohorts=0 graphs=[1..383]
[ZONE-RESET-AUDIT] site=host-zone-reset/STAGING visits=383 visits_with_live=0 live_max=0 live_total=0 distinct_sizes=0 distinct_cohorts=0 graphs=[1..383]
[ZONE-RESET-AUDIT]   largest_free first=223.08 MB last=223.08 MB min=223.08 MB
[ZONE-RESET-AUDIT]   largest_free first=223.08 MB last=223.08 MB min=223.08 MB
[ZONE-RESET-AUDIT] site=scratch-pool-reset/bump:dev0 visits=383 visits_with_live=0 live_max=0 live_total=0 distinct_sizes=0 distinct_cohorts=0 graphs=[1..383]
[ZONE-RESET-AUDIT] site=scratch-pool-reset/bump:dev0 visits=383 visits_with_live=0 live_max=0 live_total=0 distinct_sizes=0 distinct_cohorts=0 graphs=[1..383]
[ZONE-RESET-AUDIT] site=weight-reclaim/load-boundary:dev0 visits=1 visits_with_live=0 live_max=0 live_total=0 distinct_sizes=0 distinct_cohorts=0 graphs=[0..0]
[ZONE-RESET-AUDIT] site=weight-reclaim/load-boundary:dev0 visits=1 visits_with_live=0 live_max=0 live_total=0 distinct_sizes=0 distinct_cohorts=0 graphs=[0..0]
[ZONE-RESET-AUDIT]   largest_free first=12820.00 MB last=12820.00 MB min=12820.00 MB
[ZONE-RESET-AUDIT]   largest_free first=12820.00 MB last=12820.00 MB min=12820.00 MB
[ZONE-RESET-AUDIT] site=weight-reclaim/mid-load-replan:dev0 visits=1 visits_with_live=0 live_max=0 live_total=0 distinct_sizes=0 distinct_cohorts=0 graphs=[0..0]
[ZONE-RESET-AUDIT] site=weight-reclaim/mid-load-replan:dev0 visits=1 visits_with_live=0 live_max=0 live_total=0 distinct_sizes=0 distinct_cohorts=0 graphs=[0..0]
[ZONE-RESET-AUDIT]   largest_free first=12820.00 MB last=12820.00 MB min=12820.00 MB
[ZONE-RESET-AUDIT]   largest_free first=12820.00 MB last=12820.00 MB min=12820.00 MB
[ZONE-RESET-AUDIT]   timing vram/kv alloc_calls=64 alloc_MB=96.0 alloc_ms=0.073 free_calls=32 free_ms=0.013 allocs_per_graph_max=32 allocs_per_graph_mean=0.2 graphs=383
[ZONE-RESET-AUDIT]   timing vram/kv alloc_calls=64 alloc_MB=96.0 alloc_ms=0.073 free_calls=32 free_ms=0.013 allocs_per_graph_max=32 allocs_per_graph_mean=0.2 graphs=383
[ZONE-RESET-AUDIT]   timing vram/weight alloc_calls=521 alloc_MB=8368.0 alloc_ms=0.399 free_calls=4 free_ms=0.004 allocs_per_graph_max=517 allocs_per_graph_mean=1.4 graphs=383
[ZONE-RESET-AUDIT]   timing vram/weight alloc_calls=521 alloc_MB=8368.0 alloc_ms=0.399 free_calls=4 free_ms=0.004 allocs_per_graph_max=517 allocs_per_graph_mean=1.4 graphs=383
[ZONE-RESET-AUDIT]   timing vram/onednn alloc_calls=6 alloc_MB=278.0 alloc_ms=0.002 free_calls=4 free_ms=0.002 allocs_per_graph_max=6 allocs_per_graph_mean=0.0 graphs=383
[ZONE-RESET-AUDIT]   timing vram/onednn alloc_calls=6 alloc_MB=278.0 alloc_ms=0.002 free_calls=4 free_ms=0.002 allocs_per_graph_max=6 allocs_per_graph_mean=0.0 graphs=383
[ZONE-RESET-AUDIT]   timing vram/runtime alloc_calls=1987 alloc_MB=2124.5 alloc_ms=0.765 free_calls=1985 free_ms=1.857 allocs_per_graph_max=65 allocs_per_graph_mean=5.2 graphs=383
[ZONE-RESET-AUDIT]   timing vram/runtime alloc_calls=1987 alloc_MB=2124.5 alloc_ms=0.765 free_calls=1985 free_ms=1.857 allocs_per_graph_max=65 allocs_per_graph_mean=5.2 graphs=383
[ZONE-RESET-AUDIT]   timing host/WEIGHT alloc_calls=36 alloc_MB=26.4 alloc_ms=0.025 free_calls=33 free_ms=0.037 allocs_per_graph_max=3 allocs_per_graph_mean=0.1 graphs=383
[ZONE-RESET-AUDIT]   timing host/WEIGHT alloc_calls=36 alloc_MB=26.4 alloc_ms=0.025 free_calls=33 free_ms=0.037 allocs_per_graph_max=3 allocs_per_graph_mean=0.1 graphs=383
[ZONE-RESET-AUDIT]   timing host/STAGING alloc_calls=1147 alloc_MB=102.6 alloc_ms=0.349 free_calls=1147 free_ms=0.706 allocs_per_graph_max=3 allocs_per_graph_mean=3.0 graphs=383
[ZONE-RESET-AUDIT]   timing host/STAGING alloc_calls=1147 alloc_MB=102.6 alloc_ms=0.349 free_calls=1147 free_ms=0.706 allocs_per_graph_max=3 allocs_per_graph_mean=3.0 graphs=383
[ZONE-RESET-AUDIT]   timing host/SCRATCH alloc_calls=13347 alloc_MB=5063.2 alloc_ms=3.699 free_calls=13347 free_ms=6.156 allocs_per_graph_max=741 allocs_per_graph_mean=34.8 graphs=383
[ZONE-RESET-AUDIT]   timing host/SCRATCH alloc_calls=13347 alloc_MB=5063.2 alloc_ms=3.699 free_calls=13347 free_ms=6.156 allocs_per_graph_max=741 allocs_per_graph_mean=34.8 graphs=383
[ZONE-RESET-AUDIT] ==== end inventory ====
[ZONE-RESET-AUDIT] ==== end inventory ====
set_n_threads: n_threads = 4, n_threads_batch = 4
[ZONE-RESET-AUDIT] ==== escape inventory (periodic) graphs=447 ====
[ZONE-RESET-AUDIT] ==== escape inventory (periodic) graphs=447 ====
[ZONE-RESET-AUDIT] site=device-zone-reset/ONEDNN:dev0 visits=3 visits_with_live=0 live_max=0 live_total=0 distinct_sizes=0 distinct_cohorts=0 graphs=[1..1]
[ZONE-RESET-AUDIT] site=device-zone-reset/ONEDNN:dev0 visits=3 visits_with_live=0 live_max=0 live_total=0 distinct_sizes=0 distinct_cohorts=0 graphs=[1..1]
[ZONE-RESET-AUDIT]   largest_free first=256.00 MB last=256.00 MB min=256.00 MB
[ZONE-RESET-AUDIT]   largest_free first=256.00 MB last=256.00 MB min=256.00 MB
[ZONE-RESET-AUDIT] site=device-zone-reset/SCRATCH:dev0 visits=447 visits_with_live=0 live_max=0 live_total=0 distinct_sizes=0 distinct_cohorts=0 graphs=[0..446]
[ZONE-RESET-AUDIT] site=device-zone-reset/SCRATCH:dev0 visits=447 visits_with_live=0 live_max=0 live_total=0 distinct_sizes=0 distinct_cohorts=0 graphs=[0..446]
[ZONE-RESET-AUDIT]   largest_free first=512.00 MB last=512.00 MB min=512.00 MB
[ZONE-RESET-AUDIT]   largest_free first=512.00 MB last=512.00 MB min=512.00 MB
[ZONE-RESET-AUDIT] site=host-zone-reset/SCRATCH visits=446 visits_with_live=0 live_max=0 live_total=0 distinct_sizes=0 distinct_cohorts=0 graphs=[1..446]
[ZONE-RESET-AUDIT] site=host-zone-reset/SCRATCH visits=446 visits_with_live=0 live_max=0 live_total=0 distinct_sizes=0 distinct_cohorts=0 graphs=[1..446]
[ZONE-RESET-AUDIT]   largest_free first=309.54 MB last=309.54 MB min=309.54 MB
[ZONE-RESET-AUDIT]   largest_free first=309.54 MB last=309.54 MB min=309.54 MB
[ZONE-RESET-AUDIT] site=host-zone-reset/STAGING visits=447 visits_with_live=0 live_max=0 live_total=0 distinct_sizes=0 distinct_cohorts=0 graphs=[1..447]
[ZONE-RESET-AUDIT] site=host-zone-reset/STAGING visits=447 visits_with_live=0 live_max=0 live_total=0 distinct_sizes=0 distinct_cohorts=0 graphs=[1..447]
[ZONE-RESET-AUDIT]   largest_free first=223.08 MB last=223.08 MB min=223.08 MB
[ZONE-RESET-AUDIT]   largest_free first=223.08 MB last=223.08 MB min=223.08 MB
[ZONE-RESET-AUDIT] site=scratch-pool-reset/bump:dev0 visits=447 visits_with_live=0 live_max=0 live_total=0 distinct_sizes=0 distinct_cohorts=0 graphs=[1..447]
[ZONE-RESET-AUDIT] site=scratch-pool-reset/bump:dev0 visits=447 visits_with_live=0 live_max=0 live_total=0 distinct_sizes=0 distinct_cohorts=0 graphs=[1..447]
[ZONE-RESET-AUDIT] site=weight-reclaim/load-boundary:dev0 visits=1 visits_with_live=0 live_max=0 live_total=0 distinct_sizes=0 distinct_cohorts=0 graphs=[0..0]
[ZONE-RESET-AUDIT] site=weight-reclaim/load-boundary:dev0 visits=1 visits_with_live=0 live_max=0 live_total=0 distinct_sizes=0 distinct_cohorts=0 graphs=[0..0]
[ZONE-RESET-AUDIT]   largest_free first=12820.00 MB last=12820.00 MB min=12820.00 MB
[ZONE-RESET-AUDIT]   largest_free first=12820.00 MB last=12820.00 MB min=12820.00 MB
[ZONE-RESET-AUDIT] site=weight-reclaim/mid-load-replan:dev0 visits=1 visits_with_live=0 live_max=0 live_total=0 distinct_sizes=0 distinct_cohorts=0 graphs=[0..0]
[ZONE-RESET-AUDIT] site=weight-reclaim/mid-load-replan:dev0 visits=1 visits_with_live=0 live_max=0 live_total=0 distinct_sizes=0 distinct_cohorts=0 graphs=[0..0]
[ZONE-RESET-AUDIT]   largest_free first=12820.00 MB last=12820.00 MB min=12820.00 MB
[ZONE-RESET-AUDIT]   largest_free first=12820.00 MB last=12820.00 MB min=12820.00 MB
[ZONE-RESET-AUDIT]   timing vram/kv alloc_calls=64 alloc_MB=96.0 alloc_ms=0.073 free_calls=32 free_ms=0.013 allocs_per_graph_max=32 allocs_per_graph_mean=0.1 graphs=447
[ZONE-RESET-AUDIT]   timing vram/kv alloc_calls=64 alloc_MB=96.0 alloc_ms=0.073 free_calls=32 free_ms=0.013 allocs_per_graph_max=32 allocs_per_graph_mean=0.1 graphs=447
[ZONE-RESET-AUDIT]   timing vram/weight alloc_calls=521 alloc_MB=8368.0 alloc_ms=0.399 free_calls=4 free_ms=0.004 allocs_per_graph_max=517 allocs_per_graph_mean=1.2 graphs=447
[ZONE-RESET-AUDIT]   timing vram/weight alloc_calls=521 alloc_MB=8368.0 alloc_ms=0.399 free_calls=4 free_ms=0.004 allocs_per_graph_max=517 allocs_per_graph_mean=1.2 graphs=447
[ZONE-RESET-AUDIT]   timing vram/onednn alloc_calls=6 alloc_MB=278.0 alloc_ms=0.002 free_calls=4 free_ms=0.002 allocs_per_graph_max=6 allocs_per_graph_mean=0.0 graphs=447
[ZONE-RESET-AUDIT]   timing vram/onednn alloc_calls=6 alloc_MB=278.0 alloc_ms=0.002 free_calls=4 free_ms=0.002 allocs_per_graph_max=6 allocs_per_graph_mean=0.0 graphs=447
[ZONE-RESET-AUDIT]   timing vram/runtime alloc_calls=1987 alloc_MB=2124.5 alloc_ms=0.765 free_calls=1985 free_ms=1.857 allocs_per_graph_max=65 allocs_per_graph_mean=4.4 graphs=447
[ZONE-RESET-AUDIT]   timing vram/runtime alloc_calls=1987 alloc_MB=2124.5 alloc_ms=0.765 free_calls=1985 free_ms=1.857 allocs_per_graph_max=65 allocs_per_graph_mean=4.4 graphs=447
[ZONE-RESET-AUDIT]   timing host/WEIGHT alloc_calls=36 alloc_MB=26.4 alloc_ms=0.025 free_calls=33 free_ms=0.037 allocs_per_graph_max=3 allocs_per_graph_mean=0.1 graphs=447
[ZONE-RESET-AUDIT]   timing host/WEIGHT alloc_calls=36 alloc_MB=26.4 alloc_ms=0.025 free_calls=33 free_ms=0.037 allocs_per_graph_max=3 allocs_per_graph_mean=0.1 graphs=447
[ZONE-RESET-AUDIT]   timing host/STAGING alloc_calls=1339 alloc_MB=102.6 alloc_ms=0.410 free_calls=1339 free_ms=0.812 allocs_per_graph_max=3 allocs_per_graph_mean=3.0 graphs=447
[ZONE-RESET-AUDIT]   timing host/STAGING alloc_calls=1339 alloc_MB=102.6 alloc_ms=0.410 free_calls=1339 free_ms=0.812 allocs_per_graph_max=3 allocs_per_graph_mean=3.0 graphs=447
[ZONE-RESET-AUDIT]   timing host/SCRATCH alloc_calls=15459 alloc_MB=5072.0 alloc_ms=4.052 free_calls=15459 free_ms=6.983 allocs_per_graph_max=741 allocs_per_graph_mean=34.6 graphs=447
[ZONE-RESET-AUDIT]   timing host/SCRATCH alloc_calls=15459 alloc_MB=5072.0 alloc_ms=4.052 free_calls=15459 free_ms=6.983 allocs_per_graph_max=741 allocs_per_graph_mean=34.6 graphs=447
[ZONE-RESET-AUDIT] ==== end inventory ====
[ZONE-RESET-AUDIT] ==== end inventory ====
[ZONE-RESET-AUDIT] ==== escape inventory (periodic) graphs=511 ====
[ZONE-RESET-AUDIT] ==== escape inventory (periodic) graphs=511 ====
[ZONE-RESET-AUDIT] site=device-zone-reset/ONEDNN:dev0 visits=3 visits_with_live=0 live_max=0 live_total=0 distinct_sizes=0 distinct_cohorts=0 graphs=[1..1]
[ZONE-RESET-AUDIT] site=device-zone-reset/ONEDNN:dev0 visits=3 visits_with_live=0 live_max=0 live_total=0 distinct_sizes=0 distinct_cohorts=0 graphs=[1..1]
[ZONE-RESET-AUDIT]   largest_free first=256.00 MB last=256.00 MB min=256.00 MB
[ZONE-RESET-AUDIT]   largest_free first=256.00 MB last=256.00 MB min=256.00 MB
[ZONE-RESET-AUDIT] site=device-zone-reset/SCRATCH:dev0 visits=511 visits_with_live=0 live_max=0 live_total=0 distinct_sizes=0 distinct_cohorts=0 graphs=[0..510]
[ZONE-RESET-AUDIT] site=device-zone-reset/SCRATCH:dev0 visits=511 visits_with_live=0 live_max=0 live_total=0 distinct_sizes=0 distinct_cohorts=0 graphs=[0..510]
[ZONE-RESET-AUDIT]   largest_free first=512.00 MB last=512.00 MB min=512.00 MB
[ZONE-RESET-AUDIT]   largest_free first=512.00 MB last=512.00 MB min=512.00 MB
[ZONE-RESET-AUDIT] site=host-zone-reset/SCRATCH visits=510 visits_with_live=0 live_max=0 live_total=0 distinct_sizes=0 distinct_cohorts=0 graphs=[1..510]
[ZONE-RESET-AUDIT] site=host-zone-reset/SCRATCH visits=510 visits_with_live=0 live_max=0 live_total=0 distinct_sizes=0 distinct_cohorts=0 graphs=[1..510]
[ZONE-RESET-AUDIT]   largest_free first=309.54 MB last=309.54 MB min=309.54 MB
[ZONE-RESET-AUDIT]   largest_free first=309.54 MB last=309.54 MB min=309.54 MB
[ZONE-RESET-AUDIT] site=host-zone-reset/STAGING visits=511 visits_with_live=0 live_max=0 live_total=0 distinct_sizes=0 distinct_cohorts=0 graphs=[1..511]
[ZONE-RESET-AUDIT] site=host-zone-reset/STAGING visits=511 visits_with_live=0 live_max=0 live_total=0 distinct_sizes=0 distinct_cohorts=0 graphs=[1..511]
[ZONE-RESET-AUDIT]   largest_free first=223.08 MB last=223.08 MB min=223.08 MB
[ZONE-RESET-AUDIT]   largest_free first=223.08 MB last=223.08 MB min=223.08 MB
[ZONE-RESET-AUDIT] site=scratch-pool-reset/bump:dev0 visits=511 visits_with_live=0 live_max=0 live_total=0 distinct_sizes=0 distinct_cohorts=0 graphs=[1..511]
[ZONE-RESET-AUDIT] site=scratch-pool-reset/bump:dev0 visits=511 visits_with_live=0 live_max=0 live_total=0 distinct_sizes=0 distinct_cohorts=0 graphs=[1..511]
[ZONE-RESET-AUDIT] site=weight-reclaim/load-boundary:dev0 visits=1 visits_with_live=0 live_max=0 live_total=0 distinct_sizes=0 distinct_cohorts=0 graphs=[0..0]
[ZONE-RESET-AUDIT] site=weight-reclaim/load-boundary:dev0 visits=1 visits_with_live=0 live_max=0 live_total=0 distinct_sizes=0 distinct_cohorts=0 graphs=[0..0]
[ZONE-RESET-AUDIT]   largest_free first=12820.00 MB last=12820.00 MB min=12820.00 MB
[ZONE-RESET-AUDIT]   largest_free first=12820.00 MB last=12820.00 MB min=12820.00 MB
[ZONE-RESET-AUDIT] site=weight-reclaim/mid-load-replan:dev0 visits=1 visits_with_live=0 live_max=0 live_total=0 distinct_sizes=0 distinct_cohorts=0 graphs=[0..0]
[ZONE-RESET-AUDIT] site=weight-reclaim/mid-load-replan:dev0 visits=1 visits_with_live=0 live_max=0 live_total=0 distinct_sizes=0 distinct_cohorts=0 graphs=[0..0]
[ZONE-RESET-AUDIT]   largest_free first=12820.00 MB last=12820.00 MB min=12820.00 MB
[ZONE-RESET-AUDIT]   largest_free first=12820.00 MB last=12820.00 MB min=12820.00 MB
[ZONE-RESET-AUDIT]   timing vram/kv alloc_calls=64 alloc_MB=96.0 alloc_ms=0.073 free_calls=32 free_ms=0.013 allocs_per_graph_max=32 allocs_per_graph_mean=0.1 graphs=511
[ZONE-RESET-AUDIT]   timing vram/kv alloc_calls=64 alloc_MB=96.0 alloc_ms=0.073 free_calls=32 free_ms=0.013 allocs_per_graph_max=32 allocs_per_graph_mean=0.1 graphs=511
[ZONE-RESET-AUDIT]   timing vram/weight alloc_calls=521 alloc_MB=8368.0 alloc_ms=0.399 free_calls=4 free_ms=0.004 allocs_per_graph_max=517 allocs_per_graph_mean=1.0 graphs=511
[ZONE-RESET-AUDIT]   timing vram/weight alloc_calls=521 alloc_MB=8368.0 alloc_ms=0.399 free_calls=4 free_ms=0.004 allocs_per_graph_max=517 allocs_per_graph_mean=1.0 graphs=511
[ZONE-RESET-AUDIT]   timing vram/onednn alloc_calls=6 alloc_MB=278.0 alloc_ms=0.002 free_calls=4 free_ms=0.002 allocs_per_graph_max=6 allocs_per_graph_mean=0.0 graphs=511
[ZONE-RESET-AUDIT]   timing vram/onednn alloc_calls=6 alloc_MB=278.0 alloc_ms=0.002 free_calls=4 free_ms=0.002 allocs_per_graph_max=6 allocs_per_graph_mean=0.0 graphs=511
[ZONE-RESET-AUDIT]   timing vram/runtime alloc_calls=1987 alloc_MB=2124.5 alloc_ms=0.765 free_calls=1985 free_ms=1.857 allocs_per_graph_max=65 allocs_per_graph_mean=3.9 graphs=511
[ZONE-RESET-AUDIT]   timing vram/runtime alloc_calls=1987 alloc_MB=2124.5 alloc_ms=0.765 free_calls=1985 free_ms=1.857 allocs_per_graph_max=65 allocs_per_graph_mean=3.9 graphs=511
[ZONE-RESET-AUDIT]   timing host/WEIGHT alloc_calls=36 alloc_MB=26.4 alloc_ms=0.025 free_calls=33 free_ms=0.037 allocs_per_graph_max=3 allocs_per_graph_mean=0.1 graphs=511
[ZONE-RESET-AUDIT]   timing host/WEIGHT alloc_calls=36 alloc_MB=26.4 alloc_ms=0.025 free_calls=33 free_ms=0.037 allocs_per_graph_max=3 allocs_per_graph_mean=0.1 graphs=511
[ZONE-RESET-AUDIT]   timing host/STAGING alloc_calls=1531 alloc_MB=102.6 alloc_ms=0.469 free_calls=1531 free_ms=0.959 allocs_per_graph_max=3 allocs_per_graph_mean=3.0 graphs=511
[ZONE-RESET-AUDIT]   timing host/STAGING alloc_calls=1531 alloc_MB=102.6 alloc_ms=0.469 free_calls=1531 free_ms=0.959 allocs_per_graph_max=3 allocs_per_graph_mean=3.0 graphs=511
[ZONE-RESET-AUDIT]   timing host/SCRATCH alloc_calls=17571 alloc_MB=5080.8 alloc_ms=4.390 free_calls=17571 free_ms=7.819 allocs_per_graph_max=741 allocs_per_graph_mean=34.4 graphs=511
[ZONE-RESET-AUDIT]   timing host/SCRATCH alloc_calls=17571 alloc_MB=5080.8 alloc_ms=4.390 free_calls=17571 free_ms=7.819 allocs_per_graph_max=741 allocs_per_graph_mean=34.4 graphs=511
[ZONE-RESET-AUDIT] ==== end inventory ====
[ZONE-RESET-AUDIT] ==== end inventory ====
set_n_threads: n_threads = 4, n_threads_batch = 4
[ZONE-RESET-AUDIT] ==== escape inventory (periodic) graphs=575 ====
[ZONE-RESET-AUDIT] ==== escape inventory (periodic) graphs=575 ====
[ZONE-RESET-AUDIT] site=device-zone-reset/ONEDNN:dev0 visits=3 visits_with_live=0 live_max=0 live_total=0 distinct_sizes=0 distinct_cohorts=0 graphs=[1..1]
[ZONE-RESET-AUDIT] site=device-zone-reset/ONEDNN:dev0 visits=3 visits_with_live=0 live_max=0 live_total=0 distinct_sizes=0 distinct_cohorts=0 graphs=[1..1]
[ZONE-RESET-AUDIT]   largest_free first=256.00 MB last=256.00 MB min=256.00 MB
[ZONE-RESET-AUDIT]   largest_free first=256.00 MB last=256.00 MB min=256.00 MB
[ZONE-RESET-AUDIT] site=device-zone-reset/SCRATCH:dev0 visits=575 visits_with_live=0 live_max=0 live_total=0 distinct_sizes=0 distinct_cohorts=0 graphs=[0..574]
[ZONE-RESET-AUDIT] site=device-zone-reset/SCRATCH:dev0 visits=575 visits_with_live=0 live_max=0 live_total=0 distinct_sizes=0 distinct_cohorts=0 graphs=[0..574]
[ZONE-RESET-AUDIT]   largest_free first=512.00 MB last=512.00 MB min=512.00 MB
[ZONE-RESET-AUDIT]   largest_free first=512.00 MB last=512.00 MB min=512.00 MB
[ZONE-RESET-AUDIT] site=host-zone-reset/SCRATCH visits=574 visits_with_live=0 live_max=0 live_total=0 distinct_sizes=0 distinct_cohorts=0 graphs=[1..574]
[ZONE-RESET-AUDIT] site=host-zone-reset/SCRATCH visits=574 visits_with_live=0 live_max=0 live_total=0 distinct_sizes=0 distinct_cohorts=0 graphs=[1..574]
[ZONE-RESET-AUDIT]   largest_free first=309.54 MB last=309.54 MB min=309.54 MB
[ZONE-RESET-AUDIT]   largest_free first=309.54 MB last=309.54 MB min=309.54 MB
[ZONE-RESET-AUDIT] site=host-zone-reset/STAGING visits=575 visits_with_live=0 live_max=0 live_total=0 distinct_sizes=0 distinct_cohorts=0 graphs=[1..575]
[ZONE-RESET-AUDIT] site=host-zone-reset/STAGING visits=575 visits_with_live=0 live_max=0 live_total=0 distinct_sizes=0 distinct_cohorts=0 graphs=[1..575]
[ZONE-RESET-AUDIT]   largest_free first=223.08 MB last=223.08 MB min=223.08 MB
[ZONE-RESET-AUDIT]   largest_free first=223.08 MB last=223.08 MB min=223.08 MB
[ZONE-RESET-AUDIT] site=scratch-pool-reset/bump:dev0 visits=575 visits_with_live=0 live_max=0 live_total=0 distinct_sizes=0 distinct_cohorts=0 graphs=[1..575]
[ZONE-RESET-AUDIT] site=scratch-pool-reset/bump:dev0 visits=575 visits_with_live=0 live_max=0 live_total=0 distinct_sizes=0 distinct_cohorts=0 graphs=[1..575]
[ZONE-RESET-AUDIT] site=weight-reclaim/load-boundary:dev0 visits=1 visits_with_live=0 live_max=0 live_total=0 distinct_sizes=0 distinct_cohorts=0 graphs=[0..0]
[ZONE-RESET-AUDIT] site=weight-reclaim/load-boundary:dev0 visits=1 visits_with_live=0 live_max=0 live_total=0 distinct_sizes=0 distinct_cohorts=0 graphs=[0..0]
[ZONE-RESET-AUDIT]   largest_free first=12820.00 MB last=12820.00 MB min=12820.00 MB
[ZONE-RESET-AUDIT]   largest_free first=12820.00 MB last=12820.00 MB min=12820.00 MB
[ZONE-RESET-AUDIT] site=weight-reclaim/mid-load-replan:dev0 visits=1 visits_with_live=0 live_max=0 live_total=0 distinct_sizes=0 distinct_cohorts=0 graphs=[0..0]
[ZONE-RESET-AUDIT] site=weight-reclaim/mid-load-replan:dev0 visits=1 visits_with_live=0 live_max=0 live_total=0 distinct_sizes=0 distinct_cohorts=0 graphs=[0..0]
[ZONE-RESET-AUDIT]   largest_free first=12820.00 MB last=12820.00 MB min=12820.00 MB
[ZONE-RESET-AUDIT]   largest_free first=12820.00 MB last=12820.00 MB min=12820.00 MB
[ZONE-RESET-AUDIT]   timing vram/kv alloc_calls=64 alloc_MB=96.0 alloc_ms=0.073 free_calls=32 free_ms=0.013 allocs_per_graph_max=32 allocs_per_graph_mean=0.1 graphs=575
[ZONE-RESET-AUDIT]   timing vram/kv alloc_calls=64 alloc_MB=96.0 alloc_ms=0.073 free_calls=32 free_ms=0.013 allocs_per_graph_max=32 allocs_per_graph_mean=0.1 graphs=575
[ZONE-RESET-AUDIT]   timing vram/weight alloc_calls=521 alloc_MB=8368.0 alloc_ms=0.399 free_calls=4 free_ms=0.004 allocs_per_graph_max=517 allocs_per_graph_mean=0.9 graphs=575
[ZONE-RESET-AUDIT]   timing vram/weight alloc_calls=521 alloc_MB=8368.0 alloc_ms=0.399 free_calls=4 free_ms=0.004 allocs_per_graph_max=517 allocs_per_graph_mean=0.9 graphs=575
[ZONE-RESET-AUDIT]   timing vram/onednn alloc_calls=6 alloc_MB=278.0 alloc_ms=0.002 free_calls=4 free_ms=0.002 allocs_per_graph_max=6 allocs_per_graph_mean=0.0 graphs=575
[ZONE-RESET-AUDIT]   timing vram/onednn alloc_calls=6 alloc_MB=278.0 alloc_ms=0.002 free_calls=4 free_ms=0.002 allocs_per_graph_max=6 allocs_per_graph_mean=0.0 graphs=575
[ZONE-RESET-AUDIT]   timing vram/runtime alloc_calls=1987 alloc_MB=2124.5 alloc_ms=0.765 free_calls=1985 free_ms=1.857 allocs_per_graph_max=65 allocs_per_graph_mean=3.5 graphs=575
[ZONE-RESET-AUDIT]   timing vram/runtime alloc_calls=1987 alloc_MB=2124.5 alloc_ms=0.765 free_calls=1985 free_ms=1.857 allocs_per_graph_max=65 allocs_per_graph_mean=3.5 graphs=575
[ZONE-RESET-AUDIT]   timing host/WEIGHT alloc_calls=36 alloc_MB=26.4 alloc_ms=0.025 free_calls=33 free_ms=0.037 allocs_per_graph_max=3 allocs_per_graph_mean=0.1 graphs=575
[ZONE-RESET-AUDIT]   timing host/WEIGHT alloc_calls=36 alloc_MB=26.4 alloc_ms=0.025 free_calls=33 free_ms=0.037 allocs_per_graph_max=3 allocs_per_graph_mean=0.1 graphs=575
[ZONE-RESET-AUDIT]   timing host/STAGING alloc_calls=1723 alloc_MB=102.6 alloc_ms=0.524 free_calls=1723 free_ms=1.067 allocs_per_graph_max=3 allocs_per_graph_mean=3.0 graphs=575
[ZONE-RESET-AUDIT]   timing host/STAGING alloc_calls=1723 alloc_MB=102.6 alloc_ms=0.524 free_calls=1723 free_ms=1.067 allocs_per_graph_max=3 allocs_per_graph_mean=3.0 graphs=575
[ZONE-RESET-AUDIT]   timing host/SCRATCH alloc_calls=19683 alloc_MB=5089.6 alloc_ms=4.727 free_calls=19683 free_ms=8.598 allocs_per_graph_max=741 allocs_per_graph_mean=34.2 graphs=575
[ZONE-RESET-AUDIT]   timing host/SCRATCH alloc_calls=19683 alloc_MB=5089.6 alloc_ms=4.727 free_calls=19683 free_ms=8.598 allocs_per_graph_max=741 allocs_per_graph_mean=34.2 graphs=575
[ZONE-RESET-AUDIT] ==== end inventory ====
[ZONE-RESET-AUDIT] ==== end inventory ====
[ZONE-RESET-AUDIT] ==== escape inventory (periodic) graphs=639 ====
[ZONE-RESET-AUDIT] ==== escape inventory (periodic) graphs=639 ====
[ZONE-RESET-AUDIT] site=device-zone-reset/ONEDNN:dev0 visits=3 visits_with_live=0 live_max=0 live_total=0 distinct_sizes=0 distinct_cohorts=0 graphs=[1..1]
[ZONE-RESET-AUDIT] site=device-zone-reset/ONEDNN:dev0 visits=3 visits_with_live=0 live_max=0 live_total=0 distinct_sizes=0 distinct_cohorts=0 graphs=[1..1]
[ZONE-RESET-AUDIT]   largest_free first=256.00 MB last=256.00 MB min=256.00 MB
[ZONE-RESET-AUDIT]   largest_free first=256.00 MB last=256.00 MB min=256.00 MB
[ZONE-RESET-AUDIT] site=device-zone-reset/SCRATCH:dev0 visits=639 visits_with_live=0 live_max=0 live_total=0 distinct_sizes=0 distinct_cohorts=0 graphs=[0..638]
[ZONE-RESET-AUDIT] site=device-zone-reset/SCRATCH:dev0 visits=639 visits_with_live=0 live_max=0 live_total=0 distinct_sizes=0 distinct_cohorts=0 graphs=[0..638]
[ZONE-RESET-AUDIT]   largest_free first=512.00 MB last=512.00 MB min=512.00 MB
[ZONE-RESET-AUDIT]   largest_free first=512.00 MB last=512.00 MB min=512.00 MB
[ZONE-RESET-AUDIT] site=host-zone-reset/SCRATCH visits=638 visits_with_live=0 live_max=0 live_total=0 distinct_sizes=0 distinct_cohorts=0 graphs=[1..638]
[ZONE-RESET-AUDIT] site=host-zone-reset/SCRATCH visits=638 visits_with_live=0 live_max=0 live_total=0 distinct_sizes=0 distinct_cohorts=0 graphs=[1..638]
[ZONE-RESET-AUDIT]   largest_free first=309.54 MB last=309.54 MB min=309.54 MB
[ZONE-RESET-AUDIT]   largest_free first=309.54 MB last=309.54 MB min=309.54 MB
[ZONE-RESET-AUDIT] site=host-zone-reset/STAGING visits=639 visits_with_live=0 live_max=0 live_total=0 distinct_sizes=0 distinct_cohorts=0 graphs=[1..639]
[ZONE-RESET-AUDIT] site=host-zone-reset/STAGING visits=639 visits_with_live=0 live_max=0 live_total=0 distinct_sizes=0 distinct_cohorts=0 graphs=[1..639]
[ZONE-RESET-AUDIT]   largest_free first=223.08 MB last=223.08 MB min=223.08 MB
[ZONE-RESET-AUDIT]   largest_free first=223.08 MB last=223.08 MB min=223.08 MB
[ZONE-RESET-AUDIT] site=scratch-pool-reset/bump:dev0 visits=639 visits_with_live=0 live_max=0 live_total=0 distinct_sizes=0 distinct_cohorts=0 graphs=[1..639]
[ZONE-RESET-AUDIT] site=scratch-pool-reset/bump:dev0 visits=639 visits_with_live=0 live_max=0 live_total=0 distinct_sizes=0 distinct_cohorts=0 graphs=[1..639]
[ZONE-RESET-AUDIT] site=weight-reclaim/load-boundary:dev0 visits=1 visits_with_live=0 live_max=0 live_total=0 distinct_sizes=0 distinct_cohorts=0 graphs=[0..0]
[ZONE-RESET-AUDIT] site=weight-reclaim/load-boundary:dev0 visits=1 visits_with_live=0 live_max=0 live_total=0 distinct_sizes=0 distinct_cohorts=0 graphs=[0..0]
[ZONE-RESET-AUDIT]   largest_free first=12820.00 MB last=12820.00 MB min=12820.00 MB
[ZONE-RESET-AUDIT]   largest_free first=12820.00 MB last=12820.00 MB min=12820.00 MB
[ZONE-RESET-AUDIT] site=weight-reclaim/mid-load-replan:dev0 visits=1 visits_with_live=0 live_max=0 live_total=0 distinct_sizes=0 distinct_cohorts=0 graphs=[0..0]
[ZONE-RESET-AUDIT] site=weight-reclaim/mid-load-replan:dev0 visits=1 visits_with_live=0 live_max=0 live_total=0 distinct_sizes=0 distinct_cohorts=0 graphs=[0..0]
[ZONE-RESET-AUDIT]   largest_free first=12820.00 MB last=12820.00 MB min=12820.00 MB
[ZONE-RESET-AUDIT]   largest_free first=12820.00 MB last=12820.00 MB min=12820.00 MB
[ZONE-RESET-AUDIT]   timing vram/kv alloc_calls=64 alloc_MB=96.0 alloc_ms=0.073 free_calls=32 free_ms=0.013 allocs_per_graph_max=32 allocs_per_graph_mean=0.1 graphs=639
[ZONE-RESET-AUDIT]   timing vram/kv alloc_calls=64 alloc_MB=96.0 alloc_ms=0.073 free_calls=32 free_ms=0.013 allocs_per_graph_max=32 allocs_per_graph_mean=0.1 graphs=639
[ZONE-RESET-AUDIT]   timing vram/weight alloc_calls=521 alloc_MB=8368.0 alloc_ms=0.399 free_calls=4 free_ms=0.004 allocs_per_graph_max=517 allocs_per_graph_mean=0.8 graphs=639
[ZONE-RESET-AUDIT]   timing vram/weight alloc_calls=521 alloc_MB=8368.0 alloc_ms=0.399 free_calls=4 free_ms=0.004 allocs_per_graph_max=517 allocs_per_graph_mean=0.8 graphs=639
[ZONE-RESET-AUDIT]   timing vram/onednn alloc_calls=6 alloc_MB=278.0 alloc_ms=0.002 free_calls=4 free_ms=0.002 allocs_per_graph_max=6 allocs_per_graph_mean=0.0 graphs=639
[ZONE-RESET-AUDIT]   timing vram/onednn alloc_calls=6 alloc_MB=278.0 alloc_ms=0.002 free_calls=4 free_ms=0.002 allocs_per_graph_max=6 allocs_per_graph_mean=0.0 graphs=639
[ZONE-RESET-AUDIT]   timing vram/runtime alloc_calls=1987 alloc_MB=2124.5 alloc_ms=0.765 free_calls=1985 free_ms=1.857 allocs_per_graph_max=65 allocs_per_graph_mean=3.1 graphs=639
[ZONE-RESET-AUDIT]   timing vram/runtime alloc_calls=1987 alloc_MB=2124.5 alloc_ms=0.765 free_calls=1985 free_ms=1.857 allocs_per_graph_max=65 allocs_per_graph_mean=3.1 graphs=639
[ZONE-RESET-AUDIT]   timing host/WEIGHT alloc_calls=36 alloc_MB=26.4 alloc_ms=0.025 free_calls=33 free_ms=0.037 allocs_per_graph_max=3 allocs_per_graph_mean=0.1 graphs=639
[ZONE-RESET-AUDIT]   timing host/WEIGHT alloc_calls=36 alloc_MB=26.4 alloc_ms=0.025 free_calls=33 free_ms=0.037 allocs_per_graph_max=3 allocs_per_graph_mean=0.1 graphs=639
[ZONE-RESET-AUDIT]   timing host/STAGING alloc_calls=1915 alloc_MB=102.6 alloc_ms=0.575 free_calls=1915 free_ms=1.179 allocs_per_graph_max=3 allocs_per_graph_mean=3.0 graphs=639
[ZONE-RESET-AUDIT]   timing host/STAGING alloc_calls=1915 alloc_MB=102.6 alloc_ms=0.575 free_calls=1915 free_ms=1.179 allocs_per_graph_max=3 allocs_per_graph_mean=3.0 graphs=639
[ZONE-RESET-AUDIT]   timing host/SCRATCH alloc_calls=21795 alloc_MB=5098.4 alloc_ms=5.057 free_calls=21795 free_ms=9.398 allocs_per_graph_max=741 allocs_per_graph_mean=34.1 graphs=639
[ZONE-RESET-AUDIT]   timing host/SCRATCH alloc_calls=21795 alloc_MB=5098.4 alloc_ms=5.057 free_calls=21795 free_ms=9.398 allocs_per_graph_max=741 allocs_per_graph_mean=34.1 graphs=639
[ZONE-RESET-AUDIT] ==== end inventory ====
[ZONE-RESET-AUDIT] ==== end inventory ====
set_n_threads: n_threads = 4, n_threads_batch = 4
[ZONE-RESET-AUDIT] ==== escape inventory (periodic) graphs=703 ====
[ZONE-RESET-AUDIT] ==== escape inventory (periodic) graphs=703 ====
[ZONE-RESET-AUDIT] site=device-zone-reset/ONEDNN:dev0 visits=3 visits_with_live=0 live_max=0 live_total=0 distinct_sizes=0 distinct_cohorts=0 graphs=[1..1]
[ZONE-RESET-AUDIT] site=device-zone-reset/ONEDNN:dev0 visits=3 visits_with_live=0 live_max=0 live_total=0 distinct_sizes=0 distinct_cohorts=0 graphs=[1..1]
[ZONE-RESET-AUDIT]   largest_free first=256.00 MB last=256.00 MB min=256.00 MB
[ZONE-RESET-AUDIT]   largest_free first=256.00 MB last=256.00 MB min=256.00 MB
[ZONE-RESET-AUDIT] site=device-zone-reset/SCRATCH:dev0 visits=703 visits_with_live=0 live_max=0 live_total=0 distinct_sizes=0 distinct_cohorts=0 graphs=[0..702]
[ZONE-RESET-AUDIT] site=device-zone-reset/SCRATCH:dev0 visits=703 visits_with_live=0 live_max=0 live_total=0 distinct_sizes=0 distinct_cohorts=0 graphs=[0..702]
[ZONE-RESET-AUDIT]   largest_free first=512.00 MB last=512.00 MB min=512.00 MB
[ZONE-RESET-AUDIT]   largest_free first=512.00 MB last=512.00 MB min=512.00 MB
[ZONE-RESET-AUDIT] site=host-zone-reset/SCRATCH visits=702 visits_with_live=0 live_max=0 live_total=0 distinct_sizes=0 distinct_cohorts=0 graphs=[1..702]
[ZONE-RESET-AUDIT] site=host-zone-reset/SCRATCH visits=702 visits_with_live=0 live_max=0 live_total=0 distinct_sizes=0 distinct_cohorts=0 graphs=[1..702]
[ZONE-RESET-AUDIT]   largest_free first=309.54 MB last=309.54 MB min=309.54 MB
[ZONE-RESET-AUDIT]   largest_free first=309.54 MB last=309.54 MB min=309.54 MB
[ZONE-RESET-AUDIT] site=host-zone-reset/STAGING visits=703 visits_with_live=0 live_max=0 live_total=0 distinct_sizes=0 distinct_cohorts=0 graphs=[1..703]
[ZONE-RESET-AUDIT] site=host-zone-reset/STAGING visits=703 visits_with_live=0 live_max=0 live_total=0 distinct_sizes=0 distinct_cohorts=0 graphs=[1..703]
[ZONE-RESET-AUDIT]   largest_free first=223.08 MB last=223.08 MB min=223.08 MB
[ZONE-RESET-AUDIT]   largest_free first=223.08 MB last=223.08 MB min=223.08 MB
[ZONE-RESET-AUDIT] site=scratch-pool-reset/bump:dev0 visits=703 visits_with_live=0 live_max=0 live_total=0 distinct_sizes=0 distinct_cohorts=0 graphs=[1..703]
[ZONE-RESET-AUDIT] site=scratch-pool-reset/bump:dev0 visits=703 visits_with_live=0 live_max=0 live_total=0 distinct_sizes=0 distinct_cohorts=0 graphs=[1..703]
[ZONE-RESET-AUDIT] site=weight-reclaim/load-boundary:dev0 visits=1 visits_with_live=0 live_max=0 live_total=0 distinct_sizes=0 distinct_cohorts=0 graphs=[0..0]
[ZONE-RESET-AUDIT] site=weight-reclaim/load-boundary:dev0 visits=1 visits_with_live=0 live_max=0 live_total=0 distinct_sizes=0 distinct_cohorts=0 graphs=[0..0]
[ZONE-RESET-AUDIT]   largest_free first=12820.00 MB last=12820.00 MB min=12820.00 MB
[ZONE-RESET-AUDIT]   largest_free first=12820.00 MB last=12820.00 MB min=12820.00 MB
[ZONE-RESET-AUDIT] site=weight-reclaim/mid-load-replan:dev0 visits=1 visits_with_live=0 live_max=0 live_total=0 distinct_sizes=0 distinct_cohorts=0 graphs=[0..0]
[ZONE-RESET-AUDIT] site=weight-reclaim/mid-load-replan:dev0 visits=1 visits_with_live=0 live_max=0 live_total=0 distinct_sizes=0 distinct_cohorts=0 graphs=[0..0]
[ZONE-RESET-AUDIT]   largest_free first=12820.00 MB last=12820.00 MB min=12820.00 MB
[ZONE-RESET-AUDIT]   largest_free first=12820.00 MB last=12820.00 MB min=12820.00 MB
[ZONE-RESET-AUDIT]   timing vram/kv alloc_calls=64 alloc_MB=96.0 alloc_ms=0.073 free_calls=32 free_ms=0.013 allocs_per_graph_max=32 allocs_per_graph_mean=0.1 graphs=703
[ZONE-RESET-AUDIT]   timing vram/kv alloc_calls=64 alloc_MB=96.0 alloc_ms=0.073 free_calls=32 free_ms=0.013 allocs_per_graph_max=32 allocs_per_graph_mean=0.1 graphs=703
[ZONE-RESET-AUDIT]   timing vram/weight alloc_calls=521 alloc_MB=8368.0 alloc_ms=0.399 free_calls=4 free_ms=0.004 allocs_per_graph_max=517 allocs_per_graph_mean=0.7 graphs=703
[ZONE-RESET-AUDIT]   timing vram/weight alloc_calls=521 alloc_MB=8368.0 alloc_ms=0.399 free_calls=4 free_ms=0.004 allocs_per_graph_max=517 allocs_per_graph_mean=0.7 graphs=703
[ZONE-RESET-AUDIT]   timing vram/onednn alloc_calls=6 alloc_MB=278.0 alloc_ms=0.002 free_calls=4 free_ms=0.002 allocs_per_graph_max=6 allocs_per_graph_mean=0.0 graphs=703
[ZONE-RESET-AUDIT]   timing vram/onednn alloc_calls=6 alloc_MB=278.0 alloc_ms=0.002 free_calls=4 free_ms=0.002 allocs_per_graph_max=6 allocs_per_graph_mean=0.0 graphs=703
[ZONE-RESET-AUDIT]   timing vram/runtime alloc_calls=1987 alloc_MB=2124.5 alloc_ms=0.765 free_calls=1985 free_ms=1.857 allocs_per_graph_max=65 allocs_per_graph_mean=2.8 graphs=703
[ZONE-RESET-AUDIT]   timing vram/runtime alloc_calls=1987 alloc_MB=2124.5 alloc_ms=0.765 free_calls=1985 free_ms=1.857 allocs_per_graph_max=65 allocs_per_graph_mean=2.8 graphs=703
[ZONE-RESET-AUDIT]   timing host/WEIGHT alloc_calls=36 alloc_MB=26.4 alloc_ms=0.025 free_calls=33 free_ms=0.037 allocs_per_graph_max=3 allocs_per_graph_mean=0.1 graphs=703
[ZONE-RESET-AUDIT]   timing host/WEIGHT alloc_calls=36 alloc_MB=26.4 alloc_ms=0.025 free_calls=33 free_ms=0.037 allocs_per_graph_max=3 allocs_per_graph_mean=0.1 graphs=703
[ZONE-RESET-AUDIT]   timing host/STAGING alloc_calls=2107 alloc_MB=102.6 alloc_ms=0.630 free_calls=2107 free_ms=1.313 allocs_per_graph_max=3 allocs_per_graph_mean=3.0 graphs=703
[ZONE-RESET-AUDIT]   timing host/STAGING alloc_calls=2107 alloc_MB=102.6 alloc_ms=0.630 free_calls=2107 free_ms=1.313 allocs_per_graph_max=3 allocs_per_graph_mean=3.0 graphs=703
[ZONE-RESET-AUDIT]   timing host/SCRATCH alloc_calls=23907 alloc_MB=5107.2 alloc_ms=5.397 free_calls=23907 free_ms=10.177 allocs_per_graph_max=741 allocs_per_graph_mean=34.0 graphs=703
[ZONE-RESET-AUDIT]   timing host/SCRATCH alloc_calls=23907 alloc_MB=5107.2 alloc_ms=5.397 free_calls=23907 free_ms=10.177 allocs_per_graph_max=741 allocs_per_graph_mean=34.0 graphs=703
[ZONE-RESET-AUDIT] ==== end inventory ====
[ZONE-RESET-AUDIT] ==== end inventory ====
[ZONE-RESET-AUDIT] ==== escape inventory (periodic) graphs=767 ====
[ZONE-RESET-AUDIT] ==== escape inventory (periodic) graphs=767 ====
[ZONE-RESET-AUDIT] site=device-zone-reset/ONEDNN:dev0 visits=3 visits_with_live=0 live_max=0 live_total=0 distinct_sizes=0 distinct_cohorts=0 graphs=[1..1]
[ZONE-RESET-AUDIT] site=device-zone-reset/ONEDNN:dev0 visits=3 visits_with_live=0 live_max=0 live_total=0 distinct_sizes=0 distinct_cohorts=0 graphs=[1..1]
[ZONE-RESET-AUDIT]   largest_free first=256.00 MB last=256.00 MB min=256.00 MB
[ZONE-RESET-AUDIT]   largest_free first=256.00 MB last=256.00 MB min=256.00 MB
[ZONE-RESET-AUDIT] site=device-zone-reset/SCRATCH:dev0 visits=767 visits_with_live=0 live_max=0 live_total=0 distinct_sizes=0 distinct_cohorts=0 graphs=[0..766]
[ZONE-RESET-AUDIT] site=device-zone-reset/SCRATCH:dev0 visits=767 visits_with_live=0 live_max=0 live_total=0 distinct_sizes=0 distinct_cohorts=0 graphs=[0..766]
[ZONE-RESET-AUDIT]   largest_free first=512.00 MB last=512.00 MB min=512.00 MB
[ZONE-RESET-AUDIT]   largest_free first=512.00 MB last=512.00 MB min=512.00 MB
[ZONE-RESET-AUDIT] site=host-zone-reset/SCRATCH visits=766 visits_with_live=0 live_max=0 live_total=0 distinct_sizes=0 distinct_cohorts=0 graphs=[1..766]
[ZONE-RESET-AUDIT] site=host-zone-reset/SCRATCH visits=766 visits_with_live=0 live_max=0 live_total=0 distinct_sizes=0 distinct_cohorts=0 graphs=[1..766]
[ZONE-RESET-AUDIT]   largest_free first=309.54 MB last=309.54 MB min=309.54 MB
[ZONE-RESET-AUDIT]   largest_free first=309.54 MB last=309.54 MB min=309.54 MB
[ZONE-RESET-AUDIT] site=host-zone-reset/STAGING visits=767 visits_with_live=0 live_max=0 live_total=0 distinct_sizes=0 distinct_cohorts=0 graphs=[1..767]
[ZONE-RESET-AUDIT] site=host-zone-reset/STAGING visits=767 visits_with_live=0 live_max=0 live_total=0 distinct_sizes=0 distinct_cohorts=0 graphs=[1..767]
[ZONE-RESET-AUDIT]   largest_free first=223.08 MB last=223.08 MB min=223.08 MB
[ZONE-RESET-AUDIT]   largest_free first=223.08 MB last=223.08 MB min=223.08 MB
[ZONE-RESET-AUDIT] site=scratch-pool-reset/bump:dev0 visits=767 visits_with_live=0 live_max=0 live_total=0 distinct_sizes=0 distinct_cohorts=0 graphs=[1..767]
[ZONE-RESET-AUDIT] site=scratch-pool-reset/bump:dev0 visits=767 visits_with_live=0 live_max=0 live_total=0 distinct_sizes=0 distinct_cohorts=0 graphs=[1..767]
[ZONE-RESET-AUDIT] site=weight-reclaim/load-boundary:dev0 visits=1 visits_with_live=0 live_max=0 live_total=0 distinct_sizes=0 distinct_cohorts=0 graphs=[0..0]
[ZONE-RESET-AUDIT] site=weight-reclaim/load-boundary:dev0 visits=1 visits_with_live=0 live_max=0 live_total=0 distinct_sizes=0 distinct_cohorts=0 graphs=[0..0]
[ZONE-RESET-AUDIT]   largest_free first=12820.00 MB last=12820.00 MB min=12820.00 MB
[ZONE-RESET-AUDIT]   largest_free first=12820.00 MB last=12820.00 MB min=12820.00 MB
[ZONE-RESET-AUDIT] site=weight-reclaim/mid-load-replan:dev0 visits=1 visits_with_live=0 live_max=0 live_total=0 distinct_sizes=0 distinct_cohorts=0 graphs=[0..0]
[ZONE-RESET-AUDIT] site=weight-reclaim/mid-load-replan:dev0 visits=1 visits_with_live=0 live_max=0 live_total=0 distinct_sizes=0 distinct_cohorts=0 graphs=[0..0]
[ZONE-RESET-AUDIT]   largest_free first=12820.00 MB last=12820.00 MB min=12820.00 MB
[ZONE-RESET-AUDIT]   largest_free first=12820.00 MB last=12820.00 MB min=12820.00 MB
[ZONE-RESET-AUDIT]   timing vram/kv alloc_calls=64 alloc_MB=96.0 alloc_ms=0.073 free_calls=32 free_ms=0.013 allocs_per_graph_max=32 allocs_per_graph_mean=0.1 graphs=767
[ZONE-RESET-AUDIT]   timing vram/kv alloc_calls=64 alloc_MB=96.0 alloc_ms=0.073 free_calls=32 free_ms=0.013 allocs_per_graph_max=32 allocs_per_graph_mean=0.1 graphs=767
[ZONE-RESET-AUDIT]   timing vram/weight alloc_calls=521 alloc_MB=8368.0 alloc_ms=0.399 free_calls=4 free_ms=0.004 allocs_per_graph_max=517 allocs_per_graph_mean=0.7 graphs=767
[ZONE-RESET-AUDIT]   timing vram/weight alloc_calls=521 alloc_MB=8368.0 alloc_ms=0.399 free_calls=4 free_ms=0.004 allocs_per_graph_max=517 allocs_per_graph_mean=0.7 graphs=767
[ZONE-RESET-AUDIT]   timing vram/onednn alloc_calls=6 alloc_MB=278.0 alloc_ms=0.002 free_calls=4 free_ms=0.002 allocs_per_graph_max=6 allocs_per_graph_mean=0.0 graphs=767
[ZONE-RESET-AUDIT]   timing vram/onednn alloc_calls=6 alloc_MB=278.0 alloc_ms=0.002 free_calls=4 free_ms=0.002 allocs_per_graph_max=6 allocs_per_graph_mean=0.0 graphs=767
[ZONE-RESET-AUDIT]   timing vram/runtime alloc_calls=1987 alloc_MB=2124.5 alloc_ms=0.765 free_calls=1985 free_ms=1.857 allocs_per_graph_max=65 allocs_per_graph_mean=2.6 graphs=767
[ZONE-RESET-AUDIT]   timing vram/runtime alloc_calls=1987 alloc_MB=2124.5 alloc_ms=0.765 free_calls=1985 free_ms=1.857 allocs_per_graph_max=65 allocs_per_graph_mean=2.6 graphs=767
[ZONE-RESET-AUDIT]   timing host/WEIGHT alloc_calls=36 alloc_MB=26.4 alloc_ms=0.025 free_calls=33 free_ms=0.037 allocs_per_graph_max=3 allocs_per_graph_mean=0.0 graphs=767
[ZONE-RESET-AUDIT]   timing host/WEIGHT alloc_calls=36 alloc_MB=26.4 alloc_ms=0.025 free_calls=33 free_ms=0.037 allocs_per_graph_max=3 allocs_per_graph_mean=0.0 graphs=767
[ZONE-RESET-AUDIT]   timing host/STAGING alloc_calls=2299 alloc_MB=102.6 alloc_ms=0.680 free_calls=2299 free_ms=1.442 allocs_per_graph_max=3 allocs_per_graph_mean=3.0 graphs=767
[ZONE-RESET-AUDIT]   timing host/STAGING alloc_calls=2299 alloc_MB=102.6 alloc_ms=0.680 free_calls=2299 free_ms=1.442 allocs_per_graph_max=3 allocs_per_graph_mean=3.0 graphs=767
[ZONE-RESET-AUDIT]   timing host/SCRATCH alloc_calls=26019 alloc_MB=5116.0 alloc_ms=5.736 free_calls=26019 free_ms=10.977 allocs_per_graph_max=741 allocs_per_graph_mean=33.9 graphs=767
[ZONE-RESET-AUDIT]   timing host/SCRATCH alloc_calls=26019 alloc_MB=5116.0 alloc_ms=5.736 free_calls=26019 free_ms=10.977 allocs_per_graph_max=741 allocs_per_graph_mean=33.9 graphs=767
[ZONE-RESET-AUDIT] ==== end inventory ====
[ZONE-RESET-AUDIT] ==== end inventory ====
set_n_threads: n_threads = 4, n_threads_batch = 4
[ZONE-RESET-AUDIT] ==== escape inventory (periodic) graphs=831 ====
[ZONE-RESET-AUDIT] ==== escape inventory (periodic) graphs=831 ====
[ZONE-RESET-AUDIT] site=device-zone-reset/ONEDNN:dev0 visits=3 visits_with_live=0 live_max=0 live_total=0 distinct_sizes=0 distinct_cohorts=0 graphs=[1..1]
[ZONE-RESET-AUDIT] site=device-zone-reset/ONEDNN:dev0 visits=3 visits_with_live=0 live_max=0 live_total=0 distinct_sizes=0 distinct_cohorts=0 graphs=[1..1]
[ZONE-RESET-AUDIT]   largest_free first=256.00 MB last=256.00 MB min=256.00 MB
[ZONE-RESET-AUDIT]   largest_free first=256.00 MB last=256.00 MB min=256.00 MB
[ZONE-RESET-AUDIT] site=device-zone-reset/SCRATCH:dev0 visits=831 visits_with_live=0 live_max=0 live_total=0 distinct_sizes=0 distinct_cohorts=0 graphs=[0..830]
[ZONE-RESET-AUDIT] site=device-zone-reset/SCRATCH:dev0 visits=831 visits_with_live=0 live_max=0 live_total=0 distinct_sizes=0 distinct_cohorts=0 graphs=[0..830]
[ZONE-RESET-AUDIT]   largest_free first=512.00 MB last=512.00 MB min=512.00 MB
[ZONE-RESET-AUDIT]   largest_free first=512.00 MB last=512.00 MB min=512.00 MB
[ZONE-RESET-AUDIT] site=host-zone-reset/SCRATCH visits=830 visits_with_live=0 live_max=0 live_total=0 distinct_sizes=0 distinct_cohorts=0 graphs=[1..830]
[ZONE-RESET-AUDIT] site=host-zone-reset/SCRATCH visits=830 visits_with_live=0 live_max=0 live_total=0 distinct_sizes=0 distinct_cohorts=0 graphs=[1..830]
[ZONE-RESET-AUDIT]   largest_free first=309.54 MB last=309.54 MB min=309.54 MB
[ZONE-RESET-AUDIT]   largest_free first=309.54 MB last=309.54 MB min=309.54 MB
[ZONE-RESET-AUDIT] site=host-zone-reset/STAGING visits=831 visits_with_live=0 live_max=0 live_total=0 distinct_sizes=0 distinct_cohorts=0 graphs=[1..831]
[ZONE-RESET-AUDIT] site=host-zone-reset/STAGING visits=831 visits_with_live=0 live_max=0 live_total=0 distinct_sizes=0 distinct_cohorts=0 graphs=[1..831]
[ZONE-RESET-AUDIT]   largest_free first=223.08 MB last=223.08 MB min=223.08 MB
[ZONE-RESET-AUDIT]   largest_free first=223.08 MB last=223.08 MB min=223.08 MB
[ZONE-RESET-AUDIT] site=scratch-pool-reset/bump:dev0 visits=831 visits_with_live=0 live_max=0 live_total=0 distinct_sizes=0 distinct_cohorts=0 graphs=[1..831]
[ZONE-RESET-AUDIT] site=scratch-pool-reset/bump:dev0 visits=831 visits_with_live=0 live_max=0 live_total=0 distinct_sizes=0 distinct_cohorts=0 graphs=[1..831]
[ZONE-RESET-AUDIT] site=weight-reclaim/load-boundary:dev0 visits=1 visits_with_live=0 live_max=0 live_total=0 distinct_sizes=0 distinct_cohorts=0 graphs=[0..0]
[ZONE-RESET-AUDIT] site=weight-reclaim/load-boundary:dev0 visits=1 visits_with_live=0 live_max=0 live_total=0 distinct_sizes=0 distinct_cohorts=0 graphs=[0..0]
[ZONE-RESET-AUDIT]   largest_free first=12820.00 MB last=12820.00 MB min=12820.00 MB
[ZONE-RESET-AUDIT]   largest_free first=12820.00 MB last=12820.00 MB min=12820.00 MB
[ZONE-RESET-AUDIT] site=weight-reclaim/mid-load-replan:dev0 visits=1 visits_with_live=0 live_max=0 live_total=0 distinct_sizes=0 distinct_cohorts=0 graphs=[0..0]
[ZONE-RESET-AUDIT] site=weight-reclaim/mid-load-replan:dev0 visits=1 visits_with_live=0 live_max=0 live_total=0 distinct_sizes=0 distinct_cohorts=0 graphs=[0..0]
[ZONE-RESET-AUDIT]   largest_free first=12820.00 MB last=12820.00 MB min=12820.00 MB
[ZONE-RESET-AUDIT]   largest_free first=12820.00 MB last=12820.00 MB min=12820.00 MB
[ZONE-RESET-AUDIT]   timing vram/kv alloc_calls=64 alloc_MB=96.0 alloc_ms=0.073 free_calls=32 free_ms=0.013 allocs_per_graph_max=32 allocs_per_graph_mean=0.1 graphs=831
[ZONE-RESET-AUDIT]   timing vram/kv alloc_calls=64 alloc_MB=96.0 alloc_ms=0.073 free_calls=32 free_ms=0.013 allocs_per_graph_max=32 allocs_per_graph_mean=0.1 graphs=831
[ZONE-RESET-AUDIT]   timing vram/weight alloc_calls=521 alloc_MB=8368.0 alloc_ms=0.399 free_calls=4 free_ms=0.004 allocs_per_graph_max=517 allocs_per_graph_mean=0.6 graphs=831
[ZONE-RESET-AUDIT]   timing vram/weight alloc_calls=521 alloc_MB=8368.0 alloc_ms=0.399 free_calls=4 free_ms=0.004 allocs_per_graph_max=517 allocs_per_graph_mean=0.6 graphs=831
[ZONE-RESET-AUDIT]   timing vram/onednn alloc_calls=6 alloc_MB=278.0 alloc_ms=0.002 free_calls=4 free_ms=0.002 allocs_per_graph_max=6 allocs_per_graph_mean=0.0 graphs=831
[ZONE-RESET-AUDIT]   timing vram/onednn alloc_calls=6 alloc_MB=278.0 alloc_ms=0.002 free_calls=4 free_ms=0.002 allocs_per_graph_max=6 allocs_per_graph_mean=0.0 graphs=831
[ZONE-RESET-AUDIT]   timing vram/runtime alloc_calls=1987 alloc_MB=2124.5 alloc_ms=0.765 free_calls=1985 free_ms=1.857 allocs_per_graph_max=65 allocs_per_graph_mean=2.4 graphs=831
[ZONE-RESET-AUDIT]   timing vram/runtime alloc_calls=1987 alloc_MB=2124.5 alloc_ms=0.765 free_calls=1985 free_ms=1.857 allocs_per_graph_max=65 allocs_per_graph_mean=2.4 graphs=831
[ZONE-RESET-AUDIT]   timing host/WEIGHT alloc_calls=36 alloc_MB=26.4 alloc_ms=0.025 free_calls=33 free_ms=0.037 allocs_per_graph_max=3 allocs_per_graph_mean=0.0 graphs=831
[ZONE-RESET-AUDIT]   timing host/WEIGHT alloc_calls=36 alloc_MB=26.4 alloc_ms=0.025 free_calls=33 free_ms=0.037 allocs_per_graph_max=3 allocs_per_graph_mean=0.0 graphs=831
[ZONE-RESET-AUDIT]   timing host/STAGING alloc_calls=2491 alloc_MB=102.6 alloc_ms=0.730 free_calls=2491 free_ms=1.548 allocs_per_graph_max=3 allocs_per_graph_mean=3.0 graphs=831
[ZONE-RESET-AUDIT]   timing host/STAGING alloc_calls=2491 alloc_MB=102.6 alloc_ms=0.730 free_calls=2491 free_ms=1.548 allocs_per_graph_max=3 allocs_per_graph_mean=3.0 graphs=831
[ZONE-RESET-AUDIT]   timing host/SCRATCH alloc_calls=28131 alloc_MB=5124.8 alloc_ms=6.068 free_calls=28131 free_ms=11.745 allocs_per_graph_max=741 allocs_per_graph_mean=33.9 graphs=831
[ZONE-RESET-AUDIT]   timing host/SCRATCH alloc_calls=28131 alloc_MB=5124.8 alloc_ms=6.068 free_calls=28131 free_ms=11.745 allocs_per_graph_max=741 allocs_per_graph_mean=33.9 graphs=831
[ZONE-RESET-AUDIT] ==== end inventory ====
[ZONE-RESET-AUDIT] ==== end inventory ====
[ZONE-RESET-AUDIT] ==== escape inventory (periodic) graphs=895 ====
[ZONE-RESET-AUDIT] ==== escape inventory (periodic) graphs=895 ====
[ZONE-RESET-AUDIT] site=device-zone-reset/ONEDNN:dev0 visits=3 visits_with_live=0 live_max=0 live_total=0 distinct_sizes=0 distinct_cohorts=0 graphs=[1..1]
[ZONE-RESET-AUDIT] site=device-zone-reset/ONEDNN:dev0 visits=3 visits_with_live=0 live_max=0 live_total=0 distinct_sizes=0 distinct_cohorts=0 graphs=[1..1]
[ZONE-RESET-AUDIT]   largest_free first=256.00 MB last=256.00 MB min=256.00 MB
[ZONE-RESET-AUDIT]   largest_free first=256.00 MB last=256.00 MB min=256.00 MB
[ZONE-RESET-AUDIT] site=device-zone-reset/SCRATCH:dev0 visits=895 visits_with_live=0 live_max=0 live_total=0 distinct_sizes=0 distinct_cohorts=0 graphs=[0..894]
[ZONE-RESET-AUDIT] site=device-zone-reset/SCRATCH:dev0 visits=895 visits_with_live=0 live_max=0 live_total=0 distinct_sizes=0 distinct_cohorts=0 graphs=[0..894]
[ZONE-RESET-AUDIT]   largest_free first=512.00 MB last=512.00 MB min=512.00 MB
[ZONE-RESET-AUDIT]   largest_free first=512.00 MB last=512.00 MB min=512.00 MB
[ZONE-RESET-AUDIT] site=host-zone-reset/SCRATCH visits=894 visits_with_live=0 live_max=0 live_total=0 distinct_sizes=0 distinct_cohorts=0 graphs=[1..894]
[ZONE-RESET-AUDIT] site=host-zone-reset/SCRATCH visits=894 visits_with_live=0 live_max=0 live_total=0 distinct_sizes=0 distinct_cohorts=0 graphs=[1..894]
[ZONE-RESET-AUDIT]   largest_free first=309.54 MB last=309.54 MB min=309.54 MB
[ZONE-RESET-AUDIT]   largest_free first=309.54 MB last=309.54 MB min=309.54 MB
[ZONE-RESET-AUDIT] site=host-zone-reset/STAGING visits=895 visits_with_live=0 live_max=0 live_total=0 distinct_sizes=0 distinct_cohorts=0 graphs=[1..895]
[ZONE-RESET-AUDIT] site=host-zone-reset/STAGING visits=895 visits_with_live=0 live_max=0 live_total=0 distinct_sizes=0 distinct_cohorts=0 graphs=[1..895]
[ZONE-RESET-AUDIT]   largest_free first=223.08 MB last=223.08 MB min=223.08 MB
[ZONE-RESET-AUDIT]   largest_free first=223.08 MB last=223.08 MB min=223.08 MB
[ZONE-RESET-AUDIT] site=scratch-pool-reset/bump:dev0 visits=895 visits_with_live=0 live_max=0 live_total=0 distinct_sizes=0 distinct_cohorts=0 graphs=[1..895]
[ZONE-RESET-AUDIT] site=scratch-pool-reset/bump:dev0 visits=895 visits_with_live=0 live_max=0 live_total=0 distinct_sizes=0 distinct_cohorts=0 graphs=[1..895]
[ZONE-RESET-AUDIT] site=weight-reclaim/load-boundary:dev0 visits=1 visits_with_live=0 live_max=0 live_total=0 distinct_sizes=0 distinct_cohorts=0 graphs=[0..0]
[ZONE-RESET-AUDIT] site=weight-reclaim/load-boundary:dev0 visits=1 visits_with_live=0 live_max=0 live_total=0 distinct_sizes=0 distinct_cohorts=0 graphs=[0..0]
[ZONE-RESET-AUDIT]   largest_free first=12820.00 MB last=12820.00 MB min=12820.00 MB
[ZONE-RESET-AUDIT]   largest_free first=12820.00 MB last=12820.00 MB min=12820.00 MB
[ZONE-RESET-AUDIT] site=weight-reclaim/mid-load-replan:dev0 visits=1 visits_with_live=0 live_max=0 live_total=0 distinct_sizes=0 distinct_cohorts=0 graphs=[0..0]
[ZONE-RESET-AUDIT] site=weight-reclaim/mid-load-replan:dev0 visits=1 visits_with_live=0 live_max=0 live_total=0 distinct_sizes=0 distinct_cohorts=0 graphs=[0..0]
[ZONE-RESET-AUDIT]   largest_free first=12820.00 MB last=12820.00 MB min=12820.00 MB
[ZONE-RESET-AUDIT]   largest_free first=12820.00 MB last=12820.00 MB min=12820.00 MB
[ZONE-RESET-AUDIT]   timing vram/kv alloc_calls=64 alloc_MB=96.0 alloc_ms=0.073 free_calls=32 free_ms=0.013 allocs_per_graph_max=32 allocs_per_graph_mean=0.1 graphs=895
[ZONE-RESET-AUDIT]   timing vram/kv alloc_calls=64 alloc_MB=96.0 alloc_ms=0.073 free_calls=32 free_ms=0.013 allocs_per_graph_max=32 allocs_per_graph_mean=0.1 graphs=895
[ZONE-RESET-AUDIT]   timing vram/weight alloc_calls=521 alloc_MB=8368.0 alloc_ms=0.399 free_calls=4 free_ms=0.004 allocs_per_graph_max=517 allocs_per_graph_mean=0.6 graphs=895
[ZONE-RESET-AUDIT]   timing vram/weight alloc_calls=521 alloc_MB=8368.0 alloc_ms=0.399 free_calls=4 free_ms=0.004 allocs_per_graph_max=517 allocs_per_graph_mean=0.6 graphs=895
[ZONE-RESET-AUDIT]   timing vram/onednn alloc_calls=6 alloc_MB=278.0 alloc_ms=0.002 free_calls=4 free_ms=0.002 allocs_per_graph_max=6 allocs_per_graph_mean=0.0 graphs=895
[ZONE-RESET-AUDIT]   timing vram/onednn alloc_calls=6 alloc_MB=278.0 alloc_ms=0.002 free_calls=4 free_ms=0.002 allocs_per_graph_max=6 allocs_per_graph_mean=0.0 graphs=895
[ZONE-RESET-AUDIT]   timing vram/runtime alloc_calls=1987 alloc_MB=2124.5 alloc_ms=0.765 free_calls=1985 free_ms=1.857 allocs_per_graph_max=65 allocs_per_graph_mean=2.2 graphs=895
[ZONE-RESET-AUDIT]   timing vram/runtime alloc_calls=1987 alloc_MB=2124.5 alloc_ms=0.765 free_calls=1985 free_ms=1.857 allocs_per_graph_max=65 allocs_per_graph_mean=2.2 graphs=895
[ZONE-RESET-AUDIT]   timing host/WEIGHT alloc_calls=36 alloc_MB=26.4 alloc_ms=0.025 free_calls=33 free_ms=0.037 allocs_per_graph_max=3 allocs_per_graph_mean=0.0 graphs=895
[ZONE-RESET-AUDIT]   timing host/WEIGHT alloc_calls=36 alloc_MB=26.4 alloc_ms=0.025 free_calls=33 free_ms=0.037 allocs_per_graph_max=3 allocs_per_graph_mean=0.0 graphs=895
[ZONE-RESET-AUDIT]   timing host/STAGING alloc_calls=2683 alloc_MB=102.6 alloc_ms=0.776 free_calls=2683 free_ms=1.664 allocs_per_graph_max=3 allocs_per_graph_mean=3.0 graphs=895
[ZONE-RESET-AUDIT]   timing host/STAGING alloc_calls=2683 alloc_MB=102.6 alloc_ms=0.776 free_calls=2683 free_ms=1.664 allocs_per_graph_max=3 allocs_per_graph_mean=3.0 graphs=895
[ZONE-RESET-AUDIT]   timing host/SCRATCH alloc_calls=30243 alloc_MB=5133.7 alloc_ms=6.377 free_calls=30243 free_ms=12.494 allocs_per_graph_max=741 allocs_per_graph_mean=33.8 graphs=895
[ZONE-RESET-AUDIT]   timing host/SCRATCH alloc_calls=30243 alloc_MB=5133.7 alloc_ms=6.377 free_calls=30243 free_ms=12.494 allocs_per_graph_max=741 allocs_per_graph_mean=33.8 graphs=895
[ZONE-RESET-AUDIT] ==== end inventory ====
[ZONE-RESET-AUDIT] ==== end inventory ====
set_n_threads: n_threads = 4, n_threads_batch = 4
[ZONE-RESET-AUDIT] ==== escape inventory (periodic) graphs=959 ====
[ZONE-RESET-AUDIT] ==== escape inventory (periodic) graphs=959 ====
[ZONE-RESET-AUDIT] site=device-zone-reset/ONEDNN:dev0 visits=3 visits_with_live=0 live_max=0 live_total=0 distinct_sizes=0 distinct_cohorts=0 graphs=[1..1]
[ZONE-RESET-AUDIT] site=device-zone-reset/ONEDNN:dev0 visits=3 visits_with_live=0 live_max=0 live_total=0 distinct_sizes=0 distinct_cohorts=0 graphs=[1..1]
[ZONE-RESET-AUDIT]   largest_free first=256.00 MB last=256.00 MB min=256.00 MB
[ZONE-RESET-AUDIT]   largest_free first=256.00 MB last=256.00 MB min=256.00 MB
[ZONE-RESET-AUDIT] site=device-zone-reset/SCRATCH:dev0 visits=959 visits_with_live=0 live_max=0 live_total=0 distinct_sizes=0 distinct_cohorts=0 graphs=[0..958]
[ZONE-RESET-AUDIT] site=device-zone-reset/SCRATCH:dev0 visits=959 visits_with_live=0 live_max=0 live_total=0 distinct_sizes=0 distinct_cohorts=0 graphs=[0..958]
[ZONE-RESET-AUDIT]   largest_free first=512.00 MB last=512.00 MB min=512.00 MB
[ZONE-RESET-AUDIT]   largest_free first=512.00 MB last=512.00 MB min=512.00 MB
[ZONE-RESET-AUDIT] site=host-zone-reset/SCRATCH visits=958 visits_with_live=0 live_max=0 live_total=0 distinct_sizes=0 distinct_cohorts=0 graphs=[1..958]
[ZONE-RESET-AUDIT] site=host-zone-reset/SCRATCH visits=958 visits_with_live=0 live_max=0 live_total=0 distinct_sizes=0 distinct_cohorts=0 graphs=[1..958]
[ZONE-RESET-AUDIT]   largest_free first=309.54 MB last=309.54 MB min=309.54 MB
[ZONE-RESET-AUDIT]   largest_free first=309.54 MB last=309.54 MB min=309.54 MB
[ZONE-RESET-AUDIT] site=host-zone-reset/STAGING visits=959 visits_with_live=0 live_max=0 live_total=0 distinct_sizes=0 distinct_cohorts=0 graphs=[1..959]
[ZONE-RESET-AUDIT] site=host-zone-reset/STAGING visits=959 visits_with_live=0 live_max=0 live_total=0 distinct_sizes=0 distinct_cohorts=0 graphs=[1..959]
[ZONE-RESET-AUDIT]   largest_free first=223.08 MB last=223.08 MB min=223.08 MB
[ZONE-RESET-AUDIT]   largest_free first=223.08 MB last=223.08 MB min=223.08 MB
[ZONE-RESET-AUDIT] site=scratch-pool-reset/bump:dev0 visits=959 visits_with_live=0 live_max=0 live_total=0 distinct_sizes=0 distinct_cohorts=0 graphs=[1..959]
[ZONE-RESET-AUDIT] site=scratch-pool-reset/bump:dev0 visits=959 visits_with_live=0 live_max=0 live_total=0 distinct_sizes=0 distinct_cohorts=0 graphs=[1..959]
[ZONE-RESET-AUDIT] site=weight-reclaim/load-boundary:dev0 visits=1 visits_with_live=0 live_max=0 live_total=0 distinct_sizes=0 distinct_cohorts=0 graphs=[0..0]
[ZONE-RESET-AUDIT] site=weight-reclaim/load-boundary:dev0 visits=1 visits_with_live=0 live_max=0 live_total=0 distinct_sizes=0 distinct_cohorts=0 graphs=[0..0]
[ZONE-RESET-AUDIT]   largest_free first=12820.00 MB last=12820.00 MB min=12820.00 MB
[ZONE-RESET-AUDIT]   largest_free first=12820.00 MB last=12820.00 MB min=12820.00 MB
[ZONE-RESET-AUDIT] site=weight-reclaim/mid-load-replan:dev0 visits=1 visits_with_live=0 live_max=0 live_total=0 distinct_sizes=0 distinct_cohorts=0 graphs=[0..0]
[ZONE-RESET-AUDIT] site=weight-reclaim/mid-load-replan:dev0 visits=1 visits_with_live=0 live_max=0 live_total=0 distinct_sizes=0 distinct_cohorts=0 graphs=[0..0]
[ZONE-RESET-AUDIT]   largest_free first=12820.00 MB last=12820.00 MB min=12820.00 MB
[ZONE-RESET-AUDIT]   largest_free first=12820.00 MB last=12820.00 MB min=12820.00 MB
[ZONE-RESET-AUDIT]   timing vram/kv alloc_calls=64 alloc_MB=96.0 alloc_ms=0.073 free_calls=32 free_ms=0.013 allocs_per_graph_max=32 allocs_per_graph_mean=0.1 graphs=959
[ZONE-RESET-AUDIT]   timing vram/kv alloc_calls=64 alloc_MB=96.0 alloc_ms=0.073 free_calls=32 free_ms=0.013 allocs_per_graph_max=32 allocs_per_graph_mean=0.1 graphs=959
[ZONE-RESET-AUDIT]   timing vram/weight alloc_calls=521 alloc_MB=8368.0 alloc_ms=0.399 free_calls=4 free_ms=0.004 allocs_per_graph_max=517 allocs_per_graph_mean=0.5 graphs=959
[ZONE-RESET-AUDIT]   timing vram/weight alloc_calls=521 alloc_MB=8368.0 alloc_ms=0.399 free_calls=4 free_ms=0.004 allocs_per_graph_max=517 allocs_per_graph_mean=0.5 graphs=959
[ZONE-RESET-AUDIT]   timing vram/onednn alloc_calls=6 alloc_MB=278.0 alloc_ms=0.002 free_calls=4 free_ms=0.002 allocs_per_graph_max=6 allocs_per_graph_mean=0.0 graphs=959
[ZONE-RESET-AUDIT]   timing vram/onednn alloc_calls=6 alloc_MB=278.0 alloc_ms=0.002 free_calls=4 free_ms=0.002 allocs_per_graph_max=6 allocs_per_graph_mean=0.0 graphs=959
[ZONE-RESET-AUDIT]   timing vram/runtime alloc_calls=1987 alloc_MB=2124.5 alloc_ms=0.765 free_calls=1985 free_ms=1.857 allocs_per_graph_max=65 allocs_per_graph_mean=2.1 graphs=959
[ZONE-RESET-AUDIT]   timing vram/runtime alloc_calls=1987 alloc_MB=2124.5 alloc_ms=0.765 free_calls=1985 free_ms=1.857 allocs_per_graph_max=65 allocs_per_graph_mean=2.1 graphs=959
[ZONE-RESET-AUDIT]   timing host/WEIGHT alloc_calls=36 alloc_MB=26.4 alloc_ms=0.025 free_calls=33 free_ms=0.037 allocs_per_graph_max=3 allocs_per_graph_mean=0.0 graphs=959
[ZONE-RESET-AUDIT]   timing host/WEIGHT alloc_calls=36 alloc_MB=26.4 alloc_ms=0.025 free_calls=33 free_ms=0.037 allocs_per_graph_max=3 allocs_per_graph_mean=0.0 graphs=959
[ZONE-RESET-AUDIT]   timing host/STAGING alloc_calls=2875 alloc_MB=102.6 alloc_ms=0.828 free_calls=2875 free_ms=1.776 allocs_per_graph_max=3 allocs_per_graph_mean=3.0 graphs=959
[ZONE-RESET-AUDIT]   timing host/STAGING alloc_calls=2875 alloc_MB=102.6 alloc_ms=0.828 free_calls=2875 free_ms=1.776 allocs_per_graph_max=3 allocs_per_graph_mean=3.0 graphs=959
[ZONE-RESET-AUDIT]   timing host/SCRATCH alloc_calls=32355 alloc_MB=5142.5 alloc_ms=6.690 free_calls=32355 free_ms=13.233 allocs_per_graph_max=741 allocs_per_graph_mean=33.7 graphs=959
[ZONE-RESET-AUDIT]   timing host/SCRATCH alloc_calls=32355 alloc_MB=5142.5 alloc_ms=6.690 free_calls=32355 free_ms=13.233 allocs_per_graph_max=741 allocs_per_graph_mean=33.7 graphs=959
[ZONE-RESET-AUDIT] ==== end inventory ====
[ZONE-RESET-AUDIT] ==== end inventory ====
[ZONE-RESET-AUDIT] ==== escape inventory (periodic) graphs=1023 ====
[ZONE-RESET-AUDIT] ==== escape inventory (periodic) graphs=1023 ====
[ZONE-RESET-AUDIT] site=device-zone-reset/ONEDNN:dev0 visits=3 visits_with_live=0 live_max=0 live_total=0 distinct_sizes=0 distinct_cohorts=0 graphs=[1..1]
[ZONE-RESET-AUDIT] site=device-zone-reset/ONEDNN:dev0 visits=3 visits_with_live=0 live_max=0 live_total=0 distinct_sizes=0 distinct_cohorts=0 graphs=[1..1]
[ZONE-RESET-AUDIT]   largest_free first=256.00 MB last=256.00 MB min=256.00 MB
[ZONE-RESET-AUDIT]   largest_free first=256.00 MB last=256.00 MB min=256.00 MB
[ZONE-RESET-AUDIT] site=device-zone-reset/SCRATCH:dev0 visits=1023 visits_with_live=0 live_max=0 live_total=0 distinct_sizes=0 distinct_cohorts=0 graphs=[0..1022]
[ZONE-RESET-AUDIT] site=device-zone-reset/SCRATCH:dev0 visits=1023 visits_with_live=0 live_max=0 live_total=0 distinct_sizes=0 distinct_cohorts=0 graphs=[0..1022]
[ZONE-RESET-AUDIT]   largest_free first=512.00 MB last=512.00 MB min=512.00 MB
[ZONE-RESET-AUDIT]   largest_free first=512.00 MB last=512.00 MB min=512.00 MB
[ZONE-RESET-AUDIT] site=host-zone-reset/SCRATCH visits=1022 visits_with_live=0 live_max=0 live_total=0 distinct_sizes=0 distinct_cohorts=0 graphs=[1..1022]
[ZONE-RESET-AUDIT] site=host-zone-reset/SCRATCH visits=1022 visits_with_live=0 live_max=0 live_total=0 distinct_sizes=0 distinct_cohorts=0 graphs=[1..1022]
[ZONE-RESET-AUDIT]   largest_free first=309.54 MB last=309.54 MB min=309.54 MB
[ZONE-RESET-AUDIT]   largest_free first=309.54 MB last=309.54 MB min=309.54 MB
[ZONE-RESET-AUDIT] site=host-zone-reset/STAGING visits=1023 visits_with_live=0 live_max=0 live_total=0 distinct_sizes=0 distinct_cohorts=0 graphs=[1..1023]
[ZONE-RESET-AUDIT] site=host-zone-reset/STAGING visits=1023 visits_with_live=0 live_max=0 live_total=0 distinct_sizes=0 distinct_cohorts=0 graphs=[1..1023]
[ZONE-RESET-AUDIT]   largest_free first=223.08 MB last=223.08 MB min=223.08 MB
[ZONE-RESET-AUDIT]   largest_free first=223.08 MB last=223.08 MB min=223.08 MB
[ZONE-RESET-AUDIT] site=scratch-pool-reset/bump:dev0 visits=1023 visits_with_live=0 live_max=0 live_total=0 distinct_sizes=0 distinct_cohorts=0 graphs=[1..1023]
[ZONE-RESET-AUDIT] site=scratch-pool-reset/bump:dev0 visits=1023 visits_with_live=0 live_max=0 live_total=0 distinct_sizes=0 distinct_cohorts=0 graphs=[1..1023]
[ZONE-RESET-AUDIT] site=weight-reclaim/load-boundary:dev0 visits=1 visits_with_live=0 live_max=0 live_total=0 distinct_sizes=0 distinct_cohorts=0 graphs=[0..0]
[ZONE-RESET-AUDIT] site=weight-reclaim/load-boundary:dev0 visits=1 visits_with_live=0 live_max=0 live_total=0 distinct_sizes=0 distinct_cohorts=0 graphs=[0..0]
[ZONE-RESET-AUDIT]   largest_free first=12820.00 MB last=12820.00 MB min=12820.00 MB
[ZONE-RESET-AUDIT]   largest_free first=12820.00 MB last=12820.00 MB min=12820.00 MB
[ZONE-RESET-AUDIT] site=weight-reclaim/mid-load-replan:dev0 visits=1 visits_with_live=0 live_max=0 live_total=0 distinct_sizes=0 distinct_cohorts=0 graphs=[0..0]
[ZONE-RESET-AUDIT] site=weight-reclaim/mid-load-replan:dev0 visits=1 visits_with_live=0 live_max=0 live_total=0 distinct_sizes=0 distinct_cohorts=0 graphs=[0..0]
[ZONE-RESET-AUDIT]   largest_free first=12820.00 MB last=12820.00 MB min=12820.00 MB
[ZONE-RESET-AUDIT]   largest_free first=12820.00 MB last=12820.00 MB min=12820.00 MB
[ZONE-RESET-AUDIT]   timing vram/kv alloc_calls=64 alloc_MB=96.0 alloc_ms=0.073 free_calls=32 free_ms=0.013 allocs_per_graph_max=32 allocs_per_graph_mean=0.1 graphs=1023
[ZONE-RESET-AUDIT]   timing vram/kv alloc_calls=64 alloc_MB=96.0 alloc_ms=0.073 free_calls=32 free_ms=0.013 allocs_per_graph_max=32 allocs_per_graph_mean=0.1 graphs=1023
[ZONE-RESET-AUDIT]   timing vram/weight alloc_calls=521 alloc_MB=8368.0 alloc_ms=0.399 free_calls=4 free_ms=0.004 allocs_per_graph_max=517 allocs_per_graph_mean=0.5 graphs=1023
[ZONE-RESET-AUDIT]   timing vram/weight alloc_calls=521 alloc_MB=8368.0 alloc_ms=0.399 free_calls=4 free_ms=0.004 allocs_per_graph_max=517 allocs_per_graph_mean=0.5 graphs=1023
[ZONE-RESET-AUDIT]   timing vram/onednn alloc_calls=6 alloc_MB=278.0 alloc_ms=0.002 free_calls=4 free_ms=0.002 allocs_per_graph_max=6 allocs_per_graph_mean=0.0 graphs=1023
[ZONE-RESET-AUDIT]   timing vram/onednn alloc_calls=6 alloc_MB=278.0 alloc_ms=0.002 free_calls=4 free_ms=0.002 allocs_per_graph_max=6 allocs_per_graph_mean=0.0 graphs=1023
[ZONE-RESET-AUDIT]   timing vram/runtime alloc_calls=1987 alloc_MB=2124.5 alloc_ms=0.765 free_calls=1985 free_ms=1.857 allocs_per_graph_max=65 allocs_per_graph_mean=1.9 graphs=1023
[ZONE-RESET-AUDIT]   timing vram/runtime alloc_calls=1987 alloc_MB=2124.5 alloc_ms=0.765 free_calls=1985 free_ms=1.857 allocs_per_graph_max=65 allocs_per_graph_mean=1.9 graphs=1023
[ZONE-RESET-AUDIT]   timing host/WEIGHT alloc_calls=36 alloc_MB=26.4 alloc_ms=0.025 free_calls=33 free_ms=0.037 allocs_per_graph_max=3 allocs_per_graph_mean=0.0 graphs=1023
[ZONE-RESET-AUDIT]   timing host/WEIGHT alloc_calls=36 alloc_MB=26.4 alloc_ms=0.025 free_calls=33 free_ms=0.037 allocs_per_graph_max=3 allocs_per_graph_mean=0.0 graphs=1023
[ZONE-RESET-AUDIT]   timing host/STAGING alloc_calls=3067 alloc_MB=102.6 alloc_ms=0.877 free_calls=3067 free_ms=1.894 allocs_per_graph_max=3 allocs_per_graph_mean=3.0 graphs=1023
[ZONE-RESET-AUDIT]   timing host/STAGING alloc_calls=3067 alloc_MB=102.6 alloc_ms=0.877 free_calls=3067 free_ms=1.894 allocs_per_graph_max=3 allocs_per_graph_mean=3.0 graphs=1023
[ZONE-RESET-AUDIT]   timing host/SCRATCH alloc_calls=34467 alloc_MB=5151.3 alloc_ms=7.023 free_calls=34467 free_ms=14.008 allocs_per_graph_max=741 allocs_per_graph_mean=33.7 graphs=1023
[ZONE-RESET-AUDIT]   timing host/SCRATCH alloc_calls=34467 alloc_MB=5151.3 alloc_ms=7.023 free_calls=34467 free_ms=14.008 allocs_per_graph_max=741 allocs_per_graph_mean=33.7 graphs=1023
[ZONE-RESET-AUDIT] ==== end inventory ====
[ZONE-RESET-AUDIT] ==== end inventory ====
set_n_threads: n_threads = 4, n_threads_batch = 4
[ZONE-RESET-AUDIT] ==== escape inventory (periodic) graphs=1087 ====
[ZONE-RESET-AUDIT] ==== escape inventory (periodic) graphs=1087 ====
[ZONE-RESET-AUDIT] site=device-zone-reset/ONEDNN:dev0 visits=3 visits_with_live=0 live_max=0 live_total=0 distinct_sizes=0 distinct_cohorts=0 graphs=[1..1]
[ZONE-RESET-AUDIT] site=device-zone-reset/ONEDNN:dev0 visits=3 visits_with_live=0 live_max=0 live_total=0 distinct_sizes=0 distinct_cohorts=0 graphs=[1..1]
[ZONE-RESET-AUDIT]   largest_free first=256.00 MB last=256.00 MB min=256.00 MB
[ZONE-RESET-AUDIT]   largest_free first=256.00 MB last=256.00 MB min=256.00 MB
[ZONE-RESET-AUDIT] site=device-zone-reset/SCRATCH:dev0 visits=1087 visits_with_live=0 live_max=0 live_total=0 distinct_sizes=0 distinct_cohorts=0 graphs=[0..1086]
[ZONE-RESET-AUDIT] site=device-zone-reset/SCRATCH:dev0 visits=1087 visits_with_live=0 live_max=0 live_total=0 distinct_sizes=0 distinct_cohorts=0 graphs=[0..1086]
[ZONE-RESET-AUDIT]   largest_free first=512.00 MB last=512.00 MB min=512.00 MB
[ZONE-RESET-AUDIT]   largest_free first=512.00 MB last=512.00 MB min=512.00 MB
[ZONE-RESET-AUDIT] site=host-zone-reset/SCRATCH visits=1086 visits_with_live=0 live_max=0 live_total=0 distinct_sizes=0 distinct_cohorts=0 graphs=[1..1086]
[ZONE-RESET-AUDIT] site=host-zone-reset/SCRATCH visits=1086 visits_with_live=0 live_max=0 live_total=0 distinct_sizes=0 distinct_cohorts=0 graphs=[1..1086]
[ZONE-RESET-AUDIT]   largest_free first=309.54 MB last=309.54 MB min=309.54 MB
[ZONE-RESET-AUDIT]   largest_free first=309.54 MB last=309.54 MB min=309.54 MB
[ZONE-RESET-AUDIT] site=host-zone-reset/STAGING visits=1087 visits_with_live=0 live_max=0 live_total=0 distinct_sizes=0 distinct_cohorts=0 graphs=[1..1087]
[ZONE-RESET-AUDIT] site=host-zone-reset/STAGING visits=1087 visits_with_live=0 live_max=0 live_total=0 distinct_sizes=0 distinct_cohorts=0 graphs=[1..1087]
[ZONE-RESET-AUDIT]   largest_free first=223.08 MB last=223.08 MB min=223.08 MB
[ZONE-RESET-AUDIT]   largest_free first=223.08 MB last=223.08 MB min=223.08 MB
[ZONE-RESET-AUDIT] site=scratch-pool-reset/bump:dev0 visits=1087 visits_with_live=0 live_max=0 live_total=0 distinct_sizes=0 distinct_cohorts=0 graphs=[1..1087]
[ZONE-RESET-AUDIT] site=scratch-pool-reset/bump:dev0 visits=1087 visits_with_live=0 live_max=0 live_total=0 distinct_sizes=0 distinct_cohorts=0 graphs=[1..1087]
[ZONE-RESET-AUDIT] site=weight-reclaim/load-boundary:dev0 visits=1 visits_with_live=0 live_max=0 live_total=0 distinct_sizes=0 distinct_cohorts=0 graphs=[0..0]
[ZONE-RESET-AUDIT] site=weight-reclaim/load-boundary:dev0 visits=1 visits_with_live=0 live_max=0 live_total=0 distinct_sizes=0 distinct_cohorts=0 graphs=[0..0]
[ZONE-RESET-AUDIT]   largest_free first=12820.00 MB last=12820.00 MB min=12820.00 MB
[ZONE-RESET-AUDIT]   largest_free first=12820.00 MB last=12820.00 MB min=12820.00 MB
[ZONE-RESET-AUDIT] site=weight-reclaim/mid-load-replan:dev0 visits=1 visits_with_live=0 live_max=0 live_total=0 distinct_sizes=0 distinct_cohorts=0 graphs=[0..0]
[ZONE-RESET-AUDIT] site=weight-reclaim/mid-load-replan:dev0 visits=1 visits_with_live=0 live_max=0 live_total=0 distinct_sizes=0 distinct_cohorts=0 graphs=[0..0]
[ZONE-RESET-AUDIT]   largest_free first=12820.00 MB last=12820.00 MB min=12820.00 MB
[ZONE-RESET-AUDIT]   largest_free first=12820.00 MB last=12820.00 MB min=12820.00 MB
[ZONE-RESET-AUDIT]   timing vram/kv alloc_calls=64 alloc_MB=96.0 alloc_ms=0.073 free_calls=32 free_ms=0.013 allocs_per_graph_max=32 allocs_per_graph_mean=0.1 graphs=1087
[ZONE-RESET-AUDIT]   timing vram/kv alloc_calls=64 alloc_MB=96.0 alloc_ms=0.073 free_calls=32 free_ms=0.013 allocs_per_graph_max=32 allocs_per_graph_mean=0.1 graphs=1087
[ZONE-RESET-AUDIT]   timing vram/weight alloc_calls=521 alloc_MB=8368.0 alloc_ms=0.399 free_calls=4 free_ms=0.004 allocs_per_graph_max=517 allocs_per_graph_mean=0.5 graphs=1087
[ZONE-RESET-AUDIT]   timing vram/weight alloc_calls=521 alloc_MB=8368.0 alloc_ms=0.399 free_calls=4 free_ms=0.004 allocs_per_graph_max=517 allocs_per_graph_mean=0.5 graphs=1087
[ZONE-RESET-AUDIT]   timing vram/onednn alloc_calls=6 alloc_MB=278.0 alloc_ms=0.002 free_calls=4 free_ms=0.002 allocs_per_graph_max=6 allocs_per_graph_mean=0.0 graphs=1087
[ZONE-RESET-AUDIT]   timing vram/onednn alloc_calls=6 alloc_MB=278.0 alloc_ms=0.002 free_calls=4 free_ms=0.002 allocs_per_graph_max=6 allocs_per_graph_mean=0.0 graphs=1087
[ZONE-RESET-AUDIT]   timing vram/runtime alloc_calls=1987 alloc_MB=2124.5 alloc_ms=0.765 free_calls=1985 free_ms=1.857 allocs_per_graph_max=65 allocs_per_graph_mean=1.8 graphs=1087
[ZONE-RESET-AUDIT]   timing vram/runtime alloc_calls=1987 alloc_MB=2124.5 alloc_ms=0.765 free_calls=1985 free_ms=1.857 allocs_per_graph_max=65 allocs_per_graph_mean=1.8 graphs=1087
[ZONE-RESET-AUDIT]   timing host/WEIGHT alloc_calls=36 alloc_MB=26.4 alloc_ms=0.025 free_calls=33 free_ms=0.037 allocs_per_graph_max=3 allocs_per_graph_mean=0.0 graphs=1087
[ZONE-RESET-AUDIT]   timing host/WEIGHT alloc_calls=36 alloc_MB=26.4 alloc_ms=0.025 free_calls=33 free_ms=0.037 allocs_per_graph_max=3 allocs_per_graph_mean=0.0 graphs=1087
[ZONE-RESET-AUDIT]   timing host/STAGING alloc_calls=3259 alloc_MB=102.6 alloc_ms=0.924 free_calls=3259 free_ms=2.009 allocs_per_graph_max=3 allocs_per_graph_mean=3.0 graphs=1087
[ZONE-RESET-AUDIT]   timing host/STAGING alloc_calls=3259 alloc_MB=102.6 alloc_ms=0.924 free_calls=3259 free_ms=2.009 allocs_per_graph_max=3 allocs_per_graph_mean=3.0 graphs=1087
[ZONE-RESET-AUDIT]   timing host/SCRATCH alloc_calls=36579 alloc_MB=5160.1 alloc_ms=7.343 free_calls=36579 free_ms=14.752 allocs_per_graph_max=741 allocs_per_graph_mean=33.7 graphs=1087
[ZONE-RESET-AUDIT]   timing host/SCRATCH alloc_calls=36579 alloc_MB=5160.1 alloc_ms=7.343 free_calls=36579 free_ms=14.752 allocs_per_graph_max=741 allocs_per_graph_mean=33.7 graphs=1087
[ZONE-RESET-AUDIT] ==== end inventory ====
[ZONE-RESET-AUDIT] ==== end inventory ====
[ZONE-RESET-AUDIT] ==== escape inventory (periodic) graphs=1151 ====
[ZONE-RESET-AUDIT] ==== escape inventory (periodic) graphs=1151 ====
[ZONE-RESET-AUDIT] site=device-zone-reset/ONEDNN:dev0 visits=3 visits_with_live=0 live_max=0 live_total=0 distinct_sizes=0 distinct_cohorts=0 graphs=[1..1]
[ZONE-RESET-AUDIT] site=device-zone-reset/ONEDNN:dev0 visits=3 visits_with_live=0 live_max=0 live_total=0 distinct_sizes=0 distinct_cohorts=0 graphs=[1..1]
[ZONE-RESET-AUDIT]   largest_free first=256.00 MB last=256.00 MB min=256.00 MB
[ZONE-RESET-AUDIT]   largest_free first=256.00 MB last=256.00 MB min=256.00 MB
[ZONE-RESET-AUDIT] site=device-zone-reset/SCRATCH:dev0 visits=1151 visits_with_live=0 live_max=0 live_total=0 distinct_sizes=0 distinct_cohorts=0 graphs=[0..1150]
[ZONE-RESET-AUDIT] site=device-zone-reset/SCRATCH:dev0 visits=1151 visits_with_live=0 live_max=0 live_total=0 distinct_sizes=0 distinct_cohorts=0 graphs=[0..1150]
[ZONE-RESET-AUDIT]   largest_free first=512.00 MB last=512.00 MB min=512.00 MB
[ZONE-RESET-AUDIT]   largest_free first=512.00 MB last=512.00 MB min=512.00 MB
[ZONE-RESET-AUDIT] site=host-zone-reset/SCRATCH visits=1150 visits_with_live=0 live_max=0 live_total=0 distinct_sizes=0 distinct_cohorts=0 graphs=[1..1150]
[ZONE-RESET-AUDIT] site=host-zone-reset/SCRATCH visits=1150 visits_with_live=0 live_max=0 live_total=0 distinct_sizes=0 distinct_cohorts=0 graphs=[1..1150]
[ZONE-RESET-AUDIT]   largest_free first=309.54 MB last=309.54 MB min=309.54 MB
[ZONE-RESET-AUDIT]   largest_free first=309.54 MB last=309.54 MB min=309.54 MB
[ZONE-RESET-AUDIT] site=host-zone-reset/STAGING visits=1151 visits_with_live=0 live_max=0 live_total=0 distinct_sizes=0 distinct_cohorts=0 graphs=[1..1151]
[ZONE-RESET-AUDIT] site=host-zone-reset/STAGING visits=1151 visits_with_live=0 live_max=0 live_total=0 distinct_sizes=0 distinct_cohorts=0 graphs=[1..1151]
[ZONE-RESET-AUDIT]   largest_free first=223.08 MB last=223.08 MB min=223.08 MB
[ZONE-RESET-AUDIT]   largest_free first=223.08 MB last=223.08 MB min=223.08 MB
[ZONE-RESET-AUDIT] site=scratch-pool-reset/bump:dev0 visits=1151 visits_with_live=0 live_max=0 live_total=0 distinct_sizes=0 distinct_cohorts=0 graphs=[1..1151]
[ZONE-RESET-AUDIT] site=scratch-pool-reset/bump:dev0 visits=1151 visits_with_live=0 live_max=0 live_total=0 distinct_sizes=0 distinct_cohorts=0 graphs=[1..1151]
[ZONE-RESET-AUDIT] site=weight-reclaim/load-boundary:dev0 visits=1 visits_with_live=0 live_max=0 live_total=0 distinct_sizes=0 distinct_cohorts=0 graphs=[0..0]
[ZONE-RESET-AUDIT] site=weight-reclaim/load-boundary:dev0 visits=1 visits_with_live=0 live_max=0 live_total=0 distinct_sizes=0 distinct_cohorts=0 graphs=[0..0]
[ZONE-RESET-AUDIT]   largest_free first=12820.00 MB last=12820.00 MB min=12820.00 MB
[ZONE-RESET-AUDIT]   largest_free first=12820.00 MB last=12820.00 MB min=12820.00 MB
[ZONE-RESET-AUDIT] site=weight-reclaim/mid-load-replan:dev0 visits=1 visits_with_live=0 live_max=0 live_total=0 distinct_sizes=0 distinct_cohorts=0 graphs=[0..0]
[ZONE-RESET-AUDIT] site=weight-reclaim/mid-load-replan:dev0 visits=1 visits_with_live=0 live_max=0 live_total=0 distinct_sizes=0 distinct_cohorts=0 graphs=[0..0]
[ZONE-RESET-AUDIT]   largest_free first=12820.00 MB last=12820.00 MB min=12820.00 MB
[ZONE-RESET-AUDIT]   largest_free first=12820.00 MB last=12820.00 MB min=12820.00 MB
[ZONE-RESET-AUDIT]   timing vram/kv alloc_calls=64 alloc_MB=96.0 alloc_ms=0.073 free_calls=32 free_ms=0.013 allocs_per_graph_max=32 allocs_per_graph_mean=0.1 graphs=1151
[ZONE-RESET-AUDIT]   timing vram/kv alloc_calls=64 alloc_MB=96.0 alloc_ms=0.073 free_calls=32 free_ms=0.013 allocs_per_graph_max=32 allocs_per_graph_mean=0.1 graphs=1151
[ZONE-RESET-AUDIT]   timing vram/weight alloc_calls=521 alloc_MB=8368.0 alloc_ms=0.399 free_calls=4 free_ms=0.004 allocs_per_graph_max=517 allocs_per_graph_mean=0.5 graphs=1151
[ZONE-RESET-AUDIT]   timing vram/weight alloc_calls=521 alloc_MB=8368.0 alloc_ms=0.399 free_calls=4 free_ms=0.004 allocs_per_graph_max=517 allocs_per_graph_mean=0.5 graphs=1151
[ZONE-RESET-AUDIT]   timing vram/onednn alloc_calls=6 alloc_MB=278.0 alloc_ms=0.002 free_calls=4 free_ms=0.002 allocs_per_graph_max=6 allocs_per_graph_mean=0.0 graphs=1151
[ZONE-RESET-AUDIT]   timing vram/onednn alloc_calls=6 alloc_MB=278.0 alloc_ms=0.002 free_calls=4 free_ms=0.002 allocs_per_graph_max=6 allocs_per_graph_mean=0.0 graphs=1151
[ZONE-RESET-AUDIT]   timing vram/runtime alloc_calls=1987 alloc_MB=2124.5 alloc_ms=0.765 free_calls=1985 free_ms=1.857 allocs_per_graph_max=65 allocs_per_graph_mean=1.7 graphs=1151
[ZONE-RESET-AUDIT]   timing vram/runtime alloc_calls=1987 alloc_MB=2124.5 alloc_ms=0.765 free_calls=1985 free_ms=1.857 allocs_per_graph_max=65 allocs_per_graph_mean=1.7 graphs=1151
[ZONE-RESET-AUDIT]   timing host/WEIGHT alloc_calls=36 alloc_MB=26.4 alloc_ms=0.025 free_calls=33 free_ms=0.037 allocs_per_graph_max=3 allocs_per_graph_mean=0.0 graphs=1151
[ZONE-RESET-AUDIT]   timing host/WEIGHT alloc_calls=36 alloc_MB=26.4 alloc_ms=0.025 free_calls=33 free_ms=0.037 allocs_per_graph_max=3 allocs_per_graph_mean=0.0 graphs=1151
[ZONE-RESET-AUDIT]   timing host/STAGING alloc_calls=3451 alloc_MB=102.6 alloc_ms=0.976 free_calls=3451 free_ms=2.117 allocs_per_graph_max=3 allocs_per_graph_mean=3.0 graphs=1151
[ZONE-RESET-AUDIT]   timing host/STAGING alloc_calls=3451 alloc_MB=102.6 alloc_ms=0.976 free_calls=3451 free_ms=2.117 allocs_per_graph_max=3 allocs_per_graph_mean=3.0 graphs=1151
[ZONE-RESET-AUDIT]   timing host/SCRATCH alloc_calls=38691 alloc_MB=5168.9 alloc_ms=7.659 free_calls=38691 free_ms=15.465 allocs_per_graph_max=741 allocs_per_graph_mean=33.6 graphs=1151
[ZONE-RESET-AUDIT]   timing host/SCRATCH alloc_calls=38691 alloc_MB=5168.9 alloc_ms=7.659 free_calls=38691 free_ms=15.465 allocs_per_graph_max=741 allocs_per_graph_mean=33.6 graphs=1151
[ZONE-RESET-AUDIT] ==== end inventory ====
[ZONE-RESET-AUDIT] ==== end inventory ====
set_n_threads: n_threads = 4, n_threads_batch = 4
[ZONE-RESET-AUDIT] ==== escape inventory (periodic) graphs=1215 ====
[ZONE-RESET-AUDIT] ==== escape inventory (periodic) graphs=1215 ====
[ZONE-RESET-AUDIT] site=device-zone-reset/ONEDNN:dev0 visits=3 visits_with_live=0 live_max=0 live_total=0 distinct_sizes=0 distinct_cohorts=0 graphs=[1..1]
[ZONE-RESET-AUDIT] site=device-zone-reset/ONEDNN:dev0 visits=3 visits_with_live=0 live_max=0 live_total=0 distinct_sizes=0 distinct_cohorts=0 graphs=[1..1]
[ZONE-RESET-AUDIT]   largest_free first=256.00 MB last=256.00 MB min=256.00 MB
[ZONE-RESET-AUDIT]   largest_free first=256.00 MB last=256.00 MB min=256.00 MB
[ZONE-RESET-AUDIT] site=device-zone-reset/SCRATCH:dev0 visits=1215 visits_with_live=0 live_max=0 live_total=0 distinct_sizes=0 distinct_cohorts=0 graphs=[0..1214]
[ZONE-RESET-AUDIT] site=device-zone-reset/SCRATCH:dev0 visits=1215 visits_with_live=0 live_max=0 live_total=0 distinct_sizes=0 distinct_cohorts=0 graphs=[0..1214]
[ZONE-RESET-AUDIT]   largest_free first=512.00 MB last=512.00 MB min=512.00 MB
[ZONE-RESET-AUDIT]   largest_free first=512.00 MB last=512.00 MB min=512.00 MB
[ZONE-RESET-AUDIT] site=host-zone-reset/SCRATCH visits=1214 visits_with_live=0 live_max=0 live_total=0 distinct_sizes=0 distinct_cohorts=0 graphs=[1..1214]
[ZONE-RESET-AUDIT] site=host-zone-reset/SCRATCH visits=1214 visits_with_live=0 live_max=0 live_total=0 distinct_sizes=0 distinct_cohorts=0 graphs=[1..1214]
[ZONE-RESET-AUDIT]   largest_free first=309.54 MB last=309.54 MB min=309.54 MB
[ZONE-RESET-AUDIT]   largest_free first=309.54 MB last=309.54 MB min=309.54 MB
[ZONE-RESET-AUDIT] site=host-zone-reset/STAGING visits=1215 visits_with_live=0 live_max=0 live_total=0 distinct_sizes=0 distinct_cohorts=0 graphs=[1..1215]
[ZONE-RESET-AUDIT] site=host-zone-reset/STAGING visits=1215 visits_with_live=0 live_max=0 live_total=0 distinct_sizes=0 distinct_cohorts=0 graphs=[1..1215]
[ZONE-RESET-AUDIT]   largest_free first=223.08 MB last=223.08 MB min=223.08 MB
[ZONE-RESET-AUDIT]   largest_free first=223.08 MB last=223.08 MB min=223.08 MB
[ZONE-RESET-AUDIT] site=scratch-pool-reset/bump:dev0 visits=1215 visits_with_live=0 live_max=0 live_total=0 distinct_sizes=0 distinct_cohorts=0 graphs=[1..1215]
[ZONE-RESET-AUDIT] site=scratch-pool-reset/bump:dev0 visits=1215 visits_with_live=0 live_max=0 live_total=0 distinct_sizes=0 distinct_cohorts=0 graphs=[1..1215]
[ZONE-RESET-AUDIT] site=weight-reclaim/load-boundary:dev0 visits=1 visits_with_live=0 live_max=0 live_total=0 distinct_sizes=0 distinct_cohorts=0 graphs=[0..0]
[ZONE-RESET-AUDIT] site=weight-reclaim/load-boundary:dev0 visits=1 visits_with_live=0 live_max=0 live_total=0 distinct_sizes=0 distinct_cohorts=0 graphs=[0..0]
[ZONE-RESET-AUDIT]   largest_free first=12820.00 MB last=12820.00 MB min=12820.00 MB
[ZONE-RESET-AUDIT]   largest_free first=12820.00 MB last=12820.00 MB min=12820.00 MB
[ZONE-RESET-AUDIT] site=weight-reclaim/mid-load-replan:dev0 visits=1 visits_with_live=0 live_max=0 live_total=0 distinct_sizes=0 distinct_cohorts=0 graphs=[0..0]
[ZONE-RESET-AUDIT] site=weight-reclaim/mid-load-replan:dev0 visits=1 visits_with_live=0 live_max=0 live_total=0 distinct_sizes=0 distinct_cohorts=0 graphs=[0..0]
[ZONE-RESET-AUDIT]   largest_free first=12820.00 MB last=12820.00 MB min=12820.00 MB
[ZONE-RESET-AUDIT]   largest_free first=12820.00 MB last=12820.00 MB min=12820.00 MB
[ZONE-RESET-AUDIT]   timing vram/kv alloc_calls=64 alloc_MB=96.0 alloc_ms=0.073 free_calls=32 free_ms=0.013 allocs_per_graph_max=32 allocs_per_graph_mean=0.1 graphs=1215
[ZONE-RESET-AUDIT]   timing vram/kv alloc_calls=64 alloc_MB=96.0 alloc_ms=0.073 free_calls=32 free_ms=0.013 allocs_per_graph_max=32 allocs_per_graph_mean=0.1 graphs=1215
[ZONE-RESET-AUDIT]   timing vram/weight alloc_calls=521 alloc_MB=8368.0 alloc_ms=0.399 free_calls=4 free_ms=0.004 allocs_per_graph_max=517 allocs_per_graph_mean=0.4 graphs=1215
[ZONE-RESET-AUDIT]   timing vram/weight alloc_calls=521 alloc_MB=8368.0 alloc_ms=0.399 free_calls=4 free_ms=0.004 allocs_per_graph_max=517 allocs_per_graph_mean=0.4 graphs=1215
[ZONE-RESET-AUDIT]   timing vram/onednn alloc_calls=6 alloc_MB=278.0 alloc_ms=0.002 free_calls=4 free_ms=0.002 allocs_per_graph_max=6 allocs_per_graph_mean=0.0 graphs=1215
[ZONE-RESET-AUDIT]   timing vram/onednn alloc_calls=6 alloc_MB=278.0 alloc_ms=0.002 free_calls=4 free_ms=0.002 allocs_per_graph_max=6 allocs_per_graph_mean=0.0 graphs=1215
[ZONE-RESET-AUDIT]   timing vram/runtime alloc_calls=1987 alloc_MB=2124.5 alloc_ms=0.765 free_calls=1985 free_ms=1.857 allocs_per_graph_max=65 allocs_per_graph_mean=1.6 graphs=1215
[ZONE-RESET-AUDIT]   timing vram/runtime alloc_calls=1987 alloc_MB=2124.5 alloc_ms=0.765 free_calls=1985 free_ms=1.857 allocs_per_graph_max=65 allocs_per_graph_mean=1.6 graphs=1215
[ZONE-RESET-AUDIT]   timing host/WEIGHT alloc_calls=36 alloc_MB=26.4 alloc_ms=0.025 free_calls=33 free_ms=0.037 allocs_per_graph_max=3 allocs_per_graph_mean=0.0 graphs=1215
[ZONE-RESET-AUDIT]   timing host/WEIGHT alloc_calls=36 alloc_MB=26.4 alloc_ms=0.025 free_calls=33 free_ms=0.037 allocs_per_graph_max=3 allocs_per_graph_mean=0.0 graphs=1215
[ZONE-RESET-AUDIT]   timing host/STAGING alloc_calls=3643 alloc_MB=102.6 alloc_ms=1.033 free_calls=3643 free_ms=2.231 allocs_per_graph_max=3 allocs_per_graph_mean=3.0 graphs=1215
[ZONE-RESET-AUDIT]   timing host/STAGING alloc_calls=3643 alloc_MB=102.6 alloc_ms=1.033 free_calls=3643 free_ms=2.231 allocs_per_graph_max=3 allocs_per_graph_mean=3.0 graphs=1215
[ZONE-RESET-AUDIT]   timing host/SCRATCH alloc_calls=40803 alloc_MB=5177.7 alloc_ms=7.995 free_calls=40803 free_ms=16.340 allocs_per_graph_max=741 allocs_per_graph_mean=33.6 graphs=1215
[ZONE-RESET-AUDIT]   timing host/SCRATCH alloc_calls=40803 alloc_MB=5177.7 alloc_ms=7.995 free_calls=40803 free_ms=16.340 allocs_per_graph_max=741 allocs_per_graph_mean=33.6 graphs=1215
[ZONE-RESET-AUDIT] ==== end inventory ====
[ZONE-RESET-AUDIT] ==== end inventory ====
[ZONE-RESET-AUDIT] ==== escape inventory (periodic) graphs=1279 ====
[ZONE-RESET-AUDIT] ==== escape inventory (periodic) graphs=1279 ====
[ZONE-RESET-AUDIT] site=device-zone-reset/ONEDNN:dev0 visits=3 visits_with_live=0 live_max=0 live_total=0 distinct_sizes=0 distinct_cohorts=0 graphs=[1..1]
[ZONE-RESET-AUDIT] site=device-zone-reset/ONEDNN:dev0 visits=3 visits_with_live=0 live_max=0 live_total=0 distinct_sizes=0 distinct_cohorts=0 graphs=[1..1]
[ZONE-RESET-AUDIT]   largest_free first=256.00 MB last=256.00 MB min=256.00 MB
[ZONE-RESET-AUDIT]   largest_free first=256.00 MB last=256.00 MB min=256.00 MB
[ZONE-RESET-AUDIT] site=device-zone-reset/SCRATCH:dev0 visits=1279 visits_with_live=0 live_max=0 live_total=0 distinct_sizes=0 distinct_cohorts=0 graphs=[0..1278]
[ZONE-RESET-AUDIT] site=device-zone-reset/SCRATCH:dev0 visits=1279 visits_with_live=0 live_max=0 live_total=0 distinct_sizes=0 distinct_cohorts=0 graphs=[0..1278]
[ZONE-RESET-AUDIT]   largest_free first=512.00 MB last=512.00 MB min=512.00 MB
[ZONE-RESET-AUDIT]   largest_free first=512.00 MB last=512.00 MB min=512.00 MB
[ZONE-RESET-AUDIT] site=host-zone-reset/SCRATCH visits=1278 visits_with_live=0 live_max=0 live_total=0 distinct_sizes=0 distinct_cohorts=0 graphs=[1..1278]
[ZONE-RESET-AUDIT] site=host-zone-reset/SCRATCH visits=1278 visits_with_live=0 live_max=0 live_total=0 distinct_sizes=0 distinct_cohorts=0 graphs=[1..1278]
[ZONE-RESET-AUDIT]   largest_free first=309.54 MB last=309.54 MB min=309.54 MB
[ZONE-RESET-AUDIT]   largest_free first=309.54 MB last=309.54 MB min=309.54 MB
[ZONE-RESET-AUDIT] site=host-zone-reset/STAGING visits=1279 visits_with_live=0 live_max=0 live_total=0 distinct_sizes=0 distinct_cohorts=0 graphs=[1..1279]
[ZONE-RESET-AUDIT] site=host-zone-reset/STAGING visits=1279 visits_with_live=0 live_max=0 live_total=0 distinct_sizes=0 distinct_cohorts=0 graphs=[1..1279]
[ZONE-RESET-AUDIT]   largest_free first=223.08 MB last=223.08 MB min=223.08 MB
[ZONE-RESET-AUDIT]   largest_free first=223.08 MB last=223.08 MB min=223.08 MB
[ZONE-RESET-AUDIT] site=scratch-pool-reset/bump:dev0 visits=1279 visits_with_live=0 live_max=0 live_total=0 distinct_sizes=0 distinct_cohorts=0 graphs=[1..1279]
[ZONE-RESET-AUDIT] site=scratch-pool-reset/bump:dev0 visits=1279 visits_with_live=0 live_max=0 live_total=0 distinct_sizes=0 distinct_cohorts=0 graphs=[1..1279]
[ZONE-RESET-AUDIT] site=weight-reclaim/load-boundary:dev0 visits=1 visits_with_live=0 live_max=0 live_total=0 distinct_sizes=0 distinct_cohorts=0 graphs=[0..0]
[ZONE-RESET-AUDIT] site=weight-reclaim/load-boundary:dev0 visits=1 visits_with_live=0 live_max=0 live_total=0 distinct_sizes=0 distinct_cohorts=0 graphs=[0..0]
[ZONE-RESET-AUDIT]   largest_free first=12820.00 MB last=12820.00 MB min=12820.00 MB
[ZONE-RESET-AUDIT]   largest_free first=12820.00 MB last=12820.00 MB min=12820.00 MB
[ZONE-RESET-AUDIT] site=weight-reclaim/mid-load-replan:dev0 visits=1 visits_with_live=0 live_max=0 live_total=0 distinct_sizes=0 distinct_cohorts=0 graphs=[0..0]
[ZONE-RESET-AUDIT] site=weight-reclaim/mid-load-replan:dev0 visits=1 visits_with_live=0 live_max=0 live_total=0 distinct_sizes=0 distinct_cohorts=0 graphs=[0..0]
[ZONE-RESET-AUDIT]   largest_free first=12820.00 MB last=12820.00 MB min=12820.00 MB
[ZONE-RESET-AUDIT]   largest_free first=12820.00 MB last=12820.00 MB min=12820.00 MB
[ZONE-RESET-AUDIT]   timing vram/kv alloc_calls=64 alloc_MB=96.0 alloc_ms=0.073 free_calls=32 free_ms=0.013 allocs_per_graph_max=32 allocs_per_graph_mean=0.1 graphs=1279
[ZONE-RESET-AUDIT]   timing vram/kv alloc_calls=64 alloc_MB=96.0 alloc_ms=0.073 free_calls=32 free_ms=0.013 allocs_per_graph_max=32 allocs_per_graph_mean=0.1 graphs=1279
[ZONE-RESET-AUDIT]   timing vram/weight alloc_calls=521 alloc_MB=8368.0 alloc_ms=0.399 free_calls=4 free_ms=0.004 allocs_per_graph_max=517 allocs_per_graph_mean=0.4 graphs=1279
[ZONE-RESET-AUDIT]   timing vram/weight alloc_calls=521 alloc_MB=8368.0 alloc_ms=0.399 free_calls=4 free_ms=0.004 allocs_per_graph_max=517 allocs_per_graph_mean=0.4 graphs=1279
[ZONE-RESET-AUDIT]   timing vram/onednn alloc_calls=6 alloc_MB=278.0 alloc_ms=0.002 free_calls=4 free_ms=0.002 allocs_per_graph_max=6 allocs_per_graph_mean=0.0 graphs=1279
[ZONE-RESET-AUDIT]   timing vram/onednn alloc_calls=6 alloc_MB=278.0 alloc_ms=0.002 free_calls=4 free_ms=0.002 allocs_per_graph_max=6 allocs_per_graph_mean=0.0 graphs=1279
[ZONE-RESET-AUDIT]   timing vram/runtime alloc_calls=1987 alloc_MB=2124.5 alloc_ms=0.765 free_calls=1985 free_ms=1.857 allocs_per_graph_max=65 allocs_per_graph_mean=1.6 graphs=1279
[ZONE-RESET-AUDIT]   timing vram/runtime alloc_calls=1987 alloc_MB=2124.5 alloc_ms=0.765 free_calls=1985 free_ms=1.857 allocs_per_graph_max=65 allocs_per_graph_mean=1.6 graphs=1279
[ZONE-RESET-AUDIT]   timing host/WEIGHT alloc_calls=36 alloc_MB=26.4 alloc_ms=0.025 free_calls=33 free_ms=0.037 allocs_per_graph_max=3 allocs_per_graph_mean=0.0 graphs=1279
[ZONE-RESET-AUDIT]   timing host/WEIGHT alloc_calls=36 alloc_MB=26.4 alloc_ms=0.025 free_calls=33 free_ms=0.037 allocs_per_graph_max=3 allocs_per_graph_mean=0.0 graphs=1279
[ZONE-RESET-AUDIT]   timing host/STAGING alloc_calls=3835 alloc_MB=102.6 alloc_ms=1.081 free_calls=3835 free_ms=2.359 allocs_per_graph_max=3 allocs_per_graph_mean=3.0 graphs=1279
[ZONE-RESET-AUDIT]   timing host/STAGING alloc_calls=3835 alloc_MB=102.6 alloc_ms=1.081 free_calls=3835 free_ms=2.359 allocs_per_graph_max=3 allocs_per_graph_mean=3.0 graphs=1279
[ZONE-RESET-AUDIT]   timing host/SCRATCH alloc_calls=42915 alloc_MB=5186.5 alloc_ms=8.314 free_calls=42915 free_ms=17.084 allocs_per_graph_max=741 allocs_per_graph_mean=33.6 graphs=1279
[ZONE-RESET-AUDIT]   timing host/SCRATCH alloc_calls=42915 alloc_MB=5186.5 alloc_ms=8.314 free_calls=42915 free_ms=17.084 allocs_per_graph_max=741 allocs_per_graph_mean=33.6 graphs=1279
[ZONE-RESET-AUDIT] ==== end inventory ====
[ZONE-RESET-AUDIT] ==== end inventory ====
set_n_threads: n_threads = 4, n_threads_batch = 4
[ZONE-RESET-AUDIT] ==== escape inventory (periodic) graphs=1343 ====
[ZONE-RESET-AUDIT] ==== escape inventory (periodic) graphs=1343 ====
[ZONE-RESET-AUDIT] site=device-zone-reset/ONEDNN:dev0 visits=3 visits_with_live=0 live_max=0 live_total=0 distinct_sizes=0 distinct_cohorts=0 graphs=[1..1]
[ZONE-RESET-AUDIT] site=device-zone-reset/ONEDNN:dev0 visits=3 visits_with_live=0 live_max=0 live_total=0 distinct_sizes=0 distinct_cohorts=0 graphs=[1..1]
[ZONE-RESET-AUDIT]   largest_free first=256.00 MB last=256.00 MB min=256.00 MB
[ZONE-RESET-AUDIT]   largest_free first=256.00 MB last=256.00 MB min=256.00 MB
[ZONE-RESET-AUDIT] site=device-zone-reset/SCRATCH:dev0 visits=1343 visits_with_live=0 live_max=0 live_total=0 distinct_sizes=0 distinct_cohorts=0 graphs=[0..1342]
[ZONE-RESET-AUDIT] site=device-zone-reset/SCRATCH:dev0 visits=1343 visits_with_live=0 live_max=0 live_total=0 distinct_sizes=0 distinct_cohorts=0 graphs=[0..1342]
[ZONE-RESET-AUDIT]   largest_free first=512.00 MB last=512.00 MB min=512.00 MB
[ZONE-RESET-AUDIT]   largest_free first=512.00 MB last=512.00 MB min=512.00 MB
[ZONE-RESET-AUDIT] site=host-zone-reset/SCRATCH visits=1342 visits_with_live=0 live_max=0 live_total=0 distinct_sizes=0 distinct_cohorts=0 graphs=[1..1342]
[ZONE-RESET-AUDIT] site=host-zone-reset/SCRATCH visits=1342 visits_with_live=0 live_max=0 live_total=0 distinct_sizes=0 distinct_cohorts=0 graphs=[1..1342]
[ZONE-RESET-AUDIT]   largest_free first=309.54 MB last=309.54 MB min=309.54 MB
[ZONE-RESET-AUDIT]   largest_free first=309.54 MB last=309.54 MB min=309.54 MB
[ZONE-RESET-AUDIT] site=host-zone-reset/STAGING visits=1343 visits_with_live=0 live_max=0 live_total=0 distinct_sizes=0 distinct_cohorts=0 graphs=[1..1343]
[ZONE-RESET-AUDIT] site=host-zone-reset/STAGING visits=1343 visits_with_live=0 live_max=0 live_total=0 distinct_sizes=0 distinct_cohorts=0 graphs=[1..1343]
[ZONE-RESET-AUDIT]   largest_free first=223.08 MB last=223.08 MB min=223.08 MB
[ZONE-RESET-AUDIT]   largest_free first=223.08 MB last=223.08 MB min=223.08 MB
[ZONE-RESET-AUDIT] site=scratch-pool-reset/bump:dev0 visits=1343 visits_with_live=0 live_max=0 live_total=0 distinct_sizes=0 distinct_cohorts=0 graphs=[1..1343]
[ZONE-RESET-AUDIT] site=scratch-pool-reset/bump:dev0 visits=1343 visits_with_live=0 live_max=0 live_total=0 distinct_sizes=0 distinct_cohorts=0 graphs=[1..1343]
[ZONE-RESET-AUDIT] site=weight-reclaim/load-boundary:dev0 visits=1 visits_with_live=0 live_max=0 live_total=0 distinct_sizes=0 distinct_cohorts=0 graphs=[0..0]
[ZONE-RESET-AUDIT] site=weight-reclaim/load-boundary:dev0 visits=1 visits_with_live=0 live_max=0 live_total=0 distinct_sizes=0 distinct_cohorts=0 graphs=[0..0]
[ZONE-RESET-AUDIT]   largest_free first=12820.00 MB last=12820.00 MB min=12820.00 MB
[ZONE-RESET-AUDIT]   largest_free first=12820.00 MB last=12820.00 MB min=12820.00 MB
[ZONE-RESET-AUDIT] site=weight-reclaim/mid-load-replan:dev0 visits=1 visits_with_live=0 live_max=0 live_total=0 distinct_sizes=0 distinct_cohorts=0 graphs=[0..0]
[ZONE-RESET-AUDIT] site=weight-reclaim/mid-load-replan:dev0 visits=1 visits_with_live=0 live_max=0 live_total=0 distinct_sizes=0 distinct_cohorts=0 graphs=[0..0]
[ZONE-RESET-AUDIT]   largest_free first=12820.00 MB last=12820.00 MB min=12820.00 MB
[ZONE-RESET-AUDIT]   largest_free first=12820.00 MB last=12820.00 MB min=12820.00 MB
[ZONE-RESET-AUDIT]   timing vram/kv alloc_calls=64 alloc_MB=96.0 alloc_ms=0.073 free_calls=32 free_ms=0.013 allocs_per_graph_max=32 allocs_per_graph_mean=0.0 graphs=1343
[ZONE-RESET-AUDIT]   timing vram/kv alloc_calls=64 alloc_MB=96.0 alloc_ms=0.073 free_calls=32 free_ms=0.013 allocs_per_graph_max=32 allocs_per_graph_mean=0.0 graphs=1343
[ZONE-RESET-AUDIT]   timing vram/weight alloc_calls=521 alloc_MB=8368.0 alloc_ms=0.399 free_calls=4 free_ms=0.004 allocs_per_graph_max=517 allocs_per_graph_mean=0.4 graphs=1343
[ZONE-RESET-AUDIT]   timing vram/weight alloc_calls=521 alloc_MB=8368.0 alloc_ms=0.399 free_calls=4 free_ms=0.004 allocs_per_graph_max=517 allocs_per_graph_mean=0.4 graphs=1343
[ZONE-RESET-AUDIT]   timing vram/onednn alloc_calls=6 alloc_MB=278.0 alloc_ms=0.002 free_calls=4 free_ms=0.002 allocs_per_graph_max=6 allocs_per_graph_mean=0.0 graphs=1343
[ZONE-RESET-AUDIT]   timing vram/onednn alloc_calls=6 alloc_MB=278.0 alloc_ms=0.002 free_calls=4 free_ms=0.002 allocs_per_graph_max=6 allocs_per_graph_mean=0.0 graphs=1343
[ZONE-RESET-AUDIT]   timing vram/runtime alloc_calls=1987 alloc_MB=2124.5 alloc_ms=0.765 free_calls=1985 free_ms=1.857 allocs_per_graph_max=65 allocs_per_graph_mean=1.5 graphs=1343
[ZONE-RESET-AUDIT]   timing vram/runtime alloc_calls=1987 alloc_MB=2124.5 alloc_ms=0.765 free_calls=1985 free_ms=1.857 allocs_per_graph_max=65 allocs_per_graph_mean=1.5 graphs=1343
[ZONE-RESET-AUDIT]   timing host/WEIGHT alloc_calls=36 alloc_MB=26.4 alloc_ms=0.025 free_calls=33 free_ms=0.037 allocs_per_graph_max=3 allocs_per_graph_mean=0.0 graphs=1343
[ZONE-RESET-AUDIT]   timing host/WEIGHT alloc_calls=36 alloc_MB=26.4 alloc_ms=0.025 free_calls=33 free_ms=0.037 allocs_per_graph_max=3 allocs_per_graph_mean=0.0 graphs=1343
[ZONE-RESET-AUDIT]   timing host/STAGING alloc_calls=4027 alloc_MB=102.6 alloc_ms=1.130 free_calls=4027 free_ms=2.484 allocs_per_graph_max=3 allocs_per_graph_mean=3.0 graphs=1343
[ZONE-RESET-AUDIT]   timing host/STAGING alloc_calls=4027 alloc_MB=102.6 alloc_ms=1.130 free_calls=4027 free_ms=2.484 allocs_per_graph_max=3 allocs_per_graph_mean=3.0 graphs=1343
[ZONE-RESET-AUDIT]   timing host/SCRATCH alloc_calls=45027 alloc_MB=5195.3 alloc_ms=8.645 free_calls=45027 free_ms=17.852 allocs_per_graph_max=741 allocs_per_graph_mean=33.5 graphs=1343
[ZONE-RESET-AUDIT]   timing host/SCRATCH alloc_calls=45027 alloc_MB=5195.3 alloc_ms=8.645 free_calls=45027 free_ms=17.852 allocs_per_graph_max=741 allocs_per_graph_mean=33.5 graphs=1343
[ZONE-RESET-AUDIT] ==== end inventory ====
[ZONE-RESET-AUDIT] ==== end inventory ====
[ZONE-RESET-AUDIT] ==== escape inventory (periodic) graphs=1407 ====
[ZONE-RESET-AUDIT] ==== escape inventory (periodic) graphs=1407 ====
[ZONE-RESET-AUDIT] site=device-zone-reset/ONEDNN:dev0 visits=3 visits_with_live=0 live_max=0 live_total=0 distinct_sizes=0 distinct_cohorts=0 graphs=[1..1]
[ZONE-RESET-AUDIT] site=device-zone-reset/ONEDNN:dev0 visits=3 visits_with_live=0 live_max=0 live_total=0 distinct_sizes=0 distinct_cohorts=0 graphs=[1..1]
[ZONE-RESET-AUDIT]   largest_free first=256.00 MB last=256.00 MB min=256.00 MB
[ZONE-RESET-AUDIT]   largest_free first=256.00 MB last=256.00 MB min=256.00 MB
[ZONE-RESET-AUDIT] site=device-zone-reset/SCRATCH:dev0 visits=1407 visits_with_live=0 live_max=0 live_total=0 distinct_sizes=0 distinct_cohorts=0 graphs=[0..1406]
[ZONE-RESET-AUDIT] site=device-zone-reset/SCRATCH:dev0 visits=1407 visits_with_live=0 live_max=0 live_total=0 distinct_sizes=0 distinct_cohorts=0 graphs=[0..1406]
[ZONE-RESET-AUDIT]   largest_free first=512.00 MB last=512.00 MB min=512.00 MB
[ZONE-RESET-AUDIT]   largest_free first=512.00 MB last=512.00 MB min=512.00 MB
[ZONE-RESET-AUDIT] site=host-zone-reset/SCRATCH visits=1406 visits_with_live=0 live_max=0 live_total=0 distinct_sizes=0 distinct_cohorts=0 graphs=[1..1406]
[ZONE-RESET-AUDIT] site=host-zone-reset/SCRATCH visits=1406 visits_with_live=0 live_max=0 live_total=0 distinct_sizes=0 distinct_cohorts=0 graphs=[1..1406]
[ZONE-RESET-AUDIT]   largest_free first=309.54 MB last=309.54 MB min=309.54 MB
[ZONE-RESET-AUDIT]   largest_free first=309.54 MB last=309.54 MB min=309.54 MB
[ZONE-RESET-AUDIT] site=host-zone-reset/STAGING visits=1407 visits_with_live=0 live_max=0 live_total=0 distinct_sizes=0 distinct_cohorts=0 graphs=[1..1407]
[ZONE-RESET-AUDIT] site=host-zone-reset/STAGING visits=1407 visits_with_live=0 live_max=0 live_total=0 distinct_sizes=0 distinct_cohorts=0 graphs=[1..1407]
[ZONE-RESET-AUDIT]   largest_free first=223.08 MB last=223.08 MB min=223.08 MB
[ZONE-RESET-AUDIT]   largest_free first=223.08 MB last=223.08 MB min=223.08 MB
[ZONE-RESET-AUDIT] site=scratch-pool-reset/bump:dev0 visits=1407 visits_with_live=0 live_max=0 live_total=0 distinct_sizes=0 distinct_cohorts=0 graphs=[1..1407]
[ZONE-RESET-AUDIT] site=scratch-pool-reset/bump:dev0 visits=1407 visits_with_live=0 live_max=0 live_total=0 distinct_sizes=0 distinct_cohorts=0 graphs=[1..1407]
[ZONE-RESET-AUDIT] site=weight-reclaim/load-boundary:dev0 visits=1 visits_with_live=0 live_max=0 live_total=0 distinct_sizes=0 distinct_cohorts=0 graphs=[0..0]
[ZONE-RESET-AUDIT] site=weight-reclaim/load-boundary:dev0 visits=1 visits_with_live=0 live_max=0 live_total=0 distinct_sizes=0 distinct_cohorts=0 graphs=[0..0]
[ZONE-RESET-AUDIT]   largest_free first=12820.00 MB last=12820.00 MB min=12820.00 MB
[ZONE-RESET-AUDIT]   largest_free first=12820.00 MB last=12820.00 MB min=12820.00 MB
[ZONE-RESET-AUDIT] site=weight-reclaim/mid-load-replan:dev0 visits=1 visits_with_live=0 live_max=0 live_total=0 distinct_sizes=0 distinct_cohorts=0 graphs=[0..0]
[ZONE-RESET-AUDIT] site=weight-reclaim/mid-load-replan:dev0 visits=1 visits_with_live=0 live_max=0 live_total=0 distinct_sizes=0 distinct_cohorts=0 graphs=[0..0]
[ZONE-RESET-AUDIT]   largest_free first=12820.00 MB last=12820.00 MB min=12820.00 MB
[ZONE-RESET-AUDIT]   largest_free first=12820.00 MB last=12820.00 MB min=12820.00 MB
[ZONE-RESET-AUDIT]   timing vram/kv alloc_calls=64 alloc_MB=96.0 alloc_ms=0.073 free_calls=32 free_ms=0.013 allocs_per_graph_max=32 allocs_per_graph_mean=0.0 graphs=1407
[ZONE-RESET-AUDIT]   timing vram/kv alloc_calls=64 alloc_MB=96.0 alloc_ms=0.073 free_calls=32 free_ms=0.013 allocs_per_graph_max=32 allocs_per_graph_mean=0.0 graphs=1407
[ZONE-RESET-AUDIT]   timing vram/weight alloc_calls=521 alloc_MB=8368.0 alloc_ms=0.399 free_calls=4 free_ms=0.004 allocs_per_graph_max=517 allocs_per_graph_mean=0.4 graphs=1407
[ZONE-RESET-AUDIT]   timing vram/weight alloc_calls=521 alloc_MB=8368.0 alloc_ms=0.399 free_calls=4 free_ms=0.004 allocs_per_graph_max=517 allocs_per_graph_mean=0.4 graphs=1407
[ZONE-RESET-AUDIT]   timing vram/onednn alloc_calls=6 alloc_MB=278.0 alloc_ms=0.002 free_calls=4 free_ms=0.002 allocs_per_graph_max=6 allocs_per_graph_mean=0.0 graphs=1407
[ZONE-RESET-AUDIT]   timing vram/onednn alloc_calls=6 alloc_MB=278.0 alloc_ms=0.002 free_calls=4 free_ms=0.002 allocs_per_graph_max=6 allocs_per_graph_mean=0.0 graphs=1407
[ZONE-RESET-AUDIT]   timing vram/runtime alloc_calls=1987 alloc_MB=2124.5 alloc_ms=0.765 free_calls=1985 free_ms=1.857 allocs_per_graph_max=65 allocs_per_graph_mean=1.4 graphs=1407
[ZONE-RESET-AUDIT]   timing vram/runtime alloc_calls=1987 alloc_MB=2124.5 alloc_ms=0.765 free_calls=1985 free_ms=1.857 allocs_per_graph_max=65 allocs_per_graph_mean=1.4 graphs=1407
[ZONE-RESET-AUDIT]   timing host/WEIGHT alloc_calls=36 alloc_MB=26.4 alloc_ms=0.025 free_calls=33 free_ms=0.037 allocs_per_graph_max=3 allocs_per_graph_mean=0.0 graphs=1407
[ZONE-RESET-AUDIT]   timing host/WEIGHT alloc_calls=36 alloc_MB=26.4 alloc_ms=0.025 free_calls=33 free_ms=0.037 allocs_per_graph_max=3 allocs_per_graph_mean=0.0 graphs=1407
[ZONE-RESET-AUDIT]   timing host/STAGING alloc_calls=4219 alloc_MB=102.6 alloc_ms=1.187 free_calls=4219 free_ms=2.600 allocs_per_graph_max=3 allocs_per_graph_mean=3.0 graphs=1407
[ZONE-RESET-AUDIT]   timing host/STAGING alloc_calls=4219 alloc_MB=102.6 alloc_ms=1.187 free_calls=4219 free_ms=2.600 allocs_per_graph_max=3 allocs_per_graph_mean=3.0 graphs=1407
[ZONE-RESET-AUDIT]   timing host/SCRATCH alloc_calls=47139 alloc_MB=5204.2 alloc_ms=8.987 free_calls=47139 free_ms=18.625 allocs_per_graph_max=741 allocs_per_graph_mean=33.5 graphs=1407
[ZONE-RESET-AUDIT]   timing host/SCRATCH alloc_calls=47139 alloc_MB=5204.2 alloc_ms=8.987 free_calls=47139 free_ms=18.625 allocs_per_graph_max=741 allocs_per_graph_mean=33.5 graphs=1407
[ZONE-RESET-AUDIT] ==== end inventory ====
[ZONE-RESET-AUDIT] ==== end inventory ====
set_n_threads: n_threads = 4, n_threads_batch = 4
[ZONE-RESET-AUDIT] ==== escape inventory (periodic) graphs=1471 ====
[ZONE-RESET-AUDIT] ==== escape inventory (periodic) graphs=1471 ====
[ZONE-RESET-AUDIT] site=device-zone-reset/ONEDNN:dev0 visits=3 visits_with_live=0 live_max=0 live_total=0 distinct_sizes=0 distinct_cohorts=0 graphs=[1..1]
[ZONE-RESET-AUDIT] site=device-zone-reset/ONEDNN:dev0 visits=3 visits_with_live=0 live_max=0 live_total=0 distinct_sizes=0 distinct_cohorts=0 graphs=[1..1]
[ZONE-RESET-AUDIT]   largest_free first=256.00 MB last=256.00 MB min=256.00 MB
[ZONE-RESET-AUDIT]   largest_free first=256.00 MB last=256.00 MB min=256.00 MB
[ZONE-RESET-AUDIT] site=device-zone-reset/SCRATCH:dev0 visits=1471 visits_with_live=0 live_max=0 live_total=0 distinct_sizes=0 distinct_cohorts=0 graphs=[0..1470]
[ZONE-RESET-AUDIT] site=device-zone-reset/SCRATCH:dev0 visits=1471 visits_with_live=0 live_max=0 live_total=0 distinct_sizes=0 distinct_cohorts=0 graphs=[0..1470]
[ZONE-RESET-AUDIT]   largest_free first=512.00 MB last=512.00 MB min=512.00 MB
[ZONE-RESET-AUDIT]   largest_free first=512.00 MB last=512.00 MB min=512.00 MB
[ZONE-RESET-AUDIT] site=host-zone-reset/SCRATCH visits=1470 visits_with_live=0 live_max=0 live_total=0 distinct_sizes=0 distinct_cohorts=0 graphs=[1..1470]
[ZONE-RESET-AUDIT] site=host-zone-reset/SCRATCH visits=1470 visits_with_live=0 live_max=0 live_total=0 distinct_sizes=0 distinct_cohorts=0 graphs=[1..1470]
[ZONE-RESET-AUDIT]   largest_free first=309.54 MB last=309.54 MB min=309.54 MB
[ZONE-RESET-AUDIT]   largest_free first=309.54 MB last=309.54 MB min=309.54 MB
[ZONE-RESET-AUDIT] site=host-zone-reset/STAGING visits=1471 visits_with_live=0 live_max=0 live_total=0 distinct_sizes=0 distinct_cohorts=0 graphs=[1..1471]
[ZONE-RESET-AUDIT] site=host-zone-reset/STAGING visits=1471 visits_with_live=0 live_max=0 live_total=0 distinct_sizes=0 distinct_cohorts=0 graphs=[1..1471]
[ZONE-RESET-AUDIT]   largest_free first=223.08 MB last=223.08 MB min=223.08 MB
[ZONE-RESET-AUDIT]   largest_free first=223.08 MB last=223.08 MB min=223.08 MB
[ZONE-RESET-AUDIT] site=scratch-pool-reset/bump:dev0 visits=1471 visits_with_live=0 live_max=0 live_total=0 distinct_sizes=0 distinct_cohorts=0 graphs=[1..1471]
[ZONE-RESET-AUDIT] site=scratch-pool-reset/bump:dev0 visits=1471 visits_with_live=0 live_max=0 live_total=0 distinct_sizes=0 distinct_cohorts=0 graphs=[1..1471]
[ZONE-RESET-AUDIT] site=weight-reclaim/load-boundary:dev0 visits=1 visits_with_live=0 live_max=0 live_total=0 distinct_sizes=0 distinct_cohorts=0 graphs=[0..0]
[ZONE-RESET-AUDIT] site=weight-reclaim/load-boundary:dev0 visits=1 visits_with_live=0 live_max=0 live_total=0 distinct_sizes=0 distinct_cohorts=0 graphs=[0..0]
[ZONE-RESET-AUDIT]   largest_free first=12820.00 MB last=12820.00 MB min=12820.00 MB
[ZONE-RESET-AUDIT]   largest_free first=12820.00 MB last=12820.00 MB min=12820.00 MB
[ZONE-RESET-AUDIT] site=weight-reclaim/mid-load-replan:dev0 visits=1 visits_with_live=0 live_max=0 live_total=0 distinct_sizes=0 distinct_cohorts=0 graphs=[0..0]
[ZONE-RESET-AUDIT] site=weight-reclaim/mid-load-replan:dev0 visits=1 visits_with_live=0 live_max=0 live_total=0 distinct_sizes=0 distinct_cohorts=0 graphs=[0..0]
[ZONE-RESET-AUDIT]   largest_free first=12820.00 MB last=12820.00 MB min=12820.00 MB
[ZONE-RESET-AUDIT]   largest_free first=12820.00 MB last=12820.00 MB min=12820.00 MB
[ZONE-RESET-AUDIT]   timing vram/kv alloc_calls=64 alloc_MB=96.0 alloc_ms=0.073 free_calls=32 free_ms=0.013 allocs_per_graph_max=32 allocs_per_graph_mean=0.0 graphs=1471
[ZONE-RESET-AUDIT]   timing vram/kv alloc_calls=64 alloc_MB=96.0 alloc_ms=0.073 free_calls=32 free_ms=0.013 allocs_per_graph_max=32 allocs_per_graph_mean=0.0 graphs=1471
[ZONE-RESET-AUDIT]   timing vram/weight alloc_calls=521 alloc_MB=8368.0 alloc_ms=0.399 free_calls=4 free_ms=0.004 allocs_per_graph_max=517 allocs_per_graph_mean=0.4 graphs=1471
[ZONE-RESET-AUDIT]   timing vram/weight alloc_calls=521 alloc_MB=8368.0 alloc_ms=0.399 free_calls=4 free_ms=0.004 allocs_per_graph_max=517 allocs_per_graph_mean=0.4 graphs=1471
[ZONE-RESET-AUDIT]   timing vram/onednn alloc_calls=6 alloc_MB=278.0 alloc_ms=0.002 free_calls=4 free_ms=0.002 allocs_per_graph_max=6 allocs_per_graph_mean=0.0 graphs=1471
[ZONE-RESET-AUDIT]   timing vram/onednn alloc_calls=6 alloc_MB=278.0 alloc_ms=0.002 free_calls=4 free_ms=0.002 allocs_per_graph_max=6 allocs_per_graph_mean=0.0 graphs=1471
[ZONE-RESET-AUDIT]   timing vram/runtime alloc_calls=1987 alloc_MB=2124.5 alloc_ms=0.765 free_calls=1985 free_ms=1.857 allocs_per_graph_max=65 allocs_per_graph_mean=1.4 graphs=1471
[ZONE-RESET-AUDIT]   timing vram/runtime alloc_calls=1987 alloc_MB=2124.5 alloc_ms=0.765 free_calls=1985 free_ms=1.857 allocs_per_graph_max=65 allocs_per_graph_mean=1.4 graphs=1471
[ZONE-RESET-AUDIT]   timing host/WEIGHT alloc_calls=36 alloc_MB=26.4 alloc_ms=0.025 free_calls=33 free_ms=0.037 allocs_per_graph_max=3 allocs_per_graph_mean=0.0 graphs=1471
[ZONE-RESET-AUDIT]   timing host/WEIGHT alloc_calls=36 alloc_MB=26.4 alloc_ms=0.025 free_calls=33 free_ms=0.037 allocs_per_graph_max=3 allocs_per_graph_mean=0.0 graphs=1471
[ZONE-RESET-AUDIT]   timing host/STAGING alloc_calls=4411 alloc_MB=102.6 alloc_ms=1.241 free_calls=4411 free_ms=2.704 allocs_per_graph_max=3 allocs_per_graph_mean=3.0 graphs=1471
[ZONE-RESET-AUDIT]   timing host/STAGING alloc_calls=4411 alloc_MB=102.6 alloc_ms=1.241 free_calls=4411 free_ms=2.704 allocs_per_graph_max=3 allocs_per_graph_mean=3.0 graphs=1471
[ZONE-RESET-AUDIT]   timing host/SCRATCH alloc_calls=49251 alloc_MB=5213.0 alloc_ms=9.325 free_calls=49251 free_ms=19.369 allocs_per_graph_max=741 allocs_per_graph_mean=33.5 graphs=1471
[ZONE-RESET-AUDIT]   timing host/SCRATCH alloc_calls=49251 alloc_MB=5213.0 alloc_ms=9.325 free_calls=49251 free_ms=19.369 allocs_per_graph_max=741 allocs_per_graph_mean=33.5 graphs=1471
[ZONE-RESET-AUDIT] ==== end inventory ====
[ZONE-RESET-AUDIT] ==== end inventory ====
[ZONE-RESET-AUDIT] ==== escape inventory (periodic) graphs=1535 ====
[ZONE-RESET-AUDIT] ==== escape inventory (periodic) graphs=1535 ====
[ZONE-RESET-AUDIT] site=device-zone-reset/ONEDNN:dev0 visits=3 visits_with_live=0 live_max=0 live_total=0 distinct_sizes=0 distinct_cohorts=0 graphs=[1..1]
[ZONE-RESET-AUDIT] site=device-zone-reset/ONEDNN:dev0 visits=3 visits_with_live=0 live_max=0 live_total=0 distinct_sizes=0 distinct_cohorts=0 graphs=[1..1]
[ZONE-RESET-AUDIT]   largest_free first=256.00 MB last=256.00 MB min=256.00 MB
[ZONE-RESET-AUDIT]   largest_free first=256.00 MB last=256.00 MB min=256.00 MB
[ZONE-RESET-AUDIT] site=device-zone-reset/SCRATCH:dev0 visits=1535 visits_with_live=0 live_max=0 live_total=0 distinct_sizes=0 distinct_cohorts=0 graphs=[0..1534]
[ZONE-RESET-AUDIT] site=device-zone-reset/SCRATCH:dev0 visits=1535 visits_with_live=0 live_max=0 live_total=0 distinct_sizes=0 distinct_cohorts=0 graphs=[0..1534]
[ZONE-RESET-AUDIT]   largest_free first=512.00 MB last=512.00 MB min=512.00 MB
[ZONE-RESET-AUDIT]   largest_free first=512.00 MB last=512.00 MB min=512.00 MB
[ZONE-RESET-AUDIT] site=host-zone-reset/SCRATCH visits=1534 visits_with_live=0 live_max=0 live_total=0 distinct_sizes=0 distinct_cohorts=0 graphs=[1..1534]
[ZONE-RESET-AUDIT] site=host-zone-reset/SCRATCH visits=1534 visits_with_live=0 live_max=0 live_total=0 distinct_sizes=0 distinct_cohorts=0 graphs=[1..1534]
[ZONE-RESET-AUDIT]   largest_free first=309.54 MB last=309.54 MB min=309.54 MB
[ZONE-RESET-AUDIT]   largest_free first=309.54 MB last=309.54 MB min=309.54 MB
[ZONE-RESET-AUDIT] site=host-zone-reset/STAGING visits=1535 visits_with_live=0 live_max=0 live_total=0 distinct_sizes=0 distinct_cohorts=0 graphs=[1..1535]
[ZONE-RESET-AUDIT] site=host-zone-reset/STAGING visits=1535 visits_with_live=0 live_max=0 live_total=0 distinct_sizes=0 distinct_cohorts=0 graphs=[1..1535]
[ZONE-RESET-AUDIT]   largest_free first=223.08 MB last=223.08 MB min=223.08 MB
[ZONE-RESET-AUDIT]   largest_free first=223.08 MB last=223.08 MB min=223.08 MB
[ZONE-RESET-AUDIT] site=scratch-pool-reset/bump:dev0 visits=1535 visits_with_live=0 live_max=0 live_total=0 distinct_sizes=0 distinct_cohorts=0 graphs=[1..1535]
[ZONE-RESET-AUDIT] site=scratch-pool-reset/bump:dev0 visits=1535 visits_with_live=0 live_max=0 live_total=0 distinct_sizes=0 distinct_cohorts=0 graphs=[1..1535]
[ZONE-RESET-AUDIT] site=weight-reclaim/load-boundary:dev0 visits=1 visits_with_live=0 live_max=0 live_total=0 distinct_sizes=0 distinct_cohorts=0 graphs=[0..0]
[ZONE-RESET-AUDIT] site=weight-reclaim/load-boundary:dev0 visits=1 visits_with_live=0 live_max=0 live_total=0 distinct_sizes=0 distinct_cohorts=0 graphs=[0..0]
[ZONE-RESET-AUDIT]   largest_free first=12820.00 MB last=12820.00 MB min=12820.00 MB
[ZONE-RESET-AUDIT]   largest_free first=12820.00 MB last=12820.00 MB min=12820.00 MB
[ZONE-RESET-AUDIT] site=weight-reclaim/mid-load-replan:dev0 visits=1 visits_with_live=0 live_max=0 live_total=0 distinct_sizes=0 distinct_cohorts=0 graphs=[0..0]
[ZONE-RESET-AUDIT] site=weight-reclaim/mid-load-replan:dev0 visits=1 visits_with_live=0 live_max=0 live_total=0 distinct_sizes=0 distinct_cohorts=0 graphs=[0..0]
[ZONE-RESET-AUDIT]   largest_free first=12820.00 MB last=12820.00 MB min=12820.00 MB
[ZONE-RESET-AUDIT]   largest_free first=12820.00 MB last=12820.00 MB min=12820.00 MB
[ZONE-RESET-AUDIT]   timing vram/kv alloc_calls=64 alloc_MB=96.0 alloc_ms=0.073 free_calls=32 free_ms=0.013 allocs_per_graph_max=32 allocs_per_graph_mean=0.0 graphs=1535
[ZONE-RESET-AUDIT]   timing vram/kv alloc_calls=64 alloc_MB=96.0 alloc_ms=0.073 free_calls=32 free_ms=0.013 allocs_per_graph_max=32 allocs_per_graph_mean=0.0 graphs=1535
[ZONE-RESET-AUDIT]   timing vram/weight alloc_calls=521 alloc_MB=8368.0 alloc_ms=0.399 free_calls=4 free_ms=0.004 allocs_per_graph_max=517 allocs_per_graph_mean=0.3 graphs=1535
[ZONE-RESET-AUDIT]   timing vram/weight alloc_calls=521 alloc_MB=8368.0 alloc_ms=0.399 free_calls=4 free_ms=0.004 allocs_per_graph_max=517 allocs_per_graph_mean=0.3 graphs=1535
[ZONE-RESET-AUDIT]   timing vram/onednn alloc_calls=6 alloc_MB=278.0 alloc_ms=0.002 free_calls=4 free_ms=0.002 allocs_per_graph_max=6 allocs_per_graph_mean=0.0 graphs=1535
[ZONE-RESET-AUDIT]   timing vram/onednn alloc_calls=6 alloc_MB=278.0 alloc_ms=0.002 free_calls=4 free_ms=0.002 allocs_per_graph_max=6 allocs_per_graph_mean=0.0 graphs=1535
[ZONE-RESET-AUDIT]   timing vram/runtime alloc_calls=1987 alloc_MB=2124.5 alloc_ms=0.765 free_calls=1985 free_ms=1.857 allocs_per_graph_max=65 allocs_per_graph_mean=1.3 graphs=1535
[ZONE-RESET-AUDIT]   timing vram/runtime alloc_calls=1987 alloc_MB=2124.5 alloc_ms=0.765 free_calls=1985 free_ms=1.857 allocs_per_graph_max=65 allocs_per_graph_mean=1.3 graphs=1535
[ZONE-RESET-AUDIT]   timing host/WEIGHT alloc_calls=36 alloc_MB=26.4 alloc_ms=0.025 free_calls=33 free_ms=0.037 allocs_per_graph_max=3 allocs_per_graph_mean=0.0 graphs=1535
[ZONE-RESET-AUDIT]   timing host/WEIGHT alloc_calls=36 alloc_MB=26.4 alloc_ms=0.025 free_calls=33 free_ms=0.037 allocs_per_graph_max=3 allocs_per_graph_mean=0.0 graphs=1535
[ZONE-RESET-AUDIT]   timing host/STAGING alloc_calls=4603 alloc_MB=102.6 alloc_ms=1.296 free_calls=4603 free_ms=2.835 allocs_per_graph_max=3 allocs_per_graph_mean=3.0 graphs=1535
[ZONE-RESET-AUDIT]   timing host/STAGING alloc_calls=4603 alloc_MB=102.6 alloc_ms=1.296 free_calls=4603 free_ms=2.835 allocs_per_graph_max=3 allocs_per_graph_mean=3.0 graphs=1535
[ZONE-RESET-AUDIT]   timing host/SCRATCH alloc_calls=51363 alloc_MB=5221.8 alloc_ms=9.676 free_calls=51363 free_ms=20.158 allocs_per_graph_max=741 allocs_per_graph_mean=33.5 graphs=1535
[ZONE-RESET-AUDIT]   timing host/SCRATCH alloc_calls=51363 alloc_MB=5221.8 alloc_ms=9.676 free_calls=51363 free_ms=20.158 allocs_per_graph_max=741 allocs_per_graph_mean=33.5 graphs=1535
[ZONE-RESET-AUDIT] ==== end inventory ====
[ZONE-RESET-AUDIT] ==== end inventory ====
set_n_threads: n_threads = 4, n_threads_batch = 4
[ZONE-RESET-AUDIT] ==== escape inventory (periodic) graphs=1599 ====
[ZONE-RESET-AUDIT] ==== escape inventory (periodic) graphs=1599 ====
[ZONE-RESET-AUDIT] site=device-zone-reset/ONEDNN:dev0 visits=3 visits_with_live=0 live_max=0 live_total=0 distinct_sizes=0 distinct_cohorts=0 graphs=[1..1]
[ZONE-RESET-AUDIT] site=device-zone-reset/ONEDNN:dev0 visits=3 visits_with_live=0 live_max=0 live_total=0 distinct_sizes=0 distinct_cohorts=0 graphs=[1..1]
[ZONE-RESET-AUDIT]   largest_free first=256.00 MB last=256.00 MB min=256.00 MB
[ZONE-RESET-AUDIT]   largest_free first=256.00 MB last=256.00 MB min=256.00 MB
[ZONE-RESET-AUDIT] site=device-zone-reset/SCRATCH:dev0 visits=1599 visits_with_live=0 live_max=0 live_total=0 distinct_sizes=0 distinct_cohorts=0 graphs=[0..1598]
[ZONE-RESET-AUDIT] site=device-zone-reset/SCRATCH:dev0 visits=1599 visits_with_live=0 live_max=0 live_total=0 distinct_sizes=0 distinct_cohorts=0 graphs=[0..1598]
[ZONE-RESET-AUDIT]   largest_free first=512.00 MB last=512.00 MB min=512.00 MB
[ZONE-RESET-AUDIT]   largest_free first=512.00 MB last=512.00 MB min=512.00 MB
[ZONE-RESET-AUDIT] site=host-zone-reset/SCRATCH visits=1598 visits_with_live=0 live_max=0 live_total=0 distinct_sizes=0 distinct_cohorts=0 graphs=[1..1598]
[ZONE-RESET-AUDIT] site=host-zone-reset/SCRATCH visits=1598 visits_with_live=0 live_max=0 live_total=0 distinct_sizes=0 distinct_cohorts=0 graphs=[1..1598]
[ZONE-RESET-AUDIT]   largest_free first=309.54 MB last=309.54 MB min=309.54 MB
[ZONE-RESET-AUDIT]   largest_free first=309.54 MB last=309.54 MB min=309.54 MB
[ZONE-RESET-AUDIT] site=host-zone-reset/STAGING visits=1599 visits_with_live=0 live_max=0 live_total=0 distinct_sizes=0 distinct_cohorts=0 graphs=[1..1599]
[ZONE-RESET-AUDIT] site=host-zone-reset/STAGING visits=1599 visits_with_live=0 live_max=0 live_total=0 distinct_sizes=0 distinct_cohorts=0 graphs=[1..1599]
[ZONE-RESET-AUDIT]   largest_free first=223.08 MB last=223.08 MB min=223.08 MB
[ZONE-RESET-AUDIT]   largest_free first=223.08 MB last=223.08 MB min=223.08 MB
[ZONE-RESET-AUDIT] site=scratch-pool-reset/bump:dev0 visits=1599 visits_with_live=0 live_max=0 live_total=0 distinct_sizes=0 distinct_cohorts=0 graphs=[1..1599]
[ZONE-RESET-AUDIT] site=scratch-pool-reset/bump:dev0 visits=1599 visits_with_live=0 live_max=0 live_total=0 distinct_sizes=0 distinct_cohorts=0 graphs=[1..1599]
[ZONE-RESET-AUDIT] site=weight-reclaim/load-boundary:dev0 visits=1 visits_with_live=0 live_max=0 live_total=0 distinct_sizes=0 distinct_cohorts=0 graphs=[0..0]
[ZONE-RESET-AUDIT] site=weight-reclaim/load-boundary:dev0 visits=1 visits_with_live=0 live_max=0 live_total=0 distinct_sizes=0 distinct_cohorts=0 graphs=[0..0]
[ZONE-RESET-AUDIT]   largest_free first=12820.00 MB last=12820.00 MB min=12820.00 MB
[ZONE-RESET-AUDIT]   largest_free first=12820.00 MB last=12820.00 MB min=12820.00 MB
[ZONE-RESET-AUDIT] site=weight-reclaim/mid-load-replan:dev0 visits=1 visits_with_live=0 live_max=0 live_total=0 distinct_sizes=0 distinct_cohorts=0 graphs=[0..0]
[ZONE-RESET-AUDIT] site=weight-reclaim/mid-load-replan:dev0 visits=1 visits_with_live=0 live_max=0 live_total=0 distinct_sizes=0 distinct_cohorts=0 graphs=[0..0]
[ZONE-RESET-AUDIT]   largest_free first=12820.00 MB last=12820.00 MB min=12820.00 MB
[ZONE-RESET-AUDIT]   largest_free first=12820.00 MB last=12820.00 MB min=12820.00 MB
[ZONE-RESET-AUDIT]   timing vram/kv alloc_calls=64 alloc_MB=96.0 alloc_ms=0.073 free_calls=32 free_ms=0.013 allocs_per_graph_max=32 allocs_per_graph_mean=0.0 graphs=1599
[ZONE-RESET-AUDIT]   timing vram/kv alloc_calls=64 alloc_MB=96.0 alloc_ms=0.073 free_calls=32 free_ms=0.013 allocs_per_graph_max=32 allocs_per_graph_mean=0.0 graphs=1599
[ZONE-RESET-AUDIT]   timing vram/weight alloc_calls=521 alloc_MB=8368.0 alloc_ms=0.399 free_calls=4 free_ms=0.004 allocs_per_graph_max=517 allocs_per_graph_mean=0.3 graphs=1599
[ZONE-RESET-AUDIT]   timing vram/weight alloc_calls=521 alloc_MB=8368.0 alloc_ms=0.399 free_calls=4 free_ms=0.004 allocs_per_graph_max=517 allocs_per_graph_mean=0.3 graphs=1599
[ZONE-RESET-AUDIT]   timing vram/onednn alloc_calls=6 alloc_MB=278.0 alloc_ms=0.002 free_calls=4 free_ms=0.002 allocs_per_graph_max=6 allocs_per_graph_mean=0.0 graphs=1599
[ZONE-RESET-AUDIT]   timing vram/onednn alloc_calls=6 alloc_MB=278.0 alloc_ms=0.002 free_calls=4 free_ms=0.002 allocs_per_graph_max=6 allocs_per_graph_mean=0.0 graphs=1599
[ZONE-RESET-AUDIT]   timing vram/runtime alloc_calls=1987 alloc_MB=2124.5 alloc_ms=0.765 free_calls=1985 free_ms=1.857 allocs_per_graph_max=65 allocs_per_graph_mean=1.2 graphs=1599
[ZONE-RESET-AUDIT]   timing vram/runtime alloc_calls=1987 alloc_MB=2124.5 alloc_ms=0.765 free_calls=1985 free_ms=1.857 allocs_per_graph_max=65 allocs_per_graph_mean=1.2 graphs=1599
[ZONE-RESET-AUDIT]   timing host/WEIGHT alloc_calls=36 alloc_MB=26.4 alloc_ms=0.025 free_calls=33 free_ms=0.037 allocs_per_graph_max=3 allocs_per_graph_mean=0.0 graphs=1599
[ZONE-RESET-AUDIT]   timing host/WEIGHT alloc_calls=36 alloc_MB=26.4 alloc_ms=0.025 free_calls=33 free_ms=0.037 allocs_per_graph_max=3 allocs_per_graph_mean=0.0 graphs=1599
[ZONE-RESET-AUDIT]   timing host/STAGING alloc_calls=4795 alloc_MB=102.6 alloc_ms=1.346 free_calls=4795 free_ms=2.968 allocs_per_graph_max=3 allocs_per_graph_mean=3.0 graphs=1599
[ZONE-RESET-AUDIT]   timing host/STAGING alloc_calls=4795 alloc_MB=102.6 alloc_ms=1.346 free_calls=4795 free_ms=2.968 allocs_per_graph_max=3 allocs_per_graph_mean=3.0 graphs=1599
[ZONE-RESET-AUDIT]   timing host/SCRATCH alloc_calls=53475 alloc_MB=5230.6 alloc_ms=10.007 free_calls=53475 free_ms=20.923 allocs_per_graph_max=741 allocs_per_graph_mean=33.4 graphs=1599
[ZONE-RESET-AUDIT]   timing host/SCRATCH alloc_calls=53475 alloc_MB=5230.6 alloc_ms=10.007 free_calls=53475 free_ms=20.923 allocs_per_graph_max=741 allocs_per_graph_mean=33.4 graphs=1599
[ZONE-RESET-AUDIT] ==== end inventory ====
[ZONE-RESET-AUDIT] ==== end inventory ====
[ZONE-RESET-AUDIT] ==== escape inventory (periodic) graphs=1663 ====
[ZONE-RESET-AUDIT] ==== escape inventory (periodic) graphs=1663 ====
[ZONE-RESET-AUDIT] site=device-zone-reset/ONEDNN:dev0 visits=3 visits_with_live=0 live_max=0 live_total=0 distinct_sizes=0 distinct_cohorts=0 graphs=[1..1]
[ZONE-RESET-AUDIT] site=device-zone-reset/ONEDNN:dev0 visits=3 visits_with_live=0 live_max=0 live_total=0 distinct_sizes=0 distinct_cohorts=0 graphs=[1..1]
[ZONE-RESET-AUDIT]   largest_free first=256.00 MB last=256.00 MB min=256.00 MB
[ZONE-RESET-AUDIT]   largest_free first=256.00 MB last=256.00 MB min=256.00 MB
[ZONE-RESET-AUDIT] site=device-zone-reset/SCRATCH:dev0 visits=1663 visits_with_live=0 live_max=0 live_total=0 distinct_sizes=0 distinct_cohorts=0 graphs=[0..1662]
[ZONE-RESET-AUDIT] site=device-zone-reset/SCRATCH:dev0 visits=1663 visits_with_live=0 live_max=0 live_total=0 distinct_sizes=0 distinct_cohorts=0 graphs=[0..1662]
[ZONE-RESET-AUDIT]   largest_free first=512.00 MB last=512.00 MB min=512.00 MB
[ZONE-RESET-AUDIT]   largest_free first=512.00 MB last=512.00 MB min=512.00 MB
[ZONE-RESET-AUDIT] site=host-zone-reset/SCRATCH visits=1662 visits_with_live=0 live_max=0 live_total=0 distinct_sizes=0 distinct_cohorts=0 graphs=[1..1662]
[ZONE-RESET-AUDIT] site=host-zone-reset/SCRATCH visits=1662 visits_with_live=0 live_max=0 live_total=0 distinct_sizes=0 distinct_cohorts=0 graphs=[1..1662]
[ZONE-RESET-AUDIT]   largest_free first=309.54 MB last=309.54 MB min=309.54 MB
[ZONE-RESET-AUDIT]   largest_free first=309.54 MB last=309.54 MB min=309.54 MB
[ZONE-RESET-AUDIT] site=host-zone-reset/STAGING visits=1663 visits_with_live=0 live_max=0 live_total=0 distinct_sizes=0 distinct_cohorts=0 graphs=[1..1663]
[ZONE-RESET-AUDIT] site=host-zone-reset/STAGING visits=1663 visits_with_live=0 live_max=0 live_total=0 distinct_sizes=0 distinct_cohorts=0 graphs=[1..1663]
[ZONE-RESET-AUDIT]   largest_free first=223.08 MB last=223.08 MB min=223.08 MB
[ZONE-RESET-AUDIT]   largest_free first=223.08 MB last=223.08 MB min=223.08 MB
[ZONE-RESET-AUDIT] site=scratch-pool-reset/bump:dev0 visits=1663 visits_with_live=0 live_max=0 live_total=0 distinct_sizes=0 distinct_cohorts=0 graphs=[1..1663]
[ZONE-RESET-AUDIT] site=scratch-pool-reset/bump:dev0 visits=1663 visits_with_live=0 live_max=0 live_total=0 distinct_sizes=0 distinct_cohorts=0 graphs=[1..1663]
[ZONE-RESET-AUDIT] site=weight-reclaim/load-boundary:dev0 visits=1 visits_with_live=0 live_max=0 live_total=0 distinct_sizes=0 distinct_cohorts=0 graphs=[0..0]
[ZONE-RESET-AUDIT] site=weight-reclaim/load-boundary:dev0 visits=1 visits_with_live=0 live_max=0 live_total=0 distinct_sizes=0 distinct_cohorts=0 graphs=[0..0]
[ZONE-RESET-AUDIT]   largest_free first=12820.00 MB last=12820.00 MB min=12820.00 MB
[ZONE-RESET-AUDIT]   largest_free first=12820.00 MB last=12820.00 MB min=12820.00 MB
[ZONE-RESET-AUDIT] site=weight-reclaim/mid-load-replan:dev0 visits=1 visits_with_live=0 live_max=0 live_total=0 distinct_sizes=0 distinct_cohorts=0 graphs=[0..0]
[ZONE-RESET-AUDIT] site=weight-reclaim/mid-load-replan:dev0 visits=1 visits_with_live=0 live_max=0 live_total=0 distinct_sizes=0 distinct_cohorts=0 graphs=[0..0]
[ZONE-RESET-AUDIT]   largest_free first=12820.00 MB last=12820.00 MB min=12820.00 MB
[ZONE-RESET-AUDIT]   largest_free first=12820.00 MB last=12820.00 MB min=12820.00 MB
[ZONE-RESET-AUDIT]   timing vram/kv alloc_calls=64 alloc_MB=96.0 alloc_ms=0.073 free_calls=32 free_ms=0.013 allocs_per_graph_max=32 allocs_per_graph_mean=0.0 graphs=1663
[ZONE-RESET-AUDIT]   timing vram/kv alloc_calls=64 alloc_MB=96.0 alloc_ms=0.073 free_calls=32 free_ms=0.013 allocs_per_graph_max=32 allocs_per_graph_mean=0.0 graphs=1663
[ZONE-RESET-AUDIT]   timing vram/weight alloc_calls=521 alloc_MB=8368.0 alloc_ms=0.399 free_calls=4 free_ms=0.004 allocs_per_graph_max=517 allocs_per_graph_mean=0.3 graphs=1663
[ZONE-RESET-AUDIT]   timing vram/weight alloc_calls=521 alloc_MB=8368.0 alloc_ms=0.399 free_calls=4 free_ms=0.004 allocs_per_graph_max=517 allocs_per_graph_mean=0.3 graphs=1663
[ZONE-RESET-AUDIT]   timing vram/onednn alloc_calls=6 alloc_MB=278.0 alloc_ms=0.002 free_calls=4 free_ms=0.002 allocs_per_graph_max=6 allocs_per_graph_mean=0.0 graphs=1663
[ZONE-RESET-AUDIT]   timing vram/onednn alloc_calls=6 alloc_MB=278.0 alloc_ms=0.002 free_calls=4 free_ms=0.002 allocs_per_graph_max=6 allocs_per_graph_mean=0.0 graphs=1663
[ZONE-RESET-AUDIT]   timing vram/runtime alloc_calls=1987 alloc_MB=2124.5 alloc_ms=0.765 free_calls=1985 free_ms=1.857 allocs_per_graph_max=65 allocs_per_graph_mean=1.2 graphs=1663
[ZONE-RESET-AUDIT]   timing vram/runtime alloc_calls=1987 alloc_MB=2124.5 alloc_ms=0.765 free_calls=1985 free_ms=1.857 allocs_per_graph_max=65 allocs_per_graph_mean=1.2 graphs=1663
[ZONE-RESET-AUDIT]   timing host/WEIGHT alloc_calls=36 alloc_MB=26.4 alloc_ms=0.025 free_calls=33 free_ms=0.037 allocs_per_graph_max=3 allocs_per_graph_mean=0.0 graphs=1663
[ZONE-RESET-AUDIT]   timing host/WEIGHT alloc_calls=36 alloc_MB=26.4 alloc_ms=0.025 free_calls=33 free_ms=0.037 allocs_per_graph_max=3 allocs_per_graph_mean=0.0 graphs=1663
[ZONE-RESET-AUDIT]   timing host/STAGING alloc_calls=4987 alloc_MB=102.6 alloc_ms=1.403 free_calls=4987 free_ms=3.084 allocs_per_graph_max=3 allocs_per_graph_mean=3.0 graphs=1663
[ZONE-RESET-AUDIT]   timing host/STAGING alloc_calls=4987 alloc_MB=102.6 alloc_ms=1.403 free_calls=4987 free_ms=3.084 allocs_per_graph_max=3 allocs_per_graph_mean=3.0 graphs=1663
[ZONE-RESET-AUDIT]   timing host/SCRATCH alloc_calls=55587 alloc_MB=5239.4 alloc_ms=10.338 free_calls=55587 free_ms=21.693 allocs_per_graph_max=741 allocs_per_graph_mean=33.4 graphs=1663
[ZONE-RESET-AUDIT]   timing host/SCRATCH alloc_calls=55587 alloc_MB=5239.4 alloc_ms=10.338 free_calls=55587 free_ms=21.693 allocs_per_graph_max=741 allocs_per_graph_mean=33.4 graphs=1663
[ZONE-RESET-AUDIT] ==== end inventory ====
[ZONE-RESET-AUDIT] ==== end inventory ====
set_n_threads: n_threads = 4, n_threads_batch = 4
[ZONE-RESET-AUDIT] ==== escape inventory (periodic) graphs=1727 ====
[ZONE-RESET-AUDIT] ==== escape inventory (periodic) graphs=1727 ====
[ZONE-RESET-AUDIT] site=device-zone-reset/ONEDNN:dev0 visits=3 visits_with_live=0 live_max=0 live_total=0 distinct_sizes=0 distinct_cohorts=0 graphs=[1..1]
[ZONE-RESET-AUDIT] site=device-zone-reset/ONEDNN:dev0 visits=3 visits_with_live=0 live_max=0 live_total=0 distinct_sizes=0 distinct_cohorts=0 graphs=[1..1]
[ZONE-RESET-AUDIT]   largest_free first=256.00 MB last=256.00 MB min=256.00 MB
[ZONE-RESET-AUDIT]   largest_free first=256.00 MB last=256.00 MB min=256.00 MB
[ZONE-RESET-AUDIT] site=device-zone-reset/SCRATCH:dev0 visits=1727 visits_with_live=0 live_max=0 live_total=0 distinct_sizes=0 distinct_cohorts=0 graphs=[0..1726]
[ZONE-RESET-AUDIT] site=device-zone-reset/SCRATCH:dev0 visits=1727 visits_with_live=0 live_max=0 live_total=0 distinct_sizes=0 distinct_cohorts=0 graphs=[0..1726]
[ZONE-RESET-AUDIT]   largest_free first=512.00 MB last=512.00 MB min=512.00 MB
[ZONE-RESET-AUDIT]   largest_free first=512.00 MB last=512.00 MB min=512.00 MB
[ZONE-RESET-AUDIT] site=host-zone-reset/SCRATCH visits=1726 visits_with_live=0 live_max=0 live_total=0 distinct_sizes=0 distinct_cohorts=0 graphs=[1..1726]
[ZONE-RESET-AUDIT] site=host-zone-reset/SCRATCH visits=1726 visits_with_live=0 live_max=0 live_total=0 distinct_sizes=0 distinct_cohorts=0 graphs=[1..1726]
[ZONE-RESET-AUDIT]   largest_free first=309.54 MB last=309.54 MB min=309.54 MB
[ZONE-RESET-AUDIT]   largest_free first=309.54 MB last=309.54 MB min=309.54 MB
[ZONE-RESET-AUDIT] site=host-zone-reset/STAGING visits=1727 visits_with_live=0 live_max=0 live_total=0 distinct_sizes=0 distinct_cohorts=0 graphs=[1..1727]
[ZONE-RESET-AUDIT] site=host-zone-reset/STAGING visits=1727 visits_with_live=0 live_max=0 live_total=0 distinct_sizes=0 distinct_cohorts=0 graphs=[1..1727]
[ZONE-RESET-AUDIT]   largest_free first=223.08 MB last=223.08 MB min=223.08 MB
[ZONE-RESET-AUDIT]   largest_free first=223.08 MB last=223.08 MB min=223.08 MB
[ZONE-RESET-AUDIT] site=scratch-pool-reset/bump:dev0 visits=1727 visits_with_live=0 live_max=0 live_total=0 distinct_sizes=0 distinct_cohorts=0 graphs=[1..1727]
[ZONE-RESET-AUDIT] site=scratch-pool-reset/bump:dev0 visits=1727 visits_with_live=0 live_max=0 live_total=0 distinct_sizes=0 distinct_cohorts=0 graphs=[1..1727]
[ZONE-RESET-AUDIT] site=weight-reclaim/load-boundary:dev0 visits=1 visits_with_live=0 live_max=0 live_total=0 distinct_sizes=0 distinct_cohorts=0 graphs=[0..0]
[ZONE-RESET-AUDIT] site=weight-reclaim/load-boundary:dev0 visits=1 visits_with_live=0 live_max=0 live_total=0 distinct_sizes=0 distinct_cohorts=0 graphs=[0..0]
[ZONE-RESET-AUDIT]   largest_free first=12820.00 MB last=12820.00 MB min=12820.00 MB
[ZONE-RESET-AUDIT]   largest_free first=12820.00 MB last=12820.00 MB min=12820.00 MB
[ZONE-RESET-AUDIT] site=weight-reclaim/mid-load-replan:dev0 visits=1 visits_with_live=0 live_max=0 live_total=0 distinct_sizes=0 distinct_cohorts=0 graphs=[0..0]
[ZONE-RESET-AUDIT] site=weight-reclaim/mid-load-replan:dev0 visits=1 visits_with_live=0 live_max=0 live_total=0 distinct_sizes=0 distinct_cohorts=0 graphs=[0..0]
[ZONE-RESET-AUDIT]   largest_free first=12820.00 MB last=12820.00 MB min=12820.00 MB
[ZONE-RESET-AUDIT]   largest_free first=12820.00 MB last=12820.00 MB min=12820.00 MB
[ZONE-RESET-AUDIT]   timing vram/kv alloc_calls=64 alloc_MB=96.0 alloc_ms=0.073 free_calls=32 free_ms=0.013 allocs_per_graph_max=32 allocs_per_graph_mean=0.0 graphs=1727
[ZONE-RESET-AUDIT]   timing vram/kv alloc_calls=64 alloc_MB=96.0 alloc_ms=0.073 free_calls=32 free_ms=0.013 allocs_per_graph_max=32 allocs_per_graph_mean=0.0 graphs=1727
[ZONE-RESET-AUDIT]   timing vram/weight alloc_calls=521 alloc_MB=8368.0 alloc_ms=0.399 free_calls=4 free_ms=0.004 allocs_per_graph_max=517 allocs_per_graph_mean=0.3 graphs=1727
[ZONE-RESET-AUDIT]   timing vram/weight alloc_calls=521 alloc_MB=8368.0 alloc_ms=0.399 free_calls=4 free_ms=0.004 allocs_per_graph_max=517 allocs_per_graph_mean=0.3 graphs=1727
[ZONE-RESET-AUDIT]   timing vram/onednn alloc_calls=6 alloc_MB=278.0 alloc_ms=0.002 free_calls=4 free_ms=0.002 allocs_per_graph_max=6 allocs_per_graph_mean=0.0 graphs=1727
[ZONE-RESET-AUDIT]   timing vram/onednn alloc_calls=6 alloc_MB=278.0 alloc_ms=0.002 free_calls=4 free_ms=0.002 allocs_per_graph_max=6 allocs_per_graph_mean=0.0 graphs=1727
[ZONE-RESET-AUDIT]   timing vram/runtime alloc_calls=1987 alloc_MB=2124.5 alloc_ms=0.765 free_calls=1985 free_ms=1.857 allocs_per_graph_max=65 allocs_per_graph_mean=1.2 graphs=1727
[ZONE-RESET-AUDIT]   timing vram/runtime alloc_calls=1987 alloc_MB=2124.5 alloc_ms=0.765 free_calls=1985 free_ms=1.857 allocs_per_graph_max=65 allocs_per_graph_mean=1.2 graphs=1727
[ZONE-RESET-AUDIT]   timing host/WEIGHT alloc_calls=36 alloc_MB=26.4 alloc_ms=0.025 free_calls=33 free_ms=0.037 allocs_per_graph_max=3 allocs_per_graph_mean=0.0 graphs=1727
[ZONE-RESET-AUDIT]   timing host/WEIGHT alloc_calls=36 alloc_MB=26.4 alloc_ms=0.025 free_calls=33 free_ms=0.037 allocs_per_graph_max=3 allocs_per_graph_mean=0.0 graphs=1727
[ZONE-RESET-AUDIT]   timing host/STAGING alloc_calls=5179 alloc_MB=102.6 alloc_ms=1.461 free_calls=5179 free_ms=3.206 allocs_per_graph_max=3 allocs_per_graph_mean=3.0 graphs=1727
[ZONE-RESET-AUDIT]   timing host/STAGING alloc_calls=5179 alloc_MB=102.6 alloc_ms=1.461 free_calls=5179 free_ms=3.206 allocs_per_graph_max=3 allocs_per_graph_mean=3.0 graphs=1727
[ZONE-RESET-AUDIT]   timing host/SCRATCH alloc_calls=57699 alloc_MB=5248.2 alloc_ms=10.680 free_calls=57699 free_ms=22.475 allocs_per_graph_max=741 allocs_per_graph_mean=33.4 graphs=1727
[ZONE-RESET-AUDIT]   timing host/SCRATCH alloc_calls=57699 alloc_MB=5248.2 alloc_ms=10.680 free_calls=57699 free_ms=22.475 allocs_per_graph_max=741 allocs_per_graph_mean=33.4 graphs=1727
[ZONE-RESET-AUDIT] ==== end inventory ====
[ZONE-RESET-AUDIT] ==== end inventory ====
[ZONE-RESET-AUDIT] ==== escape inventory (periodic) graphs=1791 ====
[ZONE-RESET-AUDIT] ==== escape inventory (periodic) graphs=1791 ====
[ZONE-RESET-AUDIT] site=device-zone-reset/ONEDNN:dev0 visits=3 visits_with_live=0 live_max=0 live_total=0 distinct_sizes=0 distinct_cohorts=0 graphs=[1..1]
[ZONE-RESET-AUDIT] site=device-zone-reset/ONEDNN:dev0 visits=3 visits_with_live=0 live_max=0 live_total=0 distinct_sizes=0 distinct_cohorts=0 graphs=[1..1]
[ZONE-RESET-AUDIT]   largest_free first=256.00 MB last=256.00 MB min=256.00 MB
[ZONE-RESET-AUDIT]   largest_free first=256.00 MB last=256.00 MB min=256.00 MB
[ZONE-RESET-AUDIT] site=device-zone-reset/SCRATCH:dev0 visits=1791 visits_with_live=0 live_max=0 live_total=0 distinct_sizes=0 distinct_cohorts=0 graphs=[0..1790]
[ZONE-RESET-AUDIT] site=device-zone-reset/SCRATCH:dev0 visits=1791 visits_with_live=0 live_max=0 live_total=0 distinct_sizes=0 distinct_cohorts=0 graphs=[0..1790]
[ZONE-RESET-AUDIT]   largest_free first=512.00 MB last=512.00 MB min=512.00 MB
[ZONE-RESET-AUDIT]   largest_free first=512.00 MB last=512.00 MB min=512.00 MB
[ZONE-RESET-AUDIT] site=host-zone-reset/SCRATCH visits=1790 visits_with_live=0 live_max=0 live_total=0 distinct_sizes=0 distinct_cohorts=0 graphs=[1..1790]
[ZONE-RESET-AUDIT] site=host-zone-reset/SCRATCH visits=1790 visits_with_live=0 live_max=0 live_total=0 distinct_sizes=0 distinct_cohorts=0 graphs=[1..1790]
[ZONE-RESET-AUDIT]   largest_free first=309.54 MB last=309.54 MB min=309.54 MB
[ZONE-RESET-AUDIT]   largest_free first=309.54 MB last=309.54 MB min=309.54 MB
[ZONE-RESET-AUDIT] site=host-zone-reset/STAGING visits=1791 visits_with_live=0 live_max=0 live_total=0 distinct_sizes=0 distinct_cohorts=0 graphs=[1..1791]
[ZONE-RESET-AUDIT] site=host-zone-reset/STAGING visits=1791 visits_with_live=0 live_max=0 live_total=0 distinct_sizes=0 distinct_cohorts=0 graphs=[1..1791]
[ZONE-RESET-AUDIT]   largest_free first=223.08 MB last=223.08 MB min=223.08 MB
[ZONE-RESET-AUDIT]   largest_free first=223.08 MB last=223.08 MB min=223.08 MB
[ZONE-RESET-AUDIT] site=scratch-pool-reset/bump:dev0 visits=1791 visits_with_live=0 live_max=0 live_total=0 distinct_sizes=0 distinct_cohorts=0 graphs=[1..1791]
[ZONE-RESET-AUDIT] site=scratch-pool-reset/bump:dev0 visits=1791 visits_with_live=0 live_max=0 live_total=0 distinct_sizes=0 distinct_cohorts=0 graphs=[1..1791]
[ZONE-RESET-AUDIT] site=weight-reclaim/load-boundary:dev0 visits=1 visits_with_live=0 live_max=0 live_total=0 distinct_sizes=0 distinct_cohorts=0 graphs=[0..0]
[ZONE-RESET-AUDIT] site=weight-reclaim/load-boundary:dev0 visits=1 visits_with_live=0 live_max=0 live_total=0 distinct_sizes=0 distinct_cohorts=0 graphs=[0..0]
[ZONE-RESET-AUDIT]   largest_free first=12820.00 MB last=12820.00 MB min=12820.00 MB
[ZONE-RESET-AUDIT]   largest_free first=12820.00 MB last=12820.00 MB min=12820.00 MB
[ZONE-RESET-AUDIT] site=weight-reclaim/mid-load-replan:dev0 visits=1 visits_with_live=0 live_max=0 live_total=0 distinct_sizes=0 distinct_cohorts=0 graphs=[0..0]
[ZONE-RESET-AUDIT] site=weight-reclaim/mid-load-replan:dev0 visits=1 visits_with_live=0 live_max=0 live_total=0 distinct_sizes=0 distinct_cohorts=0 graphs=[0..0]
[ZONE-RESET-AUDIT]   largest_free first=12820.00 MB last=12820.00 MB min=12820.00 MB
[ZONE-RESET-AUDIT]   largest_free first=12820.00 MB last=12820.00 MB min=12820.00 MB
[ZONE-RESET-AUDIT]   timing vram/kv alloc_calls=64 alloc_MB=96.0 alloc_ms=0.073 free_calls=32 free_ms=0.013 allocs_per_graph_max=32 allocs_per_graph_mean=0.0 graphs=1791
[ZONE-RESET-AUDIT]   timing vram/kv alloc_calls=64 alloc_MB=96.0 alloc_ms=0.073 free_calls=32 free_ms=0.013 allocs_per_graph_max=32 allocs_per_graph_mean=0.0 graphs=1791
[ZONE-RESET-AUDIT]   timing vram/weight alloc_calls=521 alloc_MB=8368.0 alloc_ms=0.399 free_calls=4 free_ms=0.004 allocs_per_graph_max=517 allocs_per_graph_mean=0.3 graphs=1791
[ZONE-RESET-AUDIT]   timing vram/weight alloc_calls=521 alloc_MB=8368.0 alloc_ms=0.399 free_calls=4 free_ms=0.004 allocs_per_graph_max=517 allocs_per_graph_mean=0.3 graphs=1791
[ZONE-RESET-AUDIT]   timing vram/onednn alloc_calls=6 alloc_MB=278.0 alloc_ms=0.002 free_calls=4 free_ms=0.002 allocs_per_graph_max=6 allocs_per_graph_mean=0.0 graphs=1791
[ZONE-RESET-AUDIT]   timing vram/onednn alloc_calls=6 alloc_MB=278.0 alloc_ms=0.002 free_calls=4 free_ms=0.002 allocs_per_graph_max=6 allocs_per_graph_mean=0.0 graphs=1791
[ZONE-RESET-AUDIT]   timing vram/runtime alloc_calls=1987 alloc_MB=2124.5 alloc_ms=0.765 free_calls=1985 free_ms=1.857 allocs_per_graph_max=65 allocs_per_graph_mean=1.1 graphs=1791
[ZONE-RESET-AUDIT]   timing vram/runtime alloc_calls=1987 alloc_MB=2124.5 alloc_ms=0.765 free_calls=1985 free_ms=1.857 allocs_per_graph_max=65 allocs_per_graph_mean=1.1 graphs=1791
[ZONE-RESET-AUDIT]   timing host/WEIGHT alloc_calls=36 alloc_MB=26.4 alloc_ms=0.025 free_calls=33 free_ms=0.037 allocs_per_graph_max=3 allocs_per_graph_mean=0.0 graphs=1791
[ZONE-RESET-AUDIT]   timing host/WEIGHT alloc_calls=36 alloc_MB=26.4 alloc_ms=0.025 free_calls=33 free_ms=0.037 allocs_per_graph_max=3 allocs_per_graph_mean=0.0 graphs=1791
[ZONE-RESET-AUDIT]   timing host/STAGING alloc_calls=5371 alloc_MB=102.6 alloc_ms=1.514 free_calls=5371 free_ms=3.340 allocs_per_graph_max=3 allocs_per_graph_mean=3.0 graphs=1791
[ZONE-RESET-AUDIT]   timing host/STAGING alloc_calls=5371 alloc_MB=102.6 alloc_ms=1.514 free_calls=5371 free_ms=3.340 allocs_per_graph_max=3 allocs_per_graph_mean=3.0 graphs=1791
[ZONE-RESET-AUDIT]   timing host/SCRATCH alloc_calls=59811 alloc_MB=5257.0 alloc_ms=11.019 free_calls=59811 free_ms=23.237 allocs_per_graph_max=741 allocs_per_graph_mean=33.4 graphs=1791
[ZONE-RESET-AUDIT]   timing host/SCRATCH alloc_calls=59811 alloc_MB=5257.0 alloc_ms=11.019 free_calls=59811 free_ms=23.237 allocs_per_graph_max=741 allocs_per_graph_mean=33.4 graphs=1791
[ZONE-RESET-AUDIT] ==== end inventory ====
[ZONE-RESET-AUDIT] ==== end inventory ====
set_n_threads: n_threads = 4, n_threads_batch = 4
[ZONE-RESET-AUDIT] ==== escape inventory (periodic) graphs=1855 ====
[ZONE-RESET-AUDIT] ==== escape inventory (periodic) graphs=1855 ====
[ZONE-RESET-AUDIT] site=device-zone-reset/ONEDNN:dev0 visits=3 visits_with_live=0 live_max=0 live_total=0 distinct_sizes=0 distinct_cohorts=0 graphs=[1..1]
[ZONE-RESET-AUDIT] site=device-zone-reset/ONEDNN:dev0 visits=3 visits_with_live=0 live_max=0 live_total=0 distinct_sizes=0 distinct_cohorts=0 graphs=[1..1]
[ZONE-RESET-AUDIT]   largest_free first=256.00 MB last=256.00 MB min=256.00 MB
[ZONE-RESET-AUDIT]   largest_free first=256.00 MB last=256.00 MB min=256.00 MB
[ZONE-RESET-AUDIT] site=device-zone-reset/SCRATCH:dev0 visits=1855 visits_with_live=0 live_max=0 live_total=0 distinct_sizes=0 distinct_cohorts=0 graphs=[0..1854]
[ZONE-RESET-AUDIT] site=device-zone-reset/SCRATCH:dev0 visits=1855 visits_with_live=0 live_max=0 live_total=0 distinct_sizes=0 distinct_cohorts=0 graphs=[0..1854]
[ZONE-RESET-AUDIT]   largest_free first=512.00 MB last=512.00 MB min=512.00 MB
[ZONE-RESET-AUDIT]   largest_free first=512.00 MB last=512.00 MB min=512.00 MB
[ZONE-RESET-AUDIT] site=host-zone-reset/SCRATCH visits=1854 visits_with_live=0 live_max=0 live_total=0 distinct_sizes=0 distinct_cohorts=0 graphs=[1..1854]
[ZONE-RESET-AUDIT] site=host-zone-reset/SCRATCH visits=1854 visits_with_live=0 live_max=0 live_total=0 distinct_sizes=0 distinct_cohorts=0 graphs=[1..1854]
[ZONE-RESET-AUDIT]   largest_free first=309.54 MB last=309.54 MB min=309.54 MB
[ZONE-RESET-AUDIT]   largest_free first=309.54 MB last=309.54 MB min=309.54 MB
[ZONE-RESET-AUDIT] site=host-zone-reset/STAGING visits=1855 visits_with_live=0 live_max=0 live_total=0 distinct_sizes=0 distinct_cohorts=0 graphs=[1..1855]
[ZONE-RESET-AUDIT] site=host-zone-reset/STAGING visits=1855 visits_with_live=0 live_max=0 live_total=0 distinct_sizes=0 distinct_cohorts=0 graphs=[1..1855]
[ZONE-RESET-AUDIT]   largest_free first=223.08 MB last=223.08 MB min=223.08 MB
[ZONE-RESET-AUDIT]   largest_free first=223.08 MB last=223.08 MB min=223.08 MB
[ZONE-RESET-AUDIT] site=scratch-pool-reset/bump:dev0 visits=1855 visits_with_live=0 live_max=0 live_total=0 distinct_sizes=0 distinct_cohorts=0 graphs=[1..1855]
[ZONE-RESET-AUDIT] site=scratch-pool-reset/bump:dev0 visits=1855 visits_with_live=0 live_max=0 live_total=0 distinct_sizes=0 distinct_cohorts=0 graphs=[1..1855]
[ZONE-RESET-AUDIT] site=weight-reclaim/load-boundary:dev0 visits=1 visits_with_live=0 live_max=0 live_total=0 distinct_sizes=0 distinct_cohorts=0 graphs=[0..0]
[ZONE-RESET-AUDIT] site=weight-reclaim/load-boundary:dev0 visits=1 visits_with_live=0 live_max=0 live_total=0 distinct_sizes=0 distinct_cohorts=0 graphs=[0..0]
[ZONE-RESET-AUDIT]   largest_free first=12820.00 MB last=12820.00 MB min=12820.00 MB
[ZONE-RESET-AUDIT]   largest_free first=12820.00 MB last=12820.00 MB min=12820.00 MB
[ZONE-RESET-AUDIT] site=weight-reclaim/mid-load-replan:dev0 visits=1 visits_with_live=0 live_max=0 live_total=0 distinct_sizes=0 distinct_cohorts=0 graphs=[0..0]
[ZONE-RESET-AUDIT] site=weight-reclaim/mid-load-replan:dev0 visits=1 visits_with_live=0 live_max=0 live_total=0 distinct_sizes=0 distinct_cohorts=0 graphs=[0..0]
[ZONE-RESET-AUDIT]   largest_free first=12820.00 MB last=12820.00 MB min=12820.00 MB
[ZONE-RESET-AUDIT]   largest_free first=12820.00 MB last=12820.00 MB min=12820.00 MB
[ZONE-RESET-AUDIT]   timing vram/kv alloc_calls=64 alloc_MB=96.0 alloc_ms=0.073 free_calls=32 free_ms=0.013 allocs_per_graph_max=32 allocs_per_graph_mean=0.0 graphs=1855
[ZONE-RESET-AUDIT]   timing vram/kv alloc_calls=64 alloc_MB=96.0 alloc_ms=0.073 free_calls=32 free_ms=0.013 allocs_per_graph_max=32 allocs_per_graph_mean=0.0 graphs=1855
[ZONE-RESET-AUDIT]   timing vram/weight alloc_calls=521 alloc_MB=8368.0 alloc_ms=0.399 free_calls=4 free_ms=0.004 allocs_per_graph_max=517 allocs_per_graph_mean=0.3 graphs=1855
[ZONE-RESET-AUDIT]   timing vram/weight alloc_calls=521 alloc_MB=8368.0 alloc_ms=0.399 free_calls=4 free_ms=0.004 allocs_per_graph_max=517 allocs_per_graph_mean=0.3 graphs=1855
[ZONE-RESET-AUDIT]   timing vram/onednn alloc_calls=6 alloc_MB=278.0 alloc_ms=0.002 free_calls=4 free_ms=0.002 allocs_per_graph_max=6 allocs_per_graph_mean=0.0 graphs=1855
[ZONE-RESET-AUDIT]   timing vram/onednn alloc_calls=6 alloc_MB=278.0 alloc_ms=0.002 free_calls=4 free_ms=0.002 allocs_per_graph_max=6 allocs_per_graph_mean=0.0 graphs=1855
[ZONE-RESET-AUDIT]   timing vram/runtime alloc_calls=1987 alloc_MB=2124.5 alloc_ms=0.765 free_calls=1985 free_ms=1.857 allocs_per_graph_max=65 allocs_per_graph_mean=1.1 graphs=1855
[ZONE-RESET-AUDIT]   timing vram/runtime alloc_calls=1987 alloc_MB=2124.5 alloc_ms=0.765 free_calls=1985 free_ms=1.857 allocs_per_graph_max=65 allocs_per_graph_mean=1.1 graphs=1855
[ZONE-RESET-AUDIT]   timing host/WEIGHT alloc_calls=36 alloc_MB=26.4 alloc_ms=0.025 free_calls=33 free_ms=0.037 allocs_per_graph_max=3 allocs_per_graph_mean=0.0 graphs=1855
[ZONE-RESET-AUDIT]   timing host/WEIGHT alloc_calls=36 alloc_MB=26.4 alloc_ms=0.025 free_calls=33 free_ms=0.037 allocs_per_graph_max=3 allocs_per_graph_mean=0.0 graphs=1855
[ZONE-RESET-AUDIT]   timing host/STAGING alloc_calls=5563 alloc_MB=102.6 alloc_ms=1.571 free_calls=5563 free_ms=3.455 allocs_per_graph_max=3 allocs_per_graph_mean=3.0 graphs=1855
[ZONE-RESET-AUDIT]   timing host/STAGING alloc_calls=5563 alloc_MB=102.6 alloc_ms=1.571 free_calls=5563 free_ms=3.455 allocs_per_graph_max=3 allocs_per_graph_mean=3.0 graphs=1855
[ZONE-RESET-AUDIT]   timing host/SCRATCH alloc_calls=61923 alloc_MB=5265.8 alloc_ms=11.350 free_calls=61923 free_ms=24.005 allocs_per_graph_max=741 allocs_per_graph_mean=33.4 graphs=1855
[ZONE-RESET-AUDIT]   timing host/SCRATCH alloc_calls=61923 alloc_MB=5265.8 alloc_ms=11.350 free_calls=61923 free_ms=24.005 allocs_per_graph_max=741 allocs_per_graph_mean=33.4 graphs=1855
[ZONE-RESET-AUDIT] ==== end inventory ====
[ZONE-RESET-AUDIT] ==== end inventory ====
[ZONE-RESET-AUDIT] ==== escape inventory (periodic) graphs=1919 ====
[ZONE-RESET-AUDIT] ==== escape inventory (periodic) graphs=1919 ====
[ZONE-RESET-AUDIT] site=device-zone-reset/ONEDNN:dev0 visits=3 visits_with_live=0 live_max=0 live_total=0 distinct_sizes=0 distinct_cohorts=0 graphs=[1..1]
[ZONE-RESET-AUDIT] site=device-zone-reset/ONEDNN:dev0 visits=3 visits_with_live=0 live_max=0 live_total=0 distinct_sizes=0 distinct_cohorts=0 graphs=[1..1]
[ZONE-RESET-AUDIT]   largest_free first=256.00 MB last=256.00 MB min=256.00 MB
[ZONE-RESET-AUDIT]   largest_free first=256.00 MB last=256.00 MB min=256.00 MB
[ZONE-RESET-AUDIT] site=device-zone-reset/SCRATCH:dev0 visits=1919 visits_with_live=0 live_max=0 live_total=0 distinct_sizes=0 distinct_cohorts=0 graphs=[0..1918]
[ZONE-RESET-AUDIT] site=device-zone-reset/SCRATCH:dev0 visits=1919 visits_with_live=0 live_max=0 live_total=0 distinct_sizes=0 distinct_cohorts=0 graphs=[0..1918]
[ZONE-RESET-AUDIT]   largest_free first=512.00 MB last=512.00 MB min=512.00 MB
[ZONE-RESET-AUDIT]   largest_free first=512.00 MB last=512.00 MB min=512.00 MB
[ZONE-RESET-AUDIT] site=host-zone-reset/SCRATCH visits=1918 visits_with_live=0 live_max=0 live_total=0 distinct_sizes=0 distinct_cohorts=0 graphs=[1..1918]
[ZONE-RESET-AUDIT] site=host-zone-reset/SCRATCH visits=1918 visits_with_live=0 live_max=0 live_total=0 distinct_sizes=0 distinct_cohorts=0 graphs=[1..1918]
[ZONE-RESET-AUDIT]   largest_free first=309.54 MB last=309.54 MB min=309.54 MB
[ZONE-RESET-AUDIT]   largest_free first=309.54 MB last=309.54 MB min=309.54 MB
[ZONE-RESET-AUDIT] site=host-zone-reset/STAGING visits=1919 visits_with_live=0 live_max=0 live_total=0 distinct_sizes=0 distinct_cohorts=0 graphs=[1..1919]
[ZONE-RESET-AUDIT] site=host-zone-reset/STAGING visits=1919 visits_with_live=0 live_max=0 live_total=0 distinct_sizes=0 distinct_cohorts=0 graphs=[1..1919]
[ZONE-RESET-AUDIT]   largest_free first=223.08 MB last=223.08 MB min=223.08 MB
[ZONE-RESET-AUDIT]   largest_free first=223.08 MB last=223.08 MB min=223.08 MB
[ZONE-RESET-AUDIT] site=scratch-pool-reset/bump:dev0 visits=1919 visits_with_live=0 live_max=0 live_total=0 distinct_sizes=0 distinct_cohorts=0 graphs=[1..1919]
[ZONE-RESET-AUDIT] site=scratch-pool-reset/bump:dev0 visits=1919 visits_with_live=0 live_max=0 live_total=0 distinct_sizes=0 distinct_cohorts=0 graphs=[1..1919]
[ZONE-RESET-AUDIT] site=weight-reclaim/load-boundary:dev0 visits=1 visits_with_live=0 live_max=0 live_total=0 distinct_sizes=0 distinct_cohorts=0 graphs=[0..0]
[ZONE-RESET-AUDIT] site=weight-reclaim/load-boundary:dev0 visits=1 visits_with_live=0 live_max=0 live_total=0 distinct_sizes=0 distinct_cohorts=0 graphs=[0..0]
[ZONE-RESET-AUDIT]   largest_free first=12820.00 MB last=12820.00 MB min=12820.00 MB
[ZONE-RESET-AUDIT]   largest_free first=12820.00 MB last=12820.00 MB min=12820.00 MB
[ZONE-RESET-AUDIT] site=weight-reclaim/mid-load-replan:dev0 visits=1 visits_with_live=0 live_max=0 live_total=0 distinct_sizes=0 distinct_cohorts=0 graphs=[0..0]
[ZONE-RESET-AUDIT] site=weight-reclaim/mid-load-replan:dev0 visits=1 visits_with_live=0 live_max=0 live_total=0 distinct_sizes=0 distinct_cohorts=0 graphs=[0..0]
[ZONE-RESET-AUDIT]   largest_free first=12820.00 MB last=12820.00 MB min=12820.00 MB
[ZONE-RESET-AUDIT]   largest_free first=12820.00 MB last=12820.00 MB min=12820.00 MB
[ZONE-RESET-AUDIT]   timing vram/kv alloc_calls=64 alloc_MB=96.0 alloc_ms=0.073 free_calls=32 free_ms=0.013 allocs_per_graph_max=32 allocs_per_graph_mean=0.0 graphs=1919
[ZONE-RESET-AUDIT]   timing vram/kv alloc_calls=64 alloc_MB=96.0 alloc_ms=0.073 free_calls=32 free_ms=0.013 allocs_per_graph_max=32 allocs_per_graph_mean=0.0 graphs=1919
[ZONE-RESET-AUDIT]   timing vram/weight alloc_calls=521 alloc_MB=8368.0 alloc_ms=0.399 free_calls=4 free_ms=0.004 allocs_per_graph_max=517 allocs_per_graph_mean=0.3 graphs=1919
[ZONE-RESET-AUDIT]   timing vram/weight alloc_calls=521 alloc_MB=8368.0 alloc_ms=0.399 free_calls=4 free_ms=0.004 allocs_per_graph_max=517 allocs_per_graph_mean=0.3 graphs=1919
[ZONE-RESET-AUDIT]   timing vram/onednn alloc_calls=6 alloc_MB=278.0 alloc_ms=0.002 free_calls=4 free_ms=0.002 allocs_per_graph_max=6 allocs_per_graph_mean=0.0 graphs=1919
[ZONE-RESET-AUDIT]   timing vram/onednn alloc_calls=6 alloc_MB=278.0 alloc_ms=0.002 free_calls=4 free_ms=0.002 allocs_per_graph_max=6 allocs_per_graph_mean=0.0 graphs=1919
[ZONE-RESET-AUDIT]   timing vram/runtime alloc_calls=1987 alloc_MB=2124.5 alloc_ms=0.765 free_calls=1985 free_ms=1.857 allocs_per_graph_max=65 allocs_per_graph_mean=1.0 graphs=1919
[ZONE-RESET-AUDIT]   timing vram/runtime alloc_calls=1987 alloc_MB=2124.5 alloc_ms=0.765 free_calls=1985 free_ms=1.857 allocs_per_graph_max=65 allocs_per_graph_mean=1.0 graphs=1919
[ZONE-RESET-AUDIT]   timing host/WEIGHT alloc_calls=36 alloc_MB=26.4 alloc_ms=0.025 free_calls=33 free_ms=0.037 allocs_per_graph_max=3 allocs_per_graph_mean=0.0 graphs=1919
[ZONE-RESET-AUDIT]   timing host/WEIGHT alloc_calls=36 alloc_MB=26.4 alloc_ms=0.025 free_calls=33 free_ms=0.037 allocs_per_graph_max=3 allocs_per_graph_mean=0.0 graphs=1919
[ZONE-RESET-AUDIT]   timing host/STAGING alloc_calls=5755 alloc_MB=102.6 alloc_ms=1.627 free_calls=5755 free_ms=4.805 allocs_per_graph_max=3 allocs_per_graph_mean=3.0 graphs=1919
[ZONE-RESET-AUDIT]   timing host/STAGING alloc_calls=5755 alloc_MB=102.6 alloc_ms=1.627 free_calls=5755 free_ms=4.805 allocs_per_graph_max=3 allocs_per_graph_mean=3.0 graphs=1919
[ZONE-RESET-AUDIT]   timing host/SCRATCH alloc_calls=64035 alloc_MB=5274.7 alloc_ms=11.676 free_calls=64035 free_ms=24.767 allocs_per_graph_max=741 allocs_per_graph_mean=33.4 graphs=1919
[ZONE-RESET-AUDIT]   timing host/SCRATCH alloc_calls=64035 alloc_MB=5274.7 alloc_ms=11.676 free_calls=64035 free_ms=24.767 allocs_per_graph_max=741 allocs_per_graph_mean=33.4 graphs=1919
[ZONE-RESET-AUDIT] ==== end inventory ====
[ZONE-RESET-AUDIT] ==== end inventory ====
set_n_threads: n_threads = 4, n_threads_batch = 4
[ZONE-RESET-AUDIT] ==== escape inventory (periodic) graphs=1983 ====
[ZONE-RESET-AUDIT] ==== escape inventory (periodic) graphs=1983 ====
[ZONE-RESET-AUDIT] site=device-zone-reset/ONEDNN:dev0 visits=3 visits_with_live=0 live_max=0 live_total=0 distinct_sizes=0 distinct_cohorts=0 graphs=[1..1]
[ZONE-RESET-AUDIT] site=device-zone-reset/ONEDNN:dev0 visits=3 visits_with_live=0 live_max=0 live_total=0 distinct_sizes=0 distinct_cohorts=0 graphs=[1..1]
[ZONE-RESET-AUDIT]   largest_free first=256.00 MB last=256.00 MB min=256.00 MB
[ZONE-RESET-AUDIT]   largest_free first=256.00 MB last=256.00 MB min=256.00 MB
[ZONE-RESET-AUDIT] site=device-zone-reset/SCRATCH:dev0 visits=1983 visits_with_live=0 live_max=0 live_total=0 distinct_sizes=0 distinct_cohorts=0 graphs=[0..1982]
[ZONE-RESET-AUDIT] site=device-zone-reset/SCRATCH:dev0 visits=1983 visits_with_live=0 live_max=0 live_total=0 distinct_sizes=0 distinct_cohorts=0 graphs=[0..1982]
[ZONE-RESET-AUDIT]   largest_free first=512.00 MB last=512.00 MB min=512.00 MB
[ZONE-RESET-AUDIT]   largest_free first=512.00 MB last=512.00 MB min=512.00 MB
[ZONE-RESET-AUDIT] site=host-zone-reset/SCRATCH visits=1982 visits_with_live=0 live_max=0 live_total=0 distinct_sizes=0 distinct_cohorts=0 graphs=[1..1982]
[ZONE-RESET-AUDIT] site=host-zone-reset/SCRATCH visits=1982 visits_with_live=0 live_max=0 live_total=0 distinct_sizes=0 distinct_cohorts=0 graphs=[1..1982]
[ZONE-RESET-AUDIT]   largest_free first=309.54 MB last=309.54 MB min=309.54 MB
[ZONE-RESET-AUDIT]   largest_free first=309.54 MB last=309.54 MB min=309.54 MB
[ZONE-RESET-AUDIT] site=host-zone-reset/STAGING visits=1983 visits_with_live=0 live_max=0 live_total=0 distinct_sizes=0 distinct_cohorts=0 graphs=[1..1983]
[ZONE-RESET-AUDIT] site=host-zone-reset/STAGING visits=1983 visits_with_live=0 live_max=0 live_total=0 distinct_sizes=0 distinct_cohorts=0 graphs=[1..1983]
[ZONE-RESET-AUDIT]   largest_free first=223.08 MB last=223.08 MB min=223.08 MB
[ZONE-RESET-AUDIT]   largest_free first=223.08 MB last=223.08 MB min=223.08 MB
[ZONE-RESET-AUDIT] site=scratch-pool-reset/bump:dev0 visits=1983 visits_with_live=0 live_max=0 live_total=0 distinct_sizes=0 distinct_cohorts=0 graphs=[1..1983]
[ZONE-RESET-AUDIT] site=scratch-pool-reset/bump:dev0 visits=1983 visits_with_live=0 live_max=0 live_total=0 distinct_sizes=0 distinct_cohorts=0 graphs=[1..1983]
[ZONE-RESET-AUDIT] site=weight-reclaim/load-boundary:dev0 visits=1 visits_with_live=0 live_max=0 live_total=0 distinct_sizes=0 distinct_cohorts=0 graphs=[0..0]
[ZONE-RESET-AUDIT] site=weight-reclaim/load-boundary:dev0 visits=1 visits_with_live=0 live_max=0 live_total=0 distinct_sizes=0 distinct_cohorts=0 graphs=[0..0]
[ZONE-RESET-AUDIT]   largest_free first=12820.00 MB last=12820.00 MB min=12820.00 MB
[ZONE-RESET-AUDIT]   largest_free first=12820.00 MB last=12820.00 MB min=12820.00 MB
[ZONE-RESET-AUDIT] site=weight-reclaim/mid-load-replan:dev0 visits=1 visits_with_live=0 live_max=0 live_total=0 distinct_sizes=0 distinct_cohorts=0 graphs=[0..0]
[ZONE-RESET-AUDIT] site=weight-reclaim/mid-load-replan:dev0 visits=1 visits_with_live=0 live_max=0 live_total=0 distinct_sizes=0 distinct_cohorts=0 graphs=[0..0]
[ZONE-RESET-AUDIT]   largest_free first=12820.00 MB last=12820.00 MB min=12820.00 MB
[ZONE-RESET-AUDIT]   largest_free first=12820.00 MB last=12820.00 MB min=12820.00 MB
[ZONE-RESET-AUDIT]   timing vram/kv alloc_calls=64 alloc_MB=96.0 alloc_ms=0.073 free_calls=32 free_ms=0.013 allocs_per_graph_max=32 allocs_per_graph_mean=0.0 graphs=1983
[ZONE-RESET-AUDIT]   timing vram/kv alloc_calls=64 alloc_MB=96.0 alloc_ms=0.073 free_calls=32 free_ms=0.013 allocs_per_graph_max=32 allocs_per_graph_mean=0.0 graphs=1983
[ZONE-RESET-AUDIT]   timing vram/weight alloc_calls=521 alloc_MB=8368.0 alloc_ms=0.399 free_calls=4 free_ms=0.004 allocs_per_graph_max=517 allocs_per_graph_mean=0.3 graphs=1983
[ZONE-RESET-AUDIT]   timing vram/weight alloc_calls=521 alloc_MB=8368.0 alloc_ms=0.399 free_calls=4 free_ms=0.004 allocs_per_graph_max=517 allocs_per_graph_mean=0.3 graphs=1983
[ZONE-RESET-AUDIT]   timing vram/onednn alloc_calls=6 alloc_MB=278.0 alloc_ms=0.002 free_calls=4 free_ms=0.002 allocs_per_graph_max=6 allocs_per_graph_mean=0.0 graphs=1983
[ZONE-RESET-AUDIT]   timing vram/onednn alloc_calls=6 alloc_MB=278.0 alloc_ms=0.002 free_calls=4 free_ms=0.002 allocs_per_graph_max=6 allocs_per_graph_mean=0.0 graphs=1983
[ZONE-RESET-AUDIT]   timing vram/runtime alloc_calls=1987 alloc_MB=2124.5 alloc_ms=0.765 free_calls=1985 free_ms=1.857 allocs_per_graph_max=65 allocs_per_graph_mean=1.0 graphs=1983
[ZONE-RESET-AUDIT]   timing vram/runtime alloc_calls=1987 alloc_MB=2124.5 alloc_ms=0.765 free_calls=1985 free_ms=1.857 allocs_per_graph_max=65 allocs_per_graph_mean=1.0 graphs=1983
[ZONE-RESET-AUDIT]   timing host/WEIGHT alloc_calls=36 alloc_MB=26.4 alloc_ms=0.025 free_calls=33 free_ms=0.037 allocs_per_graph_max=3 allocs_per_graph_mean=0.0 graphs=1983
[ZONE-RESET-AUDIT]   timing host/WEIGHT alloc_calls=36 alloc_MB=26.4 alloc_ms=0.025 free_calls=33 free_ms=0.037 allocs_per_graph_max=3 allocs_per_graph_mean=0.0 graphs=1983
[ZONE-RESET-AUDIT]   timing host/STAGING alloc_calls=5947 alloc_MB=102.6 alloc_ms=1.682 free_calls=5947 free_ms=4.927 allocs_per_graph_max=3 allocs_per_graph_mean=3.0 graphs=1983
[ZONE-RESET-AUDIT]   timing host/STAGING alloc_calls=5947 alloc_MB=102.6 alloc_ms=1.682 free_calls=5947 free_ms=4.927 allocs_per_graph_max=3 allocs_per_graph_mean=3.0 graphs=1983
[ZONE-RESET-AUDIT]   timing host/SCRATCH alloc_calls=66147 alloc_MB=5283.5 alloc_ms=12.015 free_calls=66147 free_ms=25.531 allocs_per_graph_max=741 allocs_per_graph_mean=33.4 graphs=1983
[ZONE-RESET-AUDIT]   timing host/SCRATCH alloc_calls=66147 alloc_MB=5283.5 alloc_ms=12.015 free_calls=66147 free_ms=25.531 allocs_per_graph_max=741 allocs_per_graph_mean=33.4 graphs=1983
[ZONE-RESET-AUDIT] ==== end inventory ====
[ZONE-RESET-AUDIT] ==== end inventory ====
[ZONE-RESET-AUDIT] ==== escape inventory (periodic) graphs=2047 ====
[ZONE-RESET-AUDIT] ==== escape inventory (periodic) graphs=2047 ====
[ZONE-RESET-AUDIT] site=device-zone-reset/ONEDNN:dev0 visits=3 visits_with_live=0 live_max=0 live_total=0 distinct_sizes=0 distinct_cohorts=0 graphs=[1..1]
[ZONE-RESET-AUDIT] site=device-zone-reset/ONEDNN:dev0 visits=3 visits_with_live=0 live_max=0 live_total=0 distinct_sizes=0 distinct_cohorts=0 graphs=[1..1]
[ZONE-RESET-AUDIT]   largest_free first=256.00 MB last=256.00 MB min=256.00 MB
[ZONE-RESET-AUDIT]   largest_free first=256.00 MB last=256.00 MB min=256.00 MB
[ZONE-RESET-AUDIT] site=device-zone-reset/SCRATCH:dev0 visits=2047 visits_with_live=0 live_max=0 live_total=0 distinct_sizes=0 distinct_cohorts=0 graphs=[0..2046]
[ZONE-RESET-AUDIT] site=device-zone-reset/SCRATCH:dev0 visits=2047 visits_with_live=0 live_max=0 live_total=0 distinct_sizes=0 distinct_cohorts=0 graphs=[0..2046]
[ZONE-RESET-AUDIT]   largest_free first=512.00 MB last=512.00 MB min=512.00 MB
[ZONE-RESET-AUDIT]   largest_free first=512.00 MB last=512.00 MB min=512.00 MB
[ZONE-RESET-AUDIT] site=host-zone-reset/SCRATCH visits=2046 visits_with_live=0 live_max=0 live_total=0 distinct_sizes=0 distinct_cohorts=0 graphs=[1..2046]
[ZONE-RESET-AUDIT] site=host-zone-reset/SCRATCH visits=2046 visits_with_live=0 live_max=0 live_total=0 distinct_sizes=0 distinct_cohorts=0 graphs=[1..2046]
[ZONE-RESET-AUDIT]   largest_free first=309.54 MB last=309.54 MB min=309.54 MB
[ZONE-RESET-AUDIT]   largest_free first=309.54 MB last=309.54 MB min=309.54 MB
[ZONE-RESET-AUDIT] site=host-zone-reset/STAGING visits=2047 visits_with_live=0 live_max=0 live_total=0 distinct_sizes=0 distinct_cohorts=0 graphs=[1..2047]
[ZONE-RESET-AUDIT] site=host-zone-reset/STAGING visits=2047 visits_with_live=0 live_max=0 live_total=0 distinct_sizes=0 distinct_cohorts=0 graphs=[1..2047]
[ZONE-RESET-AUDIT]   largest_free first=223.08 MB last=223.08 MB min=223.08 MB
[ZONE-RESET-AUDIT]   largest_free first=223.08 MB last=223.08 MB min=223.08 MB
[ZONE-RESET-AUDIT] site=scratch-pool-reset/bump:dev0 visits=2047 visits_with_live=0 live_max=0 live_total=0 distinct_sizes=0 distinct_cohorts=0 graphs=[1..2047]
[ZONE-RESET-AUDIT] site=scratch-pool-reset/bump:dev0 visits=2047 visits_with_live=0 live_max=0 live_total=0 distinct_sizes=0 distinct_cohorts=0 graphs=[1..2047]
[ZONE-RESET-AUDIT] site=weight-reclaim/load-boundary:dev0 visits=1 visits_with_live=0 live_max=0 live_total=0 distinct_sizes=0 distinct_cohorts=0 graphs=[0..0]
[ZONE-RESET-AUDIT] site=weight-reclaim/load-boundary:dev0 visits=1 visits_with_live=0 live_max=0 live_total=0 distinct_sizes=0 distinct_cohorts=0 graphs=[0..0]
[ZONE-RESET-AUDIT]   largest_free first=12820.00 MB last=12820.00 MB min=12820.00 MB
[ZONE-RESET-AUDIT]   largest_free first=12820.00 MB last=12820.00 MB min=12820.00 MB
[ZONE-RESET-AUDIT] site=weight-reclaim/mid-load-replan:dev0 visits=1 visits_with_live=0 live_max=0 live_total=0 distinct_sizes=0 distinct_cohorts=0 graphs=[0..0]
[ZONE-RESET-AUDIT] site=weight-reclaim/mid-load-replan:dev0 visits=1 visits_with_live=0 live_max=0 live_total=0 distinct_sizes=0 distinct_cohorts=0 graphs=[0..0]
[ZONE-RESET-AUDIT]   largest_free first=12820.00 MB last=12820.00 MB min=12820.00 MB
[ZONE-RESET-AUDIT]   largest_free first=12820.00 MB last=12820.00 MB min=12820.00 MB
[ZONE-RESET-AUDIT]   timing vram/kv alloc_calls=64 alloc_MB=96.0 alloc_ms=0.073 free_calls=32 free_ms=0.013 allocs_per_graph_max=32 allocs_per_graph_mean=0.0 graphs=2047
[ZONE-RESET-AUDIT]   timing vram/kv alloc_calls=64 alloc_MB=96.0 alloc_ms=0.073 free_calls=32 free_ms=0.013 allocs_per_graph_max=32 allocs_per_graph_mean=0.0 graphs=2047
[ZONE-RESET-AUDIT]   timing vram/weight alloc_calls=521 alloc_MB=8368.0 alloc_ms=0.399 free_calls=4 free_ms=0.004 allocs_per_graph_max=517 allocs_per_graph_mean=0.3 graphs=2047
[ZONE-RESET-AUDIT]   timing vram/weight alloc_calls=521 alloc_MB=8368.0 alloc_ms=0.399 free_calls=4 free_ms=0.004 allocs_per_graph_max=517 allocs_per_graph_mean=0.3 graphs=2047
[ZONE-RESET-AUDIT]   timing vram/onednn alloc_calls=6 alloc_MB=278.0 alloc_ms=0.002 free_calls=4 free_ms=0.002 allocs_per_graph_max=6 allocs_per_graph_mean=0.0 graphs=2047
[ZONE-RESET-AUDIT]   timing vram/onednn alloc_calls=6 alloc_MB=278.0 alloc_ms=0.002 free_calls=4 free_ms=0.002 allocs_per_graph_max=6 allocs_per_graph_mean=0.0 graphs=2047
[ZONE-RESET-AUDIT]   timing vram/runtime alloc_calls=1987 alloc_MB=2124.5 alloc_ms=0.765 free_calls=1985 free_ms=1.857 allocs_per_graph_max=65 allocs_per_graph_mean=1.0 graphs=2047
[ZONE-RESET-AUDIT]   timing vram/runtime alloc_calls=1987 alloc_MB=2124.5 alloc_ms=0.765 free_calls=1985 free_ms=1.857 allocs_per_graph_max=65 allocs_per_graph_mean=1.0 graphs=2047
[ZONE-RESET-AUDIT]   timing host/WEIGHT alloc_calls=36 alloc_MB=26.4 alloc_ms=0.025 free_calls=33 free_ms=0.037 allocs_per_graph_max=3 allocs_per_graph_mean=0.0 graphs=2047
[ZONE-RESET-AUDIT]   timing host/WEIGHT alloc_calls=36 alloc_MB=26.4 alloc_ms=0.025 free_calls=33 free_ms=0.037 allocs_per_graph_max=3 allocs_per_graph_mean=0.0 graphs=2047
[ZONE-RESET-AUDIT]   timing host/STAGING alloc_calls=6139 alloc_MB=102.6 alloc_ms=1.733 free_calls=6139 free_ms=5.037 allocs_per_graph_max=3 allocs_per_graph_mean=3.0 graphs=2047
[ZONE-RESET-AUDIT]   timing host/STAGING alloc_calls=6139 alloc_MB=102.6 alloc_ms=1.733 free_calls=6139 free_ms=5.037 allocs_per_graph_max=3 allocs_per_graph_mean=3.0 graphs=2047
[ZONE-RESET-AUDIT]   timing host/SCRATCH alloc_calls=68259 alloc_MB=5292.3 alloc_ms=12.352 free_calls=68259 free_ms=26.263 allocs_per_graph_max=741 allocs_per_graph_mean=33.3 graphs=2047
[ZONE-RESET-AUDIT]   timing host/SCRATCH alloc_calls=68259 alloc_MB=5292.3 alloc_ms=12.352 free_calls=68259 free_ms=26.263 allocs_per_graph_max=741 allocs_per_graph_mean=33.3 graphs=2047
[ZONE-RESET-AUDIT] ==== end inventory ====
[ZONE-RESET-AUDIT] ==== end inventory ====
set_n_threads: n_threads = 4, n_threads_batch = 4
[ZONE-RESET-AUDIT] ==== escape inventory (periodic) graphs=2111 ====
[ZONE-RESET-AUDIT] ==== escape inventory (periodic) graphs=2111 ====
[ZONE-RESET-AUDIT] site=device-zone-reset/ONEDNN:dev0 visits=3 visits_with_live=0 live_max=0 live_total=0 distinct_sizes=0 distinct_cohorts=0 graphs=[1..1]
[ZONE-RESET-AUDIT] site=device-zone-reset/ONEDNN:dev0 visits=3 visits_with_live=0 live_max=0 live_total=0 distinct_sizes=0 distinct_cohorts=0 graphs=[1..1]
[ZONE-RESET-AUDIT]   largest_free first=256.00 MB last=256.00 MB min=256.00 MB
[ZONE-RESET-AUDIT]   largest_free first=256.00 MB last=256.00 MB min=256.00 MB
[ZONE-RESET-AUDIT] site=device-zone-reset/SCRATCH:dev0 visits=2111 visits_with_live=0 live_max=0 live_total=0 distinct_sizes=0 distinct_cohorts=0 graphs=[0..2110]
[ZONE-RESET-AUDIT] site=device-zone-reset/SCRATCH:dev0 visits=2111 visits_with_live=0 live_max=0 live_total=0 distinct_sizes=0 distinct_cohorts=0 graphs=[0..2110]
[ZONE-RESET-AUDIT]   largest_free first=512.00 MB last=512.00 MB min=512.00 MB
[ZONE-RESET-AUDIT]   largest_free first=512.00 MB last=512.00 MB min=512.00 MB
[ZONE-RESET-AUDIT] site=host-zone-reset/SCRATCH visits=2110 visits_with_live=0 live_max=0 live_total=0 distinct_sizes=0 distinct_cohorts=0 graphs=[1..2110]
[ZONE-RESET-AUDIT] site=host-zone-reset/SCRATCH visits=2110 visits_with_live=0 live_max=0 live_total=0 distinct_sizes=0 distinct_cohorts=0 graphs=[1..2110]
[ZONE-RESET-AUDIT]   largest_free first=309.54 MB last=309.54 MB min=309.54 MB
[ZONE-RESET-AUDIT]   largest_free first=309.54 MB last=309.54 MB min=309.54 MB
[ZONE-RESET-AUDIT] site=host-zone-reset/STAGING visits=2111 visits_with_live=0 live_max=0 live_total=0 distinct_sizes=0 distinct_cohorts=0 graphs=[1..2111]
[ZONE-RESET-AUDIT] site=host-zone-reset/STAGING visits=2111 visits_with_live=0 live_max=0 live_total=0 distinct_sizes=0 distinct_cohorts=0 graphs=[1..2111]
[ZONE-RESET-AUDIT]   largest_free first=223.08 MB last=223.08 MB min=223.08 MB
[ZONE-RESET-AUDIT]   largest_free first=223.08 MB last=223.08 MB min=223.08 MB
[ZONE-RESET-AUDIT] site=scratch-pool-reset/bump:dev0 visits=2111 visits_with_live=0 live_max=0 live_total=0 distinct_sizes=0 distinct_cohorts=0 graphs=[1..2111]
[ZONE-RESET-AUDIT] site=scratch-pool-reset/bump:dev0 visits=2111 visits_with_live=0 live_max=0 live_total=0 distinct_sizes=0 distinct_cohorts=0 graphs=[1..2111]
[ZONE-RESET-AUDIT] site=weight-reclaim/load-boundary:dev0 visits=1 visits_with_live=0 live_max=0 live_total=0 distinct_sizes=0 distinct_cohorts=0 graphs=[0..0]
[ZONE-RESET-AUDIT] site=weight-reclaim/load-boundary:dev0 visits=1 visits_with_live=0 live_max=0 live_total=0 distinct_sizes=0 distinct_cohorts=0 graphs=[0..0]
[ZONE-RESET-AUDIT]   largest_free first=12820.00 MB last=12820.00 MB min=12820.00 MB
[ZONE-RESET-AUDIT]   largest_free first=12820.00 MB last=12820.00 MB min=12820.00 MB
[ZONE-RESET-AUDIT] site=weight-reclaim/mid-load-replan:dev0 visits=1 visits_with_live=0 live_max=0 live_total=0 distinct_sizes=0 distinct_cohorts=0 graphs=[0..0]
[ZONE-RESET-AUDIT] site=weight-reclaim/mid-load-replan:dev0 visits=1 visits_with_live=0 live_max=0 live_total=0 distinct_sizes=0 distinct_cohorts=0 graphs=[0..0]
[ZONE-RESET-AUDIT]   largest_free first=12820.00 MB last=12820.00 MB min=12820.00 MB
[ZONE-RESET-AUDIT]   largest_free first=12820.00 MB last=12820.00 MB min=12820.00 MB
[ZONE-RESET-AUDIT]   timing vram/kv alloc_calls=64 alloc_MB=96.0 alloc_ms=0.073 free_calls=32 free_ms=0.013 allocs_per_graph_max=32 allocs_per_graph_mean=0.0 graphs=2111
[ZONE-RESET-AUDIT]   timing vram/kv alloc_calls=64 alloc_MB=96.0 alloc_ms=0.073 free_calls=32 free_ms=0.013 allocs_per_graph_max=32 allocs_per_graph_mean=0.0 graphs=2111
[ZONE-RESET-AUDIT]   timing vram/weight alloc_calls=521 alloc_MB=8368.0 alloc_ms=0.399 free_calls=4 free_ms=0.004 allocs_per_graph_max=517 allocs_per_graph_mean=0.2 graphs=2111
[ZONE-RESET-AUDIT]   timing vram/weight alloc_calls=521 alloc_MB=8368.0 alloc_ms=0.399 free_calls=4 free_ms=0.004 allocs_per_graph_max=517 allocs_per_graph_mean=0.2 graphs=2111
[ZONE-RESET-AUDIT]   timing vram/onednn alloc_calls=6 alloc_MB=278.0 alloc_ms=0.002 free_calls=4 free_ms=0.002 allocs_per_graph_max=6 allocs_per_graph_mean=0.0 graphs=2111
[ZONE-RESET-AUDIT]   timing vram/onednn alloc_calls=6 alloc_MB=278.0 alloc_ms=0.002 free_calls=4 free_ms=0.002 allocs_per_graph_max=6 allocs_per_graph_mean=0.0 graphs=2111
[ZONE-RESET-AUDIT]   timing vram/runtime alloc_calls=1987 alloc_MB=2124.5 alloc_ms=0.765 free_calls=1985 free_ms=1.857 allocs_per_graph_max=65 allocs_per_graph_mean=0.9 graphs=2111
[ZONE-RESET-AUDIT]   timing vram/runtime alloc_calls=1987 alloc_MB=2124.5 alloc_ms=0.765 free_calls=1985 free_ms=1.857 allocs_per_graph_max=65 allocs_per_graph_mean=0.9 graphs=2111
[ZONE-RESET-AUDIT]   timing host/WEIGHT alloc_calls=36 alloc_MB=26.4 alloc_ms=0.025 free_calls=33 free_ms=0.037 allocs_per_graph_max=3 allocs_per_graph_mean=0.0 graphs=2111
[ZONE-RESET-AUDIT]   timing host/WEIGHT alloc_calls=36 alloc_MB=26.4 alloc_ms=0.025 free_calls=33 free_ms=0.037 allocs_per_graph_max=3 allocs_per_graph_mean=0.0 graphs=2111
[ZONE-RESET-AUDIT]   timing host/STAGING alloc_calls=6331 alloc_MB=102.6 alloc_ms=1.781 free_calls=6331 free_ms=5.150 allocs_per_graph_max=3 allocs_per_graph_mean=3.0 graphs=2111
[ZONE-RESET-AUDIT]   timing host/STAGING alloc_calls=6331 alloc_MB=102.6 alloc_ms=1.781 free_calls=6331 free_ms=5.150 allocs_per_graph_max=3 allocs_per_graph_mean=3.0 graphs=2111
[ZONE-RESET-AUDIT]   timing host/SCRATCH alloc_calls=70371 alloc_MB=5301.1 alloc_ms=12.674 free_calls=70371 free_ms=26.994 allocs_per_graph_max=741 allocs_per_graph_mean=33.3 graphs=2111
[ZONE-RESET-AUDIT]   timing host/SCRATCH alloc_calls=70371 alloc_MB=5301.1 alloc_ms=12.674 free_calls=70371 free_ms=26.994 allocs_per_graph_max=741 allocs_per_graph_mean=33.3 graphs=2111
[ZONE-RESET-AUDIT] ==== end inventory ====
[ZONE-RESET-AUDIT] ==== end inventory ====
[ZONE-RESET-AUDIT] ==== escape inventory (periodic) graphs=2175 ====
[ZONE-RESET-AUDIT] ==== escape inventory (periodic) graphs=2175 ====
[ZONE-RESET-AUDIT] site=device-zone-reset/ONEDNN:dev0 visits=3 visits_with_live=0 live_max=0 live_total=0 distinct_sizes=0 distinct_cohorts=0 graphs=[1..1]
[ZONE-RESET-AUDIT] site=device-zone-reset/ONEDNN:dev0 visits=3 visits_with_live=0 live_max=0 live_total=0 distinct_sizes=0 distinct_cohorts=0 graphs=[1..1]
[ZONE-RESET-AUDIT]   largest_free first=256.00 MB last=256.00 MB min=256.00 MB
[ZONE-RESET-AUDIT]   largest_free first=256.00 MB last=256.00 MB min=256.00 MB
[ZONE-RESET-AUDIT] site=device-zone-reset/SCRATCH:dev0 visits=2175 visits_with_live=0 live_max=0 live_total=0 distinct_sizes=0 distinct_cohorts=0 graphs=[0..2174]
[ZONE-RESET-AUDIT] site=device-zone-reset/SCRATCH:dev0 visits=2175 visits_with_live=0 live_max=0 live_total=0 distinct_sizes=0 distinct_cohorts=0 graphs=[0..2174]
[ZONE-RESET-AUDIT]   largest_free first=512.00 MB last=512.00 MB min=512.00 MB
[ZONE-RESET-AUDIT]   largest_free first=512.00 MB last=512.00 MB min=512.00 MB
[ZONE-RESET-AUDIT] site=host-zone-reset/SCRATCH visits=2174 visits_with_live=0 live_max=0 live_total=0 distinct_sizes=0 distinct_cohorts=0 graphs=[1..2174]
[ZONE-RESET-AUDIT] site=host-zone-reset/SCRATCH visits=2174 visits_with_live=0 live_max=0 live_total=0 distinct_sizes=0 distinct_cohorts=0 graphs=[1..2174]
[ZONE-RESET-AUDIT]   largest_free first=309.54 MB last=309.54 MB min=309.54 MB
[ZONE-RESET-AUDIT]   largest_free first=309.54 MB last=309.54 MB min=309.54 MB
[ZONE-RESET-AUDIT] site=host-zone-reset/STAGING visits=2175 visits_with_live=0 live_max=0 live_total=0 distinct_sizes=0 distinct_cohorts=0 graphs=[1..2175]
[ZONE-RESET-AUDIT] site=host-zone-reset/STAGING visits=2175 visits_with_live=0 live_max=0 live_total=0 distinct_sizes=0 distinct_cohorts=0 graphs=[1..2175]
[ZONE-RESET-AUDIT]   largest_free first=223.08 MB last=223.08 MB min=223.08 MB
[ZONE-RESET-AUDIT]   largest_free first=223.08 MB last=223.08 MB min=223.08 MB
[ZONE-RESET-AUDIT] site=scratch-pool-reset/bump:dev0 visits=2175 visits_with_live=0 live_max=0 live_total=0 distinct_sizes=0 distinct_cohorts=0 graphs=[1..2175]
[ZONE-RESET-AUDIT] site=scratch-pool-reset/bump:dev0 visits=2175 visits_with_live=0 live_max=0 live_total=0 distinct_sizes=0 distinct_cohorts=0 graphs=[1..2175]
[ZONE-RESET-AUDIT] site=weight-reclaim/load-boundary:dev0 visits=1 visits_with_live=0 live_max=0 live_total=0 distinct_sizes=0 distinct_cohorts=0 graphs=[0..0]
[ZONE-RESET-AUDIT] site=weight-reclaim/load-boundary:dev0 visits=1 visits_with_live=0 live_max=0 live_total=0 distinct_sizes=0 distinct_cohorts=0 graphs=[0..0]
[ZONE-RESET-AUDIT]   largest_free first=12820.00 MB last=12820.00 MB min=12820.00 MB
[ZONE-RESET-AUDIT]   largest_free first=12820.00 MB last=12820.00 MB min=12820.00 MB
[ZONE-RESET-AUDIT] site=weight-reclaim/mid-load-replan:dev0 visits=1 visits_with_live=0 live_max=0 live_total=0 distinct_sizes=0 distinct_cohorts=0 graphs=[0..0]
[ZONE-RESET-AUDIT] site=weight-reclaim/mid-load-replan:dev0 visits=1 visits_with_live=0 live_max=0 live_total=0 distinct_sizes=0 distinct_cohorts=0 graphs=[0..0]
[ZONE-RESET-AUDIT]   largest_free first=12820.00 MB last=12820.00 MB min=12820.00 MB
[ZONE-RESET-AUDIT]   largest_free first=12820.00 MB last=12820.00 MB min=12820.00 MB
[ZONE-RESET-AUDIT]   timing vram/kv alloc_calls=64 alloc_MB=96.0 alloc_ms=0.073 free_calls=32 free_ms=0.013 allocs_per_graph_max=32 allocs_per_graph_mean=0.0 graphs=2175
[ZONE-RESET-AUDIT]   timing vram/kv alloc_calls=64 alloc_MB=96.0 alloc_ms=0.073 free_calls=32 free_ms=0.013 allocs_per_graph_max=32 allocs_per_graph_mean=0.0 graphs=2175
[ZONE-RESET-AUDIT]   timing vram/weight alloc_calls=521 alloc_MB=8368.0 alloc_ms=0.399 free_calls=4 free_ms=0.004 allocs_per_graph_max=517 allocs_per_graph_mean=0.2 graphs=2175
[ZONE-RESET-AUDIT]   timing vram/weight alloc_calls=521 alloc_MB=8368.0 alloc_ms=0.399 free_calls=4 free_ms=0.004 allocs_per_graph_max=517 allocs_per_graph_mean=0.2 graphs=2175
[ZONE-RESET-AUDIT]   timing vram/onednn alloc_calls=6 alloc_MB=278.0 alloc_ms=0.002 free_calls=4 free_ms=0.002 allocs_per_graph_max=6 allocs_per_graph_mean=0.0 graphs=2175
[ZONE-RESET-AUDIT]   timing vram/onednn alloc_calls=6 alloc_MB=278.0 alloc_ms=0.002 free_calls=4 free_ms=0.002 allocs_per_graph_max=6 allocs_per_graph_mean=0.0 graphs=2175
[ZONE-RESET-AUDIT]   timing vram/runtime alloc_calls=1987 alloc_MB=2124.5 alloc_ms=0.765 free_calls=1985 free_ms=1.857 allocs_per_graph_max=65 allocs_per_graph_mean=0.9 graphs=2175
[ZONE-RESET-AUDIT]   timing vram/runtime alloc_calls=1987 alloc_MB=2124.5 alloc_ms=0.765 free_calls=1985 free_ms=1.857 allocs_per_graph_max=65 allocs_per_graph_mean=0.9 graphs=2175
[ZONE-RESET-AUDIT]   timing host/WEIGHT alloc_calls=36 alloc_MB=26.4 alloc_ms=0.025 free_calls=33 free_ms=0.037 allocs_per_graph_max=3 allocs_per_graph_mean=0.0 graphs=2175
[ZONE-RESET-AUDIT]   timing host/WEIGHT alloc_calls=36 alloc_MB=26.4 alloc_ms=0.025 free_calls=33 free_ms=0.037 allocs_per_graph_max=3 allocs_per_graph_mean=0.0 graphs=2175
[ZONE-RESET-AUDIT]   timing host/STAGING alloc_calls=6523 alloc_MB=102.6 alloc_ms=1.834 free_calls=6523 free_ms=5.270 allocs_per_graph_max=3 allocs_per_graph_mean=3.0 graphs=2175
[ZONE-RESET-AUDIT]   timing host/STAGING alloc_calls=6523 alloc_MB=102.6 alloc_ms=1.834 free_calls=6523 free_ms=5.270 allocs_per_graph_max=3 allocs_per_graph_mean=3.0 graphs=2175
[ZONE-RESET-AUDIT]   timing host/SCRATCH alloc_calls=72483 alloc_MB=5309.9 alloc_ms=13.008 free_calls=72483 free_ms=27.736 allocs_per_graph_max=741 allocs_per_graph_mean=33.3 graphs=2175
[ZONE-RESET-AUDIT]   timing host/SCRATCH alloc_calls=72483 alloc_MB=5309.9 alloc_ms=13.008 free_calls=72483 free_ms=27.736 allocs_per_graph_max=741 allocs_per_graph_mean=33.3 graphs=2175
[ZONE-RESET-AUDIT] ==== end inventory ====
[ZONE-RESET-AUDIT] ==== end inventory ====
set_n_threads: n_threads = 4, n_threads_batch = 4
[ZONE-RESET-AUDIT] ==== escape inventory (periodic) graphs=2239 ====
[ZONE-RESET-AUDIT] ==== escape inventory (periodic) graphs=2239 ====
[ZONE-RESET-AUDIT] site=device-zone-reset/ONEDNN:dev0 visits=3 visits_with_live=0 live_max=0 live_total=0 distinct_sizes=0 distinct_cohorts=0 graphs=[1..1]
[ZONE-RESET-AUDIT] site=device-zone-reset/ONEDNN:dev0 visits=3 visits_with_live=0 live_max=0 live_total=0 distinct_sizes=0 distinct_cohorts=0 graphs=[1..1]
[ZONE-RESET-AUDIT]   largest_free first=256.00 MB last=256.00 MB min=256.00 MB
[ZONE-RESET-AUDIT]   largest_free first=256.00 MB last=256.00 MB min=256.00 MB
[ZONE-RESET-AUDIT] site=device-zone-reset/SCRATCH:dev0 visits=2239 visits_with_live=0 live_max=0 live_total=0 distinct_sizes=0 distinct_cohorts=0 graphs=[0..2238]
[ZONE-RESET-AUDIT] site=device-zone-reset/SCRATCH:dev0 visits=2239 visits_with_live=0 live_max=0 live_total=0 distinct_sizes=0 distinct_cohorts=0 graphs=[0..2238]
[ZONE-RESET-AUDIT]   largest_free first=512.00 MB last=512.00 MB min=512.00 MB
[ZONE-RESET-AUDIT]   largest_free first=512.00 MB last=512.00 MB min=512.00 MB
[ZONE-RESET-AUDIT] site=host-zone-reset/SCRATCH visits=2238 visits_with_live=0 live_max=0 live_total=0 distinct_sizes=0 distinct_cohorts=0 graphs=[1..2238]
[ZONE-RESET-AUDIT] site=host-zone-reset/SCRATCH visits=2238 visits_with_live=0 live_max=0 live_total=0 distinct_sizes=0 distinct_cohorts=0 graphs=[1..2238]
[ZONE-RESET-AUDIT]   largest_free first=309.54 MB last=309.54 MB min=309.54 MB
[ZONE-RESET-AUDIT]   largest_free first=309.54 MB last=309.54 MB min=309.54 MB
[ZONE-RESET-AUDIT] site=host-zone-reset/STAGING visits=2239 visits_with_live=0 live_max=0 live_total=0 distinct_sizes=0 distinct_cohorts=0 graphs=[1..2239]
[ZONE-RESET-AUDIT] site=host-zone-reset/STAGING visits=2239 visits_with_live=0 live_max=0 live_total=0 distinct_sizes=0 distinct_cohorts=0 graphs=[1..2239]
[ZONE-RESET-AUDIT]   largest_free first=223.08 MB last=223.08 MB min=223.08 MB
[ZONE-RESET-AUDIT]   largest_free first=223.08 MB last=223.08 MB min=223.08 MB
[ZONE-RESET-AUDIT] site=scratch-pool-reset/bump:dev0 visits=2239 visits_with_live=0 live_max=0 live_total=0 distinct_sizes=0 distinct_cohorts=0 graphs=[1..2239]
[ZONE-RESET-AUDIT] site=scratch-pool-reset/bump:dev0 visits=2239 visits_with_live=0 live_max=0 live_total=0 distinct_sizes=0 distinct_cohorts=0 graphs=[1..2239]
[ZONE-RESET-AUDIT] site=weight-reclaim/load-boundary:dev0 visits=1 visits_with_live=0 live_max=0 live_total=0 distinct_sizes=0 distinct_cohorts=0 graphs=[0..0]
[ZONE-RESET-AUDIT] site=weight-reclaim/load-boundary:dev0 visits=1 visits_with_live=0 live_max=0 live_total=0 distinct_sizes=0 distinct_cohorts=0 graphs=[0..0]
[ZONE-RESET-AUDIT]   largest_free first=12820.00 MB last=12820.00 MB min=12820.00 MB
[ZONE-RESET-AUDIT]   largest_free first=12820.00 MB last=12820.00 MB min=12820.00 MB
[ZONE-RESET-AUDIT] site=weight-reclaim/mid-load-replan:dev0 visits=1 visits_with_live=0 live_max=0 live_total=0 distinct_sizes=0 distinct_cohorts=0 graphs=[0..0]
[ZONE-RESET-AUDIT] site=weight-reclaim/mid-load-replan:dev0 visits=1 visits_with_live=0 live_max=0 live_total=0 distinct_sizes=0 distinct_cohorts=0 graphs=[0..0]
[ZONE-RESET-AUDIT]   largest_free first=12820.00 MB last=12820.00 MB min=12820.00 MB
[ZONE-RESET-AUDIT]   largest_free first=12820.00 MB last=12820.00 MB min=12820.00 MB
[ZONE-RESET-AUDIT]   timing vram/kv alloc_calls=64 alloc_MB=96.0 alloc_ms=0.073 free_calls=32 free_ms=0.013 allocs_per_graph_max=32 allocs_per_graph_mean=0.0 graphs=2239
[ZONE-RESET-AUDIT]   timing vram/kv alloc_calls=64 alloc_MB=96.0 alloc_ms=0.073 free_calls=32 free_ms=0.013 allocs_per_graph_max=32 allocs_per_graph_mean=0.0 graphs=2239
[ZONE-RESET-AUDIT]   timing vram/weight alloc_calls=521 alloc_MB=8368.0 alloc_ms=0.399 free_calls=4 free_ms=0.004 allocs_per_graph_max=517 allocs_per_graph_mean=0.2 graphs=2239
[ZONE-RESET-AUDIT]   timing vram/weight alloc_calls=521 alloc_MB=8368.0 alloc_ms=0.399 free_calls=4 free_ms=0.004 allocs_per_graph_max=517 allocs_per_graph_mean=0.2 graphs=2239
[ZONE-RESET-AUDIT]   timing vram/onednn alloc_calls=6 alloc_MB=278.0 alloc_ms=0.002 free_calls=4 free_ms=0.002 allocs_per_graph_max=6 allocs_per_graph_mean=0.0 graphs=2239
[ZONE-RESET-AUDIT]   timing vram/onednn alloc_calls=6 alloc_MB=278.0 alloc_ms=0.002 free_calls=4 free_ms=0.002 allocs_per_graph_max=6 allocs_per_graph_mean=0.0 graphs=2239
[ZONE-RESET-AUDIT]   timing vram/runtime alloc_calls=1987 alloc_MB=2124.5 alloc_ms=0.765 free_calls=1985 free_ms=1.857 allocs_per_graph_max=65 allocs_per_graph_mean=0.9 graphs=2239
[ZONE-RESET-AUDIT]   timing vram/runtime alloc_calls=1987 alloc_MB=2124.5 alloc_ms=0.765 free_calls=1985 free_ms=1.857 allocs_per_graph_max=65 allocs_per_graph_mean=0.9 graphs=2239
[ZONE-RESET-AUDIT]   timing host/WEIGHT alloc_calls=36 alloc_MB=26.4 alloc_ms=0.025 free_calls=33 free_ms=0.037 allocs_per_graph_max=3 allocs_per_graph_mean=0.0 graphs=2239
[ZONE-RESET-AUDIT]   timing host/WEIGHT alloc_calls=36 alloc_MB=26.4 alloc_ms=0.025 free_calls=33 free_ms=0.037 allocs_per_graph_max=3 allocs_per_graph_mean=0.0 graphs=2239
[ZONE-RESET-AUDIT]   timing host/STAGING alloc_calls=6715 alloc_MB=102.6 alloc_ms=1.885 free_calls=6715 free_ms=5.378 allocs_per_graph_max=3 allocs_per_graph_mean=3.0 graphs=2239
[ZONE-RESET-AUDIT]   timing host/STAGING alloc_calls=6715 alloc_MB=102.6 alloc_ms=1.885 free_calls=6715 free_ms=5.378 allocs_per_graph_max=3 allocs_per_graph_mean=3.0 graphs=2239
[ZONE-RESET-AUDIT]   timing host/SCRATCH alloc_calls=74595 alloc_MB=5318.7 alloc_ms=13.343 free_calls=74595 free_ms=28.498 allocs_per_graph_max=741 allocs_per_graph_mean=33.3 graphs=2239
[ZONE-RESET-AUDIT]   timing host/SCRATCH alloc_calls=74595 alloc_MB=5318.7 alloc_ms=13.343 free_calls=74595 free_ms=28.498 allocs_per_graph_max=741 allocs_per_graph_mean=33.3 graphs=2239
[ZONE-RESET-AUDIT] ==== end inventory ====
[ZONE-RESET-AUDIT] ==== end inventory ====
[ZONE-RESET-AUDIT] ==== escape inventory (periodic) graphs=2303 ====
[ZONE-RESET-AUDIT] ==== escape inventory (periodic) graphs=2303 ====
[ZONE-RESET-AUDIT] site=device-zone-reset/ONEDNN:dev0 visits=3 visits_with_live=0 live_max=0 live_total=0 distinct_sizes=0 distinct_cohorts=0 graphs=[1..1]
[ZONE-RESET-AUDIT] site=device-zone-reset/ONEDNN:dev0 visits=3 visits_with_live=0 live_max=0 live_total=0 distinct_sizes=0 distinct_cohorts=0 graphs=[1..1]
[ZONE-RESET-AUDIT]   largest_free first=256.00 MB last=256.00 MB min=256.00 MB
[ZONE-RESET-AUDIT]   largest_free first=256.00 MB last=256.00 MB min=256.00 MB
[ZONE-RESET-AUDIT] site=device-zone-reset/SCRATCH:dev0 visits=2303 visits_with_live=0 live_max=0 live_total=0 distinct_sizes=0 distinct_cohorts=0 graphs=[0..2302]
[ZONE-RESET-AUDIT] site=device-zone-reset/SCRATCH:dev0 visits=2303 visits_with_live=0 live_max=0 live_total=0 distinct_sizes=0 distinct_cohorts=0 graphs=[0..2302]
[ZONE-RESET-AUDIT]   largest_free first=512.00 MB last=512.00 MB min=512.00 MB
[ZONE-RESET-AUDIT]   largest_free first=512.00 MB last=512.00 MB min=512.00 MB
[ZONE-RESET-AUDIT] site=host-zone-reset/SCRATCH visits=2302 visits_with_live=0 live_max=0 live_total=0 distinct_sizes=0 distinct_cohorts=0 graphs=[1..2302]
[ZONE-RESET-AUDIT] site=host-zone-reset/SCRATCH visits=2302 visits_with_live=0 live_max=0 live_total=0 distinct_sizes=0 distinct_cohorts=0 graphs=[1..2302]
[ZONE-RESET-AUDIT]   largest_free first=309.54 MB last=309.54 MB min=309.54 MB
[ZONE-RESET-AUDIT]   largest_free first=309.54 MB last=309.54 MB min=309.54 MB
[ZONE-RESET-AUDIT] site=host-zone-reset/STAGING visits=2303 visits_with_live=0 live_max=0 live_total=0 distinct_sizes=0 distinct_cohorts=0 graphs=[1..2303]
[ZONE-RESET-AUDIT] site=host-zone-reset/STAGING visits=2303 visits_with_live=0 live_max=0 live_total=0 distinct_sizes=0 distinct_cohorts=0 graphs=[1..2303]
[ZONE-RESET-AUDIT]   largest_free first=223.08 MB last=223.08 MB min=223.08 MB
[ZONE-RESET-AUDIT]   largest_free first=223.08 MB last=223.08 MB min=223.08 MB
[ZONE-RESET-AUDIT] site=scratch-pool-reset/bump:dev0 visits=2303 visits_with_live=0 live_max=0 live_total=0 distinct_sizes=0 distinct_cohorts=0 graphs=[1..2303]
[ZONE-RESET-AUDIT] site=scratch-pool-reset/bump:dev0 visits=2303 visits_with_live=0 live_max=0 live_total=0 distinct_sizes=0 distinct_cohorts=0 graphs=[1..2303]
[ZONE-RESET-AUDIT] site=weight-reclaim/load-boundary:dev0 visits=1 visits_with_live=0 live_max=0 live_total=0 distinct_sizes=0 distinct_cohorts=0 graphs=[0..0]
[ZONE-RESET-AUDIT] site=weight-reclaim/load-boundary:dev0 visits=1 visits_with_live=0 live_max=0 live_total=0 distinct_sizes=0 distinct_cohorts=0 graphs=[0..0]
[ZONE-RESET-AUDIT]   largest_free first=12820.00 MB last=12820.00 MB min=12820.00 MB
[ZONE-RESET-AUDIT]   largest_free first=12820.00 MB last=12820.00 MB min=12820.00 MB
[ZONE-RESET-AUDIT] site=weight-reclaim/mid-load-replan:dev0 visits=1 visits_with_live=0 live_max=0 live_total=0 distinct_sizes=0 distinct_cohorts=0 graphs=[0..0]
[ZONE-RESET-AUDIT] site=weight-reclaim/mid-load-replan:dev0 visits=1 visits_with_live=0 live_max=0 live_total=0 distinct_sizes=0 distinct_cohorts=0 graphs=[0..0]
[ZONE-RESET-AUDIT]   largest_free first=12820.00 MB last=12820.00 MB min=12820.00 MB
[ZONE-RESET-AUDIT]   largest_free first=12820.00 MB last=12820.00 MB min=12820.00 MB
[ZONE-RESET-AUDIT]   timing vram/kv alloc_calls=64 alloc_MB=96.0 alloc_ms=0.073 free_calls=32 free_ms=0.013 allocs_per_graph_max=32 allocs_per_graph_mean=0.0 graphs=2303
[ZONE-RESET-AUDIT]   timing vram/kv alloc_calls=64 alloc_MB=96.0 alloc_ms=0.073 free_calls=32 free_ms=0.013 allocs_per_graph_max=32 allocs_per_graph_mean=0.0 graphs=2303
[ZONE-RESET-AUDIT]   timing vram/weight alloc_calls=521 alloc_MB=8368.0 alloc_ms=0.399 free_calls=4 free_ms=0.004 allocs_per_graph_max=517 allocs_per_graph_mean=0.2 graphs=2303
[ZONE-RESET-AUDIT]   timing vram/weight alloc_calls=521 alloc_MB=8368.0 alloc_ms=0.399 free_calls=4 free_ms=0.004 allocs_per_graph_max=517 allocs_per_graph_mean=0.2 graphs=2303
[ZONE-RESET-AUDIT]   timing vram/onednn alloc_calls=6 alloc_MB=278.0 alloc_ms=0.002 free_calls=4 free_ms=0.002 allocs_per_graph_max=6 allocs_per_graph_mean=0.0 graphs=2303
[ZONE-RESET-AUDIT]   timing vram/onednn alloc_calls=6 alloc_MB=278.0 alloc_ms=0.002 free_calls=4 free_ms=0.002 allocs_per_graph_max=6 allocs_per_graph_mean=0.0 graphs=2303
[ZONE-RESET-AUDIT]   timing vram/runtime alloc_calls=1987 alloc_MB=2124.5 alloc_ms=0.765 free_calls=1985 free_ms=1.857 allocs_per_graph_max=65 allocs_per_graph_mean=0.9 graphs=2303
[ZONE-RESET-AUDIT]   timing vram/runtime alloc_calls=1987 alloc_MB=2124.5 alloc_ms=0.765 free_calls=1985 free_ms=1.857 allocs_per_graph_max=65 allocs_per_graph_mean=0.9 graphs=2303
[ZONE-RESET-AUDIT]   timing host/WEIGHT alloc_calls=36 alloc_MB=26.4 alloc_ms=0.025 free_calls=33 free_ms=0.037 allocs_per_graph_max=3 allocs_per_graph_mean=0.0 graphs=2303
[ZONE-RESET-AUDIT]   timing host/WEIGHT alloc_calls=36 alloc_MB=26.4 alloc_ms=0.025 free_calls=33 free_ms=0.037 allocs_per_graph_max=3 allocs_per_graph_mean=0.0 graphs=2303
[ZONE-RESET-AUDIT]   timing host/STAGING alloc_calls=6907 alloc_MB=102.6 alloc_ms=1.942 free_calls=6907 free_ms=5.499 allocs_per_graph_max=3 allocs_per_graph_mean=3.0 graphs=2303
[ZONE-RESET-AUDIT]   timing host/STAGING alloc_calls=6907 alloc_MB=102.6 alloc_ms=1.942 free_calls=6907 free_ms=5.499 allocs_per_graph_max=3 allocs_per_graph_mean=3.0 graphs=2303
[ZONE-RESET-AUDIT]   timing host/SCRATCH alloc_calls=76707 alloc_MB=5327.5 alloc_ms=13.687 free_calls=76707 free_ms=29.294 allocs_per_graph_max=741 allocs_per_graph_mean=33.3 graphs=2303
[ZONE-RESET-AUDIT]   timing host/SCRATCH alloc_calls=76707 alloc_MB=5327.5 alloc_ms=13.687 free_calls=76707 free_ms=29.294 allocs_per_graph_max=741 allocs_per_graph_mean=33.3 graphs=2303
[ZONE-RESET-AUDIT] ==== end inventory ====
[ZONE-RESET-AUDIT] ==== end inventory ====
set_n_threads: n_threads = 4, n_threads_batch = 4
[ZONE-RESET-AUDIT] ==== escape inventory (periodic) graphs=2367 ====
[ZONE-RESET-AUDIT] ==== escape inventory (periodic) graphs=2367 ====
[ZONE-RESET-AUDIT] site=device-zone-reset/ONEDNN:dev0 visits=3 visits_with_live=0 live_max=0 live_total=0 distinct_sizes=0 distinct_cohorts=0 graphs=[1..1]
[ZONE-RESET-AUDIT] site=device-zone-reset/ONEDNN:dev0 visits=3 visits_with_live=0 live_max=0 live_total=0 distinct_sizes=0 distinct_cohorts=0 graphs=[1..1]
[ZONE-RESET-AUDIT]   largest_free first=256.00 MB last=256.00 MB min=256.00 MB
[ZONE-RESET-AUDIT]   largest_free first=256.00 MB last=256.00 MB min=256.00 MB
[ZONE-RESET-AUDIT] site=device-zone-reset/SCRATCH:dev0 visits=2367 visits_with_live=0 live_max=0 live_total=0 distinct_sizes=0 distinct_cohorts=0 graphs=[0..2366]
[ZONE-RESET-AUDIT] site=device-zone-reset/SCRATCH:dev0 visits=2367 visits_with_live=0 live_max=0 live_total=0 distinct_sizes=0 distinct_cohorts=0 graphs=[0..2366]
[ZONE-RESET-AUDIT]   largest_free first=512.00 MB last=512.00 MB min=512.00 MB
[ZONE-RESET-AUDIT]   largest_free first=512.00 MB last=512.00 MB min=512.00 MB
[ZONE-RESET-AUDIT] site=host-zone-reset/SCRATCH visits=2366 visits_with_live=0 live_max=0 live_total=0 distinct_sizes=0 distinct_cohorts=0 graphs=[1..2366]
[ZONE-RESET-AUDIT] site=host-zone-reset/SCRATCH visits=2366 visits_with_live=0 live_max=0 live_total=0 distinct_sizes=0 distinct_cohorts=0 graphs=[1..2366]
[ZONE-RESET-AUDIT]   largest_free first=309.54 MB last=309.54 MB min=309.54 MB
[ZONE-RESET-AUDIT]   largest_free first=309.54 MB last=309.54 MB min=309.54 MB
[ZONE-RESET-AUDIT] site=host-zone-reset/STAGING visits=2367 visits_with_live=0 live_max=0 live_total=0 distinct_sizes=0 distinct_cohorts=0 graphs=[1..2367]
[ZONE-RESET-AUDIT] site=host-zone-reset/STAGING visits=2367 visits_with_live=0 live_max=0 live_total=0 distinct_sizes=0 distinct_cohorts=0 graphs=[1..2367]
[ZONE-RESET-AUDIT]   largest_free first=223.08 MB last=223.08 MB min=223.08 MB
[ZONE-RESET-AUDIT]   largest_free first=223.08 MB last=223.08 MB min=223.08 MB
[ZONE-RESET-AUDIT] site=scratch-pool-reset/bump:dev0 visits=2367 visits_with_live=0 live_max=0 live_total=0 distinct_sizes=0 distinct_cohorts=0 graphs=[1..2367]
[ZONE-RESET-AUDIT] site=scratch-pool-reset/bump:dev0 visits=2367 visits_with_live=0 live_max=0 live_total=0 distinct_sizes=0 distinct_cohorts=0 graphs=[1..2367]
[ZONE-RESET-AUDIT] site=weight-reclaim/load-boundary:dev0 visits=1 visits_with_live=0 live_max=0 live_total=0 distinct_sizes=0 distinct_cohorts=0 graphs=[0..0]
[ZONE-RESET-AUDIT] site=weight-reclaim/load-boundary:dev0 visits=1 visits_with_live=0 live_max=0 live_total=0 distinct_sizes=0 distinct_cohorts=0 graphs=[0..0]
[ZONE-RESET-AUDIT]   largest_free first=12820.00 MB last=12820.00 MB min=12820.00 MB
[ZONE-RESET-AUDIT]   largest_free first=12820.00 MB last=12820.00 MB min=12820.00 MB
[ZONE-RESET-AUDIT] site=weight-reclaim/mid-load-replan:dev0 visits=1 visits_with_live=0 live_max=0 live_total=0 distinct_sizes=0 distinct_cohorts=0 graphs=[0..0]
[ZONE-RESET-AUDIT] site=weight-reclaim/mid-load-replan:dev0 visits=1 visits_with_live=0 live_max=0 live_total=0 distinct_sizes=0 distinct_cohorts=0 graphs=[0..0]
[ZONE-RESET-AUDIT]   largest_free first=12820.00 MB last=12820.00 MB min=12820.00 MB
[ZONE-RESET-AUDIT]   largest_free first=12820.00 MB last=12820.00 MB min=12820.00 MB
[ZONE-RESET-AUDIT]   timing vram/kv alloc_calls=64 alloc_MB=96.0 alloc_ms=0.073 free_calls=32 free_ms=0.013 allocs_per_graph_max=32 allocs_per_graph_mean=0.0 graphs=2367
[ZONE-RESET-AUDIT]   timing vram/kv alloc_calls=64 alloc_MB=96.0 alloc_ms=0.073 free_calls=32 free_ms=0.013 allocs_per_graph_max=32 allocs_per_graph_mean=0.0 graphs=2367
[ZONE-RESET-AUDIT]   timing vram/weight alloc_calls=521 alloc_MB=8368.0 alloc_ms=0.399 free_calls=4 free_ms=0.004 allocs_per_graph_max=517 allocs_per_graph_mean=0.2 graphs=2367
[ZONE-RESET-AUDIT]   timing vram/weight alloc_calls=521 alloc_MB=8368.0 alloc_ms=0.399 free_calls=4 free_ms=0.004 allocs_per_graph_max=517 allocs_per_graph_mean=0.2 graphs=2367
[ZONE-RESET-AUDIT]   timing vram/onednn alloc_calls=6 alloc_MB=278.0 alloc_ms=0.002 free_calls=4 free_ms=0.002 allocs_per_graph_max=6 allocs_per_graph_mean=0.0 graphs=2367
[ZONE-RESET-AUDIT]   timing vram/onednn alloc_calls=6 alloc_MB=278.0 alloc_ms=0.002 free_calls=4 free_ms=0.002 allocs_per_graph_max=6 allocs_per_graph_mean=0.0 graphs=2367
[ZONE-RESET-AUDIT]   timing vram/runtime alloc_calls=1987 alloc_MB=2124.5 alloc_ms=0.765 free_calls=1985 free_ms=1.857 allocs_per_graph_max=65 allocs_per_graph_mean=0.8 graphs=2367
[ZONE-RESET-AUDIT]   timing vram/runtime alloc_calls=1987 alloc_MB=2124.5 alloc_ms=0.765 free_calls=1985 free_ms=1.857 allocs_per_graph_max=65 allocs_per_graph_mean=0.8 graphs=2367
[ZONE-RESET-AUDIT]   timing host/WEIGHT alloc_calls=36 alloc_MB=26.4 alloc_ms=0.025 free_calls=33 free_ms=0.037 allocs_per_graph_max=3 allocs_per_graph_mean=0.0 graphs=2367
[ZONE-RESET-AUDIT]   timing host/WEIGHT alloc_calls=36 alloc_MB=26.4 alloc_ms=0.025 free_calls=33 free_ms=0.037 allocs_per_graph_max=3 allocs_per_graph_mean=0.0 graphs=2367
[ZONE-RESET-AUDIT]   timing host/STAGING alloc_calls=7099 alloc_MB=102.6 alloc_ms=2.001 free_calls=7099 free_ms=5.625 allocs_per_graph_max=3 allocs_per_graph_mean=3.0 graphs=2367
[ZONE-RESET-AUDIT]   timing host/STAGING alloc_calls=7099 alloc_MB=102.6 alloc_ms=2.001 free_calls=7099 free_ms=5.625 allocs_per_graph_max=3 allocs_per_graph_mean=3.0 graphs=2367
[ZONE-RESET-AUDIT]   timing host/SCRATCH alloc_calls=78819 alloc_MB=5336.3 alloc_ms=14.025 free_calls=78819 free_ms=30.114 allocs_per_graph_max=741 allocs_per_graph_mean=33.3 graphs=2367
[ZONE-RESET-AUDIT]   timing host/SCRATCH alloc_calls=78819 alloc_MB=5336.3 alloc_ms=14.025 free_calls=78819 free_ms=30.114 allocs_per_graph_max=741 allocs_per_graph_mean=33.3 graphs=2367
[ZONE-RESET-AUDIT] ==== end inventory ====
[ZONE-RESET-AUDIT] ==== end inventory ====
[ZONE-RESET-AUDIT] ==== escape inventory (periodic) graphs=2431 ====
[ZONE-RESET-AUDIT] ==== escape inventory (periodic) graphs=2431 ====
[ZONE-RESET-AUDIT] site=device-zone-reset/ONEDNN:dev0 visits=3 visits_with_live=0 live_max=0 live_total=0 distinct_sizes=0 distinct_cohorts=0 graphs=[1..1]
[ZONE-RESET-AUDIT] site=device-zone-reset/ONEDNN:dev0 visits=3 visits_with_live=0 live_max=0 live_total=0 distinct_sizes=0 distinct_cohorts=0 graphs=[1..1]
[ZONE-RESET-AUDIT]   largest_free first=256.00 MB last=256.00 MB min=256.00 MB
[ZONE-RESET-AUDIT]   largest_free first=256.00 MB last=256.00 MB min=256.00 MB
[ZONE-RESET-AUDIT] site=device-zone-reset/SCRATCH:dev0 visits=2431 visits_with_live=0 live_max=0 live_total=0 distinct_sizes=0 distinct_cohorts=0 graphs=[0..2430]
[ZONE-RESET-AUDIT] site=device-zone-reset/SCRATCH:dev0 visits=2431 visits_with_live=0 live_max=0 live_total=0 distinct_sizes=0 distinct_cohorts=0 graphs=[0..2430]
[ZONE-RESET-AUDIT]   largest_free first=512.00 MB last=512.00 MB min=512.00 MB
[ZONE-RESET-AUDIT]   largest_free first=512.00 MB last=512.00 MB min=512.00 MB
[ZONE-RESET-AUDIT] site=host-zone-reset/SCRATCH visits=2430 visits_with_live=0 live_max=0 live_total=0 distinct_sizes=0 distinct_cohorts=0 graphs=[1..2430]
[ZONE-RESET-AUDIT] site=host-zone-reset/SCRATCH visits=2430 visits_with_live=0 live_max=0 live_total=0 distinct_sizes=0 distinct_cohorts=0 graphs=[1..2430]
[ZONE-RESET-AUDIT]   largest_free first=309.54 MB last=309.54 MB min=309.54 MB
[ZONE-RESET-AUDIT]   largest_free first=309.54 MB last=309.54 MB min=309.54 MB
[ZONE-RESET-AUDIT] site=host-zone-reset/STAGING visits=2431 visits_with_live=0 live_max=0 live_total=0 distinct_sizes=0 distinct_cohorts=0 graphs=[1..2431]
[ZONE-RESET-AUDIT] site=host-zone-reset/STAGING visits=2431 visits_with_live=0 live_max=0 live_total=0 distinct_sizes=0 distinct_cohorts=0 graphs=[1..2431]
[ZONE-RESET-AUDIT]   largest_free first=223.08 MB last=223.08 MB min=223.08 MB
[ZONE-RESET-AUDIT]   largest_free first=223.08 MB last=223.08 MB min=223.08 MB
[ZONE-RESET-AUDIT] site=scratch-pool-reset/bump:dev0 visits=2431 visits_with_live=0 live_max=0 live_total=0 distinct_sizes=0 distinct_cohorts=0 graphs=[1..2431]
[ZONE-RESET-AUDIT] site=scratch-pool-reset/bump:dev0 visits=2431 visits_with_live=0 live_max=0 live_total=0 distinct_sizes=0 distinct_cohorts=0 graphs=[1..2431]
[ZONE-RESET-AUDIT] site=weight-reclaim/load-boundary:dev0 visits=1 visits_with_live=0 live_max=0 live_total=0 distinct_sizes=0 distinct_cohorts=0 graphs=[0..0]
[ZONE-RESET-AUDIT] site=weight-reclaim/load-boundary:dev0 visits=1 visits_with_live=0 live_max=0 live_total=0 distinct_sizes=0 distinct_cohorts=0 graphs=[0..0]
[ZONE-RESET-AUDIT]   largest_free first=12820.00 MB last=12820.00 MB min=12820.00 MB
[ZONE-RESET-AUDIT]   largest_free first=12820.00 MB last=12820.00 MB min=12820.00 MB
[ZONE-RESET-AUDIT] site=weight-reclaim/mid-load-replan:dev0 visits=1 visits_with_live=0 live_max=0 live_total=0 distinct_sizes=0 distinct_cohorts=0 graphs=[0..0]
[ZONE-RESET-AUDIT] site=weight-reclaim/mid-load-replan:dev0 visits=1 visits_with_live=0 live_max=0 live_total=0 distinct_sizes=0 distinct_cohorts=0 graphs=[0..0]
[ZONE-RESET-AUDIT]   largest_free first=12820.00 MB last=12820.00 MB min=12820.00 MB
[ZONE-RESET-AUDIT]   largest_free first=12820.00 MB last=12820.00 MB min=12820.00 MB
[ZONE-RESET-AUDIT]   timing vram/kv alloc_calls=64 alloc_MB=96.0 alloc_ms=0.073 free_calls=32 free_ms=0.013 allocs_per_graph_max=32 allocs_per_graph_mean=0.0 graphs=2431
[ZONE-RESET-AUDIT]   timing vram/kv alloc_calls=64 alloc_MB=96.0 alloc_ms=0.073 free_calls=32 free_ms=0.013 allocs_per_graph_max=32 allocs_per_graph_mean=0.0 graphs=2431
[ZONE-RESET-AUDIT]   timing vram/weight alloc_calls=521 alloc_MB=8368.0 alloc_ms=0.399 free_calls=4 free_ms=0.004 allocs_per_graph_max=517 allocs_per_graph_mean=0.2 graphs=2431
[ZONE-RESET-AUDIT]   timing vram/weight alloc_calls=521 alloc_MB=8368.0 alloc_ms=0.399 free_calls=4 free_ms=0.004 allocs_per_graph_max=517 allocs_per_graph_mean=0.2 graphs=2431
[ZONE-RESET-AUDIT]   timing vram/onednn alloc_calls=6 alloc_MB=278.0 alloc_ms=0.002 free_calls=4 free_ms=0.002 allocs_per_graph_max=6 allocs_per_graph_mean=0.0 graphs=2431
[ZONE-RESET-AUDIT]   timing vram/onednn alloc_calls=6 alloc_MB=278.0 alloc_ms=0.002 free_calls=4 free_ms=0.002 allocs_per_graph_max=6 allocs_per_graph_mean=0.0 graphs=2431
[ZONE-RESET-AUDIT]   timing vram/runtime alloc_calls=1987 alloc_MB=2124.5 alloc_ms=0.765 free_calls=1985 free_ms=1.857 allocs_per_graph_max=65 allocs_per_graph_mean=0.8 graphs=2431
[ZONE-RESET-AUDIT]   timing vram/runtime alloc_calls=1987 alloc_MB=2124.5 alloc_ms=0.765 free_calls=1985 free_ms=1.857 allocs_per_graph_max=65 allocs_per_graph_mean=0.8 graphs=2431
[ZONE-RESET-AUDIT]   timing host/WEIGHT alloc_calls=36 alloc_MB=26.4 alloc_ms=0.025 free_calls=33 free_ms=0.037 allocs_per_graph_max=3 allocs_per_graph_mean=0.0 graphs=2431
[ZONE-RESET-AUDIT]   timing host/WEIGHT alloc_calls=36 alloc_MB=26.4 alloc_ms=0.025 free_calls=33 free_ms=0.037 allocs_per_graph_max=3 allocs_per_graph_mean=0.0 graphs=2431
[ZONE-RESET-AUDIT]   timing host/STAGING alloc_calls=7291 alloc_MB=102.6 alloc_ms=2.058 free_calls=7291 free_ms=5.746 allocs_per_graph_max=3 allocs_per_graph_mean=3.0 graphs=2431
[ZONE-RESET-AUDIT]   timing host/STAGING alloc_calls=7291 alloc_MB=102.6 alloc_ms=2.058 free_calls=7291 free_ms=5.746 allocs_per_graph_max=3 allocs_per_graph_mean=3.0 graphs=2431
[ZONE-RESET-AUDIT]   timing host/SCRATCH alloc_calls=80931 alloc_MB=5345.2 alloc_ms=14.369 free_calls=80931 free_ms=30.905 allocs_per_graph_max=741 allocs_per_graph_mean=33.3 graphs=2431
[ZONE-RESET-AUDIT]   timing host/SCRATCH alloc_calls=80931 alloc_MB=5345.2 alloc_ms=14.369 free_calls=80931 free_ms=30.905 allocs_per_graph_max=741 allocs_per_graph_mean=33.3 graphs=2431
[ZONE-RESET-AUDIT] ==== end inventory ====
[ZONE-RESET-AUDIT] ==== end inventory ====
set_n_threads: n_threads = 4, n_threads_batch = 4
[ZONE-RESET-AUDIT] ==== escape inventory (periodic) graphs=2495 ====
[ZONE-RESET-AUDIT] ==== escape inventory (periodic) graphs=2495 ====
[ZONE-RESET-AUDIT] site=device-zone-reset/ONEDNN:dev0 visits=3 visits_with_live=0 live_max=0 live_total=0 distinct_sizes=0 distinct_cohorts=0 graphs=[1..1]
[ZONE-RESET-AUDIT] site=device-zone-reset/ONEDNN:dev0 visits=3 visits_with_live=0 live_max=0 live_total=0 distinct_sizes=0 distinct_cohorts=0 graphs=[1..1]
[ZONE-RESET-AUDIT]   largest_free first=256.00 MB last=256.00 MB min=256.00 MB
[ZONE-RESET-AUDIT]   largest_free first=256.00 MB last=256.00 MB min=256.00 MB
[ZONE-RESET-AUDIT] site=device-zone-reset/SCRATCH:dev0 visits=2495 visits_with_live=0 live_max=0 live_total=0 distinct_sizes=0 distinct_cohorts=0 graphs=[0..2494]
[ZONE-RESET-AUDIT] site=device-zone-reset/SCRATCH:dev0 visits=2495 visits_with_live=0 live_max=0 live_total=0 distinct_sizes=0 distinct_cohorts=0 graphs=[0..2494]
[ZONE-RESET-AUDIT]   largest_free first=512.00 MB last=512.00 MB min=512.00 MB
[ZONE-RESET-AUDIT]   largest_free first=512.00 MB last=512.00 MB min=512.00 MB
[ZONE-RESET-AUDIT] site=host-zone-reset/SCRATCH visits=2494 visits_with_live=0 live_max=0 live_total=0 distinct_sizes=0 distinct_cohorts=0 graphs=[1..2494]
[ZONE-RESET-AUDIT] site=host-zone-reset/SCRATCH visits=2494 visits_with_live=0 live_max=0 live_total=0 distinct_sizes=0 distinct_cohorts=0 graphs=[1..2494]
[ZONE-RESET-AUDIT]   largest_free first=309.54 MB last=309.54 MB min=309.54 MB
[ZONE-RESET-AUDIT]   largest_free first=309.54 MB last=309.54 MB min=309.54 MB
[ZONE-RESET-AUDIT] site=host-zone-reset/STAGING visits=2495 visits_with_live=0 live_max=0 live_total=0 distinct_sizes=0 distinct_cohorts=0 graphs=[1..2495]
[ZONE-RESET-AUDIT] site=host-zone-reset/STAGING visits=2495 visits_with_live=0 live_max=0 live_total=0 distinct_sizes=0 distinct_cohorts=0 graphs=[1..2495]
[ZONE-RESET-AUDIT]   largest_free first=223.08 MB last=223.08 MB min=223.08 MB
[ZONE-RESET-AUDIT]   largest_free first=223.08 MB last=223.08 MB min=223.08 MB
[ZONE-RESET-AUDIT] site=scratch-pool-reset/bump:dev0 visits=2495 visits_with_live=0 live_max=0 live_total=0 distinct_sizes=0 distinct_cohorts=0 graphs=[1..2495]
[ZONE-RESET-AUDIT] site=scratch-pool-reset/bump:dev0 visits=2495 visits_with_live=0 live_max=0 live_total=0 distinct_sizes=0 distinct_cohorts=0 graphs=[1..2495]
[ZONE-RESET-AUDIT] site=weight-reclaim/load-boundary:dev0 visits=1 visits_with_live=0 live_max=0 live_total=0 distinct_sizes=0 distinct_cohorts=0 graphs=[0..0]
[ZONE-RESET-AUDIT] site=weight-reclaim/load-boundary:dev0 visits=1 visits_with_live=0 live_max=0 live_total=0 distinct_sizes=0 distinct_cohorts=0 graphs=[0..0]
[ZONE-RESET-AUDIT]   largest_free first=12820.00 MB last=12820.00 MB min=12820.00 MB
[ZONE-RESET-AUDIT]   largest_free first=12820.00 MB last=12820.00 MB min=12820.00 MB
[ZONE-RESET-AUDIT] site=weight-reclaim/mid-load-replan:dev0 visits=1 visits_with_live=0 live_max=0 live_total=0 distinct_sizes=0 distinct_cohorts=0 graphs=[0..0]
[ZONE-RESET-AUDIT] site=weight-reclaim/mid-load-replan:dev0 visits=1 visits_with_live=0 live_max=0 live_total=0 distinct_sizes=0 distinct_cohorts=0 graphs=[0..0]
[ZONE-RESET-AUDIT]   largest_free first=12820.00 MB last=12820.00 MB min=12820.00 MB
[ZONE-RESET-AUDIT]   largest_free first=12820.00 MB last=12820.00 MB min=12820.00 MB
[ZONE-RESET-AUDIT]   timing vram/kv alloc_calls=64 alloc_MB=96.0 alloc_ms=0.073 free_calls=32 free_ms=0.013 allocs_per_graph_max=32 allocs_per_graph_mean=0.0 graphs=2495
[ZONE-RESET-AUDIT]   timing vram/kv alloc_calls=64 alloc_MB=96.0 alloc_ms=0.073 free_calls=32 free_ms=0.013 allocs_per_graph_max=32 allocs_per_graph_mean=0.0 graphs=2495
[ZONE-RESET-AUDIT]   timing vram/weight alloc_calls=521 alloc_MB=8368.0 alloc_ms=0.399 free_calls=4 free_ms=0.004 allocs_per_graph_max=517 allocs_per_graph_mean=0.2 graphs=2495
[ZONE-RESET-AUDIT]   timing vram/weight alloc_calls=521 alloc_MB=8368.0 alloc_ms=0.399 free_calls=4 free_ms=0.004 allocs_per_graph_max=517 allocs_per_graph_mean=0.2 graphs=2495
[ZONE-RESET-AUDIT]   timing vram/onednn alloc_calls=6 alloc_MB=278.0 alloc_ms=0.002 free_calls=4 free_ms=0.002 allocs_per_graph_max=6 allocs_per_graph_mean=0.0 graphs=2495
[ZONE-RESET-AUDIT]   timing vram/onednn alloc_calls=6 alloc_MB=278.0 alloc_ms=0.002 free_calls=4 free_ms=0.002 allocs_per_graph_max=6 allocs_per_graph_mean=0.0 graphs=2495
[ZONE-RESET-AUDIT]   timing vram/runtime alloc_calls=1987 alloc_MB=2124.5 alloc_ms=0.765 free_calls=1985 free_ms=1.857 allocs_per_graph_max=65 allocs_per_graph_mean=0.8 graphs=2495
[ZONE-RESET-AUDIT]   timing vram/runtime alloc_calls=1987 alloc_MB=2124.5 alloc_ms=0.765 free_calls=1985 free_ms=1.857 allocs_per_graph_max=65 allocs_per_graph_mean=0.8 graphs=2495
[ZONE-RESET-AUDIT]   timing host/WEIGHT alloc_calls=36 alloc_MB=26.4 alloc_ms=0.025 free_calls=33 free_ms=0.037 allocs_per_graph_max=3 allocs_per_graph_mean=0.0 graphs=2495
[ZONE-RESET-AUDIT]   timing host/WEIGHT alloc_calls=36 alloc_MB=26.4 alloc_ms=0.025 free_calls=33 free_ms=0.037 allocs_per_graph_max=3 allocs_per_graph_mean=0.0 graphs=2495
[ZONE-RESET-AUDIT]   timing host/STAGING alloc_calls=7483 alloc_MB=102.6 alloc_ms=2.119 free_calls=7483 free_ms=5.882 allocs_per_graph_max=3 allocs_per_graph_mean=3.0 graphs=2495
[ZONE-RESET-AUDIT]   timing host/STAGING alloc_calls=7483 alloc_MB=102.6 alloc_ms=2.119 free_calls=7483 free_ms=5.882 allocs_per_graph_max=3 allocs_per_graph_mean=3.0 graphs=2495
[ZONE-RESET-AUDIT]   timing host/SCRATCH alloc_calls=83043 alloc_MB=5354.0 alloc_ms=14.709 free_calls=83043 free_ms=31.714 allocs_per_graph_max=741 allocs_per_graph_mean=33.3 graphs=2495
[ZONE-RESET-AUDIT]   timing host/SCRATCH alloc_calls=83043 alloc_MB=5354.0 alloc_ms=14.709 free_calls=83043 free_ms=31.714 allocs_per_graph_max=741 allocs_per_graph_mean=33.3 graphs=2495
[ZONE-RESET-AUDIT] ==== end inventory ====
[ZONE-RESET-AUDIT] ==== end inventory ====
[ZONE-RESET-AUDIT] ==== escape inventory (periodic) graphs=2559 ====
[ZONE-RESET-AUDIT] ==== escape inventory (periodic) graphs=2559 ====
[ZONE-RESET-AUDIT] site=device-zone-reset/ONEDNN:dev0 visits=3 visits_with_live=0 live_max=0 live_total=0 distinct_sizes=0 distinct_cohorts=0 graphs=[1..1]
[ZONE-RESET-AUDIT] site=device-zone-reset/ONEDNN:dev0 visits=3 visits_with_live=0 live_max=0 live_total=0 distinct_sizes=0 distinct_cohorts=0 graphs=[1..1]
[ZONE-RESET-AUDIT]   largest_free first=256.00 MB last=256.00 MB min=256.00 MB
[ZONE-RESET-AUDIT]   largest_free first=256.00 MB last=256.00 MB min=256.00 MB
[ZONE-RESET-AUDIT] site=device-zone-reset/SCRATCH:dev0 visits=2559 visits_with_live=0 live_max=0 live_total=0 distinct_sizes=0 distinct_cohorts=0 graphs=[0..2558]
[ZONE-RESET-AUDIT] site=device-zone-reset/SCRATCH:dev0 visits=2559 visits_with_live=0 live_max=0 live_total=0 distinct_sizes=0 distinct_cohorts=0 graphs=[0..2558]
[ZONE-RESET-AUDIT]   largest_free first=512.00 MB last=512.00 MB min=512.00 MB
[ZONE-RESET-AUDIT]   largest_free first=512.00 MB last=512.00 MB min=512.00 MB
[ZONE-RESET-AUDIT] site=host-zone-reset/SCRATCH visits=2558 visits_with_live=0 live_max=0 live_total=0 distinct_sizes=0 distinct_cohorts=0 graphs=[1..2558]
[ZONE-RESET-AUDIT] site=host-zone-reset/SCRATCH visits=2558 visits_with_live=0 live_max=0 live_total=0 distinct_sizes=0 distinct_cohorts=0 graphs=[1..2558]
[ZONE-RESET-AUDIT]   largest_free first=309.54 MB last=309.54 MB min=309.54 MB
[ZONE-RESET-AUDIT]   largest_free first=309.54 MB last=309.54 MB min=309.54 MB
[ZONE-RESET-AUDIT] site=host-zone-reset/STAGING visits=2559 visits_with_live=0 live_max=0 live_total=0 distinct_sizes=0 distinct_cohorts=0 graphs=[1..2559]
[ZONE-RESET-AUDIT] site=host-zone-reset/STAGING visits=2559 visits_with_live=0 live_max=0 live_total=0 distinct_sizes=0 distinct_cohorts=0 graphs=[1..2559]
[ZONE-RESET-AUDIT]   largest_free first=223.08 MB last=223.08 MB min=223.08 MB
[ZONE-RESET-AUDIT]   largest_free first=223.08 MB last=223.08 MB min=223.08 MB
[ZONE-RESET-AUDIT] site=scratch-pool-reset/bump:dev0 visits=2559 visits_with_live=0 live_max=0 live_total=0 distinct_sizes=0 distinct_cohorts=0 graphs=[1..2559]
[ZONE-RESET-AUDIT] site=scratch-pool-reset/bump:dev0 visits=2559 visits_with_live=0 live_max=0 live_total=0 distinct_sizes=0 distinct_cohorts=0 graphs=[1..2559]
[ZONE-RESET-AUDIT] site=weight-reclaim/load-boundary:dev0 visits=1 visits_with_live=0 live_max=0 live_total=0 distinct_sizes=0 distinct_cohorts=0 graphs=[0..0]
[ZONE-RESET-AUDIT] site=weight-reclaim/load-boundary:dev0 visits=1 visits_with_live=0 live_max=0 live_total=0 distinct_sizes=0 distinct_cohorts=0 graphs=[0..0]
[ZONE-RESET-AUDIT]   largest_free first=12820.00 MB last=12820.00 MB min=12820.00 MB
[ZONE-RESET-AUDIT]   largest_free first=12820.00 MB last=12820.00 MB min=12820.00 MB
[ZONE-RESET-AUDIT] site=weight-reclaim/mid-load-replan:dev0 visits=1 visits_with_live=0 live_max=0 live_total=0 distinct_sizes=0 distinct_cohorts=0 graphs=[0..0]
[ZONE-RESET-AUDIT] site=weight-reclaim/mid-load-replan:dev0 visits=1 visits_with_live=0 live_max=0 live_total=0 distinct_sizes=0 distinct_cohorts=0 graphs=[0..0]
[ZONE-RESET-AUDIT]   largest_free first=12820.00 MB last=12820.00 MB min=12820.00 MB
[ZONE-RESET-AUDIT]   largest_free first=12820.00 MB last=12820.00 MB min=12820.00 MB
[ZONE-RESET-AUDIT]   timing vram/kv alloc_calls=64 alloc_MB=96.0 alloc_ms=0.073 free_calls=32 free_ms=0.013 allocs_per_graph_max=32 allocs_per_graph_mean=0.0 graphs=2559
[ZONE-RESET-AUDIT]   timing vram/kv alloc_calls=64 alloc_MB=96.0 alloc_ms=0.073 free_calls=32 free_ms=0.013 allocs_per_graph_max=32 allocs_per_graph_mean=0.0 graphs=2559
[ZONE-RESET-AUDIT]   timing vram/weight alloc_calls=521 alloc_MB=8368.0 alloc_ms=0.399 free_calls=4 free_ms=0.004 allocs_per_graph_max=517 allocs_per_graph_mean=0.2 graphs=2559
[ZONE-RESET-AUDIT]   timing vram/weight alloc_calls=521 alloc_MB=8368.0 alloc_ms=0.399 free_calls=4 free_ms=0.004 allocs_per_graph_max=517 allocs_per_graph_mean=0.2 graphs=2559
[ZONE-RESET-AUDIT]   timing vram/onednn alloc_calls=6 alloc_MB=278.0 alloc_ms=0.002 free_calls=4 free_ms=0.002 allocs_per_graph_max=6 allocs_per_graph_mean=0.0 graphs=2559
[ZONE-RESET-AUDIT]   timing vram/onednn alloc_calls=6 alloc_MB=278.0 alloc_ms=0.002 free_calls=4 free_ms=0.002 allocs_per_graph_max=6 allocs_per_graph_mean=0.0 graphs=2559
[ZONE-RESET-AUDIT]   timing vram/runtime alloc_calls=1987 alloc_MB=2124.5 alloc_ms=0.765 free_calls=1985 free_ms=1.857 allocs_per_graph_max=65 allocs_per_graph_mean=0.8 graphs=2559
[ZONE-RESET-AUDIT]   timing vram/runtime alloc_calls=1987 alloc_MB=2124.5 alloc_ms=0.765 free_calls=1985 free_ms=1.857 allocs_per_graph_max=65 allocs_per_graph_mean=0.8 graphs=2559
[ZONE-RESET-AUDIT]   timing host/WEIGHT alloc_calls=36 alloc_MB=26.4 alloc_ms=0.025 free_calls=33 free_ms=0.037 allocs_per_graph_max=3 allocs_per_graph_mean=0.0 graphs=2559
[ZONE-RESET-AUDIT]   timing host/WEIGHT alloc_calls=36 alloc_MB=26.4 alloc_ms=0.025 free_calls=33 free_ms=0.037 allocs_per_graph_max=3 allocs_per_graph_mean=0.0 graphs=2559
[ZONE-RESET-AUDIT]   timing host/STAGING alloc_calls=7675 alloc_MB=102.6 alloc_ms=2.178 free_calls=7675 free_ms=6.027 allocs_per_graph_max=3 allocs_per_graph_mean=3.0 graphs=2559
[ZONE-RESET-AUDIT]   timing host/STAGING alloc_calls=7675 alloc_MB=102.6 alloc_ms=2.178 free_calls=7675 free_ms=6.027 allocs_per_graph_max=3 allocs_per_graph_mean=3.0 graphs=2559
[ZONE-RESET-AUDIT]   timing host/SCRATCH alloc_calls=85155 alloc_MB=5362.8 alloc_ms=15.043 free_calls=85155 free_ms=32.497 allocs_per_graph_max=741 allocs_per_graph_mean=33.3 graphs=2559
[ZONE-RESET-AUDIT]   timing host/SCRATCH alloc_calls=85155 alloc_MB=5362.8 alloc_ms=15.043 free_calls=85155 free_ms=32.497 allocs_per_graph_max=741 allocs_per_graph_mean=33.3 graphs=2559
[ZONE-RESET-AUDIT] ==== end inventory ====
[ZONE-RESET-AUDIT] ==== end inventory ====
set_n_threads: n_threads = 4, n_threads_batch = 4
[ZONE-RESET-AUDIT] ==== escape inventory (periodic) graphs=2623 ====
[ZONE-RESET-AUDIT] ==== escape inventory (periodic) graphs=2623 ====
[ZONE-RESET-AUDIT] site=device-zone-reset/ONEDNN:dev0 visits=3 visits_with_live=0 live_max=0 live_total=0 distinct_sizes=0 distinct_cohorts=0 graphs=[1..1]
[ZONE-RESET-AUDIT] site=device-zone-reset/ONEDNN:dev0 visits=3 visits_with_live=0 live_max=0 live_total=0 distinct_sizes=0 distinct_cohorts=0 graphs=[1..1]
[ZONE-RESET-AUDIT]   largest_free first=256.00 MB last=256.00 MB min=256.00 MB
[ZONE-RESET-AUDIT]   largest_free first=256.00 MB last=256.00 MB min=256.00 MB
[ZONE-RESET-AUDIT] site=device-zone-reset/SCRATCH:dev0 visits=2623 visits_with_live=0 live_max=0 live_total=0 distinct_sizes=0 distinct_cohorts=0 graphs=[0..2622]
[ZONE-RESET-AUDIT] site=device-zone-reset/SCRATCH:dev0 visits=2623 visits_with_live=0 live_max=0 live_total=0 distinct_sizes=0 distinct_cohorts=0 graphs=[0..2622]
[ZONE-RESET-AUDIT]   largest_free first=512.00 MB last=512.00 MB min=512.00 MB
[ZONE-RESET-AUDIT]   largest_free first=512.00 MB last=512.00 MB min=512.00 MB
[ZONE-RESET-AUDIT] site=host-zone-reset/SCRATCH visits=2622 visits_with_live=0 live_max=0 live_total=0 distinct_sizes=0 distinct_cohorts=0 graphs=[1..2622]
[ZONE-RESET-AUDIT] site=host-zone-reset/SCRATCH visits=2622 visits_with_live=0 live_max=0 live_total=0 distinct_sizes=0 distinct_cohorts=0 graphs=[1..2622]
[ZONE-RESET-AUDIT]   largest_free first=309.54 MB last=309.54 MB min=309.54 MB
[ZONE-RESET-AUDIT]   largest_free first=309.54 MB last=309.54 MB min=309.54 MB
[ZONE-RESET-AUDIT] site=host-zone-reset/STAGING visits=2623 visits_with_live=0 live_max=0 live_total=0 distinct_sizes=0 distinct_cohorts=0 graphs=[1..2623]
[ZONE-RESET-AUDIT] site=host-zone-reset/STAGING visits=2623 visits_with_live=0 live_max=0 live_total=0 distinct_sizes=0 distinct_cohorts=0 graphs=[1..2623]
[ZONE-RESET-AUDIT]   largest_free first=223.08 MB last=223.08 MB min=223.08 MB
[ZONE-RESET-AUDIT]   largest_free first=223.08 MB last=223.08 MB min=223.08 MB
[ZONE-RESET-AUDIT] site=scratch-pool-reset/bump:dev0 visits=2623 visits_with_live=0 live_max=0 live_total=0 distinct_sizes=0 distinct_cohorts=0 graphs=[1..2623]
[ZONE-RESET-AUDIT] site=scratch-pool-reset/bump:dev0 visits=2623 visits_with_live=0 live_max=0 live_total=0 distinct_sizes=0 distinct_cohorts=0 graphs=[1..2623]
[ZONE-RESET-AUDIT] site=weight-reclaim/load-boundary:dev0 visits=1 visits_with_live=0 live_max=0 live_total=0 distinct_sizes=0 distinct_cohorts=0 graphs=[0..0]
[ZONE-RESET-AUDIT] site=weight-reclaim/load-boundary:dev0 visits=1 visits_with_live=0 live_max=0 live_total=0 distinct_sizes=0 distinct_cohorts=0 graphs=[0..0]
[ZONE-RESET-AUDIT]   largest_free first=12820.00 MB last=12820.00 MB min=12820.00 MB
[ZONE-RESET-AUDIT]   largest_free first=12820.00 MB last=12820.00 MB min=12820.00 MB
[ZONE-RESET-AUDIT] site=weight-reclaim/mid-load-replan:dev0 visits=1 visits_with_live=0 live_max=0 live_total=0 distinct_sizes=0 distinct_cohorts=0 graphs=[0..0]
[ZONE-RESET-AUDIT] site=weight-reclaim/mid-load-replan:dev0 visits=1 visits_with_live=0 live_max=0 live_total=0 distinct_sizes=0 distinct_cohorts=0 graphs=[0..0]
[ZONE-RESET-AUDIT]   largest_free first=12820.00 MB last=12820.00 MB min=12820.00 MB
[ZONE-RESET-AUDIT]   largest_free first=12820.00 MB last=12820.00 MB min=12820.00 MB
[ZONE-RESET-AUDIT]   timing vram/kv alloc_calls=64 alloc_MB=96.0 alloc_ms=0.073 free_calls=32 free_ms=0.013 allocs_per_graph_max=32 allocs_per_graph_mean=0.0 graphs=2623
[ZONE-RESET-AUDIT]   timing vram/kv alloc_calls=64 alloc_MB=96.0 alloc_ms=0.073 free_calls=32 free_ms=0.013 allocs_per_graph_max=32 allocs_per_graph_mean=0.0 graphs=2623
[ZONE-RESET-AUDIT]   timing vram/weight alloc_calls=521 alloc_MB=8368.0 alloc_ms=0.399 free_calls=4 free_ms=0.004 allocs_per_graph_max=517 allocs_per_graph_mean=0.2 graphs=2623
[ZONE-RESET-AUDIT]   timing vram/weight alloc_calls=521 alloc_MB=8368.0 alloc_ms=0.399 free_calls=4 free_ms=0.004 allocs_per_graph_max=517 allocs_per_graph_mean=0.2 graphs=2623
[ZONE-RESET-AUDIT]   timing vram/onednn alloc_calls=6 alloc_MB=278.0 alloc_ms=0.002 free_calls=4 free_ms=0.002 allocs_per_graph_max=6 allocs_per_graph_mean=0.0 graphs=2623
[ZONE-RESET-AUDIT]   timing vram/onednn alloc_calls=6 alloc_MB=278.0 alloc_ms=0.002 free_calls=4 free_ms=0.002 allocs_per_graph_max=6 allocs_per_graph_mean=0.0 graphs=2623
[ZONE-RESET-AUDIT]   timing vram/runtime alloc_calls=1987 alloc_MB=2124.5 alloc_ms=0.765 free_calls=1985 free_ms=1.857 allocs_per_graph_max=65 allocs_per_graph_mean=0.8 graphs=2623
[ZONE-RESET-AUDIT]   timing vram/runtime alloc_calls=1987 alloc_MB=2124.5 alloc_ms=0.765 free_calls=1985 free_ms=1.857 allocs_per_graph_max=65 allocs_per_graph_mean=0.8 graphs=2623
[ZONE-RESET-AUDIT]   timing host/WEIGHT alloc_calls=36 alloc_MB=26.4 alloc_ms=0.025 free_calls=33 free_ms=0.037 allocs_per_graph_max=3 allocs_per_graph_mean=0.0 graphs=2623
[ZONE-RESET-AUDIT]   timing host/WEIGHT alloc_calls=36 alloc_MB=26.4 alloc_ms=0.025 free_calls=33 free_ms=0.037 allocs_per_graph_max=3 allocs_per_graph_mean=0.0 graphs=2623
[ZONE-RESET-AUDIT]   timing host/STAGING alloc_calls=7867 alloc_MB=102.6 alloc_ms=2.232 free_calls=7867 free_ms=6.142 allocs_per_graph_max=3 allocs_per_graph_mean=3.0 graphs=2623
[ZONE-RESET-AUDIT]   timing host/STAGING alloc_calls=7867 alloc_MB=102.6 alloc_ms=2.232 free_calls=7867 free_ms=6.142 allocs_per_graph_max=3 allocs_per_graph_mean=3.0 graphs=2623
[ZONE-RESET-AUDIT]   timing host/SCRATCH alloc_calls=87267 alloc_MB=5371.6 alloc_ms=15.387 free_calls=87267 free_ms=33.259 allocs_per_graph_max=741 allocs_per_graph_mean=33.3 graphs=2623
[ZONE-RESET-AUDIT]   timing host/SCRATCH alloc_calls=87267 alloc_MB=5371.6 alloc_ms=15.387 free_calls=87267 free_ms=33.259 allocs_per_graph_max=741 allocs_per_graph_mean=33.3 graphs=2623
[ZONE-RESET-AUDIT] ==== end inventory ====
[ZONE-RESET-AUDIT] ==== end inventory ====
[ZONE-RESET-AUDIT] ==== escape inventory (periodic) graphs=2687 ====
[ZONE-RESET-AUDIT] ==== escape inventory (periodic) graphs=2687 ====
[ZONE-RESET-AUDIT] site=device-zone-reset/ONEDNN:dev0 visits=3 visits_with_live=0 live_max=0 live_total=0 distinct_sizes=0 distinct_cohorts=0 graphs=[1..1]
[ZONE-RESET-AUDIT] site=device-zone-reset/ONEDNN:dev0 visits=3 visits_with_live=0 live_max=0 live_total=0 distinct_sizes=0 distinct_cohorts=0 graphs=[1..1]
[ZONE-RESET-AUDIT]   largest_free first=256.00 MB last=256.00 MB min=256.00 MB
[ZONE-RESET-AUDIT]   largest_free first=256.00 MB last=256.00 MB min=256.00 MB
[ZONE-RESET-AUDIT] site=device-zone-reset/SCRATCH:dev0 visits=2687 visits_with_live=0 live_max=0 live_total=0 distinct_sizes=0 distinct_cohorts=0 graphs=[0..2686]
[ZONE-RESET-AUDIT] site=device-zone-reset/SCRATCH:dev0 visits=2687 visits_with_live=0 live_max=0 live_total=0 distinct_sizes=0 distinct_cohorts=0 graphs=[0..2686]
[ZONE-RESET-AUDIT]   largest_free first=512.00 MB last=512.00 MB min=512.00 MB
[ZONE-RESET-AUDIT]   largest_free first=512.00 MB last=512.00 MB min=512.00 MB
[ZONE-RESET-AUDIT] site=host-zone-reset/SCRATCH visits=2686 visits_with_live=0 live_max=0 live_total=0 distinct_sizes=0 distinct_cohorts=0 graphs=[1..2686]
[ZONE-RESET-AUDIT] site=host-zone-reset/SCRATCH visits=2686 visits_with_live=0 live_max=0 live_total=0 distinct_sizes=0 distinct_cohorts=0 graphs=[1..2686]
[ZONE-RESET-AUDIT]   largest_free first=309.54 MB last=309.54 MB min=309.54 MB
[ZONE-RESET-AUDIT]   largest_free first=309.54 MB last=309.54 MB min=309.54 MB
[ZONE-RESET-AUDIT] site=host-zone-reset/STAGING visits=2687 visits_with_live=0 live_max=0 live_total=0 distinct_sizes=0 distinct_cohorts=0 graphs=[1..2687]
[ZONE-RESET-AUDIT] site=host-zone-reset/STAGING visits=2687 visits_with_live=0 live_max=0 live_total=0 distinct_sizes=0 distinct_cohorts=0 graphs=[1..2687]
[ZONE-RESET-AUDIT]   largest_free first=223.08 MB last=223.08 MB min=223.08 MB
[ZONE-RESET-AUDIT]   largest_free first=223.08 MB last=223.08 MB min=223.08 MB
[ZONE-RESET-AUDIT] site=scratch-pool-reset/bump:dev0 visits=2687 visits_with_live=0 live_max=0 live_total=0 distinct_sizes=0 distinct_cohorts=0 graphs=[1..2687]
[ZONE-RESET-AUDIT] site=scratch-pool-reset/bump:dev0 visits=2687 visits_with_live=0 live_max=0 live_total=0 distinct_sizes=0 distinct_cohorts=0 graphs=[1..2687]
[ZONE-RESET-AUDIT] site=weight-reclaim/load-boundary:dev0 visits=1 visits_with_live=0 live_max=0 live_total=0 distinct_sizes=0 distinct_cohorts=0 graphs=[0..0]
[ZONE-RESET-AUDIT] site=weight-reclaim/load-boundary:dev0 visits=1 visits_with_live=0 live_max=0 live_total=0 distinct_sizes=0 distinct_cohorts=0 graphs=[0..0]
[ZONE-RESET-AUDIT]   largest_free first=12820.00 MB last=12820.00 MB min=12820.00 MB
[ZONE-RESET-AUDIT]   largest_free first=12820.00 MB last=12820.00 MB min=12820.00 MB
[ZONE-RESET-AUDIT] site=weight-reclaim/mid-load-replan:dev0 visits=1 visits_with_live=0 live_max=0 live_total=0 distinct_sizes=0 distinct_cohorts=0 graphs=[0..0]
[ZONE-RESET-AUDIT] site=weight-reclaim/mid-load-replan:dev0 visits=1 visits_with_live=0 live_max=0 live_total=0 distinct_sizes=0 distinct_cohorts=0 graphs=[0..0]
[ZONE-RESET-AUDIT]   largest_free first=12820.00 MB last=12820.00 MB min=12820.00 MB
[ZONE-RESET-AUDIT]   largest_free first=12820.00 MB last=12820.00 MB min=12820.00 MB
[ZONE-RESET-AUDIT]   timing vram/kv alloc_calls=64 alloc_MB=96.0 alloc_ms=0.073 free_calls=32 free_ms=0.013 allocs_per_graph_max=32 allocs_per_graph_mean=0.0 graphs=2687
[ZONE-RESET-AUDIT]   timing vram/kv alloc_calls=64 alloc_MB=96.0 alloc_ms=0.073 free_calls=32 free_ms=0.013 allocs_per_graph_max=32 allocs_per_graph_mean=0.0 graphs=2687
[ZONE-RESET-AUDIT]   timing vram/weight alloc_calls=521 alloc_MB=8368.0 alloc_ms=0.399 free_calls=4 free_ms=0.004 allocs_per_graph_max=517 allocs_per_graph_mean=0.2 graphs=2687
[ZONE-RESET-AUDIT]   timing vram/weight alloc_calls=521 alloc_MB=8368.0 alloc_ms=0.399 free_calls=4 free_ms=0.004 allocs_per_graph_max=517 allocs_per_graph_mean=0.2 graphs=2687
[ZONE-RESET-AUDIT]   timing vram/onednn alloc_calls=6 alloc_MB=278.0 alloc_ms=0.002 free_calls=4 free_ms=0.002 allocs_per_graph_max=6 allocs_per_graph_mean=0.0 graphs=2687
[ZONE-RESET-AUDIT]   timing vram/onednn alloc_calls=6 alloc_MB=278.0 alloc_ms=0.002 free_calls=4 free_ms=0.002 allocs_per_graph_max=6 allocs_per_graph_mean=0.0 graphs=2687
[ZONE-RESET-AUDIT]   timing vram/runtime alloc_calls=1987 alloc_MB=2124.5 alloc_ms=0.765 free_calls=1985 free_ms=1.857 allocs_per_graph_max=65 allocs_per_graph_mean=0.7 graphs=2687
[ZONE-RESET-AUDIT]   timing vram/runtime alloc_calls=1987 alloc_MB=2124.5 alloc_ms=0.765 free_calls=1985 free_ms=1.857 allocs_per_graph_max=65 allocs_per_graph_mean=0.7 graphs=2687
[ZONE-RESET-AUDIT]   timing host/WEIGHT alloc_calls=36 alloc_MB=26.4 alloc_ms=0.025 free_calls=33 free_ms=0.037 allocs_per_graph_max=3 allocs_per_graph_mean=0.0 graphs=2687
[ZONE-RESET-AUDIT]   timing host/WEIGHT alloc_calls=36 alloc_MB=26.4 alloc_ms=0.025 free_calls=33 free_ms=0.037 allocs_per_graph_max=3 allocs_per_graph_mean=0.0 graphs=2687
[ZONE-RESET-AUDIT]   timing host/STAGING alloc_calls=8059 alloc_MB=102.6 alloc_ms=2.283 free_calls=8059 free_ms=6.255 allocs_per_graph_max=3 allocs_per_graph_mean=3.0 graphs=2687
[ZONE-RESET-AUDIT]   timing host/STAGING alloc_calls=8059 alloc_MB=102.6 alloc_ms=2.283 free_calls=8059 free_ms=6.255 allocs_per_graph_max=3 allocs_per_graph_mean=3.0 graphs=2687
[ZONE-RESET-AUDIT]   timing host/SCRATCH alloc_calls=89379 alloc_MB=5380.4 alloc_ms=15.722 free_calls=89379 free_ms=34.027 allocs_per_graph_max=741 allocs_per_graph_mean=33.3 graphs=2687
[ZONE-RESET-AUDIT]   timing host/SCRATCH alloc_calls=89379 alloc_MB=5380.4 alloc_ms=15.722 free_calls=89379 free_ms=34.027 allocs_per_graph_max=741 allocs_per_graph_mean=33.3 graphs=2687
[ZONE-RESET-AUDIT] ==== end inventory ====
[ZONE-RESET-AUDIT] ==== end inventory ====
set_n_threads: n_threads = 4, n_threads_batch = 4
[ZONE-RESET-AUDIT] ==== escape inventory (periodic) graphs=2751 ====
[ZONE-RESET-AUDIT] ==== escape inventory (periodic) graphs=2751 ====
[ZONE-RESET-AUDIT] site=device-zone-reset/ONEDNN:dev0 visits=3 visits_with_live=0 live_max=0 live_total=0 distinct_sizes=0 distinct_cohorts=0 graphs=[1..1]
[ZONE-RESET-AUDIT] site=device-zone-reset/ONEDNN:dev0 visits=3 visits_with_live=0 live_max=0 live_total=0 distinct_sizes=0 distinct_cohorts=0 graphs=[1..1]
[ZONE-RESET-AUDIT]   largest_free first=256.00 MB last=256.00 MB min=256.00 MB
[ZONE-RESET-AUDIT]   largest_free first=256.00 MB last=256.00 MB min=256.00 MB
[ZONE-RESET-AUDIT] site=device-zone-reset/SCRATCH:dev0 visits=2751 visits_with_live=0 live_max=0 live_total=0 distinct_sizes=0 distinct_cohorts=0 graphs=[0..2750]
[ZONE-RESET-AUDIT] site=device-zone-reset/SCRATCH:dev0 visits=2751 visits_with_live=0 live_max=0 live_total=0 distinct_sizes=0 distinct_cohorts=0 graphs=[0..2750]
[ZONE-RESET-AUDIT]   largest_free first=512.00 MB last=512.00 MB min=512.00 MB
[ZONE-RESET-AUDIT]   largest_free first=512.00 MB last=512.00 MB min=512.00 MB
[ZONE-RESET-AUDIT] site=host-zone-reset/SCRATCH visits=2750 visits_with_live=0 live_max=0 live_total=0 distinct_sizes=0 distinct_cohorts=0 graphs=[1..2750]
[ZONE-RESET-AUDIT] site=host-zone-reset/SCRATCH visits=2750 visits_with_live=0 live_max=0 live_total=0 distinct_sizes=0 distinct_cohorts=0 graphs=[1..2750]
[ZONE-RESET-AUDIT]   largest_free first=309.54 MB last=309.54 MB min=309.54 MB
[ZONE-RESET-AUDIT]   largest_free first=309.54 MB last=309.54 MB min=309.54 MB
[ZONE-RESET-AUDIT] site=host-zone-reset/STAGING visits=2751 visits_with_live=0 live_max=0 live_total=0 distinct_sizes=0 distinct_cohorts=0 graphs=[1..2751]
[ZONE-RESET-AUDIT] site=host-zone-reset/STAGING visits=2751 visits_with_live=0 live_max=0 live_total=0 distinct_sizes=0 distinct_cohorts=0 graphs=[1..2751]
[ZONE-RESET-AUDIT]   largest_free first=223.08 MB last=223.08 MB min=223.08 MB
[ZONE-RESET-AUDIT]   largest_free first=223.08 MB last=223.08 MB min=223.08 MB
[ZONE-RESET-AUDIT] site=scratch-pool-reset/bump:dev0 visits=2751 visits_with_live=0 live_max=0 live_total=0 distinct_sizes=0 distinct_cohorts=0 graphs=[1..2751]
[ZONE-RESET-AUDIT] site=scratch-pool-reset/bump:dev0 visits=2751 visits_with_live=0 live_max=0 live_total=0 distinct_sizes=0 distinct_cohorts=0 graphs=[1..2751]
[ZONE-RESET-AUDIT] site=weight-reclaim/load-boundary:dev0 visits=1 visits_with_live=0 live_max=0 live_total=0 distinct_sizes=0 distinct_cohorts=0 graphs=[0..0]
[ZONE-RESET-AUDIT] site=weight-reclaim/load-boundary:dev0 visits=1 visits_with_live=0 live_max=0 live_total=0 distinct_sizes=0 distinct_cohorts=0 graphs=[0..0]
[ZONE-RESET-AUDIT]   largest_free first=12820.00 MB last=12820.00 MB min=12820.00 MB
[ZONE-RESET-AUDIT]   largest_free first=12820.00 MB last=12820.00 MB min=12820.00 MB
[ZONE-RESET-AUDIT] site=weight-reclaim/mid-load-replan:dev0 visits=1 visits_with_live=0 live_max=0 live_total=0 distinct_sizes=0 distinct_cohorts=0 graphs=[0..0]
[ZONE-RESET-AUDIT] site=weight-reclaim/mid-load-replan:dev0 visits=1 visits_with_live=0 live_max=0 live_total=0 distinct_sizes=0 distinct_cohorts=0 graphs=[0..0]
[ZONE-RESET-AUDIT]   largest_free first=12820.00 MB last=12820.00 MB min=12820.00 MB
[ZONE-RESET-AUDIT]   largest_free first=12820.00 MB last=12820.00 MB min=12820.00 MB
[ZONE-RESET-AUDIT]   timing vram/kv alloc_calls=64 alloc_MB=96.0 alloc_ms=0.073 free_calls=32 free_ms=0.013 allocs_per_graph_max=32 allocs_per_graph_mean=0.0 graphs=2751
[ZONE-RESET-AUDIT]   timing vram/kv alloc_calls=64 alloc_MB=96.0 alloc_ms=0.073 free_calls=32 free_ms=0.013 allocs_per_graph_max=32 allocs_per_graph_mean=0.0 graphs=2751
[ZONE-RESET-AUDIT]   timing vram/weight alloc_calls=521 alloc_MB=8368.0 alloc_ms=0.399 free_calls=4 free_ms=0.004 allocs_per_graph_max=517 allocs_per_graph_mean=0.2 graphs=2751
[ZONE-RESET-AUDIT]   timing vram/weight alloc_calls=521 alloc_MB=8368.0 alloc_ms=0.399 free_calls=4 free_ms=0.004 allocs_per_graph_max=517 allocs_per_graph_mean=0.2 graphs=2751
[ZONE-RESET-AUDIT]   timing vram/onednn alloc_calls=6 alloc_MB=278.0 alloc_ms=0.002 free_calls=4 free_ms=0.002 allocs_per_graph_max=6 allocs_per_graph_mean=0.0 graphs=2751
[ZONE-RESET-AUDIT]   timing vram/onednn alloc_calls=6 alloc_MB=278.0 alloc_ms=0.002 free_calls=4 free_ms=0.002 allocs_per_graph_max=6 allocs_per_graph_mean=0.0 graphs=2751
[ZONE-RESET-AUDIT]   timing vram/runtime alloc_calls=1987 alloc_MB=2124.5 alloc_ms=0.765 free_calls=1985 free_ms=1.857 allocs_per_graph_max=65 allocs_per_graph_mean=0.7 graphs=2751
[ZONE-RESET-AUDIT]   timing vram/runtime alloc_calls=1987 alloc_MB=2124.5 alloc_ms=0.765 free_calls=1985 free_ms=1.857 allocs_per_graph_max=65 allocs_per_graph_mean=0.7 graphs=2751
[ZONE-RESET-AUDIT]   timing host/WEIGHT alloc_calls=36 alloc_MB=26.4 alloc_ms=0.025 free_calls=33 free_ms=0.037 allocs_per_graph_max=3 allocs_per_graph_mean=0.0 graphs=2751
[ZONE-RESET-AUDIT]   timing host/WEIGHT alloc_calls=36 alloc_MB=26.4 alloc_ms=0.025 free_calls=33 free_ms=0.037 allocs_per_graph_max=3 allocs_per_graph_mean=0.0 graphs=2751
[ZONE-RESET-AUDIT]   timing host/STAGING alloc_calls=8251 alloc_MB=102.6 alloc_ms=2.340 free_calls=8251 free_ms=6.368 allocs_per_graph_max=3 allocs_per_graph_mean=3.0 graphs=2751
[ZONE-RESET-AUDIT]   timing host/STAGING alloc_calls=8251 alloc_MB=102.6 alloc_ms=2.340 free_calls=8251 free_ms=6.368 allocs_per_graph_max=3 allocs_per_graph_mean=3.0 graphs=2751
[ZONE-RESET-AUDIT]   timing host/SCRATCH alloc_calls=91491 alloc_MB=5389.2 alloc_ms=16.085 free_calls=91491 free_ms=34.803 allocs_per_graph_max=741 allocs_per_graph_mean=33.3 graphs=2751
[ZONE-RESET-AUDIT]   timing host/SCRATCH alloc_calls=91491 alloc_MB=5389.2 alloc_ms=16.085 free_calls=91491 free_ms=34.803 allocs_per_graph_max=741 allocs_per_graph_mean=33.3 graphs=2751
[ZONE-RESET-AUDIT] ==== end inventory ====
[ZONE-RESET-AUDIT] ==== end inventory ====
[ZONE-RESET-AUDIT] ==== escape inventory (periodic) graphs=2815 ====
[ZONE-RESET-AUDIT] ==== escape inventory (periodic) graphs=2815 ====
[ZONE-RESET-AUDIT] site=device-zone-reset/ONEDNN:dev0 visits=3 visits_with_live=0 live_max=0 live_total=0 distinct_sizes=0 distinct_cohorts=0 graphs=[1..1]
[ZONE-RESET-AUDIT] site=device-zone-reset/ONEDNN:dev0 visits=3 visits_with_live=0 live_max=0 live_total=0 distinct_sizes=0 distinct_cohorts=0 graphs=[1..1]
[ZONE-RESET-AUDIT]   largest_free first=256.00 MB last=256.00 MB min=256.00 MB
[ZONE-RESET-AUDIT]   largest_free first=256.00 MB last=256.00 MB min=256.00 MB
[ZONE-RESET-AUDIT] site=device-zone-reset/SCRATCH:dev0 visits=2815 visits_with_live=0 live_max=0 live_total=0 distinct_sizes=0 distinct_cohorts=0 graphs=[0..2814]
[ZONE-RESET-AUDIT] site=device-zone-reset/SCRATCH:dev0 visits=2815 visits_with_live=0 live_max=0 live_total=0 distinct_sizes=0 distinct_cohorts=0 graphs=[0..2814]
[ZONE-RESET-AUDIT]   largest_free first=512.00 MB last=512.00 MB min=512.00 MB
[ZONE-RESET-AUDIT]   largest_free first=512.00 MB last=512.00 MB min=512.00 MB
[ZONE-RESET-AUDIT] site=host-zone-reset/SCRATCH visits=2814 visits_with_live=0 live_max=0 live_total=0 distinct_sizes=0 distinct_cohorts=0 graphs=[1..2814]
[ZONE-RESET-AUDIT] site=host-zone-reset/SCRATCH visits=2814 visits_with_live=0 live_max=0 live_total=0 distinct_sizes=0 distinct_cohorts=0 graphs=[1..2814]
[ZONE-RESET-AUDIT]   largest_free first=309.54 MB last=309.54 MB min=309.54 MB
[ZONE-RESET-AUDIT]   largest_free first=309.54 MB last=309.54 MB min=309.54 MB
[ZONE-RESET-AUDIT] site=host-zone-reset/STAGING visits=2815 visits_with_live=0 live_max=0 live_total=0 distinct_sizes=0 distinct_cohorts=0 graphs=[1..2815]
[ZONE-RESET-AUDIT] site=host-zone-reset/STAGING visits=2815 visits_with_live=0 live_max=0 live_total=0 distinct_sizes=0 distinct_cohorts=0 graphs=[1..2815]
[ZONE-RESET-AUDIT]   largest_free first=223.08 MB last=223.08 MB min=223.08 MB
[ZONE-RESET-AUDIT]   largest_free first=223.08 MB last=223.08 MB min=223.08 MB
[ZONE-RESET-AUDIT] site=scratch-pool-reset/bump:dev0 visits=2815 visits_with_live=0 live_max=0 live_total=0 distinct_sizes=0 distinct_cohorts=0 graphs=[1..2815]
[ZONE-RESET-AUDIT] site=scratch-pool-reset/bump:dev0 visits=2815 visits_with_live=0 live_max=0 live_total=0 distinct_sizes=0 distinct_cohorts=0 graphs=[1..2815]
[ZONE-RESET-AUDIT] site=weight-reclaim/load-boundary:dev0 visits=1 visits_with_live=0 live_max=0 live_total=0 distinct_sizes=0 distinct_cohorts=0 graphs=[0..0]
[ZONE-RESET-AUDIT] site=weight-reclaim/load-boundary:dev0 visits=1 visits_with_live=0 live_max=0 live_total=0 distinct_sizes=0 distinct_cohorts=0 graphs=[0..0]
[ZONE-RESET-AUDIT]   largest_free first=12820.00 MB last=12820.00 MB min=12820.00 MB
[ZONE-RESET-AUDIT]   largest_free first=12820.00 MB last=12820.00 MB min=12820.00 MB
[ZONE-RESET-AUDIT] site=weight-reclaim/mid-load-replan:dev0 visits=1 visits_with_live=0 live_max=0 live_total=0 distinct_sizes=0 distinct_cohorts=0 graphs=[0..0]
[ZONE-RESET-AUDIT] site=weight-reclaim/mid-load-replan:dev0 visits=1 visits_with_live=0 live_max=0 live_total=0 distinct_sizes=0 distinct_cohorts=0 graphs=[0..0]
[ZONE-RESET-AUDIT]   largest_free first=12820.00 MB last=12820.00 MB min=12820.00 MB
[ZONE-RESET-AUDIT]   largest_free first=12820.00 MB last=12820.00 MB min=12820.00 MB
[ZONE-RESET-AUDIT]   timing vram/kv alloc_calls=64 alloc_MB=96.0 alloc_ms=0.073 free_calls=32 free_ms=0.013 allocs_per_graph_max=32 allocs_per_graph_mean=0.0 graphs=2815
[ZONE-RESET-AUDIT]   timing vram/kv alloc_calls=64 alloc_MB=96.0 alloc_ms=0.073 free_calls=32 free_ms=0.013 allocs_per_graph_max=32 allocs_per_graph_mean=0.0 graphs=2815
[ZONE-RESET-AUDIT]   timing vram/weight alloc_calls=521 alloc_MB=8368.0 alloc_ms=0.399 free_calls=4 free_ms=0.004 allocs_per_graph_max=517 allocs_per_graph_mean=0.2 graphs=2815
[ZONE-RESET-AUDIT]   timing vram/weight alloc_calls=521 alloc_MB=8368.0 alloc_ms=0.399 free_calls=4 free_ms=0.004 allocs_per_graph_max=517 allocs_per_graph_mean=0.2 graphs=2815
[ZONE-RESET-AUDIT]   timing vram/onednn alloc_calls=6 alloc_MB=278.0 alloc_ms=0.002 free_calls=4 free_ms=0.002 allocs_per_graph_max=6 allocs_per_graph_mean=0.0 graphs=2815
[ZONE-RESET-AUDIT]   timing vram/onednn alloc_calls=6 alloc_MB=278.0 alloc_ms=0.002 free_calls=4 free_ms=0.002 allocs_per_graph_max=6 allocs_per_graph_mean=0.0 graphs=2815
[ZONE-RESET-AUDIT]   timing vram/runtime alloc_calls=1987 alloc_MB=2124.5 alloc_ms=0.765 free_calls=1985 free_ms=1.857 allocs_per_graph_max=65 allocs_per_graph_mean=0.7 graphs=2815
[ZONE-RESET-AUDIT]   timing vram/runtime alloc_calls=1987 alloc_MB=2124.5 alloc_ms=0.765 free_calls=1985 free_ms=1.857 allocs_per_graph_max=65 allocs_per_graph_mean=0.7 graphs=2815
[ZONE-RESET-AUDIT]   timing host/WEIGHT alloc_calls=36 alloc_MB=26.4 alloc_ms=0.025 free_calls=33 free_ms=0.037 allocs_per_graph_max=3 allocs_per_graph_mean=0.0 graphs=2815
[ZONE-RESET-AUDIT]   timing host/WEIGHT alloc_calls=36 alloc_MB=26.4 alloc_ms=0.025 free_calls=33 free_ms=0.037 allocs_per_graph_max=3 allocs_per_graph_mean=0.0 graphs=2815
[ZONE-RESET-AUDIT]   timing host/STAGING alloc_calls=8443 alloc_MB=102.6 alloc_ms=2.395 free_calls=8443 free_ms=6.477 allocs_per_graph_max=3 allocs_per_graph_mean=3.0 graphs=2815
[ZONE-RESET-AUDIT]   timing host/STAGING alloc_calls=8443 alloc_MB=102.6 alloc_ms=2.395 free_calls=8443 free_ms=6.477 allocs_per_graph_max=3 allocs_per_graph_mean=3.0 graphs=2815
[ZONE-RESET-AUDIT]   timing host/SCRATCH alloc_calls=93603 alloc_MB=5398.0 alloc_ms=16.435 free_calls=93603 free_ms=35.555 allocs_per_graph_max=741 allocs_per_graph_mean=33.3 graphs=2815
[ZONE-RESET-AUDIT]   timing host/SCRATCH alloc_calls=93603 alloc_MB=5398.0 alloc_ms=16.435 free_calls=93603 free_ms=35.555 allocs_per_graph_max=741 allocs_per_graph_mean=33.3 graphs=2815
[ZONE-RESET-AUDIT] ==== end inventory ====
[ZONE-RESET-AUDIT] ==== end inventory ====
set_n_threads: n_threads = 4, n_threads_batch = 4
[ZONE-RESET-AUDIT] ==== escape inventory (periodic) graphs=2879 ====
[ZONE-RESET-AUDIT] ==== escape inventory (periodic) graphs=2879 ====
[ZONE-RESET-AUDIT] site=device-zone-reset/ONEDNN:dev0 visits=3 visits_with_live=0 live_max=0 live_total=0 distinct_sizes=0 distinct_cohorts=0 graphs=[1..1]
[ZONE-RESET-AUDIT] site=device-zone-reset/ONEDNN:dev0 visits=3 visits_with_live=0 live_max=0 live_total=0 distinct_sizes=0 distinct_cohorts=0 graphs=[1..1]
[ZONE-RESET-AUDIT]   largest_free first=256.00 MB last=256.00 MB min=256.00 MB
[ZONE-RESET-AUDIT]   largest_free first=256.00 MB last=256.00 MB min=256.00 MB
[ZONE-RESET-AUDIT] site=device-zone-reset/SCRATCH:dev0 visits=2879 visits_with_live=0 live_max=0 live_total=0 distinct_sizes=0 distinct_cohorts=0 graphs=[0..2878]
[ZONE-RESET-AUDIT] site=device-zone-reset/SCRATCH:dev0 visits=2879 visits_with_live=0 live_max=0 live_total=0 distinct_sizes=0 distinct_cohorts=0 graphs=[0..2878]
[ZONE-RESET-AUDIT]   largest_free first=512.00 MB last=512.00 MB min=512.00 MB
[ZONE-RESET-AUDIT]   largest_free first=512.00 MB last=512.00 MB min=512.00 MB
[ZONE-RESET-AUDIT] site=host-zone-reset/SCRATCH visits=2878 visits_with_live=0 live_max=0 live_total=0 distinct_sizes=0 distinct_cohorts=0 graphs=[1..2878]
[ZONE-RESET-AUDIT] site=host-zone-reset/SCRATCH visits=2878 visits_with_live=0 live_max=0 live_total=0 distinct_sizes=0 distinct_cohorts=0 graphs=[1..2878]
[ZONE-RESET-AUDIT]   largest_free first=309.54 MB last=309.54 MB min=309.54 MB
[ZONE-RESET-AUDIT]   largest_free first=309.54 MB last=309.54 MB min=309.54 MB
[ZONE-RESET-AUDIT] site=host-zone-reset/STAGING visits=2879 visits_with_live=0 live_max=0 live_total=0 distinct_sizes=0 distinct_cohorts=0 graphs=[1..2879]
[ZONE-RESET-AUDIT] site=host-zone-reset/STAGING visits=2879 visits_with_live=0 live_max=0 live_total=0 distinct_sizes=0 distinct_cohorts=0 graphs=[1..2879]
[ZONE-RESET-AUDIT]   largest_free first=223.08 MB last=223.08 MB min=223.08 MB
[ZONE-RESET-AUDIT]   largest_free first=223.08 MB last=223.08 MB min=223.08 MB
[ZONE-RESET-AUDIT] site=scratch-pool-reset/bump:dev0 visits=2879 visits_with_live=0 live_max=0 live_total=0 distinct_sizes=0 distinct_cohorts=0 graphs=[1..2879]
[ZONE-RESET-AUDIT] site=scratch-pool-reset/bump:dev0 visits=2879 visits_with_live=0 live_max=0 live_total=0 distinct_sizes=0 distinct_cohorts=0 graphs=[1..2879]
[ZONE-RESET-AUDIT] site=weight-reclaim/load-boundary:dev0 visits=1 visits_with_live=0 live_max=0 live_total=0 distinct_sizes=0 distinct_cohorts=0 graphs=[0..0]
[ZONE-RESET-AUDIT] site=weight-reclaim/load-boundary:dev0 visits=1 visits_with_live=0 live_max=0 live_total=0 distinct_sizes=0 distinct_cohorts=0 graphs=[0..0]
[ZONE-RESET-AUDIT]   largest_free first=12820.00 MB last=12820.00 MB min=12820.00 MB
[ZONE-RESET-AUDIT]   largest_free first=12820.00 MB last=12820.00 MB min=12820.00 MB
[ZONE-RESET-AUDIT] site=weight-reclaim/mid-load-replan:dev0 visits=1 visits_with_live=0 live_max=0 live_total=0 distinct_sizes=0 distinct_cohorts=0 graphs=[0..0]
[ZONE-RESET-AUDIT] site=weight-reclaim/mid-load-replan:dev0 visits=1 visits_with_live=0 live_max=0 live_total=0 distinct_sizes=0 distinct_cohorts=0 graphs=[0..0]
[ZONE-RESET-AUDIT]   largest_free first=12820.00 MB last=12820.00 MB min=12820.00 MB
[ZONE-RESET-AUDIT]   largest_free first=12820.00 MB last=12820.00 MB min=12820.00 MB
[ZONE-RESET-AUDIT]   timing vram/kv alloc_calls=64 alloc_MB=96.0 alloc_ms=0.073 free_calls=32 free_ms=0.013 allocs_per_graph_max=32 allocs_per_graph_mean=0.0 graphs=2879
[ZONE-RESET-AUDIT]   timing vram/kv alloc_calls=64 alloc_MB=96.0 alloc_ms=0.073 free_calls=32 free_ms=0.013 allocs_per_graph_max=32 allocs_per_graph_mean=0.0 graphs=2879
[ZONE-RESET-AUDIT]   timing vram/weight alloc_calls=521 alloc_MB=8368.0 alloc_ms=0.399 free_calls=4 free_ms=0.004 allocs_per_graph_max=517 allocs_per_graph_mean=0.2 graphs=2879
[ZONE-RESET-AUDIT]   timing vram/weight alloc_calls=521 alloc_MB=8368.0 alloc_ms=0.399 free_calls=4 free_ms=0.004 allocs_per_graph_max=517 allocs_per_graph_mean=0.2 graphs=2879
[ZONE-RESET-AUDIT]   timing vram/onednn alloc_calls=6 alloc_MB=278.0 alloc_ms=0.002 free_calls=4 free_ms=0.002 allocs_per_graph_max=6 allocs_per_graph_mean=0.0 graphs=2879
[ZONE-RESET-AUDIT]   timing vram/onednn alloc_calls=6 alloc_MB=278.0 alloc_ms=0.002 free_calls=4 free_ms=0.002 allocs_per_graph_max=6 allocs_per_graph_mean=0.0 graphs=2879
[ZONE-RESET-AUDIT]   timing vram/runtime alloc_calls=1987 alloc_MB=2124.5 alloc_ms=0.765 free_calls=1985 free_ms=1.857 allocs_per_graph_max=65 allocs_per_graph_mean=0.7 graphs=2879
[ZONE-RESET-AUDIT]   timing vram/runtime alloc_calls=1987 alloc_MB=2124.5 alloc_ms=0.765 free_calls=1985 free_ms=1.857 allocs_per_graph_max=65 allocs_per_graph_mean=0.7 graphs=2879
[ZONE-RESET-AUDIT]   timing host/WEIGHT alloc_calls=36 alloc_MB=26.4 alloc_ms=0.025 free_calls=33 free_ms=0.037 allocs_per_graph_max=3 allocs_per_graph_mean=0.0 graphs=2879
[ZONE-RESET-AUDIT]   timing host/WEIGHT alloc_calls=36 alloc_MB=26.4 alloc_ms=0.025 free_calls=33 free_ms=0.037 allocs_per_graph_max=3 allocs_per_graph_mean=0.0 graphs=2879
[ZONE-RESET-AUDIT]   timing host/STAGING alloc_calls=8635 alloc_MB=102.6 alloc_ms=2.454 free_calls=8635 free_ms=6.593 allocs_per_graph_max=3 allocs_per_graph_mean=3.0 graphs=2879
[ZONE-RESET-AUDIT]   timing host/STAGING alloc_calls=8635 alloc_MB=102.6 alloc_ms=2.454 free_calls=8635 free_ms=6.593 allocs_per_graph_max=3 allocs_per_graph_mean=3.0 graphs=2879
[ZONE-RESET-AUDIT]   timing host/SCRATCH alloc_calls=95715 alloc_MB=5406.8 alloc_ms=16.772 free_calls=95715 free_ms=36.344 allocs_per_graph_max=741 allocs_per_graph_mean=33.2 graphs=2879
[ZONE-RESET-AUDIT]   timing host/SCRATCH alloc_calls=95715 alloc_MB=5406.8 alloc_ms=16.772 free_calls=95715 free_ms=36.344 allocs_per_graph_max=741 allocs_per_graph_mean=33.2 graphs=2879
[ZONE-RESET-AUDIT] ==== end inventory ====
[ZONE-RESET-AUDIT] ==== end inventory ====
[ZONE-RESET-AUDIT] ==== escape inventory (periodic) graphs=2943 ====
[ZONE-RESET-AUDIT] ==== escape inventory (periodic) graphs=2943 ====
[ZONE-RESET-AUDIT] site=device-zone-reset/ONEDNN:dev0 visits=3 visits_with_live=0 live_max=0 live_total=0 distinct_sizes=0 distinct_cohorts=0 graphs=[1..1]
[ZONE-RESET-AUDIT] site=device-zone-reset/ONEDNN:dev0 visits=3 visits_with_live=0 live_max=0 live_total=0 distinct_sizes=0 distinct_cohorts=0 graphs=[1..1]
[ZONE-RESET-AUDIT]   largest_free first=256.00 MB last=256.00 MB min=256.00 MB
[ZONE-RESET-AUDIT]   largest_free first=256.00 MB last=256.00 MB min=256.00 MB
[ZONE-RESET-AUDIT] site=device-zone-reset/SCRATCH:dev0 visits=2943 visits_with_live=0 live_max=0 live_total=0 distinct_sizes=0 distinct_cohorts=0 graphs=[0..2942]
[ZONE-RESET-AUDIT] site=device-zone-reset/SCRATCH:dev0 visits=2943 visits_with_live=0 live_max=0 live_total=0 distinct_sizes=0 distinct_cohorts=0 graphs=[0..2942]
[ZONE-RESET-AUDIT]   largest_free first=512.00 MB last=512.00 MB min=512.00 MB
[ZONE-RESET-AUDIT]   largest_free first=512.00 MB last=512.00 MB min=512.00 MB
[ZONE-RESET-AUDIT] site=host-zone-reset/SCRATCH visits=2942 visits_with_live=0 live_max=0 live_total=0 distinct_sizes=0 distinct_cohorts=0 graphs=[1..2942]
[ZONE-RESET-AUDIT] site=host-zone-reset/SCRATCH visits=2942 visits_with_live=0 live_max=0 live_total=0 distinct_sizes=0 distinct_cohorts=0 graphs=[1..2942]
[ZONE-RESET-AUDIT]   largest_free first=309.54 MB last=309.54 MB min=309.54 MB
[ZONE-RESET-AUDIT]   largest_free first=309.54 MB last=309.54 MB min=309.54 MB
[ZONE-RESET-AUDIT] site=host-zone-reset/STAGING visits=2943 visits_with_live=0 live_max=0 live_total=0 distinct_sizes=0 distinct_cohorts=0 graphs=[1..2943]
[ZONE-RESET-AUDIT] site=host-zone-reset/STAGING visits=2943 visits_with_live=0 live_max=0 live_total=0 distinct_sizes=0 distinct_cohorts=0 graphs=[1..2943]
[ZONE-RESET-AUDIT]   largest_free first=223.08 MB last=223.08 MB min=223.08 MB
[ZONE-RESET-AUDIT]   largest_free first=223.08 MB last=223.08 MB min=223.08 MB
[ZONE-RESET-AUDIT] site=scratch-pool-reset/bump:dev0 visits=2943 visits_with_live=0 live_max=0 live_total=0 distinct_sizes=0 distinct_cohorts=0 graphs=[1..2943]
[ZONE-RESET-AUDIT] site=scratch-pool-reset/bump:dev0 visits=2943 visits_with_live=0 live_max=0 live_total=0 distinct_sizes=0 distinct_cohorts=0 graphs=[1..2943]
[ZONE-RESET-AUDIT] site=weight-reclaim/load-boundary:dev0 visits=1 visits_with_live=0 live_max=0 live_total=0 distinct_sizes=0 distinct_cohorts=0 graphs=[0..0]
[ZONE-RESET-AUDIT] site=weight-reclaim/load-boundary:dev0 visits=1 visits_with_live=0 live_max=0 live_total=0 distinct_sizes=0 distinct_cohorts=0 graphs=[0..0]
[ZONE-RESET-AUDIT]   largest_free first=12820.00 MB last=12820.00 MB min=12820.00 MB
[ZONE-RESET-AUDIT]   largest_free first=12820.00 MB last=12820.00 MB min=12820.00 MB
[ZONE-RESET-AUDIT] site=weight-reclaim/mid-load-replan:dev0 visits=1 visits_with_live=0 live_max=0 live_total=0 distinct_sizes=0 distinct_cohorts=0 graphs=[0..0]
[ZONE-RESET-AUDIT] site=weight-reclaim/mid-load-replan:dev0 visits=1 visits_with_live=0 live_max=0 live_total=0 distinct_sizes=0 distinct_cohorts=0 graphs=[0..0]
[ZONE-RESET-AUDIT]   largest_free first=12820.00 MB last=12820.00 MB min=12820.00 MB
[ZONE-RESET-AUDIT]   largest_free first=12820.00 MB last=12820.00 MB min=12820.00 MB
[ZONE-RESET-AUDIT]   timing vram/kv alloc_calls=64 alloc_MB=96.0 alloc_ms=0.073 free_calls=32 free_ms=0.013 allocs_per_graph_max=32 allocs_per_graph_mean=0.0 graphs=2943
[ZONE-RESET-AUDIT]   timing vram/kv alloc_calls=64 alloc_MB=96.0 alloc_ms=0.073 free_calls=32 free_ms=0.013 allocs_per_graph_max=32 allocs_per_graph_mean=0.0 graphs=2943
[ZONE-RESET-AUDIT]   timing vram/weight alloc_calls=521 alloc_MB=8368.0 alloc_ms=0.399 free_calls=4 free_ms=0.004 allocs_per_graph_max=517 allocs_per_graph_mean=0.2 graphs=2943
[ZONE-RESET-AUDIT]   timing vram/weight alloc_calls=521 alloc_MB=8368.0 alloc_ms=0.399 free_calls=4 free_ms=0.004 allocs_per_graph_max=517 allocs_per_graph_mean=0.2 graphs=2943
[ZONE-RESET-AUDIT]   timing vram/onednn alloc_calls=6 alloc_MB=278.0 alloc_ms=0.002 free_calls=4 free_ms=0.002 allocs_per_graph_max=6 allocs_per_graph_mean=0.0 graphs=2943
[ZONE-RESET-AUDIT]   timing vram/onednn alloc_calls=6 alloc_MB=278.0 alloc_ms=0.002 free_calls=4 free_ms=0.002 allocs_per_graph_max=6 allocs_per_graph_mean=0.0 graphs=2943
[ZONE-RESET-AUDIT]   timing vram/runtime alloc_calls=1987 alloc_MB=2124.5 alloc_ms=0.765 free_calls=1985 free_ms=1.857 allocs_per_graph_max=65 allocs_per_graph_mean=0.7 graphs=2943
[ZONE-RESET-AUDIT]   timing vram/runtime alloc_calls=1987 alloc_MB=2124.5 alloc_ms=0.765 free_calls=1985 free_ms=1.857 allocs_per_graph_max=65 allocs_per_graph_mean=0.7 graphs=2943
[ZONE-RESET-AUDIT]   timing host/WEIGHT alloc_calls=36 alloc_MB=26.4 alloc_ms=0.025 free_calls=33 free_ms=0.037 allocs_per_graph_max=3 allocs_per_graph_mean=0.0 graphs=2943
[ZONE-RESET-AUDIT]   timing host/WEIGHT alloc_calls=36 alloc_MB=26.4 alloc_ms=0.025 free_calls=33 free_ms=0.037 allocs_per_graph_max=3 allocs_per_graph_mean=0.0 graphs=2943
[ZONE-RESET-AUDIT]   timing host/STAGING alloc_calls=8827 alloc_MB=102.6 alloc_ms=2.505 free_calls=8827 free_ms=6.700 allocs_per_graph_max=3 allocs_per_graph_mean=3.0 graphs=2943
[ZONE-RESET-AUDIT]   timing host/STAGING alloc_calls=8827 alloc_MB=102.6 alloc_ms=2.505 free_calls=8827 free_ms=6.700 allocs_per_graph_max=3 allocs_per_graph_mean=3.0 graphs=2943
[ZONE-RESET-AUDIT]   timing host/SCRATCH alloc_calls=97827 alloc_MB=5415.7 alloc_ms=17.102 free_calls=97827 free_ms=37.123 allocs_per_graph_max=741 allocs_per_graph_mean=33.2 graphs=2943
[ZONE-RESET-AUDIT]   timing host/SCRATCH alloc_calls=97827 alloc_MB=5415.7 alloc_ms=17.102 free_calls=97827 free_ms=37.123 allocs_per_graph_max=741 allocs_per_graph_mean=33.2 graphs=2943
[ZONE-RESET-AUDIT] ==== end inventory ====
[ZONE-RESET-AUDIT] ==== end inventory ====
set_n_threads: n_threads = 4, n_threads_batch = 4
[ZONE-RESET-AUDIT] ==== escape inventory (periodic) graphs=3007 ====
[ZONE-RESET-AUDIT] ==== escape inventory (periodic) graphs=3007 ====
[ZONE-RESET-AUDIT] site=device-zone-reset/ONEDNN:dev0 visits=3 visits_with_live=0 live_max=0 live_total=0 distinct_sizes=0 distinct_cohorts=0 graphs=[1..1]
[ZONE-RESET-AUDIT] site=device-zone-reset/ONEDNN:dev0 visits=3 visits_with_live=0 live_max=0 live_total=0 distinct_sizes=0 distinct_cohorts=0 graphs=[1..1]
[ZONE-RESET-AUDIT]   largest_free first=256.00 MB last=256.00 MB min=256.00 MB
[ZONE-RESET-AUDIT]   largest_free first=256.00 MB last=256.00 MB min=256.00 MB
[ZONE-RESET-AUDIT] site=device-zone-reset/SCRATCH:dev0 visits=3007 visits_with_live=0 live_max=0 live_total=0 distinct_sizes=0 distinct_cohorts=0 graphs=[0..3006]
[ZONE-RESET-AUDIT] site=device-zone-reset/SCRATCH:dev0 visits=3007 visits_with_live=0 live_max=0 live_total=0 distinct_sizes=0 distinct_cohorts=0 graphs=[0..3006]
[ZONE-RESET-AUDIT]   largest_free first=512.00 MB last=512.00 MB min=512.00 MB
[ZONE-RESET-AUDIT]   largest_free first=512.00 MB last=512.00 MB min=512.00 MB
[ZONE-RESET-AUDIT] site=host-zone-reset/SCRATCH visits=3006 visits_with_live=0 live_max=0 live_total=0 distinct_sizes=0 distinct_cohorts=0 graphs=[1..3006]
[ZONE-RESET-AUDIT] site=host-zone-reset/SCRATCH visits=3006 visits_with_live=0 live_max=0 live_total=0 distinct_sizes=0 distinct_cohorts=0 graphs=[1..3006]
[ZONE-RESET-AUDIT]   largest_free first=309.54 MB last=309.54 MB min=309.54 MB
[ZONE-RESET-AUDIT]   largest_free first=309.54 MB last=309.54 MB min=309.54 MB
[ZONE-RESET-AUDIT] site=host-zone-reset/STAGING visits=3007 visits_with_live=0 live_max=0 live_total=0 distinct_sizes=0 distinct_cohorts=0 graphs=[1..3007]
[ZONE-RESET-AUDIT] site=host-zone-reset/STAGING visits=3007 visits_with_live=0 live_max=0 live_total=0 distinct_sizes=0 distinct_cohorts=0 graphs=[1..3007]
[ZONE-RESET-AUDIT]   largest_free first=223.08 MB last=223.08 MB min=223.08 MB
[ZONE-RESET-AUDIT]   largest_free first=223.08 MB last=223.08 MB min=223.08 MB
[ZONE-RESET-AUDIT] site=scratch-pool-reset/bump:dev0 visits=3007 visits_with_live=0 live_max=0 live_total=0 distinct_sizes=0 distinct_cohorts=0 graphs=[1..3007]
[ZONE-RESET-AUDIT] site=scratch-pool-reset/bump:dev0 visits=3007 visits_with_live=0 live_max=0 live_total=0 distinct_sizes=0 distinct_cohorts=0 graphs=[1..3007]
[ZONE-RESET-AUDIT] site=weight-reclaim/load-boundary:dev0 visits=1 visits_with_live=0 live_max=0 live_total=0 distinct_sizes=0 distinct_cohorts=0 graphs=[0..0]
[ZONE-RESET-AUDIT] site=weight-reclaim/load-boundary:dev0 visits=1 visits_with_live=0 live_max=0 live_total=0 distinct_sizes=0 distinct_cohorts=0 graphs=[0..0]
[ZONE-RESET-AUDIT]   largest_free first=12820.00 MB last=12820.00 MB min=12820.00 MB
[ZONE-RESET-AUDIT]   largest_free first=12820.00 MB last=12820.00 MB min=12820.00 MB
[ZONE-RESET-AUDIT] site=weight-reclaim/mid-load-replan:dev0 visits=1 visits_with_live=0 live_max=0 live_total=0 distinct_sizes=0 distinct_cohorts=0 graphs=[0..0]
[ZONE-RESET-AUDIT] site=weight-reclaim/mid-load-replan:dev0 visits=1 visits_with_live=0 live_max=0 live_total=0 distinct_sizes=0 distinct_cohorts=0 graphs=[0..0]
[ZONE-RESET-AUDIT]   largest_free first=12820.00 MB last=12820.00 MB min=12820.00 MB
[ZONE-RESET-AUDIT]   largest_free first=12820.00 MB last=12820.00 MB min=12820.00 MB
[ZONE-RESET-AUDIT]   timing vram/kv alloc_calls=64 alloc_MB=96.0 alloc_ms=0.073 free_calls=32 free_ms=0.013 allocs_per_graph_max=32 allocs_per_graph_mean=0.0 graphs=3007
[ZONE-RESET-AUDIT]   timing vram/kv alloc_calls=64 alloc_MB=96.0 alloc_ms=0.073 free_calls=32 free_ms=0.013 allocs_per_graph_max=32 allocs_per_graph_mean=0.0 graphs=3007
[ZONE-RESET-AUDIT]   timing vram/weight alloc_calls=521 alloc_MB=8368.0 alloc_ms=0.399 free_calls=4 free_ms=0.004 allocs_per_graph_max=517 allocs_per_graph_mean=0.2 graphs=3007
[ZONE-RESET-AUDIT]   timing vram/weight alloc_calls=521 alloc_MB=8368.0 alloc_ms=0.399 free_calls=4 free_ms=0.004 allocs_per_graph_max=517 allocs_per_graph_mean=0.2 graphs=3007
[ZONE-RESET-AUDIT]   timing vram/onednn alloc_calls=6 alloc_MB=278.0 alloc_ms=0.002 free_calls=4 free_ms=0.002 allocs_per_graph_max=6 allocs_per_graph_mean=0.0 graphs=3007
[ZONE-RESET-AUDIT]   timing vram/onednn alloc_calls=6 alloc_MB=278.0 alloc_ms=0.002 free_calls=4 free_ms=0.002 allocs_per_graph_max=6 allocs_per_graph_mean=0.0 graphs=3007
[ZONE-RESET-AUDIT]   timing vram/runtime alloc_calls=1987 alloc_MB=2124.5 alloc_ms=0.765 free_calls=1985 free_ms=1.857 allocs_per_graph_max=65 allocs_per_graph_mean=0.7 graphs=3007
[ZONE-RESET-AUDIT]   timing vram/runtime alloc_calls=1987 alloc_MB=2124.5 alloc_ms=0.765 free_calls=1985 free_ms=1.857 allocs_per_graph_max=65 allocs_per_graph_mean=0.7 graphs=3007
[ZONE-RESET-AUDIT]   timing host/WEIGHT alloc_calls=36 alloc_MB=26.4 alloc_ms=0.025 free_calls=33 free_ms=0.037 allocs_per_graph_max=3 allocs_per_graph_mean=0.0 graphs=3007
[ZONE-RESET-AUDIT]   timing host/WEIGHT alloc_calls=36 alloc_MB=26.4 alloc_ms=0.025 free_calls=33 free_ms=0.037 allocs_per_graph_max=3 allocs_per_graph_mean=0.0 graphs=3007
[ZONE-RESET-AUDIT]   timing host/STAGING alloc_calls=9019 alloc_MB=102.6 alloc_ms=2.570 free_calls=9019 free_ms=6.813 allocs_per_graph_max=3 allocs_per_graph_mean=3.0 graphs=3007
[ZONE-RESET-AUDIT]   timing host/STAGING alloc_calls=9019 alloc_MB=102.6 alloc_ms=2.570 free_calls=9019 free_ms=6.813 allocs_per_graph_max=3 allocs_per_graph_mean=3.0 graphs=3007
[ZONE-RESET-AUDIT]   timing host/SCRATCH alloc_calls=99939 alloc_MB=5424.5 alloc_ms=17.450 free_calls=99939 free_ms=37.921 allocs_per_graph_max=741 allocs_per_graph_mean=33.2 graphs=3007
[ZONE-RESET-AUDIT]   timing host/SCRATCH alloc_calls=99939 alloc_MB=5424.5 alloc_ms=17.450 free_calls=99939 free_ms=37.921 allocs_per_graph_max=741 allocs_per_graph_mean=33.2 graphs=3007
[ZONE-RESET-AUDIT] ==== end inventory ====
[ZONE-RESET-AUDIT] ==== end inventory ====
[ZONE-RESET-AUDIT] ==== escape inventory (periodic) graphs=3071 ====
[ZONE-RESET-AUDIT] ==== escape inventory (periodic) graphs=3071 ====
[ZONE-RESET-AUDIT] site=device-zone-reset/ONEDNN:dev0 visits=3 visits_with_live=0 live_max=0 live_total=0 distinct_sizes=0 distinct_cohorts=0 graphs=[1..1]
[ZONE-RESET-AUDIT] site=device-zone-reset/ONEDNN:dev0 visits=3 visits_with_live=0 live_max=0 live_total=0 distinct_sizes=0 distinct_cohorts=0 graphs=[1..1]
[ZONE-RESET-AUDIT]   largest_free first=256.00 MB last=256.00 MB min=256.00 MB
[ZONE-RESET-AUDIT]   largest_free first=256.00 MB last=256.00 MB min=256.00 MB
[ZONE-RESET-AUDIT] site=device-zone-reset/SCRATCH:dev0 visits=3071 visits_with_live=0 live_max=0 live_total=0 distinct_sizes=0 distinct_cohorts=0 graphs=[0..3070]
[ZONE-RESET-AUDIT] site=device-zone-reset/SCRATCH:dev0 visits=3071 visits_with_live=0 live_max=0 live_total=0 distinct_sizes=0 distinct_cohorts=0 graphs=[0..3070]
[ZONE-RESET-AUDIT]   largest_free first=512.00 MB last=512.00 MB min=512.00 MB
[ZONE-RESET-AUDIT]   largest_free first=512.00 MB last=512.00 MB min=512.00 MB
[ZONE-RESET-AUDIT] site=host-zone-reset/SCRATCH visits=3070 visits_with_live=0 live_max=0 live_total=0 distinct_sizes=0 distinct_cohorts=0 graphs=[1..3070]
[ZONE-RESET-AUDIT] site=host-zone-reset/SCRATCH visits=3070 visits_with_live=0 live_max=0 live_total=0 distinct_sizes=0 distinct_cohorts=0 graphs=[1..3070]
[ZONE-RESET-AUDIT]   largest_free first=309.54 MB last=309.54 MB min=309.54 MB
[ZONE-RESET-AUDIT]   largest_free first=309.54 MB last=309.54 MB min=309.54 MB
[ZONE-RESET-AUDIT] site=host-zone-reset/STAGING visits=3071 visits_with_live=0 live_max=0 live_total=0 distinct_sizes=0 distinct_cohorts=0 graphs=[1..3071]
[ZONE-RESET-AUDIT] site=host-zone-reset/STAGING visits=3071 visits_with_live=0 live_max=0 live_total=0 distinct_sizes=0 distinct_cohorts=0 graphs=[1..3071]
[ZONE-RESET-AUDIT]   largest_free first=223.08 MB last=223.08 MB min=223.08 MB
[ZONE-RESET-AUDIT]   largest_free first=223.08 MB last=223.08 MB min=223.08 MB
[ZONE-RESET-AUDIT] site=scratch-pool-reset/bump:dev0 visits=3071 visits_with_live=0 live_max=0 live_total=0 distinct_sizes=0 distinct_cohorts=0 graphs=[1..3071]
[ZONE-RESET-AUDIT] site=scratch-pool-reset/bump:dev0 visits=3071 visits_with_live=0 live_max=0 live_total=0 distinct_sizes=0 distinct_cohorts=0 graphs=[1..3071]
[ZONE-RESET-AUDIT] site=weight-reclaim/load-boundary:dev0 visits=1 visits_with_live=0 live_max=0 live_total=0 distinct_sizes=0 distinct_cohorts=0 graphs=[0..0]
[ZONE-RESET-AUDIT] site=weight-reclaim/load-boundary:dev0 visits=1 visits_with_live=0 live_max=0 live_total=0 distinct_sizes=0 distinct_cohorts=0 graphs=[0..0]
[ZONE-RESET-AUDIT]   largest_free first=12820.00 MB last=12820.00 MB min=12820.00 MB
[ZONE-RESET-AUDIT]   largest_free first=12820.00 MB last=12820.00 MB min=12820.00 MB
[ZONE-RESET-AUDIT] site=weight-reclaim/mid-load-replan:dev0 visits=1 visits_with_live=0 live_max=0 live_total=0 distinct_sizes=0 distinct_cohorts=0 graphs=[0..0]
[ZONE-RESET-AUDIT] site=weight-reclaim/mid-load-replan:dev0 visits=1 visits_with_live=0 live_max=0 live_total=0 distinct_sizes=0 distinct_cohorts=0 graphs=[0..0]
[ZONE-RESET-AUDIT]   largest_free first=12820.00 MB last=12820.00 MB min=12820.00 MB
[ZONE-RESET-AUDIT]   largest_free first=12820.00 MB last=12820.00 MB min=12820.00 MB
[ZONE-RESET-AUDIT]   timing vram/kv alloc_calls=64 alloc_MB=96.0 alloc_ms=0.073 free_calls=32 free_ms=0.013 allocs_per_graph_max=32 allocs_per_graph_mean=0.0 graphs=3071
[ZONE-RESET-AUDIT]   timing vram/kv alloc_calls=64 alloc_MB=96.0 alloc_ms=0.073 free_calls=32 free_ms=0.013 allocs_per_graph_max=32 allocs_per_graph_mean=0.0 graphs=3071
[ZONE-RESET-AUDIT]   timing vram/weight alloc_calls=521 alloc_MB=8368.0 alloc_ms=0.399 free_calls=4 free_ms=0.004 allocs_per_graph_max=517 allocs_per_graph_mean=0.2 graphs=3071
[ZONE-RESET-AUDIT]   timing vram/weight alloc_calls=521 alloc_MB=8368.0 alloc_ms=0.399 free_calls=4 free_ms=0.004 allocs_per_graph_max=517 allocs_per_graph_mean=0.2 graphs=3071
[ZONE-RESET-AUDIT]   timing vram/onednn alloc_calls=6 alloc_MB=278.0 alloc_ms=0.002 free_calls=4 free_ms=0.002 allocs_per_graph_max=6 allocs_per_graph_mean=0.0 graphs=3071
[ZONE-RESET-AUDIT]   timing vram/onednn alloc_calls=6 alloc_MB=278.0 alloc_ms=0.002 free_calls=4 free_ms=0.002 allocs_per_graph_max=6 allocs_per_graph_mean=0.0 graphs=3071
[ZONE-RESET-AUDIT]   timing vram/runtime alloc_calls=1987 alloc_MB=2124.5 alloc_ms=0.765 free_calls=1985 free_ms=1.857 allocs_per_graph_max=65 allocs_per_graph_mean=0.6 graphs=3071
[ZONE-RESET-AUDIT]   timing vram/runtime alloc_calls=1987 alloc_MB=2124.5 alloc_ms=0.765 free_calls=1985 free_ms=1.857 allocs_per_graph_max=65 allocs_per_graph_mean=0.6 graphs=3071
[ZONE-RESET-AUDIT]   timing host/WEIGHT alloc_calls=36 alloc_MB=26.4 alloc_ms=0.025 free_calls=33 free_ms=0.037 allocs_per_graph_max=3 allocs_per_graph_mean=0.0 graphs=3071
[ZONE-RESET-AUDIT]   timing host/WEIGHT alloc_calls=36 alloc_MB=26.4 alloc_ms=0.025 free_calls=33 free_ms=0.037 allocs_per_graph_max=3 allocs_per_graph_mean=0.0 graphs=3071
[ZONE-RESET-AUDIT]   timing host/STAGING alloc_calls=9211 alloc_MB=102.6 alloc_ms=2.624 free_calls=9211 free_ms=6.930 allocs_per_graph_max=3 allocs_per_graph_mean=3.0 graphs=3071
[ZONE-RESET-AUDIT]   timing host/STAGING alloc_calls=9211 alloc_MB=102.6 alloc_ms=2.624 free_calls=9211 free_ms=6.930 allocs_per_graph_max=3 allocs_per_graph_mean=3.0 graphs=3071
[ZONE-RESET-AUDIT]   timing host/SCRATCH alloc_calls=102051 alloc_MB=5433.3 alloc_ms=17.811 free_calls=102051 free_ms=38.753 allocs_per_graph_max=741 allocs_per_graph_mean=33.2 graphs=3071
[ZONE-RESET-AUDIT]   timing host/SCRATCH alloc_calls=102051 alloc_MB=5433.3 alloc_ms=17.811 free_calls=102051 free_ms=38.753 allocs_per_graph_max=741 allocs_per_graph_mean=33.2 graphs=3071
[ZONE-RESET-AUDIT] ==== end inventory ====
[ZONE-RESET-AUDIT] ==== end inventory ====
set_n_threads: n_threads = 4, n_threads_batch = 4
[ZONE-RESET-AUDIT] ==== escape inventory (periodic) graphs=3135 ====
[ZONE-RESET-AUDIT] ==== escape inventory (periodic) graphs=3135 ====
[ZONE-RESET-AUDIT] site=device-zone-reset/ONEDNN:dev0 visits=3 visits_with_live=0 live_max=0 live_total=0 distinct_sizes=0 distinct_cohorts=0 graphs=[1..1]
[ZONE-RESET-AUDIT] site=device-zone-reset/ONEDNN:dev0 visits=3 visits_with_live=0 live_max=0 live_total=0 distinct_sizes=0 distinct_cohorts=0 graphs=[1..1]
[ZONE-RESET-AUDIT]   largest_free first=256.00 MB last=256.00 MB min=256.00 MB
[ZONE-RESET-AUDIT]   largest_free first=256.00 MB last=256.00 MB min=256.00 MB
[ZONE-RESET-AUDIT] site=device-zone-reset/SCRATCH:dev0 visits=3135 visits_with_live=0 live_max=0 live_total=0 distinct_sizes=0 distinct_cohorts=0 graphs=[0..3134]
[ZONE-RESET-AUDIT] site=device-zone-reset/SCRATCH:dev0 visits=3135 visits_with_live=0 live_max=0 live_total=0 distinct_sizes=0 distinct_cohorts=0 graphs=[0..3134]
[ZONE-RESET-AUDIT]   largest_free first=512.00 MB last=512.00 MB min=512.00 MB
[ZONE-RESET-AUDIT]   largest_free first=512.00 MB last=512.00 MB min=512.00 MB
[ZONE-RESET-AUDIT] site=host-zone-reset/SCRATCH visits=3134 visits_with_live=0 live_max=0 live_total=0 distinct_sizes=0 distinct_cohorts=0 graphs=[1..3134]
[ZONE-RESET-AUDIT] site=host-zone-reset/SCRATCH visits=3134 visits_with_live=0 live_max=0 live_total=0 distinct_sizes=0 distinct_cohorts=0 graphs=[1..3134]
[ZONE-RESET-AUDIT]   largest_free first=309.54 MB last=309.54 MB min=309.54 MB
[ZONE-RESET-AUDIT]   largest_free first=309.54 MB last=309.54 MB min=309.54 MB
[ZONE-RESET-AUDIT] site=host-zone-reset/STAGING visits=3135 visits_with_live=0 live_max=0 live_total=0 distinct_sizes=0 distinct_cohorts=0 graphs=[1..3135]
[ZONE-RESET-AUDIT] site=host-zone-reset/STAGING visits=3135 visits_with_live=0 live_max=0 live_total=0 distinct_sizes=0 distinct_cohorts=0 graphs=[1..3135]
[ZONE-RESET-AUDIT]   largest_free first=223.08 MB last=223.08 MB min=223.08 MB
[ZONE-RESET-AUDIT]   largest_free first=223.08 MB last=223.08 MB min=223.08 MB
[ZONE-RESET-AUDIT] site=scratch-pool-reset/bump:dev0 visits=3135 visits_with_live=0 live_max=0 live_total=0 distinct_sizes=0 distinct_cohorts=0 graphs=[1..3135]
[ZONE-RESET-AUDIT] site=scratch-pool-reset/bump:dev0 visits=3135 visits_with_live=0 live_max=0 live_total=0 distinct_sizes=0 distinct_cohorts=0 graphs=[1..3135]
[ZONE-RESET-AUDIT] site=weight-reclaim/load-boundary:dev0 visits=1 visits_with_live=0 live_max=0 live_total=0 distinct_sizes=0 distinct_cohorts=0 graphs=[0..0]
[ZONE-RESET-AUDIT] site=weight-reclaim/load-boundary:dev0 visits=1 visits_with_live=0 live_max=0 live_total=0 distinct_sizes=0 distinct_cohorts=0 graphs=[0..0]
[ZONE-RESET-AUDIT]   largest_free first=12820.00 MB last=12820.00 MB min=12820.00 MB
[ZONE-RESET-AUDIT]   largest_free first=12820.00 MB last=12820.00 MB min=12820.00 MB
[ZONE-RESET-AUDIT] site=weight-reclaim/mid-load-replan:dev0 visits=1 visits_with_live=0 live_max=0 live_total=0 distinct_sizes=0 distinct_cohorts=0 graphs=[0..0]
[ZONE-RESET-AUDIT] site=weight-reclaim/mid-load-replan:dev0 visits=1 visits_with_live=0 live_max=0 live_total=0 distinct_sizes=0 distinct_cohorts=0 graphs=[0..0]
[ZONE-RESET-AUDIT]   largest_free first=12820.00 MB last=12820.00 MB min=12820.00 MB
[ZONE-RESET-AUDIT]   largest_free first=12820.00 MB last=12820.00 MB min=12820.00 MB
[ZONE-RESET-AUDIT]   timing vram/kv alloc_calls=64 alloc_MB=96.0 alloc_ms=0.073 free_calls=32 free_ms=0.013 allocs_per_graph_max=32 allocs_per_graph_mean=0.0 graphs=3135
[ZONE-RESET-AUDIT]   timing vram/kv alloc_calls=64 alloc_MB=96.0 alloc_ms=0.073 free_calls=32 free_ms=0.013 allocs_per_graph_max=32 allocs_per_graph_mean=0.0 graphs=3135
[ZONE-RESET-AUDIT]   timing vram/weight alloc_calls=521 alloc_MB=8368.0 alloc_ms=0.399 free_calls=4 free_ms=0.004 allocs_per_graph_max=517 allocs_per_graph_mean=0.2 graphs=3135
[ZONE-RESET-AUDIT]   timing vram/weight alloc_calls=521 alloc_MB=8368.0 alloc_ms=0.399 free_calls=4 free_ms=0.004 allocs_per_graph_max=517 allocs_per_graph_mean=0.2 graphs=3135
[ZONE-RESET-AUDIT]   timing vram/onednn alloc_calls=6 alloc_MB=278.0 alloc_ms=0.002 free_calls=4 free_ms=0.002 allocs_per_graph_max=6 allocs_per_graph_mean=0.0 graphs=3135
[ZONE-RESET-AUDIT]   timing vram/onednn alloc_calls=6 alloc_MB=278.0 alloc_ms=0.002 free_calls=4 free_ms=0.002 allocs_per_graph_max=6 allocs_per_graph_mean=0.0 graphs=3135
[ZONE-RESET-AUDIT]   timing vram/runtime alloc_calls=1987 alloc_MB=2124.5 alloc_ms=0.765 free_calls=1985 free_ms=1.857 allocs_per_graph_max=65 allocs_per_graph_mean=0.6 graphs=3135
[ZONE-RESET-AUDIT]   timing vram/runtime alloc_calls=1987 alloc_MB=2124.5 alloc_ms=0.765 free_calls=1985 free_ms=1.857 allocs_per_graph_max=65 allocs_per_graph_mean=0.6 graphs=3135
[ZONE-RESET-AUDIT]   timing host/WEIGHT alloc_calls=36 alloc_MB=26.4 alloc_ms=0.025 free_calls=33 free_ms=0.037 allocs_per_graph_max=3 allocs_per_graph_mean=0.0 graphs=3135
[ZONE-RESET-AUDIT]   timing host/WEIGHT alloc_calls=36 alloc_MB=26.4 alloc_ms=0.025 free_calls=33 free_ms=0.037 allocs_per_graph_max=3 allocs_per_graph_mean=0.0 graphs=3135
[ZONE-RESET-AUDIT]   timing host/STAGING alloc_calls=9403 alloc_MB=102.6 alloc_ms=2.680 free_calls=9403 free_ms=7.043 allocs_per_graph_max=3 allocs_per_graph_mean=3.0 graphs=3135
[ZONE-RESET-AUDIT]   timing host/STAGING alloc_calls=9403 alloc_MB=102.6 alloc_ms=2.680 free_calls=9403 free_ms=7.043 allocs_per_graph_max=3 allocs_per_graph_mean=3.0 graphs=3135
[ZONE-RESET-AUDIT]   timing host/SCRATCH alloc_calls=104163 alloc_MB=5442.1 alloc_ms=18.157 free_calls=104163 free_ms=39.576 allocs_per_graph_max=741 allocs_per_graph_mean=33.2 graphs=3135
[ZONE-RESET-AUDIT]   timing host/SCRATCH alloc_calls=104163 alloc_MB=5442.1 alloc_ms=18.157 free_calls=104163 free_ms=39.576 allocs_per_graph_max=741 allocs_per_graph_mean=33.2 graphs=3135
[ZONE-RESET-AUDIT] ==== end inventory ====
[ZONE-RESET-AUDIT] ==== end inventory ====
[ZONE-RESET-AUDIT] ==== escape inventory (periodic) graphs=3199 ====
[ZONE-RESET-AUDIT] ==== escape inventory (periodic) graphs=3199 ====
[ZONE-RESET-AUDIT] site=device-zone-reset/ONEDNN:dev0 visits=3 visits_with_live=0 live_max=0 live_total=0 distinct_sizes=0 distinct_cohorts=0 graphs=[1..1]
[ZONE-RESET-AUDIT] site=device-zone-reset/ONEDNN:dev0 visits=3 visits_with_live=0 live_max=0 live_total=0 distinct_sizes=0 distinct_cohorts=0 graphs=[1..1]
[ZONE-RESET-AUDIT]   largest_free first=256.00 MB last=256.00 MB min=256.00 MB
[ZONE-RESET-AUDIT]   largest_free first=256.00 MB last=256.00 MB min=256.00 MB
[ZONE-RESET-AUDIT] site=device-zone-reset/SCRATCH:dev0 visits=3199 visits_with_live=0 live_max=0 live_total=0 distinct_sizes=0 distinct_cohorts=0 graphs=[0..3198]
[ZONE-RESET-AUDIT] site=device-zone-reset/SCRATCH:dev0 visits=3199 visits_with_live=0 live_max=0 live_total=0 distinct_sizes=0 distinct_cohorts=0 graphs=[0..3198]
[ZONE-RESET-AUDIT]   largest_free first=512.00 MB last=512.00 MB min=512.00 MB
[ZONE-RESET-AUDIT]   largest_free first=512.00 MB last=512.00 MB min=512.00 MB
[ZONE-RESET-AUDIT] site=host-zone-reset/SCRATCH visits=3198 visits_with_live=0 live_max=0 live_total=0 distinct_sizes=0 distinct_cohorts=0 graphs=[1..3198]
[ZONE-RESET-AUDIT] site=host-zone-reset/SCRATCH visits=3198 visits_with_live=0 live_max=0 live_total=0 distinct_sizes=0 distinct_cohorts=0 graphs=[1..3198]
[ZONE-RESET-AUDIT]   largest_free first=309.54 MB last=309.54 MB min=309.54 MB
[ZONE-RESET-AUDIT]   largest_free first=309.54 MB last=309.54 MB min=309.54 MB
[ZONE-RESET-AUDIT] site=host-zone-reset/STAGING visits=3199 visits_with_live=0 live_max=0 live_total=0 distinct_sizes=0 distinct_cohorts=0 graphs=[1..3199]
[ZONE-RESET-AUDIT] site=host-zone-reset/STAGING visits=3199 visits_with_live=0 live_max=0 live_total=0 distinct_sizes=0 distinct_cohorts=0 graphs=[1..3199]
[ZONE-RESET-AUDIT]   largest_free first=223.08 MB last=223.08 MB min=223.08 MB
[ZONE-RESET-AUDIT]   largest_free first=223.08 MB last=223.08 MB min=223.08 MB
[ZONE-RESET-AUDIT] site=scratch-pool-reset/bump:dev0 visits=3199 visits_with_live=0 live_max=0 live_total=0 distinct_sizes=0 distinct_cohorts=0 graphs=[1..3199]
[ZONE-RESET-AUDIT] site=scratch-pool-reset/bump:dev0 visits=3199 visits_with_live=0 live_max=0 live_total=0 distinct_sizes=0 distinct_cohorts=0 graphs=[1..3199]
[ZONE-RESET-AUDIT] site=weight-reclaim/load-boundary:dev0 visits=1 visits_with_live=0 live_max=0 live_total=0 distinct_sizes=0 distinct_cohorts=0 graphs=[0..0]
[ZONE-RESET-AUDIT] site=weight-reclaim/load-boundary:dev0 visits=1 visits_with_live=0 live_max=0 live_total=0 distinct_sizes=0 distinct_cohorts=0 graphs=[0..0]
[ZONE-RESET-AUDIT]   largest_free first=12820.00 MB last=12820.00 MB min=12820.00 MB
[ZONE-RESET-AUDIT]   largest_free first=12820.00 MB last=12820.00 MB min=12820.00 MB
[ZONE-RESET-AUDIT] site=weight-reclaim/mid-load-replan:dev0 visits=1 visits_with_live=0 live_max=0 live_total=0 distinct_sizes=0 distinct_cohorts=0 graphs=[0..0]
[ZONE-RESET-AUDIT] site=weight-reclaim/mid-load-replan:dev0 visits=1 visits_with_live=0 live_max=0 live_total=0 distinct_sizes=0 distinct_cohorts=0 graphs=[0..0]
[ZONE-RESET-AUDIT]   largest_free first=12820.00 MB last=12820.00 MB min=12820.00 MB
[ZONE-RESET-AUDIT]   largest_free first=12820.00 MB last=12820.00 MB min=12820.00 MB
[ZONE-RESET-AUDIT]   timing vram/kv alloc_calls=64 alloc_MB=96.0 alloc_ms=0.073 free_calls=32 free_ms=0.013 allocs_per_graph_max=32 allocs_per_graph_mean=0.0 graphs=3199
[ZONE-RESET-AUDIT]   timing vram/kv alloc_calls=64 alloc_MB=96.0 alloc_ms=0.073 free_calls=32 free_ms=0.013 allocs_per_graph_max=32 allocs_per_graph_mean=0.0 graphs=3199
[ZONE-RESET-AUDIT]   timing vram/weight alloc_calls=521 alloc_MB=8368.0 alloc_ms=0.399 free_calls=4 free_ms=0.004 allocs_per_graph_max=517 allocs_per_graph_mean=0.2 graphs=3199
[ZONE-RESET-AUDIT]   timing vram/weight alloc_calls=521 alloc_MB=8368.0 alloc_ms=0.399 free_calls=4 free_ms=0.004 allocs_per_graph_max=517 allocs_per_graph_mean=0.2 graphs=3199
[ZONE-RESET-AUDIT]   timing vram/onednn alloc_calls=6 alloc_MB=278.0 alloc_ms=0.002 free_calls=4 free_ms=0.002 allocs_per_graph_max=6 allocs_per_graph_mean=0.0 graphs=3199
[ZONE-RESET-AUDIT]   timing vram/onednn alloc_calls=6 alloc_MB=278.0 alloc_ms=0.002 free_calls=4 free_ms=0.002 allocs_per_graph_max=6 allocs_per_graph_mean=0.0 graphs=3199
[ZONE-RESET-AUDIT]   timing vram/runtime alloc_calls=1987 alloc_MB=2124.5 alloc_ms=0.765 free_calls=1985 free_ms=1.857 allocs_per_graph_max=65 allocs_per_graph_mean=0.6 graphs=3199
[ZONE-RESET-AUDIT]   timing vram/runtime alloc_calls=1987 alloc_MB=2124.5 alloc_ms=0.765 free_calls=1985 free_ms=1.857 allocs_per_graph_max=65 allocs_per_graph_mean=0.6 graphs=3199
[ZONE-RESET-AUDIT]   timing host/WEIGHT alloc_calls=36 alloc_MB=26.4 alloc_ms=0.025 free_calls=33 free_ms=0.037 allocs_per_graph_max=3 allocs_per_graph_mean=0.0 graphs=3199
[ZONE-RESET-AUDIT]   timing host/WEIGHT alloc_calls=36 alloc_MB=26.4 alloc_ms=0.025 free_calls=33 free_ms=0.037 allocs_per_graph_max=3 allocs_per_graph_mean=0.0 graphs=3199
[ZONE-RESET-AUDIT]   timing host/STAGING alloc_calls=9595 alloc_MB=102.6 alloc_ms=2.739 free_calls=9595 free_ms=7.182 allocs_per_graph_max=3 allocs_per_graph_mean=3.0 graphs=3199
[ZONE-RESET-AUDIT]   timing host/STAGING alloc_calls=9595 alloc_MB=102.6 alloc_ms=2.739 free_calls=9595 free_ms=7.182 allocs_per_graph_max=3 allocs_per_graph_mean=3.0 graphs=3199
[ZONE-RESET-AUDIT]   timing host/SCRATCH alloc_calls=106275 alloc_MB=5450.9 alloc_ms=18.515 free_calls=106275 free_ms=40.429 allocs_per_graph_max=741 allocs_per_graph_mean=33.2 graphs=3199
[ZONE-RESET-AUDIT]   timing host/SCRATCH alloc_calls=106275 alloc_MB=5450.9 alloc_ms=18.515 free_calls=106275 free_ms=40.429 allocs_per_graph_max=741 allocs_per_graph_mean=33.2 graphs=3199
[ZONE-RESET-AUDIT] ==== end inventory ====
[ZONE-RESET-AUDIT] ==== end inventory ====
set_n_threads: n_threads = 4, n_threads_batch = 4
[ZONE-RESET-AUDIT] ==== escape inventory (periodic) graphs=3263 ====
[ZONE-RESET-AUDIT] ==== escape inventory (periodic) graphs=3263 ====
[ZONE-RESET-AUDIT] site=device-zone-reset/ONEDNN:dev0 visits=3 visits_with_live=0 live_max=0 live_total=0 distinct_sizes=0 distinct_cohorts=0 graphs=[1..1]
[ZONE-RESET-AUDIT] site=device-zone-reset/ONEDNN:dev0 visits=3 visits_with_live=0 live_max=0 live_total=0 distinct_sizes=0 distinct_cohorts=0 graphs=[1..1]
[ZONE-RESET-AUDIT]   largest_free first=256.00 MB last=256.00 MB min=256.00 MB
[ZONE-RESET-AUDIT]   largest_free first=256.00 MB last=256.00 MB min=256.00 MB
[ZONE-RESET-AUDIT] site=device-zone-reset/SCRATCH:dev0 visits=3263 visits_with_live=0 live_max=0 live_total=0 distinct_sizes=0 distinct_cohorts=0 graphs=[0..3262]
[ZONE-RESET-AUDIT] site=device-zone-reset/SCRATCH:dev0 visits=3263 visits_with_live=0 live_max=0 live_total=0 distinct_sizes=0 distinct_cohorts=0 graphs=[0..3262]
[ZONE-RESET-AUDIT]   largest_free first=512.00 MB last=512.00 MB min=512.00 MB
[ZONE-RESET-AUDIT]   largest_free first=512.00 MB last=512.00 MB min=512.00 MB
[ZONE-RESET-AUDIT] site=host-zone-reset/SCRATCH visits=3262 visits_with_live=0 live_max=0 live_total=0 distinct_sizes=0 distinct_cohorts=0 graphs=[1..3262]
[ZONE-RESET-AUDIT] site=host-zone-reset/SCRATCH visits=3262 visits_with_live=0 live_max=0 live_total=0 distinct_sizes=0 distinct_cohorts=0 graphs=[1..3262]
[ZONE-RESET-AUDIT]   largest_free first=309.54 MB last=309.54 MB min=309.54 MB
[ZONE-RESET-AUDIT]   largest_free first=309.54 MB last=309.54 MB min=309.54 MB
[ZONE-RESET-AUDIT] site=host-zone-reset/STAGING visits=3263 visits_with_live=0 live_max=0 live_total=0 distinct_sizes=0 distinct_cohorts=0 graphs=[1..3263]
[ZONE-RESET-AUDIT] site=host-zone-reset/STAGING visits=3263 visits_with_live=0 live_max=0 live_total=0 distinct_sizes=0 distinct_cohorts=0 graphs=[1..3263]
[ZONE-RESET-AUDIT]   largest_free first=223.08 MB last=223.08 MB min=223.08 MB
[ZONE-RESET-AUDIT]   largest_free first=223.08 MB last=223.08 MB min=223.08 MB
[ZONE-RESET-AUDIT] site=scratch-pool-reset/bump:dev0 visits=3263 visits_with_live=0 live_max=0 live_total=0 distinct_sizes=0 distinct_cohorts=0 graphs=[1..3263]
[ZONE-RESET-AUDIT] site=scratch-pool-reset/bump:dev0 visits=3263 visits_with_live=0 live_max=0 live_total=0 distinct_sizes=0 distinct_cohorts=0 graphs=[1..3263]
[ZONE-RESET-AUDIT] site=weight-reclaim/load-boundary:dev0 visits=1 visits_with_live=0 live_max=0 live_total=0 distinct_sizes=0 distinct_cohorts=0 graphs=[0..0]
[ZONE-RESET-AUDIT] site=weight-reclaim/load-boundary:dev0 visits=1 visits_with_live=0 live_max=0 live_total=0 distinct_sizes=0 distinct_cohorts=0 graphs=[0..0]
[ZONE-RESET-AUDIT]   largest_free first=12820.00 MB last=12820.00 MB min=12820.00 MB
[ZONE-RESET-AUDIT]   largest_free first=12820.00 MB last=12820.00 MB min=12820.00 MB
[ZONE-RESET-AUDIT] site=weight-reclaim/mid-load-replan:dev0 visits=1 visits_with_live=0 live_max=0 live_total=0 distinct_sizes=0 distinct_cohorts=0 graphs=[0..0]
[ZONE-RESET-AUDIT] site=weight-reclaim/mid-load-replan:dev0 visits=1 visits_with_live=0 live_max=0 live_total=0 distinct_sizes=0 distinct_cohorts=0 graphs=[0..0]
[ZONE-RESET-AUDIT]   largest_free first=12820.00 MB last=12820.00 MB min=12820.00 MB
[ZONE-RESET-AUDIT]   largest_free first=12820.00 MB last=12820.00 MB min=12820.00 MB
[ZONE-RESET-AUDIT]   timing vram/kv alloc_calls=64 alloc_MB=96.0 alloc_ms=0.073 free_calls=32 free_ms=0.013 allocs_per_graph_max=32 allocs_per_graph_mean=0.0 graphs=3263
[ZONE-RESET-AUDIT]   timing vram/kv alloc_calls=64 alloc_MB=96.0 alloc_ms=0.073 free_calls=32 free_ms=0.013 allocs_per_graph_max=32 allocs_per_graph_mean=0.0 graphs=3263
[ZONE-RESET-AUDIT]   timing vram/weight alloc_calls=521 alloc_MB=8368.0 alloc_ms=0.399 free_calls=4 free_ms=0.004 allocs_per_graph_max=517 allocs_per_graph_mean=0.2 graphs=3263
[ZONE-RESET-AUDIT]   timing vram/weight alloc_calls=521 alloc_MB=8368.0 alloc_ms=0.399 free_calls=4 free_ms=0.004 allocs_per_graph_max=517 allocs_per_graph_mean=0.2 graphs=3263
[ZONE-RESET-AUDIT]   timing vram/onednn alloc_calls=6 alloc_MB=278.0 alloc_ms=0.002 free_calls=4 free_ms=0.002 allocs_per_graph_max=6 allocs_per_graph_mean=0.0 graphs=3263
[ZONE-RESET-AUDIT]   timing vram/onednn alloc_calls=6 alloc_MB=278.0 alloc_ms=0.002 free_calls=4 free_ms=0.002 allocs_per_graph_max=6 allocs_per_graph_mean=0.0 graphs=3263
[ZONE-RESET-AUDIT]   timing vram/runtime alloc_calls=1987 alloc_MB=2124.5 alloc_ms=0.765 free_calls=1985 free_ms=1.857 allocs_per_graph_max=65 allocs_per_graph_mean=0.6 graphs=3263
[ZONE-RESET-AUDIT]   timing vram/runtime alloc_calls=1987 alloc_MB=2124.5 alloc_ms=0.765 free_calls=1985 free_ms=1.857 allocs_per_graph_max=65 allocs_per_graph_mean=0.6 graphs=3263
[ZONE-RESET-AUDIT]   timing host/WEIGHT alloc_calls=36 alloc_MB=26.4 alloc_ms=0.025 free_calls=33 free_ms=0.037 allocs_per_graph_max=3 allocs_per_graph_mean=0.0 graphs=3263
[ZONE-RESET-AUDIT]   timing host/WEIGHT alloc_calls=36 alloc_MB=26.4 alloc_ms=0.025 free_calls=33 free_ms=0.037 allocs_per_graph_max=3 allocs_per_graph_mean=0.0 graphs=3263
[ZONE-RESET-AUDIT]   timing host/STAGING alloc_calls=9787 alloc_MB=102.6 alloc_ms=2.802 free_calls=9787 free_ms=7.316 allocs_per_graph_max=3 allocs_per_graph_mean=3.0 graphs=3263
[ZONE-RESET-AUDIT]   timing host/STAGING alloc_calls=9787 alloc_MB=102.6 alloc_ms=2.802 free_calls=9787 free_ms=7.316 allocs_per_graph_max=3 allocs_per_graph_mean=3.0 graphs=3263
[ZONE-RESET-AUDIT]   timing host/SCRATCH alloc_calls=108387 alloc_MB=5459.7 alloc_ms=18.864 free_calls=108387 free_ms=41.282 allocs_per_graph_max=741 allocs_per_graph_mean=33.2 graphs=3263
[ZONE-RESET-AUDIT]   timing host/SCRATCH alloc_calls=108387 alloc_MB=5459.7 alloc_ms=18.864 free_calls=108387 free_ms=41.282 allocs_per_graph_max=741 allocs_per_graph_mean=33.2 graphs=3263
[ZONE-RESET-AUDIT] ==== end inventory ====
[ZONE-RESET-AUDIT] ==== end inventory ====
[ZONE-RESET-AUDIT] ==== escape inventory (periodic) graphs=3327 ====
[ZONE-RESET-AUDIT] ==== escape inventory (periodic) graphs=3327 ====
[ZONE-RESET-AUDIT] site=device-zone-reset/ONEDNN:dev0 visits=3 visits_with_live=0 live_max=0 live_total=0 distinct_sizes=0 distinct_cohorts=0 graphs=[1..1]
[ZONE-RESET-AUDIT] site=device-zone-reset/ONEDNN:dev0 visits=3 visits_with_live=0 live_max=0 live_total=0 distinct_sizes=0 distinct_cohorts=0 graphs=[1..1]
[ZONE-RESET-AUDIT]   largest_free first=256.00 MB last=256.00 MB min=256.00 MB
[ZONE-RESET-AUDIT]   largest_free first=256.00 MB last=256.00 MB min=256.00 MB
[ZONE-RESET-AUDIT] site=device-zone-reset/SCRATCH:dev0 visits=3327 visits_with_live=0 live_max=0 live_total=0 distinct_sizes=0 distinct_cohorts=0 graphs=[0..3326]
[ZONE-RESET-AUDIT] site=device-zone-reset/SCRATCH:dev0 visits=3327 visits_with_live=0 live_max=0 live_total=0 distinct_sizes=0 distinct_cohorts=0 graphs=[0..3326]
[ZONE-RESET-AUDIT]   largest_free first=512.00 MB last=512.00 MB min=512.00 MB
[ZONE-RESET-AUDIT]   largest_free first=512.00 MB last=512.00 MB min=512.00 MB
[ZONE-RESET-AUDIT] site=host-zone-reset/SCRATCH visits=3326 visits_with_live=0 live_max=0 live_total=0 distinct_sizes=0 distinct_cohorts=0 graphs=[1..3326]
[ZONE-RESET-AUDIT] site=host-zone-reset/SCRATCH visits=3326 visits_with_live=0 live_max=0 live_total=0 distinct_sizes=0 distinct_cohorts=0 graphs=[1..3326]
[ZONE-RESET-AUDIT]   largest_free first=309.54 MB last=309.54 MB min=309.54 MB
[ZONE-RESET-AUDIT]   largest_free first=309.54 MB last=309.54 MB min=309.54 MB
[ZONE-RESET-AUDIT] site=host-zone-reset/STAGING visits=3327 visits_with_live=0 live_max=0 live_total=0 distinct_sizes=0 distinct_cohorts=0 graphs=[1..3327]
[ZONE-RESET-AUDIT] site=host-zone-reset/STAGING visits=3327 visits_with_live=0 live_max=0 live_total=0 distinct_sizes=0 distinct_cohorts=0 graphs=[1..3327]
[ZONE-RESET-AUDIT]   largest_free first=223.08 MB last=223.08 MB min=223.08 MB
[ZONE-RESET-AUDIT]   largest_free first=223.08 MB last=223.08 MB min=223.08 MB
[ZONE-RESET-AUDIT] site=scratch-pool-reset/bump:dev0 visits=3327 visits_with_live=0 live_max=0 live_total=0 distinct_sizes=0 distinct_cohorts=0 graphs=[1..3327]
[ZONE-RESET-AUDIT] site=scratch-pool-reset/bump:dev0 visits=3327 visits_with_live=0 live_max=0 live_total=0 distinct_sizes=0 distinct_cohorts=0 graphs=[1..3327]
[ZONE-RESET-AUDIT] site=weight-reclaim/load-boundary:dev0 visits=1 visits_with_live=0 live_max=0 live_total=0 distinct_sizes=0 distinct_cohorts=0 graphs=[0..0]
[ZONE-RESET-AUDIT] site=weight-reclaim/load-boundary:dev0 visits=1 visits_with_live=0 live_max=0 live_total=0 distinct_sizes=0 distinct_cohorts=0 graphs=[0..0]
[ZONE-RESET-AUDIT]   largest_free first=12820.00 MB last=12820.00 MB min=12820.00 MB
[ZONE-RESET-AUDIT]   largest_free first=12820.00 MB last=12820.00 MB min=12820.00 MB
[ZONE-RESET-AUDIT] site=weight-reclaim/mid-load-replan:dev0 visits=1 visits_with_live=0 live_max=0 live_total=0 distinct_sizes=0 distinct_cohorts=0 graphs=[0..0]
[ZONE-RESET-AUDIT] site=weight-reclaim/mid-load-replan:dev0 visits=1 visits_with_live=0 live_max=0 live_total=0 distinct_sizes=0 distinct_cohorts=0 graphs=[0..0]
[ZONE-RESET-AUDIT]   largest_free first=12820.00 MB last=12820.00 MB min=12820.00 MB
[ZONE-RESET-AUDIT]   largest_free first=12820.00 MB last=12820.00 MB min=12820.00 MB
[ZONE-RESET-AUDIT]   timing vram/kv alloc_calls=64 alloc_MB=96.0 alloc_ms=0.073 free_calls=32 free_ms=0.013 allocs_per_graph_max=32 allocs_per_graph_mean=0.0 graphs=3327
[ZONE-RESET-AUDIT]   timing vram/kv alloc_calls=64 alloc_MB=96.0 alloc_ms=0.073 free_calls=32 free_ms=0.013 allocs_per_graph_max=32 allocs_per_graph_mean=0.0 graphs=3327
[ZONE-RESET-AUDIT]   timing vram/weight alloc_calls=521 alloc_MB=8368.0 alloc_ms=0.399 free_calls=4 free_ms=0.004 allocs_per_graph_max=517 allocs_per_graph_mean=0.2 graphs=3327
[ZONE-RESET-AUDIT]   timing vram/weight alloc_calls=521 alloc_MB=8368.0 alloc_ms=0.399 free_calls=4 free_ms=0.004 allocs_per_graph_max=517 allocs_per_graph_mean=0.2 graphs=3327
[ZONE-RESET-AUDIT]   timing vram/onednn alloc_calls=6 alloc_MB=278.0 alloc_ms=0.002 free_calls=4 free_ms=0.002 allocs_per_graph_max=6 allocs_per_graph_mean=0.0 graphs=3327
[ZONE-RESET-AUDIT]   timing vram/onednn alloc_calls=6 alloc_MB=278.0 alloc_ms=0.002 free_calls=4 free_ms=0.002 allocs_per_graph_max=6 allocs_per_graph_mean=0.0 graphs=3327
[ZONE-RESET-AUDIT]   timing vram/runtime alloc_calls=1987 alloc_MB=2124.5 alloc_ms=0.765 free_calls=1985 free_ms=1.857 allocs_per_graph_max=65 allocs_per_graph_mean=0.6 graphs=3327
[ZONE-RESET-AUDIT]   timing vram/runtime alloc_calls=1987 alloc_MB=2124.5 alloc_ms=0.765 free_calls=1985 free_ms=1.857 allocs_per_graph_max=65 allocs_per_graph_mean=0.6 graphs=3327
[ZONE-RESET-AUDIT]   timing host/WEIGHT alloc_calls=36 alloc_MB=26.4 alloc_ms=0.025 free_calls=33 free_ms=0.037 allocs_per_graph_max=3 allocs_per_graph_mean=0.0 graphs=3327
[ZONE-RESET-AUDIT]   timing host/WEIGHT alloc_calls=36 alloc_MB=26.4 alloc_ms=0.025 free_calls=33 free_ms=0.037 allocs_per_graph_max=3 allocs_per_graph_mean=0.0 graphs=3327
[ZONE-RESET-AUDIT]   timing host/STAGING alloc_calls=9979 alloc_MB=102.6 alloc_ms=2.864 free_calls=9979 free_ms=7.460 allocs_per_graph_max=3 allocs_per_graph_mean=3.0 graphs=3327
[ZONE-RESET-AUDIT]   timing host/STAGING alloc_calls=9979 alloc_MB=102.6 alloc_ms=2.864 free_calls=9979 free_ms=7.460 allocs_per_graph_max=3 allocs_per_graph_mean=3.0 graphs=3327
[ZONE-RESET-AUDIT]   timing host/SCRATCH alloc_calls=110499 alloc_MB=5468.5 alloc_ms=19.220 free_calls=110499 free_ms=42.131 allocs_per_graph_max=741 allocs_per_graph_mean=33.2 graphs=3327
[ZONE-RESET-AUDIT]   timing host/SCRATCH alloc_calls=110499 alloc_MB=5468.5 alloc_ms=19.220 free_calls=110499 free_ms=42.131 allocs_per_graph_max=741 allocs_per_graph_mean=33.2 graphs=3327
[ZONE-RESET-AUDIT] ==== end inventory ====
[ZONE-RESET-AUDIT] ==== end inventory ====
set_n_threads: n_threads = 4, n_threads_batch = 4
[ZONE-RESET-AUDIT] ==== escape inventory (periodic) graphs=3391 ====
[ZONE-RESET-AUDIT] ==== escape inventory (periodic) graphs=3391 ====
[ZONE-RESET-AUDIT] site=device-zone-reset/ONEDNN:dev0 visits=3 visits_with_live=0 live_max=0 live_total=0 distinct_sizes=0 distinct_cohorts=0 graphs=[1..1]
[ZONE-RESET-AUDIT] site=device-zone-reset/ONEDNN:dev0 visits=3 visits_with_live=0 live_max=0 live_total=0 distinct_sizes=0 distinct_cohorts=0 graphs=[1..1]
[ZONE-RESET-AUDIT]   largest_free first=256.00 MB last=256.00 MB min=256.00 MB
[ZONE-RESET-AUDIT]   largest_free first=256.00 MB last=256.00 MB min=256.00 MB
[ZONE-RESET-AUDIT] site=device-zone-reset/SCRATCH:dev0 visits=3391 visits_with_live=0 live_max=0 live_total=0 distinct_sizes=0 distinct_cohorts=0 graphs=[0..3390]
[ZONE-RESET-AUDIT] site=device-zone-reset/SCRATCH:dev0 visits=3391 visits_with_live=0 live_max=0 live_total=0 distinct_sizes=0 distinct_cohorts=0 graphs=[0..3390]
[ZONE-RESET-AUDIT]   largest_free first=512.00 MB last=512.00 MB min=512.00 MB
[ZONE-RESET-AUDIT]   largest_free first=512.00 MB last=512.00 MB min=512.00 MB
[ZONE-RESET-AUDIT] site=host-zone-reset/SCRATCH visits=3390 visits_with_live=0 live_max=0 live_total=0 distinct_sizes=0 distinct_cohorts=0 graphs=[1..3390]
[ZONE-RESET-AUDIT] site=host-zone-reset/SCRATCH visits=3390 visits_with_live=0 live_max=0 live_total=0 distinct_sizes=0 distinct_cohorts=0 graphs=[1..3390]
[ZONE-RESET-AUDIT]   largest_free first=309.54 MB last=309.54 MB min=309.54 MB
[ZONE-RESET-AUDIT]   largest_free first=309.54 MB last=309.54 MB min=309.54 MB
[ZONE-RESET-AUDIT] site=host-zone-reset/STAGING visits=3391 visits_with_live=0 live_max=0 live_total=0 distinct_sizes=0 distinct_cohorts=0 graphs=[1..3391]
[ZONE-RESET-AUDIT] site=host-zone-reset/STAGING visits=3391 visits_with_live=0 live_max=0 live_total=0 distinct_sizes=0 distinct_cohorts=0 graphs=[1..3391]
[ZONE-RESET-AUDIT]   largest_free first=223.08 MB last=223.08 MB min=223.08 MB
[ZONE-RESET-AUDIT]   largest_free first=223.08 MB last=223.08 MB min=223.08 MB
[ZONE-RESET-AUDIT] site=scratch-pool-reset/bump:dev0 visits=3391 visits_with_live=0 live_max=0 live_total=0 distinct_sizes=0 distinct_cohorts=0 graphs=[1..3391]
[ZONE-RESET-AUDIT] site=scratch-pool-reset/bump:dev0 visits=3391 visits_with_live=0 live_max=0 live_total=0 distinct_sizes=0 distinct_cohorts=0 graphs=[1..3391]
[ZONE-RESET-AUDIT] site=weight-reclaim/load-boundary:dev0 visits=1 visits_with_live=0 live_max=0 live_total=0 distinct_sizes=0 distinct_cohorts=0 graphs=[0..0]
[ZONE-RESET-AUDIT] site=weight-reclaim/load-boundary:dev0 visits=1 visits_with_live=0 live_max=0 live_total=0 distinct_sizes=0 distinct_cohorts=0 graphs=[0..0]
[ZONE-RESET-AUDIT]   largest_free first=12820.00 MB last=12820.00 MB min=12820.00 MB
[ZONE-RESET-AUDIT]   largest_free first=12820.00 MB last=12820.00 MB min=12820.00 MB
[ZONE-RESET-AUDIT] site=weight-reclaim/mid-load-replan:dev0 visits=1 visits_with_live=0 live_max=0 live_total=0 distinct_sizes=0 distinct_cohorts=0 graphs=[0..0]
[ZONE-RESET-AUDIT] site=weight-reclaim/mid-load-replan:dev0 visits=1 visits_with_live=0 live_max=0 live_total=0 distinct_sizes=0 distinct_cohorts=0 graphs=[0..0]
[ZONE-RESET-AUDIT]   largest_free first=12820.00 MB last=12820.00 MB min=12820.00 MB
[ZONE-RESET-AUDIT]   largest_free first=12820.00 MB last=12820.00 MB min=12820.00 MB
[ZONE-RESET-AUDIT]   timing vram/kv alloc_calls=64 alloc_MB=96.0 alloc_ms=0.073 free_calls=32 free_ms=0.013 allocs_per_graph_max=32 allocs_per_graph_mean=0.0 graphs=3391
[ZONE-RESET-AUDIT]   timing vram/kv alloc_calls=64 alloc_MB=96.0 alloc_ms=0.073 free_calls=32 free_ms=0.013 allocs_per_graph_max=32 allocs_per_graph_mean=0.0 graphs=3391
[ZONE-RESET-AUDIT]   timing vram/weight alloc_calls=521 alloc_MB=8368.0 alloc_ms=0.399 free_calls=4 free_ms=0.004 allocs_per_graph_max=517 allocs_per_graph_mean=0.2 graphs=3391
[ZONE-RESET-AUDIT]   timing vram/weight alloc_calls=521 alloc_MB=8368.0 alloc_ms=0.399 free_calls=4 free_ms=0.004 allocs_per_graph_max=517 allocs_per_graph_mean=0.2 graphs=3391
[ZONE-RESET-AUDIT]   timing vram/onednn alloc_calls=6 alloc_MB=278.0 alloc_ms=0.002 free_calls=4 free_ms=0.002 allocs_per_graph_max=6 allocs_per_graph_mean=0.0 graphs=3391
[ZONE-RESET-AUDIT]   timing vram/onednn alloc_calls=6 alloc_MB=278.0 alloc_ms=0.002 free_calls=4 free_ms=0.002 allocs_per_graph_max=6 allocs_per_graph_mean=0.0 graphs=3391
[ZONE-RESET-AUDIT]   timing vram/runtime alloc_calls=1987 alloc_MB=2124.5 alloc_ms=0.765 free_calls=1985 free_ms=1.857 allocs_per_graph_max=65 allocs_per_graph_mean=0.6 graphs=3391
[ZONE-RESET-AUDIT]   timing vram/runtime alloc_calls=1987 alloc_MB=2124.5 alloc_ms=0.765 free_calls=1985 free_ms=1.857 allocs_per_graph_max=65 allocs_per_graph_mean=0.6 graphs=3391
[ZONE-RESET-AUDIT]   timing host/WEIGHT alloc_calls=36 alloc_MB=26.4 alloc_ms=0.025 free_calls=33 free_ms=0.037 allocs_per_graph_max=3 allocs_per_graph_mean=0.0 graphs=3391
[ZONE-RESET-AUDIT]   timing host/WEIGHT alloc_calls=36 alloc_MB=26.4 alloc_ms=0.025 free_calls=33 free_ms=0.037 allocs_per_graph_max=3 allocs_per_graph_mean=0.0 graphs=3391
[ZONE-RESET-AUDIT]   timing host/STAGING alloc_calls=10171 alloc_MB=102.6 alloc_ms=2.919 free_calls=10171 free_ms=7.571 allocs_per_graph_max=3 allocs_per_graph_mean=3.0 graphs=3391
[ZONE-RESET-AUDIT]   timing host/STAGING alloc_calls=10171 alloc_MB=102.6 alloc_ms=2.919 free_calls=10171 free_ms=7.571 allocs_per_graph_max=3 allocs_per_graph_mean=3.0 graphs=3391
[ZONE-RESET-AUDIT]   timing host/SCRATCH alloc_calls=112611 alloc_MB=5477.3 alloc_ms=19.575 free_calls=112611 free_ms=42.950 allocs_per_graph_max=741 allocs_per_graph_mean=33.2 graphs=3391
[ZONE-RESET-AUDIT]   timing host/SCRATCH alloc_calls=112611 alloc_MB=5477.3 alloc_ms=19.575 free_calls=112611 free_ms=42.950 allocs_per_graph_max=741 allocs_per_graph_mean=33.2 graphs=3391
[ZONE-RESET-AUDIT] ==== end inventory ====
[ZONE-RESET-AUDIT] ==== end inventory ====
[ZONE-RESET-AUDIT] ==== escape inventory (periodic) graphs=3455 ====
[ZONE-RESET-AUDIT] ==== escape inventory (periodic) graphs=3455 ====
[ZONE-RESET-AUDIT] site=device-zone-reset/ONEDNN:dev0 visits=3 visits_with_live=0 live_max=0 live_total=0 distinct_sizes=0 distinct_cohorts=0 graphs=[1..1]
[ZONE-RESET-AUDIT] site=device-zone-reset/ONEDNN:dev0 visits=3 visits_with_live=0 live_max=0 live_total=0 distinct_sizes=0 distinct_cohorts=0 graphs=[1..1]
[ZONE-RESET-AUDIT]   largest_free first=256.00 MB last=256.00 MB min=256.00 MB
[ZONE-RESET-AUDIT]   largest_free first=256.00 MB last=256.00 MB min=256.00 MB
[ZONE-RESET-AUDIT] site=device-zone-reset/SCRATCH:dev0 visits=3455 visits_with_live=0 live_max=0 live_total=0 distinct_sizes=0 distinct_cohorts=0 graphs=[0..3454]
[ZONE-RESET-AUDIT] site=device-zone-reset/SCRATCH:dev0 visits=3455 visits_with_live=0 live_max=0 live_total=0 distinct_sizes=0 distinct_cohorts=0 graphs=[0..3454]
[ZONE-RESET-AUDIT]   largest_free first=512.00 MB last=512.00 MB min=512.00 MB
[ZONE-RESET-AUDIT]   largest_free first=512.00 MB last=512.00 MB min=512.00 MB
[ZONE-RESET-AUDIT] site=host-zone-reset/SCRATCH visits=3454 visits_with_live=0 live_max=0 live_total=0 distinct_sizes=0 distinct_cohorts=0 graphs=[1..3454]
[ZONE-RESET-AUDIT] site=host-zone-reset/SCRATCH visits=3454 visits_with_live=0 live_max=0 live_total=0 distinct_sizes=0 distinct_cohorts=0 graphs=[1..3454]
[ZONE-RESET-AUDIT]   largest_free first=309.54 MB last=309.54 MB min=309.54 MB
[ZONE-RESET-AUDIT]   largest_free first=309.54 MB last=309.54 MB min=309.54 MB
[ZONE-RESET-AUDIT] site=host-zone-reset/STAGING visits=3455 visits_with_live=0 live_max=0 live_total=0 distinct_sizes=0 distinct_cohorts=0 graphs=[1..3455]
[ZONE-RESET-AUDIT] site=host-zone-reset/STAGING visits=3455 visits_with_live=0 live_max=0 live_total=0 distinct_sizes=0 distinct_cohorts=0 graphs=[1..3455]
[ZONE-RESET-AUDIT]   largest_free first=223.08 MB last=223.08 MB min=223.08 MB
[ZONE-RESET-AUDIT]   largest_free first=223.08 MB last=223.08 MB min=223.08 MB
[ZONE-RESET-AUDIT] site=scratch-pool-reset/bump:dev0 visits=3455 visits_with_live=0 live_max=0 live_total=0 distinct_sizes=0 distinct_cohorts=0 graphs=[1..3455]
[ZONE-RESET-AUDIT] site=scratch-pool-reset/bump:dev0 visits=3455 visits_with_live=0 live_max=0 live_total=0 distinct_sizes=0 distinct_cohorts=0 graphs=[1..3455]
[ZONE-RESET-AUDIT] site=weight-reclaim/load-boundary:dev0 visits=1 visits_with_live=0 live_max=0 live_total=0 distinct_sizes=0 distinct_cohorts=0 graphs=[0..0]
[ZONE-RESET-AUDIT] site=weight-reclaim/load-boundary:dev0 visits=1 visits_with_live=0 live_max=0 live_total=0 distinct_sizes=0 distinct_cohorts=0 graphs=[0..0]
[ZONE-RESET-AUDIT]   largest_free first=12820.00 MB last=12820.00 MB min=12820.00 MB
[ZONE-RESET-AUDIT]   largest_free first=12820.00 MB last=12820.00 MB min=12820.00 MB
[ZONE-RESET-AUDIT] site=weight-reclaim/mid-load-replan:dev0 visits=1 visits_with_live=0 live_max=0 live_total=0 distinct_sizes=0 distinct_cohorts=0 graphs=[0..0]
[ZONE-RESET-AUDIT] site=weight-reclaim/mid-load-replan:dev0 visits=1 visits_with_live=0 live_max=0 live_total=0 distinct_sizes=0 distinct_cohorts=0 graphs=[0..0]
[ZONE-RESET-AUDIT]   largest_free first=12820.00 MB last=12820.00 MB min=12820.00 MB
[ZONE-RESET-AUDIT]   largest_free first=12820.00 MB last=12820.00 MB min=12820.00 MB
[ZONE-RESET-AUDIT]   timing vram/kv alloc_calls=64 alloc_MB=96.0 alloc_ms=0.073 free_calls=32 free_ms=0.013 allocs_per_graph_max=32 allocs_per_graph_mean=0.0 graphs=3455
[ZONE-RESET-AUDIT]   timing vram/kv alloc_calls=64 alloc_MB=96.0 alloc_ms=0.073 free_calls=32 free_ms=0.013 allocs_per_graph_max=32 allocs_per_graph_mean=0.0 graphs=3455
[ZONE-RESET-AUDIT]   timing vram/weight alloc_calls=521 alloc_MB=8368.0 alloc_ms=0.399 free_calls=4 free_ms=0.004 allocs_per_graph_max=517 allocs_per_graph_mean=0.2 graphs=3455
[ZONE-RESET-AUDIT]   timing vram/weight alloc_calls=521 alloc_MB=8368.0 alloc_ms=0.399 free_calls=4 free_ms=0.004 allocs_per_graph_max=517 allocs_per_graph_mean=0.2 graphs=3455
[ZONE-RESET-AUDIT]   timing vram/onednn alloc_calls=6 alloc_MB=278.0 alloc_ms=0.002 free_calls=4 free_ms=0.002 allocs_per_graph_max=6 allocs_per_graph_mean=0.0 graphs=3455
[ZONE-RESET-AUDIT]   timing vram/onednn alloc_calls=6 alloc_MB=278.0 alloc_ms=0.002 free_calls=4 free_ms=0.002 allocs_per_graph_max=6 allocs_per_graph_mean=0.0 graphs=3455
[ZONE-RESET-AUDIT]   timing vram/runtime alloc_calls=1987 alloc_MB=2124.5 alloc_ms=0.765 free_calls=1985 free_ms=1.857 allocs_per_graph_max=65 allocs_per_graph_mean=0.6 graphs=3455
[ZONE-RESET-AUDIT]   timing vram/runtime alloc_calls=1987 alloc_MB=2124.5 alloc_ms=0.765 free_calls=1985 free_ms=1.857 allocs_per_graph_max=65 allocs_per_graph_mean=0.6 graphs=3455
[ZONE-RESET-AUDIT]   timing host/WEIGHT alloc_calls=36 alloc_MB=26.4 alloc_ms=0.025 free_calls=33 free_ms=0.037 allocs_per_graph_max=3 allocs_per_graph_mean=0.0 graphs=3455
[ZONE-RESET-AUDIT]   timing host/WEIGHT alloc_calls=36 alloc_MB=26.4 alloc_ms=0.025 free_calls=33 free_ms=0.037 allocs_per_graph_max=3 allocs_per_graph_mean=0.0 graphs=3455
[ZONE-RESET-AUDIT]   timing host/STAGING alloc_calls=10363 alloc_MB=102.6 alloc_ms=2.970 free_calls=10363 free_ms=7.698 allocs_per_graph_max=3 allocs_per_graph_mean=3.0 graphs=3455
[ZONE-RESET-AUDIT]   timing host/STAGING alloc_calls=10363 alloc_MB=102.6 alloc_ms=2.970 free_calls=10363 free_ms=7.698 allocs_per_graph_max=3 allocs_per_graph_mean=3.0 graphs=3455
[ZONE-RESET-AUDIT]   timing host/SCRATCH alloc_calls=114723 alloc_MB=5486.2 alloc_ms=19.928 free_calls=114723 free_ms=43.740 allocs_per_graph_max=741 allocs_per_graph_mean=33.2 graphs=3455
[ZONE-RESET-AUDIT]   timing host/SCRATCH alloc_calls=114723 alloc_MB=5486.2 alloc_ms=19.928 free_calls=114723 free_ms=43.740 allocs_per_graph_max=741 allocs_per_graph_mean=33.2 graphs=3455
[ZONE-RESET-AUDIT] ==== end inventory ====
[ZONE-RESET-AUDIT] ==== end inventory ====
set_n_threads: n_threads = 4, n_threads_batch = 4
[ZONE-RESET-AUDIT] ==== escape inventory (periodic) graphs=3519 ====
[ZONE-RESET-AUDIT] ==== escape inventory (periodic) graphs=3519 ====
[ZONE-RESET-AUDIT] site=device-zone-reset/ONEDNN:dev0 visits=3 visits_with_live=0 live_max=0 live_total=0 distinct_sizes=0 distinct_cohorts=0 graphs=[1..1]
[ZONE-RESET-AUDIT] site=device-zone-reset/ONEDNN:dev0 visits=3 visits_with_live=0 live_max=0 live_total=0 distinct_sizes=0 distinct_cohorts=0 graphs=[1..1]
[ZONE-RESET-AUDIT]   largest_free first=256.00 MB last=256.00 MB min=256.00 MB
[ZONE-RESET-AUDIT]   largest_free first=256.00 MB last=256.00 MB min=256.00 MB
[ZONE-RESET-AUDIT] site=device-zone-reset/SCRATCH:dev0 visits=3519 visits_with_live=0 live_max=0 live_total=0 distinct_sizes=0 distinct_cohorts=0 graphs=[0..3518]
[ZONE-RESET-AUDIT] site=device-zone-reset/SCRATCH:dev0 visits=3519 visits_with_live=0 live_max=0 live_total=0 distinct_sizes=0 distinct_cohorts=0 graphs=[0..3518]
[ZONE-RESET-AUDIT]   largest_free first=512.00 MB last=512.00 MB min=512.00 MB
[ZONE-RESET-AUDIT]   largest_free first=512.00 MB last=512.00 MB min=512.00 MB
[ZONE-RESET-AUDIT] site=host-zone-reset/SCRATCH visits=3518 visits_with_live=0 live_max=0 live_total=0 distinct_sizes=0 distinct_cohorts=0 graphs=[1..3518]
[ZONE-RESET-AUDIT] site=host-zone-reset/SCRATCH visits=3518 visits_with_live=0 live_max=0 live_total=0 distinct_sizes=0 distinct_cohorts=0 graphs=[1..3518]
[ZONE-RESET-AUDIT]   largest_free first=309.54 MB last=309.54 MB min=309.54 MB
[ZONE-RESET-AUDIT]   largest_free first=309.54 MB last=309.54 MB min=309.54 MB
[ZONE-RESET-AUDIT] site=host-zone-reset/STAGING visits=3519 visits_with_live=0 live_max=0 live_total=0 distinct_sizes=0 distinct_cohorts=0 graphs=[1..3519]
[ZONE-RESET-AUDIT] site=host-zone-reset/STAGING visits=3519 visits_with_live=0 live_max=0 live_total=0 distinct_sizes=0 distinct_cohorts=0 graphs=[1..3519]
[ZONE-RESET-AUDIT]   largest_free first=223.08 MB last=223.08 MB min=223.08 MB
[ZONE-RESET-AUDIT]   largest_free first=223.08 MB last=223.08 MB min=223.08 MB
[ZONE-RESET-AUDIT] site=scratch-pool-reset/bump:dev0 visits=3519 visits_with_live=0 live_max=0 live_total=0 distinct_sizes=0 distinct_cohorts=0 graphs=[1..3519]
[ZONE-RESET-AUDIT] site=scratch-pool-reset/bump:dev0 visits=3519 visits_with_live=0 live_max=0 live_total=0 distinct_sizes=0 distinct_cohorts=0 graphs=[1..3519]
[ZONE-RESET-AUDIT] site=weight-reclaim/load-boundary:dev0 visits=1 visits_with_live=0 live_max=0 live_total=0 distinct_sizes=0 distinct_cohorts=0 graphs=[0..0]
[ZONE-RESET-AUDIT] site=weight-reclaim/load-boundary:dev0 visits=1 visits_with_live=0 live_max=0 live_total=0 distinct_sizes=0 distinct_cohorts=0 graphs=[0..0]
[ZONE-RESET-AUDIT]   largest_free first=12820.00 MB last=12820.00 MB min=12820.00 MB
[ZONE-RESET-AUDIT]   largest_free first=12820.00 MB last=12820.00 MB min=12820.00 MB
[ZONE-RESET-AUDIT] site=weight-reclaim/mid-load-replan:dev0 visits=1 visits_with_live=0 live_max=0 live_total=0 distinct_sizes=0 distinct_cohorts=0 graphs=[0..0]
[ZONE-RESET-AUDIT] site=weight-reclaim/mid-load-replan:dev0 visits=1 visits_with_live=0 live_max=0 live_total=0 distinct_sizes=0 distinct_cohorts=0 graphs=[0..0]
[ZONE-RESET-AUDIT]   largest_free first=12820.00 MB last=12820.00 MB min=12820.00 MB
[ZONE-RESET-AUDIT]   largest_free first=12820.00 MB last=12820.00 MB min=12820.00 MB
[ZONE-RESET-AUDIT]   timing vram/kv alloc_calls=64 alloc_MB=96.0 alloc_ms=0.073 free_calls=32 free_ms=0.013 allocs_per_graph_max=32 allocs_per_graph_mean=0.0 graphs=3519
[ZONE-RESET-AUDIT]   timing vram/kv alloc_calls=64 alloc_MB=96.0 alloc_ms=0.073 free_calls=32 free_ms=0.013 allocs_per_graph_max=32 allocs_per_graph_mean=0.0 graphs=3519
[ZONE-RESET-AUDIT]   timing vram/weight alloc_calls=521 alloc_MB=8368.0 alloc_ms=0.399 free_calls=4 free_ms=0.004 allocs_per_graph_max=517 allocs_per_graph_mean=0.1 graphs=3519
[ZONE-RESET-AUDIT]   timing vram/weight alloc_calls=521 alloc_MB=8368.0 alloc_ms=0.399 free_calls=4 free_ms=0.004 allocs_per_graph_max=517 allocs_per_graph_mean=0.1 graphs=3519
[ZONE-RESET-AUDIT]   timing vram/onednn alloc_calls=6 alloc_MB=278.0 alloc_ms=0.002 free_calls=4 free_ms=0.002 allocs_per_graph_max=6 allocs_per_graph_mean=0.0 graphs=3519
[ZONE-RESET-AUDIT]   timing vram/onednn alloc_calls=6 alloc_MB=278.0 alloc_ms=0.002 free_calls=4 free_ms=0.002 allocs_per_graph_max=6 allocs_per_graph_mean=0.0 graphs=3519
[ZONE-RESET-AUDIT]   timing vram/runtime alloc_calls=1987 alloc_MB=2124.5 alloc_ms=0.765 free_calls=1985 free_ms=1.857 allocs_per_graph_max=65 allocs_per_graph_mean=0.6 graphs=3519
[ZONE-RESET-AUDIT]   timing vram/runtime alloc_calls=1987 alloc_MB=2124.5 alloc_ms=0.765 free_calls=1985 free_ms=1.857 allocs_per_graph_max=65 allocs_per_graph_mean=0.6 graphs=3519
[ZONE-RESET-AUDIT]   timing host/WEIGHT alloc_calls=36 alloc_MB=26.4 alloc_ms=0.025 free_calls=33 free_ms=0.037 allocs_per_graph_max=3 allocs_per_graph_mean=0.0 graphs=3519
[ZONE-RESET-AUDIT]   timing host/WEIGHT alloc_calls=36 alloc_MB=26.4 alloc_ms=0.025 free_calls=33 free_ms=0.037 allocs_per_graph_max=3 allocs_per_graph_mean=0.0 graphs=3519
[ZONE-RESET-AUDIT]   timing host/STAGING alloc_calls=10555 alloc_MB=102.6 alloc_ms=3.023 free_calls=10555 free_ms=7.816 allocs_per_graph_max=3 allocs_per_graph_mean=3.0 graphs=3519
[ZONE-RESET-AUDIT]   timing host/STAGING alloc_calls=10555 alloc_MB=102.6 alloc_ms=3.023 free_calls=10555 free_ms=7.816 allocs_per_graph_max=3 allocs_per_graph_mean=3.0 graphs=3519
[ZONE-RESET-AUDIT]   timing host/SCRATCH alloc_calls=116835 alloc_MB=5495.0 alloc_ms=20.260 free_calls=116835 free_ms=44.508 allocs_per_graph_max=741 allocs_per_graph_mean=33.2 graphs=3519
[ZONE-RESET-AUDIT]   timing host/SCRATCH alloc_calls=116835 alloc_MB=5495.0 alloc_ms=20.260 free_calls=116835 free_ms=44.508 allocs_per_graph_max=741 allocs_per_graph_mean=33.2 graphs=3519
[ZONE-RESET-AUDIT] ==== end inventory ====
[ZONE-RESET-AUDIT] ==== end inventory ====
[ZONE-RESET-AUDIT] ==== escape inventory (periodic) graphs=3583 ====
[ZONE-RESET-AUDIT] ==== escape inventory (periodic) graphs=3583 ====
[ZONE-RESET-AUDIT] site=device-zone-reset/ONEDNN:dev0 visits=3 visits_with_live=0 live_max=0 live_total=0 distinct_sizes=0 distinct_cohorts=0 graphs=[1..1]
[ZONE-RESET-AUDIT] site=device-zone-reset/ONEDNN:dev0 visits=3 visits_with_live=0 live_max=0 live_total=0 distinct_sizes=0 distinct_cohorts=0 graphs=[1..1]
[ZONE-RESET-AUDIT]   largest_free first=256.00 MB last=256.00 MB min=256.00 MB
[ZONE-RESET-AUDIT]   largest_free first=256.00 MB last=256.00 MB min=256.00 MB
[ZONE-RESET-AUDIT] site=device-zone-reset/SCRATCH:dev0 visits=3583 visits_with_live=0 live_max=0 live_total=0 distinct_sizes=0 distinct_cohorts=0 graphs=[0..3582]
[ZONE-RESET-AUDIT] site=device-zone-reset/SCRATCH:dev0 visits=3583 visits_with_live=0 live_max=0 live_total=0 distinct_sizes=0 distinct_cohorts=0 graphs=[0..3582]
[ZONE-RESET-AUDIT]   largest_free first=512.00 MB last=512.00 MB min=512.00 MB
[ZONE-RESET-AUDIT]   largest_free first=512.00 MB last=512.00 MB min=512.00 MB
[ZONE-RESET-AUDIT] site=host-zone-reset/SCRATCH visits=3582 visits_with_live=0 live_max=0 live_total=0 distinct_sizes=0 distinct_cohorts=0 graphs=[1..3582]
[ZONE-RESET-AUDIT] site=host-zone-reset/SCRATCH visits=3582 visits_with_live=0 live_max=0 live_total=0 distinct_sizes=0 distinct_cohorts=0 graphs=[1..3582]
[ZONE-RESET-AUDIT]   largest_free first=309.54 MB last=309.54 MB min=309.54 MB
[ZONE-RESET-AUDIT]   largest_free first=309.54 MB last=309.54 MB min=309.54 MB
[ZONE-RESET-AUDIT] site=host-zone-reset/STAGING visits=3583 visits_with_live=0 live_max=0 live_total=0 distinct_sizes=0 distinct_cohorts=0 graphs=[1..3583]
[ZONE-RESET-AUDIT] site=host-zone-reset/STAGING visits=3583 visits_with_live=0 live_max=0 live_total=0 distinct_sizes=0 distinct_cohorts=0 graphs=[1..3583]
[ZONE-RESET-AUDIT]   largest_free first=223.08 MB last=223.08 MB min=223.08 MB
[ZONE-RESET-AUDIT]   largest_free first=223.08 MB last=223.08 MB min=223.08 MB
[ZONE-RESET-AUDIT] site=scratch-pool-reset/bump:dev0 visits=3583 visits_with_live=0 live_max=0 live_total=0 distinct_sizes=0 distinct_cohorts=0 graphs=[1..3583]
[ZONE-RESET-AUDIT] site=scratch-pool-reset/bump:dev0 visits=3583 visits_with_live=0 live_max=0 live_total=0 distinct_sizes=0 distinct_cohorts=0 graphs=[1..3583]
[ZONE-RESET-AUDIT] site=weight-reclaim/load-boundary:dev0 visits=1 visits_with_live=0 live_max=0 live_total=0 distinct_sizes=0 distinct_cohorts=0 graphs=[0..0]
[ZONE-RESET-AUDIT] site=weight-reclaim/load-boundary:dev0 visits=1 visits_with_live=0 live_max=0 live_total=0 distinct_sizes=0 distinct_cohorts=0 graphs=[0..0]
[ZONE-RESET-AUDIT]   largest_free first=12820.00 MB last=12820.00 MB min=12820.00 MB
[ZONE-RESET-AUDIT]   largest_free first=12820.00 MB last=12820.00 MB min=12820.00 MB
[ZONE-RESET-AUDIT] site=weight-reclaim/mid-load-replan:dev0 visits=1 visits_with_live=0 live_max=0 live_total=0 distinct_sizes=0 distinct_cohorts=0 graphs=[0..0]
[ZONE-RESET-AUDIT] site=weight-reclaim/mid-load-replan:dev0 visits=1 visits_with_live=0 live_max=0 live_total=0 distinct_sizes=0 distinct_cohorts=0 graphs=[0..0]
[ZONE-RESET-AUDIT]   largest_free first=12820.00 MB last=12820.00 MB min=12820.00 MB
[ZONE-RESET-AUDIT]   largest_free first=12820.00 MB last=12820.00 MB min=12820.00 MB
[ZONE-RESET-AUDIT]   timing vram/kv alloc_calls=64 alloc_MB=96.0 alloc_ms=0.073 free_calls=32 free_ms=0.013 allocs_per_graph_max=32 allocs_per_graph_mean=0.0 graphs=3583
[ZONE-RESET-AUDIT]   timing vram/kv alloc_calls=64 alloc_MB=96.0 alloc_ms=0.073 free_calls=32 free_ms=0.013 allocs_per_graph_max=32 allocs_per_graph_mean=0.0 graphs=3583
[ZONE-RESET-AUDIT]   timing vram/weight alloc_calls=521 alloc_MB=8368.0 alloc_ms=0.399 free_calls=4 free_ms=0.004 allocs_per_graph_max=517 allocs_per_graph_mean=0.1 graphs=3583
[ZONE-RESET-AUDIT]   timing vram/weight alloc_calls=521 alloc_MB=8368.0 alloc_ms=0.399 free_calls=4 free_ms=0.004 allocs_per_graph_max=517 allocs_per_graph_mean=0.1 graphs=3583
[ZONE-RESET-AUDIT]   timing vram/onednn alloc_calls=6 alloc_MB=278.0 alloc_ms=0.002 free_calls=4 free_ms=0.002 allocs_per_graph_max=6 allocs_per_graph_mean=0.0 graphs=3583
[ZONE-RESET-AUDIT]   timing vram/onednn alloc_calls=6 alloc_MB=278.0 alloc_ms=0.002 free_calls=4 free_ms=0.002 allocs_per_graph_max=6 allocs_per_graph_mean=0.0 graphs=3583
[ZONE-RESET-AUDIT]   timing vram/runtime alloc_calls=1987 alloc_MB=2124.5 alloc_ms=0.765 free_calls=1985 free_ms=1.857 allocs_per_graph_max=65 allocs_per_graph_mean=0.6 graphs=3583
[ZONE-RESET-AUDIT]   timing vram/runtime alloc_calls=1987 alloc_MB=2124.5 alloc_ms=0.765 free_calls=1985 free_ms=1.857 allocs_per_graph_max=65 allocs_per_graph_mean=0.6 graphs=3583
[ZONE-RESET-AUDIT]   timing host/WEIGHT alloc_calls=36 alloc_MB=26.4 alloc_ms=0.025 free_calls=33 free_ms=0.037 allocs_per_graph_max=3 allocs_per_graph_mean=0.0 graphs=3583
[ZONE-RESET-AUDIT]   timing host/WEIGHT alloc_calls=36 alloc_MB=26.4 alloc_ms=0.025 free_calls=33 free_ms=0.037 allocs_per_graph_max=3 allocs_per_graph_mean=0.0 graphs=3583
[ZONE-RESET-AUDIT]   timing host/STAGING alloc_calls=10747 alloc_MB=102.6 alloc_ms=3.073 free_calls=10747 free_ms=7.919 allocs_per_graph_max=3 allocs_per_graph_mean=3.0 graphs=3583
[ZONE-RESET-AUDIT]   timing host/STAGING alloc_calls=10747 alloc_MB=102.6 alloc_ms=3.073 free_calls=10747 free_ms=7.919 allocs_per_graph_max=3 allocs_per_graph_mean=3.0 graphs=3583
[ZONE-RESET-AUDIT]   timing host/SCRATCH alloc_calls=118947 alloc_MB=5503.8 alloc_ms=20.589 free_calls=118947 free_ms=45.251 allocs_per_graph_max=741 allocs_per_graph_mean=33.2 graphs=3583
[ZONE-RESET-AUDIT]   timing host/SCRATCH alloc_calls=118947 alloc_MB=5503.8 alloc_ms=20.589 free_calls=118947 free_ms=45.251 allocs_per_graph_max=741 allocs_per_graph_mean=33.2 graphs=3583
[ZONE-RESET-AUDIT] ==== end inventory ====
[ZONE-RESET-AUDIT] ==== end inventory ====
set_n_threads: n_threads = 4, n_threads_batch = 4
[ZONE-RESET-AUDIT] ==== escape inventory (periodic) graphs=3647 ====
[ZONE-RESET-AUDIT] ==== escape inventory (periodic) graphs=3647 ====
[ZONE-RESET-AUDIT] site=device-zone-reset/ONEDNN:dev0 visits=3 visits_with_live=0 live_max=0 live_total=0 distinct_sizes=0 distinct_cohorts=0 graphs=[1..1]
[ZONE-RESET-AUDIT] site=device-zone-reset/ONEDNN:dev0 visits=3 visits_with_live=0 live_max=0 live_total=0 distinct_sizes=0 distinct_cohorts=0 graphs=[1..1]
[ZONE-RESET-AUDIT]   largest_free first=256.00 MB last=256.00 MB min=256.00 MB
[ZONE-RESET-AUDIT]   largest_free first=256.00 MB last=256.00 MB min=256.00 MB
[ZONE-RESET-AUDIT] site=device-zone-reset/SCRATCH:dev0 visits=3647 visits_with_live=0 live_max=0 live_total=0 distinct_sizes=0 distinct_cohorts=0 graphs=[0..3646]
[ZONE-RESET-AUDIT] site=device-zone-reset/SCRATCH:dev0 visits=3647 visits_with_live=0 live_max=0 live_total=0 distinct_sizes=0 distinct_cohorts=0 graphs=[0..3646]
[ZONE-RESET-AUDIT]   largest_free first=512.00 MB last=512.00 MB min=512.00 MB
[ZONE-RESET-AUDIT]   largest_free first=512.00 MB last=512.00 MB min=512.00 MB
[ZONE-RESET-AUDIT] site=host-zone-reset/SCRATCH visits=3646 visits_with_live=0 live_max=0 live_total=0 distinct_sizes=0 distinct_cohorts=0 graphs=[1..3646]
[ZONE-RESET-AUDIT] site=host-zone-reset/SCRATCH visits=3646 visits_with_live=0 live_max=0 live_total=0 distinct_sizes=0 distinct_cohorts=0 graphs=[1..3646]
[ZONE-RESET-AUDIT]   largest_free first=309.54 MB last=309.54 MB min=309.54 MB
[ZONE-RESET-AUDIT]   largest_free first=309.54 MB last=309.54 MB min=309.54 MB
[ZONE-RESET-AUDIT] site=host-zone-reset/STAGING visits=3647 visits_with_live=0 live_max=0 live_total=0 distinct_sizes=0 distinct_cohorts=0 graphs=[1..3647]
[ZONE-RESET-AUDIT] site=host-zone-reset/STAGING visits=3647 visits_with_live=0 live_max=0 live_total=0 distinct_sizes=0 distinct_cohorts=0 graphs=[1..3647]
[ZONE-RESET-AUDIT]   largest_free first=223.08 MB last=223.08 MB min=223.08 MB
[ZONE-RESET-AUDIT]   largest_free first=223.08 MB last=223.08 MB min=223.08 MB
[ZONE-RESET-AUDIT] site=scratch-pool-reset/bump:dev0 visits=3647 visits_with_live=0 live_max=0 live_total=0 distinct_sizes=0 distinct_cohorts=0 graphs=[1..3647]
[ZONE-RESET-AUDIT] site=scratch-pool-reset/bump:dev0 visits=3647 visits_with_live=0 live_max=0 live_total=0 distinct_sizes=0 distinct_cohorts=0 graphs=[1..3647]
[ZONE-RESET-AUDIT] site=weight-reclaim/load-boundary:dev0 visits=1 visits_with_live=0 live_max=0 live_total=0 distinct_sizes=0 distinct_cohorts=0 graphs=[0..0]
[ZONE-RESET-AUDIT] site=weight-reclaim/load-boundary:dev0 visits=1 visits_with_live=0 live_max=0 live_total=0 distinct_sizes=0 distinct_cohorts=0 graphs=[0..0]
[ZONE-RESET-AUDIT]   largest_free first=12820.00 MB last=12820.00 MB min=12820.00 MB
[ZONE-RESET-AUDIT]   largest_free first=12820.00 MB last=12820.00 MB min=12820.00 MB
[ZONE-RESET-AUDIT] site=weight-reclaim/mid-load-replan:dev0 visits=1 visits_with_live=0 live_max=0 live_total=0 distinct_sizes=0 distinct_cohorts=0 graphs=[0..0]
[ZONE-RESET-AUDIT] site=weight-reclaim/mid-load-replan:dev0 visits=1 visits_with_live=0 live_max=0 live_total=0 distinct_sizes=0 distinct_cohorts=0 graphs=[0..0]
[ZONE-RESET-AUDIT]   largest_free first=12820.00 MB last=12820.00 MB min=12820.00 MB
[ZONE-RESET-AUDIT]   largest_free first=12820.00 MB last=12820.00 MB min=12820.00 MB
[ZONE-RESET-AUDIT]   timing vram/kv alloc_calls=64 alloc_MB=96.0 alloc_ms=0.073 free_calls=32 free_ms=0.013 allocs_per_graph_max=32 allocs_per_graph_mean=0.0 graphs=3647
[ZONE-RESET-AUDIT]   timing vram/kv alloc_calls=64 alloc_MB=96.0 alloc_ms=0.073 free_calls=32 free_ms=0.013 allocs_per_graph_max=32 allocs_per_graph_mean=0.0 graphs=3647
[ZONE-RESET-AUDIT]   timing vram/weight alloc_calls=521 alloc_MB=8368.0 alloc_ms=0.399 free_calls=4 free_ms=0.004 allocs_per_graph_max=517 allocs_per_graph_mean=0.1 graphs=3647
[ZONE-RESET-AUDIT]   timing vram/weight alloc_calls=521 alloc_MB=8368.0 alloc_ms=0.399 free_calls=4 free_ms=0.004 allocs_per_graph_max=517 allocs_per_graph_mean=0.1 graphs=3647
[ZONE-RESET-AUDIT]   timing vram/onednn alloc_calls=6 alloc_MB=278.0 alloc_ms=0.002 free_calls=4 free_ms=0.002 allocs_per_graph_max=6 allocs_per_graph_mean=0.0 graphs=3647
[ZONE-RESET-AUDIT]   timing vram/onednn alloc_calls=6 alloc_MB=278.0 alloc_ms=0.002 free_calls=4 free_ms=0.002 allocs_per_graph_max=6 allocs_per_graph_mean=0.0 graphs=3647
[ZONE-RESET-AUDIT]   timing vram/runtime alloc_calls=1987 alloc_MB=2124.5 alloc_ms=0.765 free_calls=1985 free_ms=1.857 allocs_per_graph_max=65 allocs_per_graph_mean=0.5 graphs=3647
[ZONE-RESET-AUDIT]   timing vram/runtime alloc_calls=1987 alloc_MB=2124.5 alloc_ms=0.765 free_calls=1985 free_ms=1.857 allocs_per_graph_max=65 allocs_per_graph_mean=0.5 graphs=3647
[ZONE-RESET-AUDIT]   timing host/WEIGHT alloc_calls=36 alloc_MB=26.4 alloc_ms=0.025 free_calls=33 free_ms=0.037 allocs_per_graph_max=3 allocs_per_graph_mean=0.0 graphs=3647
[ZONE-RESET-AUDIT]   timing host/WEIGHT alloc_calls=36 alloc_MB=26.4 alloc_ms=0.025 free_calls=33 free_ms=0.037 allocs_per_graph_max=3 allocs_per_graph_mean=0.0 graphs=3647
[ZONE-RESET-AUDIT]   timing host/STAGING alloc_calls=10939 alloc_MB=102.6 alloc_ms=3.124 free_calls=10939 free_ms=8.029 allocs_per_graph_max=3 allocs_per_graph_mean=3.0 graphs=3647
[ZONE-RESET-AUDIT]   timing host/STAGING alloc_calls=10939 alloc_MB=102.6 alloc_ms=3.124 free_calls=10939 free_ms=8.029 allocs_per_graph_max=3 allocs_per_graph_mean=3.0 graphs=3647
[ZONE-RESET-AUDIT]   timing host/SCRATCH alloc_calls=121059 alloc_MB=5512.6 alloc_ms=20.955 free_calls=121059 free_ms=46.003 allocs_per_graph_max=741 allocs_per_graph_mean=33.2 graphs=3647
[ZONE-RESET-AUDIT]   timing host/SCRATCH alloc_calls=121059 alloc_MB=5512.6 alloc_ms=20.955 free_calls=121059 free_ms=46.003 allocs_per_graph_max=741 allocs_per_graph_mean=33.2 graphs=3647
[ZONE-RESET-AUDIT] ==== end inventory ====
[ZONE-RESET-AUDIT] ==== end inventory ====
[ZONE-RESET-AUDIT] ==== escape inventory (periodic) graphs=3711 ====
[ZONE-RESET-AUDIT] ==== escape inventory (periodic) graphs=3711 ====
[ZONE-RESET-AUDIT] site=device-zone-reset/ONEDNN:dev0 visits=3 visits_with_live=0 live_max=0 live_total=0 distinct_sizes=0 distinct_cohorts=0 graphs=[1..1]
[ZONE-RESET-AUDIT] site=device-zone-reset/ONEDNN:dev0 visits=3 visits_with_live=0 live_max=0 live_total=0 distinct_sizes=0 distinct_cohorts=0 graphs=[1..1]
[ZONE-RESET-AUDIT]   largest_free first=256.00 MB last=256.00 MB min=256.00 MB
[ZONE-RESET-AUDIT]   largest_free first=256.00 MB last=256.00 MB min=256.00 MB
[ZONE-RESET-AUDIT] site=device-zone-reset/SCRATCH:dev0 visits=3711 visits_with_live=0 live_max=0 live_total=0 distinct_sizes=0 distinct_cohorts=0 graphs=[0..3710]
[ZONE-RESET-AUDIT] site=device-zone-reset/SCRATCH:dev0 visits=3711 visits_with_live=0 live_max=0 live_total=0 distinct_sizes=0 distinct_cohorts=0 graphs=[0..3710]
[ZONE-RESET-AUDIT]   largest_free first=512.00 MB last=512.00 MB min=512.00 MB
[ZONE-RESET-AUDIT]   largest_free first=512.00 MB last=512.00 MB min=512.00 MB
[ZONE-RESET-AUDIT] site=host-zone-reset/SCRATCH visits=3710 visits_with_live=0 live_max=0 live_total=0 distinct_sizes=0 distinct_cohorts=0 graphs=[1..3710]
[ZONE-RESET-AUDIT] site=host-zone-reset/SCRATCH visits=3710 visits_with_live=0 live_max=0 live_total=0 distinct_sizes=0 distinct_cohorts=0 graphs=[1..3710]
[ZONE-RESET-AUDIT]   largest_free first=309.54 MB last=309.54 MB min=309.54 MB
[ZONE-RESET-AUDIT]   largest_free first=309.54 MB last=309.54 MB min=309.54 MB
[ZONE-RESET-AUDIT] site=host-zone-reset/STAGING visits=3711 visits_with_live=0 live_max=0 live_total=0 distinct_sizes=0 distinct_cohorts=0 graphs=[1..3711]
[ZONE-RESET-AUDIT] site=host-zone-reset/STAGING visits=3711 visits_with_live=0 live_max=0 live_total=0 distinct_sizes=0 distinct_cohorts=0 graphs=[1..3711]
[ZONE-RESET-AUDIT]   largest_free first=223.08 MB last=223.08 MB min=223.08 MB
[ZONE-RESET-AUDIT]   largest_free first=223.08 MB last=223.08 MB min=223.08 MB
[ZONE-RESET-AUDIT] site=scratch-pool-reset/bump:dev0 visits=3711 visits_with_live=0 live_max=0 live_total=0 distinct_sizes=0 distinct_cohorts=0 graphs=[1..3711]
[ZONE-RESET-AUDIT] site=scratch-pool-reset/bump:dev0 visits=3711 visits_with_live=0 live_max=0 live_total=0 distinct_sizes=0 distinct_cohorts=0 graphs=[1..3711]
[ZONE-RESET-AUDIT] site=weight-reclaim/load-boundary:dev0 visits=1 visits_with_live=0 live_max=0 live_total=0 distinct_sizes=0 distinct_cohorts=0 graphs=[0..0]
[ZONE-RESET-AUDIT] site=weight-reclaim/load-boundary:dev0 visits=1 visits_with_live=0 live_max=0 live_total=0 distinct_sizes=0 distinct_cohorts=0 graphs=[0..0]
[ZONE-RESET-AUDIT]   largest_free first=12820.00 MB last=12820.00 MB min=12820.00 MB
[ZONE-RESET-AUDIT]   largest_free first=12820.00 MB last=12820.00 MB min=12820.00 MB
[ZONE-RESET-AUDIT] site=weight-reclaim/mid-load-replan:dev0 visits=1 visits_with_live=0 live_max=0 live_total=0 distinct_sizes=0 distinct_cohorts=0 graphs=[0..0]
[ZONE-RESET-AUDIT] site=weight-reclaim/mid-load-replan:dev0 visits=1 visits_with_live=0 live_max=0 live_total=0 distinct_sizes=0 distinct_cohorts=0 graphs=[0..0]
[ZONE-RESET-AUDIT]   largest_free first=12820.00 MB last=12820.00 MB min=12820.00 MB
[ZONE-RESET-AUDIT]   largest_free first=12820.00 MB last=12820.00 MB min=12820.00 MB
[ZONE-RESET-AUDIT]   timing vram/kv alloc_calls=64 alloc_MB=96.0 alloc_ms=0.073 free_calls=32 free_ms=0.013 allocs_per_graph_max=32 allocs_per_graph_mean=0.0 graphs=3711
[ZONE-RESET-AUDIT]   timing vram/kv alloc_calls=64 alloc_MB=96.0 alloc_ms=0.073 free_calls=32 free_ms=0.013 allocs_per_graph_max=32 allocs_per_graph_mean=0.0 graphs=3711
[ZONE-RESET-AUDIT]   timing vram/weight alloc_calls=521 alloc_MB=8368.0 alloc_ms=0.399 free_calls=4 free_ms=0.004 allocs_per_graph_max=517 allocs_per_graph_mean=0.1 graphs=3711
[ZONE-RESET-AUDIT]   timing vram/weight alloc_calls=521 alloc_MB=8368.0 alloc_ms=0.399 free_calls=4 free_ms=0.004 allocs_per_graph_max=517 allocs_per_graph_mean=0.1 graphs=3711
[ZONE-RESET-AUDIT]   timing vram/onednn alloc_calls=6 alloc_MB=278.0 alloc_ms=0.002 free_calls=4 free_ms=0.002 allocs_per_graph_max=6 allocs_per_graph_mean=0.0 graphs=3711
[ZONE-RESET-AUDIT]   timing vram/onednn alloc_calls=6 alloc_MB=278.0 alloc_ms=0.002 free_calls=4 free_ms=0.002 allocs_per_graph_max=6 allocs_per_graph_mean=0.0 graphs=3711
[ZONE-RESET-AUDIT]   timing vram/runtime alloc_calls=1987 alloc_MB=2124.5 alloc_ms=0.765 free_calls=1985 free_ms=1.857 allocs_per_graph_max=65 allocs_per_graph_mean=0.5 graphs=3711
[ZONE-RESET-AUDIT]   timing vram/runtime alloc_calls=1987 alloc_MB=2124.5 alloc_ms=0.765 free_calls=1985 free_ms=1.857 allocs_per_graph_max=65 allocs_per_graph_mean=0.5 graphs=3711
[ZONE-RESET-AUDIT]   timing host/WEIGHT alloc_calls=36 alloc_MB=26.4 alloc_ms=0.025 free_calls=33 free_ms=0.037 allocs_per_graph_max=3 allocs_per_graph_mean=0.0 graphs=3711
[ZONE-RESET-AUDIT]   timing host/WEIGHT alloc_calls=36 alloc_MB=26.4 alloc_ms=0.025 free_calls=33 free_ms=0.037 allocs_per_graph_max=3 allocs_per_graph_mean=0.0 graphs=3711
[ZONE-RESET-AUDIT]   timing host/STAGING alloc_calls=11131 alloc_MB=102.6 alloc_ms=3.175 free_calls=11131 free_ms=8.153 allocs_per_graph_max=3 allocs_per_graph_mean=3.0 graphs=3711
[ZONE-RESET-AUDIT]   timing host/STAGING alloc_calls=11131 alloc_MB=102.6 alloc_ms=3.175 free_calls=11131 free_ms=8.153 allocs_per_graph_max=3 allocs_per_graph_mean=3.0 graphs=3711
[ZONE-RESET-AUDIT]   timing host/SCRATCH alloc_calls=123171 alloc_MB=5521.4 alloc_ms=21.292 free_calls=123171 free_ms=46.768 allocs_per_graph_max=741 allocs_per_graph_mean=33.2 graphs=3711
[ZONE-RESET-AUDIT]   timing host/SCRATCH alloc_calls=123171 alloc_MB=5521.4 alloc_ms=21.292 free_calls=123171 free_ms=46.768 allocs_per_graph_max=741 allocs_per_graph_mean=33.2 graphs=3711
[ZONE-RESET-AUDIT] ==== end inventory ====
[ZONE-RESET-AUDIT] ==== end inventory ====
set_n_threads: n_threads = 4, n_threads_batch = 4
[ZONE-RESET-AUDIT] ==== escape inventory (periodic) graphs=3775 ====
[ZONE-RESET-AUDIT] ==== escape inventory (periodic) graphs=3775 ====
[ZONE-RESET-AUDIT] site=device-zone-reset/ONEDNN:dev0 visits=3 visits_with_live=0 live_max=0 live_total=0 distinct_sizes=0 distinct_cohorts=0 graphs=[1..1]
[ZONE-RESET-AUDIT] site=device-zone-reset/ONEDNN:dev0 visits=3 visits_with_live=0 live_max=0 live_total=0 distinct_sizes=0 distinct_cohorts=0 graphs=[1..1]
[ZONE-RESET-AUDIT]   largest_free first=256.00 MB last=256.00 MB min=256.00 MB
[ZONE-RESET-AUDIT]   largest_free first=256.00 MB last=256.00 MB min=256.00 MB
[ZONE-RESET-AUDIT] site=device-zone-reset/SCRATCH:dev0 visits=3775 visits_with_live=0 live_max=0 live_total=0 distinct_sizes=0 distinct_cohorts=0 graphs=[0..3774]
[ZONE-RESET-AUDIT] site=device-zone-reset/SCRATCH:dev0 visits=3775 visits_with_live=0 live_max=0 live_total=0 distinct_sizes=0 distinct_cohorts=0 graphs=[0..3774]
[ZONE-RESET-AUDIT]   largest_free first=512.00 MB last=512.00 MB min=512.00 MB
[ZONE-RESET-AUDIT]   largest_free first=512.00 MB last=512.00 MB min=512.00 MB
[ZONE-RESET-AUDIT] site=host-zone-reset/SCRATCH visits=3774 visits_with_live=0 live_max=0 live_total=0 distinct_sizes=0 distinct_cohorts=0 graphs=[1..3774]
[ZONE-RESET-AUDIT] site=host-zone-reset/SCRATCH visits=3774 visits_with_live=0 live_max=0 live_total=0 distinct_sizes=0 distinct_cohorts=0 graphs=[1..3774]
[ZONE-RESET-AUDIT]   largest_free first=309.54 MB last=309.54 MB min=309.54 MB
[ZONE-RESET-AUDIT]   largest_free first=309.54 MB last=309.54 MB min=309.54 MB
[ZONE-RESET-AUDIT] site=host-zone-reset/STAGING visits=3775 visits_with_live=0 live_max=0 live_total=0 distinct_sizes=0 distinct_cohorts=0 graphs=[1..3775]
[ZONE-RESET-AUDIT] site=host-zone-reset/STAGING visits=3775 visits_with_live=0 live_max=0 live_total=0 distinct_sizes=0 distinct_cohorts=0 graphs=[1..3775]
[ZONE-RESET-AUDIT]   largest_free first=223.08 MB last=223.08 MB min=223.08 MB
[ZONE-RESET-AUDIT]   largest_free first=223.08 MB last=223.08 MB min=223.08 MB
[ZONE-RESET-AUDIT] site=scratch-pool-reset/bump:dev0 visits=3775 visits_with_live=0 live_max=0 live_total=0 distinct_sizes=0 distinct_cohorts=0 graphs=[1..3775]
[ZONE-RESET-AUDIT] site=scratch-pool-reset/bump:dev0 visits=3775 visits_with_live=0 live_max=0 live_total=0 distinct_sizes=0 distinct_cohorts=0 graphs=[1..3775]
[ZONE-RESET-AUDIT] site=weight-reclaim/load-boundary:dev0 visits=1 visits_with_live=0 live_max=0 live_total=0 distinct_sizes=0 distinct_cohorts=0 graphs=[0..0]
[ZONE-RESET-AUDIT] site=weight-reclaim/load-boundary:dev0 visits=1 visits_with_live=0 live_max=0 live_total=0 distinct_sizes=0 distinct_cohorts=0 graphs=[0..0]
[ZONE-RESET-AUDIT]   largest_free first=12820.00 MB last=12820.00 MB min=12820.00 MB
[ZONE-RESET-AUDIT]   largest_free first=12820.00 MB last=12820.00 MB min=12820.00 MB
[ZONE-RESET-AUDIT] site=weight-reclaim/mid-load-replan:dev0 visits=1 visits_with_live=0 live_max=0 live_total=0 distinct_sizes=0 distinct_cohorts=0 graphs=[0..0]
[ZONE-RESET-AUDIT] site=weight-reclaim/mid-load-replan:dev0 visits=1 visits_with_live=0 live_max=0 live_total=0 distinct_sizes=0 distinct_cohorts=0 graphs=[0..0]
[ZONE-RESET-AUDIT]   largest_free first=12820.00 MB last=12820.00 MB min=12820.00 MB
[ZONE-RESET-AUDIT]   largest_free first=12820.00 MB last=12820.00 MB min=12820.00 MB
[ZONE-RESET-AUDIT]   timing vram/kv alloc_calls=64 alloc_MB=96.0 alloc_ms=0.073 free_calls=32 free_ms=0.013 allocs_per_graph_max=32 allocs_per_graph_mean=0.0 graphs=3775
[ZONE-RESET-AUDIT]   timing vram/kv alloc_calls=64 alloc_MB=96.0 alloc_ms=0.073 free_calls=32 free_ms=0.013 allocs_per_graph_max=32 allocs_per_graph_mean=0.0 graphs=3775
[ZONE-RESET-AUDIT]   timing vram/weight alloc_calls=521 alloc_MB=8368.0 alloc_ms=0.399 free_calls=4 free_ms=0.004 allocs_per_graph_max=517 allocs_per_graph_mean=0.1 graphs=3775
[ZONE-RESET-AUDIT]   timing vram/weight alloc_calls=521 alloc_MB=8368.0 alloc_ms=0.399 free_calls=4 free_ms=0.004 allocs_per_graph_max=517 allocs_per_graph_mean=0.1 graphs=3775
[ZONE-RESET-AUDIT]   timing vram/onednn alloc_calls=6 alloc_MB=278.0 alloc_ms=0.002 free_calls=4 free_ms=0.002 allocs_per_graph_max=6 allocs_per_graph_mean=0.0 graphs=3775
[ZONE-RESET-AUDIT]   timing vram/onednn alloc_calls=6 alloc_MB=278.0 alloc_ms=0.002 free_calls=4 free_ms=0.002 allocs_per_graph_max=6 allocs_per_graph_mean=0.0 graphs=3775
[ZONE-RESET-AUDIT]   timing vram/runtime alloc_calls=1987 alloc_MB=2124.5 alloc_ms=0.765 free_calls=1985 free_ms=1.857 allocs_per_graph_max=65 allocs_per_graph_mean=0.5 graphs=3775
[ZONE-RESET-AUDIT]   timing vram/runtime alloc_calls=1987 alloc_MB=2124.5 alloc_ms=0.765 free_calls=1985 free_ms=1.857 allocs_per_graph_max=65 allocs_per_graph_mean=0.5 graphs=3775
[ZONE-RESET-AUDIT]   timing host/WEIGHT alloc_calls=36 alloc_MB=26.4 alloc_ms=0.025 free_calls=33 free_ms=0.037 allocs_per_graph_max=3 allocs_per_graph_mean=0.0 graphs=3775
[ZONE-RESET-AUDIT]   timing host/WEIGHT alloc_calls=36 alloc_MB=26.4 alloc_ms=0.025 free_calls=33 free_ms=0.037 allocs_per_graph_max=3 allocs_per_graph_mean=0.0 graphs=3775
[ZONE-RESET-AUDIT]   timing host/STAGING alloc_calls=11323 alloc_MB=102.6 alloc_ms=3.225 free_calls=11323 free_ms=8.270 allocs_per_graph_max=3 allocs_per_graph_mean=3.0 graphs=3775
[ZONE-RESET-AUDIT]   timing host/STAGING alloc_calls=11323 alloc_MB=102.6 alloc_ms=3.225 free_calls=11323 free_ms=8.270 allocs_per_graph_max=3 allocs_per_graph_mean=3.0 graphs=3775
[ZONE-RESET-AUDIT]   timing host/SCRATCH alloc_calls=125283 alloc_MB=5530.2 alloc_ms=21.625 free_calls=125283 free_ms=47.542 allocs_per_graph_max=741 allocs_per_graph_mean=33.2 graphs=3775
[ZONE-RESET-AUDIT]   timing host/SCRATCH alloc_calls=125283 alloc_MB=5530.2 alloc_ms=21.625 free_calls=125283 free_ms=47.542 allocs_per_graph_max=741 allocs_per_graph_mean=33.2 graphs=3775
[ZONE-RESET-AUDIT] ==== end inventory ====
[ZONE-RESET-AUDIT] ==== end inventory ====
[ZONE-RESET-AUDIT] ==== escape inventory (periodic) graphs=3839 ====
[ZONE-RESET-AUDIT] ==== escape inventory (periodic) graphs=3839 ====
[ZONE-RESET-AUDIT] site=device-zone-reset/ONEDNN:dev0 visits=3 visits_with_live=0 live_max=0 live_total=0 distinct_sizes=0 distinct_cohorts=0 graphs=[1..1]
[ZONE-RESET-AUDIT] site=device-zone-reset/ONEDNN:dev0 visits=3 visits_with_live=0 live_max=0 live_total=0 distinct_sizes=0 distinct_cohorts=0 graphs=[1..1]
[ZONE-RESET-AUDIT]   largest_free first=256.00 MB last=256.00 MB min=256.00 MB
[ZONE-RESET-AUDIT]   largest_free first=256.00 MB last=256.00 MB min=256.00 MB
[ZONE-RESET-AUDIT] site=device-zone-reset/SCRATCH:dev0 visits=3839 visits_with_live=0 live_max=0 live_total=0 distinct_sizes=0 distinct_cohorts=0 graphs=[0..3838]
[ZONE-RESET-AUDIT] site=device-zone-reset/SCRATCH:dev0 visits=3839 visits_with_live=0 live_max=0 live_total=0 distinct_sizes=0 distinct_cohorts=0 graphs=[0..3838]
[ZONE-RESET-AUDIT]   largest_free first=512.00 MB last=512.00 MB min=512.00 MB
[ZONE-RESET-AUDIT]   largest_free first=512.00 MB last=512.00 MB min=512.00 MB
[ZONE-RESET-AUDIT] site=host-zone-reset/SCRATCH visits=3838 visits_with_live=0 live_max=0 live_total=0 distinct_sizes=0 distinct_cohorts=0 graphs=[1..3838]
[ZONE-RESET-AUDIT] site=host-zone-reset/SCRATCH visits=3838 visits_with_live=0 live_max=0 live_total=0 distinct_sizes=0 distinct_cohorts=0 graphs=[1..3838]
[ZONE-RESET-AUDIT]   largest_free first=309.54 MB last=309.54 MB min=309.54 MB
[ZONE-RESET-AUDIT]   largest_free first=309.54 MB last=309.54 MB min=309.54 MB
[ZONE-RESET-AUDIT] site=host-zone-reset/STAGING visits=3839 visits_with_live=0 live_max=0 live_total=0 distinct_sizes=0 distinct_cohorts=0 graphs=[1..3839]
[ZONE-RESET-AUDIT] site=host-zone-reset/STAGING visits=3839 visits_with_live=0 live_max=0 live_total=0 distinct_sizes=0 distinct_cohorts=0 graphs=[1..3839]
[ZONE-RESET-AUDIT]   largest_free first=223.08 MB last=223.08 MB min=223.08 MB
[ZONE-RESET-AUDIT]   largest_free first=223.08 MB last=223.08 MB min=223.08 MB
[ZONE-RESET-AUDIT] site=scratch-pool-reset/bump:dev0 visits=3839 visits_with_live=0 live_max=0 live_total=0 distinct_sizes=0 distinct_cohorts=0 graphs=[1..3839]
[ZONE-RESET-AUDIT] site=scratch-pool-reset/bump:dev0 visits=3839 visits_with_live=0 live_max=0 live_total=0 distinct_sizes=0 distinct_cohorts=0 graphs=[1..3839]
[ZONE-RESET-AUDIT] site=weight-reclaim/load-boundary:dev0 visits=1 visits_with_live=0 live_max=0 live_total=0 distinct_sizes=0 distinct_cohorts=0 graphs=[0..0]
[ZONE-RESET-AUDIT] site=weight-reclaim/load-boundary:dev0 visits=1 visits_with_live=0 live_max=0 live_total=0 distinct_sizes=0 distinct_cohorts=0 graphs=[0..0]
[ZONE-RESET-AUDIT]   largest_free first=12820.00 MB last=12820.00 MB min=12820.00 MB
[ZONE-RESET-AUDIT]   largest_free first=12820.00 MB last=12820.00 MB min=12820.00 MB
[ZONE-RESET-AUDIT] site=weight-reclaim/mid-load-replan:dev0 visits=1 visits_with_live=0 live_max=0 live_total=0 distinct_sizes=0 distinct_cohorts=0 graphs=[0..0]
[ZONE-RESET-AUDIT] site=weight-reclaim/mid-load-replan:dev0 visits=1 visits_with_live=0 live_max=0 live_total=0 distinct_sizes=0 distinct_cohorts=0 graphs=[0..0]
[ZONE-RESET-AUDIT]   largest_free first=12820.00 MB last=12820.00 MB min=12820.00 MB
[ZONE-RESET-AUDIT]   largest_free first=12820.00 MB last=12820.00 MB min=12820.00 MB
[ZONE-RESET-AUDIT]   timing vram/kv alloc_calls=64 alloc_MB=96.0 alloc_ms=0.073 free_calls=32 free_ms=0.013 allocs_per_graph_max=32 allocs_per_graph_mean=0.0 graphs=3839
[ZONE-RESET-AUDIT]   timing vram/kv alloc_calls=64 alloc_MB=96.0 alloc_ms=0.073 free_calls=32 free_ms=0.013 allocs_per_graph_max=32 allocs_per_graph_mean=0.0 graphs=3839
[ZONE-RESET-AUDIT]   timing vram/weight alloc_calls=521 alloc_MB=8368.0 alloc_ms=0.399 free_calls=4 free_ms=0.004 allocs_per_graph_max=517 allocs_per_graph_mean=0.1 graphs=3839
[ZONE-RESET-AUDIT]   timing vram/weight alloc_calls=521 alloc_MB=8368.0 alloc_ms=0.399 free_calls=4 free_ms=0.004 allocs_per_graph_max=517 allocs_per_graph_mean=0.1 graphs=3839
[ZONE-RESET-AUDIT]   timing vram/onednn alloc_calls=6 alloc_MB=278.0 alloc_ms=0.002 free_calls=4 free_ms=0.002 allocs_per_graph_max=6 allocs_per_graph_mean=0.0 graphs=3839
[ZONE-RESET-AUDIT]   timing vram/onednn alloc_calls=6 alloc_MB=278.0 alloc_ms=0.002 free_calls=4 free_ms=0.002 allocs_per_graph_max=6 allocs_per_graph_mean=0.0 graphs=3839
[ZONE-RESET-AUDIT]   timing vram/runtime alloc_calls=1987 alloc_MB=2124.5 alloc_ms=0.765 free_calls=1985 free_ms=1.857 allocs_per_graph_max=65 allocs_per_graph_mean=0.5 graphs=3839
[ZONE-RESET-AUDIT]   timing vram/runtime alloc_calls=1987 alloc_MB=2124.5 alloc_ms=0.765 free_calls=1985 free_ms=1.857 allocs_per_graph_max=65 allocs_per_graph_mean=0.5 graphs=3839
[ZONE-RESET-AUDIT]   timing host/WEIGHT alloc_calls=36 alloc_MB=26.4 alloc_ms=0.025 free_calls=33 free_ms=0.037 allocs_per_graph_max=3 allocs_per_graph_mean=0.0 graphs=3839
[ZONE-RESET-AUDIT]   timing host/WEIGHT alloc_calls=36 alloc_MB=26.4 alloc_ms=0.025 free_calls=33 free_ms=0.037 allocs_per_graph_max=3 allocs_per_graph_mean=0.0 graphs=3839
[ZONE-RESET-AUDIT]   timing host/STAGING alloc_calls=11515 alloc_MB=102.6 alloc_ms=3.278 free_calls=11515 free_ms=8.387 allocs_per_graph_max=3 allocs_per_graph_mean=3.0 graphs=3839
[ZONE-RESET-AUDIT]   timing host/STAGING alloc_calls=11515 alloc_MB=102.6 alloc_ms=3.278 free_calls=11515 free_ms=8.387 allocs_per_graph_max=3 allocs_per_graph_mean=3.0 graphs=3839
[ZONE-RESET-AUDIT]   timing host/SCRATCH alloc_calls=127395 alloc_MB=5539.0 alloc_ms=21.949 free_calls=127395 free_ms=48.342 allocs_per_graph_max=741 allocs_per_graph_mean=33.2 graphs=3839
[ZONE-RESET-AUDIT]   timing host/SCRATCH alloc_calls=127395 alloc_MB=5539.0 alloc_ms=21.949 free_calls=127395 free_ms=48.342 allocs_per_graph_max=741 allocs_per_graph_mean=33.2 graphs=3839
[ZONE-RESET-AUDIT] ==== end inventory ====
[ZONE-RESET-AUDIT] ==== end inventory ====
llama_perf_context_print:        load time =   54001.71 ms
llama_perf_context_print: prompt eval time =       0.00 ms /     1 tokens (    0.00 ms per token,      inf tokens per second)
llama_perf_context_print:        eval time =       0.00 ms /  3841 runs   (    0.00 ms per token,      inf tokens per second)
llama_perf_context_print:       total time =  211235.92 ms /  3842 tokens
llama_perf_context_print:    graphs reused =       3840
~llama_context:      SYCL0 compute buffer size is  28.0000 MiB, matches expectation of  28.0000 MiB
~llama_context:  SYCL_Host compute buffer size is   2.0659 MiB, matches expectation of   2.0659 MiB
[SYCL] model slot 0 released: 291 registry rows, 516 cache entries reclaimed
[SYCL] model slot 0 released: 291 registry rows, 516 cache entries reclaimed
[ZONE-RESET-AUDIT] ==== escape inventory (process-exit) graphs=3872 ====
[ZONE-RESET-AUDIT] ==== escape inventory (process-exit) graphs=3872 ====
[ZONE-RESET-AUDIT] site=device-zone-reset/ONEDNN:dev0 visits=3 visits_with_live=0 live_max=0 live_total=0 distinct_sizes=0 distinct_cohorts=0 graphs=[1..1]
[ZONE-RESET-AUDIT] site=device-zone-reset/ONEDNN:dev0 visits=3 visits_with_live=0 live_max=0 live_total=0 distinct_sizes=0 distinct_cohorts=0 graphs=[1..1]
[ZONE-RESET-AUDIT]   largest_free first=256.00 MB last=256.00 MB min=256.00 MB
[ZONE-RESET-AUDIT]   largest_free first=256.00 MB last=256.00 MB min=256.00 MB
[ZONE-RESET-AUDIT] site=device-zone-reset/SCRATCH:dev0 visits=3872 visits_with_live=0 live_max=0 live_total=0 distinct_sizes=0 distinct_cohorts=0 graphs=[0..3871]
[ZONE-RESET-AUDIT] site=device-zone-reset/SCRATCH:dev0 visits=3872 visits_with_live=0 live_max=0 live_total=0 distinct_sizes=0 distinct_cohorts=0 graphs=[0..3871]
[ZONE-RESET-AUDIT]   largest_free first=512.00 MB last=512.00 MB min=512.00 MB
[ZONE-RESET-AUDIT]   largest_free first=512.00 MB last=512.00 MB min=512.00 MB
[ZONE-RESET-AUDIT] site=host-zone-reset/SCRATCH visits=3872 visits_with_live=0 live_max=0 live_total=0 distinct_sizes=0 distinct_cohorts=0 graphs=[1..3872]
[ZONE-RESET-AUDIT] site=host-zone-reset/SCRATCH visits=3872 visits_with_live=0 live_max=0 live_total=0 distinct_sizes=0 distinct_cohorts=0 graphs=[1..3872]
[ZONE-RESET-AUDIT]   largest_free first=309.54 MB last=309.54 MB min=309.54 MB
[ZONE-RESET-AUDIT]   largest_free first=309.54 MB last=309.54 MB min=309.54 MB
[ZONE-RESET-AUDIT] site=host-zone-reset/STAGING visits=3872 visits_with_live=0 live_max=0 live_total=0 distinct_sizes=0 distinct_cohorts=0 graphs=[1..3872]
[ZONE-RESET-AUDIT] site=host-zone-reset/STAGING visits=3872 visits_with_live=0 live_max=0 live_total=0 distinct_sizes=0 distinct_cohorts=0 graphs=[1..3872]
[ZONE-RESET-AUDIT]   largest_free first=223.08 MB last=223.08 MB min=223.08 MB
[ZONE-RESET-AUDIT]   largest_free first=223.08 MB last=223.08 MB min=223.08 MB
[ZONE-RESET-AUDIT] site=scratch-pool-reset/bump:dev0 visits=3872 visits_with_live=0 live_max=0 live_total=0 distinct_sizes=0 distinct_cohorts=0 graphs=[1..3872]
[ZONE-RESET-AUDIT] site=scratch-pool-reset/bump:dev0 visits=3872 visits_with_live=0 live_max=0 live_total=0 distinct_sizes=0 distinct_cohorts=0 graphs=[1..3872]
[ZONE-RESET-AUDIT] site=weight-reclaim/load-boundary:dev0 visits=1 visits_with_live=0 live_max=0 live_total=0 distinct_sizes=0 distinct_cohorts=0 graphs=[0..0]
[ZONE-RESET-AUDIT] site=weight-reclaim/load-boundary:dev0 visits=1 visits_with_live=0 live_max=0 live_total=0 distinct_sizes=0 distinct_cohorts=0 graphs=[0..0]
[ZONE-RESET-AUDIT]   largest_free first=12820.00 MB last=12820.00 MB min=12820.00 MB
[ZONE-RESET-AUDIT]   largest_free first=12820.00 MB last=12820.00 MB min=12820.00 MB
[ZONE-RESET-AUDIT] site=weight-reclaim/mid-load-replan:dev0 visits=1 visits_with_live=0 live_max=0 live_total=0 distinct_sizes=0 distinct_cohorts=0 graphs=[0..0]
[ZONE-RESET-AUDIT] site=weight-reclaim/mid-load-replan:dev0 visits=1 visits_with_live=0 live_max=0 live_total=0 distinct_sizes=0 distinct_cohorts=0 graphs=[0..0]
[ZONE-RESET-AUDIT]   largest_free first=12820.00 MB last=12820.00 MB min=12820.00 MB
[ZONE-RESET-AUDIT]   largest_free first=12820.00 MB last=12820.00 MB min=12820.00 MB
[ZONE-RESET-AUDIT] site=weight-reclaim/model-teardown:dev0 visits=1 visits_with_live=0 live_max=0 live_total=0 distinct_sizes=0 distinct_cohorts=0 graphs=[3872..3872]
[ZONE-RESET-AUDIT] site=weight-reclaim/model-teardown:dev0 visits=1 visits_with_live=0 live_max=0 live_total=0 distinct_sizes=0 distinct_cohorts=0 graphs=[3872..3872]
[ZONE-RESET-AUDIT]   largest_free first=4452.10 MB last=4452.10 MB min=4452.10 MB
[ZONE-RESET-AUDIT]   largest_free first=4452.10 MB last=4452.10 MB min=4452.10 MB
[ZONE-RESET-AUDIT]   timing vram/kv alloc_calls=64 alloc_MB=96.0 alloc_ms=0.073 free_calls=64 free_ms=0.024 allocs_per_graph_max=32 allocs_per_graph_mean=0.0 graphs=3872
[ZONE-RESET-AUDIT]   timing vram/kv alloc_calls=64 alloc_MB=96.0 alloc_ms=0.073 free_calls=64 free_ms=0.024 allocs_per_graph_max=32 allocs_per_graph_mean=0.0 graphs=3872
[ZONE-RESET-AUDIT]   timing vram/weight alloc_calls=521 alloc_MB=8368.0 alloc_ms=0.399 free_calls=521 free_ms=0.068 allocs_per_graph_max=517 allocs_per_graph_mean=0.1 graphs=3872
[ZONE-RESET-AUDIT]   timing vram/weight alloc_calls=521 alloc_MB=8368.0 alloc_ms=0.399 free_calls=521 free_ms=0.068 allocs_per_graph_max=517 allocs_per_graph_mean=0.1 graphs=3872
[ZONE-RESET-AUDIT]   timing vram/onednn alloc_calls=6 alloc_MB=278.0 alloc_ms=0.002 free_calls=4 free_ms=0.002 allocs_per_graph_max=6 allocs_per_graph_mean=0.0 graphs=3872
[ZONE-RESET-AUDIT]   timing vram/onednn alloc_calls=6 alloc_MB=278.0 alloc_ms=0.002 free_calls=4 free_ms=0.002 allocs_per_graph_max=6 allocs_per_graph_mean=0.0 graphs=3872
[ZONE-RESET-AUDIT]   timing vram/runtime alloc_calls=1987 alloc_MB=2124.5 alloc_ms=0.765 free_calls=1987 free_ms=1.860 allocs_per_graph_max=65 allocs_per_graph_mean=0.5 graphs=3872
[ZONE-RESET-AUDIT]   timing vram/runtime alloc_calls=1987 alloc_MB=2124.5 alloc_ms=0.765 free_calls=1987 free_ms=1.860 allocs_per_graph_max=65 allocs_per_graph_mean=0.5 graphs=3872
[ZONE-RESET-AUDIT]   timing host/WEIGHT alloc_calls=36 alloc_MB=26.4 alloc_ms=0.025 free_calls=35 free_ms=0.040 allocs_per_graph_max=3 allocs_per_graph_mean=0.0 graphs=3872
[ZONE-RESET-AUDIT]   timing host/WEIGHT alloc_calls=36 alloc_MB=26.4 alloc_ms=0.025 free_calls=35 free_ms=0.040 allocs_per_graph_max=3 allocs_per_graph_mean=0.0 graphs=3872
[ZONE-RESET-AUDIT]   timing host/STAGING alloc_calls=11617 alloc_MB=102.6 alloc_ms=3.305 free_calls=11617 free_ms=8.451 allocs_per_graph_max=3 allocs_per_graph_mean=3.0 graphs=3872
[ZONE-RESET-AUDIT]   timing host/STAGING alloc_calls=11617 alloc_MB=102.6 alloc_ms=3.305 free_calls=11617 free_ms=8.451 allocs_per_graph_max=3 allocs_per_graph_mean=3.0 graphs=3872
[ZONE-RESET-AUDIT]   timing host/SCRATCH alloc_calls=128517 alloc_MB=5543.7 alloc_ms=22.116 free_calls=128517 free_ms=48.738 allocs_per_graph_max=741 allocs_per_graph_mean=33.2 graphs=3872
[ZONE-RESET-AUDIT]   timing host/SCRATCH alloc_calls=128517 alloc_MB=5543.7 alloc_ms=22.116 free_calls=128517 free_ms=48.738 allocs_per_graph_max=741 allocs_per_graph_mean=33.2 graphs=3872
[ZONE-RESET-AUDIT] ==== end inventory ====
[ZONE-RESET-AUDIT] ==== end inventory ====
