# bench-guard: VALID pre_throttle=0 post_throttle=0 pre_shmem_raw=413804kB pre_tmpfs=59612kB pre_shmem_eff=354192kB post_shmem_raw=413652kB post_tmpfs=59628kB post_shmem_eff=354024kB cmd: ./build/bin/llama-bench -m /Storage/GenAI/models/stock-gemma-4-E4B-it.Q8_0.gguf -p 8192 -n 128 -fa 1 -r 5 -v
[SYCL] Device 0 alloc caps: raw=15488.8 MB, safe=14714.4 MB, host_unified=no
[XMX] decode-aware optimal_tiles_n=1 (SLM=128KB, max_slm_tiles_n=255, weight_tile=256B, token_tile=256B)
[SYCL] Device 0 caps: CU=128, WG=1024, SG=32 preferred, SLM=128KB, USM(device/shared/host)=1/1/1, fp16=1, XMX=yes M=8 N=16 K=32 tile_m=1 tile_n=1
[SYCL] Host malloc per-allocation limit: 15.1 GB (min max_mem_alloc_size across 1 active devices)
llama_model_loader: loaded meta data with 56 key-value pairs and 720 tensors from /Storage/GenAI/models/stock-gemma-4-E4B-it.Q8_0.gguf (version GGUF V3 (latest))
llama_model_loader: Dumping metadata keys/values. Note: KV overrides do not apply in this output.
llama_model_loader: - kv   0:                       general.architecture str              = gemma4
llama_model_loader: - kv   1:                               general.type str              = model
llama_model_loader: - kv   2:                     general.sampling.top_k i32              = 64
llama_model_loader: - kv   3:                     general.sampling.top_p f32              = 0.950000
llama_model_loader: - kv   4:                      general.sampling.temp f32              = 1.000000
llama_model_loader: - kv   5:                               general.name str              = Gemma-4-E4B-It
llama_model_loader: - kv   6:                           general.basename str              = Gemma-4-E4B-It
llama_model_loader: - kv   7:                       general.quantized_by str              = Unsloth
llama_model_loader: - kv   8:                         general.size_label str              = 7.5B
llama_model_loader: - kv   9:                            general.license str              = apache-2.0
llama_model_loader: - kv  10:                       general.license.link str              = https://ai.google.dev/gemma/docs/gemm...
llama_model_loader: - kv  11:                           general.repo_url str              = https://huggingface.co/unsloth
llama_model_loader: - kv  12:                   general.base_model.count u32              = 1
llama_model_loader: - kv  13:                  general.base_model.0.name str              = Gemma 4 E4B It
llama_model_loader: - kv  14:          general.base_model.0.organization str              = Google
llama_model_loader: - kv  15:              general.base_model.0.repo_url str              = https://huggingface.co/google/gemma-4...
llama_model_loader: - kv  16:                               general.tags arr[str,2]       = ["unsloth", "any-to-any"]
llama_model_loader: - kv  17:                         gemma4.block_count u32              = 42
llama_model_loader: - kv  18:                      gemma4.context_length u32              = 131072
llama_model_loader: - kv  19:                    gemma4.embedding_length u32              = 2560
llama_model_loader: - kv  20:                 gemma4.feed_forward_length u32              = 10240
llama_model_loader: - kv  21:                gemma4.attention.head_count u32              = 8
llama_model_loader: - kv  22:             gemma4.attention.head_count_kv u32              = 2
llama_model_loader: - kv  23:                      gemma4.rope.freq_base f32              = 1000000.000000
llama_model_loader: - kv  24:                  gemma4.rope.freq_base_swa f32              = 10000.000000
llama_model_loader: - kv  25:    gemma4.attention.layer_norm_rms_epsilon f32              = 0.000001
llama_model_loader: - kv  26:                gemma4.attention.key_length u32              = 512
llama_model_loader: - kv  27:              gemma4.attention.value_length u32              = 512
llama_model_loader: - kv  28:             gemma4.final_logit_softcapping f32              = 30.000000
llama_model_loader: - kv  29:            gemma4.attention.sliding_window u32              = 512
llama_model_loader: - kv  30:          gemma4.attention.shared_kv_layers u32              = 18
llama_model_loader: - kv  31:    gemma4.embedding_length_per_layer_input u32              = 256
llama_model_loader: - kv  32:    gemma4.attention.sliding_window_pattern arr[bool,42]     = [true, true, true, true, true, false,...
llama_model_loader: - kv  33:            gemma4.attention.key_length_swa u32              = 256
llama_model_loader: - kv  34:          gemma4.attention.value_length_swa u32              = 256
llama_model_loader: - kv  35:                gemma4.rope.dimension_count u32              = 512
llama_model_loader: - kv  36:            gemma4.rope.dimension_count_swa u32              = 256
llama_model_loader: - kv  37:                       tokenizer.ggml.model str              = gemma4
llama_model_loader: - kv  38:                      tokenizer.ggml.tokens arr[str,262144]  = ["<pad>", "<eos>", "<bos>", "<unk>", ...
llama_model_loader: - kv  39:                      tokenizer.ggml.scores arr[f32,262144]  = [-1000.000000, -1000.000000, -1000.00...
llama_model_loader: - kv  40:                  tokenizer.ggml.token_type arr[i32,262144]  = [3, 1, 3, 3, 3, 1, 1, 1, 1, 1, 1, 1, ...
llama_model_loader: - kv  41:                      tokenizer.ggml.merges arr[str,514906]  = ["\n\n\n\n\n\n\n\n\n\n\n\n\n\n\n\n\n\n\n\n\n\n\n\n\n\n\n\n\n\n \n", ...
llama_model_loader: - kv  42:                tokenizer.ggml.bos_token_id u32              = 2
llama_model_loader: - kv  43:                tokenizer.ggml.eos_token_id u32              = 106
llama_model_loader: - kv  44:            tokenizer.ggml.unknown_token_id u32              = 3
llama_model_loader: - kv  45:            tokenizer.ggml.padding_token_id u32              = 0
llama_model_loader: - kv  46:               tokenizer.ggml.mask_token_id u32              = 4
llama_model_loader: - kv  47:            tokenizer.ggml.add_space_prefix bool             = false
llama_model_loader: - kv  48:               tokenizer.ggml.add_bos_token bool             = true
llama_model_loader: - kv  49:               general.quantization_version u32              = 2
llama_model_loader: - kv  50:                          general.file_type u32              = 7
llama_model_loader: - kv  51:                      quantize.imatrix.file str              = gemma-4-E4B-it-GGUF/imatrix_unsloth.gguf
llama_model_loader: - kv  52:                   quantize.imatrix.dataset str              = unsloth_calibration_gemma-4-E4B-it.txt
llama_model_loader: - kv  53:             quantize.imatrix.entries_count u32              = 342
llama_model_loader: - kv  54:              quantize.imatrix.chunks_count u32              = 141
llama_model_loader: - kv  55:                    tokenizer.chat_template str              = {%- macro format_parameters(propertie...
llama_model_loader: - type  f32:  423 tensors
llama_model_loader: - type q8_0:  296 tensors
llama_model_loader: - type bf16:    1 tensors
print_info: file format = GGUF V3 (latest)
print_info: file type   = Q8_0
print_info: file size   = 7.62 GiB (8.70 BPW) 
[PER-DEV-QUEUE] Device 0 cache queue created with a single-device context
[UNIFIED-CACHE] Device 0 budget authority: base=16304.0 MB free=16249.1 MB pct=100% external_headroom=1630.4 MB budget=14618.7 MB
[UNIFIED-CACHE] Device 0 (Intel(R) Arc(TM) Pro B50 Graphics): total=16304.0 MB free=16249.1 MB budget=14618.7 MB (100%)
[VRAM-ARENA] Reserved single chunk: 14618.0 MB (scratch=512.0, runtime=512.0, oneDNN=256.0, shared KV+weight=13338.0 MB)
[VRAM-ARENA] Active on device 0: 1 chunk(s), 14618.0 MB total
[VRAM-ARENA] Scratch zone: 0xffffe39299a00000 + 512.0 MB (offset 14106.0 MB from base)
[UNIFIED-CACHE] Created BCS queue for H2D copy pipelining
[UNIFIED-CACHE] Async DMA eviction enabled (preserves layouts during migration)
[SYCL] Pinned chunk pool created with 205.9 GB budget, committed=0.0 GB (chunk=2048.0 MB)
[HOST-ARENA] Created with 205.9 GB budget, committed=0.0 GB (system total=246.9 GB available=213.9 GB reserve=8.0 GB pct=90)
llama_prepare_model_devices: using device SYCL0 (Intel(R) Arc(TM) Pro B50 Graphics) (unknown id) - 14618 MiB free
init_tokenizer: initializing tokenizer for type 2
load: 0 unused tokens
load: control token: 258884 '<|video|>' is not marked as EOG
load: control token: 255999 '<|image>' is not marked as EOG
load: control token: 258882 '<image|>' is not marked as EOG
load: control token: 258883 '<audio|>' is not marked as EOG
load: control token:     98 '<|think|>' is not marked as EOG
load: control token:    105 '<|turn>' is not marked as EOG
load: control token: 258880 '<|image|>' is not marked as EOG
load: control token:      2 '<bos>' is not marked as EOG
load: control-looking token:    212 '</s>' was not control-type; this is probably a bug in the model. its type will be overridden
load: control token:      0 '<pad>' is not marked as EOG
load: control-looking token:     50 '<|tool_response>' was not control-type; this is probably a bug in the model. its type will be overridden
load: control token:     46 '<|tool>' is not marked as EOG
load: control token:     47 '<tool|>' is not marked as EOG
load: control token: 256000 '<|audio>' is not marked as EOG
load: control token:      3 '<unk>' is not marked as EOG
load: control token: 258881 '<|audio|>' is not marked as EOG
load: control-looking token:      1 '<eos>' was not control-type; this is probably a bug in the model. its type will be overridden
load: control token:      4 '<mask>' is not marked as EOG
load: printing all EOG tokens:
load:   - 1 ('<eos>')
load:   - 50 ('<|tool_response>')
load:   - 106 ('<turn|>')
load:   - 212 ('</s>')
load: special_eog_ids contains '<|tool_response>', removing '</s>' token from EOG list
load: special tokens cache size = 24
load: token to piece cache size = 1.9445 MB
print_info: arch                  = gemma4
print_info: vocab_only            = 0
print_info: no_alloc              = 0
print_info: n_ctx_train           = 131072
print_info: n_embd_inp            = 2560
print_info: n_embd                = 2560
print_info: n_embd_out            = 2560
print_info: n_layer               = 42
print_info: n_layer_all           = 42
print_info: n_head                = 8
print_info: n_head_kv             = 2
print_info: n_rot                 = 512
print_info: n_swa                 = 512
print_info: is_swa_any            = 1
print_info: n_embd_head_k         = 512
print_info: n_embd_head_v         = 512
print_info: n_gqa                 = 4
print_info: n_embd_k_gqa          = [512, 512, 512, 512, 512, 1024, 512, 512, 512, 512, 512, 1024, 512, 512, 512, 512, 512, 1024, 512, 512, 512, 512, 512, 1024, 512, 512, 512, 512, 512, 1024, 512, 512, 512, 512, 512, 1024, 512, 512, 512, 512, 512, 1024]
print_info: n_embd_v_gqa          = [512, 512, 512, 512, 512, 1024, 512, 512, 512, 512, 512, 1024, 512, 512, 512, 512, 512, 1024, 512, 512, 512, 512, 512, 1024, 512, 512, 512, 512, 512, 1024, 512, 512, 512, 512, 512, 1024, 512, 512, 512, 512, 512, 1024]
print_info: f_norm_eps            = 0.0e+00
print_info: f_norm_rms_eps        = 1.0e-06
print_info: f_clamp_kqv           = 0.0e+00
print_info: f_max_alibi_bias      = 0.0e+00
print_info: f_logit_scale         = 0.0e+00
print_info: f_attn_scale          = 1.0e+00
print_info: f_attn_value_scale    = 0.0000
print_info: n_ff                  = 10240
print_info: n_expert              = 0
print_info: n_expert_used         = 0
print_info: n_expert_groups       = 0
print_info: n_group_used          = 0
print_info: causal attn           = 1
print_info: pooling type          = -1
print_info: rope type             = 2
print_info: rope scaling          = linear
print_info: freq_base_train       = 1000000.0
print_info: freq_scale_train      = 1
print_info: freq_base_swa         = 10000.0
print_info: freq_scale_swa        = 1
print_info: n_embd_head_k_swa     = 256
print_info: n_embd_head_v_swa     = 256
print_info: n_rot_swa             = 256
print_info: n_ctx_orig_yarn       = 131072
print_info: rope_yarn_log_mul     = 0.0000
print_info: rope_finetuned        = unknown
print_info: model type            = E4B
print_info: model params          = 7.52 B
print_info: general.name          = Gemma-4-E4B-It
print_info: vocab type            = BPE
print_info: n_vocab               = 262144
print_info: n_merges              = 514906
print_info: BOS token             = 2 '<bos>'
print_info: EOS token             = 106 '<turn|>'
print_info: UNK token             = 3 '<unk>'
print_info: PAD token             = 0 '<pad>'
print_info: MASK token            = 4 '<mask>'
print_info: LF token              = 107 '
'
print_info: EOG token             = 1 '<eos>'
print_info: EOG token             = 50 '<|tool_response>'
print_info: EOG token             = 106 '<turn|>'
print_info: max token length      = 93
Running with Environment Variables:
  GGML_SYCL_DEBUG: 0
  GGML_SYCL_DEBUG_SYNC: 0
  GGML_SYCL_TP_DEBUG: 0
  GGML_SYCL_KQV_FORCE_SIMPLE: 0
  GGML_SYCL_KQV_DISABLE_FP16: 0
  GGML_SYCL_DISABLE_GRAPH: 0
  GGML_SYCL_ASYNC_MEM: 0
  GGML_SYCL_DISABLE_DNN: 0
  GGML_SYCL_PRIORITIZE_DMMV: 0
Build with Macros:
  GGML_SYCL_FORCE_MMQ: no
  GGML_SYCL_F16: yes
Found 1 SYCL devices:
|  |                   |                                       |       |Max    |        |Max  |Global |                     |
|  |                   |                                       |       |compute|Max work|sub  |mem    |                     |
|ID|        Device Type|                                   Name|Version|units  |group   |group|size   |       Driver version|
|--|-------------------|---------------------------------------|-------|-------|--------|-----|-------|---------------------|
| 0| [level_zero:gpu:0]|             Intel Arc Pro B50 Graphics|   20.1|    128|    1024|   32| 17095M|        1.17.39395+13|
SYCL Optimization Feature:
|ID|        Device Type|Reorder|
|--|-------------------|-------|
| 0| [level_zero:gpu:0]|      Y|
[SYCL-PLAN] inventory oneDNN scratchpad: 76.6 MB (onednn_reorder 50.0 MB + onednn_eligible 26.6 MB; global max 2856.0 MB)
[SYCL-PLAN] KV inputs: n_layer=42 n_embd_k_gqa=512 n_embd_v_gqa=512 n_ctx=512 (conservative) kv_per_layer=1.0 MB
[SYCL] Plan budget tied to arena: 14618.0 MB arena (shared zone 13338.0 MB after 1280.0 MB zones)
[PLACEMENT] envelope (from sycl-snapshot): n_ctx=0 n_ubatch=0 n_seq_max=1 flash_attn_type=AUTO
[PLACEMENT] Zone reservation: scratch=512.0 MB + oneDNN=256.0 MB + runtime=512.0 MB (arena=14618.0 MB, weight zone=13338.0 MB)
[SYCL-PLAN] inventory top-8 of 720 tensors (total 7798.3 MB): per_layer_token_embd.weight=2856.0MB(t8,10752x262144) token_embd.weight=680.0MB(t8,2560x262144) per_layer_model_proj.weight=52.5MB(t30,2560x10752) blk.1.ffn_down.weight=26.6MB(t8,10240x2560) blk.0.ffn_gate.weight=26.6MB(t8,2560x10240) blk.1.ffn_gate.weight=26.6MB(t8,2560x10240) blk.0.ffn_up.weight=26.6MB(t8,2560x10240) blk.0.ffn_down.weight=26.6MB(t8,10240x2560)
[SYCL-PLAN] inventory groups: 17 distinct (type,ne) groups over 720 tensors; cardinality histogram: 1x3 7x2 14x2 35x2 42x4 70x1 72x1 84x1 211x1; largest card>=4: blk.38.ffn_gate.weight 26.6MB (card=84); largest card<=2: per_layer_token_embd.weight 2856.0MB (card=1)
[SYCL-PLAN] CPU quant buffers: 79.7 MB (3 x cpu_quant_eligible 26.6 MB; global max 2856.0 MB)
[SYCL-PLAN] DMA staging pool: 53.1 MB (2 x dma_streamed 26.6 MB; global max 2856.0 MB)
[SYCL-PLAN] oneDNN scratchpad: 76.6 MB (onednn_reorder 50.0 MB + onednn_eligible 26.6 MB; global max 2856.0 MB)
[SYCL-PLAN] Host staging zone: s1_window=1 per_inflight=5714.0 MB total=5730.0 MB
[PLACEMENT] NORM/EMBED      device=215 (3590.6 MB)  host=  0 (0.0 MB)
[PLACEMENT] ATTENTION       device=252 (650.9 MB)  host=  0 (0.0 MB)
[PLACEMENT] FFN             device=253 (3556.9 MB)  host=  0 (0.0 MB)
[PLACEMENT] layer   0  weight=98.0 MB  kv=1.0 MB (swa)  total=99.0 MB  dense_target=device 0  kv_target=device 0
[PLACEMENT] layer   1  weight=98.0 MB  kv=1.0 MB (swa)  total=99.0 MB  dense_target=device 0  kv_target=device 0
[PLACEMENT] layer   2  weight=98.0 MB  kv=1.0 MB (swa)  total=99.0 MB  dense_target=device 0  kv_target=device 0
[PLACEMENT] layer   3  weight=98.0 MB  kv=1.0 MB (swa)  total=99.0 MB  dense_target=device 0  kv_target=device 0
[PLACEMENT] layer   4  weight=98.0 MB  kv=1.0 MB (swa)  total=99.0 MB  dense_target=device 0  kv_target=device 0
[PLACEMENT] layer   5  weight=111.3 MB  kv=1.0 MB (full)  total=112.3 MB  dense_target=device 0  kv_target=device 0
[PLACEMENT] layer   6  weight=98.0 MB  kv=1.0 MB (swa)  total=99.0 MB  dense_target=device 0  kv_target=device 0
[PLACEMENT] layer   7  weight=98.0 MB  kv=1.0 MB (swa)  total=99.0 MB  dense_target=device 0  kv_target=device 0
[PLACEMENT] layer   8  weight=98.0 MB  kv=1.0 MB (swa)  total=99.0 MB  dense_target=device 0  kv_target=device 0
[PLACEMENT] layer   9  weight=98.0 MB  kv=1.0 MB (swa)  total=99.0 MB  dense_target=device 0  kv_target=device 0
[PLACEMENT] layer  10  weight=98.0 MB  kv=1.0 MB (swa)  total=99.0 MB  dense_target=device 0  kv_target=device 0
[PLACEMENT] layer  11  weight=111.3 MB  kv=1.0 MB (full)  total=112.3 MB  dense_target=device 0  kv_target=device 0
[PLACEMENT] layer  12  weight=98.0 MB  kv=1.0 MB (swa)  total=99.0 MB  dense_target=device 0  kv_target=device 0
[PLACEMENT] layer  13  weight=98.0 MB  kv=1.0 MB (swa)  total=99.0 MB  dense_target=device 0  kv_target=device 0
[PLACEMENT] layer  14  weight=98.0 MB  kv=1.0 MB (swa)  total=99.0 MB  dense_target=device 0  kv_target=device 0
[PLACEMENT] layer  15  weight=98.0 MB  kv=1.0 MB (swa)  total=99.0 MB  dense_target=device 0  kv_target=device 0
[PLACEMENT] layer  16  weight=98.0 MB  kv=1.0 MB (swa)  total=99.0 MB  dense_target=device 0  kv_target=device 0
[PLACEMENT] layer  17  weight=111.3 MB  kv=1.0 MB (full)  total=112.3 MB  dense_target=device 0  kv_target=device 0
[PLACEMENT] layer  18  weight=98.0 MB  kv=1.0 MB (swa)  total=99.0 MB  dense_target=device 0  kv_target=device 0
[PLACEMENT] layer  19  weight=98.0 MB  kv=1.0 MB (swa)  total=99.0 MB  dense_target=device 0  kv_target=device 0
[PLACEMENT] layer  20  weight=98.0 MB  kv=1.0 MB (swa)  total=99.0 MB  dense_target=device 0  kv_target=device 0
[PLACEMENT] layer  21  weight=98.0 MB  kv=1.0 MB (swa)  total=99.0 MB  dense_target=device 0  kv_target=device 0
[PLACEMENT] layer  22  weight=98.0 MB  kv=1.0 MB (swa)  total=99.0 MB  dense_target=device 0  kv_target=device 0
[PLACEMENT] layer  23  weight=111.3 MB  kv=1.0 MB (full)  total=112.3 MB  dense_target=device 0  kv_target=device 0
[PLACEMENT] layer  24  weight=98.0 MB  kv=1.0 MB (swa)  total=99.0 MB  dense_target=device 0  kv_target=device 0
[PLACEMENT] layer  25  weight=98.0 MB  kv=1.0 MB (swa)  total=99.0 MB  dense_target=device 0  kv_target=device 0
[PLACEMENT] layer  26  weight=98.0 MB  kv=1.0 MB (swa)  total=99.0 MB  dense_target=device 0  kv_target=device 0
[PLACEMENT] layer  27  weight=98.0 MB  kv=1.0 MB (swa)  total=99.0 MB  dense_target=device 0  kv_target=device 0
[PLACEMENT] layer  28  weight=98.0 MB  kv=1.0 MB (swa)  total=99.0 MB  dense_target=device 0  kv_target=device 0
[PLACEMENT] layer  29  weight=111.3 MB  kv=1.0 MB (full)  total=112.3 MB  dense_target=device 0  kv_target=device 0
[PLACEMENT] layer  30  weight=98.0 MB  kv=1.0 MB (swa)  total=99.0 MB  dense_target=device 0  kv_target=device 0
[PLACEMENT] layer  31  weight=98.0 MB  kv=1.0 MB (swa)  total=99.0 MB  dense_target=device 0  kv_target=device 0
[PLACEMENT] layer  32  weight=98.0 MB  kv=1.0 MB (swa)  total=99.0 MB  dense_target=device 0  kv_target=device 0
[PLACEMENT] layer  33  weight=98.0 MB  kv=1.0 MB (swa)  total=99.0 MB  dense_target=device 0  kv_target=device 0
[PLACEMENT] layer  34  weight=98.0 MB  kv=1.0 MB (swa)  total=99.0 MB  dense_target=device 0  kv_target=device 0
[PLACEMENT] layer  35  weight=111.3 MB  kv=1.0 MB (full)  total=112.3 MB  dense_target=device 0  kv_target=device 0
[PLACEMENT] layer  36  weight=98.0 MB  kv=1.0 MB (swa)  total=99.0 MB  dense_target=device 0  kv_target=device 0
[PLACEMENT] layer  37  weight=98.0 MB  kv=1.0 MB (swa)  total=99.0 MB  dense_target=device 0  kv_target=device 0
[PLACEMENT] layer  38  weight=98.0 MB  kv=1.0 MB (swa)  total=99.0 MB  dense_target=device 0  kv_target=device 0
[PLACEMENT] layer  39  weight=98.0 MB  kv=1.0 MB (swa)  total=99.0 MB  dense_target=device 0  kv_target=device 0
[PLACEMENT] layer  40  weight=98.0 MB  kv=1.0 MB (swa)  total=99.0 MB  dense_target=device 0  kv_target=device 0
[PLACEMENT] layer  41  weight=111.3 MB  kv=1.0 MB (full)  total=112.3 MB  dense_target=device 0  kv_target=device 0
[PLACEMENT] KV breakdown: full_attn=7 layers at 1.0 MB/layer, swa=35 layers at 1.0 MB/layer (heterogeneous charging)
[PLACEMENT] KV sizing: n_layer=42 n_embd_k_gqa=512 n_embd_v_gqa=512 n_ctx=512 (conservative) kv_per_layer=1.0 MB
[PLACEMENT] Totals: weights=7798.3 MB device + 0.0 MB host, kv=42.0 MB device + 0.0 MB host
[PLACEMENT] Total: 7840.3 MB device + 0.0 MB host (budget=14618.0 MB)
[SYCL] Placement plan computed: 720 entries, 7840.3 MB device + 0.0 MB host
[PLACE-4] device weight zone: 7798.3 MB (720 tensors), host arena: 0.0 MB (0 tensors)
[MOE-MULTI-GPU] Planner kept all MoE handles on primary; secondary queues not activated
load_tensors: SYCL early placement plan: 720 weights, 7.62 GiB (computed pre-create_tensor)
load_tensors: loading model tensors, this can take a while... (load_mode = none)
load_tensors: layer   0 assigned to device SYCL0, is_swa = 1
load_tensors: layer   1 assigned to device SYCL0, is_swa = 1
load_tensors: layer   2 assigned to device SYCL0, is_swa = 1
load_tensors: layer   3 assigned to device SYCL0, is_swa = 1
load_tensors: layer   4 assigned to device SYCL0, is_swa = 1
load_tensors: layer   5 assigned to device SYCL0, is_swa = 0
load_tensors: layer   6 assigned to device SYCL0, is_swa = 1
load_tensors: layer   7 assigned to device SYCL0, is_swa = 1
load_tensors: layer   8 assigned to device SYCL0, is_swa = 1
load_tensors: layer   9 assigned to device SYCL0, is_swa = 1
load_tensors: layer  10 assigned to device SYCL0, is_swa = 1
load_tensors: layer  11 assigned to device SYCL0, is_swa = 0
load_tensors: layer  12 assigned to device SYCL0, is_swa = 1
load_tensors: layer  13 assigned to device SYCL0, is_swa = 1
load_tensors: layer  14 assigned to device SYCL0, is_swa = 1
load_tensors: layer  15 assigned to device SYCL0, is_swa = 1
load_tensors: layer  16 assigned to device SYCL0, is_swa = 1
load_tensors: layer  17 assigned to device SYCL0, is_swa = 0
load_tensors: layer  18 assigned to device SYCL0, is_swa = 1
load_tensors: layer  19 assigned to device SYCL0, is_swa = 1
load_tensors: layer  20 assigned to device SYCL0, is_swa = 1
load_tensors: layer  21 assigned to device SYCL0, is_swa = 1
load_tensors: layer  22 assigned to device SYCL0, is_swa = 1
load_tensors: layer  23 assigned to device SYCL0, is_swa = 0
load_tensors: layer  24 assigned to device SYCL0, is_swa = 1
load_tensors: layer  25 assigned to device SYCL0, is_swa = 1
load_tensors: layer  26 assigned to device SYCL0, is_swa = 1
load_tensors: layer  27 assigned to device SYCL0, is_swa = 1
load_tensors: layer  28 assigned to device SYCL0, is_swa = 1
load_tensors: layer  29 assigned to device SYCL0, is_swa = 0
load_tensors: layer  30 assigned to device SYCL0, is_swa = 1
load_tensors: layer  31 assigned to device SYCL0, is_swa = 1
load_tensors: layer  32 assigned to device SYCL0, is_swa = 1
load_tensors: layer  33 assigned to device SYCL0, is_swa = 1
load_tensors: layer  34 assigned to device SYCL0, is_swa = 1
load_tensors: layer  35 assigned to device SYCL0, is_swa = 0
load_tensors: layer  36 assigned to device SYCL0, is_swa = 1
load_tensors: layer  37 assigned to device SYCL0, is_swa = 1
load_tensors: layer  38 assigned to device SYCL0, is_swa = 1
load_tensors: layer  39 assigned to device SYCL0, is_swa = 1
load_tensors: layer  40 assigned to device SYCL0, is_swa = 1
load_tensors: layer  41 assigned to device SYCL0, is_swa = 0
load_tensors: layer  42 assigned to device SYCL0, is_swa = 0
create_tensor: loading tensor output.weight
create_tensor: loading tensor token_embd.weight
[SYCL] dispatch tuning: failed to load /tmp/onednn_unified_bench.json (unable to open file)
create_tensor: loading tensor token_embd.weight
[SYCL] host weight registry mismatch for token_embd.weight (existing=0x139a4de0 new=0x13ab4c60)
[SYCL] host weight registry mismatch for token_embd.weight (existing=0x139a4de0 new=0x13ab4c60)
create_tensor: loading tensor per_layer_token_embd.weight
create_tensor: loading tensor per_layer_model_proj.weight
create_tensor: loading tensor per_layer_proj_norm.weight
create_tensor: loading tensor output_norm.weight
create_tensor: loading tensor blk.0.attn_norm.weight
create_tensor: loading tensor blk.0.attn_q.weight
create_tensor: loading tensor blk.0.attn_k.weight
create_tensor: loading tensor blk.0.attn_v.weight
create_tensor: loading tensor blk.0.attn_output.weight
create_tensor: loading tensor blk.0.attn_q_norm.weight
create_tensor: loading tensor blk.0.attn_k_norm.weight
create_tensor: loading tensor blk.0.post_attention_norm.weight
create_tensor: loading tensor blk.0.layer_output_scale.weight
create_tensor: loading tensor blk.0.ffn_norm.weight
create_tensor: loading tensor blk.0.ffn_gate.weight
create_tensor: loading tensor blk.0.ffn_up.weight
create_tensor: loading tensor blk.0.ffn_down.weight
create_tensor: loading tensor blk.0.post_ffw_norm.weight
create_tensor: loading tensor blk.0.ffn_gate_inp.weight
create_tensor: loading tensor blk.0.inp_gate.weight
create_tensor: loading tensor blk.0.proj.weight
create_tensor: loading tensor blk.0.post_norm.weight
create_tensor: loading tensor blk.1.attn_norm.weight
create_tensor: loading tensor blk.1.attn_q.weight
create_tensor: loading tensor blk.1.attn_k.weight
create_tensor: loading tensor blk.1.attn_v.weight
create_tensor: loading tensor blk.1.attn_output.weight
create_tensor: loading tensor blk.1.attn_q_norm.weight
create_tensor: loading tensor blk.1.attn_k_norm.weight
create_tensor: loading tensor blk.1.post_attention_norm.weight
create_tensor: loading tensor blk.1.layer_output_scale.weight
create_tensor: loading tensor blk.1.ffn_norm.weight
create_tensor: loading tensor blk.1.ffn_gate.weight
create_tensor: loading tensor blk.1.ffn_up.weight
create_tensor: loading tensor blk.1.ffn_down.weight
create_tensor: loading tensor blk.1.post_ffw_norm.weight
create_tensor: loading tensor blk.1.ffn_gate_inp.weight
create_tensor: loading tensor blk.1.inp_gate.weight
create_tensor: loading tensor blk.1.proj.weight
create_tensor: loading tensor blk.1.post_norm.weight
create_tensor: loading tensor blk.2.attn_norm.weight
create_tensor: loading tensor blk.2.attn_q.weight
create_tensor: loading tensor blk.2.attn_k.weight
create_tensor: loading tensor blk.2.attn_v.weight
create_tensor: loading tensor blk.2.attn_output.weight
create_tensor: loading tensor blk.2.attn_q_norm.weight
create_tensor: loading tensor blk.2.attn_k_norm.weight
create_tensor: loading tensor blk.2.post_attention_norm.weight
create_tensor: loading tensor blk.2.layer_output_scale.weight
create_tensor: loading tensor blk.2.ffn_norm.weight
create_tensor: loading tensor blk.2.ffn_gate.weight
create_tensor: loading tensor blk.2.ffn_up.weight
create_tensor: loading tensor blk.2.ffn_down.weight
create_tensor: loading tensor blk.2.post_ffw_norm.weight
create_tensor: loading tensor blk.2.ffn_gate_inp.weight
create_tensor: loading tensor blk.2.inp_gate.weight
create_tensor: loading tensor blk.2.proj.weight
create_tensor: loading tensor blk.2.post_norm.weight
create_tensor: loading tensor blk.3.attn_norm.weight
create_tensor: loading tensor blk.3.attn_q.weight
create_tensor: loading tensor blk.3.attn_k.weight
create_tensor: loading tensor blk.3.attn_v.weight
create_tensor: loading tensor blk.3.attn_output.weight
create_tensor: loading tensor blk.3.attn_q_norm.weight
create_tensor: loading tensor blk.3.attn_k_norm.weight
create_tensor: loading tensor blk.3.post_attention_norm.weight
create_tensor: loading tensor blk.3.layer_output_scale.weight
create_tensor: loading tensor blk.3.ffn_norm.weight
create_tensor: loading tensor blk.3.ffn_gate.weight
create_tensor: loading tensor blk.3.ffn_up.weight
create_tensor: loading tensor blk.3.ffn_down.weight
create_tensor: loading tensor blk.3.post_ffw_norm.weight
create_tensor: loading tensor blk.3.ffn_gate_inp.weight
create_tensor: loading tensor blk.3.inp_gate.weight
create_tensor: loading tensor blk.3.proj.weight
create_tensor: loading tensor blk.3.post_norm.weight
create_tensor: loading tensor blk.4.attn_norm.weight
create_tensor: loading tensor blk.4.attn_q.weight
create_tensor: loading tensor blk.4.attn_k.weight
create_tensor: loading tensor blk.4.attn_v.weight
create_tensor: loading tensor blk.4.attn_output.weight
create_tensor: loading tensor blk.4.attn_q_norm.weight
create_tensor: loading tensor blk.4.attn_k_norm.weight
create_tensor: loading tensor blk.4.post_attention_norm.weight
create_tensor: loading tensor blk.4.layer_output_scale.weight
create_tensor: loading tensor blk.4.ffn_norm.weight
create_tensor: loading tensor blk.4.ffn_gate.weight
create_tensor: loading tensor blk.4.ffn_up.weight
create_tensor: loading tensor blk.4.ffn_down.weight
create_tensor: loading tensor blk.4.post_ffw_norm.weight
create_tensor: loading tensor blk.4.ffn_gate_inp.weight
create_tensor: loading tensor blk.4.inp_gate.weight
create_tensor: loading tensor blk.4.proj.weight
create_tensor: loading tensor blk.4.post_norm.weight
create_tensor: loading tensor blk.5.attn_norm.weight
create_tensor: loading tensor blk.5.attn_q.weight
create_tensor: loading tensor blk.5.attn_k.weight
create_tensor: loading tensor blk.5.attn_v.weight
create_tensor: loading tensor blk.5.attn_output.weight
create_tensor: loading tensor blk.5.attn_q_norm.weight
create_tensor: loading tensor blk.5.attn_k_norm.weight
create_tensor: loading tensor blk.5.post_attention_norm.weight
create_tensor: loading tensor blk.5.layer_output_scale.weight
create_tensor: loading tensor rope_freqs.weight
create_tensor: loading tensor blk.5.ffn_norm.weight
create_tensor: loading tensor blk.5.ffn_gate.weight
create_tensor: loading tensor blk.5.ffn_up.weight
create_tensor: loading tensor blk.5.ffn_down.weight
create_tensor: loading tensor blk.5.post_ffw_norm.weight
create_tensor: loading tensor blk.5.ffn_gate_inp.weight
create_tensor: loading tensor blk.5.inp_gate.weight
create_tensor: loading tensor blk.5.proj.weight
create_tensor: loading tensor blk.5.post_norm.weight
create_tensor: loading tensor blk.6.attn_norm.weight
create_tensor: loading tensor blk.6.attn_q.weight
create_tensor: loading tensor blk.6.attn_k.weight
create_tensor: loading tensor blk.6.attn_v.weight
create_tensor: loading tensor blk.6.attn_output.weight
create_tensor: loading tensor blk.6.attn_q_norm.weight
create_tensor: loading tensor blk.6.attn_k_norm.weight
create_tensor: loading tensor blk.6.post_attention_norm.weight
create_tensor: loading tensor blk.6.layer_output_scale.weight
create_tensor: loading tensor blk.6.ffn_norm.weight
create_tensor: loading tensor blk.6.ffn_gate.weight
create_tensor: loading tensor blk.6.ffn_up.weight
create_tensor: loading tensor blk.6.ffn_down.weight
create_tensor: loading tensor blk.6.post_ffw_norm.weight
create_tensor: loading tensor blk.6.ffn_gate_inp.weight
create_tensor: loading tensor blk.6.inp_gate.weight
create_tensor: loading tensor blk.6.proj.weight
create_tensor: loading tensor blk.6.post_norm.weight
create_tensor: loading tensor blk.7.attn_norm.weight
create_tensor: loading tensor blk.7.attn_q.weight
create_tensor: loading tensor blk.7.attn_k.weight
create_tensor: loading tensor blk.7.attn_v.weight
create_tensor: loading tensor blk.7.attn_output.weight
create_tensor: loading tensor blk.7.attn_q_norm.weight
create_tensor: loading tensor blk.7.attn_k_norm.weight
create_tensor: loading tensor blk.7.post_attention_norm.weight
create_tensor: loading tensor blk.7.layer_output_scale.weight
create_tensor: loading tensor blk.7.ffn_norm.weight
create_tensor: loading tensor blk.7.ffn_gate.weight
create_tensor: loading tensor blk.7.ffn_up.weight
create_tensor: loading tensor blk.7.ffn_down.weight
create_tensor: loading tensor blk.7.post_ffw_norm.weight
create_tensor: loading tensor blk.7.ffn_gate_inp.weight
create_tensor: loading tensor blk.7.inp_gate.weight
create_tensor: loading tensor blk.7.proj.weight
create_tensor: loading tensor blk.7.post_norm.weight
create_tensor: loading tensor blk.8.attn_norm.weight
create_tensor: loading tensor blk.8.attn_q.weight
create_tensor: loading tensor blk.8.attn_k.weight
create_tensor: loading tensor blk.8.attn_v.weight
create_tensor: loading tensor blk.8.attn_output.weight
create_tensor: loading tensor blk.8.attn_q_norm.weight
create_tensor: loading tensor blk.8.attn_k_norm.weight
create_tensor: loading tensor blk.8.post_attention_norm.weight
create_tensor: loading tensor blk.8.layer_output_scale.weight
create_tensor: loading tensor blk.8.ffn_norm.weight
create_tensor: loading tensor blk.8.ffn_gate.weight
create_tensor: loading tensor blk.8.ffn_up.weight
create_tensor: loading tensor blk.8.ffn_down.weight
create_tensor: loading tensor blk.8.post_ffw_norm.weight
create_tensor: loading tensor blk.8.ffn_gate_inp.weight
create_tensor: loading tensor blk.8.inp_gate.weight
create_tensor: loading tensor blk.8.proj.weight
create_tensor: loading tensor blk.8.post_norm.weight
create_tensor: loading tensor blk.9.attn_norm.weight
create_tensor: loading tensor blk.9.attn_q.weight
create_tensor: loading tensor blk.9.attn_k.weight
create_tensor: loading tensor blk.9.attn_v.weight
create_tensor: loading tensor blk.9.attn_output.weight
create_tensor: loading tensor blk.9.attn_q_norm.weight
create_tensor: loading tensor blk.9.attn_k_norm.weight
create_tensor: loading tensor blk.9.post_attention_norm.weight
create_tensor: loading tensor blk.9.layer_output_scale.weight
create_tensor: loading tensor blk.9.ffn_norm.weight
create_tensor: loading tensor blk.9.ffn_gate.weight
create_tensor: loading tensor blk.9.ffn_up.weight
create_tensor: loading tensor blk.9.ffn_down.weight
create_tensor: loading tensor blk.9.post_ffw_norm.weight
create_tensor: loading tensor blk.9.ffn_gate_inp.weight
create_tensor: loading tensor blk.9.inp_gate.weight
create_tensor: loading tensor blk.9.proj.weight
create_tensor: loading tensor blk.9.post_norm.weight
create_tensor: loading tensor blk.10.attn_norm.weight
create_tensor: loading tensor blk.10.attn_q.weight
create_tensor: loading tensor blk.10.attn_k.weight
create_tensor: loading tensor blk.10.attn_v.weight
create_tensor: loading tensor blk.10.attn_output.weight
create_tensor: loading tensor blk.10.attn_q_norm.weight
create_tensor: loading tensor blk.10.attn_k_norm.weight
create_tensor: loading tensor blk.10.post_attention_norm.weight
create_tensor: loading tensor blk.10.layer_output_scale.weight
create_tensor: loading tensor blk.10.ffn_norm.weight
create_tensor: loading tensor blk.10.ffn_gate.weight
create_tensor: loading tensor blk.10.ffn_up.weight
create_tensor: loading tensor blk.10.ffn_down.weight
create_tensor: loading tensor blk.10.post_ffw_norm.weight
create_tensor: loading tensor blk.10.ffn_gate_inp.weight
create_tensor: loading tensor blk.10.inp_gate.weight
create_tensor: loading tensor blk.10.proj.weight
create_tensor: loading tensor blk.10.post_norm.weight
create_tensor: loading tensor blk.11.attn_norm.weight
create_tensor: loading tensor blk.11.attn_q.weight
create_tensor: loading tensor blk.11.attn_k.weight
create_tensor: loading tensor blk.11.attn_v.weight
create_tensor: loading tensor blk.11.attn_output.weight
create_tensor: loading tensor blk.11.attn_q_norm.weight
create_tensor: loading tensor blk.11.attn_k_norm.weight
create_tensor: loading tensor blk.11.post_attention_norm.weight
create_tensor: loading tensor blk.11.layer_output_scale.weight
create_tensor: loading tensor rope_freqs.weight
create_tensor: loading tensor blk.11.ffn_norm.weight
create_tensor: loading tensor blk.11.ffn_gate.weight
create_tensor: loading tensor blk.11.ffn_up.weight
create_tensor: loading tensor blk.11.ffn_down.weight
create_tensor: loading tensor blk.11.post_ffw_norm.weight
create_tensor: loading tensor blk.11.ffn_gate_inp.weight
create_tensor: loading tensor blk.11.inp_gate.weight
create_tensor: loading tensor blk.11.proj.weight
create_tensor: loading tensor blk.11.post_norm.weight
create_tensor: loading tensor blk.12.attn_norm.weight
create_tensor: loading tensor blk.12.attn_q.weight
create_tensor: loading tensor blk.12.attn_k.weight
create_tensor: loading tensor blk.12.attn_v.weight
create_tensor: loading tensor blk.12.attn_output.weight
create_tensor: loading tensor blk.12.attn_q_norm.weight
create_tensor: loading tensor blk.12.attn_k_norm.weight
create_tensor: loading tensor blk.12.post_attention_norm.weight
create_tensor: loading tensor blk.12.layer_output_scale.weight
create_tensor: loading tensor blk.12.ffn_norm.weight
create_tensor: loading tensor blk.12.ffn_gate.weight
create_tensor: loading tensor blk.12.ffn_up.weight
create_tensor: loading tensor blk.12.ffn_down.weight
create_tensor: loading tensor blk.12.post_ffw_norm.weight
create_tensor: loading tensor blk.12.ffn_gate_inp.weight
create_tensor: loading tensor blk.12.inp_gate.weight
create_tensor: loading tensor blk.12.proj.weight
create_tensor: loading tensor blk.12.post_norm.weight
create_tensor: loading tensor blk.13.attn_norm.weight
create_tensor: loading tensor blk.13.attn_q.weight
create_tensor: loading tensor blk.13.attn_k.weight
create_tensor: loading tensor blk.13.attn_v.weight
create_tensor: loading tensor blk.13.attn_output.weight
create_tensor: loading tensor blk.13.attn_q_norm.weight
create_tensor: loading tensor blk.13.attn_k_norm.weight
create_tensor: loading tensor blk.13.post_attention_norm.weight
create_tensor: loading tensor blk.13.layer_output_scale.weight
create_tensor: loading tensor blk.13.ffn_norm.weight
create_tensor: loading tensor blk.13.ffn_gate.weight
create_tensor: loading tensor blk.13.ffn_up.weight
create_tensor: loading tensor blk.13.ffn_down.weight
create_tensor: loading tensor blk.13.post_ffw_norm.weight
create_tensor: loading tensor blk.13.ffn_gate_inp.weight
create_tensor: loading tensor blk.13.inp_gate.weight
create_tensor: loading tensor blk.13.proj.weight
create_tensor: loading tensor blk.13.post_norm.weight
create_tensor: loading tensor blk.14.attn_norm.weight
create_tensor: loading tensor blk.14.attn_q.weight
create_tensor: loading tensor blk.14.attn_k.weight
create_tensor: loading tensor blk.14.attn_v.weight
create_tensor: loading tensor blk.14.attn_output.weight
create_tensor: loading tensor blk.14.attn_q_norm.weight
create_tensor: loading tensor blk.14.attn_k_norm.weight
create_tensor: loading tensor blk.14.post_attention_norm.weight
create_tensor: loading tensor blk.14.layer_output_scale.weight
create_tensor: loading tensor blk.14.ffn_norm.weight
create_tensor: loading tensor blk.14.ffn_gate.weight
create_tensor: loading tensor blk.14.ffn_up.weight
create_tensor: loading tensor blk.14.ffn_down.weight
create_tensor: loading tensor blk.14.post_ffw_norm.weight
create_tensor: loading tensor blk.14.ffn_gate_inp.weight
create_tensor: loading tensor blk.14.inp_gate.weight
create_tensor: loading tensor blk.14.proj.weight
create_tensor: loading tensor blk.14.post_norm.weight
create_tensor: loading tensor blk.15.attn_norm.weight
create_tensor: loading tensor blk.15.attn_q.weight
create_tensor: loading tensor blk.15.attn_k.weight
create_tensor: loading tensor blk.15.attn_v.weight
create_tensor: loading tensor blk.15.attn_output.weight
create_tensor: loading tensor blk.15.attn_q_norm.weight
create_tensor: loading tensor blk.15.attn_k_norm.weight
create_tensor: loading tensor blk.15.post_attention_norm.weight
create_tensor: loading tensor blk.15.layer_output_scale.weight
create_tensor: loading tensor blk.15.ffn_norm.weight
create_tensor: loading tensor blk.15.ffn_gate.weight
create_tensor: loading tensor blk.15.ffn_up.weight
create_tensor: loading tensor blk.15.ffn_down.weight
create_tensor: loading tensor blk.15.post_ffw_norm.weight
create_tensor: loading tensor blk.15.ffn_gate_inp.weight
create_tensor: loading tensor blk.15.inp_gate.weight
create_tensor: loading tensor blk.15.proj.weight
create_tensor: loading tensor blk.15.post_norm.weight
create_tensor: loading tensor blk.16.attn_norm.weight
create_tensor: loading tensor blk.16.attn_q.weight
create_tensor: loading tensor blk.16.attn_k.weight
create_tensor: loading tensor blk.16.attn_v.weight
create_tensor: loading tensor blk.16.attn_output.weight
create_tensor: loading tensor blk.16.attn_q_norm.weight
create_tensor: loading tensor blk.16.attn_k_norm.weight
create_tensor: loading tensor blk.16.post_attention_norm.weight
create_tensor: loading tensor blk.16.layer_output_scale.weight
create_tensor: loading tensor blk.16.ffn_norm.weight
create_tensor: loading tensor blk.16.ffn_gate.weight
create_tensor: loading tensor blk.16.ffn_up.weight
create_tensor: loading tensor blk.16.ffn_down.weight
create_tensor: loading tensor blk.16.post_ffw_norm.weight
create_tensor: loading tensor blk.16.ffn_gate_inp.weight
create_tensor: loading tensor blk.16.inp_gate.weight
create_tensor: loading tensor blk.16.proj.weight
create_tensor: loading tensor blk.16.post_norm.weight
create_tensor: loading tensor blk.17.attn_norm.weight
create_tensor: loading tensor blk.17.attn_q.weight
create_tensor: loading tensor blk.17.attn_k.weight
create_tensor: loading tensor blk.17.attn_v.weight
create_tensor: loading tensor blk.17.attn_output.weight
create_tensor: loading tensor blk.17.attn_q_norm.weight
create_tensor: loading tensor blk.17.attn_k_norm.weight
create_tensor: loading tensor blk.17.post_attention_norm.weight
create_tensor: loading tensor blk.17.layer_output_scale.weight
create_tensor: loading tensor rope_freqs.weight
create_tensor: loading tensor blk.17.ffn_norm.weight
create_tensor: loading tensor blk.17.ffn_gate.weight
create_tensor: loading tensor blk.17.ffn_up.weight
create_tensor: loading tensor blk.17.ffn_down.weight
create_tensor: loading tensor blk.17.post_ffw_norm.weight
create_tensor: loading tensor blk.17.ffn_gate_inp.weight
create_tensor: loading tensor blk.17.inp_gate.weight
create_tensor: loading tensor blk.17.proj.weight
create_tensor: loading tensor blk.17.post_norm.weight
create_tensor: loading tensor blk.18.attn_norm.weight
create_tensor: loading tensor blk.18.attn_q.weight
create_tensor: loading tensor blk.18.attn_k.weight
create_tensor: loading tensor blk.18.attn_v.weight
create_tensor: loading tensor blk.18.attn_output.weight
create_tensor: loading tensor blk.18.attn_q_norm.weight
create_tensor: loading tensor blk.18.attn_k_norm.weight
create_tensor: loading tensor blk.18.post_attention_norm.weight
create_tensor: loading tensor blk.18.layer_output_scale.weight
create_tensor: loading tensor blk.18.ffn_norm.weight
create_tensor: loading tensor blk.18.ffn_gate.weight
create_tensor: loading tensor blk.18.ffn_up.weight
create_tensor: loading tensor blk.18.ffn_down.weight
create_tensor: loading tensor blk.18.post_ffw_norm.weight
create_tensor: loading tensor blk.18.ffn_gate_inp.weight
create_tensor: loading tensor blk.18.inp_gate.weight
create_tensor: loading tensor blk.18.proj.weight
create_tensor: loading tensor blk.18.post_norm.weight
create_tensor: loading tensor blk.19.attn_norm.weight
create_tensor: loading tensor blk.19.attn_q.weight
create_tensor: loading tensor blk.19.attn_k.weight
create_tensor: loading tensor blk.19.attn_v.weight
create_tensor: loading tensor blk.19.attn_output.weight
create_tensor: loading tensor blk.19.attn_q_norm.weight
create_tensor: loading tensor blk.19.attn_k_norm.weight
create_tensor: loading tensor blk.19.post_attention_norm.weight
create_tensor: loading tensor blk.19.layer_output_scale.weight
create_tensor: loading tensor blk.19.ffn_norm.weight
create_tensor: loading tensor blk.19.ffn_gate.weight
create_tensor: loading tensor blk.19.ffn_up.weight
create_tensor: loading tensor blk.19.ffn_down.weight
create_tensor: loading tensor blk.19.post_ffw_norm.weight
create_tensor: loading tensor blk.19.ffn_gate_inp.weight
create_tensor: loading tensor blk.19.inp_gate.weight
create_tensor: loading tensor blk.19.proj.weight
create_tensor: loading tensor blk.19.post_norm.weight
create_tensor: loading tensor blk.20.attn_norm.weight
create_tensor: loading tensor blk.20.attn_q.weight
create_tensor: loading tensor blk.20.attn_k.weight
create_tensor: loading tensor blk.20.attn_v.weight
create_tensor: loading tensor blk.20.attn_output.weight
create_tensor: loading tensor blk.20.attn_q_norm.weight
create_tensor: loading tensor blk.20.attn_k_norm.weight
create_tensor: loading tensor blk.20.post_attention_norm.weight
create_tensor: loading tensor blk.20.layer_output_scale.weight
create_tensor: loading tensor blk.20.ffn_norm.weight
create_tensor: loading tensor blk.20.ffn_gate.weight
create_tensor: loading tensor blk.20.ffn_up.weight
create_tensor: loading tensor blk.20.ffn_down.weight
create_tensor: loading tensor blk.20.post_ffw_norm.weight
create_tensor: loading tensor blk.20.ffn_gate_inp.weight
create_tensor: loading tensor blk.20.inp_gate.weight
create_tensor: loading tensor blk.20.proj.weight
create_tensor: loading tensor blk.20.post_norm.weight
create_tensor: loading tensor blk.21.attn_norm.weight
create_tensor: loading tensor blk.21.attn_q.weight
create_tensor: loading tensor blk.21.attn_k.weight
create_tensor: loading tensor blk.21.attn_v.weight
create_tensor: loading tensor blk.21.attn_output.weight
create_tensor: loading tensor blk.21.attn_q_norm.weight
create_tensor: loading tensor blk.21.attn_k_norm.weight
create_tensor: loading tensor blk.21.post_attention_norm.weight
create_tensor: loading tensor blk.21.layer_output_scale.weight
create_tensor: loading tensor blk.21.ffn_norm.weight
create_tensor: loading tensor blk.21.ffn_gate.weight
create_tensor: loading tensor blk.21.ffn_up.weight
create_tensor: loading tensor blk.21.ffn_down.weight
create_tensor: loading tensor blk.21.post_ffw_norm.weight
create_tensor: loading tensor blk.21.ffn_gate_inp.weight
create_tensor: loading tensor blk.21.inp_gate.weight
create_tensor: loading tensor blk.21.proj.weight
create_tensor: loading tensor blk.21.post_norm.weight
create_tensor: loading tensor blk.22.attn_norm.weight
create_tensor: loading tensor blk.22.attn_q.weight
create_tensor: loading tensor blk.22.attn_k.weight
create_tensor: loading tensor blk.22.attn_v.weight
create_tensor: loading tensor blk.22.attn_output.weight
create_tensor: loading tensor blk.22.attn_q_norm.weight
create_tensor: loading tensor blk.22.attn_k_norm.weight
create_tensor: loading tensor blk.22.post_attention_norm.weight
create_tensor: loading tensor blk.22.layer_output_scale.weight
create_tensor: loading tensor blk.22.ffn_norm.weight
create_tensor: loading tensor blk.22.ffn_gate.weight
create_tensor: loading tensor blk.22.ffn_up.weight
create_tensor: loading tensor blk.22.ffn_down.weight
create_tensor: loading tensor blk.22.post_ffw_norm.weight
create_tensor: loading tensor blk.22.ffn_gate_inp.weight
create_tensor: loading tensor blk.22.inp_gate.weight
create_tensor: loading tensor blk.22.proj.weight
create_tensor: loading tensor blk.22.post_norm.weight
create_tensor: loading tensor blk.23.attn_norm.weight
create_tensor: loading tensor blk.23.attn_q.weight
create_tensor: loading tensor blk.23.attn_k.weight
create_tensor: loading tensor blk.23.attn_v.weight
create_tensor: loading tensor blk.23.attn_output.weight
create_tensor: loading tensor blk.23.attn_q_norm.weight
create_tensor: loading tensor blk.23.attn_k_norm.weight
create_tensor: loading tensor blk.23.post_attention_norm.weight
create_tensor: loading tensor blk.23.layer_output_scale.weight
create_tensor: loading tensor rope_freqs.weight
create_tensor: loading tensor blk.23.ffn_norm.weight
create_tensor: loading tensor blk.23.ffn_gate.weight
create_tensor: loading tensor blk.23.ffn_up.weight
create_tensor: loading tensor blk.23.ffn_down.weight
create_tensor: loading tensor blk.23.post_ffw_norm.weight
create_tensor: loading tensor blk.23.ffn_gate_inp.weight
create_tensor: loading tensor blk.23.inp_gate.weight
create_tensor: loading tensor blk.23.proj.weight
create_tensor: loading tensor blk.23.post_norm.weight
create_tensor: loading tensor blk.24.attn_norm.weight
create_tensor: loading tensor blk.24.attn_q.weight
create_tensor: loading tensor blk.24.attn_k.weight
create_tensor: loading tensor blk.24.attn_v.weight
create_tensor: loading tensor blk.24.attn_output.weight
create_tensor: loading tensor blk.24.attn_q_norm.weight
create_tensor: loading tensor blk.24.attn_k_norm.weight
create_tensor: loading tensor blk.24.post_attention_norm.weight
create_tensor: loading tensor blk.24.layer_output_scale.weight
create_tensor: loading tensor blk.24.ffn_norm.weight
create_tensor: loading tensor blk.24.ffn_gate.weight
create_tensor: loading tensor blk.24.ffn_up.weight
create_tensor: loading tensor blk.24.ffn_down.weight
create_tensor: loading tensor blk.24.post_ffw_norm.weight
create_tensor: loading tensor blk.24.ffn_gate_inp.weight
create_tensor: loading tensor blk.24.inp_gate.weight
create_tensor: loading tensor blk.24.proj.weight
create_tensor: loading tensor blk.24.post_norm.weight
create_tensor: loading tensor blk.25.attn_norm.weight
create_tensor: loading tensor blk.25.attn_q.weight
create_tensor: loading tensor blk.25.attn_k.weight
create_tensor: loading tensor blk.25.attn_v.weight
create_tensor: loading tensor blk.25.attn_output.weight
create_tensor: loading tensor blk.25.attn_q_norm.weight
create_tensor: loading tensor blk.25.attn_k_norm.weight
create_tensor: loading tensor blk.25.post_attention_norm.weight
create_tensor: loading tensor blk.25.layer_output_scale.weight
create_tensor: loading tensor blk.25.ffn_norm.weight
create_tensor: loading tensor blk.25.ffn_gate.weight
create_tensor: loading tensor blk.25.ffn_up.weight
create_tensor: loading tensor blk.25.ffn_down.weight
create_tensor: loading tensor blk.25.post_ffw_norm.weight
create_tensor: loading tensor blk.25.ffn_gate_inp.weight
create_tensor: loading tensor blk.25.inp_gate.weight
create_tensor: loading tensor blk.25.proj.weight
create_tensor: loading tensor blk.25.post_norm.weight
create_tensor: loading tensor blk.26.attn_norm.weight
create_tensor: loading tensor blk.26.attn_q.weight
create_tensor: loading tensor blk.26.attn_k.weight
create_tensor: loading tensor blk.26.attn_v.weight
create_tensor: loading tensor blk.26.attn_output.weight
create_tensor: loading tensor blk.26.attn_q_norm.weight
create_tensor: loading tensor blk.26.attn_k_norm.weight
create_tensor: loading tensor blk.26.post_attention_norm.weight
create_tensor: loading tensor blk.26.layer_output_scale.weight
create_tensor: loading tensor blk.26.ffn_norm.weight
create_tensor: loading tensor blk.26.ffn_gate.weight
create_tensor: loading tensor blk.26.ffn_up.weight
create_tensor: loading tensor blk.26.ffn_down.weight
create_tensor: loading tensor blk.26.post_ffw_norm.weight
create_tensor: loading tensor blk.26.ffn_gate_inp.weight
create_tensor: loading tensor blk.26.inp_gate.weight
create_tensor: loading tensor blk.26.proj.weight
create_tensor: loading tensor blk.26.post_norm.weight
create_tensor: loading tensor blk.27.attn_norm.weight
create_tensor: loading tensor blk.27.attn_q.weight
create_tensor: loading tensor blk.27.attn_k.weight
create_tensor: loading tensor blk.27.attn_v.weight
create_tensor: loading tensor blk.27.attn_output.weight
create_tensor: loading tensor blk.27.attn_q_norm.weight
create_tensor: loading tensor blk.27.attn_k_norm.weight
create_tensor: loading tensor blk.27.post_attention_norm.weight
create_tensor: loading tensor blk.27.layer_output_scale.weight
create_tensor: loading tensor blk.27.ffn_norm.weight
create_tensor: loading tensor blk.27.ffn_gate.weight
create_tensor: loading tensor blk.27.ffn_up.weight
create_tensor: loading tensor blk.27.ffn_down.weight
create_tensor: loading tensor blk.27.post_ffw_norm.weight
create_tensor: loading tensor blk.27.ffn_gate_inp.weight
create_tensor: loading tensor blk.27.inp_gate.weight
create_tensor: loading tensor blk.27.proj.weight
create_tensor: loading tensor blk.27.post_norm.weight
create_tensor: loading tensor blk.28.attn_norm.weight
create_tensor: loading tensor blk.28.attn_q.weight
create_tensor: loading tensor blk.28.attn_k.weight
create_tensor: loading tensor blk.28.attn_v.weight
create_tensor: loading tensor blk.28.attn_output.weight
create_tensor: loading tensor blk.28.attn_q_norm.weight
create_tensor: loading tensor blk.28.attn_k_norm.weight
create_tensor: loading tensor blk.28.post_attention_norm.weight
create_tensor: loading tensor blk.28.layer_output_scale.weight
create_tensor: loading tensor blk.28.ffn_norm.weight
create_tensor: loading tensor blk.28.ffn_gate.weight
create_tensor: loading tensor blk.28.ffn_up.weight
create_tensor: loading tensor blk.28.ffn_down.weight
create_tensor: loading tensor blk.28.post_ffw_norm.weight
create_tensor: loading tensor blk.28.ffn_gate_inp.weight
create_tensor: loading tensor blk.28.inp_gate.weight
create_tensor: loading tensor blk.28.proj.weight
create_tensor: loading tensor blk.28.post_norm.weight
create_tensor: loading tensor blk.29.attn_norm.weight
create_tensor: loading tensor blk.29.attn_q.weight
create_tensor: loading tensor blk.29.attn_k.weight
create_tensor: loading tensor blk.29.attn_v.weight
create_tensor: loading tensor blk.29.attn_output.weight
create_tensor: loading tensor blk.29.attn_q_norm.weight
create_tensor: loading tensor blk.29.attn_k_norm.weight
create_tensor: loading tensor blk.29.post_attention_norm.weight
create_tensor: loading tensor blk.29.layer_output_scale.weight
create_tensor: loading tensor rope_freqs.weight
create_tensor: loading tensor blk.29.ffn_norm.weight
create_tensor: loading tensor blk.29.ffn_gate.weight
create_tensor: loading tensor blk.29.ffn_up.weight
create_tensor: loading tensor blk.29.ffn_down.weight
create_tensor: loading tensor blk.29.post_ffw_norm.weight
create_tensor: loading tensor blk.29.ffn_gate_inp.weight
create_tensor: loading tensor blk.29.inp_gate.weight
create_tensor: loading tensor blk.29.proj.weight
create_tensor: loading tensor blk.29.post_norm.weight
create_tensor: loading tensor blk.30.attn_norm.weight
create_tensor: loading tensor blk.30.attn_q.weight
create_tensor: loading tensor blk.30.attn_k.weight
create_tensor: loading tensor blk.30.attn_v.weight
create_tensor: loading tensor blk.30.attn_output.weight
create_tensor: loading tensor blk.30.attn_q_norm.weight
create_tensor: loading tensor blk.30.attn_k_norm.weight
create_tensor: loading tensor blk.30.post_attention_norm.weight
create_tensor: loading tensor blk.30.layer_output_scale.weight
create_tensor: loading tensor blk.30.ffn_norm.weight
create_tensor: loading tensor blk.30.ffn_gate.weight
create_tensor: loading tensor blk.30.ffn_up.weight
create_tensor: loading tensor blk.30.ffn_down.weight
create_tensor: loading tensor blk.30.post_ffw_norm.weight
create_tensor: loading tensor blk.30.ffn_gate_inp.weight
create_tensor: loading tensor blk.30.inp_gate.weight
create_tensor: loading tensor blk.30.proj.weight
create_tensor: loading tensor blk.30.post_norm.weight
create_tensor: loading tensor blk.31.attn_norm.weight
create_tensor: loading tensor blk.31.attn_q.weight
create_tensor: loading tensor blk.31.attn_k.weight
create_tensor: loading tensor blk.31.attn_v.weight
create_tensor: loading tensor blk.31.attn_output.weight
create_tensor: loading tensor blk.31.attn_q_norm.weight
create_tensor: loading tensor blk.31.attn_k_norm.weight
create_tensor: loading tensor blk.31.post_attention_norm.weight
create_tensor: loading tensor blk.31.layer_output_scale.weight
create_tensor: loading tensor blk.31.ffn_norm.weight
create_tensor: loading tensor blk.31.ffn_gate.weight
create_tensor: loading tensor blk.31.ffn_up.weight
create_tensor: loading tensor blk.31.ffn_down.weight
create_tensor: loading tensor blk.31.post_ffw_norm.weight
create_tensor: loading tensor blk.31.ffn_gate_inp.weight
create_tensor: loading tensor blk.31.inp_gate.weight
create_tensor: loading tensor blk.31.proj.weight
create_tensor: loading tensor blk.31.post_norm.weight
create_tensor: loading tensor blk.32.attn_norm.weight
create_tensor: loading tensor blk.32.attn_q.weight
create_tensor: loading tensor blk.32.attn_k.weight
create_tensor: loading tensor blk.32.attn_v.weight
create_tensor: loading tensor blk.32.attn_output.weight
create_tensor: loading tensor blk.32.attn_q_norm.weight
create_tensor: loading tensor blk.32.attn_k_norm.weight
create_tensor: loading tensor blk.32.post_attention_norm.weight
create_tensor: loading tensor blk.32.layer_output_scale.weight
create_tensor: loading tensor blk.32.ffn_norm.weight
create_tensor: loading tensor blk.32.ffn_gate.weight
create_tensor: loading tensor blk.32.ffn_up.weight
create_tensor: loading tensor blk.32.ffn_down.weight
create_tensor: loading tensor blk.32.post_ffw_norm.weight
create_tensor: loading tensor blk.32.ffn_gate_inp.weight
create_tensor: loading tensor blk.32.inp_gate.weight
create_tensor: loading tensor blk.32.proj.weight
create_tensor: loading tensor blk.32.post_norm.weight
create_tensor: loading tensor blk.33.attn_norm.weight
create_tensor: loading tensor blk.33.attn_q.weight
create_tensor: loading tensor blk.33.attn_k.weight
create_tensor: loading tensor blk.33.attn_v.weight
create_tensor: loading tensor blk.33.attn_output.weight
create_tensor: loading tensor blk.33.attn_q_norm.weight
create_tensor: loading tensor blk.33.attn_k_norm.weight
create_tensor: loading tensor blk.33.post_attention_norm.weight
create_tensor: loading tensor blk.33.layer_output_scale.weight
create_tensor: loading tensor blk.33.ffn_norm.weight
create_tensor: loading tensor blk.33.ffn_gate.weight
create_tensor: loading tensor blk.33.ffn_up.weight
create_tensor: loading tensor blk.33.ffn_down.weight
create_tensor: loading tensor blk.33.post_ffw_norm.weight
create_tensor: loading tensor blk.33.ffn_gate_inp.weight
create_tensor: loading tensor blk.33.inp_gate.weight
create_tensor: loading tensor blk.33.proj.weight
create_tensor: loading tensor blk.33.post_norm.weight
create_tensor: loading tensor blk.34.attn_norm.weight
create_tensor: loading tensor blk.34.attn_q.weight
create_tensor: loading tensor blk.34.attn_k.weight
create_tensor: loading tensor blk.34.attn_v.weight
create_tensor: loading tensor blk.34.attn_output.weight
create_tensor: loading tensor blk.34.attn_q_norm.weight
create_tensor: loading tensor blk.34.attn_k_norm.weight
create_tensor: loading tensor blk.34.post_attention_norm.weight
create_tensor: loading tensor blk.34.layer_output_scale.weight
create_tensor: loading tensor blk.34.ffn_norm.weight
create_tensor: loading tensor blk.34.ffn_gate.weight
create_tensor: loading tensor blk.34.ffn_up.weight
create_tensor: loading tensor blk.34.ffn_down.weight
create_tensor: loading tensor blk.34.post_ffw_norm.weight
create_tensor: loading tensor blk.34.ffn_gate_inp.weight
create_tensor: loading tensor blk.34.inp_gate.weight
create_tensor: loading tensor blk.34.proj.weight
create_tensor: loading tensor blk.34.post_norm.weight
create_tensor: loading tensor blk.35.attn_norm.weight
create_tensor: loading tensor blk.35.attn_q.weight
create_tensor: loading tensor blk.35.attn_k.weight
create_tensor: loading tensor blk.35.attn_v.weight
create_tensor: loading tensor blk.35.attn_output.weight
create_tensor: loading tensor blk.35.attn_q_norm.weight
create_tensor: loading tensor blk.35.attn_k_norm.weight
create_tensor: loading tensor blk.35.post_attention_norm.weight
create_tensor: loading tensor blk.35.layer_output_scale.weight
create_tensor: loading tensor rope_freqs.weight
create_tensor: loading tensor blk.35.ffn_norm.weight
create_tensor: loading tensor blk.35.ffn_gate.weight
create_tensor: loading tensor blk.35.ffn_up.weight
create_tensor: loading tensor blk.35.ffn_down.weight
create_tensor: loading tensor blk.35.post_ffw_norm.weight
create_tensor: loading tensor blk.35.ffn_gate_inp.weight
create_tensor: loading tensor blk.35.inp_gate.weight
create_tensor: loading tensor blk.35.proj.weight
create_tensor: loading tensor blk.35.post_norm.weight
create_tensor: loading tensor blk.36.attn_norm.weight
create_tensor: loading tensor blk.36.attn_q.weight
create_tensor: loading tensor blk.36.attn_k.weight
create_tensor: loading tensor blk.36.attn_v.weight
create_tensor: loading tensor blk.36.attn_output.weight
create_tensor: loading tensor blk.36.attn_q_norm.weight
create_tensor: loading tensor blk.36.attn_k_norm.weight
create_tensor: loading tensor blk.36.post_attention_norm.weight
create_tensor: loading tensor blk.36.layer_output_scale.weight
create_tensor: loading tensor blk.36.ffn_norm.weight
create_tensor: loading tensor blk.36.ffn_gate.weight
create_tensor: loading tensor blk.36.ffn_up.weight
create_tensor: loading tensor blk.36.ffn_down.weight
create_tensor: loading tensor blk.36.post_ffw_norm.weight
create_tensor: loading tensor blk.36.ffn_gate_inp.weight
create_tensor: loading tensor blk.36.inp_gate.weight
create_tensor: loading tensor blk.36.proj.weight
create_tensor: loading tensor blk.36.post_norm.weight
create_tensor: loading tensor blk.37.attn_norm.weight
create_tensor: loading tensor blk.37.attn_q.weight
create_tensor: loading tensor blk.37.attn_k.weight
create_tensor: loading tensor blk.37.attn_v.weight
create_tensor: loading tensor blk.37.attn_output.weight
create_tensor: loading tensor blk.37.attn_q_norm.weight
create_tensor: loading tensor blk.37.attn_k_norm.weight
create_tensor: loading tensor blk.37.post_attention_norm.weight
create_tensor: loading tensor blk.37.layer_output_scale.weight
create_tensor: loading tensor blk.37.ffn_norm.weight
create_tensor: loading tensor blk.37.ffn_gate.weight
create_tensor: loading tensor blk.37.ffn_up.weight
create_tensor: loading tensor blk.37.ffn_down.weight
create_tensor: loading tensor blk.37.post_ffw_norm.weight
create_tensor: loading tensor blk.37.ffn_gate_inp.weight
create_tensor: loading tensor blk.37.inp_gate.weight
create_tensor: loading tensor blk.37.proj.weight
create_tensor: loading tensor blk.37.post_norm.weight
create_tensor: loading tensor blk.38.attn_norm.weight
create_tensor: loading tensor blk.38.attn_q.weight
create_tensor: loading tensor blk.38.attn_k.weight
create_tensor: loading tensor blk.38.attn_v.weight
create_tensor: loading tensor blk.38.attn_output.weight
create_tensor: loading tensor blk.38.attn_q_norm.weight
create_tensor: loading tensor blk.38.attn_k_norm.weight
create_tensor: loading tensor blk.38.post_attention_norm.weight
create_tensor: loading tensor blk.38.layer_output_scale.weight
create_tensor: loading tensor blk.38.ffn_norm.weight
create_tensor: loading tensor blk.38.ffn_gate.weight
create_tensor: loading tensor blk.38.ffn_up.weight
create_tensor: loading tensor blk.38.ffn_down.weight
create_tensor: loading tensor blk.38.post_ffw_norm.weight
create_tensor: loading tensor blk.38.ffn_gate_inp.weight
create_tensor: loading tensor blk.38.inp_gate.weight
create_tensor: loading tensor blk.38.proj.weight
create_tensor: loading tensor blk.38.post_norm.weight
create_tensor: loading tensor blk.39.attn_norm.weight
create_tensor: loading tensor blk.39.attn_q.weight
create_tensor: loading tensor blk.39.attn_k.weight
create_tensor: loading tensor blk.39.attn_v.weight
create_tensor: loading tensor blk.39.attn_output.weight
create_tensor: loading tensor blk.39.attn_q_norm.weight
create_tensor: loading tensor blk.39.attn_k_norm.weight
create_tensor: loading tensor blk.39.post_attention_norm.weight
create_tensor: loading tensor blk.39.layer_output_scale.weight
create_tensor: loading tensor blk.39.ffn_norm.weight
create_tensor: loading tensor blk.39.ffn_gate.weight
create_tensor: loading tensor blk.39.ffn_up.weight
create_tensor: loading tensor blk.39.ffn_down.weight
create_tensor: loading tensor blk.39.post_ffw_norm.weight
create_tensor: loading tensor blk.39.ffn_gate_inp.weight
create_tensor: loading tensor blk.39.inp_gate.weight
create_tensor: loading tensor blk.39.proj.weight
create_tensor: loading tensor blk.39.post_norm.weight
create_tensor: loading tensor blk.40.attn_norm.weight
create_tensor: loading tensor blk.40.attn_q.weight
create_tensor: loading tensor blk.40.attn_k.weight
create_tensor: loading tensor blk.40.attn_v.weight
create_tensor: loading tensor blk.40.attn_output.weight
create_tensor: loading tensor blk.40.attn_q_norm.weight
create_tensor: loading tensor blk.40.attn_k_norm.weight
create_tensor: loading tensor blk.40.post_attention_norm.weight
create_tensor: loading tensor blk.40.layer_output_scale.weight
create_tensor: loading tensor blk.40.ffn_norm.weight
create_tensor: loading tensor blk.40.ffn_gate.weight
create_tensor: loading tensor blk.40.ffn_up.weight
create_tensor: loading tensor blk.40.ffn_down.weight
create_tensor: loading tensor blk.40.post_ffw_norm.weight
create_tensor: loading tensor blk.40.ffn_gate_inp.weight
create_tensor: loading tensor blk.40.inp_gate.weight
create_tensor: loading tensor blk.40.proj.weight
create_tensor: loading tensor blk.40.post_norm.weight
create_tensor: loading tensor blk.41.attn_norm.weight
create_tensor: loading tensor blk.41.attn_q.weight
create_tensor: loading tensor blk.41.attn_k.weight
create_tensor: loading tensor blk.41.attn_v.weight
create_tensor: loading tensor blk.41.attn_output.weight
create_tensor: loading tensor blk.41.attn_q_norm.weight
create_tensor: loading tensor blk.41.attn_k_norm.weight
create_tensor: loading tensor blk.41.post_attention_norm.weight
create_tensor: loading tensor blk.41.layer_output_scale.weight
create_tensor: loading tensor rope_freqs.weight
create_tensor: loading tensor blk.41.ffn_norm.weight
create_tensor: loading tensor blk.41.ffn_gate.weight
create_tensor: loading tensor blk.41.ffn_up.weight
create_tensor: loading tensor blk.41.ffn_down.weight
create_tensor: loading tensor blk.41.post_ffw_norm.weight
create_tensor: loading tensor blk.41.ffn_gate_inp.weight
create_tensor: loading tensor blk.41.inp_gate.weight
create_tensor: loading tensor blk.41.proj.weight
create_tensor: loading tensor blk.41.post_norm.weight
create_tensor: loading tensor blk.0.attn_q.scale
create_tensor: loading tensor blk.0.attn_k.scale
create_tensor: loading tensor blk.0.attn_v.scale
create_tensor: loading tensor blk.0.attn_output.scale
create_tensor: loading tensor blk.0.ffn_gate.scale
create_tensor: loading tensor blk.0.ffn_down.scale
create_tensor: loading tensor blk.0.ffn_up.scale
create_tensor: loading tensor blk.0.attn_q.input_scale
create_tensor: loading tensor blk.0.attn_k.input_scale
create_tensor: loading tensor blk.0.attn_v.input_scale
create_tensor: loading tensor blk.0.attn_output.input_scale
create_tensor: loading tensor blk.0.ffn_gate.input_scale
create_tensor: loading tensor blk.0.ffn_down.input_scale
create_tensor: loading tensor blk.0.ffn_up.input_scale
create_tensor: loading tensor blk.1.attn_q.scale
create_tensor: loading tensor blk.1.attn_k.scale
create_tensor: loading tensor blk.1.attn_v.scale
create_tensor: loading tensor blk.1.attn_output.scale
create_tensor: loading tensor blk.1.ffn_gate.scale
create_tensor: loading tensor blk.1.ffn_down.scale
create_tensor: loading tensor blk.1.ffn_up.scale
create_tensor: loading tensor blk.1.attn_q.input_scale
create_tensor: loading tensor blk.1.attn_k.input_scale
create_tensor: loading tensor blk.1.attn_v.input_scale
create_tensor: loading tensor blk.1.attn_output.input_scale
create_tensor: loading tensor blk.1.ffn_gate.input_scale
create_tensor: loading tensor blk.1.ffn_down.input_scale
create_tensor: loading tensor blk.1.ffn_up.input_scale
create_tensor: loading tensor blk.2.attn_q.scale
create_tensor: loading tensor blk.2.attn_k.scale
create_tensor: loading tensor blk.2.attn_v.scale
create_tensor: loading tensor blk.2.attn_output.scale
create_tensor: loading tensor blk.2.ffn_gate.scale
create_tensor: loading tensor blk.2.ffn_down.scale
create_tensor: loading tensor blk.2.ffn_up.scale
create_tensor: loading tensor blk.2.attn_q.input_scale
create_tensor: loading tensor blk.2.attn_k.input_scale
create_tensor: loading tensor blk.2.attn_v.input_scale
create_tensor: loading tensor blk.2.attn_output.input_scale
create_tensor: loading tensor blk.2.ffn_gate.input_scale
create_tensor: loading tensor blk.2.ffn_down.input_scale
create_tensor: loading tensor blk.2.ffn_up.input_scale
create_tensor: loading tensor blk.3.attn_q.scale
create_tensor: loading tensor blk.3.attn_k.scale
create_tensor: loading tensor blk.3.attn_v.scale
create_tensor: loading tensor blk.3.attn_output.scale
create_tensor: loading tensor blk.3.ffn_gate.scale
create_tensor: loading tensor blk.3.ffn_down.scale
create_tensor: loading tensor blk.3.ffn_up.scale
create_tensor: loading tensor blk.3.attn_q.input_scale
create_tensor: loading tensor blk.3.attn_k.input_scale
create_tensor: loading tensor blk.3.attn_v.input_scale
create_tensor: loading tensor blk.3.attn_output.input_scale
create_tensor: loading tensor blk.3.ffn_gate.input_scale
create_tensor: loading tensor blk.3.ffn_down.input_scale
create_tensor: loading tensor blk.3.ffn_up.input_scale
create_tensor: loading tensor blk.4.attn_q.scale
create_tensor: loading tensor blk.4.attn_k.scale
create_tensor: loading tensor blk.4.attn_v.scale
create_tensor: loading tensor blk.4.attn_output.scale
create_tensor: loading tensor blk.4.ffn_gate.scale
create_tensor: loading tensor blk.4.ffn_down.scale
create_tensor: loading tensor blk.4.ffn_up.scale
create_tensor: loading tensor blk.4.attn_q.input_scale
create_tensor: loading tensor blk.4.attn_k.input_scale
create_tensor: loading tensor blk.4.attn_v.input_scale
create_tensor: loading tensor blk.4.attn_output.input_scale
create_tensor: loading tensor blk.4.ffn_gate.input_scale
create_tensor: loading tensor blk.4.ffn_down.input_scale
create_tensor: loading tensor blk.4.ffn_up.input_scale
create_tensor: loading tensor blk.5.attn_q.scale
create_tensor: loading tensor blk.5.attn_k.scale
create_tensor: loading tensor blk.5.attn_v.scale
create_tensor: loading tensor blk.5.attn_output.scale
create_tensor: loading tensor blk.5.ffn_gate.scale
create_tensor: loading tensor blk.5.ffn_down.scale
create_tensor: loading tensor blk.5.ffn_up.scale
create_tensor: loading tensor blk.5.attn_q.input_scale
create_tensor: loading tensor blk.5.attn_k.input_scale
create_tensor: loading tensor blk.5.attn_v.input_scale
create_tensor: loading tensor blk.5.attn_output.input_scale
create_tensor: loading tensor blk.5.ffn_gate.input_scale
create_tensor: loading tensor blk.5.ffn_down.input_scale
create_tensor: loading tensor blk.5.ffn_up.input_scale
create_tensor: loading tensor blk.6.attn_q.scale
create_tensor: loading tensor blk.6.attn_k.scale
create_tensor: loading tensor blk.6.attn_v.scale
create_tensor: loading tensor blk.6.attn_output.scale
create_tensor: loading tensor blk.6.ffn_gate.scale
create_tensor: loading tensor blk.6.ffn_down.scale
create_tensor: loading tensor blk.6.ffn_up.scale
create_tensor: loading tensor blk.6.attn_q.input_scale
create_tensor: loading tensor blk.6.attn_k.input_scale
create_tensor: loading tensor blk.6.attn_v.input_scale
create_tensor: loading tensor blk.6.attn_output.input_scale
create_tensor: loading tensor blk.6.ffn_gate.input_scale
create_tensor: loading tensor blk.6.ffn_down.input_scale
create_tensor: loading tensor blk.6.ffn_up.input_scale
create_tensor: loading tensor blk.7.attn_q.scale
create_tensor: loading tensor blk.7.attn_k.scale
create_tensor: loading tensor blk.7.attn_v.scale
create_tensor: loading tensor blk.7.attn_output.scale
create_tensor: loading tensor blk.7.ffn_gate.scale
create_tensor: loading tensor blk.7.ffn_down.scale
create_tensor: loading tensor blk.7.ffn_up.scale
create_tensor: loading tensor blk.7.attn_q.input_scale
create_tensor: loading tensor blk.7.attn_k.input_scale
create_tensor: loading tensor blk.7.attn_v.input_scale
create_tensor: loading tensor blk.7.attn_output.input_scale
create_tensor: loading tensor blk.7.ffn_gate.input_scale
create_tensor: loading tensor blk.7.ffn_down.input_scale
create_tensor: loading tensor blk.7.ffn_up.input_scale
create_tensor: loading tensor blk.8.attn_q.scale
create_tensor: loading tensor blk.8.attn_k.scale
create_tensor: loading tensor blk.8.attn_v.scale
create_tensor: loading tensor blk.8.attn_output.scale
create_tensor: loading tensor blk.8.ffn_gate.scale
create_tensor: loading tensor blk.8.ffn_down.scale
create_tensor: loading tensor blk.8.ffn_up.scale
create_tensor: loading tensor blk.8.attn_q.input_scale
create_tensor: loading tensor blk.8.attn_k.input_scale
create_tensor: loading tensor blk.8.attn_v.input_scale
create_tensor: loading tensor blk.8.attn_output.input_scale
create_tensor: loading tensor blk.8.ffn_gate.input_scale
create_tensor: loading tensor blk.8.ffn_down.input_scale
create_tensor: loading tensor blk.8.ffn_up.input_scale
create_tensor: loading tensor blk.9.attn_q.scale
create_tensor: loading tensor blk.9.attn_k.scale
create_tensor: loading tensor blk.9.attn_v.scale
create_tensor: loading tensor blk.9.attn_output.scale
create_tensor: loading tensor blk.9.ffn_gate.scale
create_tensor: loading tensor blk.9.ffn_down.scale
create_tensor: loading tensor blk.9.ffn_up.scale
create_tensor: loading tensor blk.9.attn_q.input_scale
create_tensor: loading tensor blk.9.attn_k.input_scale
create_tensor: loading tensor blk.9.attn_v.input_scale
create_tensor: loading tensor blk.9.attn_output.input_scale
create_tensor: loading tensor blk.9.ffn_gate.input_scale
create_tensor: loading tensor blk.9.ffn_down.input_scale
create_tensor: loading tensor blk.9.ffn_up.input_scale
create_tensor: loading tensor blk.10.attn_q.scale
create_tensor: loading tensor blk.10.attn_k.scale
create_tensor: loading tensor blk.10.attn_v.scale
create_tensor: loading tensor blk.10.attn_output.scale
create_tensor: loading tensor blk.10.ffn_gate.scale
create_tensor: loading tensor blk.10.ffn_down.scale
create_tensor: loading tensor blk.10.ffn_up.scale
create_tensor: loading tensor blk.10.attn_q.input_scale
create_tensor: loading tensor blk.10.attn_k.input_scale
create_tensor: loading tensor blk.10.attn_v.input_scale
create_tensor: loading tensor blk.10.attn_output.input_scale
create_tensor: loading tensor blk.10.ffn_gate.input_scale
create_tensor: loading tensor blk.10.ffn_down.input_scale
create_tensor: loading tensor blk.10.ffn_up.input_scale
create_tensor: loading tensor blk.11.attn_q.scale
create_tensor: loading tensor blk.11.attn_k.scale
create_tensor: loading tensor blk.11.attn_v.scale
create_tensor: loading tensor blk.11.attn_output.scale
create_tensor: loading tensor blk.11.ffn_gate.scale
create_tensor: loading tensor blk.11.ffn_down.scale
create_tensor: loading tensor blk.11.ffn_up.scale
create_tensor: loading tensor blk.11.attn_q.input_scale
create_tensor: loading tensor blk.11.attn_k.input_scale
create_tensor: loading tensor blk.11.attn_v.input_scale
create_tensor: loading tensor blk.11.attn_output.input_scale
create_tensor: loading tensor blk.11.ffn_gate.input_scale
create_tensor: loading tensor blk.11.ffn_down.input_scale
create_tensor: loading tensor blk.11.ffn_up.input_scale
create_tensor: loading tensor blk.12.attn_q.scale
create_tensor: loading tensor blk.12.attn_k.scale
create_tensor: loading tensor blk.12.attn_v.scale
create_tensor: loading tensor blk.12.attn_output.scale
create_tensor: loading tensor blk.12.ffn_gate.scale
create_tensor: loading tensor blk.12.ffn_down.scale
create_tensor: loading tensor blk.12.ffn_up.scale
create_tensor: loading tensor blk.12.attn_q.input_scale
create_tensor: loading tensor blk.12.attn_k.input_scale
create_tensor: loading tensor blk.12.attn_v.input_scale
create_tensor: loading tensor blk.12.attn_output.input_scale
create_tensor: loading tensor blk.12.ffn_gate.input_scale
create_tensor: loading tensor blk.12.ffn_down.input_scale
create_tensor: loading tensor blk.12.ffn_up.input_scale
create_tensor: loading tensor blk.13.attn_q.scale
create_tensor: loading tensor blk.13.attn_k.scale
create_tensor: loading tensor blk.13.attn_v.scale
create_tensor: loading tensor blk.13.attn_output.scale
create_tensor: loading tensor blk.13.ffn_gate.scale
create_tensor: loading tensor blk.13.ffn_down.scale
create_tensor: loading tensor blk.13.ffn_up.scale
create_tensor: loading tensor blk.13.attn_q.input_scale
create_tensor: loading tensor blk.13.attn_k.input_scale
create_tensor: loading tensor blk.13.attn_v.input_scale
create_tensor: loading tensor blk.13.attn_output.input_scale
create_tensor: loading tensor blk.13.ffn_gate.input_scale
create_tensor: loading tensor blk.13.ffn_down.input_scale
create_tensor: loading tensor blk.13.ffn_up.input_scale
create_tensor: loading tensor blk.14.attn_q.scale
create_tensor: loading tensor blk.14.attn_k.scale
create_tensor: loading tensor blk.14.attn_v.scale
create_tensor: loading tensor blk.14.attn_output.scale
create_tensor: loading tensor blk.14.ffn_gate.scale
create_tensor: loading tensor blk.14.ffn_down.scale
create_tensor: loading tensor blk.14.ffn_up.scale
create_tensor: loading tensor blk.14.attn_q.input_scale
create_tensor: loading tensor blk.14.attn_k.input_scale
create_tensor: loading tensor blk.14.attn_v.input_scale
create_tensor: loading tensor blk.14.attn_output.input_scale
create_tensor: loading tensor blk.14.ffn_gate.input_scale
create_tensor: loading tensor blk.14.ffn_down.input_scale
create_tensor: loading tensor blk.14.ffn_up.input_scale
create_tensor: loading tensor blk.15.attn_q.scale
create_tensor: loading tensor blk.15.attn_k.scale
create_tensor: loading tensor blk.15.attn_v.scale
create_tensor: loading tensor blk.15.attn_output.scale
create_tensor: loading tensor blk.15.ffn_gate.scale
create_tensor: loading tensor blk.15.ffn_down.scale
create_tensor: loading tensor blk.15.ffn_up.scale
create_tensor: loading tensor blk.15.attn_q.input_scale
create_tensor: loading tensor blk.15.attn_k.input_scale
create_tensor: loading tensor blk.15.attn_v.input_scale
create_tensor: loading tensor blk.15.attn_output.input_scale
create_tensor: loading tensor blk.15.ffn_gate.input_scale
create_tensor: loading tensor blk.15.ffn_down.input_scale
create_tensor: loading tensor blk.15.ffn_up.input_scale
create_tensor: loading tensor blk.16.attn_q.scale
create_tensor: loading tensor blk.16.attn_k.scale
create_tensor: loading tensor blk.16.attn_v.scale
create_tensor: loading tensor blk.16.attn_output.scale
create_tensor: loading tensor blk.16.ffn_gate.scale
create_tensor: loading tensor blk.16.ffn_down.scale
create_tensor: loading tensor blk.16.ffn_up.scale
create_tensor: loading tensor blk.16.attn_q.input_scale
create_tensor: loading tensor blk.16.attn_k.input_scale
create_tensor: loading tensor blk.16.attn_v.input_scale
create_tensor: loading tensor blk.16.attn_output.input_scale
create_tensor: loading tensor blk.16.ffn_gate.input_scale
create_tensor: loading tensor blk.16.ffn_down.input_scale
create_tensor: loading tensor blk.16.ffn_up.input_scale
create_tensor: loading tensor blk.17.attn_q.scale
create_tensor: loading tensor blk.17.attn_k.scale
create_tensor: loading tensor blk.17.attn_v.scale
create_tensor: loading tensor blk.17.attn_output.scale
create_tensor: loading tensor blk.17.ffn_gate.scale
create_tensor: loading tensor blk.17.ffn_down.scale
create_tensor: loading tensor blk.17.ffn_up.scale
create_tensor: loading tensor blk.17.attn_q.input_scale
create_tensor: loading tensor blk.17.attn_k.input_scale
create_tensor: loading tensor blk.17.attn_v.input_scale
create_tensor: loading tensor blk.17.attn_output.input_scale
create_tensor: loading tensor blk.17.ffn_gate.input_scale
create_tensor: loading tensor blk.17.ffn_down.input_scale
create_tensor: loading tensor blk.17.ffn_up.input_scale
create_tensor: loading tensor blk.18.attn_q.scale
create_tensor: loading tensor blk.18.attn_k.scale
create_tensor: loading tensor blk.18.attn_v.scale
create_tensor: loading tensor blk.18.attn_output.scale
create_tensor: loading tensor blk.18.ffn_gate.scale
create_tensor: loading tensor blk.18.ffn_down.scale
create_tensor: loading tensor blk.18.ffn_up.scale
create_tensor: loading tensor blk.18.attn_q.input_scale
create_tensor: loading tensor blk.18.attn_k.input_scale
create_tensor: loading tensor blk.18.attn_v.input_scale
create_tensor: loading tensor blk.18.attn_output.input_scale
create_tensor: loading tensor blk.18.ffn_gate.input_scale
create_tensor: loading tensor blk.18.ffn_down.input_scale
create_tensor: loading tensor blk.18.ffn_up.input_scale
create_tensor: loading tensor blk.19.attn_q.scale
create_tensor: loading tensor blk.19.attn_k.scale
create_tensor: loading tensor blk.19.attn_v.scale
create_tensor: loading tensor blk.19.attn_output.scale
create_tensor: loading tensor blk.19.ffn_gate.scale
create_tensor: loading tensor blk.19.ffn_down.scale
create_tensor: loading tensor blk.19.ffn_up.scale
create_tensor: loading tensor blk.19.attn_q.input_scale
create_tensor: loading tensor blk.19.attn_k.input_scale
create_tensor: loading tensor blk.19.attn_v.input_scale
create_tensor: loading tensor blk.19.attn_output.input_scale
create_tensor: loading tensor blk.19.ffn_gate.input_scale
create_tensor: loading tensor blk.19.ffn_down.input_scale
create_tensor: loading tensor blk.19.ffn_up.input_scale
create_tensor: loading tensor blk.20.attn_q.scale
create_tensor: loading tensor blk.20.attn_k.scale
create_tensor: loading tensor blk.20.attn_v.scale
create_tensor: loading tensor blk.20.attn_output.scale
create_tensor: loading tensor blk.20.ffn_gate.scale
create_tensor: loading tensor blk.20.ffn_down.scale
create_tensor: loading tensor blk.20.ffn_up.scale
create_tensor: loading tensor blk.20.attn_q.input_scale
create_tensor: loading tensor blk.20.attn_k.input_scale
create_tensor: loading tensor blk.20.attn_v.input_scale
create_tensor: loading tensor blk.20.attn_output.input_scale
create_tensor: loading tensor blk.20.ffn_gate.input_scale
create_tensor: loading tensor blk.20.ffn_down.input_scale
create_tensor: loading tensor blk.20.ffn_up.input_scale
create_tensor: loading tensor blk.21.attn_q.scale
create_tensor: loading tensor blk.21.attn_k.scale
create_tensor: loading tensor blk.21.attn_v.scale
create_tensor: loading tensor blk.21.attn_output.scale
create_tensor: loading tensor blk.21.ffn_gate.scale
create_tensor: loading tensor blk.21.ffn_down.scale
create_tensor: loading tensor blk.21.ffn_up.scale
create_tensor: loading tensor blk.21.attn_q.input_scale
create_tensor: loading tensor blk.21.attn_k.input_scale
create_tensor: loading tensor blk.21.attn_v.input_scale
create_tensor: loading tensor blk.21.attn_output.input_scale
create_tensor: loading tensor blk.21.ffn_gate.input_scale
create_tensor: loading tensor blk.21.ffn_down.input_scale
create_tensor: loading tensor blk.21.ffn_up.input_scale
create_tensor: loading tensor blk.22.attn_q.scale
create_tensor: loading tensor blk.22.attn_k.scale
create_tensor: loading tensor blk.22.attn_v.scale
create_tensor: loading tensor blk.22.attn_output.scale
create_tensor: loading tensor blk.22.ffn_gate.scale
create_tensor: loading tensor blk.22.ffn_down.scale
create_tensor: loading tensor blk.22.ffn_up.scale
create_tensor: loading tensor blk.22.attn_q.input_scale
create_tensor: loading tensor blk.22.attn_k.input_scale
create_tensor: loading tensor blk.22.attn_v.input_scale
create_tensor: loading tensor blk.22.attn_output.input_scale
create_tensor: loading tensor blk.22.ffn_gate.input_scale
create_tensor: loading tensor blk.22.ffn_down.input_scale
create_tensor: loading tensor blk.22.ffn_up.input_scale
create_tensor: loading tensor blk.23.attn_q.scale
create_tensor: loading tensor blk.23.attn_k.scale
create_tensor: loading tensor blk.23.attn_v.scale
create_tensor: loading tensor blk.23.attn_output.scale
create_tensor: loading tensor blk.23.ffn_gate.scale
create_tensor: loading tensor blk.23.ffn_down.scale
create_tensor: loading tensor blk.23.ffn_up.scale
create_tensor: loading tensor blk.23.attn_q.input_scale
create_tensor: loading tensor blk.23.attn_k.input_scale
create_tensor: loading tensor blk.23.attn_v.input_scale
create_tensor: loading tensor blk.23.attn_output.input_scale
create_tensor: loading tensor blk.23.ffn_gate.input_scale
create_tensor: loading tensor blk.23.ffn_down.input_scale
create_tensor: loading tensor blk.23.ffn_up.input_scale
create_tensor: loading tensor blk.24.attn_q.scale
create_tensor: loading tensor blk.24.attn_k.scale
create_tensor: loading tensor blk.24.attn_v.scale
create_tensor: loading tensor blk.24.attn_output.scale
create_tensor: loading tensor blk.24.ffn_gate.scale
create_tensor: loading tensor blk.24.ffn_down.scale
create_tensor: loading tensor blk.24.ffn_up.scale
create_tensor: loading tensor blk.24.attn_q.input_scale
create_tensor: loading tensor blk.24.attn_k.input_scale
create_tensor: loading tensor blk.24.attn_v.input_scale
create_tensor: loading tensor blk.24.attn_output.input_scale
create_tensor: loading tensor blk.24.ffn_gate.input_scale
create_tensor: loading tensor blk.24.ffn_down.input_scale
create_tensor: loading tensor blk.24.ffn_up.input_scale
create_tensor: loading tensor blk.25.attn_q.scale
create_tensor: loading tensor blk.25.attn_k.scale
create_tensor: loading tensor blk.25.attn_v.scale
create_tensor: loading tensor blk.25.attn_output.scale
create_tensor: loading tensor blk.25.ffn_gate.scale
create_tensor: loading tensor blk.25.ffn_down.scale
create_tensor: loading tensor blk.25.ffn_up.scale
create_tensor: loading tensor blk.25.attn_q.input_scale
create_tensor: loading tensor blk.25.attn_k.input_scale
create_tensor: loading tensor blk.25.attn_v.input_scale
create_tensor: loading tensor blk.25.attn_output.input_scale
create_tensor: loading tensor blk.25.ffn_gate.input_scale
create_tensor: loading tensor blk.25.ffn_down.input_scale
create_tensor: loading tensor blk.25.ffn_up.input_scale
create_tensor: loading tensor blk.26.attn_q.scale
create_tensor: loading tensor blk.26.attn_k.scale
create_tensor: loading tensor blk.26.attn_v.scale
create_tensor: loading tensor blk.26.attn_output.scale
create_tensor: loading tensor blk.26.ffn_gate.scale
create_tensor: loading tensor blk.26.ffn_down.scale
create_tensor: loading tensor blk.26.ffn_up.scale
create_tensor: loading tensor blk.26.attn_q.input_scale
create_tensor: loading tensor blk.26.attn_k.input_scale
create_tensor: loading tensor blk.26.attn_v.input_scale
create_tensor: loading tensor blk.26.attn_output.input_scale
create_tensor: loading tensor blk.26.ffn_gate.input_scale
create_tensor: loading tensor blk.26.ffn_down.input_scale
create_tensor: loading tensor blk.26.ffn_up.input_scale
create_tensor: loading tensor blk.27.attn_q.scale
create_tensor: loading tensor blk.27.attn_k.scale
create_tensor: loading tensor blk.27.attn_v.scale
create_tensor: loading tensor blk.27.attn_output.scale
create_tensor: loading tensor blk.27.ffn_gate.scale
create_tensor: loading tensor blk.27.ffn_down.scale
create_tensor: loading tensor blk.27.ffn_up.scale
create_tensor: loading tensor blk.27.attn_q.input_scale
create_tensor: loading tensor blk.27.attn_k.input_scale
create_tensor: loading tensor blk.27.attn_v.input_scale
create_tensor: loading tensor blk.27.attn_output.input_scale
create_tensor: loading tensor blk.27.ffn_gate.input_scale
create_tensor: loading tensor blk.27.ffn_down.input_scale
create_tensor: loading tensor blk.27.ffn_up.input_scale
create_tensor: loading tensor blk.28.attn_q.scale
create_tensor: loading tensor blk.28.attn_k.scale
create_tensor: loading tensor blk.28.attn_v.scale
create_tensor: loading tensor blk.28.attn_output.scale
create_tensor: loading tensor blk.28.ffn_gate.scale
create_tensor: loading tensor blk.28.ffn_down.scale
create_tensor: loading tensor blk.28.ffn_up.scale
create_tensor: loading tensor blk.28.attn_q.input_scale
create_tensor: loading tensor blk.28.attn_k.input_scale
create_tensor: loading tensor blk.28.attn_v.input_scale
create_tensor: loading tensor blk.28.attn_output.input_scale
create_tensor: loading tensor blk.28.ffn_gate.input_scale
create_tensor: loading tensor blk.28.ffn_down.input_scale
create_tensor: loading tensor blk.28.ffn_up.input_scale
create_tensor: loading tensor blk.29.attn_q.scale
create_tensor: loading tensor blk.29.attn_k.scale
create_tensor: loading tensor blk.29.attn_v.scale
create_tensor: loading tensor blk.29.attn_output.scale
create_tensor: loading tensor blk.29.ffn_gate.scale
create_tensor: loading tensor blk.29.ffn_down.scale
create_tensor: loading tensor blk.29.ffn_up.scale
create_tensor: loading tensor blk.29.attn_q.input_scale
create_tensor: loading tensor blk.29.attn_k.input_scale
create_tensor: loading tensor blk.29.attn_v.input_scale
create_tensor: loading tensor blk.29.attn_output.input_scale
create_tensor: loading tensor blk.29.ffn_gate.input_scale
create_tensor: loading tensor blk.29.ffn_down.input_scale
create_tensor: loading tensor blk.29.ffn_up.input_scale
create_tensor: loading tensor blk.30.attn_q.scale
create_tensor: loading tensor blk.30.attn_k.scale
create_tensor: loading tensor blk.30.attn_v.scale
create_tensor: loading tensor blk.30.attn_output.scale
create_tensor: loading tensor blk.30.ffn_gate.scale
create_tensor: loading tensor blk.30.ffn_down.scale
create_tensor: loading tensor blk.30.ffn_up.scale
create_tensor: loading tensor blk.30.attn_q.input_scale
create_tensor: loading tensor blk.30.attn_k.input_scale
create_tensor: loading tensor blk.30.attn_v.input_scale
create_tensor: loading tensor blk.30.attn_output.input_scale
create_tensor: loading tensor blk.30.ffn_gate.input_scale
create_tensor: loading tensor blk.30.ffn_down.input_scale
create_tensor: loading tensor blk.30.ffn_up.input_scale
create_tensor: loading tensor blk.31.attn_q.scale
create_tensor: loading tensor blk.31.attn_k.scale
create_tensor: loading tensor blk.31.attn_v.scale
create_tensor: loading tensor blk.31.attn_output.scale
create_tensor: loading tensor blk.31.ffn_gate.scale
create_tensor: loading tensor blk.31.ffn_down.scale
create_tensor: loading tensor blk.31.ffn_up.scale
create_tensor: loading tensor blk.31.attn_q.input_scale
create_tensor: loading tensor blk.31.attn_k.input_scale
create_tensor: loading tensor blk.31.attn_v.input_scale
create_tensor: loading tensor blk.31.attn_output.input_scale
create_tensor: loading tensor blk.31.ffn_gate.input_scale
create_tensor: loading tensor blk.31.ffn_down.input_scale
create_tensor: loading tensor blk.31.ffn_up.input_scale
create_tensor: loading tensor blk.32.attn_q.scale
create_tensor: loading tensor blk.32.attn_k.scale
create_tensor: loading tensor blk.32.attn_v.scale
create_tensor: loading tensor blk.32.attn_output.scale
create_tensor: loading tensor blk.32.ffn_gate.scale
create_tensor: loading tensor blk.32.ffn_down.scale
create_tensor: loading tensor blk.32.ffn_up.scale
create_tensor: loading tensor blk.32.attn_q.input_scale
create_tensor: loading tensor blk.32.attn_k.input_scale
create_tensor: loading tensor blk.32.attn_v.input_scale
create_tensor: loading tensor blk.32.attn_output.input_scale
create_tensor: loading tensor blk.32.ffn_gate.input_scale
create_tensor: loading tensor blk.32.ffn_down.input_scale
create_tensor: loading tensor blk.32.ffn_up.input_scale
create_tensor: loading tensor blk.33.attn_q.scale
create_tensor: loading tensor blk.33.attn_k.scale
create_tensor: loading tensor blk.33.attn_v.scale
create_tensor: loading tensor blk.33.attn_output.scale
create_tensor: loading tensor blk.33.ffn_gate.scale
create_tensor: loading tensor blk.33.ffn_down.scale
create_tensor: loading tensor blk.33.ffn_up.scale
create_tensor: loading tensor blk.33.attn_q.input_scale
create_tensor: loading tensor blk.33.attn_k.input_scale
create_tensor: loading tensor blk.33.attn_v.input_scale
create_tensor: loading tensor blk.33.attn_output.input_scale
create_tensor: loading tensor blk.33.ffn_gate.input_scale
create_tensor: loading tensor blk.33.ffn_down.input_scale
create_tensor: loading tensor blk.33.ffn_up.input_scale
create_tensor: loading tensor blk.34.attn_q.scale
create_tensor: loading tensor blk.34.attn_k.scale
create_tensor: loading tensor blk.34.attn_v.scale
create_tensor: loading tensor blk.34.attn_output.scale
create_tensor: loading tensor blk.34.ffn_gate.scale
create_tensor: loading tensor blk.34.ffn_down.scale
create_tensor: loading tensor blk.34.ffn_up.scale
create_tensor: loading tensor blk.34.attn_q.input_scale
create_tensor: loading tensor blk.34.attn_k.input_scale
create_tensor: loading tensor blk.34.attn_v.input_scale
create_tensor: loading tensor blk.34.attn_output.input_scale
create_tensor: loading tensor blk.34.ffn_gate.input_scale
create_tensor: loading tensor blk.34.ffn_down.input_scale
create_tensor: loading tensor blk.34.ffn_up.input_scale
create_tensor: loading tensor blk.35.attn_q.scale
create_tensor: loading tensor blk.35.attn_k.scale
create_tensor: loading tensor blk.35.attn_v.scale
create_tensor: loading tensor blk.35.attn_output.scale
create_tensor: loading tensor blk.35.ffn_gate.scale
create_tensor: loading tensor blk.35.ffn_down.scale
create_tensor: loading tensor blk.35.ffn_up.scale
create_tensor: loading tensor blk.35.attn_q.input_scale
create_tensor: loading tensor blk.35.attn_k.input_scale
create_tensor: loading tensor blk.35.attn_v.input_scale
create_tensor: loading tensor blk.35.attn_output.input_scale
create_tensor: loading tensor blk.35.ffn_gate.input_scale
create_tensor: loading tensor blk.35.ffn_down.input_scale
create_tensor: loading tensor blk.35.ffn_up.input_scale
create_tensor: loading tensor blk.36.attn_q.scale
create_tensor: loading tensor blk.36.attn_k.scale
create_tensor: loading tensor blk.36.attn_v.scale
create_tensor: loading tensor blk.36.attn_output.scale
create_tensor: loading tensor blk.36.ffn_gate.scale
create_tensor: loading tensor blk.36.ffn_down.scale
create_tensor: loading tensor blk.36.ffn_up.scale
create_tensor: loading tensor blk.36.attn_q.input_scale
create_tensor: loading tensor blk.36.attn_k.input_scale
create_tensor: loading tensor blk.36.attn_v.input_scale
create_tensor: loading tensor blk.36.attn_output.input_scale
create_tensor: loading tensor blk.36.ffn_gate.input_scale
create_tensor: loading tensor blk.36.ffn_down.input_scale
create_tensor: loading tensor blk.36.ffn_up.input_scale
create_tensor: loading tensor blk.37.attn_q.scale
create_tensor: loading tensor blk.37.attn_k.scale
create_tensor: loading tensor blk.37.attn_v.scale
create_tensor: loading tensor blk.37.attn_output.scale
create_tensor: loading tensor blk.37.ffn_gate.scale
create_tensor: loading tensor blk.37.ffn_down.scale
create_tensor: loading tensor blk.37.ffn_up.scale
create_tensor: loading tensor blk.37.attn_q.input_scale
create_tensor: loading tensor blk.37.attn_k.input_scale
create_tensor: loading tensor blk.37.attn_v.input_scale
create_tensor: loading tensor blk.37.attn_output.input_scale
create_tensor: loading tensor blk.37.ffn_gate.input_scale
create_tensor: loading tensor blk.37.ffn_down.input_scale
create_tensor: loading tensor blk.37.ffn_up.input_scale
create_tensor: loading tensor blk.38.attn_q.scale
create_tensor: loading tensor blk.38.attn_k.scale
create_tensor: loading tensor blk.38.attn_v.scale
create_tensor: loading tensor blk.38.attn_output.scale
create_tensor: loading tensor blk.38.ffn_gate.scale
create_tensor: loading tensor blk.38.ffn_down.scale
create_tensor: loading tensor blk.38.ffn_up.scale
create_tensor: loading tensor blk.38.attn_q.input_scale
create_tensor: loading tensor blk.38.attn_k.input_scale
create_tensor: loading tensor blk.38.attn_v.input_scale
create_tensor: loading tensor blk.38.attn_output.input_scale
create_tensor: loading tensor blk.38.ffn_gate.input_scale
create_tensor: loading tensor blk.38.ffn_down.input_scale
create_tensor: loading tensor blk.38.ffn_up.input_scale
create_tensor: loading tensor blk.39.attn_q.scale
create_tensor: loading tensor blk.39.attn_k.scale
create_tensor: loading tensor blk.39.attn_v.scale
create_tensor: loading tensor blk.39.attn_output.scale
create_tensor: loading tensor blk.39.ffn_gate.scale
create_tensor: loading tensor blk.39.ffn_down.scale
create_tensor: loading tensor blk.39.ffn_up.scale
create_tensor: loading tensor blk.39.attn_q.input_scale
create_tensor: loading tensor blk.39.attn_k.input_scale
create_tensor: loading tensor blk.39.attn_v.input_scale
create_tensor: loading tensor blk.39.attn_output.input_scale
create_tensor: loading tensor blk.39.ffn_gate.input_scale
create_tensor: loading tensor blk.39.ffn_down.input_scale
create_tensor: loading tensor blk.39.ffn_up.input_scale
create_tensor: loading tensor blk.40.attn_q.scale
create_tensor: loading tensor blk.40.attn_k.scale
create_tensor: loading tensor blk.40.attn_v.scale
create_tensor: loading tensor blk.40.attn_output.scale
create_tensor: loading tensor blk.40.ffn_gate.scale
create_tensor: loading tensor blk.40.ffn_down.scale
create_tensor: loading tensor blk.40.ffn_up.scale
create_tensor: loading tensor blk.40.attn_q.input_scale
create_tensor: loading tensor blk.40.attn_k.input_scale
create_tensor: loading tensor blk.40.attn_v.input_scale
create_tensor: loading tensor blk.40.attn_output.input_scale
create_tensor: loading tensor blk.40.ffn_gate.input_scale
create_tensor: loading tensor blk.40.ffn_down.input_scale
create_tensor: loading tensor blk.40.ffn_up.input_scale
create_tensor: loading tensor blk.41.attn_q.scale
create_tensor: loading tensor blk.41.attn_k.scale
create_tensor: loading tensor blk.41.attn_v.scale
create_tensor: loading tensor blk.41.attn_output.scale
create_tensor: loading tensor blk.41.ffn_gate.scale
create_tensor: loading tensor blk.41.ffn_down.scale
create_tensor: loading tensor blk.41.ffn_up.scale
create_tensor: loading tensor blk.41.attn_q.input_scale
create_tensor: loading tensor blk.41.attn_k.input_scale
create_tensor: loading tensor blk.41.attn_v.input_scale
create_tensor: loading tensor blk.41.attn_output.input_scale
create_tensor: loading tensor blk.41.ffn_gate.input_scale
create_tensor: loading tensor blk.41.ffn_down.input_scale
create_tensor: loading tensor blk.41.ffn_up.input_scale
done_getting_tensors: tensor 'token_embd.weight' (q8_0) (and 726 others) cannot be used with preferred buffer type SYCL0, using SYCL_Host instead
load_tensors: [SYCL] Starting tensor inventory collection (ctx_map size: 1)
load_tensors: [SYCL] Collected 721 tensors, 8.28 GiB total
[SYCL-PLAN] inventory oneDNN scratchpad: 76.6 MB (onednn_reorder 50.0 MB + onednn_eligible 26.6 MB; global max 2856.0 MB)
[SYCL-PLAN] KV inputs: n_layer=42 n_embd_k_gqa=512 n_embd_v_gqa=512 n_ctx=512 (conservative) kv_per_layer=1.0 MB
[SYCL-BUDGET] budget_pct=100%, vram_budget=14618.7 MB (free=1627.3 MB), arena_zones=1280.0 MB, weight_budget=13338.7 MB, model_size=8478.3 MB, exceeds_budget=false
[SYCL-BUDGET] base_mem=16304.0 MB, already_allocated=14676.7 MB, headroom=0.0 MB
[SYCL-BUDGET] vram_budget_base=16304.0 MB, final_budget=14618.7 MB, model_size=8478.3 MB
[VRAM-BUDGET] Device 0: 16304.0 MB total, 14618.7 MB budget (100%)
[VRAM-BUDGET]   Weights (dense): 8478.3 MB  [priority 1]
[VRAM-BUDGET]   Headroom:        0.0 MB  (scratch + KV + runtime)
[VRAM-BUDGET]   Available:       6140.4 MB  (for KV [pri 0], scratch [pri 3], staging [pri 4])
[SYCL] Plan budget tied to arena: 14618.0 MB arena (shared zone 13338.0 MB after 1280.0 MB zones)
[PLACEMENT] envelope (from sycl-snapshot): n_ctx=0 n_ubatch=0 n_seq_max=1 flash_attn_type=AUTO
[PLACEMENT] Zone reservation: scratch=512.0 MB + oneDNN=256.0 MB + runtime=512.0 MB (arena=14618.0 MB, weight zone=13338.0 MB)
[SYCL-PLAN] inventory top-8 of 721 tensors (total 8478.3 MB): per_layer_token_embd.weight=2856.0MB(t8,10752x262144) token_embd.weight=680.0MB(t8,2560x262144) token_embd.weight=680.0MB(t8,2560x262144) per_layer_model_proj.weight=52.5MB(t30,2560x10752) blk.0.ffn_down.weight=26.6MB(t8,10240x2560) blk.1.ffn_gate.weight=26.6MB(t8,2560x10240) blk.0.ffn_up.weight=26.6MB(t8,2560x10240) blk.0.ffn_gate.weight=26.6MB(t8,2560x10240)
[SYCL-PLAN] inventory groups: 17 distinct (type,ne) groups over 721 tensors; cardinality histogram: 1x2 2x1 7x2 14x2 35x2 42x4 70x1 72x1 84x1 211x1; largest card>=4: blk.18.ffn_gate.weight 26.6MB (card=84); largest card<=2: per_layer_token_embd.weight 2856.0MB (card=1)
[SYCL-PLAN] CPU quant buffers: 79.7 MB (3 x cpu_quant_eligible 26.6 MB; global max 2856.0 MB)
[SYCL-PLAN] DMA staging pool: 53.1 MB (2 x dma_streamed 26.6 MB; global max 2856.0 MB)
[SYCL-PLAN] oneDNN scratchpad: 76.6 MB (onednn_reorder 50.0 MB + onednn_eligible 26.6 MB; global max 2856.0 MB)
[SYCL-PLAN] Host staging zone: s1_window=1 per_inflight=5714.0 MB total=5730.0 MB
[PLACEMENT] NORM/EMBED      device=216 (4270.6 MB)  host=  0 (0.0 MB)
[PLACEMENT] ATTENTION       device=252 (650.9 MB)  host=  0 (0.0 MB)
[PLACEMENT] FFN             device=253 (3556.9 MB)  host=  0 (0.0 MB)
[PLACEMENT] layer   0  weight=98.0 MB  kv=1.0 MB (swa)  total=99.0 MB  dense_target=device 0  kv_target=device 0
[PLACEMENT] layer   1  weight=98.0 MB  kv=1.0 MB (swa)  total=99.0 MB  dense_target=device 0  kv_target=device 0
[PLACEMENT] layer   2  weight=98.0 MB  kv=1.0 MB (swa)  total=99.0 MB  dense_target=device 0  kv_target=device 0
[PLACEMENT] layer   3  weight=98.0 MB  kv=1.0 MB (swa)  total=99.0 MB  dense_target=device 0  kv_target=device 0
[PLACEMENT] layer   4  weight=98.0 MB  kv=1.0 MB (swa)  total=99.0 MB  dense_target=device 0  kv_target=device 0
[PLACEMENT] layer   5  weight=111.3 MB  kv=1.0 MB (full)  total=112.3 MB  dense_target=device 0  kv_target=device 0
[PLACEMENT] layer   6  weight=98.0 MB  kv=1.0 MB (swa)  total=99.0 MB  dense_target=device 0  kv_target=device 0
[PLACEMENT] layer   7  weight=98.0 MB  kv=1.0 MB (swa)  total=99.0 MB  dense_target=device 0  kv_target=device 0
[PLACEMENT] layer   8  weight=98.0 MB  kv=1.0 MB (swa)  total=99.0 MB  dense_target=device 0  kv_target=device 0
[PLACEMENT] layer   9  weight=98.0 MB  kv=1.0 MB (swa)  total=99.0 MB  dense_target=device 0  kv_target=device 0
[PLACEMENT] layer  10  weight=98.0 MB  kv=1.0 MB (swa)  total=99.0 MB  dense_target=device 0  kv_target=device 0
[PLACEMENT] layer  11  weight=111.3 MB  kv=1.0 MB (full)  total=112.3 MB  dense_target=device 0  kv_target=device 0
[PLACEMENT] layer  12  weight=98.0 MB  kv=1.0 MB (swa)  total=99.0 MB  dense_target=device 0  kv_target=device 0
[PLACEMENT] layer  13  weight=98.0 MB  kv=1.0 MB (swa)  total=99.0 MB  dense_target=device 0  kv_target=device 0
[PLACEMENT] layer  14  weight=98.0 MB  kv=1.0 MB (swa)  total=99.0 MB  dense_target=device 0  kv_target=device 0
[PLACEMENT] layer  15  weight=98.0 MB  kv=1.0 MB (swa)  total=99.0 MB  dense_target=device 0  kv_target=device 0
[PLACEMENT] layer  16  weight=98.0 MB  kv=1.0 MB (swa)  total=99.0 MB  dense_target=device 0  kv_target=device 0
[PLACEMENT] layer  17  weight=111.3 MB  kv=1.0 MB (full)  total=112.3 MB  dense_target=device 0  kv_target=device 0
[PLACEMENT] layer  18  weight=98.0 MB  kv=1.0 MB (swa)  total=99.0 MB  dense_target=device 0  kv_target=device 0
[PLACEMENT] layer  19  weight=98.0 MB  kv=1.0 MB (swa)  total=99.0 MB  dense_target=device 0  kv_target=device 0
[PLACEMENT] layer  20  weight=98.0 MB  kv=1.0 MB (swa)  total=99.0 MB  dense_target=device 0  kv_target=device 0
[PLACEMENT] layer  21  weight=98.0 MB  kv=1.0 MB (swa)  total=99.0 MB  dense_target=device 0  kv_target=device 0
[PLACEMENT] layer  22  weight=98.0 MB  kv=1.0 MB (swa)  total=99.0 MB  dense_target=device 0  kv_target=device 0
[PLACEMENT] layer  23  weight=111.3 MB  kv=1.0 MB (full)  total=112.3 MB  dense_target=device 0  kv_target=device 0
[PLACEMENT] layer  24  weight=98.0 MB  kv=1.0 MB (swa)  total=99.0 MB  dense_target=device 0  kv_target=device 0
[PLACEMENT] layer  25  weight=98.0 MB  kv=1.0 MB (swa)  total=99.0 MB  dense_target=device 0  kv_target=device 0
[PLACEMENT] layer  26  weight=98.0 MB  kv=1.0 MB (swa)  total=99.0 MB  dense_target=device 0  kv_target=device 0
[PLACEMENT] layer  27  weight=98.0 MB  kv=1.0 MB (swa)  total=99.0 MB  dense_target=device 0  kv_target=device 0
[PLACEMENT] layer  28  weight=98.0 MB  kv=1.0 MB (swa)  total=99.0 MB  dense_target=device 0  kv_target=device 0
[PLACEMENT] layer  29  weight=111.3 MB  kv=1.0 MB (full)  total=112.3 MB  dense_target=device 0  kv_target=device 0
[PLACEMENT] layer  30  weight=98.0 MB  kv=1.0 MB (swa)  total=99.0 MB  dense_target=device 0  kv_target=device 0
[PLACEMENT] layer  31  weight=98.0 MB  kv=1.0 MB (swa)  total=99.0 MB  dense_target=device 0  kv_target=device 0
[PLACEMENT] layer  32  weight=98.0 MB  kv=1.0 MB (swa)  total=99.0 MB  dense_target=device 0  kv_target=device 0
[PLACEMENT] layer  33  weight=98.0 MB  kv=1.0 MB (swa)  total=99.0 MB  dense_target=device 0  kv_target=device 0
[PLACEMENT] layer  34  weight=98.0 MB  kv=1.0 MB (swa)  total=99.0 MB  dense_target=device 0  kv_target=device 0
[PLACEMENT] layer  35  weight=111.3 MB  kv=1.0 MB (full)  total=112.3 MB  dense_target=device 0  kv_target=device 0
[PLACEMENT] layer  36  weight=98.0 MB  kv=1.0 MB (swa)  total=99.0 MB  dense_target=device 0  kv_target=device 0
[PLACEMENT] layer  37  weight=98.0 MB  kv=1.0 MB (swa)  total=99.0 MB  dense_target=device 0  kv_target=device 0
[PLACEMENT] layer  38  weight=98.0 MB  kv=1.0 MB (swa)  total=99.0 MB  dense_target=device 0  kv_target=device 0
[PLACEMENT] layer  39  weight=98.0 MB  kv=1.0 MB (swa)  total=99.0 MB  dense_target=device 0  kv_target=device 0
[PLACEMENT] layer  40  weight=98.0 MB  kv=1.0 MB (swa)  total=99.0 MB  dense_target=device 0  kv_target=device 0
[PLACEMENT] layer  41  weight=111.3 MB  kv=1.0 MB (full)  total=112.3 MB  dense_target=device 0  kv_target=device 0
[PLACEMENT] KV breakdown: full_attn=7 layers at 1.0 MB/layer, swa=35 layers at 1.0 MB/layer (heterogeneous charging)
[PLACEMENT] KV sizing: n_layer=42 n_embd_k_gqa=512 n_embd_v_gqa=512 n_ctx=512 (conservative) kv_per_layer=1.0 MB
[PLACEMENT] Totals: weights=8478.3 MB device + 0.0 MB host, kv=42.0 MB device + 0.0 MB host
[PLACEMENT] Total: 8520.3 MB device + 0.0 MB host (budget=14618.0 MB)
[SYCL] Placement plan computed: 721 entries, 8520.3 MB device + 0.0 MB host
[PLACE-4] device weight zone: 8478.3 MB (721 tensors), host arena: 0.0 MB (0 tensors)
[MOE-MULTI-GPU] Planner kept all MoE handles on primary; secondary queues not activated
[SYCL] Tensor inventory set: 721 tensors, 8.28 GB total (VRAM: 1.59 GB free, planner host placement: no)
load_tensors: SYCL tensor inventory: 721 tensors, 8.28 GiB (enables unified placement before allocation)
[SYCL] Host buffer alloc request: 1360.0 MB (evictable=1, in_model_load=1)
[SYCL] Allocated pinned runtime chunk 1 (size=2048.0 MB, total=2.0 GB)
[SYCL] Host buffer alloc request: 2856.0 MB (evictable=1, in_model_load=1)
[SYCL] Allocated pinned runtime chunk 2 (size=2856.0 MB, total=4.8 GB)
[SYCL] Host buffer alloc request: 2047.7 MB (evictable=1, in_model_load=1)
[SYCL] Allocated pinned runtime chunk 3 (size=2048.0 MB, total=6.8 GB)
[SYCL] Host buffer alloc request: 2045.1 MB (evictable=1, in_model_load=1)
[SYCL] Allocated pinned runtime chunk 4 (size=2048.0 MB, total=8.8 GB)
[SYCL] Host buffer alloc request: 169.4 MB (evictable=1, in_model_load=1)
load_tensors: offloading output layer to GPU
load_tensors: offloading 41 repeating layers to GPU
load_tensors: offloaded 43/43 layers to GPU
load_tensors:    SYCL_Host model buffer size =  8478.32 MiB
load_all_data: buffer type SYCL_Host is not the default buffer type for device SYCL0 for async uploads
......................................................
[S1-PRELOAD] 720 host-registered weights found for preload
[SYCL] tensor usage UNKNOWN: name=rope_freqs.weight type=f32 ne=[256,1,1,1]
[S1-PRELOAD] Resetting weight materialization before applying latest plan
[S1-PRELOAD] Using unified-cache BCS queue for preload copies
[SYCL] Allocated pinned base chunk 1 (size=2048.0 MB, total=10.8 GB)
[SYCL] Allocated pinned base chunk 2 (size=2048.0 MB, total=12.8 GB)
[SYCL] Allocated pinned base chunk 3 (size=2048.0 MB, total=14.8 GB)
[SYCL] Allocated pinned base chunk 4 (size=2048.0 MB, total=16.8 GB)
[SYCL] Allocated pinned base chunk 5 (size=2048.0 MB, total=18.8 GB)
[SYCL] Pinned pool pre_allocate: grew 5 chunks for 8785.1 MB working set (total=18.8 GB)
[HOST-ARENA] configured zones: WEIGHT=0.0 MB  KV=64.0 MB  STAGING=5730.0 MB  SCRATCH=2991.1 MB  (total-cap=10240.0 MB)
[SYCL] Pinned pool pre_allocate_runtime: already have 521.7 MB free (need 129.7 MB)
[HOST-ARENA] Zones configured: WEIGHT=0.0 MB KV=64.0 MB STAGING=5730.0 MB SCRATCH=2991.1 MB
[HOST-ARENA] Committed 19240.0 MB in 9 chunk(s) after plan pre-size (budget=210850.0 MB)
[SYCL] Watchdog started (GGML_SYCL_OP_TIMEOUT_MS=30000, poll=500 ms)
[S1-PRELOAD] Pinned 720 dense weights in VRAM (7798.3 MB)
[UNIFIED-CACHE] Layout pool sealed on device 0
[S1-PRELOAD] async bulk: dense cached=720 failed=0 host_placed=0, moe cached=0 failed=0, 7798.3 MB in 2106 ms (3.6 GB/s)
llama_context: constructing llama_context
llama_context: n_seq_max             = 1
llama_context: n_ctx                 = 8192
llama_context: n_ctx_seq             = 8192
llama_context: n_batch               = 2048
llama_context: n_ubatch              = 512
llama_context: causal_attn           = 1
llama_context: flash_attn            = enabled
llama_context: kv_unified            = false
llama_context: freq_base             = 1000000.0
llama_context: freq_scale            = 1
llama_context: n_rs_seq              = 0
llama_context: n_outputs_max         = 2048
llama_context: n_outputs_max_per_seq = 1
llama_context: n_ctx_seq (8192) < n_ctx_train (131072) -- the full capacity of the model will not be utilized
[SYCL-PLAN] Runtime context update: n_ctx=8192 n_ubatch=512 n_seq_max=1 kv_per_layer=16.0 MB kv_per_swa_layer=2.0 MB
set_abort_callback: call
[SYCL] Host buffer alloc request: 1.0 MB (evictable=1, in_model_load=0)
[SYCL] Allocated pinned base chunk 6 (size=2048.0 MB, total=20.8 GB)
[SYCL] Pinned pool grow_zone: zone 0 grown by 2048.0 MB (1 new chunks, zone now 2048.0 MB)
llama_context:  SYCL_Host  output buffer size =     1.00 MiB
llama_kv_cache_iswa: creating non-SWA KV cache, size = 8192 cells
llama_kv_cache: layer   0: filtered
llama_kv_cache: layer   1: filtered
llama_kv_cache: layer   2: filtered
llama_kv_cache: layer   3: filtered
llama_kv_cache: layer   4: filtered
llama_kv_cache: layer   5: dev = SYCL0
llama_kv_cache: layer   6: filtered
llama_kv_cache: layer   7: filtered
llama_kv_cache: layer   8: filtered
llama_kv_cache: layer   9: filtered
llama_kv_cache: layer  10: filtered
llama_kv_cache: layer  11: dev = SYCL0
llama_kv_cache: layer  12: filtered
llama_kv_cache: layer  13: filtered
llama_kv_cache: layer  14: filtered
llama_kv_cache: layer  15: filtered
llama_kv_cache: layer  16: filtered
llama_kv_cache: layer  17: dev = SYCL0
llama_kv_cache: layer  18: filtered
llama_kv_cache: layer  19: filtered
llama_kv_cache: layer  20: filtered
llama_kv_cache: layer  21: filtered
llama_kv_cache: layer  22: filtered
llama_kv_cache: layer  23: dev = SYCL0
llama_kv_cache: layer  24: does not have KV cache
llama_kv_cache: layer  25: does not have KV cache
llama_kv_cache: layer  26: does not have KV cache
llama_kv_cache: layer  27: does not have KV cache
llama_kv_cache: layer  28: does not have KV cache
llama_kv_cache: layer  29: does not have KV cache
llama_kv_cache: layer  30: does not have KV cache
llama_kv_cache: layer  31: does not have KV cache
llama_kv_cache: layer  32: does not have KV cache
llama_kv_cache: layer  33: does not have KV cache
llama_kv_cache: layer  34: does not have KV cache
llama_kv_cache: layer  35: does not have KV cache
llama_kv_cache: layer  36: does not have KV cache
llama_kv_cache: layer  37: does not have KV cache
llama_kv_cache: layer  38: does not have KV cache
llama_kv_cache: layer  39: does not have KV cache
llama_kv_cache: layer  40: does not have KV cache
llama_kv_cache: layer  41: does not have KV cache
llama_kv_cache: reusing layers:
llama_kv_cache: - layer   0: no reuse
llama_kv_cache: - layer   1: no reuse
llama_kv_cache: - layer   2: no reuse
llama_kv_cache: - layer   3: no reuse
llama_kv_cache: - layer   4: no reuse
llama_kv_cache: - layer   5: no reuse
llama_kv_cache: - layer   6: no reuse
llama_kv_cache: - layer   7: no reuse
llama_kv_cache: - layer   8: no reuse
llama_kv_cache: - layer   9: no reuse
llama_kv_cache: - layer  10: no reuse
llama_kv_cache: - layer  11: no reuse
llama_kv_cache: - layer  12: no reuse
llama_kv_cache: - layer  13: no reuse
llama_kv_cache: - layer  14: no reuse
llama_kv_cache: - layer  15: no reuse
llama_kv_cache: - layer  16: no reuse
llama_kv_cache: - layer  17: no reuse
llama_kv_cache: - layer  18: no reuse
llama_kv_cache: - layer  19: no reuse
llama_kv_cache: - layer  20: no reuse
llama_kv_cache: - layer  21: no reuse
llama_kv_cache: - layer  22: no reuse
llama_kv_cache: - layer  23: no reuse
llama_kv_cache: - layer  24: filtered
llama_kv_cache: - layer  25: filtered
llama_kv_cache: - layer  26: filtered
llama_kv_cache: - layer  27: filtered
llama_kv_cache: - layer  28: filtered
llama_kv_cache: - layer  29: reuse layer 23, is_swa = 0
llama_kv_cache: - layer  30: filtered
llama_kv_cache: - layer  31: filtered
llama_kv_cache: - layer  32: filtered
llama_kv_cache: - layer  33: filtered
llama_kv_cache: - layer  34: filtered
llama_kv_cache: - layer  35: reuse layer 23, is_swa = 0
llama_kv_cache: - layer  36: filtered
llama_kv_cache: - layer  37: filtered
llama_kv_cache: - layer  38: filtered
llama_kv_cache: - layer  39: filtered
llama_kv_cache: - layer  40: filtered
llama_kv_cache: - layer  41: reuse layer 23, is_swa = 0
[KV-ALLOC] tiered_kv_buft_alloc_buffer: size=128.0 MB, n_layers=42
[KV-ALLOC] kv_per_layer=32.0 MB (full=16.0 MB, swa=2.0 MB), n_kv_layers=4/42
[KV-TIER] Plan-driven: 42/42 layers on device (planner_n_ctx=8192, kv_layers=4, kv_per_layer=33554432, 294.0 MB device, 0.0 MB host)
[LOAD-SUMMARY] Device 0: weights=actual 7798.3 MB device / 0.0 MB host (720 device / 0 host, 7798.3 MB total), kv=planned 128.0 MB device / 0.0 MB host (4 device layers / 0 host layers, 128.0 MB total), oneDNN scratch=arena-lazy (weights=0.0 MB, activations=0.0 MB)
[KV-TIER] Device 0: using plan-driven KV placement (42 layers, no secondary kv budget)
[KV-TIER] layer 5 planned_device=0 materialized=device ptr=0xffffe3910f653200 size=33554432
[KV-TIER] layer 11 planned_device=0 materialized=device ptr=0xffffe39111653200 size=33554432
[KV-TIER] layer 17 planned_device=0 materialized=device ptr=0xffffe39113653200 size=33554432
[KV-TIER] layer 23 planned_device=0 materialized=device ptr=0xffffe39115653200 size=33554432
[KV-TIER] All 4 KV-buffer layers match placement plan
[KV-TIER] alloc_base=0x7e52e3bff080 size=134217728 (range 0x7e52e3bff080-0x7e52ebbff080)
[KV-TIER] layer_allocs[0]: ptr=(nil) size=0 on_device=0 zone_managed=0
[KV-TIER] layer_allocs[1]: ptr=(nil) size=0 on_device=0 zone_managed=0
[KV-TIER] layer_allocs[2]: ptr=(nil) size=0 on_device=0 zone_managed=0
[KV-TIER] layer_allocs[3]: ptr=(nil) size=0 on_device=0 zone_managed=0
[KV-TIER] Device 0: all 4 KV-buffer layers on device (128.0 MB, per-layer alloc, arena KV zone)
[LOAD-SUMMARY] Device 0: weights=actual 7798.3 MB device / 0.0 MB host (720 device / 0 host, 7798.3 MB total), kv=actual 128.0 MB device / 0.0 MB host (4 device layers / 0 host layers, 128.0 MB total), oneDNN scratch=arena-lazy (weights=0.0 MB, activations=0.0 MB)
llama_kv_cache: SYCL_KV_Tiered KV buffer size =   128.00 MiB
[KV-TIER] Device 0: cleared 4 KV layers through per-layer owners
llama_kv_cache: size =  128.00 MiB (  8192 cells,   4 layers,  1/1 seqs), K (f16):   64.00 MiB, V (f16):   64.00 MiB
llama_kv_cache: attn_rot_k = 0, n_embd_head_k_all = 512
llama_kv_cache: attn_rot_v = 0, n_embd_head_k_all = 512
llama_kv_cache_iswa: creating     SWA KV cache, size = 1024 cells
llama_kv_cache: layer   0: dev = SYCL0
llama_kv_cache: layer   1: dev = SYCL0
llama_kv_cache: layer   2: dev = SYCL0
llama_kv_cache: layer   3: dev = SYCL0
llama_kv_cache: layer   4: dev = SYCL0
llama_kv_cache: layer   5: filtered
llama_kv_cache: layer   6: dev = SYCL0
llama_kv_cache: layer   7: dev = SYCL0
llama_kv_cache: layer   8: dev = SYCL0
llama_kv_cache: layer   9: dev = SYCL0
llama_kv_cache: layer  10: dev = SYCL0
llama_kv_cache: layer  11: filtered
llama_kv_cache: layer  12: dev = SYCL0
llama_kv_cache: layer  13: dev = SYCL0
llama_kv_cache: layer  14: dev = SYCL0
llama_kv_cache: layer  15: dev = SYCL0
llama_kv_cache: layer  16: dev = SYCL0
llama_kv_cache: layer  17: filtered
llama_kv_cache: layer  18: dev = SYCL0
llama_kv_cache: layer  19: dev = SYCL0
llama_kv_cache: layer  20: dev = SYCL0
llama_kv_cache: layer  21: dev = SYCL0
llama_kv_cache: layer  22: dev = SYCL0
llama_kv_cache: layer  23: filtered
llama_kv_cache: layer  24: does not have KV cache
llama_kv_cache: layer  25: does not have KV cache
llama_kv_cache: layer  26: does not have KV cache
llama_kv_cache: layer  27: does not have KV cache
llama_kv_cache: layer  28: does not have KV cache
llama_kv_cache: layer  29: does not have KV cache
llama_kv_cache: layer  30: does not have KV cache
llama_kv_cache: layer  31: does not have KV cache
llama_kv_cache: layer  32: does not have KV cache
llama_kv_cache: layer  33: does not have KV cache
llama_kv_cache: layer  34: does not have KV cache
llama_kv_cache: layer  35: does not have KV cache
llama_kv_cache: layer  36: does not have KV cache
llama_kv_cache: layer  37: does not have KV cache
llama_kv_cache: layer  38: does not have KV cache
llama_kv_cache: layer  39: does not have KV cache
llama_kv_cache: layer  40: does not have KV cache
llama_kv_cache: layer  41: does not have KV cache
llama_kv_cache: reusing layers:
llama_kv_cache: - layer   0: no reuse
llama_kv_cache: - layer   1: no reuse
llama_kv_cache: - layer   2: no reuse
llama_kv_cache: - layer   3: no reuse
llama_kv_cache: - layer   4: no reuse
llama_kv_cache: - layer   5: no reuse
llama_kv_cache: - layer   6: no reuse
llama_kv_cache: - layer   7: no reuse
llama_kv_cache: - layer   8: no reuse
llama_kv_cache: - layer   9: no reuse
llama_kv_cache: - layer  10: no reuse
llama_kv_cache: - layer  11: no reuse
llama_kv_cache: - layer  12: no reuse
llama_kv_cache: - layer  13: no reuse
llama_kv_cache: - layer  14: no reuse
llama_kv_cache: - layer  15: no reuse
llama_kv_cache: - layer  16: no reuse
llama_kv_cache: - layer  17: no reuse
llama_kv_cache: - layer  18: no reuse
llama_kv_cache: - layer  19: no reuse
llama_kv_cache: - layer  20: no reuse
llama_kv_cache: - layer  21: no reuse
llama_kv_cache: - layer  22: no reuse
llama_kv_cache: - layer  23: no reuse
llama_kv_cache: - layer  24: reuse layer 22, is_swa = 1
llama_kv_cache: - layer  25: reuse layer 22, is_swa = 1
llama_kv_cache: - layer  26: reuse layer 22, is_swa = 1
llama_kv_cache: - layer  27: reuse layer 22, is_swa = 1
llama_kv_cache: - layer  28: reuse layer 22, is_swa = 1
llama_kv_cache: - layer  29: filtered
llama_kv_cache: - layer  30: reuse layer 22, is_swa = 1
llama_kv_cache: - layer  31: reuse layer 22, is_swa = 1
llama_kv_cache: - layer  32: reuse layer 22, is_swa = 1
llama_kv_cache: - layer  33: reuse layer 22, is_swa = 1
llama_kv_cache: - layer  34: reuse layer 22, is_swa = 1
llama_kv_cache: - layer  35: filtered
llama_kv_cache: - layer  36: reuse layer 22, is_swa = 1
llama_kv_cache: - layer  37: reuse layer 22, is_swa = 1
llama_kv_cache: - layer  38: reuse layer 22, is_swa = 1
llama_kv_cache: - layer  39: reuse layer 22, is_swa = 1
llama_kv_cache: - layer  40: reuse layer 22, is_swa = 1
llama_kv_cache: - layer  41: filtered
[KV-ALLOC] tiered_kv_buft_alloc_buffer: size=40.0 MB, n_layers=42
[KV-ALLOC] kv_per_layer=2.0 MB (full=16.0 MB, swa=2.0 MB), n_kv_layers=20/42
[KV-TIER] Plan-driven: 42/42 layers on device (planner_n_ctx=8192, kv_layers=20, kv_per_layer=2097152, 84.0 MB device, 0.0 MB host)
[LOAD-SUMMARY] Device 0: weights=actual 7798.3 MB device / 0.0 MB host (720 device / 0 host, 7798.3 MB total), kv=planned 40.0 MB device / 0.0 MB host (20 device layers / 0 host layers, 40.0 MB total), oneDNN scratch=arena-lazy (weights=0.0 MB, activations=0.0 MB)
[KV-TIER] Device 0: using plan-driven KV placement (42 layers, no secondary kv budget)
[KV-TIER] layer 0 planned_device=0 materialized=device ptr=0xffffe39117653200 size=2097152
[KV-TIER] layer 1 planned_device=0 materialized=device ptr=0xffffe39117853200 size=2097152
[KV-TIER] layer 2 planned_device=0 materialized=device ptr=0xffffe39117a53200 size=2097152
[KV-TIER] layer 3 planned_device=0 materialized=device ptr=0xffffe39117c53200 size=2097152
[KV-TIER] layer 4 planned_device=0 materialized=device ptr=0xffffe39117e53200 size=2097152
[KV-TIER] layer 6 planned_device=0 materialized=device ptr=0xffffe39118053200 size=2097152
[KV-TIER] layer 7 planned_device=0 materialized=device ptr=0xffffe39118253200 size=2097152
[KV-TIER] layer 8 planned_device=0 materialized=device ptr=0xffffe39118453200 size=2097152
[KV-TIER] layer 9 planned_device=0 materialized=device ptr=0xffffe39118653200 size=2097152
[KV-TIER] layer 10 planned_device=0 materialized=device ptr=0xffffe39118853200 size=2097152
[KV-TIER] layer 12 planned_device=0 materialized=device ptr=0xffffe39118a53200 size=2097152
[KV-TIER] layer 13 planned_device=0 materialized=device ptr=0xffffe39118c53200 size=2097152
[KV-TIER] layer 14 planned_device=0 materialized=device ptr=0xffffe39118e53200 size=2097152
[KV-TIER] layer 15 planned_device=0 materialized=device ptr=0xffffe39119053200 size=2097152
[KV-TIER] layer 16 planned_device=0 materialized=device ptr=0xffffe39119253200 size=2097152
[KV-TIER] layer 18 planned_device=0 materialized=device ptr=0xffffe39119453200 size=2097152
[KV-TIER] layer 19 planned_device=0 materialized=device ptr=0xffffe39119653200 size=2097152
[KV-TIER] layer 20 planned_device=0 materialized=device ptr=0xffffe39119853200 size=2097152
[KV-TIER] layer 21 planned_device=0 materialized=device ptr=0xffffe39119a53200 size=2097152
[KV-TIER] layer 22 planned_device=0 materialized=device ptr=0xffffe39119c53200 size=2097152
[KV-TIER] All 20 KV-buffer layers match placement plan
[KV-TIER] alloc_base=0x7e52e13fe080 size=41943040 (range 0x7e52e13fe080-0x7e52e3bfe080)
[KV-TIER] layer_allocs[0]: ptr=0xffffe39117653200 size=2097152 on_device=1 zone_managed=1
[KV-TIER] layer_allocs[1]: ptr=0xffffe39117853200 size=2097152 on_device=1 zone_managed=1
[KV-TIER] layer_allocs[2]: ptr=0xffffe39117a53200 size=2097152 on_device=1 zone_managed=1
[KV-TIER] layer_allocs[3]: ptr=0xffffe39117c53200 size=2097152 on_device=1 zone_managed=1
[KV-TIER] Device 0: all 20 KV-buffer layers on device (40.0 MB, per-layer alloc, arena KV zone)
[LOAD-SUMMARY] Device 0: weights=actual 7798.3 MB device / 0.0 MB host (720 device / 0 host, 7798.3 MB total), kv=actual 40.0 MB device / 0.0 MB host (20 device layers / 0 host layers, 40.0 MB total), oneDNN scratch=arena-lazy (weights=0.0 MB, activations=0.0 MB)
[KV-REMAP] cache_k_l0: layer=0 alloc_base=0x7e52e13fe080 old_data=0x7e52e13fe080 abs_off=0 layer_base=0 off_in_layer=0 la.ptr=0xffffe39117653200 la.size=2097152 -> data=0xffffe39117653200 (DEVICE)
[KV-REMAP] cache_v_l0: layer=0 alloc_base=0x7e52e13fe080 old_data=0x7e52e14fe080 abs_off=1048576 layer_base=0 off_in_layer=1048576 la.ptr=0xffffe39117653200 la.size=2097152 -> data=0xffffe39117753200 (DEVICE)
[KV-REMAP] cache_k_l1: layer=1 alloc_base=0x7e52e13fe080 old_data=0x7e52e15fe080 abs_off=2097152 layer_base=2097152 off_in_layer=0 la.ptr=0xffffe39117853200 la.size=2097152 -> data=0xffffe39117853200 (DEVICE)
[KV-REMAP] cache_v_l1: layer=1 alloc_base=0x7e52e13fe080 old_data=0x7e52e16fe080 abs_off=3145728 layer_base=2097152 off_in_layer=1048576 la.ptr=0xffffe39117853200 la.size=2097152 -> data=0xffffe39117953200 (DEVICE)
[KV-REMAP] cache_k_l2: layer=2 alloc_base=0x7e52e13fe080 old_data=0x7e52e17fe080 abs_off=4194304 layer_base=4194304 off_in_layer=0 la.ptr=0xffffe39117a53200 la.size=2097152 -> data=0xffffe39117a53200 (DEVICE)
[KV-REMAP] cache_v_l2: layer=2 alloc_base=0x7e52e13fe080 old_data=0x7e52e18fe080 abs_off=5242880 layer_base=4194304 off_in_layer=1048576 la.ptr=0xffffe39117a53200 la.size=2097152 -> data=0xffffe39117b53200 (DEVICE)
[KV-REMAP] cache_k_l3: layer=3 alloc_base=0x7e52e13fe080 old_data=0x7e52e19fe080 abs_off=6291456 layer_base=6291456 off_in_layer=0 la.ptr=0xffffe39117c53200 la.size=2097152 -> data=0xffffe39117c53200 (DEVICE)
[KV-REMAP] cache_v_l3: layer=3 alloc_base=0x7e52e13fe080 old_data=0x7e52e1afe080 abs_off=7340032 layer_base=6291456 off_in_layer=1048576 la.ptr=0xffffe39117c53200 la.size=2097152 -> data=0xffffe39117d53200 (DEVICE)
llama_kv_cache: SYCL_KV_Tiered KV buffer size =    40.00 MiB
[KV-TIER] Device 0: cleared 20 KV layers through per-layer owners
llama_kv_cache: size =   40.00 MiB (  1024 cells,  20 layers,  1/1 seqs), K (f16):   20.00 MiB, V (f16):   20.00 MiB
llama_kv_cache: attn_rot_k = 0, n_embd_head_k_all = 256
llama_kv_cache: attn_rot_v = 0, n_embd_head_k_all = 256
llama_context: enumerating backends
llama_context: backend_ptrs.size() = 2
sched_reserve: reserving ...
sched_reserve: max_nodes = 5768
sched_reserve: reserving full memory module
sched_reserve: worst-case: n_tokens = 512, n_seqs = 1, n_outputs = 1
resolve_fused_ops: resolving fused Gated Delta Net support:
graph_reserve: reserving a graph for ubatch with n_tokens =    1, n_seqs =  1, n_outputs =    1
resolve_fused_ops: fused Gated Delta Net (autoregressive) enabled
graph_reserve: reserving a graph for ubatch with n_tokens =   16, n_seqs =  1, n_outputs =   16
resolve_fused_ops: fused Gated Delta Net (chunked) enabled
resolve_fused_ops: resolving fused Lightning Indexer support:
graph_reserve: reserving a graph for ubatch with n_tokens =    1, n_seqs =  1, n_outputs =    1
resolve_fused_ops: Lightning Indexer enabled
resolve_fused_ops: resolving fused DeepSeek V4 HC support:
graph_reserve: reserving a graph for ubatch with n_tokens =    1, n_seqs =  1, n_outputs =    1
resolve_fused_ops: fused DeepSeek V4 HC pre enabled
graph_reserve: reserving a graph for ubatch with n_tokens =    1, n_seqs =  1, n_outputs =    1
resolve_fused_ops: fused DeepSeek V4 HC comb enabled
graph_reserve: reserving a graph for ubatch with n_tokens =    1, n_seqs =  1, n_outputs =    1
resolve_fused_ops: fused DeepSeek V4 HC post enabled
graph_reserve: reserving a graph for ubatch with n_tokens =  512, n_seqs =  1, n_outputs =  512
[SYCL] buffer-scoped provenance: minted first buffer owner id=0x8000000000000fe4 slot=4294967294
[SYCL] buffer-scoped provenance: minted first buffer owner id=0x8000000000000fe4 slot=4294967294
[SYCL] Host buffer alloc request: 14.0 MB (evictable=1, in_model_load=0)
graph_reserve: reserving a graph for ubatch with n_tokens =    1, n_seqs =  1, n_outputs =    1
graph_reserve: reserving a graph for ubatch with n_tokens =  512, n_seqs =  1, n_outputs =  512
sched_reserve:      SYCL0 compute buffer size =   522.00 MiB
sched_reserve:  SYCL_Host compute buffer size =    14.02 MiB
sched_reserve: graph nodes  = 1900
sched_reserve: graph splits = 1
sched_reserve: reserve took 21.67 ms, sched copies = 1
attach_threadpool: call
set_n_threads: n_threads = 4, n_threads_batch = 4
[SYCL] buffer-scoped provenance: registered first tensor name=embd owner=0x8000000000000fe4 offset=0 nbytes=5242880 device=0
[SYCL] buffer-scoped provenance: registered first tensor name=embd owner=0x8000000000000fe4 offset=0 nbytes=5242880 device=0
[SYCL] tensor usage UNKNOWN: name=embd type=f32 ne=[2560,512,1,1]
[SYCL] tensor usage UNKNOWN: name=node_1 type=f32 ne=[10752,512,1,1]
[SYCL] tensor usage UNKNOWN: name=inp_per_layer_selected type=f32 ne=[256,42,512,1]
[SYCL] tensor usage UNKNOWN: name=inp_scaled type=f32 ne=[2560,512,1,1]
[SYCL] tensor usage UNKNOWN: name=norm-0 type=f32 ne=[2560,512,1,1]
[SYCL] tensor usage UNKNOWN: name=Qcur-0 type=f32 ne=[2048,512,1,1]
[SYCL] tensor usage UNKNOWN: name=Qcur_pos-0 type=f32 ne=[256,8,512,1]
[SYCL] tensor usage UNKNOWN: name=Kcur-0 type=f32 ne=[512,512,1,1]
[SYCL] tensor usage UNKNOWN: name=Kcur_pos-0 type=f32 ne=[256,2,512,1]
[SYCL] tensor usage UNKNOWN: name=Vcur-0 type=f32 ne=[512,512,1,1]
[SYCL] tensor usage UNKNOWN: name=Qcur_pos-0 (view) (permuted) (copy) type=f16 ne=[256,512,8,1]
[SYCL] tensor usage UNKNOWN: name=node_31 type=f32 ne=[256,8,512,1]
[SYCL] tensor usage UNKNOWN: name=node_33 type=f32 ne=[2560,512,1,1]
[SYCL] tensor usage UNKNOWN: name=attn_out-0 type=f32 ne=[2560,512,1,1]
[SYCL] tensor usage UNKNOWN: name=ffn_gate-0 type=f32 ne=[10240,512,1,1]
[SYCL] tensor usage UNKNOWN: name=ffn_up-0 type=f32 ne=[10240,512,1,1]
[SYCL] tensor usage UNKNOWN: name=ffn_geglu-0 type=f32 ne=[10240,512,1,1]
[SYCL] tensor usage UNKNOWN: name=ffn_out-0 type=f32 ne=[2560,512,1,1]
[SYCL] tensor usage UNKNOWN: name=norm type=f32 ne=[2560,512,1,1]
[SYCL] tensor usage UNKNOWN: name=pe_in-0 type=f32 ne=[2560,512,1,1]
[SYCL] tensor usage UNKNOWN: name=node_46 type=f32 ne=[256,512,1,1]
[SYCL] tensor usage UNKNOWN: name=node_47 type=f32 ne=[256,512,1,1]
[SYCL] tensor usage UNKNOWN: name=node_48 type=f32 ne=[10752,512,1,1]
[SYCL] tensor usage UNKNOWN: name=node_49 type=f32 ne=[10752,512,1,1]
[SYCL] tensor usage UNKNOWN: name=per_layer_proj type=f32 ne=[256,42,512,1]
[SYCL] tensor usage UNKNOWN: name=node_53 type=f32 ne=[256,42,512,1]
[SYCL] tensor usage UNKNOWN: name=inp_per_layer type=f32 ne=[256,42,512,1]
[SYCL] tensor usage UNKNOWN: name=inp_per_layer (permuted) (cont) type=f32 ne=[256,512,42,1]
[SYCL] tensor usage UNKNOWN: name=node_58 type=f32 ne=[256,512,1,1]
[SYCL] tensor usage UNKNOWN: name=node_59 type=f32 ne=[2560,512,1,1]
[SYCL] tensor usage UNKNOWN: name=per_layer_embd_out-0 type=f32 ne=[2560,512,1,1]
[SYCL] tensor usage UNKNOWN: name=node_62 type=f32 ne=[2560,512,1,1]
[SYCL] tensor usage UNKNOWN: name=l_out-0 type=f32 ne=[2560,512,1,1]
[SYCL] tensor usage UNKNOWN: name=norm-1 type=f32 ne=[2560,512,1,1]
[SYCL] tensor usage UNKNOWN: name=Qcur-1 type=f32 ne=[2048,512,1,1]
[SYCL] tensor usage UNKNOWN: name=Qcur_pos-1 type=f32 ne=[256,8,512,1]
[SYCL] tensor usage UNKNOWN: name=Kcur-1 type=f32 ne=[512,512,1,1]
[SYCL] tensor usage UNKNOWN: name=Kcur_pos-1 type=f32 ne=[256,2,512,1]
[SYCL] tensor usage UNKNOWN: name=Vcur-1 type=f32 ne=[512,512,1,1]
[SYCL] tensor usage UNKNOWN: name=Qcur_pos-1 (view) (permuted) (copy) type=f16 ne=[256,512,8,1]
[SYCL] tensor usage UNKNOWN: name=node_90 type=f32 ne=[256,8,512,1]
[SYCL] tensor usage UNKNOWN: name=node_92 type=f32 ne=[2560,512,1,1]
[SYCL] tensor usage UNKNOWN: name=attn_out-1 type=f32 ne=[2560,512,1,1]
[SYCL] tensor usage UNKNOWN: name=ffn_gate-1 type=f32 ne=[10240,512,1,1]
[SYCL] tensor usage UNKNOWN: name=ffn_up-1 type=f32 ne=[10240,512,1,1]
[SYCL] tensor usage UNKNOWN: name=ffn_geglu-1 type=f32 ne=[10240,512,1,1]
[SYCL] tensor usage UNKNOWN: name=ffn_out-1 type=f32 ne=[2560,512,1,1]
[SYCL] tensor usage UNKNOWN: name=pe_in-1 type=f32 ne=[2560,512,1,1]
[SYCL] tensor usage UNKNOWN: name=node_105 type=f32 ne=[256,512,1,1]
[SYCL] tensor usage UNKNOWN: name=node_106 type=f32 ne=[256,512,1,1]
[SYCL] tensor usage UNKNOWN: name=node_108 type=f32 ne=[256,512,1,1]
[SYCL] tensor usage UNKNOWN: name=node_109 type=f32 ne=[2560,512,1,1]
[SYCL] tensor usage UNKNOWN: name=per_layer_embd_out-1 type=f32 ne=[2560,512,1,1]
[SYCL] tensor usage UNKNOWN: name=node_112 type=f32 ne=[2560,512,1,1]
[SYCL] tensor usage UNKNOWN: name=l_out-1 type=f32 ne=[2560,512,1,1]
[SYCL] tensor usage UNKNOWN: name=norm-2 type=f32 ne=[2560,512,1,1]
[SYCL] tensor usage UNKNOWN: name=Qcur-2 type=f32 ne=[2048,512,1,1]
[SYCL] tensor usage UNKNOWN: name=Qcur_pos-2 type=f32 ne=[256,8,512,1]
[SYCL] tensor usage UNKNOWN: name=Kcur-2 type=f32 ne=[512,512,1,1]
[SYCL] tensor usage UNKNOWN: name=Kcur_pos-2 type=f32 ne=[256,2,512,1]
[SYCL] tensor usage UNKNOWN: name=Vcur-2 type=f32 ne=[512,512,1,1]
[SYCL] tensor usage UNKNOWN: name=Qcur_pos-2 (view) (permuted) (copy) type=f16 ne=[256,512,8,1]
[SYCL] tensor usage UNKNOWN: name=node_140 type=f32 ne=[256,8,512,1]
[SYCL] tensor usage UNKNOWN: name=node_142 type=f32 ne=[2560,512,1,1]
[SYCL] tensor usage UNKNOWN: name=attn_out-2 type=f32 ne=[2560,512,1,1]
[SYCL] tensor usage UNKNOWN: name=ffn_gate-2 type=f32 ne=[10240,512,1,1]
[SYCL] tensor usage UNKNOWN: name=ffn_up-2 type=f32 ne=[10240,512,1,1]
[SYCL] tensor usage UNKNOWN: name=ffn_geglu-2 type=f32 ne=[10240,512,1,1]
[SYCL] tensor usage UNKNOWN: name=ffn_out-2 type=f32 ne=[2560,512,1,1]
[SYCL] tensor usage UNKNOWN: name=pe_in-2 type=f32 ne=[2560,512,1,1]
[SYCL] tensor usage UNKNOWN: name=node_155 type=f32 ne=[256,512,1,1]
[SYCL] tensor usage UNKNOWN: name=node_156 type=f32 ne=[256,512,1,1]
[SYCL] tensor usage UNKNOWN: name=node_158 type=f32 ne=[256,512,1,1]
[SYCL] tensor usage UNKNOWN: name=node_159 type=f32 ne=[2560,512,1,1]
[SYCL] tensor usage UNKNOWN: name=per_layer_embd_out-2 type=f32 ne=[2560,512,1,1]
[SYCL] tensor usage UNKNOWN: name=node_162 type=f32 ne=[2560,512,1,1]
[SYCL] tensor usage UNKNOWN: name=l_out-2 type=f32 ne=[2560,512,1,1]
[SYCL] tensor usage UNKNOWN: name=norm-3 type=f32 ne=[2560,512,1,1]
[SYCL] tensor usage UNKNOWN: name=Qcur-3 type=f32 ne=[2048,512,1,1]
[SYCL] tensor usage UNKNOWN: name=Qcur_pos-3 type=f32 ne=[256,8,512,1]
[SYCL] tensor usage UNKNOWN: name=Kcur-3 type=f32 ne=[512,512,1,1]
[SYCL] tensor usage UNKNOWN: name=Kcur_pos-3 type=f32 ne=[256,2,512,1]
[SYCL] tensor usage UNKNOWN: name=Vcur-3 type=f32 ne=[512,512,1,1]
[SYCL] tensor usage UNKNOWN: name=Qcur_pos-3 (view) (permuted) (copy) type=f16 ne=[256,512,8,1]
[SYCL] tensor usage UNKNOWN: name=node_190 type=f32 ne=[256,8,512,1]
[SYCL] tensor usage UNKNOWN: name=node_192 type=f32 ne=[2560,512,1,1]
[SYCL] tensor usage UNKNOWN: name=attn_out-3 type=f32 ne=[2560,512,1,1]
[SYCL] tensor usage UNKNOWN: name=ffn_gate-3 type=f32 ne=[10240,512,1,1]
[SYCL] tensor usage UNKNOWN: name=ffn_up-3 type=f32 ne=[10240,512,1,1]
[SYCL] tensor usage UNKNOWN: name=ffn_geglu-3 type=f32 ne=[10240,512,1,1]
[SYCL] tensor usage UNKNOWN: name=ffn_out-3 type=f32 ne=[2560,512,1,1]
[SYCL] tensor usage UNKNOWN: name=pe_in-3 type=f32 ne=[2560,512,1,1]
[SYCL] tensor usage UNKNOWN: name=node_205 type=f32 ne=[256,512,1,1]
[SYCL] tensor usage UNKNOWN: name=node_206 type=f32 ne=[256,512,1,1]
[SYCL] tensor usage UNKNOWN: name=node_208 type=f32 ne=[256,512,1,1]
[SYCL] tensor usage UNKNOWN: name=node_209 type=f32 ne=[2560,512,1,1]
[SYCL] tensor usage UNKNOWN: name=per_layer_embd_out-3 type=f32 ne=[2560,512,1,1]
[SYCL] tensor usage UNKNOWN: name=node_212 type=f32 ne=[2560,512,1,1]
[SYCL] tensor usage UNKNOWN: name=l_out-3 type=f32 ne=[2560,512,1,1]
[SYCL] tensor usage UNKNOWN: name=norm-4 type=f32 ne=[2560,512,1,1]
[SYCL] tensor usage UNKNOWN: name=Qcur-4 type=f32 ne=[2048,512,1,1]
[SYCL] tensor usage UNKNOWN: name=Qcur_pos-4 type=f32 ne=[256,8,512,1]
[SYCL] tensor usage UNKNOWN: name=Kcur-4 type=f32 ne=[512,512,1,1]
[SYCL] tensor usage UNKNOWN: name=Kcur_pos-4 type=f32 ne=[256,2,512,1]
[SYCL] tensor usage UNKNOWN: name=Vcur-4 type=f32 ne=[512,512,1,1]
[SYCL] tensor usage UNKNOWN: name=Qcur_pos-4 (view) (permuted) (copy) type=f16 ne=[256,512,8,1]
[SYCL] tensor usage UNKNOWN: name=node_240 type=f32 ne=[256,8,512,1]
[SYCL] tensor usage UNKNOWN: name=node_242 type=f32 ne=[2560,512,1,1]
[SYCL] tensor usage UNKNOWN: name=attn_out-4 type=f32 ne=[2560,512,1,1]
[SYCL] tensor usage UNKNOWN: name=ffn_gate-4 type=f32 ne=[10240,512,1,1]
[SYCL] tensor usage UNKNOWN: name=ffn_up-4 type=f32 ne=[10240,512,1,1]
[SYCL] tensor usage UNKNOWN: name=ffn_geglu-4 type=f32 ne=[10240,512,1,1]
[SYCL] tensor usage UNKNOWN: name=ffn_out-4 type=f32 ne=[2560,512,1,1]
[SYCL] tensor usage UNKNOWN: name=pe_in-4 type=f32 ne=[2560,512,1,1]
[SYCL] tensor usage UNKNOWN: name=node_255 type=f32 ne=[256,512,1,1]
[SYCL] tensor usage UNKNOWN: name=node_256 type=f32 ne=[256,512,1,1]
[SYCL] tensor usage UNKNOWN: name=node_258 type=f32 ne=[256,512,1,1]
[SYCL] tensor usage UNKNOWN: name=node_259 type=f32 ne=[2560,512,1,1]
[SYCL] tensor usage UNKNOWN: name=per_layer_embd_out-4 type=f32 ne=[2560,512,1,1]
[SYCL] tensor usage UNKNOWN: name=node_262 type=f32 ne=[2560,512,1,1]
[SYCL] tensor usage UNKNOWN: name=l_out-4 type=f32 ne=[2560,512,1,1]
[SYCL] tensor usage UNKNOWN: name=norm-5 type=f32 ne=[2560,512,1,1]
[SYCL] tensor usage UNKNOWN: name=Qcur-5 type=f32 ne=[4096,512,1,1]
[SYCL] tensor usage UNKNOWN: name=Qcur_pos-5 type=f32 ne=[512,8,512,1]
[SYCL] tensor usage UNKNOWN: name=Kcur-5 type=f32 ne=[1024,512,1,1]
[SYCL] tensor usage UNKNOWN: name=Kcur_pos-5 type=f32 ne=[512,2,512,1]
[SYCL] tensor usage UNKNOWN: name=Vcur-5 type=f32 ne=[1024,512,1,1]
[SYCL] tensor usage UNKNOWN: name=node_289 type=f32 ne=[512,8,512,1]
[SYCL] tensor usage UNKNOWN: name=node_291 type=f32 ne=[2560,512,1,1]
[SYCL] tensor usage UNKNOWN: name=attn_out-5 type=f32 ne=[2560,512,1,1]
[SYCL] tensor usage UNKNOWN: name=ffn_gate-5 type=f32 ne=[10240,512,1,1]
[SYCL] tensor usage UNKNOWN: name=ffn_up-5 type=f32 ne=[10240,512,1,1]
[SYCL] tensor usage UNKNOWN: name=ffn_geglu-5 type=f32 ne=[10240,512,1,1]
[SYCL] tensor usage UNKNOWN: name=ffn_out-5 type=f32 ne=[2560,512,1,1]
[SYCL] tensor usage UNKNOWN: name=pe_in-5 type=f32 ne=[2560,512,1,1]
[SYCL] tensor usage UNKNOWN: name=node_304 type=f32 ne=[256,512,1,1]
[SYCL] tensor usage UNKNOWN: name=node_305 type=f32 ne=[256,512,1,1]
[SYCL] tensor usage UNKNOWN: name=node_307 type=f32 ne=[256,512,1,1]
[SYCL] tensor usage UNKNOWN: name=node_308 type=f32 ne=[2560,512,1,1]
[SYCL] tensor usage UNKNOWN: name=per_layer_embd_out-5 type=f32 ne=[2560,512,1,1]
[SYCL] tensor usage UNKNOWN: name=node_311 type=f32 ne=[2560,512,1,1]
[SYCL] tensor usage UNKNOWN: name=l_out-5 type=f32 ne=[2560,512,1,1]
[SYCL] tensor usage UNKNOWN: name=norm-6 type=f32 ne=[2560,512,1,1]
[SYCL] tensor usage UNKNOWN: name=Qcur-6 type=f32 ne=[2048,512,1,1]
[SYCL] tensor usage UNKNOWN: name=Qcur_pos-6 type=f32 ne=[256,8,512,1]
[SYCL] tensor usage UNKNOWN: name=Kcur-6 type=f32 ne=[512,512,1,1]
[SYCL] tensor usage UNKNOWN: name=Kcur_pos-6 type=f32 ne=[256,2,512,1]
[SYCL] tensor usage UNKNOWN: name=Vcur-6 type=f32 ne=[512,512,1,1]
[SYCL] tensor usage UNKNOWN: name=Qcur_pos-6 (view) (permuted) (copy) type=f16 ne=[256,512,8,1]
[SYCL] tensor usage UNKNOWN: name=node_339 type=f32 ne=[256,8,512,1]
[SYCL] tensor usage UNKNOWN: name=node_341 type=f32 ne=[2560,512,1,1]
[SYCL] tensor usage UNKNOWN: name=attn_out-6 type=f32 ne=[2560,512,1,1]
[SYCL] tensor usage UNKNOWN: name=ffn_gate-6 type=f32 ne=[10240,512,1,1]
[SYCL] tensor usage UNKNOWN: name=ffn_up-6 type=f32 ne=[10240,512,1,1]
[SYCL] tensor usage UNKNOWN: name=ffn_geglu-6 type=f32 ne=[10240,512,1,1]
[SYCL] tensor usage UNKNOWN: name=ffn_out-6 type=f32 ne=[2560,512,1,1]
[SYCL] tensor usage UNKNOWN: name=pe_in-6 type=f32 ne=[2560,512,1,1]
[SYCL] tensor usage UNKNOWN: name=node_354 type=f32 ne=[256,512,1,1]
[SYCL] tensor usage UNKNOWN: name=node_355 type=f32 ne=[256,512,1,1]
[SYCL] tensor usage UNKNOWN: name=node_357 type=f32 ne=[256,512,1,1]
[SYCL] tensor usage UNKNOWN: name=node_358 type=f32 ne=[2560,512,1,1]
[SYCL] tensor usage UNKNOWN: name=per_layer_embd_out-6 type=f32 ne=[2560,512,1,1]
[SYCL] tensor usage UNKNOWN: name=node_361 type=f32 ne=[2560,512,1,1]
[SYCL] tensor usage UNKNOWN: name=l_out-6 type=f32 ne=[2560,512,1,1]
[SYCL] tensor usage UNKNOWN: name=norm-7 type=f32 ne=[2560,512,1,1]
[SYCL] tensor usage UNKNOWN: name=Qcur-7 type=f32 ne=[2048,512,1,1]
[SYCL] tensor usage UNKNOWN: name=Qcur_pos-7 type=f32 ne=[256,8,512,1]
[SYCL] tensor usage UNKNOWN: name=Kcur-7 type=f32 ne=[512,512,1,1]
[SYCL] tensor usage UNKNOWN: name=Kcur_pos-7 type=f32 ne=[256,2,512,1]
[SYCL] tensor usage UNKNOWN: name=Vcur-7 type=f32 ne=[512,512,1,1]
[SYCL] tensor usage UNKNOWN: name=Qcur_pos-7 (view) (permuted) (copy) type=f16 ne=[256,512,8,1]
[SYCL] tensor usage UNKNOWN: name=node_389 type=f32 ne=[256,8,512,1]
[SYCL] tensor usage UNKNOWN: name=node_391 type=f32 ne=[2560,512,1,1]
[SYCL] tensor usage UNKNOWN: name=attn_out-7 type=f32 ne=[2560,512,1,1]
[SYCL] tensor usage UNKNOWN: name=ffn_gate-7 type=f32 ne=[10240,512,1,1]
[SYCL] tensor usage UNKNOWN: name=ffn_up-7 type=f32 ne=[10240,512,1,1]
[SYCL] tensor usage UNKNOWN: name=ffn_geglu-7 type=f32 ne=[10240,512,1,1]
[SYCL] tensor usage UNKNOWN: name=ffn_out-7 type=f32 ne=[2560,512,1,1]
[SYCL] tensor usage UNKNOWN: name=pe_in-7 type=f32 ne=[2560,512,1,1]
[SYCL] tensor usage UNKNOWN: name=node_404 type=f32 ne=[256,512,1,1]
[SYCL] tensor usage UNKNOWN: name=node_405 type=f32 ne=[256,512,1,1]
[SYCL] tensor usage UNKNOWN: name=node_407 type=f32 ne=[256,512,1,1]
[SYCL] tensor usage UNKNOWN: name=node_408 type=f32 ne=[2560,512,1,1]
[SYCL] tensor usage UNKNOWN: name=per_layer_embd_out-7 type=f32 ne=[2560,512,1,1]
[SYCL] tensor usage UNKNOWN: name=node_411 type=f32 ne=[2560,512,1,1]
[SYCL] tensor usage UNKNOWN: name=l_out-7 type=f32 ne=[2560,512,1,1]
[SYCL] tensor usage UNKNOWN: name=norm-8 type=f32 ne=[2560,512,1,1]
[SYCL] tensor usage UNKNOWN: name=Qcur-8 type=f32 ne=[2048,512,1,1]
[SYCL] tensor usage UNKNOWN: name=Qcur_pos-8 type=f32 ne=[256,8,512,1]
[SYCL] tensor usage UNKNOWN: name=Kcur-8 type=f32 ne=[512,512,1,1]
[SYCL] tensor usage UNKNOWN: name=Kcur_pos-8 type=f32 ne=[256,2,512,1]
[SYCL] tensor usage UNKNOWN: name=Vcur-8 type=f32 ne=[512,512,1,1]
[SYCL] tensor usage UNKNOWN: name=Qcur_pos-8 (view) (permuted) (copy) type=f16 ne=[256,512,8,1]
[SYCL] tensor usage UNKNOWN: name=node_439 type=f32 ne=[256,8,512,1]
[SYCL] tensor usage UNKNOWN: name=node_441 type=f32 ne=[2560,512,1,1]
[SYCL] tensor usage UNKNOWN: name=attn_out-8 type=f32 ne=[2560,512,1,1]
[SYCL] tensor usage UNKNOWN: name=ffn_gate-8 type=f32 ne=[10240,512,1,1]
[SYCL] tensor usage UNKNOWN: name=ffn_up-8 type=f32 ne=[10240,512,1,1]
[SYCL] tensor usage UNKNOWN: name=ffn_geglu-8 type=f32 ne=[10240,512,1,1]
[SYCL] tensor usage UNKNOWN: name=ffn_out-8 type=f32 ne=[2560,512,1,1]
[SYCL] tensor usage UNKNOWN: name=pe_in-8 type=f32 ne=[2560,512,1,1]
[SYCL] tensor usage UNKNOWN: name=node_454 type=f32 ne=[256,512,1,1]
[SYCL] tensor usage UNKNOWN: name=node_455 type=f32 ne=[256,512,1,1]
[SYCL] tensor usage UNKNOWN: name=node_457 type=f32 ne=[256,512,1,1]
[SYCL] tensor usage UNKNOWN: name=node_458 type=f32 ne=[2560,512,1,1]
[SYCL] tensor usage UNKNOWN: name=per_layer_embd_out-8 type=f32 ne=[2560,512,1,1]
[SYCL] tensor usage UNKNOWN: name=node_461 type=f32 ne=[2560,512,1,1]
[SYCL] tensor usage UNKNOWN: name=l_out-8 type=f32 ne=[2560,512,1,1]
[SYCL] tensor usage UNKNOWN: name=norm-9 type=f32 ne=[2560,512,1,1]
[SYCL] tensor usage UNKNOWN: name=Qcur-9 type=f32 ne=[2048,512,1,1]
[SYCL] tensor usage UNKNOWN: name=Qcur_pos-9 type=f32 ne=[256,8,512,1]
[SYCL] tensor usage UNKNOWN: name=Kcur-9 type=f32 ne=[512,512,1,1]
[SYCL] tensor usage UNKNOWN: name=Kcur_pos-9 type=f32 ne=[256,2,512,1]
[SYCL] tensor usage UNKNOWN: name=Vcur-9 type=f32 ne=[512,512,1,1]
[SYCL] tensor usage UNKNOWN: name=Qcur_pos-9 (view) (permuted) (copy) type=f16 ne=[256,512,8,1]
[SYCL] tensor usage UNKNOWN: name=node_489 type=f32 ne=[256,8,512,1]
[SYCL] tensor usage UNKNOWN: name=node_491 type=f32 ne=[2560,512,1,1]
[SYCL] tensor usage UNKNOWN: name=attn_out-9 type=f32 ne=[2560,512,1,1]
[SYCL] tensor usage UNKNOWN: name=ffn_gate-9 type=f32 ne=[10240,512,1,1]
[SYCL] tensor usage UNKNOWN: name=ffn_up-9 type=f32 ne=[10240,512,1,1]
[SYCL] tensor usage UNKNOWN: name=ffn_geglu-9 type=f32 ne=[10240,512,1,1]
[SYCL] tensor usage UNKNOWN: name=ffn_out-9 type=f32 ne=[2560,512,1,1]
[SYCL] tensor usage UNKNOWN: name=pe_in-9 type=f32 ne=[2560,512,1,1]
[SYCL] tensor usage UNKNOWN: name=node_504 type=f32 ne=[256,512,1,1]
[SYCL] tensor usage UNKNOWN: name=node_505 type=f32 ne=[256,512,1,1]
[SYCL] tensor usage UNKNOWN: name=node_507 type=f32 ne=[256,512,1,1]
[SYCL] tensor usage UNKNOWN: name=node_508 type=f32 ne=[2560,512,1,1]
[SYCL] tensor usage UNKNOWN: name=per_layer_embd_out-9 type=f32 ne=[2560,512,1,1]
[SYCL] tensor usage UNKNOWN: name=node_511 type=f32 ne=[2560,512,1,1]
[SYCL] tensor usage UNKNOWN: name=l_out-9 type=f32 ne=[2560,512,1,1]
[SYCL] tensor usage UNKNOWN: name=norm-10 type=f32 ne=[2560,512,1,1]
[SYCL] tensor usage UNKNOWN: name=Qcur-10 type=f32 ne=[2048,512,1,1]
[SYCL] tensor usage UNKNOWN: name=Qcur_pos-10 type=f32 ne=[256,8,512,1]
[SYCL] tensor usage UNKNOWN: name=Kcur-10 type=f32 ne=[512,512,1,1]
[SYCL] tensor usage UNKNOWN: name=Kcur_pos-10 type=f32 ne=[256,2,512,1]
[SYCL] tensor usage UNKNOWN: name=Vcur-10 type=f32 ne=[512,512,1,1]
[SYCL] tensor usage UNKNOWN: name=Qcur_pos-10 (view) (permuted) (copy) type=f16 ne=[256,512,8,1]
[SYCL] tensor usage UNKNOWN: name=node_539 type=f32 ne=[256,8,512,1]
[SYCL] tensor usage UNKNOWN: name=node_541 type=f32 ne=[2560,512,1,1]
[SYCL] tensor usage UNKNOWN: name=attn_out-10 type=f32 ne=[2560,512,1,1]
[SYCL] tensor usage UNKNOWN: name=ffn_gate-10 type=f32 ne=[10240,512,1,1]
[SYCL] tensor usage UNKNOWN: name=ffn_up-10 type=f32 ne=[10240,512,1,1]
[SYCL] tensor usage UNKNOWN: name=ffn_geglu-10 type=f32 ne=[10240,512,1,1]
[SYCL] tensor usage UNKNOWN: name=ffn_out-10 type=f32 ne=[2560,512,1,1]
[SYCL] tensor usage UNKNOWN: name=pe_in-10 type=f32 ne=[2560,512,1,1]
[SYCL] tensor usage UNKNOWN: name=node_554 type=f32 ne=[256,512,1,1]
[SYCL] tensor usage UNKNOWN: name=node_555 type=f32 ne=[256,512,1,1]
[SYCL] tensor usage UNKNOWN: name=node_557 type=f32 ne=[256,512,1,1]
[SYCL] tensor usage UNKNOWN: name=node_558 type=f32 ne=[2560,512,1,1]
[SYCL] tensor usage UNKNOWN: name=per_layer_embd_out-10 type=f32 ne=[2560,512,1,1]
[SYCL] tensor usage UNKNOWN: name=node_561 type=f32 ne=[2560,512,1,1]
[SYCL] tensor usage UNKNOWN: name=l_out-10 type=f32 ne=[2560,512,1,1]
[SYCL] tensor usage UNKNOWN: name=norm-11 type=f32 ne=[2560,512,1,1]
[SYCL] tensor usage UNKNOWN: name=Qcur-11 type=f32 ne=[4096,512,1,1]
[SYCL] tensor usage UNKNOWN: name=Qcur_pos-11 type=f32 ne=[512,8,512,1]
[SYCL] tensor usage UNKNOWN: name=Kcur-11 type=f32 ne=[1024,512,1,1]
[SYCL] tensor usage UNKNOWN: name=Kcur_pos-11 type=f32 ne=[512,2,512,1]
[SYCL] tensor usage UNKNOWN: name=Vcur-11 type=f32 ne=[1024,512,1,1]
[SYCL] tensor usage UNKNOWN: name=node_588 type=f32 ne=[512,8,512,1]
[SYCL] tensor usage UNKNOWN: name=node_590 type=f32 ne=[2560,512,1,1]
[SYCL] tensor usage UNKNOWN: name=attn_out-11 type=f32 ne=[2560,512,1,1]
[SYCL] tensor usage UNKNOWN: name=ffn_gate-11 type=f32 ne=[10240,512,1,1]
[SYCL] tensor usage UNKNOWN: name=ffn_up-11 type=f32 ne=[10240,512,1,1]
[SYCL] tensor usage UNKNOWN: name=ffn_geglu-11 type=f32 ne=[10240,512,1,1]
[SYCL] tensor usage UNKNOWN: name=ffn_out-11 type=f32 ne=[2560,512,1,1]
[SYCL] tensor usage UNKNOWN: name=pe_in-11 type=f32 ne=[2560,512,1,1]
[SYCL] tensor usage UNKNOWN: name=node_603 type=f32 ne=[256,512,1,1]
[SYCL] tensor usage UNKNOWN: name=node_604 type=f32 ne=[256,512,1,1]
[SYCL] tensor usage UNKNOWN: name=node_606 type=f32 ne=[256,512,1,1]
[SYCL] tensor usage UNKNOWN: name=node_607 type=f32 ne=[2560,512,1,1]
[SYCL] tensor usage UNKNOWN: name=per_layer_embd_out-11 type=f32 ne=[2560,512,1,1]
[SYCL] tensor usage UNKNOWN: name=node_610 type=f32 ne=[2560,512,1,1]
[SYCL] tensor usage UNKNOWN: name=l_out-11 type=f32 ne=[2560,512,1,1]
[SYCL] tensor usage UNKNOWN: name=norm-12 type=f32 ne=[2560,512,1,1]
[SYCL] tensor usage UNKNOWN: name=Qcur-12 type=f32 ne=[2048,512,1,1]
[SYCL] tensor usage UNKNOWN: name=Qcur_pos-12 type=f32 ne=[256,8,512,1]
[SYCL] tensor usage UNKNOWN: name=Kcur-12 type=f32 ne=[512,512,1,1]
[SYCL] tensor usage UNKNOWN: name=Kcur_pos-12 type=f32 ne=[256,2,512,1]
[SYCL] tensor usage UNKNOWN: name=Vcur-12 type=f32 ne=[512,512,1,1]
[SYCL] tensor usage UNKNOWN: name=Qcur_pos-12 (view) (permuted) (copy) type=f16 ne=[256,512,8,1]
[SYCL] tensor usage UNKNOWN: name=node_638 type=f32 ne=[256,8,512,1]
[SYCL] tensor usage UNKNOWN: name=node_640 type=f32 ne=[2560,512,1,1]
[SYCL] tensor usage UNKNOWN: name=attn_out-12 type=f32 ne=[2560,512,1,1]
[SYCL] tensor usage UNKNOWN: name=ffn_gate-12 type=f32 ne=[10240,512,1,1]
[SYCL] tensor usage UNKNOWN: name=ffn_up-12 type=f32 ne=[10240,512,1,1]
[SYCL] tensor usage UNKNOWN: name=ffn_geglu-12 type=f32 ne=[10240,512,1,1]
[SYCL] tensor usage UNKNOWN: name=ffn_out-12 type=f32 ne=[2560,512,1,1]
[SYCL] tensor usage UNKNOWN: name=pe_in-12 type=f32 ne=[2560,512,1,1]
[SYCL] tensor usage UNKNOWN: name=node_653 type=f32 ne=[256,512,1,1]
[SYCL] tensor usage UNKNOWN: name=node_654 type=f32 ne=[256,512,1,1]
[SYCL] tensor usage UNKNOWN: name=node_656 type=f32 ne=[256,512,1,1]
[SYCL] tensor usage UNKNOWN: name=node_657 type=f32 ne=[2560,512,1,1]
[SYCL] tensor usage UNKNOWN: name=per_layer_embd_out-12 type=f32 ne=[2560,512,1,1]
[SYCL] tensor usage UNKNOWN: name=node_660 type=f32 ne=[2560,512,1,1]
[SYCL] tensor usage UNKNOWN: name=l_out-12 type=f32 ne=[2560,512,1,1]
[SYCL] tensor usage UNKNOWN: name=norm-13 type=f32 ne=[2560,512,1,1]
[SYCL] tensor usage UNKNOWN: name=Qcur-13 type=f32 ne=[2048,512,1,1]
[SYCL] tensor usage UNKNOWN: name=Qcur_pos-13 type=f32 ne=[256,8,512,1]
[SYCL] tensor usage UNKNOWN: name=Kcur-13 type=f32 ne=[512,512,1,1]
[SYCL] tensor usage UNKNOWN: name=Kcur_pos-13 type=f32 ne=[256,2,512,1]
[SYCL] tensor usage UNKNOWN: name=Vcur-13 type=f32 ne=[512,512,1,1]
[SYCL] tensor usage UNKNOWN: name=Qcur_pos-13 (view) (permuted) (copy) type=f16 ne=[256,512,8,1]
[SYCL] tensor usage UNKNOWN: name=node_688 type=f32 ne=[256,8,512,1]
[SYCL] tensor usage UNKNOWN: name=node_690 type=f32 ne=[2560,512,1,1]
[SYCL] tensor usage UNKNOWN: name=attn_out-13 type=f32 ne=[2560,512,1,1]
[SYCL] tensor usage UNKNOWN: name=ffn_gate-13 type=f32 ne=[10240,512,1,1]
[SYCL] tensor usage UNKNOWN: name=ffn_up-13 type=f32 ne=[10240,512,1,1]
[SYCL] tensor usage UNKNOWN: name=ffn_geglu-13 type=f32 ne=[10240,512,1,1]
[SYCL] tensor usage UNKNOWN: name=ffn_out-13 type=f32 ne=[2560,512,1,1]
[SYCL] tensor usage UNKNOWN: name=pe_in-13 type=f32 ne=[2560,512,1,1]
[SYCL] tensor usage UNKNOWN: name=node_703 type=f32 ne=[256,512,1,1]
[SYCL] tensor usage UNKNOWN: name=node_704 type=f32 ne=[256,512,1,1]
[SYCL] tensor usage UNKNOWN: name=node_706 type=f32 ne=[256,512,1,1]
[SYCL] tensor usage UNKNOWN: name=node_707 type=f32 ne=[2560,512,1,1]
[SYCL] tensor usage UNKNOWN: name=per_layer_embd_out-13 type=f32 ne=[2560,512,1,1]
[SYCL] tensor usage UNKNOWN: name=node_710 type=f32 ne=[2560,512,1,1]
[SYCL] tensor usage UNKNOWN: name=l_out-13 type=f32 ne=[2560,512,1,1]
[SYCL] tensor usage UNKNOWN: name=norm-14 type=f32 ne=[2560,512,1,1]
[SYCL] tensor usage UNKNOWN: name=Qcur-14 type=f32 ne=[2048,512,1,1]
[SYCL] tensor usage UNKNOWN: name=Qcur_pos-14 type=f32 ne=[256,8,512,1]
[SYCL] tensor usage UNKNOWN: name=Kcur-14 type=f32 ne=[512,512,1,1]
[SYCL] tensor usage UNKNOWN: name=Kcur_pos-14 type=f32 ne=[256,2,512,1]
[SYCL] tensor usage UNKNOWN: name=Vcur-14 type=f32 ne=[512,512,1,1]
[SYCL] tensor usage UNKNOWN: name=Qcur_pos-14 (view) (permuted) (copy) type=f16 ne=[256,512,8,1]
[SYCL] tensor usage UNKNOWN: name=node_738 type=f32 ne=[256,8,512,1]
[SYCL] tensor usage UNKNOWN: name=node_740 type=f32 ne=[2560,512,1,1]
[SYCL] tensor usage UNKNOWN: name=attn_out-14 type=f32 ne=[2560,512,1,1]
[SYCL] tensor usage UNKNOWN: name=ffn_gate-14 type=f32 ne=[10240,512,1,1]
[SYCL] tensor usage UNKNOWN: name=ffn_up-14 type=f32 ne=[10240,512,1,1]
[SYCL] tensor usage UNKNOWN: name=ffn_geglu-14 type=f32 ne=[10240,512,1,1]
[SYCL] tensor usage UNKNOWN: name=ffn_out-14 type=f32 ne=[2560,512,1,1]
[SYCL] tensor usage UNKNOWN: name=pe_in-14 type=f32 ne=[2560,512,1,1]
[SYCL] tensor usage UNKNOWN: name=node_753 type=f32 ne=[256,512,1,1]
[SYCL] tensor usage UNKNOWN: name=node_754 type=f32 ne=[256,512,1,1]
[SYCL] tensor usage UNKNOWN: name=node_756 type=f32 ne=[256,512,1,1]
[SYCL] tensor usage UNKNOWN: name=node_757 type=f32 ne=[2560,512,1,1]
[SYCL] tensor usage UNKNOWN: name=per_layer_embd_out-14 type=f32 ne=[2560,512,1,1]
[SYCL] tensor usage UNKNOWN: name=node_760 type=f32 ne=[2560,512,1,1]
[SYCL] tensor usage UNKNOWN: name=l_out-14 type=f32 ne=[2560,512,1,1]
[SYCL] tensor usage UNKNOWN: name=norm-15 type=f32 ne=[2560,512,1,1]
[SYCL] tensor usage UNKNOWN: name=Qcur-15 type=f32 ne=[2048,512,1,1]
[SYCL] tensor usage UNKNOWN: name=Qcur_pos-15 type=f32 ne=[256,8,512,1]
[SYCL] tensor usage UNKNOWN: name=Kcur-15 type=f32 ne=[512,512,1,1]
[SYCL] tensor usage UNKNOWN: name=Kcur_pos-15 type=f32 ne=[256,2,512,1]
[SYCL] tensor usage UNKNOWN: name=Vcur-15 type=f32 ne=[512,512,1,1]
[SYCL] tensor usage UNKNOWN: name=Qcur_pos-15 (view) (permuted) (copy) type=f16 ne=[256,512,8,1]
[SYCL] tensor usage UNKNOWN: name=node_788 type=f32 ne=[256,8,512,1]
[SYCL] tensor usage UNKNOWN: name=node_790 type=f32 ne=[2560,512,1,1]
[SYCL] tensor usage UNKNOWN: name=attn_out-15 type=f32 ne=[2560,512,1,1]
[SYCL] tensor usage UNKNOWN: name=ffn_gate-15 type=f32 ne=[10240,512,1,1]
[SYCL] tensor usage UNKNOWN: name=ffn_up-15 type=f32 ne=[10240,512,1,1]
[SYCL] tensor usage UNKNOWN: name=ffn_geglu-15 type=f32 ne=[10240,512,1,1]
[SYCL] tensor usage UNKNOWN: name=ffn_out-15 type=f32 ne=[2560,512,1,1]
[SYCL] tensor usage UNKNOWN: name=pe_in-15 type=f32 ne=[2560,512,1,1]
[SYCL] tensor usage UNKNOWN: name=node_803 type=f32 ne=[256,512,1,1]
[SYCL] tensor usage UNKNOWN: name=node_804 type=f32 ne=[256,512,1,1]
[SYCL] tensor usage UNKNOWN: name=node_806 type=f32 ne=[256,512,1,1]
[SYCL] tensor usage UNKNOWN: name=node_807 type=f32 ne=[2560,512,1,1]
[SYCL] tensor usage UNKNOWN: name=per_layer_embd_out-15 type=f32 ne=[2560,512,1,1]
[SYCL] tensor usage UNKNOWN: name=node_810 type=f32 ne=[2560,512,1,1]
[SYCL] tensor usage UNKNOWN: name=l_out-15 type=f32 ne=[2560,512,1,1]
[SYCL] tensor usage UNKNOWN: name=norm-16 type=f32 ne=[2560,512,1,1]
[SYCL] tensor usage UNKNOWN: name=Qcur-16 type=f32 ne=[2048,512,1,1]
[SYCL] tensor usage UNKNOWN: name=Qcur_pos-16 type=f32 ne=[256,8,512,1]
[SYCL] tensor usage UNKNOWN: name=Kcur-16 type=f32 ne=[512,512,1,1]
[SYCL] tensor usage UNKNOWN: name=Kcur_pos-16 type=f32 ne=[256,2,512,1]
[SYCL] tensor usage UNKNOWN: name=Vcur-16 type=f32 ne=[512,512,1,1]
[SYCL] tensor usage UNKNOWN: name=Qcur_pos-16 (view) (permuted) (copy) type=f16 ne=[256,512,8,1]
[SYCL] tensor usage UNKNOWN: name=node_838 type=f32 ne=[256,8,512,1]
[SYCL] tensor usage UNKNOWN: name=node_840 type=f32 ne=[2560,512,1,1]
[SYCL] tensor usage UNKNOWN: name=attn_out-16 type=f32 ne=[2560,512,1,1]
[SYCL] tensor usage UNKNOWN: name=ffn_gate-16 type=f32 ne=[10240,512,1,1]
[SYCL] tensor usage UNKNOWN: name=ffn_up-16 type=f32 ne=[10240,512,1,1]
[SYCL] tensor usage UNKNOWN: name=ffn_geglu-16 type=f32 ne=[10240,512,1,1]
[SYCL] tensor usage UNKNOWN: name=ffn_out-16 type=f32 ne=[2560,512,1,1]
[SYCL] tensor usage UNKNOWN: name=pe_in-16 type=f32 ne=[2560,512,1,1]
[SYCL] tensor usage UNKNOWN: name=node_853 type=f32 ne=[256,512,1,1]
[SYCL] tensor usage UNKNOWN: name=node_854 type=f32 ne=[256,512,1,1]
[SYCL] tensor usage UNKNOWN: name=node_856 type=f32 ne=[256,512,1,1]
[SYCL] tensor usage UNKNOWN: name=node_857 type=f32 ne=[2560,512,1,1]
[SYCL] tensor usage UNKNOWN: name=per_layer_embd_out-16 type=f32 ne=[2560,512,1,1]
[SYCL] tensor usage UNKNOWN: name=node_860 type=f32 ne=[2560,512,1,1]
[SYCL] tensor usage UNKNOWN: name=l_out-16 type=f32 ne=[2560,512,1,1]
[SYCL] tensor usage UNKNOWN: name=norm-17 type=f32 ne=[2560,512,1,1]
[SYCL] tensor usage UNKNOWN: name=Qcur-17 type=f32 ne=[4096,512,1,1]
[SYCL] tensor usage UNKNOWN: name=Qcur_pos-17 type=f32 ne=[512,8,512,1]
[SYCL] tensor usage UNKNOWN: name=Kcur-17 type=f32 ne=[1024,512,1,1]
[SYCL] tensor usage UNKNOWN: name=Kcur_pos-17 type=f32 ne=[512,2,512,1]
[SYCL] tensor usage UNKNOWN: name=Vcur-17 type=f32 ne=[1024,512,1,1]
[SYCL] tensor usage UNKNOWN: name=node_887 type=f32 ne=[512,8,512,1]
[SYCL] tensor usage UNKNOWN: name=node_889 type=f32 ne=[2560,512,1,1]
[SYCL] tensor usage UNKNOWN: name=attn_out-17 type=f32 ne=[2560,512,1,1]
[SYCL] tensor usage UNKNOWN: name=ffn_gate-17 type=f32 ne=[10240,512,1,1]
[SYCL] tensor usage UNKNOWN: name=ffn_up-17 type=f32 ne=[10240,512,1,1]
[SYCL] tensor usage UNKNOWN: name=ffn_geglu-17 type=f32 ne=[10240,512,1,1]
[SYCL] tensor usage UNKNOWN: name=ffn_out-17 type=f32 ne=[2560,512,1,1]
[SYCL] tensor usage UNKNOWN: name=pe_in-17 type=f32 ne=[2560,512,1,1]
[SYCL] tensor usage UNKNOWN: name=node_902 type=f32 ne=[256,512,1,1]
[SYCL] tensor usage UNKNOWN: name=node_903 type=f32 ne=[256,512,1,1]
[SYCL] tensor usage UNKNOWN: name=node_905 type=f32 ne=[256,512,1,1]
[SYCL] tensor usage UNKNOWN: name=node_906 type=f32 ne=[2560,512,1,1]
[SYCL] tensor usage UNKNOWN: name=per_layer_embd_out-17 type=f32 ne=[2560,512,1,1]
[SYCL] tensor usage UNKNOWN: name=node_909 type=f32 ne=[2560,512,1,1]
[SYCL] tensor usage UNKNOWN: name=l_out-17 type=f32 ne=[2560,512,1,1]
[SYCL] tensor usage UNKNOWN: name=norm-18 type=f32 ne=[2560,512,1,1]
[SYCL] tensor usage UNKNOWN: name=Qcur-18 type=f32 ne=[2048,512,1,1]
[SYCL] tensor usage UNKNOWN: name=Qcur_pos-18 type=f32 ne=[256,8,512,1]
[SYCL] tensor usage UNKNOWN: name=Kcur-18 type=f32 ne=[512,512,1,1]
[SYCL] tensor usage UNKNOWN: name=Kcur_pos-18 type=f32 ne=[256,2,512,1]
[SYCL] tensor usage UNKNOWN: name=Vcur-18 type=f32 ne=[512,512,1,1]
[SYCL] tensor usage UNKNOWN: name=Qcur_pos-18 (view) (permuted) (copy) type=f16 ne=[256,512,8,1]
[SYCL] tensor usage UNKNOWN: name=node_937 type=f32 ne=[256,8,512,1]
[SYCL] tensor usage UNKNOWN: name=node_939 type=f32 ne=[2560,512,1,1]
[SYCL] tensor usage UNKNOWN: name=attn_out-18 type=f32 ne=[2560,512,1,1]
[SYCL] tensor usage UNKNOWN: name=ffn_gate-18 type=f32 ne=[10240,512,1,1]
[SYCL] tensor usage UNKNOWN: name=ffn_up-18 type=f32 ne=[10240,512,1,1]
[SYCL] tensor usage UNKNOWN: name=ffn_geglu-18 type=f32 ne=[10240,512,1,1]
[SYCL] tensor usage UNKNOWN: name=ffn_out-18 type=f32 ne=[2560,512,1,1]
[SYCL] tensor usage UNKNOWN: name=pe_in-18 type=f32 ne=[2560,512,1,1]
[SYCL] tensor usage UNKNOWN: name=node_952 type=f32 ne=[256,512,1,1]
[SYCL] tensor usage UNKNOWN: name=node_953 type=f32 ne=[256,512,1,1]
[SYCL] tensor usage UNKNOWN: name=node_955 type=f32 ne=[256,512,1,1]
[SYCL] tensor usage UNKNOWN: name=node_956 type=f32 ne=[2560,512,1,1]
[SYCL] tensor usage UNKNOWN: name=per_layer_embd_out-18 type=f32 ne=[2560,512,1,1]
[SYCL] tensor usage UNKNOWN: name=node_959 type=f32 ne=[2560,512,1,1]
[SYCL] tensor usage UNKNOWN: name=l_out-18 type=f32 ne=[2560,512,1,1]
[SYCL] tensor usage UNKNOWN: name=norm-19 type=f32 ne=[2560,512,1,1]
[SYCL] tensor usage UNKNOWN: name=Qcur-19 type=f32 ne=[2048,512,1,1]
[SYCL] tensor usage UNKNOWN: name=Qcur_pos-19 type=f32 ne=[256,8,512,1]
[SYCL] tensor usage UNKNOWN: name=Kcur-19 type=f32 ne=[512,512,1,1]
[SYCL] tensor usage UNKNOWN: name=Kcur_pos-19 type=f32 ne=[256,2,512,1]
[SYCL] tensor usage UNKNOWN: name=Vcur-19 type=f32 ne=[512,512,1,1]
[SYCL] tensor usage UNKNOWN: name=Qcur_pos-19 (view) (permuted) (copy) type=f16 ne=[256,512,8,1]
[SYCL] tensor usage UNKNOWN: name=node_987 type=f32 ne=[256,8,512,1]
[SYCL] tensor usage UNKNOWN: name=node_989 type=f32 ne=[2560,512,1,1]
[SYCL] tensor usage UNKNOWN: name=attn_out-19 type=f32 ne=[2560,512,1,1]
[SYCL] tensor usage UNKNOWN: name=ffn_gate-19 type=f32 ne=[10240,512,1,1]
[SYCL] tensor usage UNKNOWN: name=ffn_up-19 type=f32 ne=[10240,512,1,1]
[SYCL] tensor usage UNKNOWN: name=ffn_geglu-19 type=f32 ne=[10240,512,1,1]
[SYCL] tensor usage UNKNOWN: name=ffn_out-19 type=f32 ne=[2560,512,1,1]
[SYCL] tensor usage UNKNOWN: name=pe_in-19 type=f32 ne=[2560,512,1,1]
[SYCL] tensor usage UNKNOWN: name=node_1002 type=f32 ne=[256,512,1,1]
[SYCL] tensor usage UNKNOWN: name=node_1003 type=f32 ne=[256,512,1,1]
[SYCL] tensor usage UNKNOWN: name=node_1005 type=f32 ne=[256,512,1,1]
[SYCL] tensor usage UNKNOWN: name=node_1006 type=f32 ne=[2560,512,1,1]
[SYCL] tensor usage UNKNOWN: name=per_layer_embd_out-19 type=f32 ne=[2560,512,1,1]
[SYCL] tensor usage UNKNOWN: name=node_1009 type=f32 ne=[2560,512,1,1]
[SYCL] tensor usage UNKNOWN: name=l_out-19 type=f32 ne=[2560,512,1,1]
[SYCL] tensor usage UNKNOWN: name=norm-20 type=f32 ne=[2560,512,1,1]
[SYCL] tensor usage UNKNOWN: name=Qcur-20 type=f32 ne=[2048,512,1,1]
[SYCL] tensor usage UNKNOWN: name=Qcur_pos-20 type=f32 ne=[256,8,512,1]
[SYCL] tensor usage UNKNOWN: name=Kcur-20 type=f32 ne=[512,512,1,1]
[SYCL] tensor usage UNKNOWN: name=Kcur_pos-20 type=f32 ne=[256,2,512,1]
[SYCL] tensor usage UNKNOWN: name=Vcur-20 type=f32 ne=[512,512,1,1]
[SYCL] tensor usage UNKNOWN: name=Qcur_pos-20 (view) (permuted) (copy) type=f16 ne=[256,512,8,1]
[SYCL] tensor usage UNKNOWN: name=node_1037 type=f32 ne=[256,8,512,1]
[SYCL] tensor usage UNKNOWN: name=node_1039 type=f32 ne=[2560,512,1,1]
[SYCL] tensor usage UNKNOWN: name=attn_out-20 type=f32 ne=[2560,512,1,1]
[SYCL] tensor usage UNKNOWN: name=ffn_gate-20 type=f32 ne=[10240,512,1,1]
[SYCL] tensor usage UNKNOWN: name=ffn_up-20 type=f32 ne=[10240,512,1,1]
[SYCL] tensor usage UNKNOWN: name=ffn_geglu-20 type=f32 ne=[10240,512,1,1]
[SYCL] tensor usage UNKNOWN: name=ffn_out-20 type=f32 ne=[2560,512,1,1]
[SYCL] tensor usage UNKNOWN: name=pe_in-20 type=f32 ne=[2560,512,1,1]
[SYCL] tensor usage UNKNOWN: name=node_1052 type=f32 ne=[256,512,1,1]
[SYCL] tensor usage UNKNOWN: name=node_1053 type=f32 ne=[256,512,1,1]
[SYCL] tensor usage UNKNOWN: name=node_1055 type=f32 ne=[256,512,1,1]
[SYCL] tensor usage UNKNOWN: name=node_1056 type=f32 ne=[2560,512,1,1]
[SYCL] tensor usage UNKNOWN: name=per_layer_embd_out-20 type=f32 ne=[2560,512,1,1]
[SYCL] tensor usage UNKNOWN: name=node_1059 type=f32 ne=[2560,512,1,1]
[SYCL] tensor usage UNKNOWN: name=l_out-20 type=f32 ne=[2560,512,1,1]
[SYCL] tensor usage UNKNOWN: name=norm-21 type=f32 ne=[2560,512,1,1]
[SYCL] tensor usage UNKNOWN: name=Qcur-21 type=f32 ne=[2048,512,1,1]
[SYCL] tensor usage UNKNOWN: name=Qcur_pos-21 type=f32 ne=[256,8,512,1]
[SYCL] tensor usage UNKNOWN: name=Kcur-21 type=f32 ne=[512,512,1,1]
[SYCL] tensor usage UNKNOWN: name=Kcur_pos-21 type=f32 ne=[256,2,512,1]
[SYCL] tensor usage UNKNOWN: name=Vcur-21 type=f32 ne=[512,512,1,1]
[SYCL] tensor usage UNKNOWN: name=Qcur_pos-21 (view) (permuted) (copy) type=f16 ne=[256,512,8,1]
[SYCL] tensor usage UNKNOWN: name=node_1087 type=f32 ne=[256,8,512,1]
[SYCL] tensor usage UNKNOWN: name=node_1089 type=f32 ne=[2560,512,1,1]
[SYCL] tensor usage UNKNOWN: name=attn_out-21 type=f32 ne=[2560,512,1,1]
[SYCL] tensor usage UNKNOWN: name=ffn_gate-21 type=f32 ne=[10240,512,1,1]
[SYCL] tensor usage UNKNOWN: name=ffn_up-21 type=f32 ne=[10240,512,1,1]
[SYCL] tensor usage UNKNOWN: name=ffn_geglu-21 type=f32 ne=[10240,512,1,1]
[SYCL] tensor usage UNKNOWN: name=ffn_out-21 type=f32 ne=[2560,512,1,1]
[SYCL] tensor usage UNKNOWN: name=pe_in-21 type=f32 ne=[2560,512,1,1]
[SYCL] tensor usage UNKNOWN: name=node_1102 type=f32 ne=[256,512,1,1]
[SYCL] tensor usage UNKNOWN: name=node_1103 type=f32 ne=[256,512,1,1]
[SYCL] tensor usage UNKNOWN: name=node_1105 type=f32 ne=[256,512,1,1]
[SYCL] tensor usage UNKNOWN: name=node_1106 type=f32 ne=[2560,512,1,1]
[SYCL] tensor usage UNKNOWN: name=per_layer_embd_out-21 type=f32 ne=[2560,512,1,1]
[SYCL] tensor usage UNKNOWN: name=node_1109 type=f32 ne=[2560,512,1,1]
[SYCL] tensor usage UNKNOWN: name=l_out-21 type=f32 ne=[2560,512,1,1]
[SYCL] tensor usage UNKNOWN: name=norm-22 type=f32 ne=[2560,512,1,1]
[SYCL] tensor usage UNKNOWN: name=Qcur-22 type=f32 ne=[2048,512,1,1]
[SYCL] tensor usage UNKNOWN: name=Qcur_pos-22 type=f32 ne=[256,8,512,1]
[SYCL] tensor usage UNKNOWN: name=Kcur-22 type=f32 ne=[512,512,1,1]
[SYCL] tensor usage UNKNOWN: name=Kcur_pos-22 type=f32 ne=[256,2,512,1]
[SYCL] tensor usage UNKNOWN: name=Vcur-22 type=f32 ne=[512,512,1,1]
[SYCL] tensor usage UNKNOWN: name=Qcur_pos-22 (view) (permuted) (copy) type=f16 ne=[256,512,8,1]
[SYCL] tensor usage UNKNOWN: name=node_1137 type=f32 ne=[256,8,512,1]
[SYCL] tensor usage UNKNOWN: name=node_1139 type=f32 ne=[2560,512,1,1]
[SYCL] tensor usage UNKNOWN: name=attn_out-22 type=f32 ne=[2560,512,1,1]
[SYCL] tensor usage UNKNOWN: name=ffn_gate-22 type=f32 ne=[10240,512,1,1]
[SYCL] tensor usage UNKNOWN: name=ffn_up-22 type=f32 ne=[10240,512,1,1]
[SYCL] tensor usage UNKNOWN: name=ffn_geglu-22 type=f32 ne=[10240,512,1,1]
[SYCL] tensor usage UNKNOWN: name=ffn_out-22 type=f32 ne=[2560,512,1,1]
[SYCL] tensor usage UNKNOWN: name=pe_in-22 type=f32 ne=[2560,512,1,1]
[SYCL] tensor usage UNKNOWN: name=node_1152 type=f32 ne=[256,512,1,1]
[SYCL] tensor usage UNKNOWN: name=node_1153 type=f32 ne=[256,512,1,1]
[SYCL] tensor usage UNKNOWN: name=node_1155 type=f32 ne=[256,512,1,1]
[SYCL] tensor usage UNKNOWN: name=node_1156 type=f32 ne=[2560,512,1,1]
[SYCL] tensor usage UNKNOWN: name=per_layer_embd_out-22 type=f32 ne=[2560,512,1,1]
[SYCL] tensor usage UNKNOWN: name=node_1159 type=f32 ne=[2560,512,1,1]
[SYCL] tensor usage UNKNOWN: name=l_out-22 type=f32 ne=[2560,512,1,1]
[SYCL] tensor usage UNKNOWN: name=norm-23 type=f32 ne=[2560,512,1,1]
[SYCL] tensor usage UNKNOWN: name=Qcur-23 type=f32 ne=[4096,512,1,1]
[SYCL] tensor usage UNKNOWN: name=Qcur_pos-23 type=f32 ne=[512,8,512,1]
[SYCL] tensor usage UNKNOWN: name=Kcur-23 type=f32 ne=[1024,512,1,1]
[SYCL] tensor usage UNKNOWN: name=Kcur_pos-23 type=f32 ne=[512,2,512,1]
[SYCL] tensor usage UNKNOWN: name=Vcur-23 type=f32 ne=[1024,512,1,1]
[SYCL] tensor usage UNKNOWN: name=node_1186 type=f32 ne=[512,8,512,1]
[SYCL] tensor usage UNKNOWN: name=node_1188 type=f32 ne=[2560,512,1,1]
[SYCL] tensor usage UNKNOWN: name=attn_out-23 type=f32 ne=[2560,512,1,1]
[SYCL] tensor usage UNKNOWN: name=ffn_gate-23 type=f32 ne=[10240,512,1,1]
[SYCL] tensor usage UNKNOWN: name=ffn_up-23 type=f32 ne=[10240,512,1,1]
[SYCL] tensor usage UNKNOWN: name=ffn_geglu-23 type=f32 ne=[10240,512,1,1]
[SYCL] tensor usage UNKNOWN: name=ffn_out-23 type=f32 ne=[2560,512,1,1]
[SYCL] tensor usage UNKNOWN: name=pe_in-23 type=f32 ne=[2560,512,1,1]
[SYCL] tensor usage UNKNOWN: name=node_1201 type=f32 ne=[256,512,1,1]
[SYCL] tensor usage UNKNOWN: name=node_1202 type=f32 ne=[256,512,1,1]
[SYCL] tensor usage UNKNOWN: name=node_1204 type=f32 ne=[256,512,1,1]
[SYCL] tensor usage UNKNOWN: name=node_1205 type=f32 ne=[2560,512,1,1]
[SYCL] tensor usage UNKNOWN: name=per_layer_embd_out-23 type=f32 ne=[2560,512,1,1]
[SYCL] tensor usage UNKNOWN: name=node_1208 type=f32 ne=[2560,512,1,1]
[SYCL] tensor usage UNKNOWN: name=l_out-23 type=f32 ne=[2560,512,1,1]
[SYCL] tensor usage UNKNOWN: name=norm-24 type=f32 ne=[2560,512,1,1]
[SYCL] tensor usage UNKNOWN: name=Qcur-24 type=f32 ne=[2048,512,1,1]
[SYCL] tensor usage UNKNOWN: name=Qcur_pos-24 type=f32 ne=[256,8,512,1]
[SYCL] tensor usage UNKNOWN: name=Qcur_pos-24 (view) (permuted) (copy) type=f16 ne=[256,512,8,1]
[SYCL] tensor usage UNKNOWN: name=node_1224 type=f32 ne=[256,8,512,1]
[SYCL] tensor usage UNKNOWN: name=node_1226 type=f32 ne=[2560,512,1,1]
[SYCL] tensor usage UNKNOWN: name=attn_out-24 type=f32 ne=[2560,512,1,1]
[SYCL] tensor usage UNKNOWN: name=ffn_gate-24 type=f32 ne=[10240,512,1,1]
[SYCL] tensor usage UNKNOWN: name=ffn_up-24 type=f32 ne=[10240,512,1,1]
[SYCL] tensor usage UNKNOWN: name=ffn_geglu-24 type=f32 ne=[10240,512,1,1]
[SYCL] tensor usage UNKNOWN: name=ffn_out-24 type=f32 ne=[2560,512,1,1]
[SYCL] tensor usage UNKNOWN: name=pe_in-24 type=f32 ne=[2560,512,1,1]
[SYCL] tensor usage UNKNOWN: name=node_1239 type=f32 ne=[256,512,1,1]
[SYCL] tensor usage UNKNOWN: name=node_1240 type=f32 ne=[256,512,1,1]
[SYCL] tensor usage UNKNOWN: name=node_1242 type=f32 ne=[256,512,1,1]
[SYCL] tensor usage UNKNOWN: name=node_1243 type=f32 ne=[2560,512,1,1]
[SYCL] tensor usage UNKNOWN: name=per_layer_embd_out-24 type=f32 ne=[2560,512,1,1]
[SYCL] tensor usage UNKNOWN: name=node_1246 type=f32 ne=[2560,512,1,1]
[SYCL] tensor usage UNKNOWN: name=l_out-24 type=f32 ne=[2560,512,1,1]
[SYCL] tensor usage UNKNOWN: name=norm-25 type=f32 ne=[2560,512,1,1]
[SYCL] tensor usage UNKNOWN: name=Qcur-25 type=f32 ne=[2048,512,1,1]
[SYCL] tensor usage UNKNOWN: name=Qcur_pos-25 type=f32 ne=[256,8,512,1]
[SYCL] tensor usage UNKNOWN: name=Qcur_pos-25 (view) (permuted) (copy) type=f16 ne=[256,512,8,1]
[SYCL] tensor usage UNKNOWN: name=node_1262 type=f32 ne=[256,8,512,1]
[SYCL] tensor usage UNKNOWN: name=node_1264 type=f32 ne=[2560,512,1,1]
[SYCL] tensor usage UNKNOWN: name=attn_out-25 type=f32 ne=[2560,512,1,1]
[SYCL] tensor usage UNKNOWN: name=ffn_gate-25 type=f32 ne=[10240,512,1,1]
[SYCL] tensor usage UNKNOWN: name=ffn_up-25 type=f32 ne=[10240,512,1,1]
[SYCL] tensor usage UNKNOWN: name=ffn_geglu-25 type=f32 ne=[10240,512,1,1]
[SYCL] tensor usage UNKNOWN: name=ffn_out-25 type=f32 ne=[2560,512,1,1]
[SYCL] tensor usage UNKNOWN: name=pe_in-25 type=f32 ne=[2560,512,1,1]
[SYCL] tensor usage UNKNOWN: name=node_1277 type=f32 ne=[256,512,1,1]
[SYCL] tensor usage UNKNOWN: name=node_1278 type=f32 ne=[256,512,1,1]
[SYCL] tensor usage UNKNOWN: name=node_1280 type=f32 ne=[256,512,1,1]
[SYCL] tensor usage UNKNOWN: name=node_1281 type=f32 ne=[2560,512,1,1]
[SYCL] tensor usage UNKNOWN: name=per_layer_embd_out-25 type=f32 ne=[2560,512,1,1]
[SYCL] tensor usage UNKNOWN: name=node_1284 type=f32 ne=[2560,512,1,1]
[SYCL] tensor usage UNKNOWN: name=l_out-25 type=f32 ne=[2560,512,1,1]
[SYCL] tensor usage UNKNOWN: name=norm-26 type=f32 ne=[2560,512,1,1]
[SYCL] tensor usage UNKNOWN: name=Qcur-26 type=f32 ne=[2048,512,1,1]
[SYCL] tensor usage UNKNOWN: name=Qcur_pos-26 type=f32 ne=[256,8,512,1]
[SYCL] tensor usage UNKNOWN: name=Qcur_pos-26 (view) (permuted) (copy) type=f16 ne=[256,512,8,1]
[SYCL] tensor usage UNKNOWN: name=node_1300 type=f32 ne=[256,8,512,1]
[SYCL] tensor usage UNKNOWN: name=node_1302 type=f32 ne=[2560,512,1,1]
[SYCL] tensor usage UNKNOWN: name=attn_out-26 type=f32 ne=[2560,512,1,1]
[SYCL] tensor usage UNKNOWN: name=ffn_gate-26 type=f32 ne=[10240,512,1,1]
[SYCL] tensor usage UNKNOWN: name=ffn_up-26 type=f32 ne=[10240,512,1,1]
[SYCL] tensor usage UNKNOWN: name=ffn_geglu-26 type=f32 ne=[10240,512,1,1]
[SYCL] tensor usage UNKNOWN: name=ffn_out-26 type=f32 ne=[2560,512,1,1]
[SYCL] tensor usage UNKNOWN: name=pe_in-26 type=f32 ne=[2560,512,1,1]
[SYCL] tensor usage UNKNOWN: name=node_1315 type=f32 ne=[256,512,1,1]
[SYCL] tensor usage UNKNOWN: name=node_1316 type=f32 ne=[256,512,1,1]
[SYCL] tensor usage UNKNOWN: name=node_1318 type=f32 ne=[256,512,1,1]
[SYCL] tensor usage UNKNOWN: name=node_1319 type=f32 ne=[2560,512,1,1]
[SYCL] tensor usage UNKNOWN: name=per_layer_embd_out-26 type=f32 ne=[2560,512,1,1]
[SYCL] tensor usage UNKNOWN: name=node_1322 type=f32 ne=[2560,512,1,1]
[SYCL] tensor usage UNKNOWN: name=l_out-26 type=f32 ne=[2560,512,1,1]
[SYCL] tensor usage UNKNOWN: name=norm-27 type=f32 ne=[2560,512,1,1]
[SYCL] tensor usage UNKNOWN: name=Qcur-27 type=f32 ne=[2048,512,1,1]
[SYCL] tensor usage UNKNOWN: name=Qcur_pos-27 type=f32 ne=[256,8,512,1]
[SYCL] tensor usage UNKNOWN: name=Qcur_pos-27 (view) (permuted) (copy) type=f16 ne=[256,512,8,1]
[SYCL] tensor usage UNKNOWN: name=node_1338 type=f32 ne=[256,8,512,1]
[SYCL] tensor usage UNKNOWN: name=node_1340 type=f32 ne=[2560,512,1,1]
[SYCL] tensor usage UNKNOWN: name=attn_out-27 type=f32 ne=[2560,512,1,1]
[SYCL] tensor usage UNKNOWN: name=ffn_gate-27 type=f32 ne=[10240,512,1,1]
[SYCL] tensor usage UNKNOWN: name=ffn_up-27 type=f32 ne=[10240,512,1,1]
[SYCL] tensor usage UNKNOWN: name=ffn_geglu-27 type=f32 ne=[10240,512,1,1]
[SYCL] tensor usage UNKNOWN: name=ffn_out-27 type=f32 ne=[2560,512,1,1]
[SYCL] tensor usage UNKNOWN: name=pe_in-27 type=f32 ne=[2560,512,1,1]
[SYCL] tensor usage UNKNOWN: name=node_1353 type=f32 ne=[256,512,1,1]
[SYCL] tensor usage UNKNOWN: name=node_1354 type=f32 ne=[256,512,1,1]
[SYCL] tensor usage UNKNOWN: name=node_1356 type=f32 ne=[256,512,1,1]
[SYCL] tensor usage UNKNOWN: name=node_1357 type=f32 ne=[2560,512,1,1]
[SYCL] tensor usage UNKNOWN: name=per_layer_embd_out-27 type=f32 ne=[2560,512,1,1]
[SYCL] tensor usage UNKNOWN: name=node_1360 type=f32 ne=[2560,512,1,1]
[SYCL] tensor usage UNKNOWN: name=l_out-27 type=f32 ne=[2560,512,1,1]
[SYCL] tensor usage UNKNOWN: name=norm-28 type=f32 ne=[2560,512,1,1]
[SYCL] tensor usage UNKNOWN: name=Qcur-28 type=f32 ne=[2048,512,1,1]
[SYCL] tensor usage UNKNOWN: name=Qcur_pos-28 type=f32 ne=[256,8,512,1]
[SYCL] tensor usage UNKNOWN: name=Qcur_pos-28 (view) (permuted) (copy) type=f16 ne=[256,512,8,1]
[SYCL] tensor usage UNKNOWN: name=node_1376 type=f32 ne=[256,8,512,1]
[SYCL] tensor usage UNKNOWN: name=node_1378 type=f32 ne=[2560,512,1,1]
[SYCL] tensor usage UNKNOWN: name=attn_out-28 type=f32 ne=[2560,512,1,1]
[SYCL] tensor usage UNKNOWN: name=ffn_gate-28 type=f32 ne=[10240,512,1,1]
[SYCL] tensor usage UNKNOWN: name=ffn_up-28 type=f32 ne=[10240,512,1,1]
[SYCL] tensor usage UNKNOWN: name=ffn_geglu-28 type=f32 ne=[10240,512,1,1]
[SYCL] tensor usage UNKNOWN: name=ffn_out-28 type=f32 ne=[2560,512,1,1]
[SYCL] tensor usage UNKNOWN: name=pe_in-28 type=f32 ne=[2560,512,1,1]
[SYCL] tensor usage UNKNOWN: name=node_1391 type=f32 ne=[256,512,1,1]
[SYCL] tensor usage UNKNOWN: name=node_1392 type=f32 ne=[256,512,1,1]
[SYCL] tensor usage UNKNOWN: name=node_1394 type=f32 ne=[256,512,1,1]
[SYCL] tensor usage UNKNOWN: name=node_1395 type=f32 ne=[2560,512,1,1]
[SYCL] tensor usage UNKNOWN: name=per_layer_embd_out-28 type=f32 ne=[2560,512,1,1]
[SYCL] tensor usage UNKNOWN: name=node_1398 type=f32 ne=[2560,512,1,1]
[SYCL] tensor usage UNKNOWN: name=l_out-28 type=f32 ne=[2560,512,1,1]
[SYCL] tensor usage UNKNOWN: name=norm-29 type=f32 ne=[2560,512,1,1]
[SYCL] tensor usage UNKNOWN: name=Qcur-29 type=f32 ne=[4096,512,1,1]
[SYCL] tensor usage UNKNOWN: name=Qcur_pos-29 type=f32 ne=[512,8,512,1]
[SYCL] tensor usage UNKNOWN: name=node_1413 type=f32 ne=[512,8,512,1]
[SYCL] tensor usage UNKNOWN: name=node_1415 type=f32 ne=[2560,512,1,1]
[SYCL] tensor usage UNKNOWN: name=attn_out-29 type=f32 ne=[2560,512,1,1]
[SYCL] tensor usage UNKNOWN: name=ffn_gate-29 type=f32 ne=[10240,512,1,1]
[SYCL] tensor usage UNKNOWN: name=ffn_up-29 type=f32 ne=[10240,512,1,1]
[SYCL] tensor usage UNKNOWN: name=ffn_geglu-29 type=f32 ne=[10240,512,1,1]
[SYCL] tensor usage UNKNOWN: name=ffn_out-29 type=f32 ne=[2560,512,1,1]
[SYCL] tensor usage UNKNOWN: name=pe_in-29 type=f32 ne=[2560,512,1,1]
[SYCL] tensor usage UNKNOWN: name=node_1428 type=f32 ne=[256,512,1,1]
[SYCL] tensor usage UNKNOWN: name=node_1429 type=f32 ne=[256,512,1,1]
[SYCL] tensor usage UNKNOWN: name=node_1431 type=f32 ne=[256,512,1,1]
[SYCL] tensor usage UNKNOWN: name=node_1432 type=f32 ne=[2560,512,1,1]
[SYCL] tensor usage UNKNOWN: name=per_layer_embd_out-29 type=f32 ne=[2560,512,1,1]
[SYCL] tensor usage UNKNOWN: name=node_1435 type=f32 ne=[2560,512,1,1]
[SYCL] tensor usage UNKNOWN: name=l_out-29 type=f32 ne=[2560,512,1,1]
[SYCL] tensor usage UNKNOWN: name=norm-30 type=f32 ne=[2560,512,1,1]
[SYCL] tensor usage UNKNOWN: name=Qcur-30 type=f32 ne=[2048,512,1,1]
[SYCL] tensor usage UNKNOWN: name=Qcur_pos-30 type=f32 ne=[256,8,512,1]
[SYCL] tensor usage UNKNOWN: name=Qcur_pos-30 (view) (permuted) (copy) type=f16 ne=[256,512,8,1]
[SYCL] tensor usage UNKNOWN: name=node_1451 type=f32 ne=[256,8,512,1]
[SYCL] tensor usage UNKNOWN: name=node_1453 type=f32 ne=[2560,512,1,1]
[SYCL] tensor usage UNKNOWN: name=attn_out-30 type=f32 ne=[2560,512,1,1]
[SYCL] tensor usage UNKNOWN: name=ffn_gate-30 type=f32 ne=[10240,512,1,1]
[SYCL] tensor usage UNKNOWN: name=ffn_up-30 type=f32 ne=[10240,512,1,1]
[SYCL] tensor usage UNKNOWN: name=ffn_geglu-30 type=f32 ne=[10240,512,1,1]
[SYCL] tensor usage UNKNOWN: name=ffn_out-30 type=f32 ne=[2560,512,1,1]
[SYCL] tensor usage UNKNOWN: name=pe_in-30 type=f32 ne=[2560,512,1,1]
[SYCL] tensor usage UNKNOWN: name=node_1466 type=f32 ne=[256,512,1,1]
[SYCL] tensor usage UNKNOWN: name=node_1467 type=f32 ne=[256,512,1,1]
[SYCL] tensor usage UNKNOWN: name=node_1469 type=f32 ne=[256,512,1,1]
[SYCL] tensor usage UNKNOWN: name=node_1470 type=f32 ne=[2560,512,1,1]
[SYCL] tensor usage UNKNOWN: name=per_layer_embd_out-30 type=f32 ne=[2560,512,1,1]
[SYCL] tensor usage UNKNOWN: name=node_1473 type=f32 ne=[2560,512,1,1]
[SYCL] tensor usage UNKNOWN: name=l_out-30 type=f32 ne=[2560,512,1,1]
[SYCL] tensor usage UNKNOWN: name=norm-31 type=f32 ne=[2560,512,1,1]
[SYCL] tensor usage UNKNOWN: name=Qcur-31 type=f32 ne=[2048,512,1,1]
[SYCL] tensor usage UNKNOWN: name=Qcur_pos-31 type=f32 ne=[256,8,512,1]
[SYCL] tensor usage UNKNOWN: name=Qcur_pos-31 (view) (permuted) (copy) type=f16 ne=[256,512,8,1]
[SYCL] tensor usage UNKNOWN: name=node_1489 type=f32 ne=[256,8,512,1]
[SYCL] tensor usage UNKNOWN: name=node_1491 type=f32 ne=[2560,512,1,1]
[SYCL] tensor usage UNKNOWN: name=attn_out-31 type=f32 ne=[2560,512,1,1]
[SYCL] tensor usage UNKNOWN: name=ffn_gate-31 type=f32 ne=[10240,512,1,1]
[SYCL] tensor usage UNKNOWN: name=ffn_up-31 type=f32 ne=[10240,512,1,1]
[SYCL] tensor usage UNKNOWN: name=ffn_geglu-31 type=f32 ne=[10240,512,1,1]
[SYCL] tensor usage UNKNOWN: name=ffn_out-31 type=f32 ne=[2560,512,1,1]
[SYCL] tensor usage UNKNOWN: name=pe_in-31 type=f32 ne=[2560,512,1,1]
[SYCL] tensor usage UNKNOWN: name=node_1504 type=f32 ne=[256,512,1,1]
[SYCL] tensor usage UNKNOWN: name=node_1505 type=f32 ne=[256,512,1,1]
[SYCL] tensor usage UNKNOWN: name=node_1507 type=f32 ne=[256,512,1,1]
[SYCL] tensor usage UNKNOWN: name=node_1508 type=f32 ne=[2560,512,1,1]
[SYCL] tensor usage UNKNOWN: name=per_layer_embd_out-31 type=f32 ne=[2560,512,1,1]
[SYCL] tensor usage UNKNOWN: name=node_1511 type=f32 ne=[2560,512,1,1]
[SYCL] tensor usage UNKNOWN: name=l_out-31 type=f32 ne=[2560,512,1,1]
[SYCL] tensor usage UNKNOWN: name=norm-32 type=f32 ne=[2560,512,1,1]
[SYCL] tensor usage UNKNOWN: name=Qcur-32 type=f32 ne=[2048,512,1,1]
[SYCL] tensor usage UNKNOWN: name=Qcur_pos-32 type=f32 ne=[256,8,512,1]
[SYCL] tensor usage UNKNOWN: name=Qcur_pos-32 (view) (permuted) (copy) type=f16 ne=[256,512,8,1]
[SYCL] tensor usage UNKNOWN: name=node_1527 type=f32 ne=[256,8,512,1]
[SYCL] tensor usage UNKNOWN: name=node_1529 type=f32 ne=[2560,512,1,1]
[SYCL] tensor usage UNKNOWN: name=attn_out-32 type=f32 ne=[2560,512,1,1]
[SYCL] tensor usage UNKNOWN: name=ffn_gate-32 type=f32 ne=[10240,512,1,1]
[SYCL] tensor usage UNKNOWN: name=ffn_up-32 type=f32 ne=[10240,512,1,1]
[SYCL] tensor usage UNKNOWN: name=ffn_geglu-32 type=f32 ne=[10240,512,1,1]
[SYCL] tensor usage UNKNOWN: name=ffn_out-32 type=f32 ne=[2560,512,1,1]
[SYCL] tensor usage UNKNOWN: name=pe_in-32 type=f32 ne=[2560,512,1,1]
[SYCL] tensor usage UNKNOWN: name=node_1542 type=f32 ne=[256,512,1,1]
[SYCL] tensor usage UNKNOWN: name=node_1543 type=f32 ne=[256,512,1,1]
[SYCL] tensor usage UNKNOWN: name=node_1545 type=f32 ne=[256,512,1,1]
[SYCL] tensor usage UNKNOWN: name=node_1546 type=f32 ne=[2560,512,1,1]
[SYCL] tensor usage UNKNOWN: name=per_layer_embd_out-32 type=f32 ne=[2560,512,1,1]
[SYCL] tensor usage UNKNOWN: name=node_1549 type=f32 ne=[2560,512,1,1]
[SYCL] tensor usage UNKNOWN: name=l_out-32 type=f32 ne=[2560,512,1,1]
[SYCL] tensor usage UNKNOWN: name=norm-33 type=f32 ne=[2560,512,1,1]
[SYCL] tensor usage UNKNOWN: name=Qcur-33 type=f32 ne=[2048,512,1,1]
[SYCL] tensor usage UNKNOWN: name=Qcur_pos-33 type=f32 ne=[256,8,512,1]
[SYCL] tensor usage UNKNOWN: name=Qcur_pos-33 (view) (permuted) (copy) type=f16 ne=[256,512,8,1]
[SYCL] tensor usage UNKNOWN: name=node_1565 type=f32 ne=[256,8,512,1]
[SYCL] tensor usage UNKNOWN: name=node_1567 type=f32 ne=[2560,512,1,1]
[SYCL] tensor usage UNKNOWN: name=attn_out-33 type=f32 ne=[2560,512,1,1]
[SYCL] tensor usage UNKNOWN: name=ffn_gate-33 type=f32 ne=[10240,512,1,1]
[SYCL] tensor usage UNKNOWN: name=ffn_up-33 type=f32 ne=[10240,512,1,1]
[SYCL] tensor usage UNKNOWN: name=ffn_geglu-33 type=f32 ne=[10240,512,1,1]
[SYCL] tensor usage UNKNOWN: name=ffn_out-33 type=f32 ne=[2560,512,1,1]
[SYCL] tensor usage UNKNOWN: name=pe_in-33 type=f32 ne=[2560,512,1,1]
[SYCL] tensor usage UNKNOWN: name=node_1580 type=f32 ne=[256,512,1,1]
[SYCL] tensor usage UNKNOWN: name=node_1581 type=f32 ne=[256,512,1,1]
[SYCL] tensor usage UNKNOWN: name=node_1583 type=f32 ne=[256,512,1,1]
[SYCL] tensor usage UNKNOWN: name=node_1584 type=f32 ne=[2560,512,1,1]
[SYCL] tensor usage UNKNOWN: name=per_layer_embd_out-33 type=f32 ne=[2560,512,1,1]
[SYCL] tensor usage UNKNOWN: name=node_1587 type=f32 ne=[2560,512,1,1]
[SYCL] tensor usage UNKNOWN: name=l_out-33 type=f32 ne=[2560,512,1,1]
[SYCL] tensor usage UNKNOWN: name=norm-34 type=f32 ne=[2560,512,1,1]
[SYCL] tensor usage UNKNOWN: name=Qcur-34 type=f32 ne=[2048,512,1,1]
[SYCL] tensor usage UNKNOWN: name=Qcur_pos-34 type=f32 ne=[256,8,512,1]
[SYCL] tensor usage UNKNOWN: name=Qcur_pos-34 (view) (permuted) (copy) type=f16 ne=[256,512,8,1]
[SYCL] tensor usage UNKNOWN: name=node_1603 type=f32 ne=[256,8,512,1]
[SYCL] tensor usage UNKNOWN: name=node_1605 type=f32 ne=[2560,512,1,1]
[SYCL] tensor usage UNKNOWN: name=attn_out-34 type=f32 ne=[2560,512,1,1]
[SYCL] tensor usage UNKNOWN: name=ffn_gate-34 type=f32 ne=[10240,512,1,1]
[SYCL] tensor usage UNKNOWN: name=ffn_up-34 type=f32 ne=[10240,512,1,1]
[SYCL] tensor usage UNKNOWN: name=ffn_geglu-34 type=f32 ne=[10240,512,1,1]
[SYCL] tensor usage UNKNOWN: name=ffn_out-34 type=f32 ne=[2560,512,1,1]
[SYCL] tensor usage UNKNOWN: name=pe_in-34 type=f32 ne=[2560,512,1,1]
[SYCL] tensor usage UNKNOWN: name=node_1618 type=f32 ne=[256,512,1,1]
[SYCL] tensor usage UNKNOWN: name=node_1619 type=f32 ne=[256,512,1,1]
[SYCL] tensor usage UNKNOWN: name=node_1621 type=f32 ne=[256,512,1,1]
[SYCL] tensor usage UNKNOWN: name=node_1622 type=f32 ne=[2560,512,1,1]
[SYCL] tensor usage UNKNOWN: name=per_layer_embd_out-34 type=f32 ne=[2560,512,1,1]
[SYCL] tensor usage UNKNOWN: name=node_1625 type=f32 ne=[2560,512,1,1]
[SYCL] tensor usage UNKNOWN: name=l_out-34 type=f32 ne=[2560,512,1,1]
[SYCL] tensor usage UNKNOWN: name=norm-35 type=f32 ne=[2560,512,1,1]
[SYCL] tensor usage UNKNOWN: name=Qcur-35 type=f32 ne=[4096,512,1,1]
[SYCL] tensor usage UNKNOWN: name=Qcur_pos-35 type=f32 ne=[512,8,512,1]
[SYCL] tensor usage UNKNOWN: name=node_1640 type=f32 ne=[512,8,512,1]
[SYCL] tensor usage UNKNOWN: name=node_1642 type=f32 ne=[2560,512,1,1]
[SYCL] tensor usage UNKNOWN: name=attn_out-35 type=f32 ne=[2560,512,1,1]
[SYCL] tensor usage UNKNOWN: name=ffn_gate-35 type=f32 ne=[10240,512,1,1]
[SYCL] tensor usage UNKNOWN: name=ffn_up-35 type=f32 ne=[10240,512,1,1]
[SYCL] tensor usage UNKNOWN: name=ffn_geglu-35 type=f32 ne=[10240,512,1,1]
[SYCL] tensor usage UNKNOWN: name=ffn_out-35 type=f32 ne=[2560,512,1,1]
[SYCL] tensor usage UNKNOWN: name=pe_in-35 type=f32 ne=[2560,512,1,1]
[SYCL] tensor usage UNKNOWN: name=node_1655 type=f32 ne=[256,512,1,1]
[SYCL] tensor usage UNKNOWN: name=node_1656 type=f32 ne=[256,512,1,1]
[SYCL] tensor usage UNKNOWN: name=node_1658 type=f32 ne=[256,512,1,1]
[SYCL] tensor usage UNKNOWN: name=node_1659 type=f32 ne=[2560,512,1,1]
[SYCL] tensor usage UNKNOWN: name=per_layer_embd_out-35 type=f32 ne=[2560,512,1,1]
[SYCL] tensor usage UNKNOWN: name=node_1662 type=f32 ne=[2560,512,1,1]
[SYCL] tensor usage UNKNOWN: name=l_out-35 type=f32 ne=[2560,512,1,1]
[SYCL] tensor usage UNKNOWN: name=norm-36 type=f32 ne=[2560,512,1,1]
[SYCL] tensor usage UNKNOWN: name=Qcur-36 type=f32 ne=[2048,512,1,1]
[SYCL] tensor usage UNKNOWN: name=Qcur_pos-36 type=f32 ne=[256,8,512,1]
[SYCL] tensor usage UNKNOWN: name=Qcur_pos-36 (view) (permuted) (copy) type=f16 ne=[256,512,8,1]
[SYCL] tensor usage UNKNOWN: name=node_1678 type=f32 ne=[256,8,512,1]
[SYCL] tensor usage UNKNOWN: name=node_1680 type=f32 ne=[2560,512,1,1]
[SYCL] tensor usage UNKNOWN: name=attn_out-36 type=f32 ne=[2560,512,1,1]
[SYCL] tensor usage UNKNOWN: name=ffn_gate-36 type=f32 ne=[10240,512,1,1]
[SYCL] tensor usage UNKNOWN: name=ffn_up-36 type=f32 ne=[10240,512,1,1]
[SYCL] tensor usage UNKNOWN: name=ffn_geglu-36 type=f32 ne=[10240,512,1,1]
[SYCL] tensor usage UNKNOWN: name=ffn_out-36 type=f32 ne=[2560,512,1,1]
[SYCL] tensor usage UNKNOWN: name=pe_in-36 type=f32 ne=[2560,512,1,1]
[SYCL] tensor usage UNKNOWN: name=node_1693 type=f32 ne=[256,512,1,1]
[SYCL] tensor usage UNKNOWN: name=node_1694 type=f32 ne=[256,512,1,1]
[SYCL] tensor usage UNKNOWN: name=node_1696 type=f32 ne=[256,512,1,1]
[SYCL] tensor usage UNKNOWN: name=node_1697 type=f32 ne=[2560,512,1,1]
[SYCL] tensor usage UNKNOWN: name=per_layer_embd_out-36 type=f32 ne=[2560,512,1,1]
[SYCL] tensor usage UNKNOWN: name=node_1700 type=f32 ne=[2560,512,1,1]
[SYCL] tensor usage UNKNOWN: name=l_out-36 type=f32 ne=[2560,512,1,1]
[SYCL] tensor usage UNKNOWN: name=norm-37 type=f32 ne=[2560,512,1,1]
[SYCL] tensor usage UNKNOWN: name=Qcur-37 type=f32 ne=[2048,512,1,1]
[SYCL] tensor usage UNKNOWN: name=Qcur_pos-37 type=f32 ne=[256,8,512,1]
[SYCL] tensor usage UNKNOWN: name=Qcur_pos-37 (view) (permuted) (copy) type=f16 ne=[256,512,8,1]
[SYCL] tensor usage UNKNOWN: name=node_1716 type=f32 ne=[256,8,512,1]
[SYCL] tensor usage UNKNOWN: name=node_1718 type=f32 ne=[2560,512,1,1]
[SYCL] tensor usage UNKNOWN: name=attn_out-37 type=f32 ne=[2560,512,1,1]
[SYCL] tensor usage UNKNOWN: name=ffn_gate-37 type=f32 ne=[10240,512,1,1]
[SYCL] tensor usage UNKNOWN: name=ffn_up-37 type=f32 ne=[10240,512,1,1]
[SYCL] tensor usage UNKNOWN: name=ffn_geglu-37 type=f32 ne=[10240,512,1,1]
[SYCL] tensor usage UNKNOWN: name=ffn_out-37 type=f32 ne=[2560,512,1,1]
[SYCL] tensor usage UNKNOWN: name=pe_in-37 type=f32 ne=[2560,512,1,1]
[SYCL] tensor usage UNKNOWN: name=node_1731 type=f32 ne=[256,512,1,1]
[SYCL] tensor usage UNKNOWN: name=node_1732 type=f32 ne=[256,512,1,1]
[SYCL] tensor usage UNKNOWN: name=node_1734 type=f32 ne=[256,512,1,1]
[SYCL] tensor usage UNKNOWN: name=node_1735 type=f32 ne=[2560,512,1,1]
[SYCL] tensor usage UNKNOWN: name=per_layer_embd_out-37 type=f32 ne=[2560,512,1,1]
[SYCL] tensor usage UNKNOWN: name=node_1738 type=f32 ne=[2560,512,1,1]
[SYCL] tensor usage UNKNOWN: name=l_out-37 type=f32 ne=[2560,512,1,1]
[SYCL] tensor usage UNKNOWN: name=norm-38 type=f32 ne=[2560,512,1,1]
[SYCL] tensor usage UNKNOWN: name=Qcur-38 type=f32 ne=[2048,512,1,1]
[SYCL] tensor usage UNKNOWN: name=Qcur_pos-38 type=f32 ne=[256,8,512,1]
[SYCL] tensor usage UNKNOWN: name=Qcur_pos-38 (view) (permuted) (copy) type=f16 ne=[256,512,8,1]
[SYCL] tensor usage UNKNOWN: name=node_1754 type=f32 ne=[256,8,512,1]
[SYCL] tensor usage UNKNOWN: name=node_1756 type=f32 ne=[2560,512,1,1]
[SYCL] tensor usage UNKNOWN: name=attn_out-38 type=f32 ne=[2560,512,1,1]
[SYCL] tensor usage UNKNOWN: name=ffn_gate-38 type=f32 ne=[10240,512,1,1]
[SYCL] tensor usage UNKNOWN: name=ffn_up-38 type=f32 ne=[10240,512,1,1]
[SYCL] tensor usage UNKNOWN: name=ffn_geglu-38 type=f32 ne=[10240,512,1,1]
[SYCL] tensor usage UNKNOWN: name=ffn_out-38 type=f32 ne=[2560,512,1,1]
[SYCL] tensor usage UNKNOWN: name=pe_in-38 type=f32 ne=[2560,512,1,1]
[SYCL] tensor usage UNKNOWN: name=node_1769 type=f32 ne=[256,512,1,1]
[SYCL] tensor usage UNKNOWN: name=node_1770 type=f32 ne=[256,512,1,1]
[SYCL] tensor usage UNKNOWN: name=node_1772 type=f32 ne=[256,512,1,1]
[SYCL] tensor usage UNKNOWN: name=node_1773 type=f32 ne=[2560,512,1,1]
[SYCL] tensor usage UNKNOWN: name=per_layer_embd_out-38 type=f32 ne=[2560,512,1,1]
[SYCL] tensor usage UNKNOWN: name=node_1776 type=f32 ne=[2560,512,1,1]
[SYCL] tensor usage UNKNOWN: name=l_out-38 type=f32 ne=[2560,512,1,1]
[SYCL] tensor usage UNKNOWN: name=norm-39 type=f32 ne=[2560,512,1,1]
[SYCL] tensor usage UNKNOWN: name=Qcur-39 type=f32 ne=[2048,512,1,1]
[SYCL] tensor usage UNKNOWN: name=Qcur_pos-39 type=f32 ne=[256,8,512,1]
[SYCL] tensor usage UNKNOWN: name=Qcur_pos-39 (view) (permuted) (copy) type=f16 ne=[256,512,8,1]
[SYCL] tensor usage UNKNOWN: name=node_1792 type=f32 ne=[256,8,512,1]
[SYCL] tensor usage UNKNOWN: name=node_1794 type=f32 ne=[2560,512,1,1]
[SYCL] tensor usage UNKNOWN: name=attn_out-39 type=f32 ne=[2560,512,1,1]
[SYCL] tensor usage UNKNOWN: name=ffn_gate-39 type=f32 ne=[10240,512,1,1]
[SYCL] tensor usage UNKNOWN: name=ffn_up-39 type=f32 ne=[10240,512,1,1]
[SYCL] tensor usage UNKNOWN: name=ffn_geglu-39 type=f32 ne=[10240,512,1,1]
[SYCL] tensor usage UNKNOWN: name=ffn_out-39 type=f32 ne=[2560,512,1,1]
[SYCL] tensor usage UNKNOWN: name=pe_in-39 type=f32 ne=[2560,512,1,1]
[SYCL] tensor usage UNKNOWN: name=node_1807 type=f32 ne=[256,512,1,1]
[SYCL] tensor usage UNKNOWN: name=node_1808 type=f32 ne=[256,512,1,1]
[SYCL] tensor usage UNKNOWN: name=node_1810 type=f32 ne=[256,512,1,1]
[SYCL] tensor usage UNKNOWN: name=node_1811 type=f32 ne=[2560,512,1,1]
[SYCL] tensor usage UNKNOWN: name=per_layer_embd_out-39 type=f32 ne=[2560,512,1,1]
[SYCL] tensor usage UNKNOWN: name=node_1814 type=f32 ne=[2560,512,1,1]
[SYCL] tensor usage UNKNOWN: name=l_out-39 type=f32 ne=[2560,512,1,1]
[SYCL] tensor usage UNKNOWN: name=norm-40 type=f32 ne=[2560,512,1,1]
[SYCL] tensor usage UNKNOWN: name=Qcur-40 type=f32 ne=[2048,512,1,1]
[SYCL] tensor usage UNKNOWN: name=Qcur_pos-40 type=f32 ne=[256,8,512,1]
[SYCL] tensor usage UNKNOWN: name=Qcur_pos-40 (view) (permuted) (copy) type=f16 ne=[256,512,8,1]
[SYCL] tensor usage UNKNOWN: name=node_1830 type=f32 ne=[256,8,512,1]
[SYCL] tensor usage UNKNOWN: name=node_1832 type=f32 ne=[2560,512,1,1]
[SYCL] tensor usage UNKNOWN: name=attn_out-40 type=f32 ne=[2560,512,1,1]
[SYCL] tensor usage UNKNOWN: name=ffn_gate-40 type=f32 ne=[10240,512,1,1]
[SYCL] tensor usage UNKNOWN: name=ffn_up-40 type=f32 ne=[10240,512,1,1]
[SYCL] tensor usage UNKNOWN: name=ffn_geglu-40 type=f32 ne=[10240,512,1,1]
[SYCL] tensor usage UNKNOWN: name=ffn_out-40 type=f32 ne=[2560,512,1,1]
[SYCL] tensor usage UNKNOWN: name=pe_in-40 type=f32 ne=[2560,512,1,1]
[SYCL] tensor usage UNKNOWN: name=node_1845 type=f32 ne=[256,512,1,1]
[SYCL] tensor usage UNKNOWN: name=node_1846 type=f32 ne=[256,512,1,1]
[SYCL] tensor usage UNKNOWN: name=node_1848 type=f32 ne=[256,512,1,1]
[SYCL] tensor usage UNKNOWN: name=node_1849 type=f32 ne=[2560,512,1,1]
[SYCL] tensor usage UNKNOWN: name=per_layer_embd_out-40 type=f32 ne=[2560,512,1,1]
[SYCL] tensor usage UNKNOWN: name=node_1852 type=f32 ne=[2560,512,1,1]
[SYCL] tensor usage UNKNOWN: name=l_out-40 type=f32 ne=[2560,512,1,1]
[SYCL] tensor usage UNKNOWN: name=norm-41 type=f32 ne=[2560,512,1,1]
[SYCL] tensor usage UNKNOWN: name=Qcur-41 type=f32 ne=[4096,512,1,1]
[SYCL] tensor usage UNKNOWN: name=Qcur_pos-41 type=f32 ne=[512,8,512,1]
[SYCL] tensor usage UNKNOWN: name=node_1867 type=f32 ne=[512,8,512,1]
[SYCL] tensor usage UNKNOWN: name=node_1869 type=f32 ne=[2560,512,1,1]
[CACHE-LOOKUP] MISS: model=0 hash=0x7e52ebd00040 aux=0x7e52ebd00040 layout=0 id_to_key_size=720 entries_size=720
[CACHE-LOOKUP] MISS: model=0 hash=0x7e52ec200840 aux=0x7e52ec200840 layout=0 id_to_key_size=720 entries_size=720
[UNIFIED-CACHE] oneDNN scratch from arena: weights=10.0 MB, activations=2.5 MB
[CACHE-LOOKUP] MISS: model=0 hash=0x7e52ec201040 aux=0x7e52ec201040 layout=0 id_to_key_size=720 entries_size=720
[SYCL] GGML_SYCL_F16 build: attention Q/accumulators are f16
[SYCL] fattn staged weight-source 'attn_inp_kq_mask' (mask, 524288 B) from alloc_kind=3 to device
[UNIFIED-CACHE] refusing zone_settle of allocator group 1 (ONEDNN) with 2 live TLSF allocations; all raw and managed owners must release before physical reset
[UNIFIED-CACHE] oneDNN scratch from arena: weights=50.0 MB, activations=2.5 MB
[UNIFIED-CACHE] refusing zone_settle of allocator group 1 (ONEDNN) with 4 live TLSF allocations; all raw and managed owners must release before physical reset
[UNIFIED-CACHE] oneDNN scratch from arena: weights=50.0 MB, activations=10.0 MB
[SYCL] materialized BF16->F32 weight per_layer_model_proj.weight (105.0 MB) on device 0
[SYCL] fattn staged weight-source 'attn_inp_kq_mask' (mask, 524288 B) from alloc_kind=3 to device
[SYCL] fattn staged weight-source 'attn_inp_kq_mask' (mask, 524288 B) from alloc_kind=3 to device
[SYCL] fattn staged weight-source 'attn_inp_kq_mask' (mask, 524288 B) from alloc_kind=3 to device
[SYCL] fattn staged weight-source 'attn_inp_kq_mask' (mask, 524288 B) from alloc_kind=3 to device
[SYCL] fattn staged weight-source 'attn_inp_kq_mask' (mask, 524288 B) from alloc_kind=3 to device
[SYCL] fattn staged weight-source 'attn_inp_kq_mask' (mask, 524288 B) from alloc_kind=3 to device
[SYCL] fattn staged weight-source 'attn_inp_kq_mask' (mask, 524288 B) from alloc_kind=3 to device
[UNIFIED-CACHE] Budget summary for device 0:
  Total VRAM budget:     14618.7 MB
  Weight bytes (used_):      0.0 MB
  Runtime reserved:       8091.8 MB
  Total committed:        8091.8 MB  (weights + runtime)
  Total available:        6526.9 MB  (budget - committed)
  Effective budget:      14618.7 MB
  Available for alloc:   14618.7 MB
  Avail for weights:      6526.9 MB
  Budget pct:                100 %
  Model exceeds VRAM:        yes
[UNIFIED-CACHE] Runtime breakdown for device 0:
  KV_ZONE        7966.3 MB
  ONEDNN_ZONE     125.0 MB
  RUNTIME_ZONE      0.5 MB
  SCRATCH_ZONE      0.0 MB
[UNIFIED-CACHE] Note: external runtime tracker (8091.8 MB) differs from internal reserved (0.0 MB) on device 0
[SYCL] tensor usage UNKNOWN: name=node_1870 type=f32 ne=[2560,1,1,1]
[SYCL] tensor usage UNKNOWN: name=node_1873 type=f32 ne=[2560,1,1,1]
[SYCL] tensor usage UNKNOWN: name=attn_out-41 type=f32 ne=[2560,1,1,1]
[SYCL] tensor usage UNKNOWN: name=ffn_gate-41 type=f32 ne=[10240,1,1,1]
[SYCL] tensor usage UNKNOWN: name=ffn_up-41 type=f32 ne=[10240,1,1,1]
[SYCL] tensor usage UNKNOWN: name=ffn_geglu-41 type=f32 ne=[10240,1,1,1]
[SYCL] tensor usage UNKNOWN: name=ffn_out-41 type=f32 ne=[2560,1,1,1]
[SYCL] tensor usage UNKNOWN: name=pe_in-41 type=f32 ne=[2560,1,1,1]
[SYCL] tensor usage UNKNOWN: name=node_1884 type=f32 ne=[256,1,1,1]
[SYCL] tensor usage UNKNOWN: name=node_1885 type=f32 ne=[256,1,1,1]
[SYCL] tensor usage UNKNOWN: name=node_1887 type=f32 ne=[256,1,1,1]
[SYCL] tensor usage UNKNOWN: name=node_1888 type=f32 ne=[256,1,1,1]
[SYCL] tensor usage UNKNOWN: name=node_1889 type=f32 ne=[2560,1,1,1]
[SYCL] tensor usage UNKNOWN: name=per_layer_embd_out-41 type=f32 ne=[2560,1,1,1]
[SYCL] tensor usage UNKNOWN: name=node_1892 type=f32 ne=[2560,1,1,1]
[SYCL] tensor usage UNKNOWN: name=l_out-41 type=f32 ne=[2560,1,1,1]
[SYCL] tensor usage UNKNOWN: name=node_1896 type=f32 ne=[262144,1,1,1]
[SYCL] tensor usage UNKNOWN: name=node_1897 type=f32 ne=[262144,1,1,1]
[SYCL] tensor usage UNKNOWN: name=node_1898 type=f32 ne=[262144,1,1,1]
[SYCL] tensor usage UNKNOWN: name=result_output type=f32 ne=[262144,1,1,1]
[SYCL-ZERO-ALLOC-CHECK] graph_compute: runtime allocation detected during pp phase: +1.1 MB (total 8093.4 MB, baseline 8092.3 MB). Expected zero new allocations during steady-state inference.
[SYCL-ZERO-ALLOC-CHECK] graph_compute: runtime allocation detected during pp phase: +1.6 MB (total 8093.9 MB, baseline 8092.3 MB). Expected zero new allocations during steady-state inference.
[SYCL-ZERO-ALLOC-CHECK] graph_compute: runtime allocation detected during pp phase: +2.1 MB (total 8094.4 MB, baseline 8092.3 MB). Expected zero new allocations during steady-state inference.
[SYCL-ZERO-ALLOC-CHECK] graph_compute: runtime allocation detected during pp phase: +2.6 MB (total 8094.9 MB, baseline 8092.3 MB). Expected zero new allocations during steady-state inference.
[SYCL-ZERO-ALLOC-CHECK] graph_compute: runtime allocation detected during pp phase: +3.1 MB (total 8095.4 MB, baseline 8092.3 MB). Expected zero new allocations during steady-state inference.
[SYCL-ZERO-ALLOC-CHECK] graph_compute: runtime allocation detected during pp phase: +3.6 MB (total 8095.9 MB, baseline 8092.3 MB). Expected zero new allocations during steady-state inference.
[SYCL-ZERO-ALLOC-CHECK] graph_compute: runtime allocation detected during pp phase: +4.1 MB (total 8096.4 MB, baseline 8092.3 MB). Expected zero new allocations during steady-state inference.
[SYCL-ZERO-ALLOC-CHECK] graph_compute: runtime allocation detected during pp phase: +4.6 MB (total 8096.9 MB, baseline 8092.3 MB). Expected zero new allocations during steady-state inference.
[SYCL-ZERO-ALLOC-CHECK] graph_compute: runtime allocation detected during pp phase: +5.1 MB (total 8097.4 MB, baseline 8092.3 MB). Expected zero new allocations during steady-state inference.
[SYCL-ZERO-ALLOC-CHECK] graph_compute: runtime allocation detected during pp phase: +5.6 MB (total 8097.9 MB, baseline 8092.3 MB). Expected zero new allocations during steady-state inference.
[SYCL-ZERO-ALLOC-CHECK] graph_compute: runtime allocation detected during pp phase: +6.1 MB (total 8098.4 MB, baseline 8092.3 MB). Expected zero new allocations during steady-state inference.
[SYCL-ZERO-ALLOC-CHECK] graph_compute: runtime allocation detected during pp phase: +6.6 MB (total 8098.9 MB, baseline 8092.3 MB). Expected zero new allocations during steady-state inference.
[SYCL-ZERO-ALLOC-CHECK] graph_compute: runtime allocation detected during pp phase: +7.1 MB (total 8099.4 MB, baseline 8092.3 MB). Expected zero new allocations during steady-state inference.
set_n_threads: n_threads = 4, n_threads_batch = 4
set_n_threads: n_threads = 4, n_threads_batch = 4
set_n_threads: n_threads = 4, n_threads_batch = 4
set_n_threads: n_threads = 4, n_threads_batch = 4
set_n_threads: n_threads = 4, n_threads_batch = 4
| model                          |       size |     params | backend    | ngl |  fa |            test |                  t/s |
| ------------------------------ | ---------: | ---------: | ---------- | --: | --: | --------------: | -------------------: |
| gemma4 E4B Q8_0                |   7.62 GiB |     7.52 B | SYCL       |  -1 |   1 |          pp8192 |       1042.27 ± 4.14 |
llama_perf_context_print:        load time =   13033.29 ms
llama_perf_context_print: prompt eval time =       0.00 ms / 49152 tokens (    0.00 ms per token,      inf tokens per second)
llama_perf_context_print:        eval time =       0.00 ms /     1 runs   (    0.00 ms per token,      inf tokens per second)
llama_perf_context_print:       total time =   52341.32 ms / 49153 tokens
llama_perf_context_print:    graphs reused =          0
~llama_context:      SYCL0 compute buffer size is 522.0000 MiB, matches expectation of 522.0000 MiB
~llama_context:  SYCL_Host compute buffer size is  14.0234 MiB, matches expectation of  14.0234 MiB
llama_context: constructing llama_context
llama_context: n_seq_max             = 1
llama_context: n_ctx                 = 256
llama_context: n_ctx_seq             = 256
llama_context: n_batch               = 128
llama_context: n_ubatch              = 128
llama_context: causal_attn           = 1
llama_context: flash_attn            = enabled
llama_context: kv_unified            = false
llama_context: freq_base             = 1000000.0
llama_context: freq_scale            = 1
llama_context: n_rs_seq              = 0
llama_context: n_outputs_max         = 128
llama_context: n_outputs_max_per_seq = 1
llama_context: n_ctx_seq (256) < n_ctx_train (131072) -- the full capacity of the model will not be utilized
[SYCL-PLAN] Runtime context update: n_ctx=256 n_ubatch=128 n_seq_max=1 kv_per_layer=0.5 MB kv_per_swa_layer=0.5 MB
set_abort_callback: call
[SYCL] Host buffer alloc request: 1.0 MB (evictable=1, in_model_load=0)
llama_context:  SYCL_Host  output buffer size =     1.00 MiB
llama_kv_cache_iswa: creating non-SWA KV cache, size = 256 cells
llama_kv_cache: layer   0: filtered
llama_kv_cache: layer   1: filtered
llama_kv_cache: layer   2: filtered
llama_kv_cache: layer   3: filtered
llama_kv_cache: layer   4: filtered
llama_kv_cache: layer   5: dev = SYCL0
llama_kv_cache: layer   6: filtered
llama_kv_cache: layer   7: filtered
llama_kv_cache: layer   8: filtered
llama_kv_cache: layer   9: filtered
llama_kv_cache: layer  10: filtered
llama_kv_cache: layer  11: dev = SYCL0
llama_kv_cache: layer  12: filtered
llama_kv_cache: layer  13: filtered
llama_kv_cache: layer  14: filtered
llama_kv_cache: layer  15: filtered
llama_kv_cache: layer  16: filtered
llama_kv_cache: layer  17: dev = SYCL0
llama_kv_cache: layer  18: filtered
llama_kv_cache: layer  19: filtered
llama_kv_cache: layer  20: filtered
llama_kv_cache: layer  21: filtered
llama_kv_cache: layer  22: filtered
llama_kv_cache: layer  23: dev = SYCL0
llama_kv_cache: layer  24: does not have KV cache
llama_kv_cache: layer  25: does not have KV cache
llama_kv_cache: layer  26: does not have KV cache
llama_kv_cache: layer  27: does not have KV cache
llama_kv_cache: layer  28: does not have KV cache
llama_kv_cache: layer  29: does not have KV cache
llama_kv_cache: layer  30: does not have KV cache
llama_kv_cache: layer  31: does not have KV cache
llama_kv_cache: layer  32: does not have KV cache
llama_kv_cache: layer  33: does not have KV cache
llama_kv_cache: layer  34: does not have KV cache
llama_kv_cache: layer  35: does not have KV cache
llama_kv_cache: layer  36: does not have KV cache
llama_kv_cache: layer  37: does not have KV cache
llama_kv_cache: layer  38: does not have KV cache
llama_kv_cache: layer  39: does not have KV cache
llama_kv_cache: layer  40: does not have KV cache
llama_kv_cache: layer  41: does not have KV cache
llama_kv_cache: reusing layers:
llama_kv_cache: - layer   0: no reuse
llama_kv_cache: - layer   1: no reuse
llama_kv_cache: - layer   2: no reuse
llama_kv_cache: - layer   3: no reuse
llama_kv_cache: - layer   4: no reuse
llama_kv_cache: - layer   5: no reuse
llama_kv_cache: - layer   6: no reuse
llama_kv_cache: - layer   7: no reuse
llama_kv_cache: - layer   8: no reuse
llama_kv_cache: - layer   9: no reuse
llama_kv_cache: - layer  10: no reuse
llama_kv_cache: - layer  11: no reuse
llama_kv_cache: - layer  12: no reuse
llama_kv_cache: - layer  13: no reuse
llama_kv_cache: - layer  14: no reuse
llama_kv_cache: - layer  15: no reuse
llama_kv_cache: - layer  16: no reuse
llama_kv_cache: - layer  17: no reuse
llama_kv_cache: - layer  18: no reuse
llama_kv_cache: - layer  19: no reuse
llama_kv_cache: - layer  20: no reuse
llama_kv_cache: - layer  21: no reuse
llama_kv_cache: - layer  22: no reuse
llama_kv_cache: - layer  23: no reuse
llama_kv_cache: - layer  24: filtered
llama_kv_cache: - layer  25: filtered
llama_kv_cache: - layer  26: filtered
llama_kv_cache: - layer  27: filtered
llama_kv_cache: - layer  28: filtered
llama_kv_cache: - layer  29: reuse layer 23, is_swa = 0
llama_kv_cache: - layer  30: filtered
llama_kv_cache: - layer  31: filtered
llama_kv_cache: - layer  32: filtered
llama_kv_cache: - layer  33: filtered
llama_kv_cache: - layer  34: filtered
llama_kv_cache: - layer  35: reuse layer 23, is_swa = 0
llama_kv_cache: - layer  36: filtered
llama_kv_cache: - layer  37: filtered
llama_kv_cache: - layer  38: filtered
llama_kv_cache: - layer  39: filtered
llama_kv_cache: - layer  40: filtered
llama_kv_cache: - layer  41: reuse layer 23, is_swa = 0
[KV-ALLOC] tiered_kv_buft_alloc_buffer: size=4.0 MB, n_layers=42
[KV-ALLOC] kv_per_layer=1.0 MB (full=0.5 MB, swa=0.5 MB), n_kv_layers=4/42
[KV-TIER] Plan-driven: 42/42 layers on device (planner_n_ctx=256, kv_layers=4, kv_per_layer=1048576, 24.5 MB device, 0.0 MB host)
[LOAD-SUMMARY] Device 0: weights=actual 7798.3 MB device / 0.0 MB host (720 device / 0 host, 7798.3 MB total), kv=planned 4.0 MB device / 0.0 MB host (4 device layers / 0 host layers, 4.0 MB total), oneDNN scratch=arena (weights=50.0 MB, activations=10.0 MB)
[KV-TIER] Device 0: using plan-driven KV placement (42 layers, no secondary kv budget)
[KV-TIER] layer 5 planned_device=0 materialized=device ptr=0xffffe3910f653200 size=1048576
[KV-TIER] layer 11 planned_device=0 materialized=device ptr=0xffffe3910f753200 size=1048576
[KV-TIER] layer 17 planned_device=0 materialized=device ptr=0xffffe3910f853200 size=1048576
[KV-TIER] layer 23 planned_device=0 materialized=device ptr=0xffffe3910f953200 size=1048576
[KV-TIER] All 4 KV-buffer layers match placement plan
[KV-TIER] alloc_base=0x2924ee80 size=4194304 (range 0x2924ee80-0x2964ee80)
[KV-TIER] layer_allocs[0]: ptr=(nil) size=0 on_device=0 zone_managed=0
[KV-TIER] layer_allocs[1]: ptr=(nil) size=0 on_device=0 zone_managed=0
[KV-TIER] layer_allocs[2]: ptr=(nil) size=0 on_device=0 zone_managed=0
[KV-TIER] layer_allocs[3]: ptr=(nil) size=0 on_device=0 zone_managed=0
[KV-TIER] Device 0: all 4 KV-buffer layers on device (4.0 MB, per-layer alloc, arena KV zone)
[LOAD-SUMMARY] Device 0: weights=actual 7798.3 MB device / 0.0 MB host (720 device / 0 host, 7798.3 MB total), kv=actual 4.0 MB device / 0.0 MB host (4 device layers / 0 host layers, 4.0 MB total), oneDNN scratch=arena (weights=50.0 MB, activations=10.0 MB)
llama_kv_cache: SYCL_KV_Tiered KV buffer size =     4.00 MiB
[KV-TIER] Device 0: cleared 4 KV layers through per-layer owners
llama_kv_cache: size =    4.00 MiB (   256 cells,   4 layers,  1/1 seqs), K (f16):    2.00 MiB, V (f16):    2.00 MiB
llama_kv_cache: attn_rot_k = 0, n_embd_head_k_all = 512
llama_kv_cache: attn_rot_v = 0, n_embd_head_k_all = 512
llama_kv_cache_iswa: creating     SWA KV cache, size = 256 cells
llama_kv_cache: layer   0: dev = SYCL0
llama_kv_cache: layer   1: dev = SYCL0
llama_kv_cache: layer   2: dev = SYCL0
llama_kv_cache: layer   3: dev = SYCL0
llama_kv_cache: layer   4: dev = SYCL0
llama_kv_cache: layer   5: filtered
llama_kv_cache: layer   6: dev = SYCL0
llama_kv_cache: layer   7: dev = SYCL0
llama_kv_cache: layer   8: dev = SYCL0
llama_kv_cache: layer   9: dev = SYCL0
llama_kv_cache: layer  10: dev = SYCL0
llama_kv_cache: layer  11: filtered
llama_kv_cache: layer  12: dev = SYCL0
llama_kv_cache: layer  13: dev = SYCL0
llama_kv_cache: layer  14: dev = SYCL0
llama_kv_cache: layer  15: dev = SYCL0
llama_kv_cache: layer  16: dev = SYCL0
llama_kv_cache: layer  17: filtered
llama_kv_cache: layer  18: dev = SYCL0
llama_kv_cache: layer  19: dev = SYCL0
llama_kv_cache: layer  20: dev = SYCL0
llama_kv_cache: layer  21: dev = SYCL0
llama_kv_cache: layer  22: dev = SYCL0
llama_kv_cache: layer  23: filtered
llama_kv_cache: layer  24: does not have KV cache
llama_kv_cache: layer  25: does not have KV cache
llama_kv_cache: layer  26: does not have KV cache
llama_kv_cache: layer  27: does not have KV cache
llama_kv_cache: layer  28: does not have KV cache
llama_kv_cache: layer  29: does not have KV cache
llama_kv_cache: layer  30: does not have KV cache
llama_kv_cache: layer  31: does not have KV cache
llama_kv_cache: layer  32: does not have KV cache
llama_kv_cache: layer  33: does not have KV cache
llama_kv_cache: layer  34: does not have KV cache
llama_kv_cache: layer  35: does not have KV cache
llama_kv_cache: layer  36: does not have KV cache
llama_kv_cache: layer  37: does not have KV cache
llama_kv_cache: layer  38: does not have KV cache
llama_kv_cache: layer  39: does not have KV cache
llama_kv_cache: layer  40: does not have KV cache
llama_kv_cache: layer  41: does not have KV cache
llama_kv_cache: reusing layers:
llama_kv_cache: - layer   0: no reuse
llama_kv_cache: - layer   1: no reuse
llama_kv_cache: - layer   2: no reuse
llama_kv_cache: - layer   3: no reuse
llama_kv_cache: - layer   4: no reuse
llama_kv_cache: - layer   5: no reuse
llama_kv_cache: - layer   6: no reuse
llama_kv_cache: - layer   7: no reuse
llama_kv_cache: - layer   8: no reuse
llama_kv_cache: - layer   9: no reuse
llama_kv_cache: - layer  10: no reuse
llama_kv_cache: - layer  11: no reuse
llama_kv_cache: - layer  12: no reuse
llama_kv_cache: - layer  13: no reuse
llama_kv_cache: - layer  14: no reuse
llama_kv_cache: - layer  15: no reuse
llama_kv_cache: - layer  16: no reuse
llama_kv_cache: - layer  17: no reuse
llama_kv_cache: - layer  18: no reuse
llama_kv_cache: - layer  19: no reuse
llama_kv_cache: - layer  20: no reuse
llama_kv_cache: - layer  21: no reuse
llama_kv_cache: - layer  22: no reuse
llama_kv_cache: - layer  23: no reuse
llama_kv_cache: - layer  24: reuse layer 22, is_swa = 1
llama_kv_cache: - layer  25: reuse layer 22, is_swa = 1
llama_kv_cache: - layer  26: reuse layer 22, is_swa = 1
llama_kv_cache: - layer  27: reuse layer 22, is_swa = 1
llama_kv_cache: - layer  28: reuse layer 22, is_swa = 1
llama_kv_cache: - layer  29: filtered
llama_kv_cache: - layer  30: reuse layer 22, is_swa = 1
llama_kv_cache: - layer  31: reuse layer 22, is_swa = 1
llama_kv_cache: - layer  32: reuse layer 22, is_swa = 1
llama_kv_cache: - layer  33: reuse layer 22, is_swa = 1
llama_kv_cache: - layer  34: reuse layer 22, is_swa = 1
llama_kv_cache: - layer  35: filtered
llama_kv_cache: - layer  36: reuse layer 22, is_swa = 1
llama_kv_cache: - layer  37: reuse layer 22, is_swa = 1
llama_kv_cache: - layer  38: reuse layer 22, is_swa = 1
llama_kv_cache: - layer  39: reuse layer 22, is_swa = 1
llama_kv_cache: - layer  40: reuse layer 22, is_swa = 1
llama_kv_cache: - layer  41: filtered
[KV-ALLOC] tiered_kv_buft_alloc_buffer: size=10.0 MB, n_layers=42
[KV-ALLOC] kv_per_layer=0.5 MB (full=0.5 MB, swa=0.5 MB), n_kv_layers=20/42
[KV-TIER] Plan-driven: 42/42 layers on device (planner_n_ctx=256, kv_layers=20, kv_per_layer=524288, 21.0 MB device, 0.0 MB host)
[LOAD-SUMMARY] Device 0: weights=actual 7798.3 MB device / 0.0 MB host (720 device / 0 host, 7798.3 MB total), kv=planned 10.0 MB device / 0.0 MB host (20 device layers / 0 host layers, 10.0 MB total), oneDNN scratch=arena (weights=50.0 MB, activations=10.0 MB)
[KV-TIER] Device 0: using plan-driven KV placement (42 layers, no secondary kv budget)
[KV-TIER] layer 0 planned_device=0 materialized=device ptr=0xffffe3910fa53200 size=524288
[KV-TIER] layer 1 planned_device=0 materialized=device ptr=0xffffe3910fad3200 size=524288
[KV-TIER] layer 2 planned_device=0 materialized=device ptr=0xffffe3910fb53200 size=524288
[KV-TIER] layer 3 planned_device=0 materialized=device ptr=0xffffe3910fbd3200 size=524288
[KV-TIER] layer 4 planned_device=0 materialized=device ptr=0xffffe3910fc53200 size=524288
[KV-TIER] layer 6 planned_device=0 materialized=device ptr=0xffffe3910fcd3200 size=524288
[KV-TIER] layer 7 planned_device=0 materialized=device ptr=0xffffe3910fd53200 size=524288
[KV-TIER] layer 8 planned_device=0 materialized=device ptr=0xffffe3910fdd3200 size=524288
[KV-TIER] layer 9 planned_device=0 materialized=device ptr=0xffffe3910fe53200 size=524288
[KV-TIER] layer 10 planned_device=0 materialized=device ptr=0xffffe3910fed3200 size=524288
[KV-TIER] layer 12 planned_device=0 materialized=device ptr=0xffffe3910ff53200 size=524288
[KV-TIER] layer 13 planned_device=0 materialized=device ptr=0xffffe3910ffd3200 size=524288
[KV-TIER] layer 14 planned_device=0 materialized=device ptr=0xffffe39110053200 size=524288
[KV-TIER] layer 15 planned_device=0 materialized=device ptr=0xffffe391100d3200 size=524288
[KV-TIER] layer 16 planned_device=0 materialized=device ptr=0xffffe39110153200 size=524288
[KV-TIER] layer 18 planned_device=0 materialized=device ptr=0xffffe391101d3200 size=524288
[KV-TIER] layer 19 planned_device=0 materialized=device ptr=0xffffe39110253200 size=524288
[KV-TIER] layer 20 planned_device=0 materialized=device ptr=0xffffe391102d3200 size=524288
[KV-TIER] layer 21 planned_device=0 materialized=device ptr=0xffffe39110353200 size=524288
[KV-TIER] layer 22 planned_device=0 materialized=device ptr=0xffffe391103d3200 size=524288
[KV-TIER] All 20 KV-buffer layers match placement plan
[KV-TIER] alloc_base=0x38630300 size=10485760 (range 0x38630300-0x39030300)
[KV-TIER] layer_allocs[0]: ptr=0xffffe3910fa53200 size=524288 on_device=1 zone_managed=1
[KV-TIER] layer_allocs[1]: ptr=0xffffe3910fad3200 size=524288 on_device=1 zone_managed=1
[KV-TIER] layer_allocs[2]: ptr=0xffffe3910fb53200 size=524288 on_device=1 zone_managed=1
[KV-TIER] layer_allocs[3]: ptr=0xffffe3910fbd3200 size=524288 on_device=1 zone_managed=1
[KV-TIER] Device 0: all 20 KV-buffer layers on device (10.0 MB, per-layer alloc, arena KV zone)
[LOAD-SUMMARY] Device 0: weights=actual 7798.3 MB device / 0.0 MB host (720 device / 0 host, 7798.3 MB total), kv=actual 10.0 MB device / 0.0 MB host (20 device layers / 0 host layers, 10.0 MB total), oneDNN scratch=arena (weights=50.0 MB, activations=10.0 MB)
[KV-REMAP] cache_k_l0: layer=0 alloc_base=0x38630300 old_data=0x38630300 abs_off=0 layer_base=0 off_in_layer=0 la.ptr=0xffffe3910fa53200 la.size=524288 -> data=0xffffe3910fa53200 (DEVICE)
[KV-REMAP] cache_v_l0: layer=0 alloc_base=0x38630300 old_data=0x38670300 abs_off=262144 layer_base=0 off_in_layer=262144 la.ptr=0xffffe3910fa53200 la.size=524288 -> data=0xffffe3910fa93200 (DEVICE)
[KV-REMAP] cache_k_l1: layer=1 alloc_base=0x38630300 old_data=0x386b0300 abs_off=524288 layer_base=524288 off_in_layer=0 la.ptr=0xffffe3910fad3200 la.size=524288 -> data=0xffffe3910fad3200 (DEVICE)
[KV-REMAP] cache_v_l1: layer=1 alloc_base=0x38630300 old_data=0x386f0300 abs_off=786432 layer_base=524288 off_in_layer=262144 la.ptr=0xffffe3910fad3200 la.size=524288 -> data=0xffffe3910fb13200 (DEVICE)
[KV-REMAP] cache_k_l2: layer=2 alloc_base=0x38630300 old_data=0x38730300 abs_off=1048576 layer_base=1048576 off_in_layer=0 la.ptr=0xffffe3910fb53200 la.size=524288 -> data=0xffffe3910fb53200 (DEVICE)
[KV-REMAP] cache_v_l2: layer=2 alloc_base=0x38630300 old_data=0x38770300 abs_off=1310720 layer_base=1048576 off_in_layer=262144 la.ptr=0xffffe3910fb53200 la.size=524288 -> data=0xffffe3910fb93200 (DEVICE)
[KV-REMAP] cache_k_l3: layer=3 alloc_base=0x38630300 old_data=0x387b0300 abs_off=1572864 layer_base=1572864 off_in_layer=0 la.ptr=0xffffe3910fbd3200 la.size=524288 -> data=0xffffe3910fbd3200 (DEVICE)
[KV-REMAP] cache_v_l3: layer=3 alloc_base=0x38630300 old_data=0x387f0300 abs_off=1835008 layer_base=1572864 off_in_layer=262144 la.ptr=0xffffe3910fbd3200 la.size=524288 -> data=0xffffe3910fc13200 (DEVICE)
llama_kv_cache: SYCL_KV_Tiered KV buffer size =    10.00 MiB
[KV-TIER] Device 0: cleared 20 KV layers through per-layer owners
llama_kv_cache: size =   10.00 MiB (   256 cells,  20 layers,  1/1 seqs), K (f16):    5.00 MiB, V (f16):    5.00 MiB
llama_kv_cache: attn_rot_k = 0, n_embd_head_k_all = 256
llama_kv_cache: attn_rot_v = 0, n_embd_head_k_all = 256
llama_context: enumerating backends
llama_context: backend_ptrs.size() = 2
sched_reserve: reserving ...
sched_reserve: max_nodes = 5768
sched_reserve: reserving full memory module
sched_reserve: worst-case: n_tokens = 128, n_seqs = 1, n_outputs = 1
resolve_fused_ops: resolving fused Gated Delta Net support:
graph_reserve: reserving a graph for ubatch with n_tokens =    1, n_seqs =  1, n_outputs =    1
resolve_fused_ops: fused Gated Delta Net (autoregressive) enabled
graph_reserve: reserving a graph for ubatch with n_tokens =   16, n_seqs =  1, n_outputs =   16
resolve_fused_ops: fused Gated Delta Net (chunked) enabled
resolve_fused_ops: resolving fused Lightning Indexer support:
graph_reserve: reserving a graph for ubatch with n_tokens =    1, n_seqs =  1, n_outputs =    1
resolve_fused_ops: Lightning Indexer enabled
resolve_fused_ops: resolving fused DeepSeek V4 HC support:
graph_reserve: reserving a graph for ubatch with n_tokens =    1, n_seqs =  1, n_outputs =    1
resolve_fused_ops: fused DeepSeek V4 HC pre enabled
graph_reserve: reserving a graph for ubatch with n_tokens =    1, n_seqs =  1, n_outputs =    1
resolve_fused_ops: fused DeepSeek V4 HC comb enabled
graph_reserve: reserving a graph for ubatch with n_tokens =    1, n_seqs =  1, n_outputs =    1
resolve_fused_ops: fused DeepSeek V4 HC post enabled
graph_reserve: reserving a graph for ubatch with n_tokens =  128, n_seqs =  1, n_outputs =  128
[SYCL] Host buffer alloc request: 1.4 MB (evictable=1, in_model_load=0)
graph_reserve: reserving a graph for ubatch with n_tokens =    1, n_seqs =  1, n_outputs =    1
graph_reserve: reserving a graph for ubatch with n_tokens =  128, n_seqs =  1, n_outputs =  128
sched_reserve:      SYCL0 compute buffer size =   130.50 MiB
sched_reserve:  SYCL_Host compute buffer size =     1.38 MiB
sched_reserve: graph nodes  = 1900
sched_reserve: graph splits = 1
sched_reserve: reserve took 13.29 ms, sched copies = 1
attach_threadpool: call
set_n_threads: n_threads = 4, n_threads_batch = 4
[SYCL-GRAPH] Decode graph contains FLASH_ATTN_EXT; keeping attention nodes out of SYCL command graphs (mode=auto observed_all_verified_safe=0 coverage_ok=1 esimd_partitioned=0 d512_tile=0 other=0). Verified replay-safe only for the ESIMD-partitioned and D512-tile decode kernels; set GGML_SYCL_FLASH_ATTN_GRAPH_ALLOW=1 to force other shapes for controlled diagnostics, or =0 to force this off.
[MOE-PRESTAGE] Placement-plan preload active; runtime prestage disabled (set GGML_SYCL_LEGACY_PRESTAGE=1 to restore legacy behavior)
[SYCL-GRAPH] PP→TG refreshed MoE planned residency before direct TG
set_n_threads: n_threads = 4, n_threads_batch = 4
[SYCL-GRAPH] Decode graph contains FLASH_ATTN_EXT; engaging SYCL command graph replay (GGML_SYCL_FLASH_ATTN_GRAPH_ALLOW=auto observed esimd_partitioned=42 d512_tile=0, no other kernel seen)
set_n_threads: n_threads = 4, n_threads_batch = 4
set_n_threads: n_threads = 4, n_threads_batch = 4
set_n_threads: n_threads = 4, n_threads_batch = 4
set_n_threads: n_threads = 4, n_threads_batch = 4
| gemma4 E4B Q8_0                |   7.62 GiB |     7.52 B | SYCL       |  -1 |   1 |           tg128 |         35.24 ± 0.12 |
llama_perf_context_print:        load time =   52457.88 ms
llama_perf_context_print: prompt eval time =       0.00 ms /     1 tokens (    0.00 ms per token,      inf tokens per second)
llama_perf_context_print:        eval time =       0.00 ms /   641 runs   (    0.00 ms per token,      inf tokens per second)
llama_perf_context_print:       total time =   70619.94 ms /   642 tokens
llama_perf_context_print:    graphs reused =        640
~llama_context:      SYCL0 compute buffer size is 130.5000 MiB, matches expectation of 130.5000 MiB
~llama_context:  SYCL_Host compute buffer size is   1.3809 MiB, matches expectation of   1.3809 MiB
[SYCL] model slot 0 released: 720 registry rows, 720 cache entries reclaimed
[SYCL] model slot 0 released: 720 registry rows, 720 cache entries reclaimed

build: 6e54ba2eb (14669)
[UNIFIED-CACHE] oneDNN Graph scratch high-water: 24.0 MB
